tree
version=v4
num_class=1
num_tree_per_iteration=1
label_index=0
max_feature_idx=40
objective=binary sigmoid:1
feature_names=Column_0 Column_1 Column_2 Column_3 Column_4 Column_5 Column_6 Column_7 Column_8 Column_9 Column_10 Column_11 Column_12 Column_13 Column_14 Column_15 Column_16 Column_17 Column_18 Column_19 Column_20 Column_21 Column_22 Column_23 Column_24 Column_25 Column_26 Column_27 Column_28 Column_29 Column_30 Column_31 Column_32 Column_33 Column_34 Column_35 Column_36 Column_37 Column_38 Column_39 Column_40
feature_infos=[0:89.691544692737821] [-4.0656785767214387:11.455335457201729] [-0.0234716539860234:1.4592904358147694] [0.00092095065275230004:0.0113386144665742] [0:1] [0:1] [-0.00045560545537110003:0.0033794942263442999] [-0.0012196905031465:0.0046847487699326002] [-0.0026449587543151999:0.0057808097602601001] [0.00011179650920782316:0.0007271300974636669] [-0.00015789675362339999:0.003723398570375] [-1:1] [-0.00015789675362339999:0.003723398570375] [-0.00042485986554639999:0.0046886290146116996] [-0.00067446443574590003:0.0056179622360947] [-0.001305368701861:0.0066417913958796001] [0:1] [0:1] [-1:1] [-2.5124014078484489:9.5796264974839218] [0.0025800598864033999:0.0028375473476685998] [-0.0015583429176007:0.0050981260890427] [0:3] [0:10] [0:1] [0.20000000000000001:1] [0.019783307705308242:85.799894151382006] [0:1] [0:0.99633738106040859] [0:0.24509721529430847] [0:0.3723619046873417] [0.14500588360384292:5] [0:0.00057940839069473883] [-1:0] [0:0.98281092011300075] [0:2.9449591278965674] [0.1648671538410682:0.90000000000000002] [0:0.90718709356694094] [0:0.99999999988190591] [0:0.68014717211188591] [0.061833368299710124:0.97046910448275259]
tree_sizes=1587 1743 1636 1656 1631 1636 1628 1633 1759 1732 1743 1748 1636 1640 1639 1753 1750 1751 1755 1533 1636 1751 1754 1747 1640 1640 1651 1535 1651 1751 1644 1752 1539 1550 1534 1760 1641 1434 1651 1753 1559 1743 1635 1551 1437 1751 1516 1321 1751 1650 1543 1540 1755 1527 1751 1549 1650 1331 1762 1539 1652 1434 1754 1413 1327 1535 1759 1755 1636 1636 1532 1649 1645 1533 1538 1654 1317 1447 1555 1652 1336 1651 1762 1649 1770 1110 1545 1433 1438 1008 1220 1436 1110 1215 1009 1220 1110 1327 1223 1121 1016 1113 1328 1231 1219 1430 911 1223 1230 1218 1120 1323 1656 1110 902 1432 1112 904 1331 1125 800 1641 1104 1328 1335 1222 1435 808 1335 1436 1449 1431 1649 1428 1326 1749 1234 1326 1124 1005 1547 1326 1109 808 993 1122 1656 1427 1425 1426 1324 1742 1750 1434 1531 1324 1124 1345 1214 1328 1216 1640 1229 799 1655 1010 1007 903 1335 1445 1760 1432 1229 1440 1223 1329 1644 1325 1212 1340 1117 1753 1434 1551 1111 1216 1335 1325 1442 1114 1659 1648 1003 1650 1323 1749 1660 1780 1119 807 1434 1740 1225 808 1323 1650 1429 1104 1331 1018 1213 1226 1756 1433 1333 1752 1331 1432 1646 1112 1763 1767 1228 1447 1229 998 1428 1007 1115 1548 1426 1225 1738 1548 1327 1214 997 1115 1115 1528 1543 1640 1433 1430 1758 1439 1664 903 1744 1441 1428 1766 908 1640 1117 1219 1647 1544 1214 1226 908 1325 1547 1652 1546 1550 904 1526 1653 1756 1099 1221 1744 1343 1431 1099 1427 1751 1655 1766 899 1532 1752 894 1528 1638 1435 1766 1652 700 1122 1328 1538 1323 1650 1431 1754 1748 1431 1757

Tree=0
num_leaves=14
num_cat=0
split_feature=40 9 3 9 38 35 3 15 9 36 30 40 1
split_gain=988.181 117.154 41.1103 20.6837 18.9367 20.1875 13.6734 13.6541 12.2235 12.1578 9.60904 7.1517 0.129074
threshold=0.50033186170699595 0.00041897945122756946 0.0028646055450447004 0.00016444588925518011 0.96614316215031448 0.57264730748868498 0.0044242206003172009 0.0015018121204422501 0.00030074209141199982 0.59917029544128597 0.048897569688849667 0.52570888981521191 5.0179049918374412
decision_type=2 2 2 2 2 2 2 2 2 2 2 2 2
left_child=2 4 3 10 5 -2 9 -5 -8 -4 -1 -6 -3
right_child=1 12 6 7 11 -7 8 -9 -10 -11 -12 -13 -14
leaf_value=0.52267815037747412 0.46143953550669753 0.54794354594385641 0.50824494735189918 0.5153437177880833 0.42808470173779012 0.42718196480778897 0.49466341548432374 0.47149814137148344 0.40871689123958294 0.4779329397361613 0.53752241702922854 0.40817972546305331 0.55643747978523117
leaf_weight=184.83779475092888 35.790248155593872 4.709243178367613 66.400328814983368 327.05693873763084 42.383188605308533 119.14385241270065 5.1801674962043744 11.773107945919035 5.415629655122757 31.081004977226257 112.07998764514923 90.652931183576584 7.2993269264698029
leaf_count=785 152 20 282 1389 180 506 22 50 23 132 476 385 31
internal_value=0.491981 0.430695 0.516697 0.520574 0.425591 0.435096 0.49389 0.51382 0.450735 0.49858 0.528282 0.414521 0.553107
internal_weight=1043.8 299.979 743.825 635.748 287.97 154.934 108.077 338.83 10.5958 97.4813 296.918 133.036 12.0086
internal_count=4433 1274 3159 2700 1223 658 459 1439 45 414 1261 565 51
is_linear=0
shrinkage=1


Tree=1
num_leaves=15
num_cat=0
split_feature=26 7 9 25 9 34 31 3 23 27 0 29 26 34
split_gain=117.736 70.2996 50.8162 48.22 45.7582 33.2696 48.2909 31.7956 30.5731 24.8589 17.5857 14.9918 13.4595 6.99227
threshold=0.019788290198612873 -0.00088221480454619982 0.00016688091058221353 0.50000000000000011 0.00041897945122756946 0.86230845453565985 0.76261040707110517 0.0033913229347481504 8.4804654422495283 0.99980722336048833 44.301613310695124 0.068439217261883734 0.019786893447834585 0.11951399405357775
decision_type=2 2 2 2 2 2 2 2 2 2 2 2 2 2
left_child=1 5 12 8 7 6 -1 -5 13 -4 -10 -7 -3 -2
right_child=3 2 9 4 -6 11 -8 -9 10 -11 -12 -13 -14 -15
leaf_value=-0.042869183596343938 0.054059286303298634 0.036015113750935406 -0.01119704727285077 -0.019741363086760937 0.058980219671255787 -0.033315000773825501 0.030337065538959079 -0.050177048753196951 0.02110635229316226 0.019128230572679868 -0.01301986094750221 0.019193767195109523 0.00089472367733848548 0.018158881520919802
leaf_weight=20.0603848695755 15.949566781520842 216.57799227535725 82.763301119208336 195.65283121168613 9.9664436280727369 75.544934183359146 51.253708764910698 76.349804535508156 29.61458058655262 90.592935666441917 131.18239782750607 9.8321039676666242 18.990314051508904 19.045960262417793
leaf_count=85 68 927 351 828 43 319 219 321 126 386 556 42 81 81
internal_value=9.21696e-06 0.0123584 0.0210876 -0.0146108 -0.0252001 -0.0104227 0.00974442 -0.0282845 0.000639221 0.00465041 -0.00673471 -0.027268 0.0331839 0.0345209
internal_weight=1043.38 565.616 408.925 477.762 281.969 156.691 71.3141 272.003 195.793 173.356 160.797 85.377 235.568 34.9955
internal_count=4433 2410 1745 2023 1192 665 304 1149 831 737 682 361 1008 149
is_linear=0
shrinkage=0.04


Tree=2
num_leaves=14
num_cat=0
split_feature=40 9 3 9 13 38 35 36 9 2 30 40 22
split_gain=879.594 101.198 35.815 17.3433 18.2834 16.7835 19.1759 12.4863 23.7745 13.7701 9.16032 6.07582 0.146533
threshold=0.50033186170699595 0.00041897945122756946 0.0028646055450447004 0.00016444588925518011 -0.00039924455927149992 0.96614316215031448 1.9075022960465298 0.59532973156067925 0.00036181727364343984 0.90410975586506892 0.048897569688849667 0.52570888981521191 2.832608620046043
decision_type=2 2 2 2 2 2 2 2 2 2 2 2 2
left_child=2 5 3 10 -5 6 -2 8 -4 -9 -1 -7 -3
right_child=1 12 7 4 -6 11 -8 9 -10 -11 -12 -13 -14
leaf_value=0.028924383510746693 -0.04588720061930552 0.0528762922159721 0.018721167727746183 -0.047539097739024275 0.022377019960682271 -0.059597516739615122 -0.080909459534985947 -0.028580605362487493 -0.066135050769828674 0.035183622450618617 0.043539164608161325 -0.077768678910300426 0.062066817509767641
leaf_weight=182.2600404471159 126.44608937203884 4.5572289228439331 66.565153077244759 6.0946462899446479 330.94753301143646 43.138455927371979 31.183081179857254 29.407984405755997 5.7382035404443732 6.6428172737359992 110.05338603258133 92.725425943732262 7.1005082577466947
leaf_count=785 528 20 283 26 1413 180 130 124 24 28 476 385 31
internal_value=1.29567e-05 -0.0571051 0.0236396 0.0272966 0.0211127 -0.061696 -0.0528155 0.00239863 0.0119867 -0.0168312 0.0344267 -0.0719991 0.0584741
internal_weight=1042.86 305.151 737.71 629.356 337.042 293.493 157.629 108.354 72.3034 36.0508 292.313 135.864 11.6577
internal_count=4433 1274 3159 2700 1439 1223 658 459 307 152 1261 565 51
is_linear=0
shrinkage=0.04


Tree=3
num_leaves=14
num_cat=0
split_feature=26 8 9 3 27 32 24 39 31 9 8 32 3
split_gain=100.384 45.3695 36.5229 41.1569 26.1477 24.6324 29.1045 22.0449 18.8759 17.0955 12.3574 8.40288 0.144243
threshold=0.019788290198612873 -0.0016283580053942997 0.00041897945122756946 0.0036163213348462506 0.44840573786696986 0.00012312092555071265 0.20833333333298606 0.26757273780720997 0.65694824240322547 0.00022268112691520387 0.00025086339071425006 0.00011626563279369498 0.0063372246992667511
decision_type=2 2 2 2 2 2 2 2 2 2 2 2 2
left_child=1 5 3 7 8 11 -7 -2 -3 -6 -5 -1 -4
right_child=2 4 12 10 9 6 -8 -9 -10 -11 -12 -13 -14
leaf_value=0.015294500223327439 -0.0024437836204548495 -0.044112516142336015 0.051567721596865859 0.018266620078024622 0.023333848022970241 -0.030980546318001404 0.032278010005676365 -0.022860406653033089 0.0055622119092504849 -0.0082017585533715708 -0.043194846769666562 -0.036997933154204146 0.060766584154983587
leaf_weight=5.4856959134340277 250.41943496465683 15.779859989881514 4.4802286028861982 5.5787428468465796 359.25086604058743 18.99096716940403 30.051503106951714 127.8025103956461 54.548619657754898 29.784484386444092 84.725447297096252 47.398751869797707 6.9711487144231796
leaf_count=23 1060 67 20 23 1552 80 130 538 233 127 351 198 31
internal_value=2.00724e-05 0.011505 -0.0134105 -0.0151355 0.0168619 -0.0126375 0.00778207 -0.00934263 -0.00558349 0.0209195 -0.0393979 -0.0315736 0.0571676
internal_weight=1041.27 561.291 479.978 468.526 459.364 101.927 49.0425 378.222 70.3285 389.035 90.3042 52.8844 11.4514
internal_count=4433 2410 2023 1972 1979 431 210 1598 300 1679 374 221 51
is_linear=0
shrinkage=0.04


Tree=4
num_leaves=14
num_cat=0
split_feature=40 9 3 38 35 20 13 1 3 9 21 3 22
split_gain=791.76 87.6276 31.498 15.8033 17.5461 15.0398 12.1512 11.742 10.6673 10.236 7.93951 6.54734 0.143586
threshold=0.50033186170699595 0.00041897945122756946 0.0028646055450447004 0.96614316215031448 0.57264730748868498 0.0025875581464651002 -0.00039924455927149992 -2.236757039891017 0.0044242206003172009 0.00030074209141199982 0.0013217879648026001 0.0029088874177727506 2.832608620046043
decision_type=2 2 2 2 2 2 2 2 2 2 2 2 2
left_child=2 3 5 4 -2 7 -7 -1 10 -10 -4 -5 -3
right_child=1 12 8 11 -6 6 -8 -9 9 -11 -12 -13 -14
leaf_value=0.02558646918791866 -0.025007040773848091 0.050315579510966435 0.0020933197471802493 -0.073723042146265266 -0.05652050385505402 -0.032861156912992788 0.021993001307498414 0.042869551225759181 0.0053637996856306649 -0.072255776542469272 0.03358377739024522 -0.054999749162543035 0.059579674952661706
leaf_weight=134.37490864098072 36.704203441739082 4.3992004543542862 82.4562136977911 93.946080774068832 123.00550861656666 6.5780302733182898 364.03431656956673 118.2373421639204 5.2586890459060651 5.6272783875465393 15.166420042514799 43.821762949228287 6.8372075110673887
leaf_count=586 152 20 350 386 506 28 1568 518 22 23 64 179 31
internal_value=2.2006e-05 -0.0536991 0.0226866 -0.0578409 -0.0492781 0.0261495 0.0210194 0.033676 0.00279753 -0.0347601 0.0069856 -0.0677675 0.0559527
internal_weight=1040.45 308.714 731.733 297.478 159.71 623.225 370.612 252.612 108.509 10.886 97.6226 137.768 11.2364
internal_count=4433 1274 3159 1223 658 2700 1596 1104 459 45 414 565 51
is_linear=0
shrinkage=0.04


Tree=5
num_leaves=14
num_cat=0
split_feature=40 40 32 38 35 37 35 28 30 32 13 40 1
split_gain=727.164 58.8311 28.5499 16.2129 17.585 13.9373 13.7081 14.5004 10.2276 9.89978 6.94525 5.7597 2.8164
threshold=0.50033186170699595 0.83367355300332446 0.00026882270666651631 0.96614316215031448 1.7834683806964879 0.10752063367771766 2.0615851835351524 0.92665248402757217 0.043328582619864088 0.00027558086497375477 0.00030729074295035005 0.6873221499375356 4.7225916102324854
decision_type=2 2 2 2 2 2 2 2 2 2 2 2 2
left_child=2 3 6 4 -2 9 8 -8 -1 -4 -7 -5 -3
right_child=1 12 5 11 -6 10 7 -9 -10 -11 -12 -13 -14
leaf_value=0.021457139785477596 -0.038327904592268598 0.017524870490875082 -0.032428118940069306 -0.066221813453886919 -0.069144615815973115 -0.071443860024239733 -0.031512045011479126 0.028106877872605889 0.031885230322989483 0.011723967336850424 -0.0069087623424818083 -0.027434353785207345 0.059285015979423532
leaf_weight=330.68104660511017 122.26422311365604 4.4896336495876294 9.1261358112096769 132.65512104332447 39.102574214339256 5.7607530504465085 13.820386409759523 12.369177564978598 276.14728596806526 74.096542626619339 4.9702191650867462 6.4219785928726187 6.0877589136362076
leaf_count=1440 502 20 39 539 159 24 59 53 1208 315 21 26 28
internal_value=2.73381e-05 -0.0511576 0.0219259 -0.0544218 -0.0457954 0.00135017 0.0249798 -0.00335438 0.0262026 0.00688228 -0.0415534 -0.0644308 0.0415597
internal_weight=1037.99 311.021 726.972 300.444 161.367 93.9537 633.018 26.1896 606.828 83.2227 10.731 139.077 10.5774
internal_count=4433 1274 3159 1226 661 399 2760 112 2648 354 45 565 48
is_linear=0
shrinkage=0.04


Tree=6
num_leaves=14
num_cat=0
split_feature=40 9 3 15 0 20 36 9 2 29 40 35 31
split_gain=668.712 75.0443 28.5606 16.6247 13.1354 11.6872 11.296 19.844 12.3301 10.4304 10.378 8.42695 0.166937
threshold=0.50033186170699595 0.00041897945122756946 0.0028646055450447004 0.0015018121204422501 74.402954350235248 0.0025875581464651002 0.59532973156067925 0.00036181727364343984 0.8674452939838716 0.046595748484532809 0.37582399955591056 0.57264730748868498 0.65315123669533814
decision_type=2 2 2 2 2 2 2 2 2 2 2 2 2
left_child=2 4 3 5 11 -1 7 -4 -8 -6 -5 -2 -3
right_child=1 12 6 10 9 -7 8 -9 -10 -11 -12 -13 -14
leaf_value=0.032133536974355816 -0.04338100838116217 0.058247733574018565 0.017662256859122677 -0.066737230350472757 -0.039212040147296734 0.020806243701859729 -0.028229403255618596 -0.059107934612519765 0.028646785565500377 0.03143215869033171 0.0086113864665726819 -0.058714877270773728 0.048091330731647453
leaf_weight=247.38577152788639 79.267912521958351 6.661700636148451 66.014288395643234 4.9037409126758558 10.377698138356207 354.69999568164349 28.391430884599686 5.8659119307994834 7.7668655216693869 4.9338239729404441 7.2469412833452225 207.33052562177181 4.2357894331216812
leaf_count=1101 322 31 283 21 42 1547 119 24 33 20 31 839 20
internal_value=3.14331e-05 -0.0488231 0.0211897 0.0245256 -0.0525453 0.0254604 0.00222386 0.0113973 -0.0160123 -0.0164484 -0.0217976 -0.0544738 0.0543
internal_weight=1035.08 312.807 722.275 614.236 301.91 602.086 108.038 71.8802 36.1583 15.3115 12.1507 286.598 10.8975
internal_count=4433 1274 3159 2700 1223 2648 459 307 152 62 52 1161 51
is_linear=0
shrinkage=0.04


Tree=7
num_leaves=14
num_cat=0
split_feature=40 9 3 15 38 35 28 36 9 2 40 40 31
split_gain=615.776 68.9493 26.6993 15.4511 12.908 14.7555 11.5717 10.4124 18.2338 11.4216 9.37728 5.4446 0.162748
threshold=0.50033186170699595 0.00041897945122756946 0.0028646055450447004 0.0015018121204422501 0.96614316215031448 1.9075022960465298 0.87030980569071204 0.59532973156067925 0.00036181727364343984 0.90410975586506892 0.37582399955591056 0.52570888981521191 0.65315123669533814
decision_type=2 2 2 2 2 2 2 2 2 2 2 2 2
left_child=2 4 3 6 5 -2 -1 8 -4 -9 -5 -6 -3
right_child=1 12 7 10 11 -7 -8 9 -10 -11 -12 -13 -14
leaf_value=0.033933348577845489 -0.036523429086162455 0.057216209693043613 0.017035586728264735 -0.06303110580562192 -0.047540018595257028 -0.066694410610545235 0.021304313816581155 -0.025822318601631124 -0.056321130419224083 0.032665604108065995 0.0082855566186104158 -0.064442987061067381 0.047084595166881925
leaf_weight=157.73299980163574 130.4185326397419 6.5135251432657224 65.711234301328659 4.9826860725879651 44.703122109174728 32.373332306742668 439.64331577718258 29.756514027714729 5.9089765995740882 6.5110673308372489 7.2309810668230057 95.899221554398537 4.1549453139305115
leaf_count=702 528 31 283 21 180 130 1946 124 24 28 31 385 20
internal_value=3.50279e-05 -0.0466765 0.0204822 0.0237283 -0.050191 -0.0425233 0.0246389 0.00214051 0.0109833 -0.0153221 -0.0208088 -0.0590689 0.0532703
internal_weight=1031.54 314.063 717.478 609.59 303.394 162.792 597.376 107.888 71.6202 36.2676 12.2137 140.602 10.6685
internal_count=4433 1274 3159 2700 1223 658 2648 459 307 152 52 565 51
is_linear=0
shrinkage=0.04


Tree=8
num_leaves=15
num_cat=0
split_feature=26 7 9 25 9 23 32 31 38 6 9 32 29 38
split_gain=70.0482 47.969 37.3751 32.3252 28.6242 24.3476 21.8288 36.7327 20.4378 14.502 13.5816 12.5144 9.61272 5.07068
threshold=0.019788290198612873 -0.00088221480454619982 0.00016688091058221353 0.50000000000000011 0.00041897945122756946 8.4804654422495283 0.00012259384793870655 0.76261040707110517 0.99999999984240062 -0.00030914256906909994 0.00021470514009169891 0.00019797791723706135 0.084161429703952503 0.67397095222838077
decision_type=2 2 2 2 2 2 2 2 2 2 2 2 2 2
left_child=1 6 11 5 9 13 12 -8 -4 -5 -7 -3 -1 -2
right_child=3 2 8 4 -6 10 7 -9 -10 -11 -12 -13 -14 -15
leaf_value=-0.02506183062941569 -0.0051656107550799805 0.033713324496831364 0.0071657169251414443 0.011907008755899283 0.051445464873911328 0.01681239302889476 -0.037889270298825418 0.028069092488971343 -0.044216549316660483 -0.024439372462235258 -0.011256437751150199 0.012302873482564149 0.030353868018770377 0.038579780177445289
leaf_weight=84.70931088924408 4.9642779380083075 163.64998562633991 156.19019040465355 18.849826648831367 8.7692592591047269 35.384372383356094 19.153275445103645 45.844825491309166 13.452698200941084 257.49127767980099 125.08058279752731 59.582716539502144 5.3231476098299018 29.041274562478065
leaf_count=355 21 742 679 80 43 153 81 205 58 1069 529 266 24 128
internal_value=3.76533e-05 0.00980886 0.0172436 -0.0111256 -0.0197023 0.00144853 -0.00903224 0.00863285 0.0030911 -0.0219601 -0.00506694 0.0279987 -0.0217854 0.0321936
internal_weight=1027.49 547.906 392.876 479.581 285.11 194.471 155.031 64.9981 169.643 276.341 160.465 223.233 90.0325 34.0056
internal_count=4433 2410 1745 2023 1192 831 665 286 737 1149 682 1008 379 149
is_linear=0
shrinkage=0.04


Tree=9
num_leaves=15
num_cat=0
split_feature=40 0 3 25 31 35 32 36 0 34 38 35 40 12
split_gain=555.32 51.7215 23.7815 14.7523 24.9096 15.9949 13.4932 9.51372 13.0424 10.6904 8.27653 12.5042 8.86488 1.25106
threshold=0.50033186170699595 75.490580201001279 0.0028646055450447004 0.90000000000000013 0.65209161346044209 1.4555672339187451 0.00032939845257280996 0.59532973156067925 68.493618524746921 0.15483162315042223 0.96614316215031448 0.57264730748868498 0.6873221499375356 -0.00012019651349914999
decision_type=2 2 2 2 2 2 2 2 2 2 2 2 2 2
left_child=2 10 3 5 -5 -1 -3 8 -4 -9 11 -2 -12 -8
right_child=1 6 7 4 -6 -7 13 9 -10 -11 12 -13 -14 -15
leaf_value=0.027917927907745301 -0.020668769713615021 -0.020247403987231693 0.020148294892661647 -0.031923367155907295 0.021481700545589497 0.009200067617362858 0.031990125363856294 -0.068442725827525364 -0.020473889338474209 -0.0056415905500343255 -0.057669734215831561 -0.047948435908955242 -0.012401844051609618 0.059812355457894296
leaf_weight=451.13707199692726 34.514263167977333 7.618036255240443 54.968932762742043 20.383344396948814 44.441441103816032 87.156725361943245 4.202937215566636 5.0327768474817267 16.424459561705589 31.364519521594048 132.78212001919746 121.611487403512 7.302350476384162 6.7213203758001301
leaf_count=2029 140 31 238 89 200 382 20 21 69 131 532 489 30 32
internal_value=3.9187e-05 -0.0441944 0.0196234 0.0227163 0.00468914 0.0248873 0.0206137 0.00231796 0.0108029 -0.0143253 -0.0482513 -0.0419178 -0.05531 0.0491082
internal_weight=1025.66 314.753 710.909 603.119 64.8248 538.294 18.5423 107.791 71.3934 36.3973 296.21 156.126 140.084 10.9243
internal_count=4433 1274 3159 2700 289 2411 83 459 307 152 1191 629 562 52
is_linear=0
shrinkage=0.04


Tree=10
num_leaves=15
num_cat=0
split_feature=40 9 3 15 28 38 27 36 9 2 40 3 9 31
split_gain=512.564 57.3122 22.2406 13.6668 11.0233 9.13703 15.2687 8.77157 15.8994 10.445 8.43394 5.87755 4.8727 0.176809
threshold=0.50033186170699595 0.00040509012119122311 0.0028646055450447004 0.0015018121204422501 0.87030980569071204 0.96614316215031448 0.81302246467028805 0.59532973156067925 0.00036181727364343984 0.90410975586506892 0.37582399955591056 0.0029088874177727506 0.00041897945122756946 0.65315123669533814
decision_type=2 2 2 2 2 2 2 2 2 2 2 2 2 2
left_child=2 5 3 4 -1 6 -2 8 -4 -9 -5 -7 -3 -14
right_child=1 12 7 10 -6 11 -8 9 -10 -11 -12 -13 13 -15
leaf_value=0.032034315170910613 -0.019532331373046229 -0.00023767626997327424 0.016123241149627446 -0.059455554119917188 0.019576543940866001 -0.059087388981408806 -0.047176181168788384 -0.023662564934809005 -0.052144246143465196 0.032309902017382361 0.0079490240059281007 -0.04140516584304859 0.055207445449865257 0.044332920889825322
leaf_weight=154.2047490477562 44.05058665573597 4.2132728993892661 65.197385981678963 5.0506486594676954 432.06699864566326 96.411847084760666 116.55800485610962 30.008005827665329 5.957266464829444 6.4875927269458762 7.2101072818040848 43.715403467416763 6.1673254370689374 3.9081675708293915
leaf_count=702 177 17 283 21 1946 386 468 124 24 28 31 175 31 20
internal_value=4.12754e-05 -0.0423878 0.0189687 0.0219792 0.0228533 -0.0461067 -0.0395942 0.0022304 0.0104077 -0.0137127 -0.0198174 -0.0535711 0.0358842 0.0509893
internal_weight=1021.21 315.025 706.183 598.533 586.272 300.736 160.609 107.65 71.1547 36.4956 12.2608 140.127 14.2888 10.0755
internal_count=4433 1274 3159 2700 2648 1206 645 459 307 152 52 561 68 51
is_linear=0
shrinkage=0.04


Tree=11
num_leaves=15
num_cat=0
split_feature=40 9 32 37 35 28 3 9 38 35 3 3 3 34
split_gain=473.516 52.7504 20.8489 11.6074 11.4202 13.5545 10.1351 9.80388 8.53654 10.8732 5.42665 5.04818 4.76134 0.667975
threshold=0.50033186170699595 0.00040509012119122311 0.00026803712802348525 0.10752063367771766 2.0615851835351524 0.92665248402757217 0.0016701056910032503 0.00030377127435432939 0.96614316215031448 1.9075022960465298 0.0029088874177727506 0.0038404187710401505 0.0055757253775285511 0.50723548317603384
decision_type=2 2 2 2 2 2 2 2 2 2 2 2 2 2
left_child=2 8 4 7 6 -6 -1 -4 9 -2 -10 -5 -3 -14
right_child=1 12 3 11 5 -7 -8 -9 10 -11 -12 -13 13 -15
leaf_value=0.011745656263575724 -0.03280120203771765 1.7176298602810453e-05 0.015753133339377185 -0.010647813372621391 -0.032101983454484041 0.025908272768653384 0.024883194622762252 -0.013093183425026005 -0.05676659800255407 -0.058940142241425922 -0.039770989794894289 -0.065358571370296006 0.060256760804842817 0.039257387506674422
leaf_weight=117.87010486423969 129.11638957262039 4.3062704950571051 55.185458287596703 5.3640666902065259 13.762693986296656 12.119843274354933 463.07994152605534 28.631538257002831 96.340227067470551 31.717327445745468 43.691555336117744 5.4300221055746078 5.2281195074319822 4.5181454867124557
leaf_count=532 518 20 240 23 59 53 2109 121 386 127 175 22 25 23
internal_value=4.26329e-05 -0.0407048 0.0183365 0.000871482 0.0210595 -0.00493791 0.0222177 0.00589935 -0.0442429 -0.037956 -0.0514638 -0.0381703 0.0350452 0.0505219
internal_weight=1016.36 314.918 701.444 94.6111 606.833 25.8825 580.95 83.817 300.865 160.834 140.032 10.7941 14.0525 9.74626
internal_count=4433 1274 3159 406 2753 112 2641 361 1206 645 561 45 68 48
is_linear=0
shrinkage=0.04


Tree=12
num_leaves=14
num_cat=0
split_feature=40 9 32 0 38 19 36 28 35 28 3 32 31
split_gain=438.124 48.2337 20.8515 10.4504 10.4328 12.3348 10.7884 10.0938 10.0359 14.1253 8.73774 7.34713 0.172427
threshold=0.49766681823927889 0.00041897945122756946 0.00026803712802348525 74.402954350235248 0.76293890317302415 1.8753159082930133 0.61067667881444154 0.92329409309175003 2.0615851835351524 0.92665248402757217 0.0016701056910032503 0.00011626563279369498 0.65315123669533814
decision_type=2 2 2 2 2 2 2 2 2 2 2 2 2
left_child=2 3 8 11 5 -4 -6 -5 10 -10 -1 -2 -3
right_child=1 12 4 7 6 -7 -8 -9 9 -11 -12 -13 -14
leaf_value=0.012061421443924527 -0.00064016764518759137 0.053824624946614094 -0.050196350546293865 0.018503126023119369 0.019475660423659519 0.011904107303024837 -0.012767283208417184 -0.046406542884195295 -0.032503362044021329 0.027751318819455164 0.024363472701083938 -0.043800409440547333 0.042867105325601729
leaf_weight=115.86201249063015 6.4507551938295355 5.8989551067352277 12.29977658390999 8.9405638575553876 45.346521496772766 8.7639399170875532 26.195433393120766 6.7099784165620795 13.17506678402424 11.800448447465895 455.73722538352013 290.42090694606304 3.7638075202703476
leaf_count=525 26 31 51 36 198 37 112 27 56 52 2094 1168 20
internal_value=4.33946e-05 -0.0384617 0.0180442 -0.0411831 0.00038477 -0.0243583 0.00766975 -0.0093261 0.0207854 -0.00403419 0.0218699 -0.0428626 0.0495565
internal_weight=1011.37 322.185 689.18 312.522 92.6057 21.0637 71.542 15.6505 596.575 24.9755 571.599 296.872 9.66276
internal_count=4433 1308 3125 1257 398 88 310 63 2727 108 2619 1194 51
is_linear=0
shrinkage=0.04


Tree=13
num_leaves=14
num_cat=0
split_feature=40 9 32 25 38 23 39 32 38 35 7 40 31
split_gain=405.51 45.4067 18.1012 11.9636 15.2895 10.9218 10.1677 19.8223 9.93164 12.9816 8.699 5.39966 0.1707
threshold=0.50033186170699595 0.00041897945122756946 0.00026803712802348525 0.50000000000000011 0.92747210531107305 9.9956275942182788 0.36963196912192869 0.00018918085034023006 0.96614316215031448 0.57264730748868498 -0.00087082940541304986 0.52570888981521191 0.65315123669533814
decision_type=2 2 2 2 2 2 2 2 2 2 2 2 2
left_child=2 8 6 5 -5 -4 10 -8 9 -2 -1 -10 -3
right_child=1 12 3 4 -6 -7 7 -9 11 -11 -12 -13 -14
leaf_value=0.010314474794844472 -0.013124545346191981 0.053101654483932413 -0.010848631349920198 -0.034129999918105329 0.0081099984811178333 0.033396913476973974 0.020471401542409999 -0.045582796998537713 -0.036706394683885521 -0.039827862875543046 0.023268736502168652 -0.053532337265545724 0.042069696837384124
leaf_weight=100.95780003070831 37.869001924991608 5.7432470023632032 13.788393735885618 25.162584081292152 30.126520559191704 25.314723551273346 21.256950244307518 11.046367838978766 44.83838652074337 126.20140482485294 464.72987893223763 95.535050705075264 3.6833788603544235
leaf_count=465 152 31 61 105 130 110 96 48 180 506 2144 385 20
internal_value=4.42565e-05 -0.0376699 0.0171408 0.000862099 -0.0111138 0.0177952 0.0197104 -0.00211634 -0.0403471 -0.0336645 0.0209568 -0.0481578 0.048791
internal_weight=1006.25 313.87 692.383 94.3922 55.2891 39.1031 597.991 32.3033 304.444 164.07 565.688 140.373 9.42663
internal_count=4433 1274 3159 406 235 171 2753 144 1223 658 2609 565 51
is_linear=0
shrinkage=0.04


Tree=14
num_leaves=14
num_cat=0
split_feature=40 9 3 15 25 0 29 25 38 33 40 32 36
split_gain=375.418 41.4327 19.3984 12.5352 11.2617 9.5469 8.37987 7.61438 12.9328 12.6802 7.55924 6.82076 0.176134
threshold=0.49766681823927889 0.00041897945122756946 0.0028646055450447004 0.0015018121204422501 0.90000000000000013 74.402954350235248 0.046595748484532809 0.50000000000000011 0.99999999983307319 -0.63157894736842091 0.37582399955591056 0.00011626563279369498 0.5963205093311631
decision_type=2 2 2 2 2 2 2 2 2 2 2 2 2
left_child=2 5 3 4 -1 11 -7 8 -4 -9 -5 -2 -3
right_child=1 12 7 10 -6 6 -8 9 -10 -11 -12 -13 -14
leaf_value=0.022552452471923532 0.00098216545607702978 0.041138497864979445 0.029693244284755917 -0.057669855916443254 0.0040640792408250092 -0.027590512619906197 0.035336674858316174 0.0043509460315920472 -0.012779072805967502 -0.035808541272028961 0.0062279604723286712 -0.040623757825450961 0.052490660713324193
leaf_weight=504.15701927244663 6.4447971284389487 3.585254639387129 28.862922087311745 5.0760419219732267 58.869122534990311 10.686907678842543 4.9562427103519431 38.373912036418915 19.036768332123756 18.714632928371429 7.1136973798274994 289.3652810305357 5.6062721312046051
leaf_count=2349 26 20 126 21 271 43 20 166 83 78 31 1168 31
internal_value=4.46116e-05 -0.0356367 0.0168646 0.0197505 0.0206193 -0.0381068 -0.0076532 0.00105327 0.0128135 -0.00881404 -0.0203803 -0.0397173 0.0480626
internal_weight=1000.85 320.645 680.204 575.216 563.026 311.453 15.6432 104.988 47.8997 57.0885 12.1897 295.81 9.19153
internal_count=4433 1308 3125 2672 2620 1257 63 453 209 244 52 1194 51
is_linear=0
shrinkage=0.04


Tree=15
num_leaves=15
num_cat=0
split_feature=20 7 3 25 34 35 31 23 28 35 10 36 35 28
split_gain=43.7878 39.6493 30.7821 22.9034 21.9092 18.1172 20.5168 16.7884 16.0025 17.759 14.0949 10.2888 8.18489 7.39466
threshold=0.0025908542307130507 -0.00088221480454619982 0.0016701056910032503 0.50000000000000011 0.063597203775025909 0.99506607768592303 0.76261040707110517 7.9152992055678677 0.93208783693263342 2.0456488805389221 -0.00011544460037175 0.70229721072421181 1.5138263998694004 0.89127793403626232
decision_type=2 2 2 2 2 2 2 2 2 2 2 2 2 2
left_child=1 5 4 7 -3 6 -1 -2 9 -5 -9 -10 -4 -7
right_child=3 2 12 8 -6 13 -8 10 11 -11 -12 -13 -14 -15
leaf_value=-0.03585732620769512 0.027378395711742588 -0.06722601110090376 0.02675406530177632 -0.0010081477751223136 0.0033663817267980106 0.0050186948286330101 0.0093873898100878192 0.0065569634135731756 -0.019243731290390795 -0.039388202594813557 -0.015842151847033865 -0.046518358433356777 -0.011835121251730227 -0.037410271918488398
leaf_weight=19.635014444589615 35.404003903269768 7.719923496246337 213.4615333378315 143.97122962772846 79.223192557692528 8.0716691464185697 87.485280349850655 108.99482905864716 121.0518744289875 22.274169012904167 76.495292499661446 27.079512596130371 9.1721833348274213 35.379294529557228
leaf_count=85 162 34 1020 617 359 37 394 480 513 94 332 114 42 150
internal_value=4.49531e-05 0.00909334 0.0172821 -0.00773354 -0.00290172 -0.00774278 0.00109409 0.00213736 -0.0146692 -0.00615045 -0.00268033 -0.0242297 0.0251642 -0.0295285
internal_weight=995.419 460.148 309.577 535.271 86.9431 150.571 107.12 220.894 314.377 166.245 185.49 148.131 222.634 43.451
internal_count=4433 2121 1455 2312 393 666 479 974 1338 711 812 627 1062 187
is_linear=0
shrinkage=0.04


Tree=16
num_leaves=15
num_cat=0
split_feature=21 7 25 35 31 27 3 23 34 35 0 32 28 15
split_gain=41.1511 41.2145 28.0285 16.6512 18.8507 16.4444 16.3141 16.0572 14.4695 13.6664 12.9479 13.5181 6.86393 5.79535
threshold=-0.00052414307145224996 -0.00088221480454619982 0.50000000000000011 0.99506607768592303 0.76261040707110517 0.94955915218844367 0.0016107594559863503 7.9152992055678677 0.30992577984939235 0.48011128831477651 78.888457627868277 0.00016918760406948853 0.88015601383478748 0.00096605687076570007
decision_type=2 2 2 2 2 2 2 2 2 2 2 2 2 2
left_child=1 3 7 4 -1 6 -3 13 -9 -7 11 -4 -5 -2
right_child=2 5 10 12 -6 9 -8 8 -10 -11 -12 -13 -14 -15
leaf_value=-0.034266112032243508 0.01614639747040356 -0.022074346219036412 0.0097198561878071993 0.011239486070989679 0.0090324007524974492 -0.028811408477414237 0.01541855878107627 -0.0069612536911248914 0.019237929259614043 0.027503328266659421 0.032056098672041108 -0.018464606037427153 -0.034669566039603895 0.04887624959761503
leaf_weight=19.723055452108383 26.203446075320244 26.158893167972565 30.020649865269661 6.051915615797042 87.290692239999771 7.1701804995536795 63.997201532125473 151.3382190912962 43.401210114359856 179.6102524548769 9.2895580977201444 292.6953666806221 37.487067937850952 12.925684928894041
leaf_count=85 122 116 138 28 394 32 304 659 197 859 47 1234 159 59
internal_value=4.5248e-05 0.0094121 -0.00703094 -0.0074328 0.00105231 0.0185696 0.00453995 0.00357592 -0.00112229 0.0253415 -0.0145025 -0.0158427 -0.0282882 0.0269582
internal_weight=993.363 427.489 565.874 150.553 107.014 276.937 90.1561 233.869 194.739 186.78 332.006 322.716 43.539 39.1291
internal_count=4433 1977 2456 666 479 1311 420 1037 856 891 1419 1372 187 181
is_linear=0
shrinkage=0.04


Tree=17
num_leaves=15
num_cat=0
split_feature=40 0 3 25 1 35 32 35 28 13 15 1 32 10
split_gain=333.007 32.6952 16.0796 12.5862 14.2626 13.3876 10.1204 7.58193 11.3638 7.26388 7.22705 21.6306 12.9112 1.19568
threshold=0.50033186170699595 75.490580201001279 0.0028646055450447004 0.90000000000000013 -0.26213175067005062 1.4555672339187451 0.00032939845257280996 0.57264730748868498 0.82561040001595065 -0.00036400420488879996 0.00065087893522250016 2.5022022376570026 0.00033600245799041264 -0.00011840731675804999
decision_type=2 2 2 2 2 2 2 2 2 2 2 2 2 2
left_child=2 7 3 5 -5 -1 -3 8 -2 -9 11 -4 -12 -8
right_child=1 6 10 4 -6 -7 13 9 -10 -11 12 -13 -14 -15
leaf_value=0.023331730807182979 0.014122652911586618 -0.0156211649388961 0.0023047302660654588 0.014357192013261952 -0.026738198640631969 0.0059012839672963613 0.029568053521211685 -0.054277928821994323 -0.032459194730066435 -0.037132892426392783 0.00050151382656678375 -0.065521707716753405 0.047493533935414001 0.057885973362258092
leaf_weight=426.51845364272594 9.4553837329149228 7.5712939053773907 49.19375516474247 43.096454456448555 19.684116408228874 84.464349180459976 4.1196300983428964 52.749938100576401 73.632285386323929 157.85493262112141 35.500379636883736 8.8811592161655408 12.702087521553038 5.668025225400922
leaf_count=2029 38 31 217 203 86 382 22 214 298 641 151 37 54 30
internal_value=4.55938e-05 -0.0342376 0.0157267 0.0183739 0.00147221 0.0204505 0.0191046 -0.0373904 -0.0271582 -0.0414272 0.00143531 -0.00806769 0.0128846 0.0459669
internal_weight=991.092 311.051 680.041 573.763 62.7806 510.983 17.3589 293.693 83.0877 210.605 106.277 58.0749 48.2025 9.78766
internal_count=4433 1274 3159 2700 289 2411 83 1191 336 855 459 254 205 52
is_linear=0
shrinkage=0.04


Tree=18
num_leaves=15
num_cat=0
split_feature=40 9 26 28 32 5 18 15 7 27 9 20 9 31
split_gain=308.479 36.1161 14.328 15.8498 18.009 11.5996 10.8995 9.78312 7.36685 6.68059 8.55412 8.23987 3.60254 0.189762
threshold=0.50033186170699595 0.00040509012119122311 0.019791551308519739 0.87030980569071204 0.0002554364622859607 1.0000000180025095e-35 1.0000000180025095e-35 0.0017069703785101001 -0.00096978729630289981 0.94829069391293208 0.00032206913450164178 0.0026012846236450507 0.00041897945122756946 0.65315123669533814
decision_type=2 2 2 2 2 2 2 2 2 2 2 2 2 2
left_child=2 9 3 8 -5 7 -7 -4 -1 11 -11 -2 -3 -14
right_child=1 12 5 4 -6 6 -8 -9 -10 10 -12 -13 13 -15
leaf_value=-0.013450752559006129 -0.033956068251150988 0.0017881070856211321 0.014519955893304275 0.016819574279490164 -0.020110652515385942 -0.0022372627300347998 -0.059180422781997137 -0.011249486592799758 0.033320728779785293 -0.045101634650973679 -0.025191471977703932 -0.0076002175615617574 0.051608926112282419 0.039541801767847155
leaf_weight=5.6481467187404624 81.882508963346481 4.1760413348674765 124.40364517271519 351.64812172949314 22.47781728208065 17.713133081793789 7.7232912629842749 29.081817507743835 117.05155132710934 144.86323526501656 45.329555615782738 24.706216394901276 5.3673734813928586 3.4096264839172363
leaf_count=27 333 17 553 1673 100 79 35 122 570 589 184 100 31 20
internal_value=4.5571e-05 -0.0330101 0.0151969 0.0186923 0.0146008 0.00549113 -0.019527 0.00963726 0.0311677 -0.0358636 -0.0403564 -0.027847 0.0323703 0.0469212
internal_weight=985.482 309.735 675.748 496.826 374.126 178.922 25.4364 153.485 122.7 296.782 190.193 106.589 12.953 8.777
internal_count=4433 1274 3159 2370 1773 789 114 675 597 1206 773 433 68 51
is_linear=0
shrinkage=0.04


Tree=19
num_leaves=13
num_cat=0
split_feature=40 9 3 15 27 9 27 0 29 40 32 36
split_gain=286.062 33.0269 15.4167 10.3136 9.86383 7.92732 9.68235 7.82013 7.43447 6.83157 6.30106 0.182503
threshold=0.49766681823927889 0.00041897945122756946 0.0028646055450447004 0.0015018121204422501 0.97961732498294751 0.00012171984826491075 0.57229176551810435 74.402954350235248 0.046595748484532809 0.37582399955591056 0.00011626563279369498 0.5963205093311631
decision_type=2 2 2 2 2 2 2 2 2 2 2 2
left_child=2 7 3 4 -1 -4 -7 10 -9 -5 -2 -3
right_child=1 11 5 9 -6 6 -8 8 -10 -11 -12 -13
leaf_value=0.01116083294572336 0.0043429954004247243 0.038985851059586303 -0.039509875573413109 -0.053914535950605011 0.02238669784079747 0.050544276189659086 0.00044646945644130675 -0.024637789487696193 0.03476652922466484 0.0066391485739822221 -0.035787753173048956 0.050960976314083146
leaf_weight=194.08099664747715 6.4004032164812079 3.345663368701933 7.2458683252334586 5.1272664964199048 353.04563376307487 6.6238665878772727 90.588522225618362 10.638948962092398 4.9341163337230673 7.1212884932756424 285.50518944859505 5.2027675658464432
leaf_count=923 26 20 33 21 1697 29 391 43 20 31 1168 31
internal_value=4.55555e-05 -0.0312783 0.0149577 0.0175919 0.0184046 0.000851634 0.00386004 -0.0334344 -0.00581633 -0.0187087 -0.0349078 0.0462742
internal_weight=979.861 316.027 663.833 559.375 547.127 104.458 97.2124 307.479 15.5731 12.2486 291.906 8.54843
internal_count=4433 1308 3125 2672 2620 453 420 1257 63 52 1194 51
is_linear=0
shrinkage=0.04


Tree=20
num_leaves=14
num_cat=0
split_feature=40 9 3 25 31 39 38 27 36 9 34 40 31
split_gain=265.406 31.2217 13.6538 11.7887 21.3478 10.8719 9.62165 11.9476 7.56282 12.0571 9.96863 5.46402 0.192169
threshold=0.50033186170699595 0.00041897945122756946 0.0028646055450447004 0.90000000000000013 0.65209161346044209 0.39374417822043412 0.96614316215031448 0.81302246467028805 0.59532973156067925 0.00036181727364343984 0.15483162315042223 0.52570888981521191 0.65315123669533814
decision_type=2 2 2 2 2 2 2 2 2 2 2 2 2
left_child=2 6 3 5 -5 -1 7 -2 9 -4 -10 -8 -3
right_child=1 12 8 4 -6 -7 11 -9 10 -11 -12 -13 -14
leaf_value=0.019504230761869017 -0.0084494868551551316 0.05051790379896326 0.0138277799626593 -0.033685287334457421 0.0164816212711319 -0.025510195145796336 -0.029078486108180951 -0.032915394056342778 -0.065827248747894695 -0.045663796529565488 -0.0053405614196997356 -0.046221121447795187 0.038058433023562099
leaf_weight=491.05536268651485 43.77915845811367 5.0736763924360258 63.667252168059349 20.082446202635765 41.863396540284157 8.7374029457569105 43.819552659988403 118.05084559321404 5.0673848986625663 5.9610329419374457 31.207084193825722 92.64944826066494 3.2489409446716309
leaf_count=2372 177 31 283 89 200 39 180 481 21 24 131 385 20
internal_value=4.51499e-05 -0.0307617 0.0141935 0.0166773 0.00021783 0.0187173 -0.0328937 -0.0262967 0.00101922 0.00873457 -0.0137903 -0.0407167 0.045654
internal_weight=974.263 306.622 667.641 561.739 61.9458 499.793 298.299 161.83 105.903 69.6283 36.2745 136.469 8.32262
internal_count=4433 1274 3159 2700 289 2411 1223 658 459 307 152 565 51
is_linear=0
shrinkage=0.04


Tree=21
num_leaves=15
num_cat=0
split_feature=9 1 25 28 9 26 27 19 31 28 20 9 35 31
split_gain=31.2562 27.2864 20.9867 13.7073 14.4467 14.1598 13.5341 12.872 6.72944 6.42216 6.37106 7.98304 6.23026 0.191918
threshold=0.00018301329349609561 -2.8716341102426663 0.50000000000000011 0.75009014531234242 0.00041897945122756946 0.019824698661162019 0.376581794342085 -1.8842766527074175 0.81703088435539561 0.86949746540098216 0.0025909511549798503 0.00025981132799157263 0.99737900020813242 0.65315123669533814
decision_type=2 2 2 2 2 2 2 2 2 2 2 2 2 2
left_child=1 7 9 10 5 -5 -4 8 -1 -3 -2 -12 -9 -6
right_child=3 2 6 4 13 -7 -8 12 -10 -11 11 -13 -14 -15
leaf_value=-0.027644883397593398 -0.021980128242437981 0.038670355078047836 -0.019643967928229637 -0.0072967994276154999 0.050001663141873952 -0.038991264278851683 0.0094592140117788909 -0.0097235758929990253 0.022739642561499178 0.019803329876714341 0.046706034903505493 0.0040551137442141061 -0.034129770641333899 0.037390556210366827
leaf_weight=5.272660672664645 5.2358529120683661 39.230004370212555 30.841647386550903 478.20495747029781 4.9240418374538404 23.669653534889221 149.47354744374752 40.965103924274445 21.684441313147545 109.27106104791164 14.516947299242021 13.599126592278479 28.293414324522018 3.1761768907308578
leaf_count=23 25 202 141 2097 31 100 722 181 105 537 67 59 123 20
internal_value=4.45729e-05 0.00816969 0.0136521 -0.00631152 -0.00793629 -0.00879159 0.00448132 -0.0105663 0.0128847 0.0247875 0.0185324 0.0260767 -0.019694 0.0450567
internal_weight=968.359 425.032 328.816 543.327 509.975 501.875 180.315 96.2156 26.9571 148.501 33.3519 28.1161 69.2585 8.10022
internal_count=4433 2034 1602 2399 2248 2197 863 432 128 739 151 126 304 51
is_linear=0
shrinkage=0.04


Tree=22
num_leaves=15
num_cat=0
split_feature=21 1 25 27 32 2 32 24 33 0 37 0 3 1
split_gain=27.8685 26.8681 20.6456 13.7734 21.8824 13.8366 11.9758 13.4992 11.6868 13.5504 9.96378 9.86019 10.2315 4.44048
threshold=-0.00052414307145224996 -2.9029868066809281 0.50000000000000011 0.47741226788576546 0.00019422327715920448 0.024803131174172953 0.00013527989666004055 0.30833333333281948 -0.73684210526315785 47.021498787243068 0.0013570498990589988 80.171010643725353 0.0037589150292270004 -2.9530545803331729
decision_type=2 2 2 2 2 2 2 2 2 2 2 2 2 2
left_child=1 6 8 4 -3 -5 13 -8 9 -2 -10 12 -4 -1
right_child=2 3 11 5 -6 -7 7 -9 10 -11 -12 -13 -14 -15
leaf_value=-0.016220326383063283 0.012247012872681292 0.0041305841837597822 -0.0099365463723417435 -0.02047200383872395 -0.075666571317113962 0.019088751602577527 -0.030383002896831643 0.039302126242235016 0.0051187116820736855 -0.014681844187609908 0.032234365442262811 0.036672918258374668 -0.028688897565071952 -0.055139810441564095
leaf_weight=65.738640159368515 47.700896471738815 42.935390755534172 263.15417452156544 14.971639364957808 6.3060259670019141 256.3866001367569 6.674832463264468 13.331084772944449 69.553968921303749 80.104996278882027 31.502598956227303 6.4568526595830908 56.558449730277061 5.0508451312780371
leaf_count=288 223 200 1144 72 29 1269 30 66 317 355 142 36 239 23
internal_value=4.45694e-05 0.00793429 -0.00580337 0.0133743 -0.00608852 0.0169061 -0.0112744 0.0160522 0.0034064 -0.00463121 0.0135715 -0.0122656 -0.0132539 -0.0189972
internal_weight=966.427 411.395 555.032 320.6 49.2414 271.358 90.7954 20.0059 228.862 127.806 101.057 326.169 319.713 70.7895
internal_count=4433 1977 2456 1570 229 1341 407 96 1037 578 459 1419 1383 311
is_linear=0
shrinkage=0.04


Tree=23
num_leaves=15
num_cat=0
split_feature=40 9 9 28 27 33 5 34 31 38 27 25 34 25
split_gain=237.78 27.8493 10.8191 11.6586 11.3131 10.4258 10.1622 22.6042 11.5556 7.57371 12.5436 5.99529 3.38264 0.767511
threshold=0.50033186170699595 0.00040509012119122311 0.00021470514009169891 0.87115937290538803 0.40622753564220321 -0.73684210526315785 1.0000000180025095e-35 0.036851486627130683 0.62038649890060837 0.96614316215031448 0.81302246467028805 0.90000000000000013 0.38817741743909834 0.75000000000000011
decision_type=2 2 2 2 2 2 2 2 2 2 2 2 2 2
left_child=2 9 3 4 -1 -5 8 -8 -4 10 -2 -11 -3 -14
right_child=1 12 6 5 -6 -7 7 -9 -10 11 -12 -13 13 -15
leaf_value=-0.029639205605651954 -0.0075324955476024106 0.0013174339192517264 -0.015131591388381303 0.015978623277134084 0.031776134332145566 -0.0070997537726246278 0.052763807276163616 -0.024798022301312294 0.014351186031914502 -0.043516314405374158 -0.032746917872354502 -0.023830584384638812 0.057010073524464938 0.031783335139037472
leaf_weight=5.0410626828670493 43.649525493383408 4.1583082079887372 24.498455956578255 292.78689107298851 99.927445188164711 35.071267038583755 7.2744452804327002 34.639552980661392 161.4311368316412 101.21159017086029 114.04919698834419 32.766577392816544 4.401461124420166 3.4361083954572678
leaf_count=24 177 21 109 1434 510 164 34 159 725 424 468 137 25 22
internal_value=4.45452e-05 -0.0292523 0.0135107 0.0172245 0.0288267 0.0135099 0.00645558 -0.0113367 0.0104665 -0.0317089 -0.0257678 -0.0387018 0.0304785 0.0459503
internal_weight=964.343 303.673 660.67 432.827 104.969 327.858 227.844 41.914 185.93 291.677 157.699 133.978 11.9959 7.83757
internal_count=4433 1274 3159 2132 534 1598 1027 193 834 1206 645 561 68 47
is_linear=0
shrinkage=0.04


Tree=24
num_leaves=14
num_cat=0
split_feature=40 9 9 13 36 20 29 9 8 27 38 30 31
split_gain=220.733 25.3654 10.6711 13.9561 9.18032 13.4056 12.8523 8.02772 12.678 7.48628 3.97104 2.75736 0.216845
threshold=0.49766681823927889 0.00041897945122756946 0.00033328811198343793 0.00014343117841715002 0.61067667881444154 0.0025875581464651002 0.023949967248279771 0.00031735871063179436 0.00033319182093700006 0.94829069391293208 0.76293890317302415 0.046446585041858952 0.65315123669533814
decision_type=2 2 2 2 2 2 2 2 2 2 2 2 2
left_child=2 7 4 10 6 -6 -1 9 -9 -2 -4 -5 -3
right_child=1 12 3 11 5 -7 -8 8 -10 -11 -12 -13 -14
leaf_value=0.010102069532829237 -0.024463345194923929 0.049357301493321064 -0.069671299469785758 -0.0066605085358782505 0.019343176587244909 -0.00078032537351614402 0.024343330665120951 0.036210039398933053 -0.022885024245457158 -0.038723125668159948 -0.021345088182945594 0.03196795648869221 0.035558822836524472
leaf_weight=187.09558068215847 100.76454690098763 4.7128835320472708 5.627485394477846 5.0417670309543592 91.13747350871563 126.46264280378819 221.34350477159023 6.5259965509176245 52.835909247398376 141.80308698117733 5.2667077630758286 7.149087592959404 2.9709761291742325
leaf_count=893 419 31 23 21 463 590 1082 27 219 592 22 31 20
internal_value=4.41037e-05 -0.0277465 0.0132994 -0.0134083 0.0142842 0.007648 0.0178198 -0.0295729 -0.0163884 -0.0327995 -0.0463084 0.0159924 0.0440221
internal_weight=958.738 309.613 649.124 23.085 626.039 217.6 408.439 301.93 59.3619 242.568 10.8942 12.1909 7.68386
internal_count=4433 1308 3125 97 3028 1053 1975 1257 246 1011 45 52 51
is_linear=0
shrinkage=0.04


Tree=25
num_leaves=14
num_cat=0
split_feature=40 9 3 25 31 35 9 27 36 35 3 25 34
split_gain=204.876 24.3074 11.2741 10.5105 18.9376 11.1153 8.07165 8.88438 7.48122 11.4636 3.97447 3.65585 0.804032
threshold=0.50033186170699595 0.00040509012119122311 0.0028646055450447004 0.90000000000000013 0.65209161346044209 1.4555672339187451 0.00012171984826491075 0.57229176551810435 0.49166008859302085 0.5684794221267685 0.0055757253775285511 0.90000000000000013 0.50723548317603384
decision_type=2 2 2 2 2 2 2 2 2 2 2 2 2
left_child=2 8 3 5 -5 -1 -4 -8 11 -10 -3 -2 -12
right_child=1 10 6 4 -6 -7 7 -9 9 -11 12 -13 -14
leaf_value=0.019600673529832288 -0.050672574900769693 -0.0039972697242476015 -0.040265034101985113 -0.032401985848472897 0.014907007279177598 0.003483201383872966 0.048848804213756071 0.00040014343897479032 -0.011959635552877337 -0.031892001486847017 0.05731309539203517 -0.028207882195654545 0.031457597843782173
leaf_weight=404.58977989852428 35.175812035799026 3.8214507251977903 7.201934650540351 20.210526838898659 41.006557017564774 82.405386492609978 6.4860255867242804 91.334465593099594 62.983561754226685 172.89839462935925 4.3234374225139618 17.286749422550201 3.4679543375968933
leaf_count=2029 148 20 33 89 200 382 29 397 261 725 25 72 23
internal_value=4.33132e-05 -0.0273232 0.0126097 0.0149097 -0.00071183 0.0168734 0.000603636 0.00361255 -0.0296084 -0.0265698 0.0294164 -0.0432703 0.0458048
internal_weight=953.192 299.957 653.235 548.212 61.2171 486.995 105.022 97.8205 288.345 235.882 11.6128 52.4626 7.79139
internal_count=4433 1274 3159 2700 289 2411 459 426 1206 986 68 220 48
is_linear=0
shrinkage=0.04


Tree=26
num_leaves=14
num_cat=0
split_feature=40 9 32 15 32 21 26 35 5 38 35 40 31
split_gain=190.098 22.3257 11.3156 9.77082 18.7383 18.0044 8.28611 10.3638 8.28946 8.00747 10.5284 7.41342 0.217254
threshold=0.49766681823927889 0.00041897945122756946 0.00026803712802348525 0.00065087893522250016 0.00033600245799041264 0.00022104184755185002 0.01983077635730943 0.62658571546393893 1.0000000180025095e-35 0.96614316215031448 0.57264730748868498 0.52570888981521191 0.65315123669533814
decision_type=2 2 2 2 2 2 2 2 2 2 2 2 2
left_child=2 9 6 5 -5 -4 8 -8 -1 10 -2 -11 -3
right_child=1 12 3 4 -6 -7 7 -9 -10 11 -12 -13 -14
leaf_value=0.021510987218639879 -0.0032335745159636337 0.048615019032520988 0.013595768541470814 -0.0052785499871182782 0.047844239939292849 -0.039391364652762155 0.029215876034862826 -0.050651264163208358 0.01133327179642671 -0.021901309341729746 -0.027249948373960806 -0.041509119993822459 0.034485177290216676
leaf_weight=208.7295159548521 38.214685544371605 4.4672469347715369 18.989458248019218 33.999662235379219 15.452475175261496 22.320067256689072 4.2318698018789274 6.7396659106016159 331.21662783622742 47.125279396772385 123.88460583984852 89.341449499130249 2.852968767285347
leaf_count=1020 155 31 87 146 68 97 20 30 1657 200 517 385 20
internal_value=4.25972e-05 -0.0259065 0.0124124 -0.000674278 0.0113209 -0.0150339 0.0145684 -0.0198454 0.0152677 -0.0275986 -0.0215881 -0.0347381 0.0431081
internal_weight=947.566 305.886 641.679 90.7617 49.4521 41.3095 550.918 10.9715 539.946 298.566 162.099 136.467 7.32022
internal_count=4433 1308 3125 398 214 184 2727 50 2677 1257 672 585 51
is_linear=0
shrinkage=0.04


Tree=27
num_leaves=13
num_cat=0
split_feature=40 9 3 26 36 7 36 9 38 3 34 34
split_gain=176.617 21.4768 11.2807 8.26707 7.46514 7.34485 7.12877 8.28065 5.46845 3.76209 2.65398 0.795111
threshold=0.5026112379508817 0.00040509012119122311 0.0044242206003172009 0.01983077635730943 0.61067667881444154 0.00090817681735155017 0.49166008859302085 0.00032206913450164178 0.99999999979037379 0.0055757253775285511 0.17287687339046517 0.50723548317603384
decision_type=2 2 2 2 2 2 2 2 2 2 2 2
left_child=2 6 3 4 -1 -4 10 -8 -5 -3 -2 -11
right_child=1 9 5 8 -6 -7 7 -9 -10 11 -12 -13
leaf_value=0.016322306642809589 -0.029426692388296483 -0.0041399979966790651 0.0078361748841812382 -0.00024517224155930272 0.0071054184664248871 -0.057568876212569536 -0.028463350048639705 -0.0084433577734908047 -0.048474118759162028 0.056580535468237228 -0.048418158382361069 0.030315098293130852
leaf_weight=405.35564382374287 18.489068284630775 3.7714799642562848 4.9709354490041715 13.091104418039324 215.26958006620407 6.1407788693904877 189.74658934772015 40.030339792370796 5.2781818658113471 4.1376642733812332 32.413296565413475 3.3267306312918663
leaf_count=1992 78 20 21 58 1057 25 804 168 23 25 139 23
internal_value=4.17818e-05 -0.0258052 0.0116478 0.0123426 0.0131253 -0.0283093 -0.027976 -0.0249756 -0.0141031 0.0284221 -0.04152 0.0448746
internal_weight=942.021 291.915 650.106 638.995 620.625 11.1117 280.679 229.777 18.3693 11.2359 50.9024 7.46439
internal_count=4433 1257 3176 3130 3049 46 1189 972 81 68 217 48
is_linear=0
shrinkage=0.04


Tree=28
num_leaves=14
num_cat=0
split_feature=40 9 3 27 32 20 15 7 32 38 27 40 31
split_gain=163.901 19.708 10.7503 9.00128 12.3766 12.3628 7.68039 19.0424 12.0438 7.59827 9.80327 7.0391 0.218794
threshold=0.49766681823927889 0.00041897945122756946 0.0028646055450447004 0.94829069391293208 0.00022049144729983572 0.0025839756064870508 0.00065087893522250016 0.00031023111131470003 0.00033600245799041264 0.96614316215031448 0.81302246467028805 0.52570888981521191 0.65315123669533814
decision_type=2 2 2 2 2 2 2 2 2 2 2 2 2
left_child=2 9 3 4 -1 -5 7 -4 -8 10 -2 -11 -3
right_child=1 12 6 5 -6 -7 8 -9 -10 11 -12 -13 -14
leaf_value=0.00080133011433508854 -0.0037679317771985507 0.047954591332092726 0.00131532922073415 -0.05623997243783313 0.024793147533711552 0.018432552660791909 -0.00010235064783090751 -0.057233379733523979 0.046608138676541892 -0.020265241178087458 -0.025968919852892444 -0.039504390366760428 0.033446219343923209
leaf_weight=139.113366574049 43.719850674271584 4.2304472699761382 45.063635930418968 3.5844314843416205 45.705988481640816 343.63740232586861 34.892518728971481 11.071784898638724 11.825099945068358 46.622336402535439 116.95173171162605 87.595507070422173 2.7404404953122139
leaf_count=693 180 31 205 18 221 1740 150 46 52 200 492 385 20
internal_value=4.03872e-05 -0.0242249 0.0115773 0.0138658 0.00673453 0.0176617 -0.000260834 -0.0102324 0.0117209 -0.0257963 -0.0199279 -0.0328214 0.042251
internal_weight=936.755 301.86 634.894 532.041 184.819 347.222 102.853 56.1354 46.7176 294.889 160.672 134.218 6.97089
internal_count=4433 1308 3125 2672 914 1758 453 251 202 1257 672 585 51
is_linear=0
shrinkage=0.04


Tree=29
num_leaves=15
num_cat=0
split_feature=40 0 31 25 26 13 33 19 17 35 36 13 12 37
split_gain=152.336 18.9192 12.3729 10.5719 13.9186 9.02217 8.46644 7.28746 16.5533 6.94313 10.2577 7.55567 5.8335 0.602129
threshold=0.5026112379508817 75.490580201001279 0.63819846296640514 0.50000000000000011 0.01980125322129158 -0.00029309647868894993 -0.63157894736842091 1.062495718487295 1.0000000180025095e-35 0.57264730748868498 0.6071662723290342 -0.00037088736142304994 -0.00011544460037175 0.052319542428305867
decision_type=2 2 2 2 2 2 2 2 2 2 2 2 2 2
left_child=3 9 -3 7 6 -6 -5 8 -1 10 -2 -11 -9 -4
right_child=1 2 13 4 5 -7 -8 12 -10 11 -12 -13 -14 -15
leaf_value=0.014984211234988706 -0.031166725528431083 -0.018058317355057443 0.043287902048956009 0.011078677735838337 -0.038209212691837767 -0.00099099598707879321 -0.015176002267751194 0.047924917667531125 -0.053633157157163616 -0.047677808493331732 -0.0022257976869060835 -0.026965899586862893 0.018284085920815932 0.065522044450679731
leaf_weight=276.40694569051266 38.685404151678085 7.2658071368932706 3.8661576360464096 252.62494906783104 16.820328295230865 27.392852693796158 21.309736773371696 18.864280849695206 5.7420423328876486 34.195595517754555 39.707741647958755 160.21360751986504 24.318725660443306 3.9295819476246834
leaf_count=1407 164 38 23 1255 73 118 94 89 25 149 169 693 115 21
internal_value=3.95955e-05 -0.0241473 0.0194949 0.0108597 0.00567508 -0.0151502 0.00903629 0.0159299 0.0135878 -0.0265568 -0.0165075 -0.030609 0.0312325 0.0544954
internal_weight=931.344 287.864 15.0615 643.48 318.148 44.2132 273.935 325.332 282.149 272.802 78.3931 194.409 43.183 7.79574
internal_count=4433 1257 82 3176 1540 191 1349 1636 1432 1175 333 842 204 44
is_linear=0
shrinkage=0.04


Tree=30
num_leaves=14
num_cat=0
split_feature=40 9 25 26 25 13 19 17 36 35 5 25 31
split_gain=141.386 17.9459 9.39793 13.4186 9.17084 8.02153 7.32221 15.1424 6.89394 11.7685 6.1175 3.89815 0.237667
threshold=0.50033186170699595 0.00041897945122756946 0.50000000000000011 0.01980125322129158 0.90000000000000013 -0.00029309647868894993 1.062495718487295 1.0000000180025095e-35 0.49166008859302085 0.5684794221267685 1.0000000180025095e-35 0.90000000000000013 0.65315123669533814
decision_type=2 2 2 2 2 2 2 2 2 2 2 2 2
left_child=2 8 6 4 -4 -5 7 -1 11 -10 -8 -2 -3
right_child=1 12 3 5 -6 -7 10 -9 9 -11 -12 -13 -14
leaf_value=0.014403205383411929 -0.045831039310240643 0.047603184084633487 0.013038639443370494 -0.036413365544371322 -0.0044194160399661491 -0.0012805160531637546 0.036717340874653996 -0.050826998143888108 -0.0069126448289145957 -0.027197206703572206 -0.0086132454886086746 -0.022869847337914147 0.032143843005888073
leaf_weight=273.34453698992729 33.825024753808975 4.0967023596167556 208.07231245934963 16.941311001777649 62.636120557785034 26.921596124768257 36.973036140203476 5.815132647752761 62.844632878899574 168.35836869478226 5.4677670747041693 18.193071663379669 2.6015715226531029
leaf_count=1402 149 31 1039 73 301 116 176 25 266 730 27 78 20
internal_value=3.8615e-05 -0.0231132 0.0105895 0.00567376 0.00899922 -0.01485 0.0153978 0.0130444 -0.0246437 -0.0216835 0.0308773 -0.0378005 0.0415989
internal_weight=926.091 289.919 636.172 314.571 270.708 43.8629 321.6 279.16 283.221 231.203 42.4408 52.0181 6.69827
internal_count=4433 1274 3159 1529 1340 189 1630 1427 1223 996 203 227 51
is_linear=0
shrinkage=0.04


Tree=31
num_leaves=15
num_cat=0
split_feature=9 1 29 38 39 13 28 33 34 32 24 14 35 36
split_gain=19.5527 19.4166 10.7951 11.8064 15.9738 9.93851 9.14769 15.6149 8.87973 8.70883 10.6016 6.28265 5.0392 4.96445
threshold=0.00016444588925518011 -2.9029868066809281 0.088704452119877777 0.99999999984008481 0.27336487282301197 -0.00039802121274599994 0.87115937290538803 -0.73684210526315785 0.080455468290560203 0.00013527989666004055 0.30833333333281948 -0.00062320259567514994 0.9350055697862848 0.59917029544128597
decision_type=2 2 2 2 2 2 2 2 2 2 2 2 2 2
left_child=1 9 5 4 -4 13 11 -8 -7 12 -11 -3 -1 -2
right_child=2 6 3 -5 -6 8 7 -9 -10 10 -12 -13 -14 -15
leaf_value=-0.056887762567593571 -0.071134639343300873 -0.01770482986493235 0.033272430896894689 -0.033816427911837456 -0.022356040555616904 0.0047080474391873782 0.012865263488069054 -0.028226650556754485 -0.0079561553261136495 -0.030295114575648398 0.036710425894357947 0.031404379835578186 -0.012201172717135556 -0.017335156518862589
leaf_weight=4.310419723391532 5.3796607404947263 4.5239000022411338 35.476751282811165 7.4888767153024665 10.765358075499533 112.74668626487255 170.30393843352795 16.203894048929214 413.38573031872511 5.4270963966846493 12.434144258499144 52.99397848546505 63.800706461071968 5.6021356880664825
leaf_count=21 24 25 175 35 48 527 886 78 1907 26 66 295 295 25
internal_value=3.76912e-05 0.00783691 -0.00431832 0.0127762 0.0203219 -0.0060284 0.013596 0.00929518 -0.0052423 -0.00850977 0.0163509 0.0275418 -0.0150292 -0.0436899
internal_weight=920.843 329.998 590.845 53.731 46.2421 537.114 244.026 186.508 526.132 85.9724 17.8612 57.5179 68.1111 10.9818
internal_count=4433 1692 2741 258 223 2483 1284 964 2434 408 92 320 316 49
is_linear=0
shrinkage=0.04


Tree=32
num_leaves=13
num_cat=0
split_feature=40 9 3 15 28 32 9 27 32 40 34 34
split_gain=128.976 16.6444 9.19208 8.97871 8.45197 8.31056 7.97149 8.28208 6.36712 5.89161 3.82328 0.745587
threshold=0.49766681823927889 0.00040509012119122311 0.0028646055450447004 0.0015018121204422501 0.87030980569071204 0.00011584219610356463 0.00012171984826491075 0.57229176551810435 0.00020281533828194929 0.37582399955591056 0.37851372577434356 0.50723548317603384
decision_type=2 2 2 2 2 2 2 2 2 2 2 2
left_child=2 5 3 4 -1 -2 -4 -8 -7 -5 -3 -12
right_child=1 10 6 9 -6 8 7 -9 -10 -11 11 -13
leaf_value=0.022085549995803352 0.031769259836142559 -0.0082172040833811619 -0.041377447838691184 -0.054310799953498239 0.010279364614700404 -0.031639219847827749 0.046826050356417598 -0.00071056638218503225 -0.019387095431026971 0.0024323946444726615 0.054498354223689836 0.028617163471474194
leaf_weight=130.34042643010616 4.2758978903293601 3.3115814104676229 7.1448532342910758 5.1015781313180906 379.50713233649731 115.16466519236565 6.2796054780483237 88.630492001771927 165.23160435259342 6.8706158697605133 4.227873757481575 3.0771624892950058
leaf_count=695 18 17 33 21 1925 508 29 391 714 31 28 23
internal_value=3.7893e-05 -0.0217414 0.0103463 0.0124935 0.0132976 -0.0235753 -0.000632645 0.00243463 -0.0244193 -0.021747 0.0274343 0.0435962
internal_weight=919.163 295.289 623.875 521.82 509.848 284.672 102.055 94.9101 280.396 11.9722 10.6166 7.30504
internal_count=4433 1308 3125 2672 2620 1240 453 420 1222 52 68 51
is_linear=0
shrinkage=0.04


Tree=33
num_leaves=13
num_cat=0
split_feature=9 7 35 31 33 28 13 29 38 10 35 14
split_gain=17.5383 21.8709 13.0703 16.049 10.4303 12.0417 9.96119 9.53814 11.303 10.7354 9.10807 5.22248
threshold=0.00016444588925518011 -0.00087082940541304986 0.99506607768592303 0.70365288880004384 -0.73684210526315785 0.87874212347891711 -0.00040151735894094993 0.088704452119877777 0.99999999984008481 -0.00013134998106764998 1.5138263998694004 -0.00057601794366524985
decision_type=2 2 2 2 2 2 2 2 2 2 2 2
left_child=1 2 3 -1 10 -6 -2 9 -9 -8 -3 -4
right_child=6 4 11 -5 5 -7 7 8 -10 -11 -12 -13
leaf_value=-0.053527695606216598 -0.04915322439995988 0.021377698001420802 -0.01848837614008569 0.0079728791862989663 0.033690442057897514 -0.02944129638024735 0.0098280135541408357 0.020390999340930232 -0.032708149574821731 -0.0072849313048755525 -0.036093839077990686 -0.063494090439375928
leaf_weight=7.3417194336652747 7.7455632835626593 161.24945774674416 36.072599515318871 90.189161136746407 7.0913050770759609 15.186483383178709 67.214708402752876 44.853218674659729 7.4844626486301413 460.46324719488621 4.5361701846122733 4.6580685675144187
leaf_count=35 34 880 170 450 39 73 315 220 35 2137 23 22
internal_value=3.70159e-05 0.00747296 -0.00460433 0.00334337 0.016352 -0.00934566 -0.00409142 -0.00348966 0.0127976 -0.00510511 0.0198052 -0.0236354
internal_weight=914.086 326.325 138.262 97.5309 188.063 22.2778 587.761 580.016 52.3377 527.678 165.786 40.7307
internal_count=4433 1692 677 485 1015 112 2741 2707 255 2452 903 192
is_linear=0
shrinkage=0.04


Tree=34
num_leaves=13
num_cat=0
split_feature=40 9 37 9 3 28 31 21 7 14 20 38
split_gain=118.11 16.2246 11.0178 12.5334 8.83921 6.96846 12.8851 8.02892 6.67952 5.62863 5.58956 6.25454
threshold=0.5026112379508817 0.00038032867145201631 0.0053035487060293868 0.00041897945122756946 0.0044242206003172009 0.87198350149482684 0.62014905686488708 -0.0013421206232973497 0.00090817681735155017 0.00034275621357240005 0.0026580017905381004 0.96614316215031448
decision_type=2 2 2 2 2 2 2 2 2 2 2 2
left_child=4 10 3 -3 5 6 -1 -7 -6 -4 11 -2
right_child=1 2 9 -5 8 7 -8 -9 -10 -11 -12 -13
leaf_value=-0.018389061032515277 -0.017438798944113338 -0.036408184663920158 0.075001073029560564 0.046930988345167755 0.0087164023744052254 0.029744372370798182 0.020917149803857803 0.0064647744902951165 -0.053775174936810714 0.011797478938139776 -0.059571752017066527 -0.030083571796305102
leaf_weight=14.66505618393421 132.50637803971767 9.7348431497812289 4.7624771147966367 4.1047210544347754 4.9553205519914609 25.078467756509781 148.12881736457348 432.5879593193531 6.1123111099004745 4.2809382751584053 7.0311473309993735 118.61538299918175
leaf_count=69 567 42 22 33 21 130 784 2147 25 24 32 537
internal_value=3.6936e-05 -0.0215349 0.0107462 -0.0116904 0.0096366 0.0102686 0.0173763 0.00774041 -0.0257958 0.045082 -0.0243963 -0.0234115
internal_weight=912.564 281.036 22.883 13.8396 631.528 620.46 162.794 457.666 11.0676 9.04342 258.153 251.122
internal_count=4433 1257 121 75 3176 3130 853 2277 46 46 1136 1104
is_linear=0
shrinkage=0.04


Tree=35
num_leaves=15
num_cat=0
split_feature=40 0 9 32 10 7 31 20 34 30 27 38 9 13
split_gain=109.632 15.1629 8.01598 20.9093 9.85063 8.73105 14.4191 9.38087 8.51712 6.71047 6.12652 11.5257 8.78464 4.5489
threshold=0.5026112379508817 74.402954350235248 0.00021531220322711659 0.00020281533828194929 -0.00012050305813419999 -0.00087082940541304986 0.70365288880004384 0.0025875581464651002 0.093010979613087741 0.040325141488036995 0.94829069391293208 0.94774182900352 0.00032998536093542443 0.00056403977260065013
decision_type=2 2 2 2 2 2 2 2 2 2 2 2 2 2
left_child=2 10 5 8 -5 6 -1 -7 -4 13 11 -2 -12 -3
right_child=1 9 3 4 -6 7 -8 -9 -10 -11 12 -13 -14 -15
leaf_value=-0.059998353033554157 -0.0013935966815852721 0.015081884255025775 0.022049311983279231 0.017998950636509192 -0.00033300632227032447 0.023795335171176143 0.0058276977318510326 0.0098671137946916652 -0.037417039209150127 0.032700530995790046 -0.032876749743267222 -0.029334197284072012 -0.010152748605957281 -0.042852862211363973
leaf_weight=5.6703375875949851 47.37017884850502 4.328908599913122 4.5584381520748165 85.924811497330666 103.26103711128235 134.00276102125645 87.244692459702492 183.06988157331944 24.923976555466652 11.453754708170889 129.77873928844929 47.118456497788429 34.443042695522308 4.3449030220508575
leaf_count=27 201 22 22 406 475 751 447 930 118 64 580 215 154 21
internal_value=3.56855e-05 -0.0208399 0.00929497 0.00311019 0.00799304 0.0125936 0.00181052 0.0157535 -0.0282226 0.0126016 -0.0234416 -0.0153267 -0.0281107 -0.0139389
internal_weight=907.494 278.838 628.656 218.668 189.186 409.988 92.915 317.073 29.4824 20.1276 258.71 94.4886 164.222 8.67381
internal_count=4433 1257 3176 1021 881 2155 474 1681 140 107 1150 416 734 43
is_linear=0
shrinkage=0.04


Tree=36
num_leaves=14
num_cat=0
split_feature=40 9 25 26 13 2 38 35 19 17 5 21 31
split_gain=101.739 14.3258 9.0577 10.8434 8.22098 8.12124 7.67154 11.1568 7.0315 13.1371 5.83158 5.79601 0.251641
threshold=0.5026112379508817 0.00041897945122756946 0.50000000000000011 0.019801651807532593 0.00030729074295035005 0.039581523864272009 0.98188503346026468 1.9433994820555947 1.062495718487295 1.0000000180025095e-35 1.0000000180025095e-35 -0.0013325061748224998 0.65315123669533814
decision_type=2 2 2 2 2 2 2 2 2 2 2 2 2
left_child=2 6 8 5 -5 -4 7 -2 9 -1 -10 -8 -3
right_child=1 12 3 4 -6 -7 11 -9 10 -11 -12 -13 -14
leaf_value=0.012714408129465978 -0.010604437823341858 0.046711338292129298 -0.020976192962968852 -0.033527798339507385 0.0015539889410961726 0.008844189621186575 0.013123250505168939 -0.039327736146510126 0.034791702813546481 -0.047748176390251931 -0.0098182485393040458 -0.030969629583381338 0.030127122490559721
leaf_weight=267.05408921837807 125.41531576216221 3.7426772341132155 15.509408891201018 19.711255759000778 23.345996037125587 252.59262289106846 4.9780150502920142 26.147625595331192 36.363363102078438 5.87623406946659 5.3826169073581687 114.11053690314293 2.4043183177709579
leaf_count=1407 536 31 83 85 101 1271 23 120 177 25 27 527 20
internal_value=3.4948e-05 -0.0201578 0.00896594 0.00412667 -0.0145062 0.00711911 -0.0215292 -0.0155598 0.0137511 0.0114126 0.0290398 -0.0291265 0.0402246
internal_weight=902.634 276.798 625.836 311.159 43.0573 268.102 270.651 151.563 314.676 272.93 41.746 119.089 6.147
internal_count=4433 1257 3176 1540 186 1354 1206 656 1636 1432 204 550 51
is_linear=0
shrinkage=0.04


Tree=37
num_leaves=12
num_cat=0
split_feature=40 9 3 27 32 20 9 27 32 9 31
split_gain=94.5844 13.135 8.12898 8.35875 12.0023 11.6251 7.82118 7.7137 7.59704 7.15888 0.252757
threshold=0.49766681823927889 0.00041897945122756946 0.0028646055450447004 0.94829069391293208 0.00022049144729983572 0.0025839756064870508 0.00012171984826491075 0.57229176551810435 0.00011584219610356463 0.00031735871063179436 0.65315123669533814
decision_type=2 2 2 2 2 2 2 2 2 2 2
left_child=2 8 3 4 -1 -5 -4 -8 -2 -10 -3
right_child=1 10 6 5 -6 -7 7 -9 9 -11 -12
leaf_value=-0.001931272719124419 0.032994154003851389 0.046407020071568418 -0.041873777209477478 -0.057175731497176099 0.022165226440276381 0.015509698792806344 0.045124132636342545 -0.001397522070082233 -0.02424284447558429 -0.0082388934884431581 0.029566084915445073
leaf_weight=134.51966980099678 4.2343770116567603 3.619028076529502 7.115495190024375 3.5587980747222892 43.85563038289547 328.25179980695248 6.0983654707670203 87.869370952248573 220.22171059250832 56.116677895188332 2.3529923632740974
leaf_count=693 18 31 33 18 221 1740 29 391 993 246 20
internal_value=3.38641e-05 -0.0189287 0.00892294 0.0109762 0.00399313 0.0147301 -0.00144009 0.00162166 -0.0201781 -0.0209929 0.0397716
internal_weight=897.814 286.545 611.269 510.186 178.375 331.811 101.083 93.9677 280.573 276.338 5.97202
internal_count=4433 1308 3125 2672 914 1758 453 420 1257 1239 51
is_linear=0
shrinkage=0.04


Tree=38
num_leaves=14
num_cat=0
split_feature=9 35 15 21 1 13 10 29 25 34 27 1 36
split_gain=13.8747 14.1163 12.7325 12.531 10.4894 9.16184 9.27868 9.3805 6.48505 5.94635 5.64818 4.63037 4.16914
threshold=0.00016444588925518011 0.99737900020813242 -0.00071749964755859986 -0.00074917618838864989 -2.0430539379162833 -0.00039802121274599994 -0.00012050305813419999 0.1049130186280023 0.75000000000000011 0.55467003584356978 0.99512630018486459 0.37018595331119292 0.59917029544128597
decision_type=2 2 2 2 2 2 2 2 2 2 2 2 2
left_child=1 2 3 -1 9 12 8 -8 -7 -3 -6 -4 -2
right_child=5 4 11 -5 10 6 7 -9 -10 -11 -12 -13 -14
leaf_value=0.0094912205496030348 -0.062998121357570588 0.023784980578192033 0.034942288619920506 -0.03188198949591084 -0.0082223870375810505 0.0080909682271137137 -0.0090541697133416851 0.021300909136119851 -0.0052894662445670225 -0.021456975115630696 0.040225253636474667 -0.00359620454190602 -0.015181738141416575
leaf_weight=187.52666379511356 5.7511900514364225 5.1260670125484458 40.536906316876411 12.493286252021788 6.666784301400182 150.17372218519449 302.82959771901369 17.214504964649677 94.377515323460102 49.864469483494759 9.113330289721489 5.6881770044565192 5.9213387668132782
leaf_count=1011 26 27 227 61 35 734 1426 86 442 251 52 28 27
internal_value=3.32953e-05 0.00675454 0.0112796 0.00690704 -0.00899028 -0.00366419 -0.00293899 -0.00742143 0.00292717 -0.0172396 0.0197571 0.0302 -0.0387414
internal_weight=893.284 317.016 246.245 200.02 70.7707 576.268 564.595 320.044 244.551 54.9905 15.7801 46.2251 11.6725
internal_count=4433 1692 1327 1072 365 2741 2688 1512 1176 278 87 255 53
is_linear=0
shrinkage=0.04


Tree=39
num_leaves=15
num_cat=0
split_feature=40 0 25 26 36 13 36 34 40 35 36 13 40 37
split_gain=86.498 13.072 8.24682 9.75539 9.75995 7.52288 7.00563 13.9129 9.84262 6.23804 9.45193 7.39717 5.27788 4.13339
threshold=0.5026112379508817 75.490580201001279 0.50000000000000011 0.019801651807532593 0.86699290895535763 -0.00029309647868894993 0.55937936042437941 0.042234530133059327 0.41754603167998733 0.57264730748868498 0.6071662723290342 -0.00037088736142304994 0.77065916165532566 0.0053035487060293868
decision_type=2 2 2 2 2 2 2 2 2 2 2 2 2 2
left_child=2 9 6 4 -4 -5 7 -1 -8 10 -2 -11 13 -3
right_child=1 12 3 5 -6 -7 8 -9 -10 11 -12 -13 -14 -15
leaf_value=-0.019555419917868272 -0.025550403348662553 -0.026512147456777688 0.0074539180546674237 -0.035391127560086638 -0.056867672852780674 -0.00093985294421643066 0.015043347099444231 0.023001546954733144 -0.0051924512802348421 -0.042300370383531016 0.0028117385764064688 -0.021090509481356594 0.052048013275397022 0.02744846255438585
leaf_weight=13.516006976366041 36.894276216626167 4.4995545744895917 262.04014232754707 16.323143646121025 3.8296137601137152 26.778038918972015 98.232561007142067 135.64155279099941 63.202105641365051 31.848134309053421 38.334032073616982 151.27865648269653 4.9542437866330138 4.5864481702446938
leaf_count=71 164 20 1335 70 19 116 524 719 322 149 169 693 40 22
internal_value=3.32483e-05 -0.0187527 0.00829263 0.00366566 0.00652742 -0.0139871 0.0128955 0.0191452 0.00712098 -0.0207954 -0.0110979 -0.0247792 0.0188356 0.000726183
internal_weight=891.959 272.395 619.563 308.971 265.87 43.1012 310.592 149.158 161.435 258.355 75.2283 183.127 14.0402 9.086
internal_count=4433 1257 3176 1540 1354 186 1636 790 846 1175 333 842 82 42
is_linear=0
shrinkage=0.04


Tree=40
num_leaves=13
num_cat=0
split_feature=9 7 9 32 35 21 13 10 28 31 3 10
split_gain=12.2838 16.1825 10.9214 10.2469 10.0073 9.07535 8.52156 8.19234 10.3705 7.82983 7.73618 6.49117
threshold=0.00016444588925518011 -0.00087082940541304986 0.00012377871497874692 0.00019797791723706135 1.4178403035578964 -0.0012795916787981998 -0.00040151735894094993 -0.00012050305813419999 0.83934688490915443 4.6802040417937976 0.0016701056910032503 -0.00012107369888939998
decision_type=2 2 2 2 2 2 2 2 2 2 2 2
left_child=1 2 5 4 -3 -1 -2 11 -9 -4 -5 -8
right_child=6 3 9 10 -6 -7 7 8 -10 -11 -12 -13
leaf_value=-0.0028152080887080483 -0.045385425163407628 0.023808875133166613 0.023491528834158847 -0.048405254179202321 -0.024597122745451051 -0.02904893329883863 0.0011101544699220417 0.0089994595932595227 -0.010341969692978077 -0.024469409202741165 0.0048422517909340705 0.031021510230271922
leaf_weight=67.09186078608036 7.649200737476348 113.67757807672024 29.533148616552353 4.7495000362396231 7.2704521417617789 30.778227627277374 234.62623430043459 53.237718813121319 265.830915376544 6.6776829510927191 54.01644928753376 12.212580062448977
leaf_count=335 34 663 157 24 39 153 1134 257 1256 32 289 60
internal_value=3.25107e-05 0.00639523 -0.00412119 0.0142413 0.0208991 -0.0110652 -0.00344856 -0.00288171 -0.00711478 0.014647 0.000538756 0.00259005
internal_weight=887.352 313.795 134.081 179.714 120.948 97.8701 573.557 565.907 319.069 36.2108 58.7659 246.839
internal_count=4433 1692 677 1015 702 488 2741 2707 1513 189 313 1194
is_linear=0
shrinkage=0.04


Tree=41
num_leaves=15
num_cat=0
split_feature=40 0 31 25 15 21 36 19 17 36 35 29 25 31
split_gain=78.8297 12.1234 11.1068 7.71854 8.84386 12.905 8.73612 6.95402 11.9512 5.95952 9.55763 5.79332 3.21615 0.504777
threshold=0.5026112379508817 75.490580201001279 0.63819846296640514 0.50000000000000011 0.0013933806137733501 0.0011824723463039501 0.86699290895535763 1.062495718487295 1.0000000180025095e-35 0.49166008859302085 0.5684794221267685 0.067722977047446301 0.90000000000000013 0.66304968466990377
decision_type=2 2 2 2 2 2 2 2 2 2 2 2 2 2
left_child=3 9 -3 7 6 -6 -5 8 -1 12 -11 -9 -2 -4
right_child=1 2 13 4 5 -7 -8 11 -10 10 -12 -13 -14 -15
leaf_value=0.011327687303010578 -0.040294629241944532 -0.018186947702856199 0.064175052469734983 0.0063798107923147968 -0.053604378171807604 0.0034765839165445673 -0.053914324683411258 0.035273698076724369 -0.046203380312124856 -0.0032202816569306936 -0.022349242100512694 -0.0024295279750559053 -0.017763489038786155 0.042822764924585546
leaf_weight=261.39215472340584 31.177905768156052 6.7700107023119909 3.5290150716900826 277.08266741037369 10.311857819557192 16.441180497407913 3.8990362137556067 32.753546223044395 5.9078777134418479 57.595997951924801 152.29926128685474 8.1414559334516508 15.019758656620978 3.5569203346967697
leaf_count=1407 148 38 21 1407 43 71 19 163 25 254 704 41 69 23
internal_value=3.25046e-05 -0.0179911 0.0184517 0.00793188 0.00345076 -0.0185251 0.00554314 0.0124063 0.0100561 -0.0199629 -0.0171002 0.0277677 -0.0329693 0.0534569
internal_weight=885.879 269.949 13.8559 615.93 307.735 26.753 280.982 308.195 267.3 256.093 209.895 40.895 46.1977 7.08594
internal_count=4433 1257 82 3176 1540 114 1426 1636 1432 1175 958 204 217 44
is_linear=0
shrinkage=0.04


Tree=42
num_leaves=14
num_cat=0
split_feature=40 3 28 3 29 39 2 7 38 36 40 14 36
split_gain=73.2778 11.3785 8.03136 7.24806 6.727 8.57958 8.14747 6.4836 5.45505 8.76717 8.27593 1.99389 1.85521
threshold=0.49766681823927889 0.0051257702317157013 0.93016675813204241 0.0044242206003172009 0.087435067465326602 0.28019221030102048 0.024803131174172953 0.00090817681735155017 0.98188503346026468 0.47690655892270556 0.52570888981521191 -0.00041900623611129992 0.54777225287986286
decision_type=2 2 2 2 2 2 2 2 2 2 2 2 2
left_child=3 8 12 4 6 -6 -1 -5 9 -2 -10 -4 -3
right_child=1 2 11 7 5 -7 -8 -9 10 -11 -12 -13 -14
leaf_value=-0.027317570058721621 -0.040107665548190584 0.020817577926939217 -0.026715617158017638 0.0077165741089498313 0.026092575906494653 -0.024087395217028455 0.0077484485694599738 -0.055918501307703677 -0.011346292599039657 -0.010135521357409385 -0.033478302561799275 0.01032407109935385 0.05882153857708234
leaf_weight=10.822304040193556 17.796998769044876 3.6018458679318446 5.5326558127999306 4.9187602400779706 54.664937689900398 6.0555208772420874 519.77013936638832 5.3461938500404358 42.501358360052109 127.36420982331038 74.277112409472466 4.011238329112528 4.7862029150128365
leaf_count=58 81 19 26 21 309 28 2687 22 196 567 362 25 32
internal_value=3.15158e-05 -0.0168773 0.0139482 0.00789801 0.00847649 0.0210882 0.00703322 -0.0254258 -0.0189876 -0.0138102 -0.0254234 -0.0111481 0.0425026
internal_weight=881.449 279.872 17.9319 601.578 591.313 60.7205 530.592 10.265 261.94 145.161 116.778 9.54389 8.38805
internal_count=4433 1308 102 3125 3082 337 2745 43 1206 648 558 51 51
is_linear=0
shrinkage=0.04


Tree=43
num_leaves=13
num_cat=0
split_feature=40 9 32 32 15 32 32 9 31 9 9 31
split_gain=67.9545 10.5948 7.26072 6.88161 9.29615 17.7585 15.3513 7.27892 19.6249 15.6182 6.30325 0.282033
threshold=0.49766681823927889 0.00041897945122756946 0.00011584219610356463 0.00026803712802348525 0.00065087893522250016 0.00027921342189810857 0.00029449154006122206 0.00026838603876241636 0.6244620304987335 0.00022268112691520387 0.00031735871063179436 0.65315123669533814
decision_type=2 2 2 2 2 2 2 2 2 2 2 2
left_child=3 2 -2 7 6 -6 -5 9 -9 -1 -4 -3
right_child=1 11 10 4 5 -7 -8 8 -10 -11 -12 -13
leaf_value=0.010546151803671361 0.034853511310759692 0.045874682832570964 -0.021353064843963213 0.017571118996175167 -0.050425720838506598 0.019178996585990288 -0.034629048522831392 -0.012458502920259863 0.036111239299397746 -0.011267827570828049 -0.0061640432027529057 0.027307572342690198
leaf_weight=386.00576190650463 4.1853483319282523 3.3573192730545989 213.31876495480537 13.650684028863905 6.8456423431634894 40.929707020521164 26.538405269384384 18.784888133406639 45.674656644463539 60.784030482172966 54.981503799557686 2.1454616114497185
leaf_count=2112 18 31 993 65 30 184 119 87 229 299 246 20
internal_value=3.02327e-05 -0.0163152 -0.0174249 0.00761324 -0.00272096 0.00920546 -0.0168987 0.00939132 0.021957 0.00757844 -0.0182405 0.0386356
internal_weight=877.202 277.988 272.486 599.214 87.9644 47.7753 40.1891 511.249 64.4595 446.79 268.3 5.50278
internal_count=4433 1308 1257 3125 398 214 184 2727 316 2411 1239 51
is_linear=0
shrinkage=0.04


Tree=44
num_leaves=12
num_cat=0
split_feature=35 28 21 3 9 34 32 31 21 9 10
split_gain=10.1861 12.8981 11.1496 10.4723 10.1987 8.35029 8.12421 7.47363 8.12593 4.95214 3.57976
threshold=2.0615851835351524 0.86458567036095613 -0.0013421206232973497 0.0037589150292270004 0.00034311201953397987 0.027345453587039392 0.00019031530831529832 0.61631670466072785 0.00031039253751025006 0.00036644850247368431 -0.00013226330756039995
decision_type=2 2 2 2 2 2 2 2 2 2 2
left_child=1 3 10 4 -1 -2 -4 -7 -9 -5 -3
right_child=5 2 6 9 -6 7 -8 8 -10 -11 -12
leaf_value=0.012023130385417385 0.025963910075126599 -0.0029405403894465013 0.0024339555270637865 -0.041405455831386891 0.071488436314376527 -0.067300867598781941 -0.0067346822929161146 -0.041943682791299119 -0.00367292186804263 0.0091583435109679444 0.030459499005535951
leaf_weight=151.50491915643215 6.2165428698062888 6.665765359997752 282.70024256408215 8.5234364718198758 4.7596310228109351 5.4730877429246894 341.3235120922327 13.817963823676108 24.824326895177364 4.8696797266602507 22.34684082865715
leaf_count=820 29 34 1484 38 21 25 1653 64 120 24 121
internal_value=3.00776e-05 0.00109877 -0.00145406 0.010925 0.0138344 -0.0174381 -0.00258103 -0.0235541 -0.017358 -0.0230207 0.0227857
internal_weight=873.026 822.694 653.036 169.658 156.265 50.3319 624.024 44.1154 38.6423 13.3931 29.0126
internal_count=4433 4195 3292 903 841 238 3137 209 184 62 155
is_linear=0
shrinkage=0.04


Tree=45
num_leaves=15
num_cat=0
split_feature=40 3 28 25 38 15 7 13 35 27 38 3 32 36
split_gain=62.4845 10.5558 8.62584 7.0059 11.6194 10.7174 10.3437 9.08136 7.40441 6.38873 11.5376 8.80686 2.3352 1.19194
threshold=0.50393072780869985 0.0053215093019676014 0.93208783693263342 0.90000000000000013 0.99999999984823307 0.0017990538614327002 -0.00080713634062209983 0.00030729074295035005 1.4555672339187451 0.94829069391293208 0.94774182900352 0.0023727980640297504 0.00041075354600498729 0.59801227868295304
decision_type=2 2 2 2 2 2 2 2 2 2 2 2 2 2
left_child=3 9 13 5 6 8 -5 -7 -1 10 -2 -11 -4 -3
right_child=1 2 12 4 -6 7 -8 -9 -10 11 -12 -13 -14 -15
leaf_value=0.01183321153382761 0.0037406917244765985 0.035498087206946624 0.0098054264542835352 -0.038249230814963842 -0.053380723267430541 -0.049945595592852547 0.0074303005571121558 0.00073049126665562618 -0.0013519612878974915 -0.037792526393948464 -0.024772189731535534 -0.017011324632148821 -0.033509438382923459 0.069844412436974007
leaf_weight=436.80003264546394 47.37285190820694 3.630749508738516 4.1118797063827515 9.3307406157255155 7.1149983555078498 8.7439942359924334 52.887234404683113 16.031814306974411 80.742434844374657 46.725656300783157 43.609804958105087 108.15074153989553 3.8617927208542824 2.9142713621258736
leaf_count=2350 208 23 24 49 32 37 258 71 396 220 213 512 19 21
internal_value=2.91454e-05 -0.0163817 0.0167606 0.00701518 -0.00495766 0.00854586 0.000579807 -0.0171544 0.00977618 -0.0183388 -0.0099261 -0.0232809 -0.0111727 0.0507913
internal_weight=872.029 260.378 14.5187 611.651 69.333 542.318 62.218 24.7758 517.542 245.859 90.9827 154.876 7.97367 6.54502
internal_count=4433 1240 87 3193 339 2854 307 108 2746 1153 421 732 43 44
is_linear=0
shrinkage=0.04


Tree=46
num_leaves=13
num_cat=0
split_feature=40 0 28 15 36 2 28 14 0 31 36 19
split_gain=57.9669 9.94696 7.02373 6.69637 6.76786 9.72906 8.96991 6.12137 8.9355 6.84073 5.38299 2.39612
threshold=0.50393072780869985 74.402954350235248 0.92329409309175003 0.0027974401302367506 0.61067667881444154 0.022344864604598901 0.87115937290538803 -0.00056596571452824992 68.764145106663861 0.57450090708445944 0.5963205093311631 2.6687822936111023
decision_type=2 2 2 2 2 2 2 2 2 2 2 2
left_child=3 7 11 4 6 -6 -1 8 -2 -9 -4 -3
right_child=1 2 10 -5 5 -7 -8 9 -10 -11 -12 -13
leaf_value=0.02033283206224222 -0.015004638577868781 0.015902640802936213 -0.052891554444528435 -0.04503698472678716 -0.066449620397973752 0.0024301542600648754 0.0066021287526360026 0.024368797777695145 0.027035466637370772 -0.027106296180835227 0.014653130014542199 0.053036455349365998
leaf_weight=103.26359061896801 122.35323256254196 6.3862311989069003 3.6257921680808058 3.967293754220008 3.3332965970039359 209.15937335789204 289.64656253159046 4.3010679930448523 8.6619923561811429 104.30904806405306 3.9384240657091141 4.9239590615034103
leaf_count=577 580 41 17 17 18 1089 1492 20 39 494 25 24
internal_value=2.80941e-05 -0.015844 0.012114 0.00676115 0.00710059 0.00134966 0.0102108 -0.0180461 -0.0122252 -0.0250678 -0.0177234 0.0320691
internal_weight=867.87 258.5 18.8744 609.37 605.403 212.493 392.91 239.625 131.015 108.61 7.56422 11.3102
internal_count=4433 1240 107 3193 3176 1107 2069 1133 619 514 42 65
is_linear=0
shrinkage=0.04


Tree=47
num_leaves=11
num_cat=0
split_feature=40 9 3 3 25 38 35 40 40 37
split_gain=53.7896 9.19472 7.19399 7.36463 7.87093 6.38304 9.19863 6.52463 3.30225 0.299983
threshold=0.49766681823927889 0.00041897945122756946 0.0011428108057374502 0.0012746495933237002 0.90000000000000013 0.96614316215031448 1.9075022960465298 0.52570888981521191 0.37929043648200772 0.0060561950559158166
decision_type=2 2 2 2 2 2 2 2 2 2
left_child=2 5 -1 8 -5 6 -2 -7 -4 -3
right_child=1 9 3 4 -6 7 -8 -9 -10 -11
leaf_value=-0.052195257764520192 -0.0054554282874287943 0.045236936478627275 0.051232766998760823 0.0081019007416725346 -0.0068399507841721162 -0.010051581561779569 -0.031109271219160829 -0.02963689021778481 0.0079932660262137488 0.025347739766833619
leaf_weight=3.2892915606498709 121.15217199921608 3.2949889972805968 8.6388920247554761 512.39293631911278 63.385466888546944 42.350620061159134 27.425973936915398 76.152873367071152 4.1998336166143408 1.9205625206232069
leaf_count=16 537 33 43 2733 312 200 135 385 21 18
internal_value=2.69098e-05 -0.0146863 0.00679547 0.00712512 0.006457 -0.0157134 -0.0101909 -0.0226375 0.0370882 0.037913
internal_weight=864.204 272.297 591.906 588.617 575.778 267.082 148.578 118.503 12.8387 5.21555
internal_count=4433 1308 3125 3109 3045 1257 672 585 64 51
is_linear=0
shrinkage=0.04


Tree=48
num_leaves=15
num_cat=0
split_feature=20 7 2 9 36 35 32 39 29 35 15 38 0 13
split_gain=8.853 22.1029 12.0933 11.4037 11.0391 10.776 10.5634 10.4423 9.12101 14.0281 9.36164 6.07124 4.34246 1.73855
threshold=0.0025876106235438001 -0.00080713634062209983 0.03275828167086426 0.00012377871497874692 0.60621107550108244 1.2643858791295433 0.00014489618212314086 0.18679782567903655 0.036292824529535847 2.0456488805389221 -0.0012308370632928497 0.99999999983307319 49.797977153370915 -0.00036567148446824994
decision_type=2 2 2 2 2 2 2 2 2 2 2 2 2 2
left_child=1 2 4 -4 -1 11 12 -7 10 -10 -8 -3 13 -2
right_child=6 5 3 -5 -6 7 8 -9 9 -11 -12 -13 -14 -15
leaf_value=-0.073950630529356673 0.019967152599646463 0.030024088995166696 -0.0070564236390916312 0.016939567978107441 0.0015440826889822556 -0.078370598638906816 0.024123592347629709 0.020625120211792764 0.0065995582657998909 -0.025770847780948992 -0.0087936975430335015 0.0082295353532820092 -0.0052750633075557361 0.054104952136310579
leaf_weight=7.0600376129150373 3.490994617342948 69.958073943853378 108.01940728724003 44.841918781399727 5.5235206335783005 3.3728204220533362 14.399140417575834 3.4473373740911484 189.86558053642511 24.144079893827438 345.89309844374657 28.897931575775146 4.0140773057937613 7.5471350103616706
leaf_count=36 20 413 571 249 29 20 74 20 967 116 1681 174 20 43
internal_value=2.57831e-05 0.00600773 -0.00312003 -1.71918e-05 -0.0408124 0.020298 -0.0027261 -0.0283319 -0.00359307 0.0029476 -0.00747815 0.023653 0.0303522 0.0433083
internal_weight=860.475 271.121 165.445 152.861 12.5836 105.676 589.354 6.82016 574.302 214.01 360.292 98.856 15.0522 11.0381
internal_count=4433 1512 885 820 65 627 2921 40 2838 1083 1755 587 83 63
is_linear=0
shrinkage=0.04


Tree=49
num_leaves=14
num_cat=0
split_feature=40 3 28 36 9 29 20 7 10 32 29 32 23
split_gain=48.8569 9.07219 7.8516 6.16769 9.96638 9.86409 9.56616 21.8159 8.3845 6.08505 5.46552 2.12265 1.59138
threshold=0.50393072780869985 0.0053215093019676014 0.93208783693263342 0.61067667881444154 0.00036181727364343984 0.023949967248279771 0.0025875581464651002 -0.00085337029460419986 -0.00011952117682839998 0.00011518082470589871 0.038908817991314577 0.00041075354600498729 9.480647718049779
decision_type=2 2 2 2 2 2 2 2 2 2 2 2 2
left_child=3 9 12 4 5 -1 7 -5 -8 -2 -11 -4 -3
right_child=1 2 11 6 -6 -7 8 -9 -10 10 -12 -13 -14
leaf_value=0.0032149358110587049 0.039879844225502156 0.070765985178446941 0.009822152244863951 -0.011858953443165919 -0.04094394955275199 0.016016138240046721 0.0048536273205513564 0.02981657408200156 -0.015504472048026354 -0.021071235609661568 -0.0076415214851341161 -0.031829897430734319 0.030549580401156882
leaf_weight=181.92028558254242 3.0234795063734046 2.9978567883372307 4.054294764995575 35.927429392933846 6.2455133348703376 204.66098646819592 60.592450618743896 45.610333696007729 69.490224167704582 169.382493942976 67.931920878589153 3.7853549718856812 3.3153035417199117
leaf_count=936 13 20 24 192 26 1122 301 277 339 818 322 19 24
internal_value=2.64593e-05 -0.0146758 0.0164463 0.00621657 0.00918223 0.00999205 0.000711491 0.0114534 -0.00602168 -0.0165085 -0.0172269 -0.0102894 0.0496467
internal_weight=858.938 254.491 14.1528 604.447 392.827 386.581 211.62 81.5378 130.083 240.338 237.314 7.83965 6.31316
internal_count=4433 1240 87 3193 2084 2058 1109 469 640 1153 1140 43 44
is_linear=0
shrinkage=0.04


Tree=50
num_leaves=13
num_cat=0
split_feature=31 1 19 31 7 6 13 34 28 7 27 36
split_gain=8.42506 11.405 11.1172 9.88863 9.76241 12.3133 8.39382 6.78208 8.26498 5.29819 4.87635 3.91242
threshold=0.71582075161186454 -2.1269452074734541 -2.2213692970979135 4.9477247791836581 -0.00088879988318969988 -0.00037337121093909995 -0.00040151735894094993 0.15483162315042223 0.93800058985534773 -0.00092929211088289994 0.5838166329347062 0.50138544565274701
decision_type=2 2 2 2 2 2 2 2 2 2 2 2
left_child=4 2 -2 -4 9 10 -7 8 -3 -1 -6 -9
right_child=1 7 3 -5 5 6 -8 11 -10 -11 -12 -13
leaf_value=-0.0097145545929537124 -0.062891915063634729 0.025783885319366359 0.0087124766294626246 -0.012205128860041754 -0.020631937039301666 -0.052532070475139907 -0.0032081007066836996 0.0060282335602222653 -0.028995397880089185 -0.072613411738639208 0.021052741182677318 0.027902879837927618
leaf_weight=3.8540723472833633 4.4022285789251319 7.9276223927736309 105.44915415346622 55.031602114439011 4.9817285984754553 5.5779535472393027 534.20301271229982 17.038072809576988 9.9228138923645002 4.825444892048834 45.504811570048332 56.346630334854126
leaf_count=20 23 40 588 282 26 25 2659 102 47 24 270 327
internal_value=2.62083e-05 0.00609806 -0.000180789 0.00153947 -0.0025702 -0.00195095 -0.0037178 0.0174454 -0.00466717 -0.0446837 0.0169395 0.0228241
internal_weight=855.065 256.118 164.883 160.481 598.947 590.268 539.781 91.2351 17.8504 8.67952 50.4865 73.3847
internal_count=4433 1409 893 870 3024 2980 2684 516 87 44 296 429
is_linear=0
shrinkage=0.04


Tree=51
num_leaves=13
num_cat=0
split_feature=40 0 32 35 25 26 32 2 26 13 5 0
split_gain=44.3943 8.42985 6.62882 6.56026 6.20734 9.39347 9.22108 7.64534 13.0838 7.06496 6.16411 1.53864
threshold=0.49766681823927889 78.888457627868277 0.00011518082470589871 0.57264730748868498 0.50000000000000011 0.019801651807532593 0.00011813922175931588 0.71747248141034559 0.019793155566899489 0.00030729074295035005 1.0000000180025095e-35 81.243498676339513
decision_type=2 2 2 2 2 2 2 2 2 2 2 2
left_child=4 2 -2 -4 7 6 -6 8 -1 -7 -9 -3
right_child=1 11 3 -5 5 9 -8 10 -10 -11 -12 -13
leaf_value=0.011069190079251286 0.041848268014246175 0.014452741279902703 -0.0055944139118959645 -0.019445630551368359 -0.036108697307457978 -0.033380220027589197 0.0064177905608099727 0.03184616517375255 -0.016507945612174845 -0.00029138214191141136 -0.0098143756919215584 0.055564386659833459
leaf_weight=217.29839627444744 3.2957824021577826 3.051661603152751 78.563648484647274 180.18869479000568 8.4418899267911893 19.154517203569412 242.57685923576355 37.787900403141975 31.51974281668663 22.396183475852013 6.6883002519607535 2.7866036668419838
leaf_count=1237 14 20 365 884 46 83 1280 193 153 98 35 25
internal_value=2.61042e-05 -0.0134629 -0.0145221 -0.0152401 0.00619397 0.00207156 0.0049876 0.0103062 0.00757578 -0.0155451 0.0255813 0.0340753
internal_weight=853.75 267.886 262.048 258.752 585.864 292.569 251.019 293.294 248.818 41.5507 44.4762 5.83827
internal_count=4433 1308 1263 1249 3125 1507 1326 1618 1390 181 228 45
is_linear=0
shrinkage=0.04


Tree=52
num_leaves=15
num_cat=0
split_feature=40 40 6 28 38 27 40 25 33 0 32 2 0 5
split_gain=41.3092 8.18075 8.88726 12.5612 7.91249 10.1342 6.84202 5.91774 7.66715 9.10031 7.11852 6.61962 12.3454 6.5017
threshold=0.50393072780869985 0.68254376254088511 -0.00024496962824149994 0.92329409309175003 0.98188503346026468 0.81302246467028805 0.52570888981521191 0.50000000000000011 -0.63157894736842091 51.202089292208875 0.00011813922175931588 0.70801736016474648 48.836017241009273 1.0000000180025095e-35
decision_type=2 2 2 2 2 2 2 2 2 2 2 2 2 2
left_child=7 4 -3 -4 5 -2 -6 11 10 -10 -9 12 -1 -13
right_child=1 2 3 -5 6 -7 -8 8 9 -11 -12 13 -14 -15
leaf_value=0.011870261890401961 0.0089732573219461209 0.051087879037474658 0.022358920108506503 -0.039879330164770112 -0.0093024213082963294 -0.016482971754744554 -0.031720099151790422 -0.031219506443819944 -0.056207579247916306 -0.0054887761628149489 0.0052927142662456883 0.029827188732607958 -0.0096486964763741762 -0.011764955949917895
leaf_weight=194.80671155452728 34.726661249995232 5.8015040755271938 11.883217021822931 9.2093969732522947 32.141349315643311 89.535996660590172 67.5938431173563 8.8344039618968946 7.1185593008995047 27.63064993917942 259.40746234357357 39.791304767131805 54.615427434444427 7.0840258896350852
leaf_count=1123 155 27 71 51 157 424 355 47 32 121 1355 205 273 37
internal_value=2.57368e-05 -0.0136013 0.00724388 -0.00481537 -0.0161041 -0.00936893 -0.0244956 0.00573071 0.00180001 -0.0158788 0.0040902 0.0097502 0.0071583 0.0235416
internal_weight=850.181 250.892 26.8941 21.0926 223.998 124.263 99.7352 599.289 302.991 34.7492 268.242 296.297 249.422 46.8753
internal_count=4433 1240 149 122 1091 579 512 3193 1555 153 1402 1638 1396 242
is_linear=0
shrinkage=0.04


Tree=53
num_leaves=13
num_cat=0
split_feature=40 9 25 0 27 38 3 15 36 2 29 10
split_gain=38.297 8.17734 8.58607 6.34723 6.12511 9.51928 7.86845 5.9623 6.13662 9.32311 8.95689 3.62795
threshold=0.50393072780869985 0.00038032867145201631 0.75000000000000011 76.563557609236184 0.94829069391293208 0.94774182900352 0.0023727980640297504 0.0027974401302367506 0.61067667881444154 0.022344864604598901 0.13662853988467979 -0.00012564065500715
decision_type=2 2 2 2 2 2 2 2 2 2 2 2
left_child=7 4 11 -4 5 -2 -6 8 10 -10 -1 -3
right_child=1 2 3 -5 6 -7 -8 -9 9 -11 -12 -13
leaf_value=0.0077390505292206724 0.0058038150627601828 0.076347557445361952 -0.034786521574544448 0.030389865553886626 -0.034419920812367416 -0.0208389712733653 -0.014106808207889976 -0.04348086654056444 -0.065961384468993772 0.0014064923561566995 0.042550392964876782 0.022612138740668399
leaf_weight=372.23321561515331 45.067890539765358 2.8521063029766083 7.2800797596573812 3.5596345439553261 44.182181805372238 40.955848559737206 98.60460153222084 3.9468671381473532 3.3401765972375861 205.73410426080227 12.213988512754439 6.8109816536307353
leaf_count=1996 202 16 36 29 220 212 485 17 18 1089 73 40
internal_value=2.46866e-05 -0.013144 0.0110566 -0.0133834 -0.0153125 -0.0068808 -0.0203922 0.00551974 0.00584559 0.000330221 0.00884502 0.0384724
internal_weight=846.782 249.313 20.5028 10.8397 228.811 86.0237 142.787 597.468 593.521 209.074 384.447 9.66309
internal_count=4433 1240 121 65 1119 414 705 3193 3176 1107 2069 56
is_linear=0
shrinkage=0.04


Tree=54
num_leaves=15
num_cat=0
split_feature=40 3 25 32 0 3 15 7 15 27 32 19 29 33
split_gain=35.5591 7.58591 7.95825 6.09489 5.98631 5.6454 9.4219 13.0827 10.4385 8.46834 12.1174 7.23329 4.83341 1.6394
threshold=0.49766681823927889 0.0051257702317157013 0.75000000000000011 0.00011518082470589871 76.10921986245161 0.0028646055450447004 0.00065087893522250016 0.00031023111131470003 0.0011812045401329004 0.94829069391293208 0.00022049144729983572 -1.3431275248260015 0.038908817991314577 -0.52631578947368418
decision_type=2 2 2 2 2 2 2 2 2 2 2 2 2 2
left_child=5 3 13 -2 -4 9 7 -7 -8 10 -1 -11 -5 -3
right_child=1 2 4 12 -6 6 8 -9 -10 11 -12 -13 -14 -15
leaf_value=-0.0059686846542440176 0.03994330467268891 0.061342168051778403 -0.035285501615282953 -0.018270537383466918 0.031315406100775739 -0.00444948084352342 0.047735730281098128 -0.053398469103219014 0.00037361654511589856 0.017728401666073462 0.018908751639047785 0.0055378333954783573 -0.0058119908960630419 0.023685701995911961
leaf_weight=127.82757204771042 3.3125777393579474 4.1460202783346176 5.8898699805140478 173.01472438871861 3.409199096262455 42.31850865483284 9.4232993423938733 11.009060218930243 35.475646376609802 146.16939873993397 41.496660351753235 166.68297246098518 69.975214697420597 3.3399715572595623
leaf_count=693 14 23 29 854 27 205 44 46 158 885 221 873 338 23
internal_value=2.36361e-05 -0.012175 0.0138438 -0.0139481 -0.0108685 0.00555307 -0.00318733 -0.0145546 0.0103139 0.00733362 0.000128083 0.0112335 -0.0146828 0.0445413
internal_weight=843.491 263.088 16.7851 246.303 9.29907 580.403 98.2265 53.3276 44.8989 482.177 169.324 312.852 242.99 7.48599
internal_count=4433 1308 102 1206 56 3125 453 251 202 2672 914 1758 1192 46
is_linear=0
shrinkage=0.04


Tree=55
num_leaves=13
num_cat=0
split_feature=21 29 39 38 18 23 12 13 12 1 13 2
split_gain=7.58951 7.92536 8.79896 9.76645 6.45017 12.1634 9.16171 6.26179 5.71801 9.40495 2.89189 1.85071
threshold=-0.0013421206232973497 0.087435067465326602 0.27336487282301197 0.99999999982749443 1.0000000180025095e-35 8.443452729145962 -0.00012152446838219998 -0.00013075750266139995 -0.00012882628162984996 -2.5453759542333496 -0.00034545175246359993 0.10019831964665647
decision_type=2 2 2 2 2 2 2 2 2 2 2 2
left_child=8 4 3 -3 5 -2 -6 -4 9 -1 11 -10
right_child=1 2 7 -5 6 -7 -8 -9 10 -11 -12 -13
leaf_value=-0.030924862431594872 0.023381208993148692 0.030271155630538851 -0.04791658602502686 -0.0036980877280413426 0.0021373979818338491 -0.00072957410805929727 -0.011284003376907241 0.012632442094582086 0.02796539007987393 0.050851497351362615 -0.0022046238461003553 0.054834883383032683
leaf_weight=7.1305948346853256 36.9059217274189 38.193595908582211 6.0728757977485657 20.981269247829914 134.36838457733393 360.37250396609306 206.34388694167137 4.9686537906527501 11.531570702791219 3.2876946330070513 3.5061678588390341 6.3655270934104911
leaf_count=36 203 226 28 121 696 1894 1060 25 68 20 20 36
internal_value=2.33662e-05 -0.000731064 0.0121104 0.0182269 -0.00195287 0.00151024 -0.00599094 -0.0206697 0.0191845 -0.00511874 0.0310143 0.0375222
internal_weight=840.029 808.207 70.2164 59.1749 737.991 397.278 340.712 11.0415 31.8216 10.4183 21.4033 17.8971
internal_count=4433 4253 400 347 3853 2097 1756 53 180 56 124 104
is_linear=0
shrinkage=0.04


Tree=56
num_leaves=14
num_cat=0
split_feature=40 9 38 27 25 36 40 38 14 8 38 2 37
split_gain=32.8203 7.30793 6.42085 9.82882 6.72207 5.54294 8.69646 20.9737 8.59228 16.9717 8.04875 7.74282 0.312661
threshold=0.50393072780869985 0.00041897945122756946 0.98188503346026468 0.81302246467028805 0.90000000000000013 0.61067667881444154 0.41361288918673184 0.60534695165873609 -0.00057601794366524985 -0.0015971039522612999 0.67755813897642336 0.039581523864272009 0.0060561950559158166
decision_type=2 2 2 2 2 2 2 2 2 2 2 2 2
left_child=5 2 3 -2 -4 8 7 -7 11 -10 -8 -1 -3
right_child=1 12 4 -5 -6 6 10 -9 9 -11 -12 -13 -14
leaf_value=-0.01104069268372111 0.0091716671588014716 0.044751785739733201 -0.026837095731504716 -0.014375421170637797 -0.003421940663592752 -0.074699914996532585 0.020107312977413298 0.011106506433010402 -0.059195988799963656 0.0042548979460132318 -0.013511294105837743 0.016432325585660271 0.023531906527793894
leaf_weight=18.098037242889404 39.790391996502876 2.9837676361203185 76.240505084395409 98.75652939081192 26.41295014321804 4.7603060752153388 13.195322394371031 107.13870899379253 7.0023628771305075 183.39359974861145 83.482810974121094 176.36246730387211 1.7700529247522352
leaf_count=106 177 33 404 472 136 23 63 592 36 964 431 978 18
internal_value=2.3524e-05 -0.0122624 -0.0132304 -0.00761275 -0.0208123 0.00511556 -0.000135662 0.00745621 0.00796151 0.00192131 -0.00892279 0.0138755 0.0368507
internal_weight=839.388 245.954 241.2 138.547 102.653 593.434 208.577 111.899 384.856 190.396 96.6781 194.461 4.75382
internal_count=4433 1240 1189 649 540 3193 1109 615 2084 1000 494 1084 51
is_linear=0
shrinkage=0.04


Tree=57
num_leaves=11
num_cat=0
split_feature=40 0 36 14 13 36 9 2 40 31
split_gain=30.4248 7.0446 6.18404 8.1775 5.37569 5.73614 8.67218 8.28372 3.75139 1.47489
threshold=0.50393072780869985 78.888457627868277 0.49166008859302085 -0.00056265382295064988 -0.00040592645006024995 0.61067667881444154 0.00036181727364343984 0.022344864604598901 0.51415582794707915 0.64362336361916772
decision_type=2 2 2 2 2 2 2 2 2 2
left_child=4 2 8 -4 -1 6 -6 -7 -2 -3
right_child=1 9 3 -5 5 7 -8 -9 -10 -11
leaf_value=-0.033498009774180985 -0.00084587267288869746 0.012400257507902445 -0.0021616297593995857 -0.018512279661763442 0.0090017299939163416 -0.061623940429974627 -0.038813395749952975 0.00098389495963405963 -0.032173425196156971 0.053810369100055475
leaf_weight=5.7690300345420829 7.4063929468393317 2.7819353789091101 103.5785241946578 92.778534412384033 373.2777993902564 3.4385391622781745 6.1693097949028006 203.25079353153706 35.099936984479427 2.7232952974736691
leaf_count=28 38 19 513 461 2039 18 26 1082 183 26
internal_value=2.34035e-05 -0.0118508 -0.0128818 -0.0098873 0.00492566 0.00530384 0.00822432 -5.76658e-05 -0.0267148 0.0328848
internal_weight=836.274 244.369 238.863 196.357 591.905 586.136 379.447 206.689 42.5063 5.50523
internal_count=4433 1240 1195 974 3193 3165 2065 1100 221 45
is_linear=0
shrinkage=0.04


Tree=58
num_leaves=15
num_cat=0
split_feature=40 9 8 34 1 3 35 3 15 7 32 27 32 20
split_gain=28.2595 7.13546 12.8451 9.87943 7.26477 9.50232 5.94925 5.3056 9.14491 11.5523 9.98194 7.90488 11.1862 7.64276
threshold=0.49766681823927889 0.00031735871063179436 0.00033319182093700006 0.32708245493321036 1.446308660333216 0.0029641900890079501 0.38038078435103945 0.0028646055450447004 0.00065087893522250016 0.00031023111131470003 0.00033600245799041264 0.94829069391293208 0.00022049144729983572 0.0025840074100340004
decision_type=2 2 2 2 2 2 2 2 2 2 2 2 2 2
left_child=7 4 -3 -4 5 -2 -6 11 9 -9 -10 12 -1 -13
right_child=1 2 3 -5 6 -7 -8 8 10 -11 -12 13 -14 -15
leaf_value=-0.006110014463627569 -0.014169192874607097 0.058047920878327441 -0.023024642199546246 0.012238659119957647 0.0095863590149599751 0.021385715248384 -0.042238765655322086 -0.0052048524847373538 -0.0010231132701107796 -0.051240368198805973 0.042889871744186799 -0.044116159740474579 0.017945459353871193 0.011221716861334307
leaf_weight=127.52385444939137 162.27259659767151 5.7866871207952491 24.656248711049557 26.240136787295341 4.2138541936874416 12.989531666040419 22.296794593334198 41.943933352828026 33.564864993095398 11.011420771479605 10.995431542396544 4.0462146252393714 40.833498314023018 304.98428372293711
leaf_count=693 814 27 119 151 21 64 112 205 150 46 52 21 221 1737
internal_value=2.24764e-05 -0.0109633 0.00157627 -0.0048443 -0.014486 -0.011534 -0.0340012 0.00496128 -0.00354086 -0.0147774 0.00981259 0.00669801 -0.000275585 0.0104972
internal_weight=833.359 258.456 56.6831 50.8964 201.773 175.262 26.5106 574.904 97.5157 52.9554 44.5603 477.388 168.357 309.03
internal_count=4433 1308 297 270 1011 878 133 3125 453 251 202 2672 914 1758
is_linear=0
shrinkage=0.04


Tree=59
num_leaves=13
num_cat=0
split_feature=35 29 38 21 38 8 18 36 8 3 30 35
split_gain=6.93799 8.38286 7.28178 6.78955 6.59938 9.48376 6.37892 5.82996 7.37076 5.79119 5.0503 3.6753
threshold=2.0615851835351524 0.087435067465326602 0.77137978675618346 -0.0013421206232973497 0.99999999982749443 0.00010594238238660001 1.0000000180025095e-35 0.51402066673429636 0.00047543162153470007 0.0030645280800315508 0.089264111216585854 0.5627883672681856
decision_type=2 2 2 2 2 2 2 2 2 2 2 2
left_child=1 3 7 10 11 -6 -5 9 -9 -2 -1 -3
right_child=2 4 -4 6 5 -7 -8 8 -10 -11 -12 -13
leaf_value=0.024401995305925191 0.015546182350482208 0.044261087598049351 0.033367749334491478 0.0024291071191678408 0.011864151575487973 -0.049216024230594575 -0.0053008346133292094 -0.049052814021792693 -0.0079938240238191759 -0.040356957879361548 -0.026274738721819308 0.017084245464446219
leaf_weight=26.307723686099056 10.898522108793257 10.482181727886198 4.5479194521903983 370.36913669854403 16.313104271888736 5.4180989935994139 317.01486322283745 15.511760443449022 12.741642177104948 4.0729937851428977 3.5738854408264151 33.113846272230148
leaf_count=151 54 62 23 1983 100 27 1655 75 65 21 21 196
internal_value=2.15608e-05 0.000924929 -0.014777 -0.000324453 0.0146426 -0.00336457 -0.00113587 -0.0198426 -0.0305361 0.00033776 0.018341 0.0236186
internal_weight=830.366 782.593 47.7728 717.266 65.3272 21.7312 687.384 43.2249 28.2534 14.9715 29.8816 43.596
internal_count=4433 4195 238 3810 385 127 3638 215 140 75 172 258
is_linear=0
shrinkage=0.04


Tree=60
num_leaves=14
num_cat=0
split_feature=31 35 3 3 7 20 19 7 9 34 36 38 7
split_gain=6.83107 11.5189 13.7684 9.60435 9.10328 11.0113 8.54061 7.77002 7.7576 7.07668 6.89205 5.87204 4.93131
threshold=0.71582075161186454 0.99737900020813242 0.0021108217052010002 0.0022696871762313505 -0.00088879988318969988 0.0025870197365612008 -2.2213692970979135 -0.00079971590942854982 0.00012275768678320713 0.42200147536841365 0.71480875456385085 0.99999999978829701 -0.00092929211088289994
decision_type=2 2 2 2 2 2 2 2 2 2 2 2 2
left_child=4 6 11 -4 12 9 7 -2 -8 -6 -7 -3 -1
right_child=1 2 3 -5 5 10 8 -9 -10 -11 -12 -13 -14
leaf_value=-0.0092001642020902007 -0.064348902024239929 0.055152281023553976 -0.069984109227799199 -0.011300098558568129 0.024617036102876928 -0.0015094575766645955 0.0034064486965508988 0.010127559506773739 0.020904316470209336 -0.024161185609774562 -0.014928183057730372 0.003929597305004957 -0.071132553175420374
leaf_weight=3.6792150288820267 4.4465469866991043 6.6290292888879758 4.8562671840190879 54.988857991993427 35.847178652882576 461.29509573429823 71.851853474974632 4.5193226188421232 93.024512991309166 5.4872460365295401 70.616560224443674 7.7873755395412445 4.6656189709901792
leaf_count=20 24 36 27 300 222 2371 407 28 543 33 354 44 24
internal_value=2.12644e-05 0.00557823 -0.0076087 -0.0160621 -0.00234931 -0.00174551 0.0112114 -0.0268084 0.0132789 0.0181416 -0.00329093 0.0274831 -0.0438267
internal_weight=829.695 248.104 74.2615 59.8451 581.591 573.246 173.842 8.96587 164.876 41.3344 531.912 14.4164 8.34483
internal_count=4433 1409 407 327 3024 2980 1002 52 950 255 2725 80 44
is_linear=0
shrinkage=0.04


Tree=61
num_leaves=12
num_cat=0
split_feature=40 40 6 28 38 27 40 3 3 25 8
split_gain=25.5182 6.62041 8.25535 11.3134 7.15538 8.46818 6.78238 5.38855 7.31574 7.66735 3.72648
threshold=0.50393072780869985 0.68254376254088511 -0.00024496962824149994 0.92329409309175003 0.98188503346026468 0.81302246467028805 0.52570888981521191 0.0011428108057374502 0.0012746495933237002 0.90000000000000013 -0.00078492605213274986
decision_type=2 2 2 2 2 2 2 2 2 2 2
left_child=7 4 -3 -4 5 -2 -6 -1 10 -10 -9
right_child=1 2 3 -5 6 -7 -8 8 9 -11 -12
leaf_value=-0.044912656235192305 0.010000583135627657 0.050194668688556932 0.022273587647125254 -0.037999199759217124 -0.0060880276064725503 -0.013472689135767641 -0.028923754988775391 0.0026498511268850103 0.0058223616995428211 -0.0087456600896313758 0.050060232596445924
leaf_weight=3.5071537643671027 34.408565744757652 5.7981584221124676 11.461209788918497 8.8151834607124311 30.896803766489029 86.176970340311527 63.743053421378136 3.8556285649538031 506.28254356980324 65.255347982048988 8.5014473646879178
leaf_count=17 155 27 71 51 157 424 355 20 2787 325 44
internal_value=2.16903e-05 -0.0109298 0.00810557 -0.00393007 -0.013236 -0.00677469 -0.0214686 0.00452049 0.00481741 0.00415906 0.0352673
internal_weight=828.702 241.3 26.0746 20.2764 215.225 120.586 94.6399 587.402 583.895 571.538 12.3571
internal_count=4433 1240 149 122 1091 579 512 3193 3176 3112 64
is_linear=0
shrinkage=0.04


Tree=62
num_leaves=15
num_cat=0
split_feature=40 9 36 14 31 32 3 28 30 19 32 25 34 35
split_gain=23.6595 6.80116 8.75999 8.16462 6.41384 5.92043 6.96878 5.18893 8.76483 9.07594 8.68045 6.57739 5.87216 2.92174
threshold=0.49766681823927889 0.00031735871063179436 0.53907431161122954 -0.00057645231031309984 0.63517989181794543 0.00031063934419823619 0.0034866073865213007 0.97862321740339653 0.0083581659836156116 -1.2735210884151125 0.00011911209242179248 0.50000000000000011 0.16583392283634524 0.40167268219420504
decision_type=2 2 2 2 2 2 2 2 2 2 2 2 2 2
left_child=7 5 4 -4 -3 6 -2 8 9 -1 -9 -10 -12 -7
right_child=1 2 3 -5 -6 13 -8 10 11 -11 12 -13 -14 -15
leaf_value=-0.057626555514239189 -0.013099703223742961 -0.044442628407063402 0.03975226662022438 1.4571133220303405e-05 0.0014168246333214605 -0.018234055509338751 0.030178594799378435 -0.03793770542200673 0.0089384143834043556 -0.0025978840447366887 -0.0008692068297957913 -0.00040289005476827822 0.026457784229676096 -0.054712701860265549
leaf_weight=7.4488359689712551 178.69200493395329 8.9081472679972666 12.651481073349713 23.902569383382797 10.789821892976759 6.3410433530807477 6.1581642776727668 4.6204518973827353 240.40362060815096 13.46261617541313 17.416479557752609 242.01425864547491 45.321502342820168 7.8770768493413925
leaf_count=39 907 46 65 133 53 32 31 23 1386 67 88 1279 243 41
internal_value=2.04213e-05 -0.0101007 0.00218053 0.0137679 -0.0193225 -0.0135711 -0.0116579 0.0045485 0.0031532 -0.0221996 0.0149748 0.00425217 0.0188716 -0.0384438
internal_weight=826.008 255.32 56.252 36.5541 19.698 199.068 184.85 570.688 503.329 20.9115 67.3584 482.418 62.738 14.2181
internal_count=4433 1308 297 198 99 1011 938 3125 2771 106 354 2665 331 73
is_linear=0
shrinkage=0.04


Tree=63
num_leaves=12
num_cat=0
split_feature=40 0 28 20 38 15 0 0 8 3 1
split_gain=21.9979 6.27399 5.74984 5.71359 5.66514 5.03891 5.35953 8.8472 4.84429 4.52074 3.69233
threshold=0.50393072780869985 74.402954350235248 0.92329409309175003 0.0026580017905381004 0.99295780116316734 0.0027974401302367506 72.983198549020031 70.721215667643662 0.0019049835467785001 0.0041123441167383512 4.7225916102324854
decision_type=2 2 2 2 2 2 2 2 2 2 2
left_child=5 3 9 4 -2 6 7 -1 -8 -3 -4
right_child=1 2 10 -5 -6 -7 8 -9 -10 -11 -12
leaf_value=0.0045216393939455125 -0.0052351890291756657 0.069233809630068088 -0.044049999640009871 -0.050569833073283423 -0.018317379069533846 -0.040943235172390215 0.001705465452292558 -0.042671184035514384 0.057455447705797996 0.013295500305204577 0.013637973931360218
leaf_weight=564.20785035938025 120.83047127723694 3.4293428957462329 3.531878985464572 5.9918387979269019 94.293496057391167 3.930034711956977 4.3997810781002027 6.4282699376344672 5.7566785365343094 7.0921408161520958 3.569154366850853
leaf_count=3102 581 15 18 34 518 17 20 28 26 50 24
internal_value=1.96984e-05 -0.0102119 0.0127574 -0.0120425 -0.0109694 0.00419719 0.00450264 0.00399001 0.0333045 0.0315279 -0.0150546
internal_weight=823.461 238.738 17.6225 221.116 215.124 584.723 580.793 570.636 10.1565 10.5215 7.10103
internal_count=4433 1240 107 1133 1099 3193 3176 3130 46 65 42
is_linear=0
shrinkage=0.04


Tree=64
num_leaves=11
num_cat=0
split_feature=40 9 38 27 25 13 36 29 40 34
split_gain=20.3726 6.1428 5.62947 8.44351 6.5006 4.95162 5.28041 8.10875 7.73501 0.34703
threshold=0.50393072780869985 0.00041897945122756946 0.98188503346026468 0.81302246467028805 0.90000000000000013 -0.00040592645006024995 0.61067667881444154 0.13662853988467979 0.41361288918673184 0.41133281647086867
decision_type=2 2 2 2 2 2 2 2 2 2
left_child=5 2 3 -2 -4 -1 7 -7 -8 -3
right_child=1 9 4 -5 -6 6 8 -9 -10 -11
leaf_value=-0.03287307064481864 0.010104859755639208 0.021002181452601184 -0.024174339769092033 -0.011888367229791887 -0.00068207459084152389 0.0061933251878011743 0.0064892684645940328 0.040559214782933964 -0.0091104549081305088 0.044347209671485775
leaf_weight=5.7575627565383902 39.461839854717255 1.5515577793121327 72.405655592679977 95.571591660380363 25.477703586220741 361.94276700168848 109.42171458154917 11.32932675629854 95.01909938454628 2.9672611951828003
leaf_count=28 177 15 404 472 136 1992 612 73 488 36
internal_value=1.86065e-05 -0.00985949 -0.0107556 -0.00546112 -0.0180596 0.00403837 0.00440623 0.00723638 -0.000761102 0.0363316
internal_weight=820.906 237.436 232.917 135.033 97.8834 583.47 577.713 373.272 204.441 4.51882
internal_count=4433 1240 1189 649 540 3193 3165 2065 1100 51
is_linear=0
shrinkage=0.04


Tree=65
num_leaves=13
num_cat=0
split_feature=40 3 28 32 26 3 3 3 8 8 32 23
split_gain=18.8726 5.94981 6.36159 5.07873 6.32026 4.89975 6.91126 7.39808 4.84713 3.58614 1.806 1.50269
threshold=0.50393072780869985 0.0053215093019676014 0.93208783693263342 0.00031385137968383122 0.019791224664448336 0.0011428108057374502 0.0012746495933237002 0.0016329135023170002 0.00095457136467960019 -0.00078492605213274986 0.00041075354600498729 9.480647718049779
decision_type=2 2 2 2 2 2 2 2 2 2 2 2
left_child=5 3 11 4 -2 -1 9 -8 -5 -7 -4 -3
right_child=1 2 10 8 -6 6 7 -9 -10 -11 -12 -13
leaf_value=-0.042934549978580087 -0.015478863167536874 0.070024851822585887 0.011216494222702426 -0.055767765933769774 -0.0011618983817706149 0.0021515288652430406 -0.007844104473128612 0.0053715190773494983 -0.0166436532903812 0.048992937590829372 -0.028406289348429283 0.028799985178234924
leaf_weight=3.5543446987867346 108.292235866189 2.7227116785943508 3.8448328971862793 7.2420970201492336 90.617441117763519 3.8311747610568991 78.708023950457573 487.87442861497402 16.866226822137833 8.2386472970247251 3.5307351127266884 2.9448909163475019
leaf_count=17 567 20 24 37 458 20 423 2689 91 44 19 24
internal_value=1.79497e-05 -0.00952219 0.0167368 -0.0110579 -0.00895647 0.00388609 0.00417368 0.00353564 -0.0283965 0.0341246 -0.0077512 0.0486044
internal_weight=818.268 236.061 13.0432 223.018 198.91 582.207 578.652 566.582 24.1083 12.0698 7.37557 5.6676
internal_count=4433 1240 87 1153 1025 3193 3176 3112 128 64 43 44
is_linear=0
shrinkage=0.04


Tree=66
num_leaves=15
num_cat=0
split_feature=40 9 8 34 1 3 35 18 7 9 19 14 24 3
split_gain=17.4988 5.98864 11.9613 7.59088 6.83812 9.17908 5.97707 5.0106 13.1717 17.746 11.3251 11.1927 10.7768 6.72263
threshold=0.49766681823927889 0.00031735871063179436 0.00020338451528475004 0.32708245493321036 1.446308660333216 0.0029641900890079501 0.38038078435103945 1.0000000180025095e-35 -0.00097649802701219989 0.00012102178555036874 -1.7896640316669667 -0.00059622807965489983 0.35833333333273615 0.0016920714589447503
decision_type=2 2 2 2 2 2 2 2 2 2 2 2 2 2
left_child=7 4 -3 -4 5 -2 -6 8 9 -1 11 -9 -12 -10
right_child=1 2 3 -5 6 -7 -8 10 13 -11 12 -13 -14 -15
leaf_value=-0.065131889665972303 -0.011844006761985808 0.065453223927892309 -0.018290081807080326 0.012627394428437771 0.012869319613168695 0.023493710160081841 -0.040038152644777107 -0.00077805288023816502 -0.0015445849634729946 0.003220109406144013 -0.0037235076330624389 0.0315009789111758 -0.067287734656516968 0.013387406392424469
leaf_weight=8.9758957475423831 156.95596590638161 4.4839223176240912 25.195571616292 25.631622456014156 4.0734275430440929 12.713584452867506 21.182678446173668 38.382334224879742 62.223932698369026 18.82015298306942 187.17739395052195 31.125425033271313 4.367172345519065 214.68788681179285
leaf_count=47 814 21 125 151 21 64 112 224 338 104 963 195 26 1228
internal_value=1.73057e-05 -0.00879037 0.00282617 -0.00269872 -0.0120866 -0.0091961 -0.031505 0.00391295 0.00739722 -0.0188521 -0.000153976 0.0136764 -0.00517276 0.0100321
internal_weight=815.997 250.237 55.3111 50.8272 194.926 169.67 25.2561 565.76 304.708 27.796 261.052 69.5078 191.545 276.912
internal_count=4433 1308 297 276 1011 878 133 3125 1717 151 1408 419 989 1566
is_linear=0
shrinkage=0.04


Tree=67
num_leaves=15
num_cat=0
split_feature=35 28 3 9 21 21 9 31 18 36 8 9 28 34
split_gain=6.07151 7.6115 7.82851 10.9109 7.22498 6.99964 9.16773 7.71987 5.42097 3.90533 3.87863 3.83904 3.36585 2.36602
threshold=2.0615851835351524 0.86458567036095613 0.0037589150292270004 0.00034311201953397987 -0.0013421206232973497 0.00031039253751025006 0.00028291412378400165 0.61631670466072785 1.0000000180025095e-35 0.62457143061466758 0.00025086339071425006 0.00036644850247368431 0.94017554428950312 0.13553236423398182
decision_type=2 2 2 2 2 2 2 2 2 2 2 2 2 2
left_child=1 2 3 -1 12 9 10 -8 -6 13 -7 -4 -3 -2
right_child=5 4 11 -5 8 6 7 -9 -10 -11 -12 -13 -14 -15
leaf_value=0.009385169335109609 -0.00056902415313657103 0.0045868529146718432 -0.038319756073971943 0.0719991975091296 0.0014009383783511213 -0.007768680823136094 -0.069810113855687084 -0.0077718786660322635 -0.0063474490740159095 -0.069140303190555141 0.030434948967533022 0.0077272943782066197 0.03329195651407945 -0.040749027571122962
leaf_weight=139.20195546746254 4.118397191166876 12.651788070797922 7.9720366299152357 4.5999711602926245 322.83868434652686 6.9867034256458309 4.6405656784772864 10.405513815581797 261.48037337511778 4.3556212484836569 10.862873971462248 4.5505551397800446 13.520118340849875 5.4451446235179901
leaf_count=820 21 76 38 21 1755 36 23 56 1382 21 54 24 79 27
internal_value=1.73542e-05 0.000871125 0.00874658 0.0113881 -0.00114549 -0.0139672 -0.00390615 -0.0269059 -0.00206643 -0.0377449 0.0154812 -0.0215868 0.0194156 -0.0234461
internal_weight=813.63 766.815 156.325 143.802 610.491 46.8148 32.8957 15.0461 584.319 13.9192 17.8496 12.5226 26.1719 9.56354
internal_count=4433 4195 903 841 3292 238 169 79 3137 69 90 62 155 48
is_linear=0
shrinkage=0.04


Tree=68
num_leaves=14
num_cat=0
split_feature=31 35 36 32 31 19 1 20 33 19 26 27 27
split_gain=5.82216 10.3808 11.9484 8.94758 8.62069 8.00866 7.47891 14.1979 7.31176 7.09806 5.84733 3.88245 3.61213
threshold=0.71582075161186454 0.99737900020813242 0.67624265676289907 0.00011768402215024471 0.7076651950964209 -2.2213692970979135 -2.5077961281494932 0.0025870197365612008 -0.84210526315789458 -1.8515360898464934 0.019783936052847156 0.82861291268866344 0.4689026364172596
decision_type=2 2 2 2 2 2 2 2 2 2 2 2 2
left_child=4 5 9 -4 6 8 11 -8 -2 -3 -7 -1 -6
right_child=1 2 3 -5 12 10 7 -9 -10 -11 -12 -13 -14
leaf_value=-0.0089385581695029317 -0.073042826558479254 0.013877919590981407 -0.027467590175431048 0.03068321909728753 -0.015888669862801581 0.0038733488009434929 0.022916920280475948 -0.002716635456156294 0.0022819337258191568 -0.02538122403090113 0.019298285889793536 -0.063677047322260524 -0.066684756896809805
leaf_weight=3.7654566019773466 3.3516479730606079 8.9777476787567121 5.5989496707916286 17.361603751778603 4.5101788118481618 68.878856599330902 37.053444437682629 516.25187015160918 5.3581955283880216 41.107290104031563 91.632878094911575 4.6130818277597427 4.4496986567974091
leaf_count=21 20 49 30 98 24 393 237 2694 32 230 557 24 24
internal_value=1.67442e-05 0.0052121 -0.00739046 0.0165031 -0.00218895 0.0106521 -0.001568 -0.00100002 -0.0267039 -0.018344 0.0126791 -0.0390766 -0.0411153
internal_weight=812.911 242.267 73.0456 22.9606 570.644 169.222 561.684 553.305 8.70984 50.085 160.512 8.37854 8.95988
internal_count=4433 1409 407 128 3024 1002 2976 2931 52 279 950 45 48
is_linear=0
shrinkage=0.04


Tree=69
num_leaves=14
num_cat=0
split_feature=40 38 14 27 40 40 31 27 27 31 31 3 38
split_gain=15.8189 5.56711 8.58348 8.16983 6.9575 6.99699 4.91439 4.84579 9.08362 8.91816 16.6602 8.813 1.00814
threshold=0.50393072780869985 0.96614316215031448 -0.00064295149085004985 0.81302246467028805 0.6873221499375356 0.5419935565972066 0.6469117759432601 0.94829069391293208 0.92532024604758656 0.60157999615334079 0.6157304092488517 0.0036163213348462506 0.85761884279272393
decision_type=2 2 2 2 2 2 2 2 2 2 2 2 2
left_child=7 2 -2 -4 5 -3 -6 8 11 12 -11 -1 -9
right_child=1 4 3 -5 6 -7 -8 9 -10 10 -12 -13 -14
leaf_value=0.00086078336326169129 0.071427019017850452 -0.0077850449226107296 0.010608720981938836 -0.011219993817817854 0.059862839602863989 -0.029913248184040158 -0.010356323946908505 0.028210756743134571 -0.063523265221231209 -0.044430502571696326 0.006563436112757625 -0.058987769384167173 0.053993909890005458
leaf_weight=183.00772632658482 2.401326358318328 45.665490627288818 38.669049933552742 94.413766793906689 3.1523529253900042 45.787850953638554 3.2273206561803818 4.1246703714132291 3.7232924103736869 10.545123055577276 367.46721433848143 4.0232851654291144 5.8932807892560959
leaf_count=998 11 250 174 496 22 269 18 22 20 50 2053 17 33
internal_value=1.73805e-05 -0.00877543 -0.00352494 -0.00487736 -0.0160466 -0.0188639 0.0243407 0.0035619 -0.00165821 0.00612809 0.0051409 -0.000426638 0.0433783
internal_weight=812.102 233.317 135.484 133.083 97.833 91.4533 6.37967 578.785 190.754 388.03 378.012 187.031 10.018
internal_count=4433 1240 681 670 559 519 40 3193 1035 2158 2103 1015 55
is_linear=0
shrinkage=0.04


Tree=70
num_leaves=13
num_cat=0
split_feature=40 36 35 31 0 2 34 32 39 7 38 40
split_gain=14.678 5.88587 6.7939 9.77448 7.22669 4.76509 15.2713 6.33916 11.589 11.5421 4.68026 4.045
threshold=0.49766681823927889 0.47690655892270556 0.5684794221267685 0.64003444105011364 77.081975174230521 0.024803131174172953 0.43556373928114483 0.00018918085034023006 0.36630409807600556 -0.00087082940541304986 0.9999999998527741 0.51415582794707915
decision_type=2 2 2 2 2 2 2 2 2 2 2 2
left_child=5 10 3 -3 -4 6 -1 9 -9 -7 11 -2
right_child=1 2 4 -5 -6 7 -8 8 -10 -11 -12 -13
leaf_value=0.029602700178939095 -0.0051772721044690663 0.021509902450978592 -0.011553886851495122 -0.010962075866383885 0.039907661126963735 -0.0038818813199395091 -0.060556795678002678 0.0019522033949468634 -0.034265262521463183 0.014402986255178116 0.019154213044353229 -0.036249245755994246
leaf_weight=5.3429020792245847 9.2958790659904462 30.947925709187984 146.40897236764431 28.481939628720284 4.5003072693943968 80.192701607942581 6.87210813164711 277.44801855832338 14.895000383257864 177.48517301678658 3.8209812790155402 24.037672989070415
leaf_count=31 47 155 772 139 38 450 37 1461 67 1079 21 136
internal_value=1.66304e-05 -0.00810048 -0.00550792 0.00594761 -0.0100192 0.00358974 -0.0211206 0.00413852 0.000106908 0.0087125 -0.0227775 -0.0275841
internal_weight=809.73 247.494 210.339 59.4299 150.909 562.236 12.215 550.021 292.343 257.678 37.1545 33.3336
internal_count=4433 1308 1104 294 810 3125 68 3057 1528 1529 204 183
is_linear=0
shrinkage=0.04


Tree=71
num_leaves=14
num_cat=0
split_feature=40 38 14 29 40 40 25 38 34 15 14 9 31
split_gain=13.6045 5.33043 7.77742 7.96899 6.36606 6.72635 4.80386 10.1129 9.42975 7.35398 9.40071 6.36941 4.39562
threshold=0.50393072780869985 0.96614316215031448 -0.00064295149085004985 0.043885215471843236 0.6873221499375356 0.5419935565972066 0.90000000000000013 0.99999999984823307 0.10100416074091718 0.0017990538614327002 0.0012632737272949002 0.00026838603876241636 0.6469117759432601
decision_type=2 2 2 2 2 2 2 2 2 2 2 2 2
left_child=6 2 -2 -4 5 -3 9 8 -8 11 -11 -1 -6
right_child=1 4 3 -5 12 -7 7 -9 -10 10 -12 -13 -14
leaf_value=0.0036532892630645524 0.06764426707552805 -0.0072113629074684969 -0.0098367237198345794 0.013230653969536727 0.056987002461173504 -0.029068118150642974 -0.042873499010743894 -0.051763548103555782 0.0046414118873949221 -0.046643322302165412 0.0039762075214525199 0.015941362105568058 -0.0096433383467949847
leaf_weight=403.67054704576731 2.4453089982271186 45.278150886297226 100.72360571101308 31.442339103668928 3.1418042927980414 44.837115444242954 7.6562423855066291 7.1348756253719321 52.562795922160149 9.980532646179201 14.253099888563154 81.041748866438866 3.1952364295721054
leaf_count=2333 11 250 510 160 22 269 36 32 271 43 65 413 18
internal_value=1.63291e-05 -0.00818387 -0.00304118 -0.00434898 -0.0153612 -0.0180863 0.00330415 -0.00673474 -0.00139963 0.00463269 -0.0168713 0.0057078 0.0233909
internal_weight=807.363 231.064 134.611 132.166 96.4523 90.1153 576.3 67.3539 60.219 508.946 24.2336 484.712 6.33704
internal_count=4433 1240 681 670 559 519 3193 339 307 2854 108 2746 40
is_linear=0
shrinkage=0.04


Tree=72
num_leaves=14
num_cat=0
split_feature=40 36 9 8 27 28 30 2 32 25 35 38 40
split_gain=12.597 5.55392 6.55917 10.1297 8.73745 4.98114 8.11676 7.9988 7.83976 5.75178 5.68252 4.52104 3.85008
threshold=0.49766681823927889 0.47690655892270556 0.00032998536093542443 0.00036680552815630005 0.81302246467028805 0.97862321740339653 0.0083581659836156116 0.20592551138355494 0.00011911209242179248 0.50000000000000011 0.66832798079279987 0.9999999998527741 0.51415582794707915
decision_type=2 2 2 2 2 2 2 2 2 2 2 2 2
left_child=5 11 4 -4 -3 6 7 -1 -7 -8 -10 12 -2
right_child=1 2 3 -5 -6 8 9 -9 10 -11 -12 -13 -14
leaf_value=-0.055333209128657607 -0.004875640118105741 0.0046836872805227393 0.067646092931250609 0.002544690180475579 -0.014829580924754612 -0.036296584904960322 0.0074721054321921065 -0.0037879391045891092 -0.004299267002750789 -0.0013497071382957897 0.02428629063985599 0.0192780690805801 -0.03532725976510432
leaf_weight=7.5580355376005199 9.2605268955230695 54.251180335879326 4.2706361711025229 36.578756138682365 113.58495144546032 4.6708102524280539 234.5927321985364 13.281447127461432 14.613812685012816 238.44428341090679 46.630443394184113 3.8171148002147666 23.503182418644428
leaf_count=39 47 273 19 206 606 23 1386 67 79 1279 252 21 136
internal_value=1.54694e-05 -0.0075437 -0.00502358 0.00935077 -0.00852213 0.00332743 0.00194897 -0.0224823 0.0136557 0.00302528 0.0174653 -0.0219204 -0.0267202
internal_weight=805.058 245.266 208.686 40.8494 167.836 559.792 493.876 20.8395 65.9151 473.037 61.2443 36.5808 32.7637
internal_count=4433 1308 1104 225 879 3125 2771 106 354 2665 331 204 183
is_linear=0
shrinkage=0.04


Tree=73
num_leaves=13
num_cat=0
split_feature=31 35 3 3 31 7 20 19 7 9 30 25
split_gain=5.29339 9.73988 12.1937 9.37516 7.79836 8.37236 12.4354 7.22075 6.5374 6.36596 4.368 4.25466
threshold=0.71582075161186454 0.99737900020813242 0.0021108217052010002 0.0022696871762313505 0.7076651950964209 -0.00088879988318969988 0.0025876106235438001 -2.2213692970979135 -0.00079971590942854982 0.00012275768678320713 0.023579814719603947 0.75000000000000011
decision_type=2 2 2 2 2 2 2 2 2 2 2 2
left_child=4 7 11 -4 5 -1 -7 8 -2 -9 -6 -3
right_child=1 2 3 -5 10 6 -8 9 -10 -11 -12 -13
leaf_value=-0.04551603006756514 -0.060361458721446479 0.043851674392943123 -0.068177230995914218 -0.010411188046490613 -0.01318033114521089 0.017860487423832963 -0.0028798121795688986 0.0031888111511577922 0.009036627411958353 0.019378788582417796 -0.069180943958283725 -0.0018683120705262125
leaf_weight=6.8291847780346862 4.2831747308373451 8.5823692604899389 4.9082005172967902 53.428300067782402 4.8129192292690259 50.99445603787899 497.57587466388941 69.186270982027054 4.4059612378478032 88.649886816740036 4.1501774713397026 5.2481137514114371
leaf_count=36 24 51 27 300 26 328 2612 407 28 543 22 29
internal_value=1.49014e-05 0.00500851 -0.00726556 -0.0152714 -0.0020971 -0.00149978 -0.000951818 0.0103277 -0.0251721 0.012282 -0.0391103 0.0265028
internal_weight=803.055 238.692 72.167 58.3365 564.363 555.4 548.57 166.525 8.68914 157.836 8.9631 13.8305
internal_count=4433 1409 407 327 3024 2976 2940 1002 52 950 48 80
is_linear=0
shrinkage=0.04


Tree=74
num_leaves=13
num_cat=0
split_feature=40 35 38 29 25 27 6 7 31 31 36 32
split_gain=11.4346 5.13114 6.64188 7.87634 6.14883 4.67641 8.65814 11.1319 8.39929 14.916 7.21342 1.02058
threshold=0.50393072780869985 2.3308862091605067 0.96614316215031448 0.043885215471843236 0.90000000000000013 0.94829069391293208 -0.00040878980910289997 -0.00088221480454619982 0.60157999615334079 0.6157304092488517 0.60812455844671087 0.00023961944059469834
decision_type=2 2 2 2 2 2 2 2 2 2 2 2
left_child=5 2 3 -2 -4 6 10 -8 11 -10 -1 -7
right_child=1 -3 4 -5 -6 8 7 -9 9 -11 -12 -13
leaf_value=0.033924892588953467 -0.0061217008109262054 -0.046042364748968632 -0.020733799937810243 0.017363413165804229 0.0023414207252088455 0.052850925884467354 -0.042686858950824788 -0.0022856510607118189 -0.042034280101063463 0.0059805944777337186 -0.026858863318206763 0.02636580564415518
leaf_weight=16.584833592176441 98.588419355452061 5.4088508971035472 69.870894137769938 29.74135760217905 25.11895439773798 5.8402885645627958 11.726651310920714 157.05808134377003 10.655082151293753 363.82719120383263 3.8487501293420783 3.8707722276449203
leaf_count=93 499 34 417 148 142 35 59 863 50 2053 20 20
internal_value=1.54935e-05 -0.00754619 -0.0066138 -0.000678855 -0.0146318 0.00303178 -0.00211548 -0.0050926 0.00556685 0.00461444 0.022476 0.0422941
internal_weight=802.14 228.728 223.32 128.33 94.9898 573.412 189.218 168.785 384.193 374.482 20.4336 9.71106
internal_count=4433 1240 1206 647 559 3193 1035 922 2158 2103 113 55
is_linear=0
shrinkage=0.04


Tree=75
num_leaves=14
num_cat=0
split_feature=40 36 14 30 3 28 30 38 32 36 35 38 40
split_gain=10.5945 5.19836 6.3016 10.0974 9.59084 4.70924 7.27548 7.24401 7.15549 5.56998 5.38916 4.24097 3.66691
threshold=0.49766681823927889 0.47690655892270556 -0.00056265382295064988 0.035503140878490845 0.0031376318663683504 0.97862321740339653 0.0083581659836156116 0.5980160286419377 0.00011911209242179248 0.61067667881444154 0.66832798079279987 0.9999999998527741 0.51415582794707915
decision_type=2 2 2 2 2 2 2 2 2 2 2 2 2
left_child=5 11 4 -4 -3 6 7 -1 -7 -8 -10 12 -2
right_child=1 2 3 -5 -6 8 9 -9 10 -11 -12 -13 -14
leaf_value=0.026901081527621207 -0.004392916935960881 -0.0042390201799689378 -0.024913159311581622 0.00029248289616227546 0.024492953979162482 -0.034199084781822375 0.0060271547249676595 -0.032724854130079029 -0.0043232096513967358 -0.0030218246529750722 0.023572819739265508 0.018761012923458022 -0.034292555312328769
leaf_weight=4.0330936461687115 9.1935121566057187 80.907995104789734 48.125387363135815 53.920619055628777 24.133127398788929 4.7368502467870703 299.95154840499163 17.009140238165855 14.598932281136511 170.81669451296329 45.974819049239159 3.8361352980136862 22.934822656214237
leaf_count=20 47 429 259 291 125 23 1720 86 79 945 252 21 136
internal_value=1.52734e-05 -0.00695315 -0.00451532 -0.0115946 0.00236213 0.00305534 0.00171519 -0.0212966 0.0131471 0.00274376 0.0168496 -0.0209904 -0.0257368
internal_weight=800.173 243.052 207.087 102.046 105.041 557.121 491.81 21.0422 65.3106 470.768 60.5738 35.9645 32.1283
internal_count=4433 1308 1104 550 554 3125 2771 106 354 2665 331 204 183
is_linear=0
shrinkage=0.04


Tree=76
num_leaves=11
num_cat=0
split_feature=40 0 36 35 1 27 27 31 35 31
split_gain=9.82729 4.95176 4.95364 8.14832 4.57802 4.96012 7.99392 7.76725 4.44528 2.13811
threshold=0.50393072780869985 78.888457627868277 0.49166008859302085 0.5684794221267685 5.2320064291170647 0.94829069391293208 0.92532024604758656 0.60157999615334079 0.53193283022656535 0.63819846296640514
decision_type=2 2 2 2 2 2 2 2 2 2
left_child=4 2 8 -4 5 6 -1 -7 -2 -3
right_child=1 9 3 -5 -6 7 -8 -9 -10 -11
leaf_value=-0.0010212733231470077 -0.04295683308698911 0.004011543935290701 0.0078525059528689062 -0.010640613893005925 -0.042824602178523748 0.041461516970065296 -0.059473478855985529 0.0048130148678368527 -0.012545216314856451 0.055755346267338572
leaf_weight=185.06213679909706 10.661481112241743 2.3799652606248847 54.020366083830595 129.52502227574587 3.4956094622611991 9.4904188737273198 3.8207907080650321 369.61594481766224 27.594450011849403 2.758807435631752
leaf_count=1015 59 18 268 706 15 55 20 2088 162 27
internal_value=1.46472e-05 -0.00702752 -0.00792688 -0.00519779 0.00281114 0.00309199 -0.00220367 0.00573046 -0.0210206 0.0317908
internal_weight=798.425 226.94 221.801 183.545 571.485 567.989 188.883 379.106 38.2559 5.13877
internal_count=4433 1240 1195 974 3193 3178 1035 2143 221 45
is_linear=0
shrinkage=0.04


Tree=77
num_leaves=12
num_cat=0
split_feature=40 38 14 27 25 1 21 13 10 10 21
split_gain=9.09271 4.89327 7.1406 7.89147 5.82253 9.59142 9.40835 4.55671 4.85018 6.26486 6.17495
threshold=0.50393072780869985 0.96614316215031448 -0.00064295149085004985 0.81302246467028805 0.90000000000000013 1.6552843172235046 -0.0013325061748224998 -0.00040592645006024995 -0.00012429678799964996 -0.00012529469651979995 -0.0013325061748224998
decision_type=2 2 2 2 2 2 2 2 2 2 2
left_child=7 2 -2 -4 6 -6 -3 -1 9 -9 -10
right_child=1 4 3 -5 5 -7 -8 8 10 -11 -12
leaf_value=-0.032990525768371429 0.065567684202914853 0.046829317281989392 0.0121884896965452 -0.0094602650750572389 0.017420581572450071 -0.039145090444809412 -0.023104824577502181 0.0060647595983266333 0.024895337207669354 0.031222553089525307 -0.00045865937931851653
leaf_weight=5.6656529009342185 2.4681775122880927 3.2301551997661582 38.12068484723568 91.862881302833557 18.496160015463833 6.4752914533019057 65.300773989409208 157.01443459838629 16.027643501758575 17.614163987338543 374.31434696167707
leaf_count=28 11 19 174 496 102 40 398 881 104 100 2080
internal_value=1.41754e-05 -0.00677722 -0.00183147 -0.00311127 -0.0137832 0.00275266 -0.0198085 0.00270335 0.0030613 0.00860234 0.000582389
internal_weight=796.59 225.954 132.452 129.984 93.5024 24.9715 68.5309 570.636 564.971 174.629 390.342
internal_count=4433 1240 681 670 559 142 417 3193 3165 981 2184
is_linear=0
shrinkage=0.04


Tree=78
num_leaves=13
num_cat=0
split_feature=40 32 32 32 31 3 15 1 15 15 9 40
split_gain=8.45226 4.92835 6.20607 13.41 8.08297 4.66983 10.146 9.03316 8.97586 7.19003 8.82273 5.03441
threshold=0.49766681823927889 0.00011584219610356463 0.00020281533828194929 0.00022856020449008786 0.65450367729286241 0.0028646055450447004 0.00065087893522250016 2.8403325768244945 0.0011812045401329004 0.0015018121204422501 0.00026838603876241636 0.37582399955591056
decision_type=2 2 2 2 2 2 2 2 2 2 2 2
left_child=5 -2 4 -4 -3 9 7 -7 -8 10 -1 -11
right_child=1 2 3 -5 -6 6 8 -9 -10 11 -12 -13
leaf_value=0.0032050199701875639 0.037394755182111911 -0.032904120845929571 0.021904755928293881 -0.0080837670422106798 -0.0071725356750956546 -0.011167711360585196 0.044746102802930877 -0.062564671977124522 -0.00032916330147746527 -0.05685123071562781 0.021002721781741493 -0.003470712076618092
leaf_weight=397.9035110026598 4.0692094713449469 28.373126611113548 30.093011304736137 115.15403581038117 62.687580198049545 45.096253648400307 8.8705153316259366 6.2266649156808844 34.791923046112061 5.0307022929191572 50.185928866267204 6.4528045207262039
leaf_count=2347 18 156 155 627 352 225 44 26 158 21 273 31
internal_value=1.31545e-05 -0.00625165 -0.00700324 -0.00187059 -0.0151901 0.00272868 -0.00534527 -0.0174034 0.00882838 0.00439741 0.00519836 -0.0268557
internal_weight=794.935 240.377 236.308 145.247 91.0607 554.558 94.9854 51.3229 43.6624 459.573 448.089 11.4835
internal_count=4433 1308 1290 782 508 3125 453 251 202 2672 2620 52
is_linear=0
shrinkage=0.04


Tree=79
num_leaves=14
num_cat=0
split_feature=40 38 14 38 3 7 13 38 13 5 9 40 38
split_gain=7.89378 7.9256 9.38805 8.80198 7.5988 10.3262 5.14993 9.31806 7.1005 5.14517 5.01291 2.90766 2.87604
threshold=0.51851924717143794 0.96158249751268998 -0.00064155867123229986 0.60534695165873609 0.0029156730214604004 9.8482058454836657e-05 -0.00039924455927149992 0.9065434180406492 -0.00038946744198079994 1.0000000180025095e-35 0.00012147648898687932 0.39537110699258887 0.86491179103397098
decision_type=2 2 2 2 2 2 2 2 2 2 2 2 2
left_child=6 2 -2 -4 10 -6 7 -1 12 -10 -3 -9 -8
right_child=1 4 3 -5 5 -7 8 11 9 -11 -12 -13 -14
leaf_value=-0.072096172145788326 0.074498481531573471 -0.0032935463627785963 -0.031226943396333588 0.0021635314391512226 0.032614091358996594 -0.018651555062427022 0.049245286235699313 0.030015400089745427 0.005789592523446685 -0.001755339653412508 -0.035202044521673755 -0.020164299137707568 0.016083984401291482
leaf_weight=4.1650798916816694 2.6049667783081523 10.237298570573328 14.604157466441391 93.515114594250917 9.516619063913824 18.521059270948172 6.1014573425054577 3.3817310929298401 281.50134572386742 297.38855122774839 34.177357897162437 4.0727254897356033 13.319594360888003
leaf_count=19 12 67 83 476 51 114 34 20 1510 1731 216 21 79
internal_value=1.26081e-05 -0.00726924 -0.000538764 -0.00234667 -0.017555 -0.00125084 0.00219952 -0.0241753 0.00271173 0.00191359 -0.0278473 0.00259983 0.0265022
internal_weight=793.107 183.177 110.724 108.119 72.4523 28.0377 609.93 11.6195 598.311 578.89 44.4147 7.45446 19.4211
internal_count=4433 1019 571 559 448 165 3414 60 3354 3241 283 41 113
is_linear=0
shrinkage=0.04


Tree=80
num_leaves=11
num_cat=0
split_feature=40 32 32 32 31 28 26 27 32 34
split_gain=7.32177 4.95556 5.46967 12.4809 7.81079 4.63688 6.82076 6.63413 6.54459 5.21429
threshold=0.49766681823927889 0.00011518082470589871 0.00020281533828194929 0.00022856020449008786 0.65450367729286241 0.97862321740339653 0.01978353109931753 0.97961732498294751 0.00011911209242179248 0.16583392283634524
decision_type=2 2 2 2 2 2 2 2 2 2
left_child=5 -2 4 -4 -3 6 -1 -8 -7 -10
right_child=1 2 3 -5 -6 8 7 -9 9 -11
leaf_value=-0.068595869864981618 0.043431295586675127 -0.031886034893641113 0.021167910219757044 -0.0077200154275013306 -0.0064239686012321721 -0.032343100409319814 -0.0055170478619979294 0.0046282148599321058 -0.0024943039050279807 0.023661810219013254
leaf_weight=2.2295514196157447 3.2220023274421683 27.768971867859364 30.243168860673904 114.62515028193593 63.030793786048889 4.7980180829763404 148.52501273155212 337.40543173253536 17.053226113319397 42.801978081464767
leaf_count=11 14 156 155 627 356 23 827 1933 88 243
internal_value=1.15486e-05 -0.00584008 -0.00651371 -0.00168928 -0.0142109 0.00254024 0.00120704 0.00152731 0.0126065 0.0162097
internal_weight=791.703 238.89 235.668 144.868 90.7998 552.813 488.16 485.93 64.6532 59.8552
internal_count=4433 1308 1294 782 512 3125 2771 2760 354 331
is_linear=0
shrinkage=0.04


Tree=81
num_leaves=14
num_cat=0
split_feature=40 36 28 20 9 35 38 1 34 29 22 29 15
split_gain=6.8666 9.23548 8.82866 10.8234 7.67508 5.05056 6.67462 16.551 7.74029 6.51887 12.3618 4.73712 3.52075
threshold=0.51851924717143794 0.53295137992590402 0.93091866953140145 0.0025846716551394004 0.00034311201953397987 1.4555672339187451 0.99999999983011323 -2.8716341102426663 0.044708039460895486 0.00088202704793948568 2.6772977112161187 0.0021573912022490225 0.00052440178127230008
decision_type=2 2 2 2 2 2 2 2 2 2 2 2 2
left_child=5 11 4 -4 -3 6 7 -1 -8 -7 -11 -2 -13
right_child=1 2 3 -5 -6 9 8 -9 -10 10 -12 12 -14
leaf_value=-0.033367483832231017 0.012793710856873379 0.0019556855928560719 0.023477171633357722 -0.019886606600202045 0.035057270645547853 -0.050844022306872495 -0.029615139156260368 0.0095877892026895294 0.00027814808664197488 0.039200281292621271 -0.0081177199059778524 -0.034448422464203696 -0.011928051472128791
leaf_weight=15.101906254887579 5.869870960712432 53.674568206071854 11.25167530030012 50.737412258982658 14.165135376155375 4.9049021899700156 15.006985157728193 289.01469185948372 181.15943021327257 9.7553516551852208 93.513880863785744 27.514677256345749 18.626299507915974
leaf_count=81 32 284 63 287 85 24 86 1669 1031 50 473 167 101
internal_value=1.1099e-05 -0.00680925 -0.00110358 -0.0120156 0.0088674 0.00204938 0.00374399 0.0074547 -0.00200873 -0.00578782 -0.00364781 -0.0210517 -0.0253573
internal_weight=790.297 181.84 129.829 61.9891 67.8397 608.457 500.283 304.117 196.166 108.174 103.269 52.0108 46.141
internal_count=4433 1019 719 350 369 3414 2867 1750 1117 547 523 300 268
is_linear=0
shrinkage=0.04


Tree=82
num_leaves=15
num_cat=0
split_feature=40 31 7 1 32 24 14 31 0 35 13 28 40 28
split_gain=6.39092 6.81951 12.5899 10.6343 9.0508 12.2265 8.46442 5.22469 8.79018 8.39051 7.21623 6.87207 6.25933 2.41082
threshold=0.47826280504747659 0.71582075161186454 -0.00087082940541304986 -1.7445572179908593 0.00013623909050610423 0.35833333333273615 1.0000000180025095e-35 0.64040554596179655 75.490580201001279 0.65134480692348229 -0.00039653276166234995 0.82561040001595065 0.52164676727113457 0.924772192356492
decision_type=2 2 2 2 2 2 2 2 2 2 2 2 2 2
left_child=1 2 -1 -4 5 -3 -6 9 10 11 -9 -2 -11 -10
right_child=7 4 3 -5 6 -7 -8 8 13 12 -12 -13 -14 -15
leaf_value=-0.061402947948380977 0.053058984158200387 0.01314055588818326 0.019763909198674375 -0.0022759659646552906 0.023812325463324943 -0.020151830361341189 -0.0051107173612415166 -0.06315195460213513 0.058977876884491111 0.0086360580910092213 -0.0090972265909988591 0.0081781298438233507 -0.019980371145797832 0.0060177949196195679
leaf_weight=5.3528021126985541 6.1326835267245761 40.590211659669876 39.967101983726025 283.41465771943331 74.065868504345417 31.228277318179607 20.717862345278263 4.0424615889787665 3.7073094621300688 19.610040962696075 175.63236210495234 49.665743466466665 32.495264083147049 2.1863003745675087
leaf_count=26 29 248 254 1522 495 175 116 21 28 101 944 265 194 15
internal_value=1.07209e-05 0.00278206 -0.000559156 0.000447966 0.00937484 -0.00133571 0.0174903 -0.00466688 -0.00873667 0.0023322 -0.0103134 0.0131109 -0.00921046 0.0393317
internal_weight=788.809 495.337 328.735 323.382 166.602 71.8185 94.7837 293.472 185.568 107.904 179.675 55.7984 52.1053 5.89361
internal_count=4433 2836 1802 1776 1034 423 611 1597 1008 589 965 294 295 43
is_linear=0
shrinkage=0.04


Tree=83
num_leaves=14
num_cat=0
split_feature=40 36 28 20 14 13 38 13 36 29 36 36 19
split_gain=5.99719 8.73192 8.01371 10.0694 7.04048 4.66556 8.35303 6.59512 5.06181 4.41148 3.75575 3.71513 3.38988
threshold=0.51851924717143794 0.53295137992590402 0.93091866953140145 0.0025846716551394004 0.00083994520549100012 -0.00039924455927149992 0.9065434180406492 -0.00038946744198079994 0.44920937286250706 0.0021573912022490225 0.57431472961864116 0.53295137992590402 2.4986740601027111
decision_type=2 2 2 2 2 2 2 2 2 2 2 2 2
left_child=5 9 4 -4 -3 6 -1 11 -9 -2 -8 -7 -11
right_child=1 2 3 -5 -6 7 10 8 -10 12 -12 -13 -14
leaf_value=-0.068144807202209098 0.012263536290251092 0.0020475943877859889 0.022743119675353994 -0.019016056708139897 0.033872275191841758 0.045275897641740226 -0.025451562096647746 0.010156388444636661 -1.2431023433696573e-05 -0.027813233211857052 0.031716279495772333 0.0097458931611230197 0.012453065359759487
leaf_weight=4.2142388820648176 5.8707387000322333 53.638989940285683 11.329283110797403 50.071137338876724 14.031847067177294 8.4808067083358782 3.7635982036590576 93.496905624866486 482.57061234861612 41.734141752123833 3.5950936004519463 10.586659938096998 3.636693410575389
leaf_count=19 32 286 63 287 83 50 20 526 2715 248 21 63 20
internal_value=1.13738e-05 -0.0063936 -0.000847368 -0.0113109 0.00864658 0.00191492 -0.0232391 0.00240407 0.00163799 -0.0203639 0.00247782 0.0255489 -0.0245857
internal_weight=787.021 180.313 129.071 61.4004 67.6708 606.708 11.5729 595.135 576.068 51.2416 7.35869 19.0675 45.3708
internal_count=4433 1019 719 350 369 3414 60 3354 3241 300 41 113 268
is_linear=0
shrinkage=0.04


Tree=84
num_leaves=15
num_cat=0
split_feature=40 32 32 39 8 1 8 8 32 32 14 30 8 24
split_gain=5.57933 6.18628 10.9423 28.505 8.50755 8.21147 11.1039 7.72168 4.67811 12.9582 11.3094 9.62172 6.9972 7.59621
threshold=0.47826280504747659 0.00018918085034023006 0.00022145745289466694 0.045175686802471977 0.00017229976390550003 -2.236757039891017 -0.00081801323602414991 -0.0015625396021108496 0.00020315443160664161 0.00021049572448629235 -0.00062947725932184994 0.045972092784073472 -0.0018156362594730498 0.45833333333256948
decision_type=2 2 2 2 2 2 2 2 2 2 2 2 2 2
left_child=1 5 3 -3 -4 6 -1 -7 12 11 -11 -10 13 -2
right_child=8 2 4 -5 -6 7 -8 -9 9 10 -12 -13 -14 -15
leaf_value=0.0021560149090611878 0.034284212307623796 6.7401166102532281e-06 0.015654278631061867 -0.055411564702469572 -0.0025939539379766564 -0.047844324178454384 -0.053441489488098251 0.015454611198081249 0.010396798948628527 0.039885766315893204 -0.0066159620230700133 0.071599716356351512 -0.014764069145967321 -0.012343060325949047
leaf_weight=97.769120760262012 10.708101719617845 57.928389444947243 62.603019811213017 19.969599425792694 117.78905072063208 3.1593668162822715 6.1065832674503318 128.34411734342575 11.606769025325777 8.8933126740157586 141.65937954932451 6.3629514425992957 101.14544661343098 11.696817599236963
leaf_count=586 61 340 366 96 580 17 38 813 62 47 768 30 562 67
internal_value=1.0557e-05 0.00260317 -0.00167134 -0.0142001 0.00373889 0.00729375 -0.00111242 0.0139339 -0.00437155 -3.70142e-05 -0.00386905 0.0320683 -0.0102839 0.00994176
internal_weight=785.742 493.669 258.29 77.898 180.392 235.379 103.876 131.503 292.073 168.522 150.553 17.9697 123.55 22.4049
internal_count=4433 2836 1382 436 946 1454 624 830 1597 907 815 92 690 128
is_linear=0
shrinkage=0.04


Tree=85
num_leaves=9
num_cat=0
split_feature=26 31 35 3 19 31 7 2
split_gain=5.35399 5.28394 8.15821 10.4534 7.96178 7.0849 7.13091 3.74657
threshold=0.019783468550299502 0.71582075161186454 0.99737900020813242 0.0021108217052010002 -2.0622808290300019 0.7076651950964209 -0.00088879988318969988 0.099268968980943464
decision_type=2 2 2 2 2 2 2 2
left_child=-1 5 4 -4 -3 6 -2 -7
right_child=1 2 3 -5 -6 7 -8 -9
leaf_value=-0.052016128318934353 -0.042050586374911054 -0.0068945869017825049 0.02574507752834054 -0.013607077880941903 0.014959265152850332 -0.069801086548967911 -0.00080853132588048799 -0.016306053497060911
leaf_weight=3.1519952267408362 6.7928047925233832 33.865481674671173 13.35549386590719 56.453868679702282 125.59176609665155 3.4832476228475553 536.44536176323891 5.2548291683197021
leaf_count=18 36 226 80 320 765 21 2940 27
internal_value=1.1205e-05 0.000221114 0.00532541 -0.00607847 0.010318 -0.00189898 -0.00132423 -0.0376307
internal_weight=784.395 781.243 229.267 69.8094 159.457 551.976 543.238 8.73808
internal_count=4433 4415 1391 400 991 3024 2976 48
is_linear=0
shrinkage=0.04


Tree=86
num_leaves=13
num_cat=0
split_feature=40 36 28 20 9 3 5 1 18 9 29 19
split_gain=5.2576 8.15657 7.28833 9.15536 6.83004 5.02241 5.56128 9.00468 8.82256 4.36917 4.15906 3.20779
threshold=0.51851924717143794 0.53295137992590402 0.93091866953140145 0.0025846716551394004 0.00034311201953397987 0.0044242206003172009 1.0000000180025095e-35 -1.6458516088441681 1.0000000180025095e-35 0.00030074209141199982 0.0021573912022490225 2.4986740601027111
decision_type=2 2 2 2 2 2 2 2 2 2 2 2
left_child=5 10 4 -4 -3 6 8 -8 -1 -7 -2 -12
right_child=1 2 3 -5 -6 9 7 -9 -10 -11 11 -13
leaf_value=0.015552490806740583 0.011997031311223483 0.0018577595113218744 0.02153053432489271 -0.01816886125588375 0.033144859023928594 0.0014566652793891483 0.0042335968936766614 -0.0096126525614401177 0.00091414133383953093 -0.048083350593415605 -0.026980410909121226 0.012195714831448686
leaf_weight=105.05013284087181 5.8813203722238532 53.632098682224751 11.44758230447769 49.418162800371647 14.098501391708849 5.4401809871196729 185.30811474472284 126.41487982869148 176.65766368061304 5.978997677564621 41.019323296844959 3.6409567371010771
leaf_count=586 32 284 63 287 85 24 1123 705 950 26 248 20
internal_value=1.12586e-05 -0.00600781 -0.000656868 -0.0107022 0.00837034 0.00179392 0.00229954 -0.00138155 0.00637285 -0.0244821 -0.0196226 -0.0237866
internal_weight=783.988 179.138 128.596 60.8657 67.7306 604.85 593.431 311.723 281.708 11.4192 50.5416 44.6603
internal_count=4433 1019 719 350 369 3414 3364 1828 1536 50 300 268
is_linear=0
shrinkage=0.04


Tree=87
num_leaves=12
num_cat=0
split_feature=29 40 38 3 3 35 15 29 32 36 14
split_gain=4.9219 4.90357 8.44037 8.46394 6.49471 5.17458 6.3757 5.42904 4.74336 8.52058 0.990401
threshold=0.13662853988467979 0.51851924717143794 0.95058519977004874 0.0014620546017349004 0.0027659177089185507 1.4555672339187451 0.0017990538614327002 0.00088202704793948568 0.0002373217744264507 0.59801227868295304 -0.00058075228410694991
decision_type=2 2 2 2 2 2 2 2 2 2 2
left_child=1 5 3 -3 -4 6 -1 -7 9 10 -2
right_child=8 2 4 -5 -6 7 -8 -9 -10 -11 -12
leaf_value=0.0037681744942892055 0.016711626328139894 0.043435521036382568 -0.030173611166513785 -0.0020231028700475094 -0.0061783402840560157 -0.047434010338525047 -0.026086598290956713 -0.004700804665035376 0.048304305284082132 -0.05176692696341207 0.047992033631737145
leaf_weight=472.77333982288837 4.0921025648713121 7.0360337495803824 32.083877481520176 95.517486523836851 41.254802882671356 4.992108240723609 11.729066908359526 100.90282252430916 6.4868592694401732 3.0127685219049454 2.6802893355488786
leaf_count=2738 26 34 210 508 255 24 53 509 39 17 20
internal_value=1.04783e-05 -0.000451787 -0.0063141 0.00109574 -0.0166757 0.00129472 0.00304544 -0.00671534 0.0217797 0.00419579 0.0290914
internal_weight=782.562 766.29 175.892 102.554 73.3387 590.397 484.502 105.895 16.272 9.78516 6.77239
internal_count=4433 4331 1007 542 465 3324 2791 533 102 63 46
is_linear=0
shrinkage=0.04


Tree=88
num_leaves=12
num_cat=0
split_feature=29 40 38 40 14 10 36 21 32 36 14
split_gain=4.60521 4.59035 6.83646 7.70757 7.33058 4.72446 7.63689 6.00672 4.49506 7.87447 0.979692
threshold=0.13662853988467979 0.54373366318534411 0.96158249751268998 0.6873221499375356 -0.00064155867123229986 -0.00012429678799964996 0.76800094085202031 -0.0013378569455443497 0.0002373217744264507 0.59801227868295304 -0.00058075228410694991
decision_type=2 2 2 2 2 2 2 2 2 2 2
left_child=1 5 4 -4 -3 6 -1 -7 9 10 -2
right_child=8 2 3 -5 -6 7 -8 -9 -10 -11 -12
leaf_value=0.0082878263708626582 0.016160097424915219 0.069066880147193532 -0.025999887423935761 0.022836719340006025 -0.0024279260187515346 0.023655254108502246 -0.021110482228727974 -0.0022508081695478597 0.047367391634629906 -0.049312625943499874 0.047622712530620948
leaf_weight=184.30795615166426 4.0630917251110086 2.3667808361351481 40.103367827832699 5.9360207356512538 75.252405531704426 14.817328855395315 15.31276014447212 426.9854329675436 6.353281542658805 3.0357210785150528 2.594760090112687
leaf_count=1043 26 11 266 39 402 99 85 2386 39 17 20
internal_value=9.9875e-06 -0.000434812 -0.00749131 -0.0197032 -0.000247891 0.000925594 0.0060327 -0.00138196 0.0212171 0.00407797 0.028422
internal_weight=781.129 765.082 123.659 46.0394 77.6192 641.423 199.621 441.803 16.0469 9.69357 6.65785
internal_count=4433 4331 718 305 413 3613 1128 2485 102 63 46
is_linear=0
shrinkage=0.04


Tree=89
num_leaves=8
num_cat=0
split_feature=26 20 7 35 34 5 39
split_gain=4.96358 4.26357 10.0658 9.8402 8.25375 8.13991 7.67458
threshold=0.019783468550299502 0.0025876106235438001 -0.00080713634062209983 1.2643858791295433 0.59666797943890193 1.0000000180025095e-35 0.087875199173786028
decision_type=2 2 2 2 2 2 2
left_child=-1 2 6 -4 5 -3 -2
right_child=1 4 3 -5 -6 -7 -8
leaf_value=-0.050335891243624822 -0.0041324924978166314 0.0011890826590465137 0.018636627810533865 -0.032609735592048168 0.047673856824460716 -0.0093398251783165138 0.035550301187687906
leaf_weight=3.1206910461187354 136.9680533260107 359.95229601114988 85.462261594831944 6.4474018737673751 5.3521596118807784 174.4055999442935 8.2685035467147809
leaf_count=18 822 1929 584 40 38 954 48
internal_value=9.71718e-06 0.000211959 0.00468238 0.0150417 -0.00175232 -0.00224738 -0.0018733
internal_weight=779.977 776.856 237.146 91.9097 539.71 534.358 145.237
internal_count=4433 4415 1494 624 2921 2883 870
is_linear=0
shrinkage=0.04


Tree=90
num_leaves=10
num_cat=0
split_feature=37 3 38 40 30 40 31 7 15
split_gain=4.45349 9.38855 4.87043 7.09534 9.77798 6.79262 6.29529 8.55839 8.37564
threshold=0.38136708962840837 0.0021981048521033503 0.99999999983307319 0.28168779593128951 0.014821923754412247 0.50393072780869985 0.75301076489354513 -0.00081916130244589992 -0.0012477505864920996
decision_type=2 2 2 2 2 2 2 2 2
left_child=2 -2 6 4 -4 -5 7 -1 -8
right_child=1 -3 3 5 -6 -7 8 -9 -10
leaf_value=-0.026749643120118627 0.01166430010107403 -0.069811390293826853 0.025110482754185381 0.0032434207307299331 -0.031650282564349326 -0.013160232799091967 -0.047141695375446727 0.0014647512800979011 0.013573043863930174
leaf_weight=17.929666996002197 4.6633601486682874 4.3960690349340439 5.89818251132965 135.47772596776485 27.480210043489933 57.546768601983786 3.7746843844652167 423.66129609569907 98.50459711253643
leaf_count=112 25 23 36 752 176 361 21 2315 612
internal_value=1.01879e-05 -0.0278716 0.000338115 -0.00459167 -0.0216203 -0.00164703 0.00239029 0.000319178 0.0113323
internal_weight=779.333 9.05943 770.273 226.403 33.3784 193.024 543.87 441.591 102.279
internal_count=4433 48 4385 1325 212 1113 3060 2427 633
is_linear=0
shrinkage=0.04


Tree=91
num_leaves=12
num_cat=0
split_feature=29 40 36 28 15 35 38 29 36 13 10
split_gain=4.36333 4.04355 6.77181 7.38783 5.91332 5.08981 6.18893 5.79624 4.03599 0.995255 0.41652
threshold=0.13662853988467979 0.54373366318534411 0.53295137992590402 0.93150996672180952 0.0014147488825926502 1.4555672339187451 0.99999999983011323 0.048704646761343943 0.60064443871128115 -0.00036603292368374995 -0.00011428244822464998
decision_type=2 2 2 2 2 2 2 2 2 2 2
left_child=1 5 4 -4 -3 6 -1 -7 9 -2 -11
right_child=8 2 3 -5 -6 7 -8 -9 -10 10 -12
leaf_value=0.0060471683626562925 0.017230929700440351 -0.031046174142178841 0.010064260677415953 -0.013090005278341229 0.0087620157632705194 -0.0011886047564505491 -0.0028600057618476714 -0.02108765101517155 -0.0063034297827861763 0.051958370290898177 0.031928503640971696
leaf_weight=317.17473398894072 3.1678863167762747 26.679217413067818 45.284709177911282 42.969172582030296 7.6917428523302069 84.868966452777386 205.79396785050631 32.347612470388412 5.6553922593593589 4.3127998784184447 2.701698511838913
leaf_count=1828 23 167 256 253 42 431 1190 164 30 30 19
internal_value=1.04139e-05 -0.000421043 -0.00707526 -0.00120912 -0.0221377 0.000853544 0.0025421 -0.00668003 0.0207911 0.0358396 0.0442437
internal_weight=778.648 762.81 122.625 88.2539 34.371 640.185 522.969 117.217 15.8378 10.1824 7.0145
internal_count=4433 4331 718 509 209 3613 3018 595 102 72 49
is_linear=0
shrinkage=0.04


Tree=92
num_leaves=9
num_cat=0
split_feature=29 26 31 35 31 32 36 14
split_gain=4.07591 4.57857 4.66992 7.28292 6.26403 4.35076 7.02979 0.993091
threshold=0.13662853988467979 0.019783468550299502 0.71582075161186454 0.99737900020813242 0.7076651950964209 0.0002373217744264507 0.59801227868295304 -0.00058075228410694991
decision_type=2 2 2 2 2 2 2 2
left_child=1 -1 4 -4 -3 6 7 -2
right_child=5 2 3 -5 -6 -7 -8 -9
leaf_value=-0.048938332686390994 0.014642902144894481 -0.0016886809362712527 0.0094104869597570039 -0.0061844520823540671 -0.035985245807958276 0.046407075734468596 -0.046706335379276619 0.047024507456935892
leaf_weight=3.0974106267094603 3.9773655980825415 524.98433672264218 156.08372183889151 69.136593841016293 8.6612230613827688 6.1567388623952857 3.0571047961711884 2.4480308443307868
leaf_count=18 26 2882 985 398 48 39 17 20
internal_value=9.96677e-06 -0.000404924 -0.000206829 0.00462326 -0.00224532 0.020224 0.00322399 0.0269801
internal_weight=777.603 761.963 758.866 225.22 533.646 15.6392 9.4825 6.4254
internal_count=4433 4331 4313 1383 2930 102 63 46
is_linear=0
shrinkage=0.04


Tree=93
num_leaves=10
num_cat=0
split_feature=37 3 38 40 30 40 30 35 35
split_gain=4.07771 8.75543 4.31334 6.54614 8.88049 6.24003 5.95271 8.00536 6.07408
threshold=0.38136708962840837 0.0021981048521033503 0.99999999983307319 0.28168779593128951 0.014821923754412247 0.50393072780869985 0.049389946832011263 2.0163772413433287 1.4296122104592623
decision_type=2 2 2 2 2 2 2 2 2
left_child=2 -2 6 4 -4 -5 8 -8 -1
right_child=1 -3 3 5 -6 -7 7 -9 -10
leaf_value=0.0020981895628154001 0.011487890833241941 -0.067326173886178356 0.02442595138601289 0.0032072967255075769 -0.029926303216923571 -0.012575207078282379 0.010566209340905814 -0.014990542412441604 -0.010280951741760089
leaf_weight=258.16605915874243 4.6527401357889158 4.3766050189733505 5.8101909309625617 135.36175432801247 27.933052651584148 56.944579280912876 177.74067192524672 22.042538527399302 84.071206785738468
leaf_count=1450 25 23 36 752 176 361 1056 117 437
internal_value=1.00332e-05 -0.026714 0.000324198 -0.00431745 -0.0205675 -0.00146612 0.00226 0.00774647 -0.000942769
internal_weight=777.099 9.02935 768.07 226.05 33.7432 192.306 542.02 199.783 342.237
internal_count=4433 48 4385 1325 212 1113 3060 1173 1887
is_linear=0
shrinkage=0.04


Tree=94
num_leaves=8
num_cat=0
split_feature=21 21 26 30 35 21 31
split_gain=3.80299 8.81136 4.26952 4.23269 5.1695 5.90285 4.16747
threshold=-0.0013325061748224998 -0.0013248541094243998 0.019783468550299502 0.089264111216585854 0.96768159519034103 -0.0013471584378290998 0.71187971038980036
decision_type=2 2 2 2 2 2 2
left_child=3 -2 -3 4 5 -1 -4
right_child=1 2 6 -5 -6 -7 -8
leaf_value=0.017179992574214702 -0.047781406376723567 -0.047143506422362161 -0.0018132521761516204 -0.025201345518524581 -0.012706706013642632 0.067690917982317605 0.0049948956617301308
leaf_weight=18.483231619000438 6.276319868862628 3.0849632993340483 536.4516918361187 4.0571399480104438 6.6576587334275237 4.6288359686732319 196.57186953723431
leaf_count=123 36 18 2954 26 37 30 1209
internal_value=1.00952e-05 -0.000587557 -0.000185166 0.0131265 0.01835 0.0272962 1.24604e-05
internal_weight=776.212 742.385 736.109 33.8269 29.7697 23.1121 733.024
internal_count=4433 4217 4181 216 190 153 4163
is_linear=0
shrinkage=0.04


Tree=95
num_leaves=10
num_cat=0
split_feature=2 34 31 5 1 36 9 27 36
split_gain=3.72643 15.4921 4.46564 8.46627 9.9519 8.84942 5.80613 6.21772 5.39066
threshold=0.020207132406137553 0.43556373928114483 0.69072340823606948 1.0000000180025095e-35 -0.45423838261012855 0.44920937286250706 0.00012377871497874692 0.78429487869125669 0.69622410763511666
decision_type=2 2 2 2 2 2 2 2 2
left_child=1 -1 3 4 -2 -5 7 -4 -8
right_child=2 -3 6 5 -6 -7 8 -9 -10
leaf_value=0.023511835080610159 0.024016876299139178 -0.073882486473438855 0.0117462378437794 0.010558378579638048 -0.00023829663065771546 -0.012936418124987682 0.0056648977418997451 -0.0087049095509553684 0.023912305280146109
leaf_weight=5.3906210809946042 29.778261378407478 5.0716693326830864 34.549535132944584 31.041351854801178 297.11000345274806 147.6913023814559 115.5469216927886 76.346790872514248 33.388758182525635
leaf_count=33 190 31 195 181 1581 831 710 473 208
internal_value=1.00076e-05 -0.0237008 0.000334089 -0.00185607 0.00197126 -0.00885596 0.00459604 -0.00233339 0.00975565
internal_weight=775.915 10.4623 765.453 505.621 326.888 178.733 259.832 110.896 148.936
internal_count=4433 64 4369 2783 1771 1012 1586 668 918
is_linear=0
shrinkage=0.04


Tree=96
num_leaves=9
num_cat=0
split_feature=29 32 36 26 31 31 10 14
split_gain=3.80726 4.13148 6.46223 3.93175 3.82051 9.73656 6.66884 0.975394
threshold=0.13662853988467979 0.0002373217744264507 0.59801227868295304 0.019783468550299502 0.71187971038980036 0.7076651950964209 -0.00013643633610024996 -0.00058075228410694991
decision_type=2 2 2 2 2 2 2 2
left_child=3 2 7 -1 5 -5 -6 -2
right_child=1 -3 -4 4 6 -7 -8 -9
leaf_value=-0.045509498343806527 0.014127870106935487 0.045594051453492969 -0.04445573219780731 -0.001502556797215799 -0.020628253087189123 -0.054434230711946904 0.0060395362783728012 0.04664960619242102
leaf_weight=3.0774051249027243 3.9410162419080725 6.0115040242671958 3.0720543265342712 524.520133882761 16.154340505599976 5.6198241487145415 210.63116090744734 2.358635686337947
leaf_count=18 26 39 17 2882 97 32 1302 20
internal_value=1.03451e-05 0.0197115 0.00310906 -0.000388426 -0.000204978 -0.00206367 0.00413994 0.0263042
internal_weight=775.386 15.3832 9.37171 760.003 756.925 530.14 226.786 6.29965
internal_count=4433 102 63 4331 4313 2914 1399 46
is_linear=0
shrinkage=0.04


Tree=97
num_leaves=11
num_cat=0
split_feature=26 20 21 36 13 30 14 36 20 40
split_gain=3.70647 6.82787 9.01386 7.39761 5.62357 6.32308 6.38381 5.1093 10.6846 6.31156
threshold=0.019824698661162019 0.0025905454798509507 0.00050577056639610006 0.71991845130051957 0.0014079643759057502 0.11985300575916402 0.0013582054317682502 0.73752317721708927 0.0025871057415348506 0.51851924717143794
decision_type=2 2 2 2 2 2 2 2 2 2
left_child=4 -2 -3 -4 7 6 -6 9 -9 -1
right_child=1 2 3 -5 5 -7 -8 8 -10 -11
leaf_value=0.0030874016395874022 -0.074946695870594188 0.031251164143496393 -0.031573558386438522 0.028962999202448443 0.045058895196234301 0.05806462361349965 -0.0011717151496831667 0.012350885800561323 -0.020233457104562608 -0.0066084120542575986
leaf_weight=499.33813109993935 2.644246622920039 7.1260275095701244 17.796418618410829 3.9459367468953124 6.1776043772697475 5.0389079228043547 21.109511688351631 23.428467474877834 51.482923347502947 136.86378952115774
leaf_count=2878 12 35 102 21 34 25 109 150 274 793
internal_value=1.03269e-05 -0.0134261 -0.007791 -0.020587 0.000579864 0.0168967 0.00929456 -0.000161873 -0.0100427 0.00100158
internal_weight=774.952 31.5126 28.8684 21.7424 743.439 32.326 27.2871 711.113 74.9114 636.202
internal_count=4433 170 158 123 4263 168 143 4095 424 3671
is_linear=0
shrinkage=0.04


Tree=98
num_leaves=10
num_cat=0
split_feature=37 3 38 40 30 18 39 15 40
split_gain=3.74692 8.16908 4.1481 6.12954 8.04989 5.75241 6.94737 6.73295 5.54577
threshold=0.38136708962840837 0.0021981048521033503 0.99999999983307319 0.28168779593128951 0.014821923754412247 1.0000000180025095e-35 0.369134478969461 -0.0012548933821239499 0.50747874060250753
decision_type=2 2 2 2 2 2 2 2 2
left_child=2 -2 5 4 -4 7 -7 -1 -5
right_child=1 -3 3 8 -6 6 -8 -9 -10
leaf_value=-0.040820943791270756 0.011265227679122193 -0.064879730439434111 0.023498057975709079 0.0028032321953518993 -0.028648968373053224 -0.00018218358366987758 -0.023808071672322552 0.0068135529068652665 -0.01233735497563322
leaf_weight=4.8276264816522589 4.6548627465963346 4.3712295442819595 5.6899951621890059 137.25606463849545 28.262569785118103 226.12244224920869 21.837459478527308 286.7315564788878 53.911087971180677
leaf_count=28 25 23 36 766 176 1271 109 1652 347
internal_value=1.0306e-05 -0.0256109 0.000312748 -0.00424818 -0.0199098 0.00221584 -0.00226288 0.00602482 -0.00146657
internal_weight=773.665 9.02609 764.639 225.12 33.9526 539.519 247.96 291.559 191.167
internal_count=4433 48 4385 1325 212 3060 1380 1680 1113
is_linear=0
shrinkage=0.04


Tree=99
num_leaves=9
num_cat=0
split_feature=13 10 36 40 3 3 3 14
split_gain=3.59874 4.03164 10.6525 7.13145 5.95462 7.85268 7.02037 4.83075
threshold=-0.00040592645006024995 -0.00013134998106764998 0.76305791712475701 0.55693431708473906 0.0016920714589447503 0.0014076210294540501 0.0020160810088942507 -0.00058232889764009996
decision_type=2 2 2 2 2 2 2 2
left_child=-1 2 3 -2 5 -3 -6 -4
right_child=1 4 7 -5 6 -7 -8 -9
leaf_value=-0.028660596523096746 0.016007780888628326 0.005936623358075572 -0.067649027601965603 -0.019116168407742086 0.010290676827519427 -0.015529185420341261 -0.0012343594203282173 -0.00387268852048744
leaf_weight=6.9418097436428061 77.974685192108154 40.037728704512119 4.0118967443704605 10.493609011173247 104.69739147275686 85.489001415669918 439.79964564740658 3.6103435456752768
leaf_count=36 445 215 21 64 638 483 2510 21
internal_value=1.02393e-05 0.000270028 0.00793233 0.0118416 -0.00082885 -0.0086825 0.000981706 -0.0374408
internal_weight=773.056 766.114 96.0905 88.4683 670.024 125.527 544.497 7.62224
internal_count=4433 4397 551 509 3846 698 3148 42
is_linear=0
shrinkage=0.04


Tree=100
num_leaves=8
num_cat=0
split_feature=26 29 3 14 14 13 31
split_gain=3.70508 3.50677 3.9615 3.5444 11.7572 6.16958 3.0741
threshold=0.019783468550299502 0.13662853988467979 0.0015818899500370002 -0.00057601794366524985 -0.00058941234871359987 2.4964843108145273e-05 0.63224814736180746
decision_type=2 2 2 2 2 2 2
left_child=-1 3 -3 4 -2 -5 -4
right_child=1 2 6 5 -6 -7 -8
leaf_value=-0.043960866054194421 -0.0010727502955886329 -0.016342902011286648 0.0088062829289460229 -0.0078264560119848045 0.016602872032800382 0.0021955451359606006 0.050502644118760508
leaf_weight=3.0539495050907126 284.91972804814577 3.758702650666236 5.3083607107400876 196.97211980074644 76.344285249710083 196.15128859132528 6.0572190284729004
leaf_count=18 1677 25 29 1116 460 1060 48
internal_value=1.02544e-05 0.000184762 0.0192554 -0.000197575 0.00266256 -0.00282592 0.0310281
internal_weight=772.566 769.512 15.1243 754.387 361.264 393.123 11.3656
internal_count=4433 4415 102 4313 2137 2176 77
is_linear=0
shrinkage=0.04


Tree=101
num_leaves=9
num_cat=0
split_feature=9 20 13 30 13 36 33 31
split_gain=3.51811 5.54017 5.43836 5.98469 5.71896 4.02621 1.99002 0.343728
threshold=0.00041897945122756946 0.0026650334899589504 0.0014079643759057502 0.11985300575916402 0.0011946349276153502 0.62995197155312033 -0.73684210526315785 0.65315123669533814
decision_type=2 2 2 2 2 2 2 2
left_child=1 2 4 -4 -1 6 -3 -2
right_child=7 5 3 -5 -6 -7 -8 -9
leaf_value=-1.6625309522196184e-05 0.045262731976230292 -0.063699372291846384 0.0089630463740255645 0.056618294858011016 -0.027275467178757552 0.0027502500221907849 -0.02305839240504895 0.021991525237901949
leaf_weight=709.44481652230024 2.6099422462284556 4.063580758869648 28.769103281199932 4.9404523223638526 12.532197594642637 4.6286646723747253 3.6676657646894437 1.6623806469142435
leaf_count=4079 31 22 150 25 62 25 19 20
internal_value=1.03142e-05 -0.000191037 0.000243438 0.0159474 -0.000489789 -0.0267549 -0.0444195 0.0362078
internal_weight=772.319 768.046 755.687 33.7096 721.977 12.3599 7.73125 4.27232
internal_count=4433 4382 4316 175 4141 66 41 51
is_linear=0
shrinkage=0.04


Tree=102
num_leaves=11
num_cat=0
split_feature=21 21 38 15 18 7 40 38 40 40
split_gain=3.46499 7.9572 4.52472 6.33468 6.13824 4.03822 6.68608 5.83536 2.70646 1.62774
threshold=-0.0013325061748224998 -0.0013248541094243998 0.99999999983307319 0.0007600387001296501 1.0000000180025095e-35 -0.00095696696841714992 0.32668560068171842 0.99999999982282073 0.23879107309307415 0.44644501050539698
decision_type=2 2 2 2 2 2 2 2 2 2
left_child=5 -2 4 -4 -3 6 -1 -8 -7 -10
right_child=1 2 3 -5 -6 8 7 -9 9 -11
leaf_value=-0.049653421034511029 -0.045273772950532053 0.0057952756704100173 -0.0075324085723350569 0.016822958389222063 -0.0028345241058652755 -0.002127679095778942 -0.031802305734009211 0.027779333390810464 0.044344524849331463 0.011550742339154598
leaf_weight=3.5812780708074596 6.3137495443224898 282.56467320024967 183.4711196385324 18.841269444674253 247.28414065763354 3.966056868433955 3.5891551226377478 9.8420502170920354 9.2715964689850789 3.2778727859258643
leaf_count=23 36 1626 1082 104 1369 30 18 57 69 19
internal_value=1.00439e-05 -0.000560958 -0.00017538 -0.0052642 0.00176769 0.0125867 -0.00109099 0.0118576 0.026676 0.0357789
internal_weight=772.003 738.475 732.161 202.312 529.849 33.528 17.0125 13.4312 16.5155 12.5495
internal_count=4433 4217 4181 1186 2995 216 98 75 118 88
is_linear=0
shrinkage=0.04


Tree=103
num_leaves=10
num_cat=0
split_feature=37 38 40 32 10 30 35 5 32
split_gain=3.43449 3.56531 5.47736 7.51337 5.5731 5.23122 6.7827 6.43882 3.39087
threshold=0.38136708962840837 0.99999999983307319 0.28168779593128951 0.00015240837468377222 -0.00013911937959064995 0.049389946832011263 2.0163772413433287 1.0000000180025095e-35 0.00018161387177656645
decision_type=2 2 2 2 2 2 2 2 2
left_child=1 5 3 -3 -4 7 -7 -1 -2
right_child=8 2 4 -5 -6 6 -8 -9 -10
leaf_value=0.0044955420577231578 0.0012026552922586092 0.0056416225705458031 -0.033036165861230975 -0.033014556240700495 0.00019819197886948811 0.0098591657831901564 -0.013766189912862865 -0.0065089819035684584 -0.047969122031387298
leaf_weight=172.31725746765733 4.2827026247978193 12.820627398788927 8.4477867819368822 21.596345923841 182.03665464371443 175.72876612097025 21.861998450011015 168.02248392999172 4.7134276777505875
leaf_count=939 23 88 49 124 1064 1056 117 948 25
internal_value=1.03255e-05 0.00030009 -0.00392914 -0.0186148 -0.00127572 0.00206827 0.00724519 -0.000937286 -0.0245604
internal_weight=771.828 762.832 224.901 34.417 190.484 537.931 197.591 340.34 8.99613
internal_count=4433 4385 1325 212 1113 3060 1173 1887 48
is_linear=0
shrinkage=0.04


Tree=104
num_leaves=10
num_cat=0
split_feature=2 34 31 5 8 31 29 33 29
split_gain=3.36592 14.1672 4.02011 7.94111 12.926 8.42831 6.40427 5.88761 3.38996
threshold=0.020207132406137553 0.43556373928114483 0.69072340823606948 1.0000000180025095e-35 0.00015531972626280004 0.68575924672781519 0.084161429703952503 -0.84210526315789458 0.10017622411678542
decision_type=2 2 2 2 2 2 2 2 2
left_child=1 -1 3 4 -2 -5 7 -4 -8
right_child=2 -3 6 5 -6 -7 8 -9 -10
leaf_value=0.022883588464712265 0.014688347372981844 -0.070485305998327655 -0.001172580302474498 -0.0071319084282567002 -0.0030412581400437993 -0.0621106223581884 0.043825779260995325 0.012727158339720948 0.0071130727904340982
leaf_weight=5.3395908921956998 91.655641868710518 5.0681316331028938 173.67166397720575 173.78983137756586 233.17563104256988 4.5789508223533621 9.6155377477407473 67.789779402315617 6.9205593317747107
leaf_count=33 529 31 1065 989 1242 23 72 398 51
internal_value=1.03555e-05 -0.0225832 0.000319273 -0.00176219 0.0019614 -0.00854328 0.00437896 0.00272974 0.0284611
internal_weight=771.605 10.4077 761.198 503.2 324.831 178.369 257.998 241.461 16.5361
internal_count=4433 64 4369 2783 1771 1012 1586 1463 123
is_linear=0
shrinkage=0.04


Tree=105
num_leaves=12
num_cat=0
split_feature=36 2 24 29 36 40 34 31 31 38 30
split_gain=3.31747 5.49546 7.67181 5.03276 4.82989 8.89369 7.43343 5.73008 10.9889 6.65627 4.11327
threshold=0.34561573771701753 0.60538396590010246 0.12499999999979165 0.034477159056468906 0.44920937286250706 0.52011732651231857 0.27608351814403337 0.67972825454569552 0.65810379504536254 0.99999999984971877 0.017530923560053771
decision_type=2 2 2 2 2 2 2 2 2 2 2
left_child=1 2 -1 -4 5 6 -2 8 -6 -9 -7
right_child=4 -3 3 -5 7 10 -8 9 -10 -11 -12
leaf_value=-0.060172430921969985 0.024571460486261951 0.02029285941265007 0.026372960425021325 -0.042296996646301967 -0.00061938030000149738 0.01705490699405697 3.4778677016995984e-05 0.0064409458479087692 -0.017677615406997929 -0.013606851707858292 -0.037538118245255762
leaf_weight=6.7020964995026606 44.857328362762928 4.7871651127934447 4.3440854325890541 2.8136472031474113 337.90161116793752 2.9616284295916548 35.301876656711102 219.06433122605085 73.581521019339561 30.144609354436398 8.6797400787472707
leaf_count=37 254 25 27 19 1857 20 206 1353 401 174 60
internal_value=1.07908e-05 -0.0166557 -0.0294177 -0.000620648 0.000423791 0.00902094 0.0137656 -0.000770748 -0.00366974 0.00401594 -0.0236494
internal_weight=771.14 18.647 13.8598 7.15773 752.493 91.8006 80.1592 660.692 411.483 249.209 11.6414
internal_count=4433 108 83 46 4325 540 460 3785 2258 1527 80
is_linear=0
shrinkage=0.04


Tree=106
num_leaves=7
num_cat=0
split_feature=9 20 10 10 25 31
split_gain=3.38439 5.07569 3.45587 7.54313 5.64577 0.336825
threshold=0.00041897945122756946 0.0026783737395777506 -0.00013911937959064995 -0.00013723953472149998 0.75000000000000011 0.65315123669533814
decision_type=2 2 2 2 2 2
left_child=1 2 4 -4 -1 -2
right_child=5 -3 3 -5 -6 -7
leaf_value=-0.00013136706145128332 0.045078177902032765 -0.034815535197944385 0.031829851299329602 0.00011539884440058421 -0.037833660137935612 0.021861921180641026
leaf_weight=17.528349980711941 2.5281509533524504 6.7123294323682776 12.202758915722368 719.79325976967812 9.9692136943340284 1.6540062353014944
leaf_count=102 31 37 71 4117 55 20
internal_value=1.09447e-05 -0.000184927 0.000121134 0.000644095 -0.0138003 0.0358964
internal_weight=770.388 766.206 759.494 731.996 27.4976 4.18216
internal_count=4433 4382 4345 4188 157 51
is_linear=0
shrinkage=0.04


Tree=107
num_leaves=10
num_cat=0
split_feature=29 32 36 21 30 13 10 19 14
split_gain=3.29711 3.92746 5.88291 3.29639 5.2266 4.20274 5.33504 3.43321 0.950436
threshold=0.13662853988467979 0.0002373217744264507 0.59801227868295304 -0.0013421206232973497 0.089264111216585854 -0.00040592645006024995 -0.00013134998106764998 -1.8232165571952315 -0.00058075228410694991
decision_type=2 2 2 2 2 2 2 2 2
left_child=3 2 8 4 7 -5 -7 -1 -2
right_child=1 -3 -4 5 -6 6 -8 -9 -10
leaf_value=0.010542495190932895 0.01317879218593431 0.044538959798976763 -0.042805374886255375 -0.033184328540889749 -0.030299532183184461 0.0086939836941946624 -0.0018578323246659244 0.044226837616638211 0.046073117184873703
leaf_weight=16.669783033430583 3.855172596871852 5.7533210739493361 3.0667959526181221 6.382561430335044 3.7892708107829085 87.205580785870552 634.34471230581403 6.8228431865572921 2.2116658911108962
leaf_count=111 26 39 17 32 24 502 3618 44 20
internal_value=1.06661e-05 0.0186523 0.00234622 -0.000356802 0.0132938 -0.000868409 -0.000582554 0.0203253 0.0251704
internal_weight=770.102 14.887 9.13363 755.215 27.2819 727.933 721.55 23.4926 6.06684
internal_count=4433 102 63 4331 179 4152 4120 155 46
is_linear=0
shrinkage=0.04


Tree=108
num_leaves=10
num_cat=0
split_feature=9 40 36 28 12 21 12 12 31
split_gain=3.21201 4.28312 5.48219 6.23604 4.8602 5.9732 5.83252 4.80222 0.338072
threshold=0.00041897945122756946 0.55963388058095453 0.53295137992590402 0.93150996672180952 -0.00012429678799964996 -0.0013378569455443497 -0.00012571032812939997 -0.00011922461682909999 0.65315123669533814
decision_type=2 2 2 2 2 2 2 2 2
left_child=1 4 7 -4 6 -6 -1 -3 -2
right_child=8 2 3 -5 5 -7 -8 -9 -10
leaf_value=0.003416598544001761 0.044873436835034627 -0.04416540918148542 0.00958202534704382 -0.015289372716527692 0.023861304689346816 -0.002160646836821818 0.023384897939685262 -0.0086125594233881012 0.021332251878007753
leaf_weight=181.28888336569071 2.4414001926779738 10.982191406190397 33.765954665839672 30.881868705153465 14.566976405680178 453.78633866459131 26.873559072613716 13.614427797496317 1.6261836588382719
leaf_count=1041 31 70 175 180 102 2572 159 83 20
internal_value=1.07554e-05 -0.000177555 -0.00841404 -0.00229889 0.000908984 -0.0013513 0.00599449 -0.0244866 0.0354619
internal_weight=769.828 765.76 89.2444 64.6478 676.516 468.353 208.162 24.5966 4.06758
internal_count=4433 4382 508 355 3874 2674 1200 153 51
is_linear=0
shrinkage=0.04


Tree=109
num_leaves=10
num_cat=0
split_feature=37 3 38 2 30 19 15 31 31
split_gain=3.17047 7.6078 3.37452 7.87245 6.90426 5.92863 5.85105 7.98472 3.05734
threshold=0.38136708962840837 0.0021981048521033503 0.99999999983112098 0.041490988766484556 0.029889140014414489 -1.9282869554123783 -0.0012548933821239499 0.76854150708111424 0.74529014985972486
decision_type=2 2 2 2 2 2 2 2 2
left_child=2 -2 6 4 -4 -5 8 -8 -1
right_child=1 -3 3 5 -6 -7 7 -9 -10
leaf_value=-0.0076879344477380068 0.012082488064945504 -0.061930523780155136 0.010327961704724338 0.017158277894986008 -0.059306480421308219 -0.0042210578859436963 0.00042488430933884582 0.014030563023421989 -0.059470562622462364
leaf_weight=3.6650890707969657 4.5925737172365171 4.305096909403801 3.3243681266903859 23.065930441021919 7.2391957193613052 206.98406950384378 429.92140873149037 82.211572073400021 3.6322548389434814
leaf_count=21 25 23 22 156 47 1202 2394 523 20
internal_value=1.02839e-05 -0.0237284 0.000288187 -0.00362788 -0.0373924 -0.00207746 0.00210221 0.00260897 -0.0334628
internal_weight=768.942 8.89767 760.044 240.614 10.5636 230.05 519.43 512.133 7.29734
internal_count=4433 48 4385 1427 69 1358 2958 2917 41
is_linear=0
shrinkage=0.04


Tree=110
num_leaves=9
num_cat=0
split_feature=29 38 8 26 32 32 33 38
split_gain=3.06905 4.01914 4.61481 3.33839 3.22578 10.5501 8.83382 0.912559
threshold=0.13662853988467979 0.99999999983799259 -0.00065407721034749992 0.019783468550299502 0.0001880818846756496 0.00020315443160664161 -0.84210526315789458 0.84564817261500036
decision_type=2 2 2 2 2 2 2 2
left_child=3 2 -2 -1 6 -6 -5 -4
right_child=1 -3 7 4 5 -7 -8 -9
leaf_value=-0.042171226441384498 -0.012163737577101723 -0.025673215615604806 0.026728495691354156 -0.00095535481295225754 -0.017038997952859677 0.0002387533840397683 0.014621813550898628 0.053540656489496241
leaf_weight=3.0405140295624724 3.2947970554232588 2.7292098701000205 3.2547914236783964 231.99932584911585 66.601528495550156 374.52714950218797 77.777432627975941 5.4018867388367653
leaf_count=18 26 14 22 1426 373 2030 484 40
internal_value=1.04747e-05 0.0181239 0.0281253 -0.000342227 -0.000172856 -0.00236984 0.00295569 0.0434597
internal_weight=768.627 14.6807 11.9515 753.946 750.905 441.129 309.777 8.65668
internal_count=4433 102 88 4331 4313 2403 1910 62
is_linear=0
shrinkage=0.04


Tree=111
num_leaves=11
num_cat=0
split_feature=0 26 35 36 33 12 36 5 31 21
split_gain=3.06335 5.20308 5.36405 8.17102 5.08154 7.80905 4.97278 4.85708 4.62399 2.89544
threshold=75.205231500272745 0.019824698661162019 0.62658571546393893 0.5399344694589433 -0.63157894736842091 -0.00011990726157775 0.49999878525344665 1.0000000180025095e-35 0.62038649890060837 0.0021599561513596004
decision_type=2 2 2 2 2 2 2 2 2 2
left_child=1 4 -3 -4 7 -6 -2 -1 -8 -10
right_child=6 2 3 -5 5 -7 8 -9 9 -11
leaf_value=0.0053352050350900697 -0.017969723991413486 0.013610262115429326 -0.058784971455976803 -0.0071903676622430369 0.0045508255977873896 -0.021724042125327924 -0.016183468059862562 -0.0016462088965350271 0.053467989092147075 0.0076184136135233338
leaf_weight=281.54277584701777 5.0588305741548565 6.6608539074659374 8.1532605141401309 12.350868992507456 33.247669696807861 39.719430170953274 2.9296661950647822 367.65611040592194 7.7638992667198163 3.0772185437381268
leaf_count=1592 28 34 40 64 179 209 18 2198 45 26
internal_value=1.0535e-05 -0.000389885 -0.0175756 -0.0277064 0.000256572 -0.00975182 0.0159454 0.00138147 0.0284044 0.0404537
internal_weight=768.161 749.331 27.165 20.5041 722.166 72.9671 18.8296 649.199 13.7708 10.8411
internal_count=4433 4316 138 104 4178 388 117 3790 89 71
is_linear=0
shrinkage=0.04


Tree=112
num_leaves=14
num_cat=0
split_feature=39 21 32 15 39 13 39 31 32 1 20 32 32
split_gain=3.04479 9.69562 8.43703 6.48558 6.15035 5.33925 7.40839 6.81082 4.73181 6.32749 4.69544 5.50564 1.1391
threshold=0.36963196912192869 -9.151727632181669e-05 0.00018161387177656645 9.6114304422862293e-05 0.34151031387375486 0.0014079643759057502 0.26215775032334404 0.64409751661286074 0.00016662388246620492 -0.2454746978860384 0.0026028727605996002 0.00020523735237915479 0.00014693047890505651
decision_type=2 2 2 2 2 2 2 2 2 2 2 2 2
left_child=4 2 3 -2 5 6 -1 -7 12 -10 -3 -12 -6
right_child=1 10 -4 -5 8 7 -8 -9 9 -11 11 -13 -14
leaf_value=0.00022228382854390456 0.014304037416350921 -0.063591557196092732 0.052847646979412133 -0.047004759813001722 0.029147314271681345 0.037520903090128954 -0.016680952377102775 -0.00070257984331486818 -0.012700896594949674 0.024152180129937667 0.010010829255819141 -0.027024161309726513 0.062238998059152249
leaf_weight=600.48198262229562 9.1211137101054209 3.7908897995948783 6.0578465759754172 3.9590199664235106 3.1050898656249037 13.407962903380396 44.565186116844416 16.809429600834846 12.189313247799875 19.189215090125799 8.9809333160519618 22.544877853244543 3.5870277360081673
leaf_count=3542 53 19 30 20 22 71 235 95 64 99 48 115 20
internal_value=1.02389e-05 -0.00910665 0.0138217 -0.00425256 0.000706205 -0.000175699 -0.000945531 0.0162578 0.0163487 0.00983622 -0.0215314 -0.0164738 0.0468847
internal_weight=767.79 54.4547 19.138 13.0801 713.335 675.265 645.047 30.2174 38.0706 31.3785 35.3167 31.5258 6.69212
internal_count=4433 285 103 73 4148 3943 3777 166 205 163 182 163 42
is_linear=0
shrinkage=0.04


Tree=113
num_leaves=9
num_cat=0
split_feature=9 20 13 30 13 36 34 23
split_gain=3.01724 4.40501 4.72589 5.61099 5.13799 3.67966 1.89241 0.352092
threshold=0.00041897945122756946 0.0026650334899589504 0.0014079643759057502 0.11985300575916402 0.0011946349276153502 0.62995197155312033 0.27608351814403337 6.9357954896016141
decision_type=2 2 2 2 2 2 2 2
left_child=1 2 4 -4 -1 6 -3 -2
right_child=7 5 3 -5 -6 -7 -8 -9
leaf_value=-1.8490812602027155e-05 0.01945175876778274 -0.062642518497074154 0.0082140899934324482 0.054989995877660347 -0.025837123153109442 0.0039259043161484113 -0.022210056833486286 0.044211497487073766
leaf_weight=705.61317972838879 1.4658162184059622 3.5617223456501943 28.614517316222191 4.7899743542075148 12.551753528416155 4.596864141523838 3.8587418794631958 2.4630265571176997
leaf_count=4079 17 21 150 25 62 25 20 34
internal_value=1.00712e-05 -0.000169826 0.000214344 0.0149214 -0.000469737 -0.024196 -0.0416171 0.0349739
internal_weight=767.516 763.587 751.569 33.4045 718.165 12.0173 7.42046 3.92884
internal_count=4433 4382 4316 175 4141 66 41 51
is_linear=0
shrinkage=0.04


Tree=114
num_leaves=7
num_cat=0
split_feature=2 34 19 37 3 14
split_gain=3.01185 12.7542 3.72651 5.02662 4.06143 3.54344
threshold=0.020207132406137553 0.43556373928114483 -2.2539344845835942 0.3833286691835957 0.0021981048521033503 -0.00062673265283864985
decision_type=2 2 2 2 2 2
left_child=1 -1 -2 5 -5 -4
right_child=2 -3 3 4 -6 -7
leaf_value=0.022146539361500114 0.039448232736447764 -0.066510038368358337 0.0098345788570744479 -0.0030908940666965236 -0.060466318386373813 -0.00037125003277451384
leaf_weight=5.2880010828375799 3.8712137863039962 5.1004930734634399 59.122991245239973 3.9665178656578055 3.9296509921550751 685.92804254218936
leaf_count=33 24 31 347 22 21 3955
internal_value=9.79758e-06 -0.0213816 0.000303428 0.000102168 -0.0316447 0.000438626
internal_weight=767.207 10.3885 756.818 752.947 7.89617 745.051
internal_count=4433 64 4369 4345 43 4302
is_linear=0
shrinkage=0.04


Tree=115
num_leaves=12
num_cat=0
split_feature=36 15 24 26 36 40 34 31 31 38 30
split_gain=2.95822 7.01674 8.82903 4.77907 4.53067 7.92249 6.92228 5.02833 9.82728 5.89751 4.24012
threshold=0.34561573771701753 0.00018737483062010004 0.12499999999979165 0.019785328845116985 0.44920937286250706 0.52011732651231857 0.27608351814403337 0.67972825454569552 0.65810379504536254 0.99999999984971877 0.01549472659471153
decision_type=2 2 2 2 2 2 2 2 2 2 2
left_child=1 2 -1 -4 5 6 -2 8 -6 -9 -7
right_child=4 -3 3 -5 7 10 -8 9 -10 -11 -12
leaf_value=-0.063827084395449443 0.023769861258824028 0.025596728507285928 -0.027554982666659612 0.038187927145657996 -0.00057640462219094024 0.019824102500539963 -1.116666644581322e-07 0.0060448483029109665 -0.016715470172367488 -0.012839514052177012 -0.036683191161272062
leaf_weight=6.5726325437426585 44.251614272594452 4.8672333955764762 4.1938040256500244 3.0600215345621109 336.43903012946248 2.834593564271926 35.19165051728487 217.45875455066562 73.566452134400606 30.125159554183483 8.4832192435860616
leaf_count=36 254 25 28 19 1857 19 206 1353 401 174 61
internal_value=9.53193e-06 -0.0157075 -0.0302475 0.000178621 0.000402141 0.00877967 0.0132403 -0.000754133 -0.0034722 0.00374706 -0.0225307
internal_weight=767.044 18.6937 13.8265 7.25383 748.35 90.7611 79.4433 657.589 410.005 247.584 11.3178
internal_count=4433 108 83 47 4325 540 460 3785 2258 1527 80
is_linear=0
shrinkage=0.04


Tree=116
num_leaves=9
num_cat=0
split_feature=26 3 3 8 9 29 15 31
split_gain=3.15104 3.05704 10.5099 10.7626 8.39842 4.47552 3.85368 3.75733
threshold=0.019783468550299502 0.0016329135023170002 0.0014076210294540501 0.00026921346142475005 0.00023944140905538089 0.13662853988467979 0.0015736527913450002 0.62301292901371907
decision_type=2 2 2 2 2 2 2 2
left_child=-1 2 4 -4 -2 6 -3 -7
right_child=1 5 3 -5 -6 7 -8 -9
leaf_value=-0.040625480373503463 0.0031273033167033499 0.0019096514876131372 -0.0081728754698841763 -0.0491751615504794 0.055348179043889799 -0.0040900626191089952 -0.0084207585859460161 0.046274891103867496
leaf_weight=3.0411763340234748 40.459126152098179 566.03463143110275 64.475266627967358 12.177377499639986 5.6108827143907538 3.7648550271987897 64.345796350389719 6.3966275826096535
leaf_count=18 222 3321 366 66 30 21 337 52
internal_value=9.72357e-06 0.000171632 -0.00561178 -0.0146867 0.0094873 0.00127969 0.00085518 0.0276145
internal_weight=766.306 763.265 122.723 76.6526 46.07 640.542 630.38 10.1615
internal_count=4433 4415 684 432 252 3731 3658 73
is_linear=0
shrinkage=0.04


Tree=117
num_leaves=7
num_cat=0
split_feature=26 9 15 8 19 34
split_gain=2.91191 2.88294 3.64061 6.94143 6.59276 0.357635
threshold=0.019783468550299502 0.00041897945122756946 0.0015736527913450002 0.0020818316773133006 0.99247179374026617 0.41133281647086867
decision_type=2 2 2 2 2 2
left_child=-1 2 4 -4 -2 -3
right_child=1 5 3 -5 -6 -7
leaf_value=-0.039104087889844492 -0.00056686550836851943 0.018404720327283922 -0.019142544421876774 0.0086216534943897149 0.01173088297123218 0.043811799085932406
leaf_weight=3.0332788899540892 617.56369642168283 1.3833045251667493 40.377238899469376 22.401309929788113 78.62914964556694 2.4679250605404377
leaf_count=18 3637 15 201 107 419 36
internal_value=9.78905e-06 0.000165321 -9.84617e-06 -0.00923543 0.000822062 0.034686
internal_weight=765.856 762.823 758.971 62.7785 696.193 3.85123
internal_count=4433 4415 4364 308 4056 51
is_linear=0
shrinkage=0.04


Tree=118
num_leaves=11
num_cat=0
split_feature=10 10 25 14 36 14 3 3 10 3
split_gain=2.89617 6.93438 5.10284 3.76221 5.92738 3.42301 3.37691 9.10439 5.82086 2.93516
threshold=-0.00013911937959064995 -0.00013723953472149998 0.75000000000000011 -0.00062463113614944984 0.49166008859302085 -0.00060319096247064992 0.0016329135023170002 0.0014076210294540501 -0.00013643633610024996 0.0022256243935105005
decision_type=2 2 2 2 2 2 2 2 2 2
left_child=2 5 3 -1 -5 -2 7 -3 -8 -4
right_child=1 6 9 4 -6 -7 8 -9 -10 -11
leaf_value=0.026530133644611677 0.053642987121430452 0.008120685409797589 -0.0071521265090193666 0.034334886620541037 -0.02962828945200904 0.010909728935697097 -0.038880005673432999 -0.014852748154329909 0.0015687031790384256 -0.052080615709282095
leaf_weight=5.8298786953091648 5.5496936663985252 44.22505459934473 3.6833440065383893 3.1530882045626667 8.7528807148337346 6.5257485210895521 5.7467393577098838 73.424542352557182 602.36383822187781 6.3158083036541939
leaf_count=35 34 241 22 19 51 38 31 413 3514 35
internal_value=9.5291e-06 0.000486524 -0.01268 0.000202725 -0.0126888 0.0305493 -1.36707e-05 -0.00621692 0.00118646 -0.0355305
internal_weight=765.571 737.836 27.735 17.7358 11.906 12.0754 725.76 117.65 608.111 9.99915
internal_count=4433 4271 162 105 70 72 4199 654 3545 57
is_linear=0
shrinkage=0.04


Tree=119
num_leaves=9
num_cat=0
split_feature=13 10 36 38 21 30 21 14
split_gain=2.86281 3.33108 10.0961 6.73931 4.60144 5.65458 5.24666 4.41483
threshold=-0.00040592645006024995 -0.00013134998106764998 0.76305791712475701 0.9999999998360104 -0.0013421206232973497 0.089264111216585854 -0.0013220026396753997 -0.00058232889764009996
decision_type=2 2 2 2 2 2 2 2
left_child=-1 2 3 -2 5 -3 -6 -4
right_child=1 4 7 -5 6 -7 -8 -9
leaf_value=-0.025705179795844153 0.018170644760239781 0.027270840164965338 -0.065865720627881513 -0.0065653660829657259 -0.026698827912698921 -0.03151298286006559 -0.00082849110444353769 -0.0046553808655313555
leaf_weight=6.8649307414889327 62.070514962077141 16.87647316604853 4.0022227019071579 24.610062193125486 12.797093406319616 3.0989900082349768 631.52291380986571 3.5643749684095374
leaf_count=36 364 118 21 145 75 20 3633 21
internal_value=9.56196e-06 0.000242284 0.00727963 0.0111477 -0.000756141 0.0181511 -0.00134231 -0.0370315
internal_weight=765.408 758.543 94.2472 86.6806 664.295 19.9755 644.32 7.5666
internal_count=4433 4397 551 509 3846 138 3708 42
is_linear=0
shrinkage=0.04


Tree=120
num_leaves=6
num_cat=0
split_feature=15 13 38 2 15
split_gain=2.77675 3.77039 3.51488 9.2506 6.15174
threshold=-0.0012811558789887498 -0.00040592645006024995 0.99999999983011323 0.047837171781466556 -0.0012548933821239499
decision_type=2 2 2 2 2
left_child=-1 -2 4 -4 -3
right_child=1 2 3 -5 -6
leaf_value=0.037381019155226125 -0.030475096364684207 -0.037347990529858578 -0.035441273017262256 -0.0019168461696974664 0.002486561989571731
leaf_weight=3.1679292470216742 6.5021692439913741 6.280001387000083 13.970370940864084 229.70963966473937 505.55045617744327
leaf_count=18 34 35 91 1362 2893
internal_value=9.61542e-06 -0.000145749 0.000115275 -0.00383883 0.0019978
internal_weight=765.181 762.013 755.51 243.68 511.83
internal_count=4433 4415 4381 1453 2928
is_linear=0
shrinkage=0.04


Tree=121
num_leaves=14
num_cat=0
split_feature=39 19 10 1 39 40 35 35 5 29 24 31 31
split_gain=2.75648 8.6932 7.92332 6.16592 5.69039 5.67875 8.43373 4.11223 5.26213 4.01852 6.18857 3.89022 3.13634
threshold=0.36963196912192869 0.11677732876504317 -0.00010929911451154998 -0.73795146220027152 0.34151031387375486 0.48610537890024236 1.7834683806964879 0.71230017814390956 1.0000000180025095e-35 0.087435067465326602 0.041666666666597151 0.63927211543896212 0.65428387338357785
decision_type=2 2 2 2 2 2 2 2 2 2 2 2 2
left_child=4 2 3 -2 9 12 -7 -3 -9 11 -11 -1 -6
right_child=1 7 -4 -5 5 6 -8 8 -10 10 -12 -13 -14
leaf_value=0.0044567254183191102 0.0085016316275051736 -0.051159021739643137 -0.043788633666384885 0.064222951079921708 0.018688026234563941 0.02291096802533971 -0.030947705574675768 -0.004388403784318211 -0.047392857469457698 0.033550741304441883 0.0026245987745761811 -0.0029295267030980321 0.052504758978442111
leaf_weight=151.18611393868923 15.765290178358558 6.4285480231046703 3.7365194559097281 3.9794685915112504 11.605720475316049 11.161439701914789 7.976213924586772 18.154493100941185 6.076276794075965 13.576889649033545 43.596888896077871 464.96917086094618 7.0560245513916007
leaf_count=841 86 32 20 20 57 56 49 96 31 88 290 2724 43
internal_value=9.53707e-06 -0.00869094 0.00962413 0.019732 0.000671934 0.0157737 0.000463686 -0.022718 -0.0151725 -0.000175851 0.00996854 -0.00111716 0.0314742
internal_weight=765.269 54.1406 23.4813 19.7448 711.128 37.7994 19.1377 30.6593 24.2308 673.329 57.1738 616.155 18.6617
internal_count=4433 285 126 106 4148 205 105 159 127 3943 378 3565 100
is_linear=0
shrinkage=0.04


Tree=122
num_leaves=9
num_cat=0
split_feature=9 20 13 30 13 36 34 23
split_gain=2.75648 4.04839 4.3278 5.26832 4.66262 3.46253 2.21812 0.363035
threshold=0.00041897945122756946 0.0026650334899589504 0.0014079643759057502 0.11985300575916402 0.0011946349276153502 0.62995197155312033 0.29870237037345254 6.9357954896016141
decision_type=2 2 2 2 2 2 2 2
left_child=1 2 4 -4 -1 6 -3 -2
right_child=7 5 3 -5 -6 -7 -8 -9
leaf_value=-1.5575873927720503e-05 0.018272376828161806 -0.061512644115110274 0.0078844939640563046 0.053744432082077832 -0.024587306235311596 0.0038750911772461516 -0.017165332776029985 0.043967657043214557
leaf_weight=703.60542562603951 1.4142774008214476 3.82648206502199 28.517824284732342 4.663382187485694 12.57688596844673 4.5676837861537933 3.4151163846254349 2.3277236223220816
leaf_count=4079 17 23 150 25 62 25 18 34
internal_value=9.38241e-06 -0.000158978 0.000207227 0.0143298 -0.00044708 -0.0233967 -0.0405986 0.0342562
internal_weight=764.915 761.173 749.364 33.1812 716.182 11.8093 7.2416 3.742
internal_count=4433 4382 4316 175 4141 66 41 51
is_linear=0
shrinkage=0.04


Tree=123
num_leaves=11
num_cat=0
split_feature=21 21 7 40 35 18 23 10 40 40
split_gain=2.7598 6.90656 3.70604 6.24169 7.42418 3.33197 9.50552 6.74939 2.65288 2.13565
threshold=-0.0013325061748224998 -0.0013248541094243998 -0.00095696696841714992 0.32668560068171842 0.96768159519034103 1.0000000180025095e-35 8.7119214862830869 -0.00012164177952134999 0.23879107309307415 0.46408269969778898
decision_type=2 2 2 2 2 2 2 2 2 2
left_child=2 -2 3 -1 -5 6 -3 -7 -4 -10
right_child=1 5 8 4 -6 7 -8 -9 9 -11
leaf_value=-0.048241447594159215 -0.041924538120379808 0.020618670065958741 -0.003398791018709062 0.036257166130167939 -0.024651677919364481 0.0040360359473868108 0.00024089203517604086 -0.0076380834537945318 0.043735632107891304 0.00283958194598427
leaf_weight=3.6133967041969326 6.3828886747360221 40.88028159737587 3.8753885701298705 7.7487216964364034 5.4567009136080742 130.03601491451263 351.89040070399642 202.84184836596251 9.2604779899120313 2.6214464083313933
leaf_count=23 36 262 30 46 29 744 2044 1131 73 15
internal_value=9.11767e-06 -0.000497831 0.011401 -0.001658 0.0110886 -0.000133437 0.00236185 -0.00307768 0.0253397 0.034713
internal_weight=764.608 732.031 32.5761 16.8188 13.2054 725.649 392.771 332.878 15.7573 11.8819
internal_count=4433 4217 216 98 75 4181 2306 1875 118 88
is_linear=0
shrinkage=0.04


Tree=124
num_leaves=11
num_cat=0
split_feature=12 12 38 37 14 18 3 3 12 38
split_gain=2.75209 6.38722 3.58513 3.35762 3.32605 3.32078 3.11082 8.32722 5.40803 2.15014
threshold=-0.00013911937959064995 -0.00013723953472149998 0.99999999983931476 0.027514895834042794 -0.00060319096247064992 1.0000000180025095e-35 0.0016329135023170002 0.0014076210294540501 -0.00013643633610024996 0.99999999985084032
decision_type=2 2 2 2 2 2 2 2 2 2
left_child=2 4 3 5 -2 -1 7 -3 -8 -4
right_child=1 6 9 -5 -6 -7 8 -9 -10 -11
leaf_value=-0.0083262560535308956 0.052643422513656536 0.0077899704870091182 -0.058858492326757633 -0.033898456541333381 0.01019206242978837 0.030714690820961097 -0.037281219784483878 -0.014187538638902169 0.0015214984826179686 -0.017301688855946868
leaf_weight=9.5285143926739746 5.4246541112661362 44.109957598149776 3.4067599400877935 4.3644893541932097 6.4811367914080602 5.4969557709991923 5.8023734167218199 73.627961933612823 601.31366889923811 4.7971101328730583
leaf_count=57 34 241 20 25 38 32 31 413 3514 28
internal_value=9.49643e-06 0.000473998 -0.0123928 -0.0030144 0.0295342 0.00595658 -3.3193e-06 -0.00595377 0.00115065 -0.0345587
internal_weight=764.354 736.76 27.5938 19.39 11.9058 15.0255 724.854 117.738 607.116 8.20387
internal_count=4433 4271 162 114 72 89 4199 654 3545 48
is_linear=0
shrinkage=0.04


Tree=125
num_leaves=10
num_cat=0
split_feature=37 3 31 7 26 35 35 38 23
split_gain=2.63997 6.57655 2.99845 9.76621 9.49764 8.59043 7.12181 6.05948 3.63377
threshold=0.38136708962840837 0.0022971844037585004 0.81703088435539561 -0.00085337029460419986 0.019785369060781259 0.99737900020813242 0.80653910382209537 0.99999999984583499 8.4804654422495283
decision_type=2 2 2 2 2 2 2 2 2
left_child=2 -2 3 6 -5 8 -1 -7 -4
right_child=1 -3 5 4 -6 7 -8 -9 -10
leaf_value=-0.013350840001542321 0.0083945405112737462 -0.061167793779733678 0.030747643324931281 0.014265445922104577 -0.0019489480581097829 -0.00030887940446936704 -0.065213446568653313 -0.03135435380240837 0.0085106511169812226
leaf_weight=15.176854036748411 5.0265395641326887 3.8325789123773575 13.293933987617491 65.312733300030231 502.55549043044448 37.757613196969032 5.8769183754920951 13.712175674736498 101.75311356037855
leaf_count=94 27 21 88 461 2754 222 36 81 649
internal_value=9.53999e-06 -0.0216991 0.00026412 -0.00107589 -8.40675e-05 0.00500336 -0.0278277 -0.00857977 0.0110802
internal_weight=764.298 8.85912 755.439 588.922 567.868 166.517 21.0538 51.4698 115.047
internal_count=4433 48 4385 3345 3215 1040 130 303 737
is_linear=0
shrinkage=0.04


Tree=126
num_leaves=12
num_cat=0
split_feature=36 15 24 26 36 34 27 34 31 31 2
split_gain=2.75002 6.42585 7.77921 4.41721 4.16602 6.84839 6.26274 5.94169 4.73576 8.86148 5.50066
threshold=0.34561573771701753 0.00018737483062010004 0.12499999999979165 0.019785328845116985 0.44920937286250706 0.27608351814403337 0.029743469613983244 0.024600369147300221 0.67972825454569552 0.65810379504536254 0.016053850313161453
decision_type=2 2 2 2 2 2 2 2 2 2 2
left_child=1 2 -1 -4 5 7 -7 -2 9 -6 -10
right_child=4 -3 3 -5 8 6 -8 -9 10 -11 -12
leaf_value=-0.060008871844525531 -0.026158861605005322 0.024636884248636682 -0.026463195936800389 0.037158674257329202 -0.00059978940863046474 0.036689731796740323 -0.0095989477479379911 0.022991116781546243 -0.036160153150978411 -0.015935460455381519 0.0045572157120071779
leaf_weight=6.6889280155301112 4.3187105953693381 4.8231152594089499 4.2111700773239136 2.9827596992254257 335.04377211257815 5.3804452791810027 35.752532042562962 44.33323185890913 5.4280472621321669 73.514527026563883 241.11399919912219
leaf_count=36 25 25 28 19 1857 33 217 265 35 401 1492
internal_value=9.73059e-06 -0.0151382 -0.0289566 -8.41853e-05 0.000390133 0.00847045 -0.00354411 0.0186282 -0.000717316 -0.00335924 0.00366075
internal_weight=763.591 18.706 13.8829 7.19393 744.885 89.7849 41.133 48.6519 655.1 408.558 246.542
internal_count=4433 108 83 47 4325 540 250 290 3785 2258 1527
is_linear=0
shrinkage=0.04


Tree=127
num_leaves=6
num_cat=0
split_feature=15 13 38 2 12
split_gain=2.65361 3.38061 3.30882 8.22786 5.80929
threshold=-0.0012811558789887498 -0.00040592645006024995 0.99999999983011323 0.047837171781466556 -0.00013025207685119999
decision_type=2 2 2 2 2
left_child=-1 -2 4 -4 -3
right_child=1 2 3 -5 -6
leaf_value=0.036738844672632352 -0.028931410410511452 0.012457989264525968 -0.033285508391913451 -0.0019009124998201796 0.00020525603343974659
leaf_weight=3.1344103515148154 6.4702235013246527 72.105968311429024 14.191945619881151 229.41451396793127 437.94542348384857
leaf_count=18 34 420 91 1362 2508
internal_value=1.00427e-05 -0.00014141 0.000105755 -0.00372931 0.00193743
internal_weight=763.262 760.128 753.658 243.606 510.051
internal_count=4433 4415 4381 1453 2928
is_linear=0
shrinkage=0.04


Tree=128
num_leaves=11
num_cat=0
split_feature=9 40 26 28 38 10 10 21 34 37
split_gain=2.66668 4.05416 4.9741 8.06692 6.11861 3.97135 5.32944 5.05583 2.47538 0.507919
threshold=0.00040509012119122311 0.55963388058095453 0.019783994366109874 0.93150996672180952 0.92205245614343967 -0.00012429678799964996 -0.00012571032812939997 -0.0013378569455443497 0.37082805125505275 0.0053035487060293868
decision_type=2 2 2 2 2 2 2 2 2 2
left_child=1 5 4 -4 -3 6 -1 -7 -2 -10
right_child=8 2 3 -5 -6 7 -8 -9 9 -11
leaf_value=0.0029811926163308324 -0.0097245928881525036 0.047586650787375423 -0.0007004674534743287 -0.027640488272138192 -0.0096709097090535052 0.022377968158296499 0.022230718506126391 -0.0019563109549156168 0.028408501095234823 0.05483595663337934
leaf_weight=179.41394199430943 2.2464999444782725 5.2794755697250348 40.757954373955727 31.550788048654795 6.8742558434605598 14.086457818746565 26.398318581283092 452.0672567114234 2.3670351207256317 2.2886857502162457
leaf_count=1041 14 24 219 201 47 102 159 2572 32 22
internal_value=9.93885e-06 -0.0002159 -0.00847568 -0.0124553 0.0152013 0.000822308 0.00545022 -0.00122097 0.0247601 0.0413999
internal_weight=763.331 756.428 84.4625 72.3087 12.1537 671.966 205.812 466.154 6.90222 4.65572
internal_count=4433 4365 491 420 71 3874 1200 2674 68 54
is_linear=0
shrinkage=0.04


Tree=129
num_leaves=12
num_cat=0
split_feature=29 32 40 14 14 24 29 8 24 40 35
split_gain=2.6269 3.67378 5.42123 2.8174 10.3121 8.04947 7.32626 6.77268 8.90617 6.95905 1.51902
threshold=0.13662853988467979 0.0002373217744264507 0.40108879825680471 -0.00057601794366524985 -0.00058941234871359987 0.074999999999874958 0.042305257043255606 -0.0015971039522612999 0.47499999999920833 0.37929043648200772 0.6475536484693124
decision_type=2 2 2 2 2 2 2 2 2 2 2
left_child=3 2 10 4 5 -1 -6 9 -9 -5 -2
right_child=1 -3 -4 7 6 -7 -8 8 -10 -11 -12
leaf_value=0.0090127567930404114 0.0048130181219460198 0.042996073848572056 -0.03719611156289903 -0.075175201459209154 0.0070815052311682261 -0.0057127151505795863 0.034100058679235316 -0.0023636150896026603 0.052798041438364349 -0.01189039164814701 0.047750036206080912
leaf_weight=85.124790828675032 2.5741557180881482 5.4073245301842681 3.5376269966363907 3.9564213901758185 52.180439352989197 196.50176833197474 23.195440135896206 373.16201850771904 4.74265182763338 9.3513083755969983 2.7022338956594467
leaf_count=481 21 39 20 22 313 1200 149 2081 32 53 22
internal_value=9.49216e-06 0.0170398 0.00111587 -0.000314204 0.00225526 -0.00126178 0.0153959 -0.00265898 -0.00167134 -0.0307051 0.0268027
internal_weight=762.436 14.2213 8.81402 748.215 357.002 281.627 75.3759 391.212 377.905 13.3077 5.27639
internal_count=4433 102 63 4331 2143 1681 462 2188 2113 75 43
is_linear=0
shrinkage=0.04


Tree=130
num_leaves=12
num_cat=0
split_feature=10 10 31 15 40 6 18 23 19 9 9
split_gain=2.54474 5.87734 3.37823 7.49188 3.65624 3.20605 2.94518 9.21513 7.60392 2.75154 2.49775
threshold=-0.00013911937959064995 -0.00013723953472149998 0.75553929889854965 -0.0011878180791173498 0.45006123472742371 -0.00019263944280789998 1.0000000180025095e-35 8.7119214862830869 -1.7917320187685906 0.00021056727770098972 0.00024218735421302958
decision_type=2 2 2 2 2 2 2 2 2 2 2
left_child=2 5 4 -4 9 -2 7 -3 -8 -1 -6
right_child=1 6 3 -5 10 -7 8 -9 -10 -11 -12
leaf_value=0.041635474705054069 0.051180533938870586 0.020401372589429725 -0.00042518567687152331 -0.078327313879394206 -0.037890524270465249 0.0092606036387053291 0.0081524145485861055 0.00026386598183968378 -0.006142738161668374 -0.0052686783877600001 -0.00039108829966529772
leaf_weight=3.9439788013696724 5.3989856094121933 40.553660189732909 4.6269986554980278 3.446449548006056 5.1979802623391134 6.3552255779504758 77.863069973886013 351.50053362175822 252.94117730110884 4.0622594729065895 6.2701424323022366
leaf_count=26 35 263 28 20 30 37 507 2052 1377 21 37
internal_value=1.02052e-05 0.000457787 -0.0119254 -0.0336806 -0.00290637 0.0285154 1.54936e-06 0.00234687 -0.00277802 0.0178369 -0.0173879
internal_weight=762.16 734.613 27.5478 8.07345 19.4744 11.7542 722.858 392.054 330.804 8.00624 11.4681
internal_count=4433 4271 162 48 114 72 4199 2315 1884 47 67
is_linear=0
shrinkage=0.04


Tree=131
num_leaves=12
num_cat=0
split_feature=5 8 23 26 22 13 14 35 35 18 1
split_gain=2.51797 10.9524 12.7636 33.4234 9.02642 8.46446 12.5216 7.57789 8.90767 4.43944 4.19631
threshold=1.0000000180025095e-35 0.00026921346142475005 9.0825920083706144 0.019784170857522668 2.8124051146559474 2.4964843108145273e-05 -0.00062947725932184994 0.48323546937127432 0.50839273357155823 1.0000000180025095e-35 0.3521885317522902
decision_type=2 2 2 2 2 2 2 2 2 2 2
left_child=1 2 9 -4 -2 6 -3 -6 -9 -1 -7
right_child=4 5 3 -5 7 10 -8 8 -10 -11 -12
leaf_value=0.050422636914080055 -0.056031024136620707 0.029001230852567818 -0.11635283440821968 0.008286401460180998 -0.047489418226278161 0.025371969187446823 -0.012974850363394266 0.04288112808370366 -0.0017930855606006716 0.021108031984715815 0.0024886237365696388
leaf_weight=12.978903919458388 4.9423548802733412 12.474274322390555 3.5599703490734091 104.23122557997704 5.672328144311904 14.991773068904875 128.48672764189541 7.2874248325824729 355.86237012222409 22.761585496366024 88.581553399562836
leaf_count=88 27 68 21 621 32 84 702 45 2138 138 469
internal_value=1.04521e-05 0.0022673 0.0110385 0.00417 -0.00233275 -0.00288103 -0.0092602 -0.00161317 -0.000896596 0.0317534 0.00580089
internal_weight=761.83 388.066 143.532 107.791 373.764 244.534 140.961 368.822 363.15 35.7405 103.573
internal_count=4433 2191 868 642 2242 1323 770 2215 2183 226 553
is_linear=0
shrinkage=0.04


Tree=132
num_leaves=14
num_cat=0
split_feature=34 32 31 31 36 15 13 35 34 40 31 26 31
split_gain=2.5232 9.05123 10.2043 11.0042 9.89847 9.78537 8.75057 4.22916 5.41761 10.4814 5.54763 4.43662 4.24449
threshold=0.15180424112536278 0.00020315443160664161 0.62038649890060837 0.64153237682622566 0.39375291729984568 -0.0012121607271266997 -0.00037029334493094991 2.0615851835351524 0.26354694159521053 0.38767167588193013 0.630126272373701 0.019795656530669465 0.63711873815104991
decision_type=2 2 2 2 2 2 2 2 2 2 2 2 2
left_child=1 4 5 -4 -1 -3 -6 8 9 -2 -10 -9 -13
right_child=7 2 3 -5 6 -7 -8 11 10 -11 -12 12 -14
leaf_value=0.043975255318513665 0.025912102169924869 0.029995842344971355 0.017738851139691768 -0.0038781313509186296 0.017227857567193521 -0.029994758064159532 -0.029138152543369045 -0.054847703967852893 0.017046661021505073 0.0016313934434335675 -0.0016217078282027215 -0.023964341043958164 0.021832050699109505
leaf_weight=3.8860211446881285 41.324487745761871 5.221268959343436 64.151931315660477 91.302618056535721 7.6520241275429717 26.083207190036774 43.738430894911289 3.969676390290263 27.522840328514576 91.275153174996376 341.33038260228932 8.6797200068831426 5.1648278944194308
leaf_count=25 255 33 369 506 45 135 243 20 157 488 2074 52 31
internal_value=1.15412e-05 -0.00336143 0.000846839 0.00504262 -0.0175796 -0.0199889 -0.0222343 0.00158372 0.00226411 0.00919844 -0.000228724 -0.0175687 -0.0068796
internal_weight=761.303 242.036 186.759 155.455 55.2765 31.3045 51.3905 519.267 501.453 132.6 368.853 17.8142 13.8445
internal_count=4433 1356 1043 875 313 168 288 3077 2974 743 2231 103 83
is_linear=0
shrinkage=0.04


Tree=133
num_leaves=12
num_cat=0
split_feature=36 15 24 29 36 40 34 0 15 15 28
split_gain=2.52981 5.84268 8.62269 4.3056 3.67685 7.04128 5.6288 4.49128 5.12288 3.59149 3.42134
threshold=0.34561573771701753 -9.7659852498173516e-05 0.12499999999979165 0.034477159056468906 0.44920937286250706 0.52011732651231857 0.27608351814403337 74.402954350235248 0.0013933806137733501 0.0010413185366997004 0.95552748993804182
decision_type=2 2 2 2 2 2 2 2 2 2 2
left_child=1 2 -1 -4 5 6 -2 8 -6 -9 -7
right_child=4 -3 3 -5 7 10 -8 9 -10 -11 -12
leaf_value=-0.065438955217162337 0.021960507928286046 0.019139749513409434 0.025911859958224388 -0.037118716793340799 -0.00015279913153269694 -0.035820704008896913 0.00037046420200470407 -0.016394187169300248 -0.013085093347841406 0.02664782443643687 0.013538711252299988
leaf_weight=5.8348805531859416 42.888182632625103 5.7316455692052832 4.2268887013196945 2.9401510655879974 579.44285239651799 7.938906677067278 35.160760201513767 3.8613306730985668 53.538068078458309 15.768281163647769 3.1337845996022224
leaf_count=31 254 30 27 20 3390 58 206 26 274 95 22
internal_value=1.18164e-05 -0.0145052 -0.0293369 5.46827e-05 0.000378466 0.00799943 0.0122343 -0.000662266 -0.00124662 0.0181811 -0.021851
internal_weight=760.466 18.7336 13.0019 7.16704 741.732 89.1216 78.0489 652.611 632.981 19.6296 11.0727
internal_count=4433 108 78 47 4325 540 460 3785 3664 121 80
is_linear=0
shrinkage=0.04


Tree=134
num_leaves=11
num_cat=0
split_feature=9 40 36 8 10 2 34 10 34 25
split_gain=2.46846 3.57034 4.45971 5.75552 4.52704 3.66477 8.50714 4.46269 2.36212 0.509065
threshold=0.00040509012119122311 0.55963388058095453 0.53295137992590402 0.00026921346142475005 -0.00011330522763535 0.024803131174172953 0.43556373928114483 -0.00012429678799964996 0.37082805125505275 0.75000000000000011
decision_type=2 2 2 2 2 2 2 2 2 2
left_child=1 5 4 -4 -3 6 -1 -7 -2 -10
right_child=8 2 3 -5 -6 7 -8 -9 9 -11
leaf_value=0.017961329189950938 -0.0094699080684597474 -0.038271629702933553 0.0079839614388891884 -0.016766861896696184 -0.0011983078266971164 0.0062374670866101982 -0.045493987144927736 -0.0009614556379204574 0.052440487960355504 0.02531469143760709
leaf_weight=5.7263153716921797 2.2430041618645182 13.200714834034445 35.553203608840704 26.04401707649231 8.7719664350151998 196.92641610652208 8.2514411956071836 458.71749377250671 2.568897120654583 1.9451052043586967
leaf_count=36 14 90 201 145 55 1156 45 2637 29 25
internal_value=1.17301e-05 -0.000204196 -0.00799983 -0.00248097 -0.0234712 0.000768713 -0.019498 0.00120078 0.0240806 0.0407519
internal_weight=759.949 753.192 83.5699 61.5972 21.9727 669.622 13.9778 655.644 6.75701 4.514
internal_count=4433 4365 491 346 145 3874 81 3793 68 54
is_linear=0
shrinkage=0.04


Tree=135
num_leaves=15
num_cat=0
split_feature=39 2 10 3 39 40 29 13 39 31 6 3 40 31
split_gain=2.43952 6.98897 8.24633 5.94598 5.46185 5.01985 5.94443 4.24587 6.42213 6.08895 3.50017 4.63395 3.71595 3.04293
threshold=0.36963196912192869 0.54340233033377239 -0.00010811082819199999 0.0018965201263293002 0.34151031387375486 0.48610537890024236 0.017734184688035153 0.0014079643759057502 0.26215775032334404 0.64409751661286074 0.00033599881547455003 0.0024498140791072002 0.55484346085407033 0.65428387338357785
decision_type=2 2 2 2 2 2 2 2 2 2 2 2 2 2
left_child=4 2 3 -2 7 13 -7 8 -1 -9 12 -12 -3 -6
right_child=1 10 -4 -5 5 6 -8 9 -10 -11 11 -13 -14 -15
leaf_value=0.00021388237970752466 0.002072422505396348 -0.051817552829248541 -0.047886986493066004 0.048123828155638815 0.017990762982385056 -0.02389142309634058 0.021228503654238968 0.035088467780423842 -0.015594674127479495 -0.0014588701892079023 0.021689171545274687 -0.022624186124296838 -0.0053703013636834671 0.051833424468852807
leaf_weight=594.6745032351464 12.466554857790475 8.5610497146844882 3.5195585042238227 7.0076072514057151 11.441914737224581 8.4213905483484286 10.493107352405785 13.021059904247524 44.17033614218235 16.582362353801727 5.380808204412463 12.657703313976524 4.0643117576837531 6.7638285383582106
leaf_count=3542 66 44 19 39 57 47 58 71 235 95 27 67 23 43
internal_value=1.11754e-05 -0.00821089 0.00846004 0.0186436 0.000636453 0.0155709 0.00113955 -0.000192886 -0.000879136 0.0146165 -0.0207118 -0.00940571 -0.0368654 0.030564
internal_weight=759.226 53.6576 22.9937 19.4742 705.569 37.1202 18.9145 668.448 638.845 29.6034 30.6639 18.0385 12.6254 18.2057
internal_count=4433 285 124 105 4148 205 105 3943 3777 166 161 94 67 100
is_linear=0
shrinkage=0.04


Tree=136
num_leaves=10
num_cat=0
split_feature=12 12 25 28 12 12 3 34 3
split_gain=2.39045 5.52591 4.49109 3.41233 2.98945 6.30293 4.21817 2.55379 2.4554
threshold=-0.00013911937959064995 -0.00013813053937019999 0.75000000000000011 0.95136164616090346 -0.00013134998106764998 -0.00013352687555669997 0.0016920714589447503 0.5005154288604341 0.0022256243935105005
decision_type=2 2 2 2 2 2 2 2 2
left_child=2 -2 3 7 5 -3 -6 -1 -4
right_child=1 4 8 -5 6 -7 -8 -9 -10
leaf_value=-0.00076273028152708147 0.040473545123802301 -0.0012916980860921338 -0.0067863656044417743 0.023190661678177162 -0.0072746728477209709 0.024549649306971975 0.00088390255623934711 -0.043542916964968204 -0.048132449709687296
leaf_weight=7.6536245308816486 5.4768333658576003 40.429979860782623 3.6142553985118848 6.6412630230188361 125.02975485473871 24.106484346091747 536.3800183031708 3.1521707996726036 6.3109495714306831
leaf_count=47 36 234 22 38 700 144 3157 20 35
internal_value=1.11231e-05 0.000445442 -0.0115944 0.000626061 0.000143453 0.00836089 -0.000658356 -0.0132422 -0.0330763
internal_weight=758.795 731.423 27.3723 17.4471 725.946 64.5365 661.41 10.8058 9.9252
internal_count=4433 4271 162 105 4235 378 3857 67 57
is_linear=0
shrinkage=0.04


Tree=137
num_leaves=11
num_cat=0
split_feature=29 38 8 3 3 34 9 9 3 38
split_gain=2.39956 3.45573 4.47136 2.81733 7.80109 11.15 7.75322 10.2659 3.70851 0.849517
threshold=0.13662853988467979 0.99999999983799259 -0.00065407721034749992 0.0014076210294540501 0.0016329135023170002 0.065149259408759319 0.00023944140905538089 0.00023083983568375805 0.0018251139096380502 0.85761884279272393
decision_type=2 2 2 2 2 2 2 2 2 2
left_child=3 2 -2 6 5 -5 7 -1 -6 -4
right_child=1 -3 9 4 8 -7 -8 -9 -10 -11
leaf_value=0.010593962532365225 -0.013763440865229126 -0.024362259864280228 0.025869664993246749 -0.052559369468362489 0.009605792673110479 -0.0070696286101072335 0.054126476913594818 -0.053611803998020124 -0.00051859709361075455 0.052591513994829642
leaf_weight=34.736559621989727 3.195557013154029 2.6746816933155051 3.1147158145904523 9.9869467392563802 64.527705371379852 63.042276687920094 5.4543256759643546 4.5007053688168517 562.50341952592134 4.8951527923345566
leaf_count=195 26 14 23 52 392 356 30 22 3284 39
internal_value=1.09952e-05 0.0164896 0.0262407 -0.00029612 -0.000917729 -0.0132905 0.00944093 0.00322925 0.000523303 0.0422005
internal_weight=758.632 13.8801 11.2054 744.752 700.06 73.0292 44.6916 39.2373 627.031 8.00987
internal_count=4433 102 88 4331 4084 408 247 217 3676 62
is_linear=0
shrinkage=0.04


Tree=138
num_leaves=9
num_cat=0
split_feature=26 32 32 2 13 7 26 40
split_gain=2.60725 2.69148 8.46175 10.2577 8.48904 5.40952 8.06504 5.52463
threshold=0.019783468550299502 0.0001443704051695351 0.00013673353015026198 0.051420138502415808 -0.00036232947226774997 -0.00088221480454619982 0.019785369060781259 0.31872426335903498
decision_type=2 2 2 2 2 2 2 2
left_child=-1 2 3 -2 -4 7 -7 -3
right_child=1 5 4 -5 -6 6 -8 -9
leaf_value=-0.037036406999194617 -0.061945532332083816 -0.070187791431705393 -0.0034201879454630012 0.0023885202744047367 0.040265250472580415 0.011965550734181141 -0.0021387003570101384 -0.012252046854757163
leaf_weight=3.0272505506873122 4.1095961332321158 3.2256590276956585 11.406879968941213 113.01851287484169 18.925172433257103 74.194988764822483 515.97652640752494 14.344763115048407
leaf_count=18 27 19 75 681 141 533 2850 89
internal_value=1.10529e-05 0.000159559 0.00500738 0.000131274 0.0238366 -0.0010167 -0.000365547 -0.0228882
internal_weight=758.229 755.202 147.46 117.128 30.3321 607.742 590.172 17.5704
internal_count=4433 4415 924 708 216 3491 3383 108
is_linear=0
shrinkage=0.04


Tree=139
num_leaves=8
num_cat=0
split_feature=26 8 38 37 24 24 8
split_gain=2.41094 2.59505 5.54232 8.73759 4.40937 8.15289 4.34301
threshold=0.019783468550299502 -0.0018156362594730498 0.88840986994583404 0.0025578480386391224 0.5083333333324862 0.374999999999375 -0.0016283580053942997
decision_type=2 2 2 2 2 2 2
left_child=-1 2 -2 -4 5 -3 -6
right_child=1 4 3 -5 6 -7 -8
leaf_value=-0.035670741081478864 0.044822970439717093 3.0078909200179888e-05 0.013009017054545997 -0.039814303094030438 -0.013134890102206991 -0.023501112706278873 0.043081240545529129
leaf_weight=3.0176216810941687 6.1910732835531226 679.15064501389861 28.52241574972868 6.0779037624597541 3.189733199775219 24.404829278588295 7.0779059082269651
leaf_count=18 30 3957 175 33 20 150 50
internal_value=1.16656e-05 0.000154356 0.00996689 0.00373005 -0.000406381 -0.000786168 0.0256172
internal_weight=757.632 754.615 40.7914 34.6003 713.823 703.555 10.2676
internal_count=4433 4415 238 208 4177 4107 70
is_linear=0
shrinkage=0.04


Tree=140
num_leaves=13
num_cat=0
split_feature=5 8 23 26 22 13 14 31 34 3 1 18
split_gain=2.38752 10.0243 12.8083 31.9963 8.09373 6.87621 9.27439 5.40644 9.71481 6.25866 4.18357 2.75444
threshold=1.0000000180025095e-35 0.00015531972626280004 9.207876652130933 0.019784333285179829 2.8124051146559474 0.00028717314606030003 -0.00063004200569279989 0.66680746961589199 0.033547755354296577 0.0028646055450447004 0.3521885317522902 1.0000000180025095e-35
decision_type=2 2 2 2 2 2 2 2 2 2 2 2
left_child=1 2 11 -4 -2 6 -3 8 -6 -9 -7 -1
right_child=4 5 3 -5 7 10 -8 9 -10 -11 -12 -13
leaf_value=0.050014392156924013 -0.052577761304834672 0.026079659864296487 -0.093388495114124587 0.0099568098798818797 0.021272185813600377 0.026316929382354623 -0.0096177413557285412 0.0050914817725656114 -0.011150683398358046 -0.014595399034710915 0.0029176622269320024 0.02504289209926009
leaf_weight=11.12339571863413 5.0482221245765677 12.576828282326458 5.0755797401070586 86.197987146675587 16.665129028260708 14.446918189525602 157.13699410296977 189.28318713977933 131.13237658888102 29.921655394136906 79.502687994390726 19.382637441158295
leaf_count=78 27 70 31 521 97 83 863 1194 757 167 423 122
internal_value=1.15085e-05 0.00221781 0.0117095 0.00420994 -0.00227421 -0.00216618 -0.00697235 -0.00158227 -0.00749479 0.00240421 0.00651584 0.0341482
internal_weight=757.494 385.443 121.78 91.2736 372.051 263.663 169.714 367.002 147.798 219.205 93.9496 30.506
internal_count=4433 2191 752 552 2242 1439 933 2215 854 1361 506 200
is_linear=0
shrinkage=0.04


Tree=141
num_leaves=11
num_cat=0
split_feature=21 21 36 29 29 38 34 38 38 18
split_gain=2.41823 6.35655 3.96657 4.191 3.29969 3.05309 5.83912 3.00947 5.94957 4.79871
threshold=-0.0013325061748224998 -0.0013248541094243998 0.55186283883462017 0.033863865500945042 0.011193836562868488 0.999999999843037 0.65219755214096031 0.99999999983307319 0.99999999983546262 1.0000000180025095e-35
decision_type=2 2 2 2 2 2 2 2 2 2
left_child=2 -2 5 4 -4 6 -1 9 -9 -3
right_child=1 7 3 -5 -6 -7 -8 8 -10 -11
leaf_value=0.037705570858823236 -0.040179486415024342 0.0051241842504345094 -0.011253745286787398 -0.031134505853656579 0.034004563831898149 0.051547916572708213 -0.021579426209648641 -0.028730499399486655 -0.002325118708281281 -0.0025949531870620469
leaf_weight=6.4750194028019923 6.3899853080511084 274.96282784640789 5.0490404292941076 5.5993653461337081 5.2654330506920815 4.822220876812934 4.5093128904700279 14.73139977455139 186.46085449680686 242.50001122429967
leaf_count=50 36 1626 29 37 37 34 29 90 1096 1369
internal_value=1.25001e-05 -0.000460449 0.0108229 -0.00327422 0.0118502 0.0250157 0.0133678 -0.000107284 -0.00425853 0.00150674
internal_weight=756.765 725.045 31.7204 15.9138 10.3145 15.8066 10.9843 718.655 201.192 517.463
internal_count=4433 4217 216 103 66 113 79 4181 1186 2995
is_linear=0
shrinkage=0.04


Tree=142
num_leaves=9
num_cat=0
split_feature=9 20 13 30 13 6 39 23
split_gain=2.37148 3.49172 3.53811 4.99925 4.22732 3.13258 3.49407 0.392792
threshold=0.00041897945122756946 0.0026650334899589504 0.0014079643759057502 0.11985300575916402 0.0011946349276153502 0.00088235300511925018 0.36246160063659955 6.9357954896016141
decision_type=2 2 2 2 2 2 2 2
left_child=1 2 4 -4 -1 -3 -7 -2
right_child=7 5 3 -5 -6 6 -8 -9
leaf_value=2.144582824955714e-05 0.015774897785391172 -0.051547519102009914 0.0068170734792058771 0.052206461732275167 -0.023369242118101711 0.01886091125095566 -0.03519176926827907 0.043688940240725734
leaf_weight=696.36777294799685 1.2940827496349814 3.8314606472849828 28.302618324756622 4.4998295679688445 12.585719399154184 3.9610396027565002 3.7015466392040253 2.1409379914402953
leaf_count=4079 17 23 150 25 62 23 20 34
internal_value=1.26454e-05 -0.000138574 0.000200439 0.0130436 -0.000393798 -0.0220164 -0.00725018 0.0331728
internal_weight=756.685 753.25 741.756 32.8024 708.953 11.494 7.66259 3.43502
internal_count=4433 4382 4316 175 4141 66 43 51
is_linear=0
shrinkage=0.04


Tree=143
num_leaves=6
num_cat=0
split_feature=15 13 15 40 26
split_gain=2.35502 3.15849 2.54872 10.9145 7.89192
threshold=-0.0012811558789887498 -0.00040592645006024995 -0.00075372429674269985 0.69945385323713316 0.019785369060781259
decision_type=2 2 2 2 2
left_child=-1 -2 3 -3 -4
right_child=1 2 4 -5 -6
leaf_value=0.035025492114895175 -0.028176358894028062 -0.0037881517164032588 0.017722537075301931 0.064702731661005999 0.00021080188642118503
leaf_weight=3.0611746758222571 6.3702883869409552 279.86647750064731 45.679790750145912 3.7728910073637953 417.6318655833602
leaf_count=18 34 1763 312 20 2286
internal_value=1.22513e-05 -0.000130027 0.000109163 -0.00287711 0.00193736
internal_weight=756.382 753.321 746.951 283.639 463.312
internal_count=4433 4415 4381 1783 2598
is_linear=0
shrinkage=0.04


Tree=144
num_leaves=8
num_cat=0
split_feature=37 3 38 26 28 36 34
split_gain=2.37365 6.17053 2.93667 4.43392 4.8187 3.96671 1.0497
threshold=0.38136708962840837 0.0021981048521033503 0.55434040892915981 0.12058050633368857 0.59372473383373736 0.52391032313201613 0.12982974376208595
decision_type=2 2 2 2 2 2 2
left_child=2 -2 5 4 -4 6 -1
right_child=1 -3 3 -5 -6 -7 -8
leaf_value=0.023565348637929823 0.0118589425205506 -0.055224782434054889 0.043751835349419441 -0.041524011016237615 -7.9595806507752373e-05 -0.0067116029648804929 0.054316605446740315
leaf_weight=3.5194942504167539 4.5256465524435026 4.2579413130879402 4.0353653877973548 4.1053599119186392 726.95103421062231 5.2718100994825363 3.5853700637817383
leaf_count=20 25 23 27 18 4268 31 21
internal_value=1.1964e-05 -0.0206606 0.00025489 -7.04383e-05 0.000162373 0.0195772 0.0390835
internal_weight=756.252 8.78359 747.468 735.092 730.986 12.3767 7.10486
internal_count=4433 48 4385 4313 4295 72 41
is_linear=0
shrinkage=0.04


Tree=145
num_leaves=9
num_cat=0
split_feature=21 21 30 27 29 38 15 18
split_gain=2.30176 5.73678 3.61509 3.98959 4.34042 2.77036 5.55157 4.36964
threshold=-0.0013325061748224998 -0.0013248541094243998 0.089264111216585854 0.14590777675928288 0.032274880807317788 0.99999999983307319 0.0007600387001296501 1.0000000180025095e-35
decision_type=2 2 2 2 2 2 2 2
left_child=2 -2 3 -1 -5 7 -7 -3
right_child=1 5 -4 4 -6 6 -8 -9
leaf_value=-0.016804091235059829 -0.038040061792346064 0.004895253714809907 -0.024902424797303976 0.038516282699460433 0.0032150200553749944 -0.0061982227718828135 0.016860665106936144 -0.0024749353982466797
leaf_weight=4.9396590963006082 6.4378096163272849 274.44420598819852 4.0078366994857779 12.582048915326597 10.00342573225498 182.93134580180049 18.384369403123856 242.38060685619712
leaf_count=28 36 1626 26 92 70 1082 104 1369
internal_value=1.16254e-05 -0.000448776 0.0105909 0.015759 0.0228809 -0.000111787 -0.00409246 0.00143878
internal_weight=756.111 724.578 31.533 27.5251 22.5855 718.141 201.316 516.825
internal_count=4433 4217 216 190 162 4181 1186 2995
is_linear=0
shrinkage=0.04


Tree=146
num_leaves=14
num_cat=0
split_feature=34 32 28 40 31 31 34 8 31 29 18 14 30
split_gain=2.32812 8.02832 10.2591 10.9918 9.06856 10.2297 9.10158 4.0687 3.75715 4.46035 8.78835 4.28242 3.30015
threshold=0.15180424112536278 0.00020315443160664161 0.85644378779018127 0.40466653811314685 0.62038649890060837 0.64121768323690154 0.02269807585652503 -0.00064765094936679996 0.57450090708445944 0.088704452119877777 1.0000000180025095e-35 -0.00057601794366524985 0.034354489006975887
decision_type=2 2 2 2 2 2 2 2 2 2 2 2 2
left_child=1 2 7 -4 6 -6 -3 -1 12 11 -11 -10 -2
right_child=8 4 3 -5 5 -7 -8 -9 9 10 -12 -13 -14
leaf_value=-0.019509314458198441 0.0018257251922215703 0.010778800180090147 -0.055350261187664992 -0.011989610900624295 0.017159264359179891 -0.0038011793915442484 -0.034754644986850519 0.033103921462429804 0.0037453598532122198 0.00069784576912218749 0.043132810943207645 -0.0039095535456929904 0.043245481883600292
leaf_weight=3.3500886708498001 5.9246351197361928 10.742926537990572 13.549554914236067 30.209145367145538 62.695073768496513 91.811317645013332 20.289144083857536 7.8913633152842504 236.36389155872166 23.665089145302773 11.654245693236588 231.41148964315653 6.4052383005619049
leaf_count=21 34 59 68 175 363 512 109 49 1437 163 81 1326 36
internal_value=1.15552e-05 -0.00323784 -0.0166598 -0.0254159 0.000740892 0.00470408 -0.0189915 0.0174245 0.00152799 0.000993346 0.0147 -4.1575e-05 0.0233428
internal_weight=755.963 240.539 55.0002 43.7587 185.538 154.506 31.0321 11.2415 515.425 503.095 35.3193 467.775 12.3299
internal_count=4433 1356 313 243 1043 875 168 70 3077 3007 244 2763 70
is_linear=0
shrinkage=0.04


Tree=147
num_leaves=12
num_cat=0
split_feature=36 15 10 32 36 40 34 0 14 31 15
split_gain=2.29292 5.33218 7.3536 5.24289 3.30922 6.27041 5.2497 4.03048 4.6979 3.73167 3.21095
threshold=0.34561573771701753 0.00018737483062010004 -0.00012882628162984996 0.00021202395637076076 0.44920937286250706 0.52011732651231857 0.27608351814403337 74.402954350235248 -0.00057601794366524985 0.65341427329268187 0.0010413185366997004
decision_type=2 2 2 2 2 2 2 2 2 2 2
left_child=1 2 -1 -4 5 6 -2 8 -6 -7 -9
right_child=4 -3 3 -5 7 9 -8 10 -10 -11 -12
leaf_value=-0.077627402655799774 0.021120897836528246 0.022802508220509502 0.012555054885776705 -0.045203916616166587 0.0024091957135546006 -0.041665843725608602 0.00015713538166522875 -0.01568626909386318 -0.0045064677896721238 0.005847504617796621 0.025397834970423902
leaf_weight=3.3802611678838739 42.242335706949234 4.7488095089793196 6.478375144302845 4.1095913499593735 303.16910627856851 6.0699420198798162 34.9051458761096 3.7839186899364021 326.34442528709769 4.6870237477123737 15.559724494814871
leaf_count=18 254 25 42 23 1832 44 206 26 1832 36 95
internal_value=1.21651e-05 -0.0138136 -0.026262 -0.00986339 0.000363401 0.0076467 0.0116359 -0.00062331 -0.00117593 -0.0209633 0.0173611
internal_weight=755.479 18.717 13.9682 10.588 736.762 87.9044 77.1475 648.857 629.514 10.757 19.3436
internal_count=4433 108 83 65 4325 540 460 3785 3664 80 121
is_linear=0
shrinkage=0.04


Tree=148
num_leaves=12
num_cat=0
split_feature=5 23 27 27 27 7 35 35 35 3 34
split_gain=2.2532 7.45742 11.8008 7.27352 9.70361 7.2344 6.91558 6.616 5.90171 4.68181 2.50768
threshold=1.0000000180025095e-35 9.178131679681357 0.37958762009901703 0.58889563953186896 0.60833515047514142 -0.00080713634062209983 0.48323546937127432 0.64144132319792913 0.50839273357155823 0.0036502940338059508 0.19265096871610771
decision_type=2 2 2 2 2 2 2 2 2 2 2
left_child=3 2 -2 9 -5 -6 -3 -4 -8 10 -1
right_child=1 6 7 4 5 -7 8 -9 -10 -11 -12
leaf_value=0.022700235962363348 -0.084371646222223332 -0.044760293093332619 -0.054769763369984202 -0.06949399662202202 -0.03208527839947968 0.0022801261742567518 0.039615963941276415 0.0039032672685699846 -0.00078686338442048899 -0.01562244324964575 0.05487330999739802
leaf_weight=16.363402664661415 4.3053307980299023 5.6375105306506148 4.0455913171172169 3.1247912198305121 10.08783722668886 344.94345642998815 5.8851801902055731 12.816301994025705 338.50231173262 4.2525656297802916 5.0794310122728339
leaf_count=92 20 32 23 15 61 1973 38 83 2046 20 30
internal_value=1.20378e-05 -0.00221002 -0.0252654 0.00216082 0.000685984 0.00130367 -0.000815783 -0.0101739 -9.64262e-05 0.0227178 0.0303215
internal_weight=755.044 371.192 21.1672 383.851 358.156 355.031 350.025 16.8619 344.387 25.6954 21.4428
internal_count=4433 2242 126 2191 2049 2034 2116 106 2084 142 122
is_linear=0
shrinkage=0.04


Tree=149
num_leaves=12
num_cat=0
split_feature=3 36 13 3 34 40 38 3 40 37 9
split_gain=2.23841 5.17868 5.1769 4.19115 7.55392 14.3742 6.30795 3.76477 6.50156 4.2218 2.51674
threshold=0.0012746495933237002 0.46324029554924756 -0.00034300238713109993 0.0016329135023170002 0.072481162220027859 0.50033186170699595 0.99999999983346821 0.0019131818976934002 0.4737798225380882 0.39403691466421947 0.00020566895063031684
decision_type=2 2 2 2 2 2 2 2 2 2 2
left_child=1 -1 10 4 5 -2 -6 8 -5 -9 -3
right_child=3 2 -4 7 6 -7 -8 9 -10 -11 -12
leaf_value=0.053570094995227913 -0.0572289589475517 0.051526178542219671 -0.022047608177661066 0.015004855371413493 0.0029627121891817212 0.020067054777299118 -0.023202666373783015 -0.00015004913409433679 -0.007271492412126909 -0.042574410940499664 0.0065278487631658146
leaf_weight=4.0618927553296116 11.7148619517684 3.2875982150435448 7.1822477579116795 67.458703339099884 65.536355756223202 5.7332627549767485 19.020417228341103 531.6975877545774 30.41393331438303 3.7797556221485129 5.0334425270557404
leaf_count=24 57 19 37 441 380 33 106 3116 171 21 28
internal_value=1.23359e-05 0.0133656 0.00283189 -0.000342946 -0.00786765 -0.0318303 -0.002923 0.000868954 0.00808248 -0.000449509 0.0243064
internal_weight=754.92 19.5652 15.5033 735.355 102.005 17.4481 84.5568 633.35 97.8726 535.477 8.32104
internal_count=4433 108 84 4325 576 90 486 3749 612 3137 47
is_linear=0
shrinkage=0.04


Tree=150
num_leaves=11
num_cat=0
split_feature=3 9 9 3 36 34 0 29 40 34
split_gain=2.25309 7.52119 9.28056 7.04597 9.93159 7.66957 6.43887 4.04938 3.19817 2.41887
threshold=0.0014076210294540501 0.00023944140905538089 0.00023083983568375805 0.0016107594559863503 0.75936075848627582 0.065149259408759319 34.87495030286415 0.13662853988467979 0.16958036658565021 0.20622976006486352
decision_type=2 2 2 2 2 2 2 2 2 2
left_child=1 2 6 4 5 -2 -1 8 -5 -9
right_child=3 -3 -4 7 -6 -7 -8 9 -10 -11
leaf_value=-0.037768976735298436 -0.043763554665796608 0.053128094091535662 -0.049867795606066412 -0.021780430581871565 -0.067212824861401871 -0.0028990472991714646 0.015979585908684535 0.012121859715437179 0.00072232662126430782 0.054497119907254019
leaf_weight=4.0302076488733283 8.5201461687684041 5.3667756915092459 4.7367627769708625 10.272046491503714 4.9836416617035857 53.437441408634186 30.968643896281719 6.3419123291969282 622.61613872274756 3.2648569867014885
leaf_count=24 43 30 23 71 27 308 175 51 3657 24
internal_value=1.27408e-05 0.00868167 0.00267864 -0.000538386 -0.0128882 -0.00851856 0.0097903 0.000748338 0.000357097 0.0265231
internal_weight=754.539 45.1024 39.7356 709.436 66.9412 61.9576 34.9989 642.495 632.888 9.60677
internal_count=4433 252 222 4181 378 351 199 3803 3728 75
is_linear=0
shrinkage=0.04


Tree=151
num_leaves=15
num_cat=0
split_feature=39 21 19 39 19 39 40 35 30 33 36 36 31 31
split_gain=2.21565 7.58675 7.4786 7.28228 6.07567 5.11712 4.59383 7.60933 4.37418 4.80499 3.46398 10.2994 4.62513 2.92126
threshold=0.36963196912192869 -9.151727632181669e-05 -0.98316403274931685 0.39632893172039907 -1.356369494052041 0.34151031387375486 0.48610537890024236 1.7834683806964879 0.017530923560053771 -0.73684210526315785 0.76800094085202031 0.78899784459916911 0.64249516007384733 0.65428387338357785
decision_type=2 2 2 2 2 2 2 2 2 2 2 2 2 2
left_child=5 2 4 -4 -2 10 13 -8 -3 -10 12 -12 -1 -7
right_child=1 8 3 -5 -6 6 7 -9 9 -11 11 -13 -14 -15
leaf_value=0.0060743276008462946 0.021777743055987436 -0.045252392235547848 0.069248666611091872 0.0038114357760196593 -0.049158486575405877 0.017515274190217287 0.022566487799261438 -0.029228245536917306 -0.020339450346494536 0.020541569446469593 -0.040294267639406404 0.00059124214217735774 -0.0015797192039862205 0.051239930686911579
leaf_weight=177.83571375906467 3.5071809217333794 7.8416701629757872 5.0425942242145521 5.9103779420256615 4.3010030835866955 11.320142842829229 11.097474567592146 7.6784160975366822 20.718745209276676 5.9129587449133423 13.41636787727475 37.16994896531105 436.02795802615583 6.4517411664128295
leaf_count=1026 23 39 26 31 23 57 56 49 111 32 73 218 2626 43
internal_value=1.26457e-05 -0.00785455 0.0126148 0.0339378 -0.0172963 0.000610089 0.015182 0.00138499 -0.0189944 -0.0112628 -0.00019143 -0.0102523 0.000637651 0.0297584
internal_weight=754.232 53.2345 18.7612 10.953 7.80818 700.998 36.5478 18.7759 34.4734 26.6317 664.45 50.5863 613.864 17.7719
internal_count=4433 285 103 57 46 4148 205 105 182 143 3943 291 3652 100
is_linear=0
shrinkage=0.04


Tree=152
num_leaves=15
num_cat=0
split_feature=15 8 2 26 9 33 9 24 36 36 1 35 25 26
split_gain=2.22127 7.15433 7.04572 6.84916 6.88939 5.59314 8.16003 5.27522 4.88848 4.30738 7.16906 4.26719 2.72353 2.70868
threshold=0.0015736527913450002 0.0020818316773133006 0.72345270003537643 0.019824698661162019 0.00026902953646887421 -0.52631578947368418 0.00032551618776672061 0.10833333333315277 0.62995197155312033 0.71991845130051957 3.0739613904142975 1.8935845901548876 0.90000000000000013 0.01980530044906878
decision_type=2 2 2 2 2 2 2 2 2 2 2 2 2 2
left_child=2 7 5 4 -4 11 -7 12 -5 10 -3 -1 -2 -9
right_child=1 9 3 8 -6 6 -8 13 -10 -11 -12 -13 -14 -15
leaf_value=0.00050855370509193473 -0.016463573083272572 -0.045703944618432461 0.001987657621640835 -0.050398791884592654 0.026773385614621562 -0.063276050266766956 0.0099740366487938333 -0.06419354161860949 0.0096104308824745185 0.045609895160828674 0.014391856329849944 -0.014145487765566286 0.01145753216056381 -0.019531440059050231
leaf_weight=565.68714762106538 23.248809421435002 4.0019231811165872 32.329510927200317 4.5572870671749097 40.322118669748306 5.4711855947971326 4.3823301568627357 5.0088806599378568 4.1497425809502602 4.4541852679103604 15.391251124441622 33.687504783272743 7.3589867874979964 3.8371309041976929
leaf_count=3410 121 19 178 23 224 30 24 23 22 26 92 182 39 20
internal_value=1.26333e-05 -0.00715888 0.000669994 0.0117261 0.0157439 -0.000806478 -0.0306982 -0.0176136 -0.0217986 0.0101378 0.00199065 -0.000315068 -0.00975054 -0.0448205
internal_weight=753.888 63.3012 690.587 81.3587 72.6516 609.228 9.85352 39.4538 8.70703 23.8474 19.3932 599.375 30.6078 8.84601
internal_count=4433 340 4093 447 402 3646 54 203 45 137 111 3592 160 43
is_linear=0
shrinkage=0.04


Tree=153
num_leaves=12
num_cat=0
split_feature=10 10 25 15 28 31 31 23 30 3 35
split_gain=2.22227 5.20893 4.06073 3.11016 3.09601 2.64095 10.0627 5.84213 2.40171 2.15914 1.57555
threshold=-0.00013911937959064995 -0.00013723953472149998 0.75000000000000011 0.00030333014078110003 0.95136164616090346 0.71187971038980036 0.7076651950964209 7.8870611966754263 0.052096158310783756 0.0022256243935105005 0.92585369010520358
decision_type=2 2 2 2 2 2 2 2 2 2 2
left_child=2 3 4 10 8 6 -3 -7 -1 -4 -2
right_child=1 5 9 -5 -6 7 -8 -9 -10 -11 -12
leaf_value=-0.032349385059199418 0.059376071591712355 -0.00098647597252131619 -0.0069667130940364612 -0.0014598647627417853 0.022144590181102822 0.022365997317408487 -0.056497957295138075 0.0013821120766976233 0.0054100103891139544 -0.045887450731463157 0.02230259457701465
leaf_weight=5.1850298345089012 4.0541395321488363 498.37228666059673 3.5854787677526456 3.9199531078338623 6.5445620119571677 23.940630376338959 5.2801583148539057 187.38836145401001 5.612712737172842 6.266124177724123 3.3493935838341713
leaf_count=29 27 2825 22 23 38 150 31 1193 38 35 22
internal_value=1.22592e-05 0.000432592 -0.0112141 0.0273499 0.000435868 6.29016e-06 -0.00156844 0.00375929 -0.0127219 -0.0317223 0.0426039
internal_weight=753.499 726.305 27.1939 11.3235 17.3423 714.981 503.652 211.329 10.7977 9.8516 7.40353
internal_count=4433 4271 162 72 105 4199 2856 1343 67 57 49
is_linear=0
shrinkage=0.04


Tree=154
num_leaves=13
num_cat=0
split_feature=36 37 38 40 36 40 34 0 32 30 29 25
split_gain=2.14562 3.68833 6.3303 3.77162 2.97366 5.8599 4.77185 3.53503 4.59407 3.39454 3.20028 1.53259
threshold=0.34561573771701753 0.040584966531443084 0.99999999982711218 0.42750423734111159 0.44920937286250706 0.52011732651231857 0.27608351814403337 74.402954350235248 0.00031385137968383122 0.017530923560053771 0.045290083125851414 0.50000000000000011
decision_type=2 2 2 2 2 2 2 2 2 2 2 2
left_child=1 2 11 -4 5 6 -2 8 -6 -7 -9 -1
right_child=4 -3 3 -5 7 9 -8 10 -10 -11 -12 -13
leaf_value=0.037522944653343764 0.020307728821325491 -0.047576385436445046 -0.062320155332770584 -0.0020411119520754493 -7.5838537688328691e-05 0.015509324955087885 0.00024603056342671533 0.0068322446910373874 -0.012549007079380612 -0.03473401425134464 0.044410739324642332 0.002665717158684207
leaf_weight=3.9359922409057635 41.596230734139681 3.9718492925167075 3.4201742336153975 3.2285151109099388 576.66554452478886 2.9977217838168126 34.875190615653992 14.359225913882257 51.462109077721834 7.6217627637088299 4.8509833402931681 4.1420119479298592
leaf_count=24 254 20 19 21 3393 20 206 91 271 60 30 24
internal_value=1.20868e-05 -0.0133684 -0.00414242 -0.0330495 0.000352755 0.00729196 0.0111585 -0.000580826 -0.00109776 -0.0205511 0.0163216 0.0196498
internal_weight=753.127 18.6985 14.7267 6.64869 734.429 87.0909 76.4714 647.338 628.128 10.6195 19.2102 8.078
internal_count=4433 108 88 40 4325 540 460 3785 3664 80 121 48
is_linear=0
shrinkage=0.04


Tree=155
num_leaves=11
num_cat=0
split_feature=21 21 36 29 29 38 26 28 35 26
split_gain=2.12992 5.30474 3.75893 3.68055 3.13368 2.85594 4.26262 2.55846 6.25302 4.66873
threshold=-0.0013325061748224998 -0.0013248541094243998 0.55186283883462017 0.033863865500945042 0.011193836562868488 0.999999999843037 0.019783951152581049 0.98982706944297816 0.68973890254174108 0.019783501645096322
decision_type=2 2 2 2 2 2 2 2 2 2
left_child=2 -2 5 4 -4 6 -1 9 -9 -3
right_child=1 7 3 -5 -6 -7 -8 8 -10 -11
leaf_value=-0.017632363996145088 -0.036468763824146384 -0.043167520070000666 -0.011622814949072271 -0.029324592770433831 0.032900261516683314 0.050051956366654687 0.033626909628151014 -0.029186224566356986 0.022714756409031242 -0.00029654483882693953
leaf_weight=4.3704468235373515 6.4767631962895384 4.0885505154728881 4.9911874458193761 5.6664659529924384 5.1279573291540146 4.7486260682344428 6.3920013904571533 4.5966676175594356 19.345357112586498 686.81731442548335
leaf_count=27 36 24 29 37 37 34 52 26 111 4020
internal_value=1.19504e-05 -0.000431288 0.0102277 -0.00351379 0.0109396 0.0242124 0.0128114 -0.000104776 0.0127502 -0.000550241
internal_weight=752.621 721.325 31.2967 15.7856 10.1191 15.5111 10.7624 714.848 23.942 690.906
internal_count=4433 4217 216 103 66 113 79 4181 137 4044
is_linear=0
shrinkage=0.04


Tree=156
num_leaves=9
num_cat=0
split_feature=26 32 32 13 26 7 26 26
split_gain=2.14641 2.4818 7.47622 7.98345 7.11879 5.09691 7.18654 4.74003
threshold=0.019783468550299502 0.0001443704051695351 0.00013673353015026198 -0.00036232947226774997 0.019785247900847406 -0.00088221480454619982 0.019785369060781259 0.019783994366109874
decision_type=2 2 2 2 2 2 2 2
left_child=-1 2 4 -4 -2 7 -7 -3
right_child=1 5 3 -5 -6 6 -8 -9
leaf_value=-0.033905324780165474 -0.0028023008309199606 0.0026375696596615838 -0.0035506089230207746 0.039302345670536851 0.031854215581829756 0.011373830607531776 -0.0020251749288603283 -0.039603562454974615
leaf_weight=2.9735348820686331 106.466996781528 7.2211394533515003 11.291318334639074 18.115740470588207 10.410516805946825 73.194531369954348 512.43459643609822 10.331665918231009
leaf_count=18 638 44 75 141 70 533 2850 64
internal_value=1.19021e-05 0.00014647 0.00482051 0.0228483 0.000284625 -0.000987085 -0.000350508 -0.0222258
internal_weight=752.44 749.467 146.285 29.4071 116.878 603.182 585.629 17.5528
internal_count=4433 4415 924 216 708 3491 3383 108
is_linear=0
shrinkage=0.04


Tree=157
num_leaves=11
num_cat=0
split_feature=13 13 14 21 6 15 40 26 15 3
split_gain=2.14699 5.15855 4.46885 4.33833 3.50864 3.03904 10.1064 7.00251 2.71261 1.92349
threshold=-0.00039802121274599994 -0.00038883835573194994 -0.00062888133964164995 -5.5029017411636082e-05 -3.8620340258160819e-05 -0.00075372429674269985 0.69945385323713316 0.019785369060781259 -0.0012448507761053998 0.0023438681308273505
decision_type=2 2 2 2 2 2 2 2 2 2
left_child=2 3 9 8 -5 6 -3 -7 -2 -1
right_child=1 5 -4 4 -6 7 -8 -9 -10 -11
leaf_value=-0.018663640872053064 -0.00011109611090102028 -0.0045642967591131211 -0.040183824847525217 -0.031968564745393557 0.024281034098759542 0.01679788670773388 0.062170104590571401 7.768835868173864e-05 0.03973188177378472 0.018230818648416729
leaf_weight=3.8330857008695585 3.5251238495111474 263.73092958331108 6.4516986757516852 3.9579031243920326 3.2159307934343806 44.526262566447258 3.6816124469041815 401.03457676433027 12.182905852794647 5.5124001428484917
leaf_count=23 22 1667 34 25 19 309 17 2206 78 33
internal_value=1.21877e-05 0.000325415 -0.0145784 0.0190201 -0.00675265 -0.000274564 -0.00364553 0.00174859 0.0307905 0.00309842
internal_weight=751.652 735.855 15.7972 22.8819 7.17383 712.973 267.413 445.561 15.708 9.34549
internal_count=4433 4343 90 144 44 4199 1684 2515 100 56
is_linear=0
shrinkage=0.04


Tree=158
num_leaves=10
num_cat=0
split_feature=2 34 34 3 3 15 35 31 26
split_gain=2.18662 10.2994 2.68931 7.63097 6.78736 4.38461 4.03433 4.61412 3.92497
threshold=0.020207132406137553 0.43556373928114483 0.14267619213524316 0.0030645280800315508 0.0016329135023170002 0.0015018121204422501 2.0615851835351524 0.6315889098323445 0.019795656530669465
decision_type=2 2 2 2 2 2 2 2 2
left_child=1 -1 3 4 -2 -5 7 -4 -8
right_child=2 -3 6 5 -6 -7 8 -9 -10
leaf_value=0.021521415772068377 -0.014925024755204628 -0.058849544728356497 0.012465034341218505 -0.067564749790240672 0.0019524962981520657 -0.012671810873189316 -0.052186283377386677 0.0010400224267133656 -0.0068264264184021055
leaf_weight=5.138924799859522 49.158775739371777 5.0661212205886841 65.121505929157138 4.4372669085860235 169.84710738062859 4.8982462659478188 3.9268839359283474 430.1066219676286 13.702759832143782
leaf_count=33 269 31 360 21 981 26 20 2608 84
internal_value=1.21205e-05 -0.0183774 0.000265313 -0.00334562 -0.00183589 -0.038763 0.00187302 0.00254239 -0.01693
internal_weight=751.404 10.205 741.199 228.341 219.006 9.33551 512.858 495.228 17.6296
internal_count=4433 64 4369 1297 1250 47 3072 2968 104
is_linear=0
shrinkage=0.04


Tree=159
num_leaves=11
num_cat=0
split_feature=3 9 9 3 36 34 24 29 31 28
split_gain=2.15081 7.20816 8.41086 6.44428 8.98459 6.91597 6.16175 3.79079 3.195 3.12234
threshold=0.0014076210294540501 0.00023944140905538089 0.00023083983568375805 0.0016107594559863503 0.75936075848627582 0.065149259408759319 0.058333333333236058 0.13662853988467979 0.62301292901371907 0.94911364512717922
decision_type=2 2 2 2 2 2 2 2 2 2
left_child=1 2 6 4 5 -2 -1 9 -9 -5
right_child=3 -3 -4 7 -6 -7 -8 8 -10 -11
leaf_value=-0.0074278434320491993 -0.041704045693757859 0.052405870413286135 -0.047427561415846614 -0.0016634224217395074 -0.064194896602272331 -0.0028568330253054895 0.026227964708816571 -0.0037393945256659665 0.044176597692523398 0.004306538977809431
leaf_weight=17.362456299364567 8.5017357021570188 5.2800220102071753 4.7255433946847907 419.73792247101665 4.9519628435373297 53.317054189741611 17.452592119574547 3.602254316210745 5.8300972729921341 210.44999881461263
leaf_count=95 43 30 23 2495 27 308 104 21 54 1233
internal_value=1.17029e-05 0.00850866 0.00264688 -0.000527431 -0.0123522 -0.00819936 0.00944363 0.000706971 0.0258773 0.000330234
internal_weight=751.212 44.8206 39.5406 706.391 66.7708 61.8188 34.815 639.62 9.43235 630.188
internal_count=4433 252 222 4181 378 351 199 3803 75 3728
is_linear=0
shrinkage=0.04


Tree=160
num_leaves=10
num_cat=0
split_feature=9 20 28 31 36 35 5 34 23
split_gain=2.12638 3.1188 3.18989 3.05072 2.42829 7.28571 4.03833 0.956765 0.403375
threshold=0.00041897945122756946 0.0026580017905381004 0.88810469443139073 0.61993155816356282 0.73752317721708927 1.0109069746832653 1.0000000180025095e-35 0.30716629536203049 6.9357954896016141
decision_type=2 2 2 2 2 2 2 2 2
left_child=1 4 3 -3 6 -6 -1 -4 -2
right_child=8 2 7 -5 5 -7 -8 -9 -10
leaf_value=0.0042309009696531287 0.014428657965318087 -0.026983608370851644 -0.053087198673820071 0.025696283408885631 -0.015377849842894005 0.010214698108425466 -0.0020490419314430357 -0.022295536586043323 0.043458135223731945
leaf_weight=320.2054352723062 1.2411818113178015 3.4921202696859819 3.5993040278553963 3.5437270030379295 50.936279036104679 27.35640662163496 335.49677219986916 2.9280413091182709 1.9998638443648806
leaf_count=1814 17 21 22 19 293 153 2042 18 34
internal_value=1.16514e-05 -0.000128513 -0.0191348 -0.000450463 0.000222696 -0.00643551 0.0010177 -0.0392747 0.0323411
internal_weight=750.799 747.558 13.5632 7.03585 733.995 78.2927 655.702 6.52735 3.24105
internal_count=4433 4382 80 40 4302 446 3856 40 51
is_linear=0
shrinkage=0.04


Tree=161
num_leaves=14
num_cat=0
split_feature=15 8 2 38 1 36 33 40 8 24 36 1 35
split_gain=2.0785 6.56525 6.41717 5.81026 11.0379 7.87612 5.1691 7.88924 5.11828 5.22623 3.91198 6.57371 3.81339
threshold=0.0015736527913450002 0.0020818316773133006 0.72345270003537643 0.70299568450397676 1.7692541332603471 0.53202786451178163 -0.52631578947368418 0.46301355977405007 0.00029785896823745003 0.10833333333315277 0.71991845130051957 3.0739613904142975 1.8935845901548876
decision_type=2 2 2 2 2 2 2 2 2 2 2 2 2
left_child=2 8 6 4 -4 -5 12 -8 -2 -10 11 -3 -1
right_child=1 10 3 5 -6 -7 7 -9 9 -11 -12 -13 -14
leaf_value=0.00049105138346301324 0.025481545660339461 -0.043829752001364748 0.0093597661923543341 -0.0007731484241033066 -0.052330672915600743 0.031166775989368962 -0.073886362206476805 -0.00053862653952865065 -0.013696856739495644 -0.050890159083342934 0.043694913371197429 0.013846518590844667 -0.013384487183428119
leaf_weight=563.39178800582886 4.0716084092855445 3.9863950014114442 22.493218623101715 19.85044401884079 5.8468427062034598 32.70462441816926 3.8823770284652692 5.9301132038235664 27.443301718682051 7.7523043677210799 4.4057599026709786 15.285638336092232 33.579490639269352
leaf_count=3410 21 19 121 110 30 186 18 36 144 38 26 92 182
internal_value=1.1272e-05 -0.00694595 0.000648084 0.0112307 -0.0033676 0.0191028 -0.000762774 -0.0295591 -0.0169773 -0.0218892 0.00969007 0.00191626 -0.000289444
internal_weight=750.624 62.945 687.679 80.8951 28.3401 52.5551 606.784 9.81249 39.2672 35.1956 23.6778 19.272 596.971
internal_count=4433 340 4093 447 151 296 3646 54 203 182 137 111 3592
is_linear=0
shrinkage=0.04


Tree=162
num_leaves=10
num_cat=0
split_feature=2 34 32 33 3 8 35 8 2
split_gain=2.02714 9.49667 2.64889 10.3679 12.2134 7.57039 9.80329 8.24001 6.88857
threshold=0.020207132406137553 0.43556373928114483 0.0001880818846756496 -0.84210526315789458 0.0022875372017728004 -0.00051209506052829988 1.3143302101543592 0.00017229976390550003 0.049636024512003406
decision_type=2 2 2 2 2 2 2 2 2
left_child=1 -1 3 8 -5 6 -4 -7 -2
right_child=2 -3 5 4 -6 7 -8 -9 -10
leaf_value=0.020801066761321679 -0.023645076718741179 -0.056499070329455642 -0.0074796085735448414 0.023278151417204997 -0.024423273912000422 0.0099349516597994712 -0.049495765457688717 -0.0032438415979815067 0.0011416359662452253
leaf_weight=5.1022822409868223 19.614371478557587 5.0694644898176193 73.128517962992191 60.763099525123835 10.001657642424105 109.67755257710814 10.11385580152273 246.55193263292313 210.09322294592857
leaf_count=33 133 31 440 392 65 633 56 1344 1306
internal_value=1.10103e-05 -0.0177243 0.000254811 0.0031492 0.0165362 -0.00172411 -0.0125845 0.000813705 -0.000974863
internal_weight=750.116 10.1717 739.944 300.472 70.7648 439.472 83.2424 356.229 229.708
internal_count=4433 64 4369 1896 457 2473 496 1977 1439
is_linear=0
shrinkage=0.04


Tree=163
num_leaves=6
num_cat=0
split_feature=15 34 20 7 34
split_gain=2.13536 2.81445 2.44931 6.52343 6.4165
threshold=-0.0012811558789887498 0.97358339766349478 0.0025876106235438001 -0.00079971590942854982 0.59666797943890193
decision_type=2 2 2 2 2
left_child=-1 2 3 -2 -4
right_child=1 -3 4 -5 -6
leaf_value=0.033718383358683622 -0.0017147198482617165 -0.029076202133996757 -0.0018370895047987021 0.012453763887942226 0.045715348840326256
leaf_weight=2.9950598031282416 138.51544723659754 5.3338312730193129 514.98166773840785 83.2378287948668 4.5805576536804429
leaf_count=18 864 31 2877 607 36
internal_value=1.11312e-05 -0.00012408 8.42333e-05 0.0036036 -0.00141786
internal_weight=749.644 746.649 741.316 221.753 519.562
internal_count=4433 4415 4384 1471 2913
is_linear=0
shrinkage=0.04


Tree=164
num_leaves=14
num_cat=0
split_feature=14 14 24 2 30 27 38 8 24 40 40 30 40
split_gain=2.01854 9.07783 7.84524 7.47217 7.13805 9.88275 6.1865 6.16018 7.78305 6.39497 5.98929 4.83533 3.66838
threshold=-0.00057601794366524985 -0.00058836567589384988 0.34166666666609719 0.10513090345137031 0.0056528451302648294 0.65246501731213569 0.60930649282779203 -0.0015971039522612999 0.47499999999920833 0.29273934898437104 0.37929043648200772 0.044509917992192609 0.49474400825309311
decision_type=2 2 2 2 2 2 2 2 2 2 2 2 2
left_child=1 4 3 -3 6 -6 -1 10 9 -9 -2 -4 -12
right_child=7 2 11 -5 5 -7 -8 8 -10 -11 12 -13 -14
leaf_value=0.070438765196409223 -0.069166537163918754 0.038778853317900659 0.0025442777005604796 0.0091823278268223542 -0.020672970617532444 0.00047629558340306642 0.011619327434728089 -0.014182828895556665 0.052118413166465219 0.00053568093801851255 0.0094977221795441436 -0.054036863056019603 -0.042008939869463829
leaf_weight=3.2525160387158421 4.0681032836437216 23.403046637773514 7.7801242768764478 32.745465887710452 42.028572879731655 222.51699882186949 23.770125806331635 55.502499744296074 4.3565390557050696 316.94235332682729 5.5797586515545827 3.5054048225283623 3.6660275384783745
leaf_count=18 22 173 49 183 254 1364 139 335 32 1791 28 20 25
internal_value=1.10624e-05 0.00217553 0.0154017 0.0215183 -0.000883414 -0.00288371 0.018699 -0.00198078 -0.00103595 -0.0016577 -0.0287209 -0.0150304 -0.0109251
internal_weight=749.118 359.002 67.434 56.1485 291.568 264.546 27.0226 390.115 376.801 372.445 13.3139 11.2855 9.24579
internal_count=4433 2200 425 356 1775 1618 157 2233 2158 2126 75 69 53
is_linear=0
shrinkage=0.04


Tree=165
num_leaves=8
num_cat=0
split_feature=30 36 15 24 36 15 31
split_gain=2.00744 2.28722 4.78022 6.1981 2.91985 4.95681 3.80378
threshold=0.25747067550207908 0.34561573771701753 0.00067437632173180013 0.12499999999979165 0.44920937286250706 -0.0011827189666386497 0.67972825454569552
decision_type=2 2 2 2 2 2 2
left_child=1 2 3 -1 5 -3 -6
right_child=-2 4 -4 -5 6 -7 -8
leaf_value=-0.053542342561129747 0.026184023012159621 -0.0089290148391477659 0.021422019643523429 0.00026285907913311651 -0.0031272692866680602 0.012869799458021088 0.0032363557538236543
leaf_weight=6.6721240803599375 4.6598739326000205 22.667223066091537 4.543646775186061 7.0399270802736282 398.940325031057 63.293089512735605 241.12516294047236
leaf_count=34 34 143 24 46 2234 395 1523
internal_value=1.18889e-05 -0.000151972 -0.0141357 -0.0259181 0.000199644 0.00712158 -0.000729968
internal_weight=748.941 744.281 18.2557 13.7121 726.026 85.9603 640.065
internal_count=4433 4399 104 80 4295 538 3757
is_linear=0
shrinkage=0.04


Tree=166
num_leaves=8
num_cat=0
split_feature=37 8 38 23 38 36 8
split_gain=2.02836 2.86713 2.59037 5.34303 3.91199 3.49436 1.14091
threshold=0.38136708962840837 -0.00068046692286344984 0.55434040892915981 1.0000000180025095e-35 0.60534695165873609 0.56946142114836851 -7.6885890804389095e-05
decision_type=2 2 2 2 2 2 2
left_child=2 -2 5 -4 -5 6 -1
right_child=1 -3 3 4 -6 -7 -8
leaf_value=0.015650691112728925 0.0039564951832537715 -0.042029854544115397 -0.059355045122934991 -0.016253984186232522 0.00065779915949806258 -0.014072842414101434 0.045540500485449609
leaf_weight=3.5429246127605429 4.3051203042268753 4.372392386198042 2.4239379316568366 22.587804412469268 702.95531408675015 3.6365886703133574 4.8272303827106944
leaf_count=19 23 25 10 121 4182 22 31
internal_value=1.16976e-05 -0.0192149 0.000237164 -6.67768e-05 0.000131297 0.0186651 0.0328887
internal_weight=748.651 8.67751 739.974 727.967 725.543 12.0067 8.37015
internal_count=4433 48 4385 4313 4303 72 50
is_linear=0
shrinkage=0.04


Tree=167
num_leaves=7
num_cat=0
split_feature=26 8 14 38 1 26
split_gain=2.0114 2.34328 5.02473 6.20523 3.77038 5.1587
threshold=0.019783468550299502 -0.0018156362594730498 -0.00057601794366524985 0.9164866655834335 -3.3265668560438821 0.019783546768229677
decision_type=2 2 2 2 2 2
left_child=-1 2 3 -2 -3 -6
right_child=1 4 -4 -5 5 -7
leaf_value=-0.033036722401622878 0.052160361976611225 -0.037440468933395359 -0.026994690920368512 0.0073687673741283334 -0.046042379999934817 9.2256615506177282e-05
leaf_weight=2.9350801184773436 5.9581688717007628 4.3686368688940993 5.2497639805078498 29.206111669540405 3.8996873348951331 696.83505650982261
leaf_count=18 29 24 27 182 21 4132
internal_value=1.13368e-05 0.000141446 0.00950851 0.0149582 -0.000395441 -0.000164489
internal_weight=748.453 745.517 40.414 35.1643 705.103 700.735
internal_count=4433 4415 238 211 4177 4153
is_linear=0
shrinkage=0.04


Tree=168
num_leaves=11
num_cat=0
split_feature=10 10 25 14 28 14 10 31 10 30
split_gain=1.99613 4.91464 3.76943 3.07741 3.31307 2.94235 2.45993 5.21744 4.97076 1.9879
threshold=-0.00013911937959064995 -0.00013723953472149998 0.75000000000000011 -0.00062463113614944984 0.94017554428950312 -0.00060319096247064992 -0.00013603059352859998 0.67136324843699813 -0.00013134998106764998 0.026404745388764039
decision_type=2 2 2 2 2 2 2 2 2 2
left_child=2 5 3 -1 -5 -2 7 -3 -8 -4
right_child=1 6 9 4 -6 -7 8 -9 -10 -11
leaf_value=0.024987689406633137 0.049864712297359975 0.011631701277009377 -0.054452064461334874 -0.02918211115160637 0.014045359051748632 0.0084490010962702741 0.012705637290653077 -0.04741324374936471 -0.00063987299480937733 -0.016872850433446229
leaf_weight=5.5776770040392902 4.9267033934593201 4.4582155868411046 3.549591373652218 6.7950996272265929 4.8699083775281906 6.1968484707176668 47.934176001697779 5.1727371662855148 652.81233466602862 6.1623678579926491
leaf_count=35 34 25 21 41 29 38 288 29 3857 36
internal_value=1.09047e-05 0.000410177 -0.0106765 0.000549655 -0.0111355 0.0267923 -2.93132e-06 -0.020081 0.000273019 -0.0306076
internal_weight=748.456 721.501 26.9546 17.2427 11.665 11.1236 710.377 9.63095 700.747 9.71196
internal_count=4433 4271 162 105 70 72 4199 54 4145 57
is_linear=0
shrinkage=0.04


Tree=169
num_leaves=12
num_cat=0
split_feature=3 36 13 3 25 34 13 3 15 37 9
split_gain=1.97716 4.71895 4.56634 3.47341 6.8157 5.87594 4.72033 3.31842 6.02006 3.69114 2.19393
threshold=0.0012746495933237002 0.46324029554924756 -0.00034300238713109993 0.0016329135023170002 0.90000000000000013 0.0083457004251931335 -0.00035581110527779992 0.0019131818976934002 -0.0012197469883065497 0.39403691466421947 0.0002198144512919008
decision_type=2 2 2 2 2 2 2 2 2 2 2
left_child=1 -1 10 4 5 -2 -6 8 -5 -9 -3
right_child=3 2 -4 7 6 -7 -8 9 -10 -11 -12
leaf_value=0.052100031823910778 -0.067311740834425621 0.042507020880562976 -0.020497014253146505 -0.03182360463393881 -0.0041659311587410718 -0.00068784921309986656 -0.046396956996721243 -0.0001689511653840807 0.010166175405885871 -0.040053255317784045 0.00067618623431708413
leaf_weight=3.8783677071332958 2.1745577156543723 4.3748126551508904 7.1899569705128643 5.8147504031658164 6.9972319975495365 81.516016356647015 10.726505346596239 527.87780452519655 90.317224323749542 3.7388806343078604 3.7050435543060303
leaf_count=24 10 27 37 36 39 471 56 3116 576 21 20
internal_value=1.07967e-05 0.0126986 0.00269112 -0.000322392 -0.00719101 -0.00241896 -0.0297244 0.000787249 0.00762633 -0.000449459 0.0233254
internal_weight=748.311 19.1482 15.2698 729.163 101.414 83.6906 17.7237 627.749 96.132 531.617 8.07986
internal_count=4433 108 84 4325 576 481 95 3749 612 3137 47
is_linear=0
shrinkage=0.04


Tree=170
num_leaves=15
num_cat=0
split_feature=5 8 23 26 23 27 14 13 31 28 7 32 15 30
split_gain=1.97375 8.27318 10.8299 25.7808 6.912 9.55081 6.78389 9.587 7.72319 5.17506 5.10944 4.9155 4.20647 0.938423
threshold=1.0000000180025095e-35 0.00026921346142475005 9.0825920083706144 0.019784333285179829 9.178131679681357 0.37958762009901703 -0.00062947725932184994 2.4964843108145273e-05 0.65810379504536254 0.74325131012650159 -0.00050766946219964984 0.00019087677919913903 -0.0011662859892801998 0.22774227030037666
decision_type=2 2 2 2 2 2 2 2 2 2 2 2 2 2
left_child=1 2 12 -4 5 -2 8 -8 -3 13 -7 -11 -1 -6
right_child=4 6 3 -5 9 10 7 -9 -10 11 -12 -13 -14 -15
leaf_value=0.011762295463572435 -0.07668140327343588 0.046430086011176 -0.081284605192911738 0.0080788893605710874 0.044758834465680596 -0.042114931866626987 -0.011377988039422532 0.0051273718592308596 -0.02441421630941127 0.0014411434215407647 0.0050198708431104834 -0.0094780718729782845 0.040765730695540667 0.015518185964845195
leaf_weight=13.066887930035589 4.4075124263763454 8.7870435900986177 5.4446221739053717 100.68681424111128 4.2635603919625273 5.4814736135304019 126.42119213193655 101.52179721929133 3.4205324910581103 250.03597729280591 11.194440439343449 89.602152943611145 20.636960629373789 2.9859298020601273
leaf_count=86 20 48 32 610 36 37 702 553 20 1547 69 513 140 20
internal_value=1.07822e-05 0.00203283 0.00976757 0.00349448 -0.00207729 -0.0243144 -0.00247097 -0.00402679 0.0265797 -0.000725739 -0.0104736 -0.00143953 0.0295212 0.0327152
internal_weight=747.957 379.986 139.835 106.131 367.971 21.0834 240.151 227.943 12.2076 346.888 16.6759 339.638 33.7038 7.24949
internal_count=4433 2191 868 642 2242 126 1323 1255 68 2116 106 2060 226 56
is_linear=0
shrinkage=0.04


Tree=171
num_leaves=12
num_cat=0
split_feature=3 9 24 3 36 14 23 8 29 31 40
split_gain=1.96541 6.95368 7.72404 5.77993 8.10944 6.52501 5.74722 5.46645 3.49928 5.09553 2.94485
threshold=0.0014076210294540501 0.00024679469961504623 0.058333333333236058 0.0016107594559863503 0.75936075848627582 -0.00057824089894144986 9.3884461559217929 -0.0011013120343821997 0.13662853988467979 0.62207042529518974 0.16958036658565021
decision_type=2 2 2 2 2 2 2 2 2 2 2
left_child=1 2 7 4 5 -2 -4 -1 10 -10 -5
right_child=3 -3 6 8 -6 -7 -8 -9 9 -11 -12
leaf_value=-0.061515464231970692 0.0049456442123611069 0.062863401666623062 -0.017214046261414689 -0.020986845244254936 -0.061309738134108331 -0.021100205158532396 0.034304214111962952 -0.0044928714307591487 -0.01936798216614366 0.045036076512893354 0.00066243895529499665
leaf_weight=3.1481776833534267 31.47432666271925 3.4332860633730879 4.5415437072515497 10.219418555498121 4.8893803134560576 30.113645665347576 14.61083048582077 18.47713603079319 2.8436931967735273 6.3649902231991291 617.32552109844983
leaf_count=16 179 20 27 71 27 172 88 101 17 58 3657
internal_value=1.16672e-05 0.00819221 0.00358916 -0.00050263 -0.0117259 -0.00778956 0.0220878 -0.0127941 0.000669089 0.0251477 0.000309886
internal_weight=747.442 44.211 40.7777 703.231 66.4774 61.588 19.1524 21.6253 636.754 9.20868 627.545
internal_count=4433 252 232 4181 378 351 115 117 3803 75 3728
is_linear=0
shrinkage=0.04


Tree=172
num_leaves=10
num_cat=0
split_feature=13 13 35 3 26 15 40 26 15
split_gain=1.95987 4.78414 4.24825 4.19409 4.07247 2.85045 9.09483 5.92719 2.50379
threshold=-0.00039802121274599994 -0.00038883835573194994 0.95881668499750627 0.0022391406073264002 0.019798398667278231 -0.00075372429674269985 0.69945385323713316 0.019785369060781259 -0.0012477505864920996
decision_type=2 2 2 2 2 2 2 2 2
left_child=2 4 3 -1 8 6 -3 -7 -2
right_child=1 5 -4 -5 -6 7 -8 -9 -10
leaf_value=-0.023474509675451633 -0.0071415352293606408 -0.0044110632894223166 -0.036527884742761828 0.032887499928549772 -0.021527596711402471 0.015729897417504139 0.058471004058708143 0.0001750710515482726 0.032039109045269222
leaf_weight=4.1437809914350492 3.117709204554564 263.0199302136898 7.2160882726311675 4.3092275112867355 3.4558689706027499 43.470095671713352 3.7323319166898719 398.61730230599642 16.012621678411961
leaf_count=23 19 1667 39 28 23 309 17 2206 102
internal_value=1.18171e-05 0.00031168 -0.0139856 0.00525807 0.0184346 -0.000265783 -0.00353123 0.00170456 0.0256538
internal_weight=747.095 731.426 15.6691 8.45301 22.5862 708.84 266.752 442.087 19.1303
internal_count=4433 4343 90 51 144 4199 1684 2515 121
is_linear=0
shrinkage=0.04


Tree=173
num_leaves=12
num_cat=0
split_feature=21 21 7 38 9 38 38 18 28 28 3
split_gain=1.96706 4.85781 2.90786 4.13397 5.11775 2.41988 5.33908 3.93797 1.60697 4.97779 0.723542
threshold=-0.0013325061748224998 -0.0013248541094243998 -0.00095696696841714992 0.99999999982282073 0.00012132864165600566 0.99999999983307319 0.99999999983546262 1.0000000180025095e-35 0.93295808033904926 0.9059747935100454 0.0028705110158939004
decision_type=2 2 2 2 2 2 2 2 2 2 2
left_child=2 -2 3 -1 -5 7 -7 -3 9 -4 -10
right_child=1 5 8 4 -6 6 -8 -9 10 -11 -12
leaf_value=-0.036619208374576405 -0.034838359213362015 0.0046699908239501396 0.034652877487444091 -0.031197236433406772 0.025827032728921635 -0.026902762425445786 -0.0019766162187563633 -0.0023775826911445609 0.052451252728644836 -0.028557639326181963 0.023579986756278103
leaf_weight=4.0565606355667176 6.4996052384376517 270.48707631975412 5.6394090652465803 3.4976159185171118 8.9920275211334211 14.851512983441351 185.23567436821759 238.89794592559338 3.1489455923438063 3.0830774381756783 2.4847229197621346
leaf_count=21 36 1626 46 20 57 90 1096 1369 30 24 18
internal_value=1.17235e-05 -0.00041475 0.00989263 -0.0015367 0.00985788 -9.93894e-05 -0.00382676 0.00136473 0.0230655 0.0123103 0.0397176
internal_weight=746.874 715.972 30.9024 16.5462 12.4896 709.472 200.087 509.385 14.3562 8.72249 5.63367
internal_count=4433 4217 216 98 77 4181 1186 2995 118 70 48
is_linear=0
shrinkage=0.04


Tree=174
num_leaves=10
num_cat=0
split_feature=2 34 32 33 3 8 35 27 2
split_gain=1.90314 8.63138 2.20732 9.33005 11.2408 6.71606 9.1589 7.43132 6.29022
threshold=0.020207132406137553 0.43556373928114483 0.0001880818846756496 -0.84210526315789458 0.0022875372017728004 -0.00051209506052829988 1.3143302101543592 0.57229176551810435 0.051420138502415808
decision_type=2 2 2 2 2 2 2 2 2
left_child=1 -1 3 8 -5 6 -4 -7 -2
right_child=2 -3 5 4 -6 7 -8 -9 -10
leaf_value=0.019817289399383313 -0.021801999179937491 -0.054141419602855907 -0.0068924608005750008 0.022299023904720338 -0.023378999846287888 0.022557294389705357 -0.047764853655477502 -0.00070430901514651866 0.0011110227260307812
leaf_weight=5.0396677181124669 21.121240220963955 5.0594461299479008 73.158760916441679 59.705281246453524 10.074359305202959 23.533502466976643 9.9672056213021261 331.56878179125488 207.49890017881989
leaf_count=33 143 31 440 392 65 127 56 1850 1296
internal_value=1.18356e-05 -0.0172345 0.000248281 0.00290178 0.0157043 -0.00155855 -0.0117933 0.000837295 -0.00100581
internal_weight=746.727 10.0991 736.628 298.4 69.7796 438.228 83.126 355.102 228.62
internal_count=4433 64 4369 1896 457 2473 496 1977 1439
is_linear=0
shrinkage=0.04


Tree=175
num_leaves=11
num_cat=0
split_feature=9 15 8 8 36 9 8 9 34 31
split_gain=1.96152 3.06177 4.14721 4.71021 4.31427 4.06848 7.19993 4.74146 2.29761 0.641527
threshold=0.00040509012119122311 0.0015736527913450002 0.0020818316773133006 0.00029785896823745003 0.71991845130051957 0.00031603824507413708 0.00017229976390550003 0.00029662499242964611 0.37082805125505275 0.63481422758761152
decision_type=2 2 2 2 2 2 2 2 2 2
left_child=1 5 3 -3 -4 7 -7 -1 -2 -10
right_child=8 2 4 -5 -6 6 -8 -9 9 -11
leaf_value=0.00041660111133661105 -0.011018553627233876 0.023934485826829853 -0.0035775611829205185 -0.021535382020990576 0.0420923295884763 0.053464494559681504 0.0057656939297214332 -0.020201420670051939 0.019140171778852993 0.051869497375111651
leaf_weight=624.19639114663005 2.1737746559083453 4.0786158591508856 16.727185264229778 34.296651683747768 4.1258573234081259 6.0061797425150862 32.253391303122044 18.371116071939468 1.5170700866729019 2.6011420506983995
leaf_count=3769 14 21 80 177 20 30 171 97 21 33
internal_value=1.18663e-05 -0.000177215 -0.00890026 -0.0167027 0.00545841 0.000581644 0.0132537 -0.000172872 0.0222513 0.0398126
internal_weight=746.347 740.055 59.2283 38.3753 20.853 680.827 38.2596 642.568 6.29199 4.11821
internal_count=4433 4365 298 198 100 4067 201 3866 68 54
is_linear=0
shrinkage=0.04


Tree=176
num_leaves=14
num_cat=0
split_feature=25 12 32 3 37 38 28 39 19 30 33 37 34
split_gain=1.88137 5.22871 6.68794 9.96505 9.21044 4.67427 6.29287 4.89012 3.2638 9.57303 5.06788 4.27813 3.35688
threshold=0.25000000000000006 -0.00011489355856324999 0.00027145164860849355 0.0031376318663683504 0.056352196485915614 0.75604599277634343 0.83304455207977801 0.33683936610451576 -2.1991101591531654 0.010681262734146499 -0.84210526315789458 0.3833286691835957 0.14267619213524316
decision_type=2 2 2 2 2 2 2 2 2 2 2 2 2
left_child=1 2 4 -4 -1 7 -7 -3 9 -2 -11 12 -10
right_child=8 5 3 -5 -6 6 -8 -9 11 10 -12 -13 -14
leaf_value=0.02451788185999337 0.042352008844237198 0.040055065329325935 -0.050540245335879086 0.031918521546691732 -0.016004842734437898 0.042689787159893709 -0.019057495601480061 -0.017654339887459194 -0.0043626626520909921 -0.056346695774838307 -0.009291524914374967 -0.031905979645641326 0.0020250975693518426
leaf_weight=47.304769787937403 3.4555479139089611 6.0987856835126859 6.0786443427205068 3.8175890296697617 11.075526922941206 2.8995941132307044 29.586204431951046 3.8214003369212151 192.0354831404984 6.9761063084006318 7.7088982537388775 6.7920878678560248 418.47844293154776
leaf_count=298 20 38 31 19 65 21 177 20 1094 42 51 39 2518
internal_value=1.14729e-05 0.00482419 0.0116758 -0.0187308 0.0168302 -0.00620745 -0.0135461 0.0178246 -0.000826809 -0.0175496 -0.0316451 -0.000335384 1.58451e-05
internal_weight=746.129 110.683 68.2765 9.89623 58.3803 42.406 32.4858 9.92019 635.447 18.1406 14.685 617.306 610.514
internal_count=4433 669 413 50 363 256 198 58 3764 113 93 3651 3612
is_linear=0
shrinkage=0.04


Tree=177
num_leaves=11
num_cat=0
split_feature=5 23 27 27 32 24 35 35 31 28
split_gain=1.88258 6.43593 6.10386 8.22307 6.97154 6.59496 5.65975 7.97809 4.67277 1.20596
threshold=1.0000000180025095e-35 5.6054600480027732 0.58889563953186896 0.60833515047514142 0.00021701773531722607 0.32499999999945833 0.48323546937127432 0.50839273357155823 0.67722215824586041 0.86017939619582295
decision_type=2 2 2 2 2 2 2 2 2 2
left_child=2 -2 4 -4 9 -5 -3 -8 -6 -1
right_child=1 6 3 5 8 -7 7 -9 -10 -11
leaf_value=0.036171139273133479 -0.059883362630753001 -0.041320391310189226 -0.063364525716940609 0.0019020553870604398 0.019618438537346693 -0.043190929609099767 0.041675852748603255 -0.0017558417845773711 -0.028014808704584806 0.070429941481461131
leaf_weight=2.8535696864128139 3.0510483533143988 5.6352332755923262 3.1823769658803931 345.60424497537315 13.793209757655861 5.2684726119041434 6.9000147432088843 351.40727701410651 4.3294205740094176 3.8785976618528366
leaf_count=19 13 32 15 1998 78 36 45 2152 23 22
internal_value=1.18639e-05 -0.00203003 0.00198954 0.000644415 0.0211508 0.00122497 -0.00154503 -0.000919467 0.00823906 0.0559086
internal_weight=745.903 366.994 378.91 354.055 24.8548 350.873 363.943 358.307 18.1226 6.73217
internal_count=4433 2242 2191 2049 142 2034 2229 2197 101 41
is_linear=0
shrinkage=0.04


Tree=178
num_leaves=10
num_cat=0
split_feature=9 3 35 0 19 3 8 15 39
split_gain=1.81969 2.97243 4.50932 3.63229 6.3239 3.97763 2.65708 2.10677 1.40872
threshold=0.00040509012119122311 0.0044242206003172009 0.78683268738042711 73.5853837218351 2.6687822936111023 0.0036163213348462506 0.00073060361670945013 0.00048436192206290004 0.21555887657067882
decision_type=2 2 2 2 2 2 2 2 2
left_child=1 3 6 4 -1 -5 -3 -2 -9
right_child=7 2 -4 5 -6 -7 -8 8 -10
leaf_value=0.00048409585599751368 -0.01310437233428647 -0.033636627959391256 -0.040750924694040944 0.041802015490564143 -0.025496104994368371 0.00029643049591460217 0.0033247019680981904 0.058614954825753789 0.012449055089247691
leaf_weight=681.91064826399088 1.9244114458560933 3.8280547857284608 7.0158904343843451 7.0087834447622281 15.32758769392967 7.8119253367185593 16.634877495467663 2.2937871292233467 1.9622616209089754
leaf_count=4072 15 20 39 35 79 37 83 25 28
internal_value=1.19519e-05 -0.000168683 -0.0130777 0.000329486 -8.70343e-05 0.0199246 -0.00358975 0.0216263 0.0373301
internal_weight=745.718 739.538 27.4788 712.059 697.238 14.8207 20.4629 6.18046 4.25605
internal_count=4433 4365 142 4223 4151 72 103 68 53
is_linear=0
shrinkage=0.04


Tree=179
num_leaves=11
num_cat=0
split_feature=13 13 20 31 15 26 15 33 26 29
split_gain=1.80152 4.43962 3.96371 4.53098 4.43621 3.77166 2.43644 8.21341 5.47159 2.21561
threshold=-0.00039802121274599994 -0.00038883835573194994 0.0025993364132573002 0.65096225793047935 -0.0012015654765440498 0.019798398667278231 -0.00075372429674269985 -0.73684210526315785 0.019785369060781259 0.041794767891948914
decision_type=2 2 2 2 2 2 2 2 2 2
left_child=2 5 3 -1 -5 9 7 -3 -8 -2
right_child=1 6 -4 4 -6 -7 8 -9 -10 -11
leaf_value=0.038828398368832742 0.03449654254757123 -0.00060675084902993769 -0.045536740312119191 0.0081783530974296349 -0.05260695561181912 -0.020593194555645726 0.015134654690438985 -0.021747185610799056 0.00010648924803698936 0.0053859317846927145
leaf_weight=3.2706512659788114 12.652393415570264 233.3547476157546 4.4139222949743262 4.6098785176873198 3.2935102954506883 3.4527121260762206 42.952003695070744 33.644051872193813 397.49301471747458 6.2494760379195204
leaf_count=19 81 1490 22 30 19 23 309 194 2206 40
internal_value=1.15373e-05 0.000298934 -0.0134438 -0.000766615 -0.0171522 0.0178496 -0.000255652 -0.00327062 0.00157203 0.0248718
internal_weight=745.386 729.798 15.588 11.174 7.90339 22.3546 707.444 266.999 440.445 18.9019
internal_count=4433 4343 90 68 49 144 4199 1684 2515 121
is_linear=0
shrinkage=0.04


Tree=180
num_leaves=9
num_cat=0
split_feature=26 10 40 30 36 30 24 39
split_gain=1.86566 2.13503 5.21936 5.47927 4.06874 3.69512 5.03153 4.20831
threshold=0.019783468550299502 -0.00012429678799964996 0.56261194135998405 0.10867546728779202 0.57431472961864116 0.10148864986557805 0.024999999999958254 0.369134478969461
decision_type=2 2 2 2 2 2 2 2
left_child=-1 2 3 -2 -4 7 -7 -3
right_child=1 5 4 -5 -6 6 -8 -9
leaf_value=-0.031905582337749337 0.0078086109666801878 -0.0014739280044302405 -0.03656686094848656 -0.013960079759192898 -0.0023548137149869562 0.030540020330052511 0.0021898687043485098 -0.016490668504726361
leaf_weight=2.9187921583652487 178.69248089194298 422.3940863609314 8.3812621980905551 20.636848635971546 16.533992109820247 12.478979293256996 50.75613615103066 32.130378421396017
leaf_count=18 1064 2484 59 133 103 73 327 172
internal_value=1.14629e-05 0.000137014 0.00339735 0.00555487 -0.0138634 -0.00127506 0.00778456 -0.00253546
internal_weight=744.923 742.004 224.245 199.329 24.9153 517.76 63.2351 454.524
internal_count=4433 4415 1359 1197 162 3056 400 2656
is_linear=0
shrinkage=0.04


Tree=181
num_leaves=15
num_cat=0
split_feature=5 8 23 26 23 27 14 13 28 2 3 20 36 40
split_gain=1.82722 7.29588 11.0077 23.8728 6.22309 8.37868 5.17851 7.20258 4.73782 4.74409 4.73266 4.31827 3.26074 1.36067
threshold=1.0000000180025095e-35 0.00015531972626280004 9.207876652130933 0.019784333285179829 9.178131679681357 0.37958762009901703 -0.00063004200569279989 0.00028717314606030003 0.74325131012650159 0.80876642929368259 0.0015094352489021003 0.0025972063911856506 0.60314010068128532 0.39401064233083366
decision_type=2 2 2 2 2 2 2 2 2 2 2 2 2 2
left_child=1 2 12 -4 5 -2 11 -8 13 -10 -7 -3 -1 -6
right_child=4 6 3 -5 8 10 7 -9 9 -11 -12 -13 -14 -15
leaf_value=0.04629834852172876 -0.07187779516009711 0.061417339506539909 -0.077561870537532357 0.0085606538054707835 0.046918917409198138 -0.046801106887534159 -0.0083218507979868368 0.0058018981618344146 -0.00062136449300867111 -0.030810998008185219 0.0022344457533658244 0.0087026916708912751 0.01920763033918671 0.011152397125288711
leaf_weight=13.293141465634109 4.4429005831480053 3.460724137723445 5.4837693423032752 84.559696346521378 4.0515606366097918 4.2060168981552151 154.96763292886317 92.107814295217395 329.69419999420643 8.5441492944955808 12.533804401755331 8.8312420845031721 15.280120547860859 2.9344354271888733
leaf_count=99 20 20 31 521 36 24 863 506 2014 46 82 50 101 20
internal_value=1.10261e-05 0.00196222 0.0101798 0.00331568 -0.00200182 -0.0230464 -0.00179596 -0.00305663 -0.000710533 -0.00138398 -0.0100861 0.0235442 0.031811 0.0318954
internal_weight=744.391 377.984 118.617 90.0435 366.407 21.1827 259.367 247.075 345.224 338.238 16.7398 12.292 28.5733 6.986
internal_count=4433 2191 752 552 2242 126 1439 1369 2116 2060 106 70 200 56
is_linear=0
shrinkage=0.04


Tree=182
num_leaves=12
num_cat=0
split_feature=3 36 9 36 3 10 25 25 3 9 37
split_gain=1.82183 4.36807 4.25983 3.98779 3.13574 6.30268 6.46299 4.93416 2.91932 9.02877 5.45659
threshold=0.0012746495933237002 0.46324029554924756 0.00021854469732036997 0.57768188600482429 0.0016329135023170002 -0.00010811082819199999 0.75000000000000011 0.90000000000000013 0.0020160810088942507 0.00027443646535753801 0.38136708962840837
decision_type=2 2 2 2 2 2 2 2 2 2 2
left_child=1 -1 3 -3 5 7 -7 -2 9 -6 -10
right_child=4 2 -4 -5 8 6 -8 -9 10 -11 -12
leaf_value=0.050977539131909576 0.0028794023983009513 0.047928981274623472 -0.02088665031677053 -0.0074367675572066727 0.0032901787669647811 -0.010726691329255392 -0.058543491721250007 -0.022703483179987605 -0.00027219232558082297 0.04596602236471041 -0.045424464045550055
leaf_weight=3.7420909255743053 65.514554269611835 4.4132685400545579 6.7646111696958533 3.9394881129264832 123.63688374683261 13.461914859712126 6.8107904791831961 14.784491568803785 487.98682855069637 8.475805286318062 4.3202652037143698
leaf_count=24 386 26 36 22 790 73 36 81 2879 56 24
internal_value=1.1921e-05 0.0122856 0.0027079 0.0218163 -0.000307357 -0.00686222 -0.0267912 -0.00183086 0.000748398 0.00602808 -0.000668428
internal_weight=743.851 18.8595 15.1174 8.35276 724.992 100.572 20.2727 80.299 624.42 132.113 492.307
internal_count=4433 108 84 48 4325 576 109 467 3749 846 2903
is_linear=0
shrinkage=0.04


Tree=183
num_leaves=13
num_cat=0
split_feature=12 12 25 15 28 18 38 12 18 12 3 30
split_gain=1.84576 4.39426 3.43841 3.18792 2.77223 3.08138 3.06103 2.24988 5.1578 4.3616 2.05386 1.17039
threshold=-0.00013911937959064995 -0.00013723953472149998 0.75000000000000011 0.00048436192206290004 0.94017554428950312 -1.0000000180025095e-35 0.99999999981119847 -0.00013603059352859998 -1.0000000180025095e-35 -0.00013134998106764998 0.0022256243935105005 0.026188062967499932
decision_type=2 2 2 2 2 2 2 2 2 2 2 2
left_child=2 3 4 11 5 -1 -6 8 -3 -9 -4 -2
right_child=1 7 10 -5 6 -7 -8 9 -10 -11 -12 -13
leaf_value=-0.02966777290453378 0.020820810420057421 0.0044029681708236731 -0.0049842822295824022 -0.0085298283842934232 0.045103313666478566 0.018129227364052928 -0.0064281724893490988 0.012024817127153855 -0.055601605497801819 -0.00057926366963062124 -0.04334039338848409 0.052443206618463488
leaf_weight=6.4207489825785187 3.1830867156386358 5.8214341551065445 3.5102888904511911 3.1102439276874065 3.634119786322116 3.2506229951977756 3.7449206784367561 47.116397473961115 3.7804302349686605 649.17794371396303 6.1419549249112606 4.5488343611359596
leaf_count=43 21 33 22 19 22 18 22 288 21 3857 35 32
internal_value=1.18951e-05 0.000396595 -0.010314 0.0256683 0.000485608 -0.0136028 0.0189507 8.43533e-06 -0.0192219 0.000273621 -0.0293912 0.0394249
internal_weight=743.441 716.738 26.7027 10.8422 17.0504 9.67137 7.37904 705.896 9.60186 696.294 9.65224 7.73192
internal_count=4433 4271 162 72 105 61 44 4199 54 4145 57 53
is_linear=0
shrinkage=0.04


Tree=184
num_leaves=9
num_cat=0
split_feature=21 21 30 27 29 28 40 26
split_gain=1.7942 4.4607 3.52046 3.49621 3.7201 2.24081 4.31619 3.71912
threshold=-0.0013325061748224998 -0.0013248541094243998 0.089264111216585854 0.14590777675928288 0.032274880807317788 0.98982706944297816 0.46408269969778898 0.019783501645096322
decision_type=2 2 2 2 2 2 2 2
left_child=2 -2 3 -1 -5 7 -7 -3
right_child=1 5 -4 4 -6 6 -8 -9
leaf_value=-0.015870104069986918 -0.033333183685573094 -0.03900634407198645 -0.025803827393176909 0.036724284911612851 0.0034436637515154879 0.028059727681791019 -0.0062593579165343199 -0.00028280437400212761
leaf_weight=4.872928746044642 6.5181731432676306 3.9916878193616858 3.9331456162035456 11.845602534711363 9.8362976014614087 12.56002087146044 10.997214362025259 678.71220281720161
leaf_count=28 36 24 26 92 70 75 62 4020
internal_value=1.17723e-05 -0.000394681 0.00951425 0.0147454 0.0216261 -9.06869e-05 0.0120386 -0.000509216
internal_weight=743.267 712.779 30.488 26.5548 21.6819 706.261 23.5572 682.704
internal_count=4433 4217 216 190 162 4181 137 4044
is_linear=0
shrinkage=0.04


Tree=185
num_leaves=10
num_cat=0
split_feature=9 15 2 26 28 28 30 34 31
split_gain=1.77003 2.73843 5.50616 5.78908 4.19426 4.57897 3.87838 2.22052 0.594793
threshold=0.00040509012119122311 0.0015736527913450002 0.72345270003537643 0.019824698661162019 0.77073019459891789 0.90224647591984841 0.015740849748421899 0.37082805125505275 0.63894786203047993
decision_type=2 2 2 2 2 2 2 2 2
left_child=1 2 6 -4 -3 -6 -1 -2 -9
right_child=7 4 3 -5 5 -7 -8 8 -10
leaf_value=0.0046079116051406365 -0.011270106263022325 0.038574706618543619 0.014209734315089203 -0.020799641091675883 -0.02543706326091533 -0.001885619313858132 -0.0026893418929758999 0.019744331987325694 0.051538964465777798
leaf_weight=158.47154296562076 2.1520280577242366 2.8870666027069083 70.693819370120764 8.4617700353264791 21.347810603678226 34.643066845834255 440.34943445026875 1.538510808721185 2.4256574884057045
leaf_count=929 14 14 393 44 109 175 2701 23 31
internal_value=1.1668e-05 -0.000166207 0.000552396 0.0104672 -0.00844088 -0.0108651 -0.000758202 0.0214413 0.0391993
internal_weight=742.971 736.855 677.977 79.1556 58.8779 55.9909 598.821 6.1162 3.96417
internal_count=4433 4365 4067 437 298 284 3630 68 54
is_linear=0
shrinkage=0.04


Tree=186
num_leaves=11
num_cat=0
split_feature=13 13 21 35 3 29 6 9 8 33
split_gain=1.75601 4.05177 3.80919 3.71397 3.45104 3.19229 3.16245 2.31571 10.2099 4.72142
threshold=-0.00039802121274599994 -0.00038883835573194994 -5.5029017411636082e-05 0.95881668499750627 0.0022756873560682506 0.041794767891948914 -0.00010060344653864998 0.00031603824507413708 0.00017229976390550003 -0.63157894736842091
decision_type=2 2 2 2 2 2 2 2 2 2
left_child=3 2 5 4 -1 -2 -4 9 -9 -3
right_child=1 7 6 -5 -6 -7 -8 8 -10 -11
leaf_value=-0.020585488994521839 0.041859072766985549 1.1750660441232159e-05 -0.03588560933668504 -0.034583410488224789 0.031048160454211694 0.0031314437963773385 0.017984286697341811 0.052600176531153564 0.0017465240729471851 -0.012468471507730498
leaf_weight=4.2070426046848279 9.8706477954983729 574.24419567734003 3.2748903222382069 7.1031527295708647 4.0793748572468758 5.1993433833122245 3.7290350385010234 6.9326960965991011 71.104782681912184 52.974953453987837
leaf_count=24 66 3471 22 39 27 34 22 34 404 290
internal_value=1.14179e-05 0.000294335 0.0171696 -0.0133596 0.00483358 0.0284975 -0.00720416 -0.000233846 0.00626426 -0.00104233
internal_weight=742.72 727.331 22.0739 15.3896 8.28642 15.07 7.00393 705.257 78.0375 627.219
internal_count=4433 4343 144 90 51 100 44 4199 438 3761
is_linear=0
shrinkage=0.04


Tree=187
num_leaves=11
num_cat=0
split_feature=3 9 9 9 3 36 38 29 28 34
split_gain=1.71398 6.55374 6.98193 6.06839 5.23377 7.51289 5.94441 3.22643 2.82795 2.2496
threshold=0.0014076210294540501 0.00023944140905538089 0.00023083983568375805 0.00020679808934279833 0.0016107594559863503 0.75936075848627582 0.99999999966755426 0.13662853988467979 0.94911364512717922 0.20622976006486352
decision_type=2 2 2 2 2 2 2 2 2 2
left_child=1 2 3 -1 5 6 -2 8 -6 -9
right_child=4 -3 -4 -5 7 -7 -8 9 -10 -11
leaf_value=-0.0044186343091194838 0.0074210072057499634 0.050646835785087135 -0.043611732461404984 0.03074455958106679 -0.001596769207337723 -0.059237704482754457 -0.017879296531409405 0.010347186158156215 0.0041145214608118916 0.052944926646597903
leaf_weight=21.46794655919075 25.371514476835728 5.030749022960662 4.6942605897784224 12.38172174990177 415.97818156518042 4.8251191750168791 35.859170705080032 5.9643805548548681 208.11366715654731 2.9719911888241768
leaf_count=125 141 30 23 74 2495 27 210 51 1233 24
internal_value=1.12139e-05 0.00770811 0.00210375 0.00844356 -0.000468542 -0.0111827 -0.00739588 0.000649471 0.000307754 0.024514
internal_weight=742.659 43.5747 38.5439 33.8497 699.084 66.0558 61.2307 633.028 624.092 8.93637
internal_count=4433 252 222 199 4181 378 351 3803 3728 75
is_linear=0
shrinkage=0.04


Tree=188
num_leaves=12
num_cat=0
split_feature=10 10 36 20 25 28 36 21 15 6 34
split_gain=1.70571 3.44942 8.68003 5.0918 3.22138 3.7691 3.61748 2.89599 3.47017 3.44913 2.05683
threshold=-0.00013965117494224997 -0.00013134998106764998 0.7966300003073582 0.0025845819429124004 0.75000000000000011 0.95136164616090346 0.4964929152466116 -0.0013421206232973497 -0.0012504435435647997 -0.00041599400234624992 0.41712773235848011
decision_type=2 2 2 2 2 2 2 2 2 2 2
left_child=4 2 3 -2 5 10 -6 8 -3 -9 -1
right_child=1 7 -4 -5 6 -7 -8 9 -10 -11 -12
leaf_value=0.00032853009239345075 0.044215757795832394 -0.020158864790433235 -0.055840964879019996 0.0080950597062725352 -0.064778623056806053 0.026337259819284059 -0.010412684183978803 -0.014041176734381568 0.023685669116092635 -0.00033511166145940436 -0.037217164901444021
leaf_weight=5.8166237510740775 6.9708800017833701 3.5905594229698208 3.1738430708646765 59.901916321367025 3.0977475270628911 5.6533546894788733 5.3237018994987011 30.890802197158337 14.767071224749087 599.3754488248378 3.8996633067727089
leaf_count=37 43 23 18 371 17 34 33 183 116 3535 23
internal_value=1.11196e-05 0.000359953 0.00879274 0.0118603 -0.0105263 0.000368935 -0.0304107 -0.000550727 0.0151101 -0.00100688 -0.0147406
internal_weight=742.462 718.671 70.0466 66.8728 23.7911 15.3696 8.42145 648.624 18.3576 630.266 9.71629
internal_count=4433 4289 432 414 144 94 50 3857 139 3718 60
is_linear=0
shrinkage=0.04


Tree=189
num_leaves=9
num_cat=0
split_feature=30 5 23 35 27 27 35 30
split_gain=1.69703 1.94524 7.58993 9.20954 5.33675 9.01551 5.14549 4.66805
threshold=0.25747067550207908 1.0000000180025095e-35 9.178131679681357 0.68973890254174108 0.58889563953186896 0.60416695283031296 0.48323546937127432 0.089264111216585854
decision_type=2 2 2 2 2 2 2 2
left_child=1 4 3 -3 7 -6 -4 -1
right_child=-2 2 6 -5 5 -7 -8 -9
leaf_value=0.027956517259799224 0.024611996375076193 -0.061703669760192092 -0.039369977077451795 -0.0054993052326231364 -0.068523242409856286 0.0012201451110856612 -0.00020214759604439634 -0.01858077864350513
leaf_weight=20.168132979422811 4.4595406055450431 7.3697413019835976 5.4532642215490332 12.708259992301462 2.9910456985235205 347.80020423233509 337.13703526556492 4.1600323356688014
leaf_count=114 34 40 31 76 14 2025 2071 28
internal_value=1.10878e-05 -0.000137612 -0.00222648 -0.0261294 0.00188192 0.000625473 -0.000825611 0.0199988
internal_weight=742.247 737.788 362.668 20.078 375.119 350.791 342.59 24.3282
internal_count=4433 4399 2218 116 2181 2039 2102 142
is_linear=0
shrinkage=0.04


Tree=190
num_leaves=14
num_cat=0
split_feature=32 32 2 13 34 24 7 40 21 26 28 7 13
split_gain=1.66462 7.55121 8.35396 7.10096 6.5477 5.7969 4.74027 6.53812 7.90581 6.1701 6.15126 5.33276 2.04106
threshold=0.0001443704051695351 0.00013673353015026198 0.051420138502415808 -0.00036232947226774997 0.61069318504376702 0.35833333333273615 -0.00087082940541304986 0.31872426335903498 -0.0012795916787981998 0.019785369060781259 0.9756656133077054 -0.00047927254960134993 -0.00021353878909359997
decision_type=2 2 2 2 2 2 2 2 2 2 2 2 2
left_child=1 2 -1 4 -3 -4 7 -2 -9 10 -8 -11 -5
right_child=6 3 5 12 -6 -7 9 8 -10 11 -12 -13 -14
leaf_value=-0.055623594450569136 -0.066093596977741045 -0.03773911883765569 0.0099180721137315294 0.044723645028764997 0.023795477770753016 -0.0081159762825368277 0.0056599300987599513 0.026471561326863041 -0.03149818604079755 -0.012594539146367911 0.037916280100840145 -0.00023527362390977525 0.0087683902515598988
leaf_weight=4.2611031606793395 3.9691774174571064 4.8160328119993228 60.498152296990156 14.25273071229458 6.5021611228585243 53.951017204672098 57.268497474491596 6.2118870615959176 9.5525029785931075 63.925472937524319 11.330711737275122 442.61853064037859 3.0702606290578833
leaf_count=27 24 27 385 120 48 314 432 42 60 387 83 2463 21
internal_value=1.10302e-05 0.00381718 -0.000630594 0.022252 -0.00238826 0.00141687 -0.000931755 -0.0202085 -0.00865547 -0.000270357 0.0109878 -0.001795 0.0383511
internal_weight=742.228 147.351 118.71 28.6412 11.3182 114.449 594.877 19.7336 15.7644 575.143 68.5992 506.544 17.323
internal_count=4433 942 726 216 75 699 3491 126 102 3365 515 2850 141
is_linear=0
shrinkage=0.04


Tree=191
num_leaves=14
num_cat=0
split_feature=14 14 24 2 24 40 38 8 24 40 36 40 28
split_gain=1.76442 8.31306 7.37628 6.73186 6.1657 7.3174 6.65311 5.52406 7.28425 5.76553 5.64199 5.89865 4.35435
threshold=-0.00057601794366524985 -0.00058836567589384988 0.34166666666609719 0.10513090345137031 0.058333333333236058 0.69945385323713316 0.9999999998527741 -0.0015971039522612999 0.47499999999920833 0.29273934898437104 0.61067667881444154 0.42750423734111159 0.94017554428950312
decision_type=2 2 2 2 2 2 2 2 2 2 2 2 2
left_child=1 4 3 -3 6 -6 -1 10 9 -9 11 -2 -4
right_child=7 2 12 -5 5 -7 -8 8 -10 -11 -12 -13 -14
leaf_value=0.012937378872751645 -0.075871614381654184 0.037615778604192844 -0.043183898069907224 0.0091928683096304253 -0.0052262372157467797 0.050905385883295462 -0.03131602362550942 -0.013467925698097676 0.051756662052393237 0.00054617310927796412 0.014136784062384129 -0.012664518745925422 0.006929399972319541
leaf_weight=65.78265767544508 4.6508695110678655 22.59566356241703 4.8645123168826085 32.523145398125052 213.24586894363165 3.7817790582776061 5.9252554383128873 55.235023763030767 4.1474809199571601 313.93981893360615 3.7649049237370482 4.8008322641253471 6.4560043886303902
leaf_count=385 23 173 29 183 1334 22 34 335 32 1791 23 29 40
internal_value=1.20259e-05 0.00204728 0.0148045 0.0208447 -0.000888221 -0.00424812 0.0092807 -0.00185808 -0.000958357 -0.00155058 -0.0272722 -0.0437666 -0.0146047
internal_weight=741.714 355.175 66.4393 55.1188 288.736 217.028 71.7079 386.539 373.322 369.175 13.2166 9.4517 11.3205
internal_count=4433 2200 425 356 1775 1356 419 2233 2158 2126 75 52 69
is_linear=0
shrinkage=0.04


Tree=192
num_leaves=8
num_cat=0
split_feature=9 1 20 8 34 6 0
split_gain=1.64836 2.75763 2.29258 2.37138 2.10094 0.528526 0.0725606
threshold=0.00040509012119122311 5.2320064291170647 0.0026783737395777506 0.0018562225949127502 0.37082805125505275 -2.4705255836378325e-05 78.888457627868277
decision_type=2 2 2 2 2 2 2
left_child=1 2 3 -1 -2 -6 -7
right_child=4 -3 -4 -5 5 6 -8
leaf_value=-0.00026560218482446463 -0.010822130606020624 -0.025025872736016183 -0.025386752666410058 0.0098784870619973049 0.0161716028232925 0.055437167472272925 0.042237370127501644
leaf_weight=684.05408161133528 2.1449034214019767 7.0660031139850608 5.6107359491288653 38.972606979310513 1.1717422157526018 1.2465189360082152 1.4315705858170984
leaf_count=4094 14 36 35 200 10 12 32
internal_value=1.25909e-05 -0.000157628 8.35337e-05 0.000281185 0.0209026 0.0385778 0.0483812
internal_weight=741.698 735.703 728.637 723.027 5.99474 3.84983 2.67809
internal_count=4433 4365 4329 4294 68 54 44
is_linear=0
shrinkage=0.04


Tree=193
num_leaves=14
num_cat=0
split_feature=25 10 40 38 32 7 37 19 28 38 31 8 10
split_gain=1.64855 4.72513 7.59748 5.93394 5.88214 9.75574 7.39421 2.85211 7.86016 4.31066 4.08369 5.79118 5.41212
threshold=0.25000000000000006 -0.00011489355856324999 0.51415582794707915 0.75604599277634343 0.00026324223443238064 0.00059118149517380016 0.056352196485915614 -2.1991101591531654 0.975304227071077 0.99999999982123366 0.67972825454569552 -0.0016283580053942997 -0.00013643633610024996
decision_type=2 2 2 2 2 2 2 2 2 2 2 2 2
left_child=1 4 3 -3 6 -6 -1 8 9 -2 11 -9 -12
right_child=7 2 -4 -5 5 -7 -8 10 -10 -11 12 -13 -14
leaf_value=0.023420246774995112 -0.0062244854270381046 0.030205731497210075 -0.052530247220356305 -0.0082641129882043349 -0.04317676300472538 0.035745006570061001 -0.013314411072839994 -0.045088543991440438 0.037961284300120163 -0.04959876866328479 -0.019220907305654952 -0.0021627843746262303 0.005843857591930267
leaf_weight=45.50047454610467 6.9400074854493159 8.2331315055489522 4.9462730586528769 29.057182237505913 7.1733708232641202 3.8515968769788742 10.859653815627096 5.0938120111823073 3.448103316128253 7.7711964212357998 14.799515724182127 393.082439430058 200.77882257290184
leaf_count=293 47 49 30 177 35 21 64 29 20 46 93 2242 1287
internal_value=1.2156e-05 0.00454036 -0.00594918 0.000229441 0.0111151 -0.0156053 0.0163421 -0.000773377 -0.0163963 -0.029137 -0.000311138 -0.00271193 0.00412315
internal_weight=741.536 109.622 42.2366 37.2903 67.3851 11.025 56.3601 631.914 18.1593 14.7112 613.755 398.176 215.578
internal_count=4433 669 256 226 413 56 357 3764 113 93 3651 2271 1380
is_linear=0
shrinkage=0.04


Tree=194
num_leaves=11
num_cat=0
split_feature=35 1 25 28 30 29 26 37 24 38
split_gain=1.67942 4.96957 3.33836 2.43257 5.12433 4.4472 4.0736 9.71164 7.60594 3.19557
threshold=0.36091158000223739 2.6863066655305379 0.75000000000000011 0.97862321740339653 0.0083581659836156116 0.01057483286860028 0.019783920606520761 0.038001392631216886 0.058333333333236058 0.9999999998297272
decision_type=2 2 2 2 2 2 2 2 2 2
left_child=1 -1 -3 4 5 -2 7 -5 -8 -6
right_child=3 2 -4 6 9 -7 8 -9 -10 -11
leaf_value=0.038795796529806456 0.0060570668533962979 0.016846380177788473 -0.029157432726972826 0.0051861393129079428 0.0016870052820548568 -0.028557017079567832 -0.0064947079761055017 -0.057969426721199008 0.023387129381950266 -0.0044397700619027633
leaf_weight=6.8380277603864696 8.5849200263619441 5.2292516492307168 4.8783747795969248 19.271636277437214 410.42488309554756 19.267822869122028 22.041429489850998 4.8827842324972144 35.708102323114872 203.86567023023963
leaf_count=37 43 32 27 120 2462 105 122 23 222 1240
internal_value=1.2187e-05 0.0124598 -0.00535704 -0.000279138 -0.00110717 -0.0178881 0.00621277 -0.00758068 0.011982 -0.000346298
internal_weight=740.993 16.9457 10.1076 724.047 642.143 27.8527 81.904 24.1544 57.7495 614.291
internal_count=4433 96 59 4337 3850 148 487 143 344 3702
is_linear=0
shrinkage=0.04


Tree=195
num_leaves=15
num_cat=0
split_feature=15 8 2 26 37 36 24 33 40 12 28 35 40 35
split_gain=1.62095 5.40517 5.28696 5.28956 5.46211 4.71157 4.51476 4.2541 6.37032 3.51056 4.40458 3.23777 3.17072 1.94439
threshold=0.0015736527913450002 0.0020818316773133006 0.72345270003537643 0.019824698661162019 0.19187074882873312 0.62995197155312033 0.10833333333315277 -0.52631578947368418 0.46301355977405007 -0.00012799900018604999 0.87611862386493833 1.8935845901548876 0.29588730601419511 1.5265761772955928
decision_type=2 2 2 2 2 2 2 2 2 2 2 2 2 2
left_child=2 6 7 4 -4 -5 12 11 -9 -3 -11 -1 -2 -8
right_child=1 9 3 5 -6 -7 13 8 -10 10 -12 -13 -14 -15
leaf_value=0.00044848337595851802 -0.057419258680357264 0.050884195519106681 0.01672474997704201 -0.048340495657469881 -0.028247772783144033 0.011329847039601732 -0.059008834620869338 -0.066298084672053545 -0.00043431058046987646 0.044615292524033227 -0.0050772406792767913 -0.012393921175011896 -0.004607588639221641 -0.020951731308788447
leaf_weight=556.18553662672639 1.9450583606958414 2.8209241852164295 66.626625470817089 4.3972403928637487 4.6206898689270011 4.0833071954548359 4.5115905702114087 3.9258004054427129 5.8518765941262245 3.4307130910456207 16.975051607936621 33.290426574647427 28.052198056131601 4.1000128611922264
leaf_count=3410 9 18 376 23 26 22 22 18 36 23 96 182 151 21
internal_value=1.19703e-05 -0.00618813 0.00057662 0.0102535 0.0138081 -0.0196098 -0.0153608 -0.00071084 -0.026879 0.00905925 0.0032773 -0.000276786 -0.00803196 -0.0408897
internal_weight=740.817 61.8355 678.982 79.7279 71.2473 8.48055 38.6089 599.254 9.77768 23.2267 20.4058 589.476 29.9973 8.6116
internal_count=4433 340 4093 447 402 45 203 3646 54 137 119 3592 160 43
is_linear=0
shrinkage=0.04


Tree=196
num_leaves=14
num_cat=0
split_feature=14 14 24 2 24 13 40 8 24 40 10 36 1
split_gain=1.62017 7.73604 6.89889 6.46402 5.69503 9.3564 6.51784 4.98071 6.3328 5.21072 4.35601 3.54987 4.08459
threshold=-0.00057601794366524985 -0.00058836567589384988 0.34166666666609719 0.10513090345137031 0.058333333333236058 -0.00034420634038869992 0.69945385323713316 -0.0015320390804764497 0.47499999999920833 0.29273934898437104 -0.00011627135058549999 0.59532973156067925 -2.6354179853206001
decision_type=2 2 2 2 2 2 2 2 2 2 2 2 2
left_child=1 4 3 -3 5 -1 -6 11 9 -9 -4 12 -2
right_child=7 2 10 -5 6 -7 -8 8 -10 -11 -12 -13 -14
leaf_value=0.012408200982063468 -0.054337348926871219 0.036891647754425869 -0.037747780337978008 0.0088546855833630794 -0.005011598872327507 -0.051440581076191511 0.04762518344072407 -0.012697825849090037 0.051834162558709367 0.00067623187214450268 0.011880790588016178 0.0026199122695158305 -0.0040013864826308667
leaf_weight=67.549011731520295 7.1340784654021272 22.136234398931265 5.9280415698885918 32.436248686164618 213.32922305166721 3.8832852914929381 3.8315644450485697 54.843710586428642 3.6202510967850676 310.52205318957567 5.4141571894288045 5.7147132493555537 4.0400547236204156
leaf_count=395 39 173 36 183 1334 24 22 331 29 1775 33 35 24
internal_value=1.15775e-05 0.00196377 0.0143277 0.0202273 -0.000860167 0.00893718 -0.00408288 -0.00178192 -0.000809674 -0.0013313 -0.0140578 -0.0230235 -0.0361382
internal_weight=740.383 354.508 65.9147 54.5725 288.593 71.4323 217.161 385.875 368.986 365.366 11.3422 16.8888 11.1741
internal_count=4433 2200 425 356 1775 419 1356 2233 2135 2106 69 98 63
is_linear=0
shrinkage=0.04


Tree=197
num_leaves=15
num_cat=0
split_feature=32 32 32 10 1 10 34 10 19 34 5 10 33 34
split_gain=1.67776 7.03756 11.2394 10.1984 6.96914 5.94803 4.42088 6.64286 10.3009 6.08535 4.54758 4.20809 3.58997 3.25639
threshold=0.0001443704051695351 0.00013527989666004055 0.00013029005314742207 -0.00011730635995384999 -2.7295332130775019 -0.00013525870019649998 0.42772483955917506 -0.00012463620372144996 -1.9693985569392847 0.37851372577434356 1.0000000180025095e-35 -0.00012606929015984998 -0.63157894736842091 0.61456812975338859
decision_type=2 2 2 2 2 2 2 2 2 2 2 2 2 2
left_child=1 2 4 -4 -1 -3 9 11 -9 12 -11 -8 -2 -7
right_child=6 5 3 -5 -6 13 7 8 -10 10 -12 -13 -14 -15
leaf_value=-0.0048636632455976905 0.00042718827387039604 -0.022062894271286795 -0.074616734109659535 0.0028764403534483969 0.016739045226640558 0.012982582504011457 0.00096845148018957327 -0.050641207249219042 -0.0079064660451887772 0.029034681788274491 -0.00011876651488961071 0.053535792512446757 -0.010186976587797393 0.039876808433852495
leaf_weight=63.948683120310307 431.45858283340931 4.6423870623111716 5.9818985685706139 4.9787499159574491 38.146722473204136 14.09870942682028 19.782330695539716 12.171596515923737 34.9060272667557 19.848845707252622 15.053645700216292 2.7787936087697735 57.816631697118282 14.728734228760002
leaf_count=364 2487 27 37 35 254 106 136 79 239 124 96 20 310 119
internal_value=1.19461e-05 0.00384529 -0.000924442 -0.0394163 0.00320793 0.0199567 -0.000933942 -0.0104029 -0.0189552 0.00032404 0.0164606 0.00744303 -0.000827065 0.0267236
internal_weight=740.342 146.526 113.056 10.9606 102.095 33.4698 593.816 69.6387 47.0776 524.178 34.9025 22.5611 489.275 28.8274
internal_count=4433 942 690 72 618 252 3491 474 318 3017 220 156 2797 225
is_linear=0
shrinkage=0.04


Tree=198
num_leaves=9
num_cat=0
split_feature=34 32 32 2 13 34 2 34
split_gain=1.63151 2.24512 5.95314 7.2627 6.58979 4.05937 8.91261 5.63651
threshold=0.97358339766349478 0.0001443704051695351 0.00013673353015026198 0.051420138502415808 -0.00036232947226774997 0.42772483955917506 0.03275828167086426 0.37851372577434356
decision_type=2 2 2 2 2 2 2 2
left_child=1 2 3 -1 -4 7 -7 -3
right_child=-2 5 4 -5 -6 6 -8 -9
leaf_value=-0.049442317034303712 -0.021217620472987486 -0.00079392298058858935 -0.0023300304522119904 0.0027004365386093534 0.03738709007674499 -0.049601340017817713 -0.00480456775411212 0.015881550487516456
leaf_weight=4.4498995915055266 5.7464112415909758 489.29767839238048 11.222969338297846 108.09774338454008 16.526709496974945 8.0292393825948221 61.80722395889461 34.734281847253442
leaf_count=27 34 2797 75 665 141 53 421 220
internal_value=1.30554e-05 0.000179231 0.00473019 0.000638821 0.0213241 -0.000895903 -0.00995494 0.000311373
internal_weight=739.912 734.166 140.297 112.548 27.7497 593.868 69.8365 524.032
internal_count=4433 4399 908 692 216 3491 474 3017
is_linear=0
shrinkage=0.04


Tree=199
num_leaves=6
num_cat=0
split_feature=30 15 14 8 10
split_gain=1.59735 1.84275 2.34672 2.45568 2.39723
threshold=0.25747067550207908 -0.0012811558789887498 -0.00065057110443334984 -0.00028064442526049997 -0.00012429678799964996
decision_type=2 2 2 2 2
left_child=1 -1 3 -3 -4
right_child=-2 2 4 -5 -6
leaf_value=0.031511176250116305 0.024004855121678485 -0.03274424661517613 0.0035746830993969398 0.007441108091716853 -0.0014763090640244135
leaf_weight=2.9330618083477011 4.4136777818202964 7.0192870423197746 213.54902692139149 3.7238744124770147 507.92618057318032
leaf_count=18 34 42 1304 24 3011
internal_value=1.31922e-05 -0.000130848 -0.000257597 -0.0188149 1.87312e-05
internal_weight=739.565 735.151 732.218 10.7432 721.475
internal_count=4433 4399 4381 66 4315
is_linear=0
shrinkage=0.04


Tree=200
num_leaves=12
num_cat=0
split_feature=3 13 36 3 15 37 29 31 3 26 14
split_gain=1.59067 4.08036 6.4276 2.73232 6.00849 4.97349 2.76657 4.60656 2.46333 2.06457 0.816804
threshold=0.0012746495933237002 -0.00034300238713109993 0.56946142114836851 0.0016329135023170002 0.00067437632173180013 0.10104029534888632 0.13662853988467979 0.62207042529518974 0.0020160810088942507 0.019787863096701584 -0.00058574618201879993
decision_type=2 2 2 2 2 2 2 2 2 2 2
left_child=1 9 -3 4 5 -2 8 -8 -5 10 -1
right_child=3 2 -4 6 -6 -7 7 -9 -10 -11 -12
leaf_value=0.028674958222091016 -0.0019219982827280799 0.024294339717092432 -0.046152697719868158 0.0053082466741052733 -0.053574300475149904 -0.038047912176258018 -0.018494412279491616 0.043848803325372242 -0.00091968115144918999 0.0055733025421981957 0.057403247943522688
leaf_weight=3.2759161256253719 89.752238258719444 4.3519654124975187 3.955939032137394 128.66641835868359 4.1426898539066306 6.5418108701705924 2.8308708891272527 5.7444657348096371 483.30392067506909 3.8991499096155167 3.0650936961174029
leaf_count=22 517 22 21 815 22 37 17 56 2861 23 20
internal_value=1.27888e-05 0.0115788 -0.00925012 -0.000284761 -0.0064055 -0.00437624 0.000705895 0.0232682 0.000389737 0.0284775 0.0425615
internal_weight=739.53 18.5481 8.3079 720.982 100.437 96.294 620.546 8.57534 611.97 10.2402 6.34101
internal_count=4433 108 43 4325 576 554 3749 73 3676 65 42
is_linear=0
shrinkage=0.04


Tree=201
num_leaves=15
num_cat=0
split_feature=25 36 38 38 36 36 28 36 32 31 0 33 1 1
split_gain=1.58103 4.5838 7.04543 11.8398 5.45442 8.05256 4.33105 3.89321 2.63198 6.42725 7.83169 5.6319 7.57858 6.11778
threshold=0.25000000000000006 0.56165396440218907 0.75604599277634343 0.79374212268879296 0.50550647904142565 0.49166008859302085 0.89768842841528829 0.51719978381253251 0.0001443704051695351 4.8784244753954349 56.482332456857286 -0.84210526315789458 -2.236757039891017 -1.7211809770692523
decision_type=2 2 2 2 2 2 2 2 2 2 2 2 2 2
left_child=1 4 6 -4 5 -1 -3 -6 9 10 -2 12 -10 -13
right_child=8 2 3 -5 7 -7 -8 -9 11 -11 -12 13 -14 -15
leaf_value=0.01140461440325467 0.013255838055514292 0.045687407158455387 -0.080588615106766751 -0.0050456587829857524 0.067126219411839619 -0.049588999192146099 0.0037182456920834468 0.021509140456963838 -0.030315308938860884 -0.0084521302788672596 -0.054631928815880637 0.01929245416878354 -0.0047486719521282724 -0.00099103929340422494
leaf_weight=26.092390034347776 79.461494702845812 6.2109675705432918 3.6165602654218665 40.416280120611191 3.8005302138626602 3.9932927042245856 10.732169970870016 14.096250630915163 22.762496590614319 41.004206150770187 2.815223701298236 25.483484633266926 100.25725567340851 358.41181612759829
leaf_count=167 539 35 19 247 24 24 63 90 146 240 19 175 610 2035
internal_value=1.27223e-05 0.0044618 -0.00281607 -0.0112502 0.0137105 0.00330889 0.0191032 0.0311963 -0.000756507 0.00448532 0.010933 -0.00203131 -0.0094793 0.000355406
internal_weight=739.154 108.958 60.976 44.0328 47.9825 30.0857 16.9431 17.8968 630.196 123.281 82.2767 506.915 123.02 383.895
internal_count=4433 669 364 266 305 191 98 114 3764 798 558 2966 756 2210
is_linear=0
shrinkage=0.04


Tree=202
num_leaves=10
num_cat=0
split_feature=35 34 13 32 15 32 35 32 15
split_gain=1.54848 5.01474 3.66835 3.22932 12.384 5.33204 5.3086 4.14005 3.95854
threshold=0.36091158000223739 0.42535503362984706 -0.00036956973534839994 0.00031385137968383122 0.00063120796979785016 0.00032753160552260297 0.6967130900532309 0.00030791442998191282 0.0015736527913450002
decision_type=2 2 2 2 2 2 2 2 2
left_child=1 2 -1 7 6 -6 -5 8 -2
right_child=3 -3 -4 4 5 -7 -8 -9 -10
leaf_value=0.00065111539443165353 0.00095502996193719551 -0.016403175477540041 0.048512660247569103 -0.010435855423518362 -0.019319445032994171 0.016842774733187821 -0.05139057184516016 0.033588493296775164 -0.012118507523316816
leaf_weight=4.3574816919863233 624.59366112947464 6.2480839528143397 6.2190916389226922 8.8483088165521639 9.3002191148698348 21.853328201919794 11.840351045131682 5.9881793968379489 39.394149754196405
leaf_count=26 3804 37 33 51 51 142 59 32 198
internal_value=1.336e-05 0.0120094 0.028794 -0.000266252 -0.00988435 0.00604732 -0.0338747 0.000477989 0.000179382
internal_weight=738.643 16.8247 10.5766 721.818 51.8422 31.1535 20.6887 669.976 663.988
internal_count=4433 96 59 4337 303 193 110 4034 4002
is_linear=0
shrinkage=0.04


Tree=203
num_leaves=6
num_cat=0
split_feature=15 34 32 32 7
split_gain=1.68759 2.35949 1.91705 5.27877 3.44053
threshold=-0.0012811558789887498 0.97358339766349478 0.0001443704051695351 0.00013673353015026198 -0.00087082940541304986
decision_type=2 2 2 2 2
left_child=-1 2 3 -2 -4
right_child=1 -3 4 -5 -6
leaf_value=0.030456777696416141 0.00048263414681506213 -0.02676251199889525 -0.017367163996575796 0.020210634175385281 -0.00034097088918791439
leaf_weight=2.9018463045358649 111.49043289572001 5.2753104567527762 19.641463167965412 26.946368683129549 571.9623473007232
leaf_count=18 687 31 124 214 3359
internal_value=1.28331e-05 -0.000107311 8.53011e-05 0.00432264 -0.000906247
internal_weight=738.218 735.316 730.041 138.437 591.604
internal_count=4433 4415 4384 901 3483
is_linear=0
shrinkage=0.04


Tree=204
num_leaves=11
num_cat=0
split_feature=21 21 36 29 29 38 34 28 35 27
split_gain=1.54573 4.22003 3.46393 2.96847 2.86574 2.50926 5.16939 1.98029 5.22778 2.93478
threshold=-0.0013325061748224998 -0.0013248541094243998 0.55186283883462017 0.033863865500945042 0.011193836562868488 0.999999999843037 0.65219755214096031 0.98982706944297816 0.68973890254174108 0.94229496434015536
decision_type=2 2 2 2 2 2 2 2 2 2
left_child=2 -2 5 4 -4 6 -1 9 -9 -3
right_child=1 7 3 -5 -6 -7 -8 8 -10 -11
leaf_value=0.036488992031045511 -0.032466707000979714 -0.0043279561584446419 -0.012696998367413382 -0.027459965107386446 0.031062863322176525 0.048274667791656914 -0.020854031195562912 -0.027373620996997038 0.020701918205429846 0.0013296987691847327
leaf_weight=5.9007691964507121 6.4913423135876647 214.54737090319395 4.8025423213839513 5.6390713080763808 4.7753181532025337 4.3534020557999602 4.3842401765286922 4.4850742891430881 18.741434209048748 463.86892124265432
leaf_count=50 36 1246 29 37 37 34 29 26 111 2798
internal_value=1.25534e-05 -0.000363331 0.0089281 -0.00443529 0.00912074 0.0228196 0.0120451 -6.63226e-05 0.0114185 -0.00045952
internal_weight=737.989 708.134 29.8553 15.2169 9.57786 14.6384 10.285 701.643 23.2265 678.416
internal_count=4433 4217 216 103 66 113 79 4181 137 4044
is_linear=0
shrinkage=0.04


Tree=205
num_leaves=14
num_cat=0
split_feature=5 8 34 27 8 34 6 23 27 30 35 35 35
split_gain=1.56247 6.19572 9.35851 7.83917 6.07635 6.20237 5.43163 5.11841 7.02809 5.06594 5.06277 5.17596 4.79833
threshold=1.0000000180025095e-35 0.00026921346142475005 0.031683825861035166 0.72455800154109984 0.00031257207415395007 0.1327584054906131 -0.00037837671570739996 9.178131679681357 0.37958762009901703 0.041370253784309516 0.48323546937127432 0.50839273357155823 0.64144132319792913
decision_type=2 2 2 2 2 2 2 2 2 2 2 2 2
left_child=1 2 9 -4 5 -3 -6 8 -2 -1 -9 -12 -10
right_child=7 4 3 -5 6 -7 -8 10 12 -11 11 -13 -14
leaf_value=-0.052266869895522192 -0.06527154241541043 -0.064264187729283218 0.04261020498046806 0.0088598086381931184 0.045037152759150628 0.0004777386860617093 -0.0016134323360471987 -0.03833965707304305 -0.045515106395276186 -0.0037335714074657384 0.038262657768888382 -0.00068540698616607204 0.0035313650014145766
leaf_weight=5.4041301459074012 4.5009532719850567 4.9734776355326158 12.235046144574879 110.07520927116275 4.0659581720829001 4.518670566380024 223.58893003500998 5.61531689018011 4.2851164788007763 9.4733529537916166 5.5508727729320517 331.0437278188765 12.505267105996607
leaf_count=30 20 27 88 695 27 25 1244 32 23 55 38 2046 83
internal_value=1.24874e-05 0.00182637 0.00859229 0.012236 -0.00208767 -0.0334442 -0.000780244 -0.00185545 -0.0208846 -0.0213629 -0.000671511 -4.31039e-05 -0.00898591
internal_weight=737.836 374.335 137.188 122.31 237.147 9.49215 227.655 363.501 21.2913 14.8775 342.21 336.595 16.7904
internal_count=4433 2191 868 783 1323 52 1271 2242 126 85 2116 2084 106
is_linear=0
shrinkage=0.04


Tree=206
num_leaves=12
num_cat=0
split_feature=28 38 0 7 28 14 6 29 28 20 35
split_gain=1.59506 5.65711 6.90822 4.06337 2.32331 5.32831 5.79558 4.41145 3.78453 2.17259 1.46485
threshold=0.75009014531234242 0.85011283462792731 59.170256557666839 -0.00012200385976544999 0.7961193375000305 -0.0006013781058391499 -0.00014684522250479998 0.1049130186280023 0.79896139031985514 0.0026580017905381004 0.54826973029806836
decision_type=2 2 2 2 2 2 2 2 2 2 2
left_child=1 10 3 -3 5 7 -7 -2 -6 -10 -1
right_child=4 2 -4 -5 8 6 -8 -9 9 -11 -12
leaf_value=0.058453990822556784 -0.061300696596994941 -0.0024888864435863331 -0.043672841948244098 0.039640105827629689 0.04953461056438474 0.026125551543907673 -0.018252263622891007 -0.0013886070511440482 0.00020368573217715899 -0.017463450669156812 0.024063808895226645
leaf_weight=3.1064189709723014 5.1595351491123456 12.29131062328816 4.8980557918548575 5.2181929126381865 2.4676251523196688 7.9161402061581656 11.620277030393478 3.1773555912077427 664.68293045088649 11.326683571562169 5.4735483825206757
leaf_count=21 32 88 25 35 18 60 66 22 3946 84 36
internal_value=1.28588e-05 0.00889529 -0.00168041 0.0100664 -0.000376813 -0.011695 -0.000270409 -0.038467 8.81626e-05 -9.23309e-05 0.0365149
internal_weight=737.338 30.9875 22.4076 17.5095 706.351 27.8733 19.5364 8.33689 678.477 676.01 8.57997
internal_count=4433 205 148 123 4228 180 126 54 4048 4030 57
is_linear=0
shrinkage=0.04


Tree=207
num_leaves=9
num_cat=0
split_feature=9 3 3 35 0 34 15 20
split_gain=1.57448 2.53402 6.23238 4.18279 3.56441 2.90231 2.083 1.28458
threshold=0.00040509012119122311 0.0044242206003172009 0.0043411268909166511 0.92585369010520358 73.5853837218351 0.34550470231509139 0.00045631258519380005 0.0026525739231943002
decision_type=2 2 2 2 2 2 2 2
left_child=1 2 4 5 -1 -3 -2 -8
right_child=6 3 -4 -5 -6 -7 7 -9
leaf_value=-0.00036439318156789106 -0.014994052218449357 -0.021982780973745172 0.055513013860124562 -0.043268629366493276 0.019607887344034694 0.0080026707633431803 0.057427956842279054 0.012134524100323035
leaf_weight=686.51642320305109 1.8073238246142853 8.7062698900699669 3.2568936645984641 5.5125178024172774 14.601321354508398 12.696200154721735 2.1867609266191721 1.848970267921686
leaf_count=4135 14 46 16 32 72 64 24 30
internal_value=1.29611e-05 -0.000152285 0.000307988 -0.0121978 5.15451e-05 -0.00419505 0.0206944 0.0366768
internal_weight=737.133 731.29 704.375 26.915 701.118 21.4025 5.84306 4.03573
internal_count=4433 4365 4223 142 4207 110 68 54
is_linear=0
shrinkage=0.04


Tree=208
num_leaves=11
num_cat=0
split_feature=3 9 9 8 3 36 14 29 31 28
split_gain=1.54198 6.16703 6.26027 5.5114 4.46503 6.98887 5.59867 2.89682 4.47498 2.54958
threshold=0.0014076210294540501 0.00023944140905538089 0.00023083983568375805 -0.0011245110533303498 0.0016107594559863503 0.75936075848627582 -0.00058075228410694991 0.13662853988467979 0.62207042529518974 0.94911364512717922
decision_type=2 2 2 2 2 2 2 2 2 2
left_child=1 2 3 -1 5 6 -2 9 -9 -6
right_child=4 -3 -4 -5 7 -7 -8 8 -10 -11
leaf_value=-0.030901422976488204 0.0053550028344890926 0.049557434071746037 -0.041327488677797536 0.014756596656858054 -0.0015353629992873969 -0.056967100255046053 -0.01882117756692412 -0.017701841430305339 0.043675972135219669 0.0039130760471827669
leaf_weight=4.9659861698746672 30.723045341670513 4.9087799787521353 4.6951324865221968 28.54488942027092 413.23974064365029 4.770846650004386 30.581403471529484 2.8241411298513395 5.8118478842079639 205.88237670063972
leaf_count=29 176 30 23 170 2495 27 175 17 58 1233
internal_value=1.24385e-05 0.00735242 0.00192984 0.00799052 -0.000443668 -0.0103342 -0.00670516 0.000597373 0.0236042 0.000276457
internal_weight=736.948 43.1148 38.206 33.5109 693.833 66.0753 61.3044 627.758 8.63599 619.122
internal_count=4433 252 222 199 4181 378 351 3803 75 3728
is_linear=0
shrinkage=0.04


Tree=209
num_leaves=8
num_cat=0
split_feature=15 14 8 14 28 9 37
split_gain=1.50783 2.24867 2.28951 2.50015 2.15612 4.71807 4.31903
threshold=-0.0012811558789887498 -0.00065057110443334984 -0.00028064442526049997 -0.00065692705592669987 0.98753534677183519 0.00012157748753661533 0.39891193600014835
decision_type=2 2 2 2 2 2 2
left_child=-1 2 3 -2 6 -6 -3
right_child=1 4 -4 -5 5 -7 -8
leaf_value=0.028894281382011396 -0.0065061251197922366 -6.0715646659058329e-05 0.007247734791746758 -0.054232833504094476 -0.020596041286007449 0.01657813965927727 -0.037347128636640491
leaf_weight=2.8808365017175666 3.3342575430870056 681.77836696244776 3.6906667798757535 3.7104667350649834 6.7056945711374274 29.467925675213337 5.0070646181702605
leaf_count=18 19 4108 24 23 39 173 29
internal_value=1.23341e-05 -0.00010107 -0.0182735 -0.0316439 0.000168777 0.00968697 -0.000332555
internal_weight=736.575 733.694 10.7354 7.04472 722.959 36.1736 686.785
internal_count=4433 4415 66 42 4349 212 4137
is_linear=0
shrinkage=0.04


Tree=210
num_leaves=10
num_cat=0
split_feature=9 3 35 0 3 3 34 15 20
split_gain=1.47593 2.35932 3.95549 3.2161 5.84554 3.57016 3.20285 1.96469 1.24255
threshold=0.00040509012119122311 0.0044242206003172009 0.78683268738042711 73.5853837218351 0.0043411268909166511 0.0036163213348462506 0.34550470231509139 0.00045631258519380005 0.0026525739231943002
decision_type=2 2 2 2 2 2 2 2 2
left_child=1 3 6 4 -1 -5 -3 -2 -9
right_child=7 2 -4 5 -6 -7 -8 8 -10
leaf_value=-0.00035005660889864614 -0.014362560313067794 -0.021313607086173265 -0.038432688918746884 0.039925845531024448 0.053494920682649674 0.00025804937497176538 0.010939652817156571 0.056760186938257594 0.011842202494838723
leaf_weight=686.12972844392061 1.8105759546160687 8.6421441957354599 6.6925367936491957 6.8458661288022977 3.2411653101444236 7.7284301817417145 11.456627771258352 2.1250143498182301 1.8372957631945608
leaf_count=4135 14 46 39 35 16 37 57 24 30
internal_value=1.19705e-05 -0.000147184 -0.0117977 0.00029622 -9.68976e-05 0.0188909 -0.00292872 0.0201579 0.035932
internal_weight=736.509 730.736 26.7913 703.945 689.371 14.5743 20.0988 5.77289 3.96231
internal_count=4433 4365 142 4223 4151 72 103 68 54
is_linear=0
shrinkage=0.04


Tree=211
num_leaves=10
num_cat=0
split_feature=31 15 31 15 24 18 40 6 40
split_gain=1.48725 7.86059 6.74165 5.41434 4.9333 2.95148 2.11269 5.1581 3.38455
threshold=0.60553312003576987 -0.0012090128759926499 0.61406346504657772 0.0021678817598090004 0.024999999999958254 1.0000000180025095e-35 0.68254376254088511 -0.00024496962824149994 0.55963388058095453
decision_type=2 2 2 2 2 2 2 2 2
left_child=1 -1 5 4 -3 -2 8 -8 -4
right_child=2 3 6 -5 -6 -7 7 -9 -10
leaf_value=-0.046365602860958734 -0.056546472303168324 -0.013170465156901625 0.00061455032870894413 -0.027907927781677708 0.034749747776548996 -0.012442454155748871 0.045993356041810374 0.00062003124267331292 -0.0093149860801834371
leaf_weight=3.5807990655303028 4.6269669830799085 4.3298798725009027 617.57573968917131 3.6502707265317431 16.674655385315418 5.1077664345502853 5.4777710773050812 14.948011504486201 60.285691406577826
leaf_count=22 26 23 3688 26 99 25 26 115 383
internal_value=1.15512e-05 0.00901401 -0.000347463 0.0170572 0.0248715 -0.0334053 0.000113392 0.0127882 -0.000268534
internal_weight=736.258 28.2356 708.022 24.6548 21.0045 9.73473 698.287 20.4258 677.861
internal_count=4433 170 4263 148 122 51 4212 141 4071
is_linear=0
shrinkage=0.04


Tree=212
num_leaves=15
num_cat=0
split_feature=9 36 30 3 30 26 9 13 32 32 13 22 19 18
split_gain=1.48995 6.39489 6.52966 5.31509 5.88208 4.54589 4.1029 9.48271 4.22854 5.14074 4.30833 3.90205 2.99797 2.9755
threshold=0.00031603824507413708 0.53295137992590402 0.029358762691834479 0.0036163213348462506 0.064187329680908137 0.01980415889502463 0.00030215838699679503 0.00014343117841715002 0.00035599452103982006 0.00034548118603482597 -0.00023228966254534999 2.6898732949087694 0.70486854730320625 1.0000000180025095e-35
decision_type=2 2 2 2 2 2 2 2 2 2 2 2 2 2
left_child=6 3 12 4 -2 -5 8 13 9 -1 -10 -4 -3 -8
right_child=1 2 11 5 -6 -7 7 -9 10 -11 -12 -13 -14 -15
leaf_value=3.1921784890602248e-05 0.043517456332417985 0.027829477807281906 0.053244893202427861 -0.042578914368657246 -0.0195377210709279 -0.003471393587047985 -0.024790542775482632 0.025156459830774511 -0.048018947820035782 0.046288920177513584 0.0019562678492297042 0.017414953970281255 -0.015637156910471343 -0.067394562091594654
leaf_weight=625.0248709730804 5.1299264654517192 3.1460864841938045 5.8439552783966056 9.1130402833223361 4.3950236737728119 9.9463642574846727 6.7969444617629069 4.9966916143894187 5.8914661183953285 3.8678523525595656 5.1928326711058599 28.977384470403194 13.153556212782858 4.2710456103086472
leaf_count=3812 29 16 32 51 24 61 39 27 30 22 25 168 78 19
internal_value=1.09995e-05 0.00517521 0.0136474 -0.00997673 0.0144224 -0.0221702 -0.000616423 -0.0205822 -0.000115243 0.000316414 -0.0246063 0.0234282 -0.00724742 -0.0412311
internal_weight=735.747 79.7053 51.121 28.5844 9.52495 19.0594 656.042 16.0647 639.977 628.893 11.0843 34.8213 16.2996 11.068
internal_count=4433 459 294 165 53 112 3974 85 3889 3834 55 200 94 58
is_linear=0
shrinkage=0.04


Tree=213
num_leaves=12
num_cat=0
split_feature=36 15 12 32 36 40 29 30 12 36 12
split_gain=1.46543 4.15941 4.98966 4.53724 2.48751 5.09963 4.15495 3.43204 2.96202 7.03682 6.53618
threshold=0.34561573771701753 0.00018737483062010004 -0.00012882628162984996 0.00021202395637076076 0.44920937286250706 0.52011732651231857 0.03600825160873506 0.01549472659471153 -0.00012959696424319996 0.76305791712475701 -0.00012938688797999997
decision_type=2 2 2 2 2 2 2 2 2 2 2
left_child=1 2 -1 -4 5 6 -2 -7 9 -6 -10
right_child=4 -3 3 -5 8 7 -8 -9 10 -11 -12
leaf_value=-0.063125401584120028 0.003594049141263289 0.021867058141646217 0.013108049259138659 -0.040928844447825602 0.0090969801389238613 0.0171957698054418 0.023602501795384062 -0.03457939209870365 -0.065865669348481995 -0.025319409050407971 -0.0014675503128662784
leaf_weight=3.5227927267551431 48.816967748105526 4.6075279712676993 6.344575859606266 4.0881368741393089 93.619962887838483 2.8580056726932508 25.166474506258965 7.231987152248621 2.5338723771274081 10.579431831836699 526.03530506789684
leaf_count=18 287 25 42 23 574 19 173 61 15 60 3136
internal_value=1.03935e-05 -0.0110856 -0.0219652 -0.00806671 0.000297731 0.00676207 0.0104002 -0.019914 -0.00056116 0.00560266 -0.00177626
internal_weight=735.405 18.563 13.9555 10.4327 716.842 84.0734 73.9834 10.09 632.769 104.199 528.569
internal_count=4433 108 83 65 4325 540 460 80 3785 634 3151
is_linear=0
shrinkage=0.04


Tree=214
num_leaves=11
num_cat=0
split_feature=10 10 25 14 36 36 28 10 30 10
split_gain=1.49044 4.03952 2.87963 2.56571 3.3195 2.16511 2.53111 1.96467 6.18805 6.13056
threshold=-0.00013911937959064995 -0.00013813053937019999 0.75000000000000011 -0.00062463113614944984 0.51402066673429636 0.48630171687823825 0.92329409309175003 -0.00012959696424319996 0.066630102252490317 -0.00012938688797999997
decision_type=2 2 2 2 2 2 2 2 2 2
left_child=2 -2 3 -1 -5 -4 -7 8 -3 -9
right_child=1 7 5 4 -6 6 -8 9 -10 -11
leaf_value=0.023517158492146809 0.03633775759672158 0.01198481055335426 -0.055192967369229955 0.023681451373949322 -0.023874723330751659 0.014583146025406418 -0.035740937846463997 -0.057264529137055764 -0.011762439281944353 -0.00042157007704989919
leaf_weight=5.338074658066037 4.9574476033449164 65.666214969009161 2.9792657122015935 3.3077196255326298 8.0976844578981382 2.8121801316738129 3.7071396671235561 3.0509101301431647 23.96404154971242 611.0981051325798
leaf_count=35 36 392 16 22 48 17 24 18 148 3677
internal_value=1.02748e-05 0.000356881 -0.00935074 0.000629378 -0.0100828 -0.026943 -0.0140331 0.00010343 0.00563561 -0.000703949
internal_weight=734.979 708.737 26.2421 16.7435 11.4054 9.49859 6.51932 703.779 89.6303 614.149
internal_count=4433 4271 162 105 70 57 41 4235 540 3695
is_linear=0
shrinkage=0.04


Tree=215
num_leaves=15
num_cat=0
split_feature=39 15 32 39 10 18 28 35 40 35 13 40 36 32
split_gain=1.46764 7.1874 9.8974 4.91885 4.27443 3.72246 6.02224 3.25663 3.03241 5.29376 2.59328 9.50306 3.99424 1.41551
threshold=0.36963196912192869 0.00070166355656230009 0.00020281533828194929 0.35559913725504882 -0.00010543798021514997 1.0000000180025095e-35 0.8838184181425256 2.0456488805389221 0.48610537890024236 0.95162754653169501 0.0014079643759057502 0.22511889264469884 0.74117566162453341 0.00019463748743889703
decision_type=2 2 2 2 2 2 2 2 2 2 2 2 2 2
left_child=3 2 4 10 -2 6 -3 -7 13 -10 12 -12 -1 -5
right_child=1 5 -4 8 -6 7 -8 -9 9 -11 11 -13 -14 -15
leaf_value=0.00041696526275807923 0.0060980083158142405 0.033733734070836671 0.069266857082484493 0.050641984089828881 -0.040062056687277837 -0.054250975383330083 -0.025631295152910193 -0.013483518323615674 0.03936418614130284 -0.016939143250632817 -0.081431493053424925 0.016718887621913987 -0.010017396971949151 0.021367909637953958
leaf_weight=565.3073315769434 18.992704980075366 4.0701375640928754 3.6455980539321891 4.7517297118902224 3.8624450117349616 7.359308049082756 8.3293803408741933 5.4621149078011513 4.3339628726243955 6.9670142773538828 1.6703771650791193 28.644091920927167 65.498756214976311 5.9547220841050148
leaf_count=3457 109 25 18 34 20 38 45 30 21 45 8 168 385 30
internal_value=1.01197e-05 -0.00648646 0.00806012 0.000501996 -0.00170289 -0.0217712 -0.00614474 -0.0368834 0.0191056 0.00465337 -0.000117282 0.0113106 -0.00066647 0.0343603
internal_weight=734.85 51.7217 26.5007 683.128 22.8551 25.2209 12.3995 12.8214 22.0074 11.301 661.121 30.3145 630.806 10.7065
internal_count=4433 285 147 4148 129 138 70 68 130 66 4018 176 3842 64
is_linear=0
shrinkage=0.04


Tree=216
num_leaves=11
num_cat=0
split_feature=5 3 3 23 7 20 36 35 35 32
split_gain=1.5004 4.81189 5.49728 4.7763 7.35624 14.0424 7.77596 4.53003 4.84825 4.32582
threshold=1.0000000180025095e-35 0.0011428108057374502 0.0012746495933237002 9.178131679681357 -0.00050766946219964984 0.0025862188835831007 0.59377531350911383 0.48323546937127432 0.50839273357155823 0.00021701773531722607
decision_type=2 2 2 2 2 2 2 2 2 2
left_child=1 -1 -3 4 5 -2 -6 -5 -9 -4
right_child=3 2 9 7 6 -7 -8 8 -10 -11
leaf_value=-0.048937354864709931 0.00057027959024807875 0.04505398693403169 0.0090041522362650193 -0.036396192880788887 -0.024189859433737766 -0.11007376352561607 0.039281687397435795 0.037519840001565781 -0.00069455483716590041 -0.00093683268264032086
leaf_weight=2.9673731774091712 3.820929296314719 4.7289108261466017 94.639392010867596 5.5872117280960074 9.3020748719573003 3.5316043794155121 4.6231515407562247 5.3986653015017501 330.5598823055625 269.42050431855023
leaf_count=15 28 31 626 32 53 17 28 38 2046 1519
internal_value=9.84186e-06 0.00179576 0.00220398 -0.00182005 -0.0202074 -0.0525748 -0.00311741 -0.000674545 -8.0471e-05 0.00164738
internal_weight=734.58 371.756 368.789 362.824 21.2778 7.35253 13.9252 341.546 335.959 364.06
internal_count=4433 2191 2176 2242 126 45 81 2116 2084 2145
is_linear=0
shrinkage=0.04


Tree=217
num_leaves=12
num_cat=0
split_feature=28 38 0 10 20 34 31 31 32 18 35
split_gain=1.52115 5.36226 6.38317 5.59946 2.06334 4.42412 2.88372 9.19713 3.37431 1.89971 1.3827
threshold=0.75009014531234242 0.85011283462792731 59.170256557666839 -0.00011421068145189999 0.0026580017905381004 0.25466390039205561 0.63517989181794543 0.62807339412442731 0.00019031530831529832 1.0000000180025095e-35 0.54826973029806836
decision_type=2 2 2 2 2 2 2 2 2 2 2
left_child=1 10 3 -3 6 -6 7 -2 -8 -7 -1
right_child=4 2 -4 -5 5 9 8 -9 -10 -11 -12
leaf_value=0.057737604977167518 -0.0021442476031846491 -0.0052969887886801428 -0.041982659527145173 0.044003359656636917 -0.04196598973900862 0.028769679055569816 0.0015446208157754563 0.018911185967920002 -0.0047846616669332013 -0.013051775107115192 0.023857816157649817
leaf_weight=3.0050339959561843 100.07647083327174 12.015082463622099 4.8747845292091361 5.317415188997983 5.8433955721557123 3.0653702188283205 286.47222363203764 49.665604624897242 254.50113604404032 4.0128035712987185 5.374416645616293
leaf_count=21 568 86 25 37 39 27 1846 283 1433 32 36
internal_value=1.01288e-05 0.00874266 -0.00154526 0.0098278 -0.00036947 -0.0162061 -7.32054e-05 0.0048393 -0.00143299 0.00505999 0.0360078
internal_weight=734.224 30.5867 22.2073 17.3325 703.637 12.9216 690.715 149.742 540.973 7.07817 8.37945
internal_count=4433 205 148 123 4228 98 4130 851 3279 59 57
is_linear=0
shrinkage=0.04


Tree=218
num_leaves=14
num_cat=0
split_feature=31 7 40 34 9 21 7 25 19 38 28 38 29
split_gain=1.47466 8.03462 5.30918 4.78872 6.09198 8.07521 3.99843 6.65559 4.54676 2.98173 2.69841 1.67802 0.451456
threshold=4.9477247791836581 -0.00087749925200849991 0.32668560068171842 0.62278436477522869 0.0001461364734783426 -0.0012662663096629498 -0.00080713634062209983 0.90000000000000013 -1.4624241526967101 0.91199843118327772 0.97377729910461086 0.99999999984138765 0.014299600456672074
decision_type=2 2 2 2 2 2 2 2 2 2 2 2 2
left_child=3 2 -2 6 5 -5 7 -1 -8 -4 11 -3 -6
right_child=1 10 9 4 12 -7 8 -9 -10 -11 -12 -13 -14
leaf_value=-0.0066164785697179866 -0.054186184646166924 0.049151372913791652 0.013804608761589376 0.021120554271830731 0.064227796636896248 -0.0068855489336616402 0.0080534806965910418 -0.055373465934056815 -0.0014060916751069644 -0.014750326772108005 -0.011816175563597105 0.011959633305260771 0.041084061968714371
leaf_weight=35.895954970270395 4.7359308898448935 5.2228550016880018 7.2479182183742514 32.329124771058559 2.1651348397135726 33.58621783927083 98.316997226327658 5.1182474941015235 469.64723654463887 30.356565169990063 2.5347817428410044 3.0889709144830704 3.5756433960050344
leaf_count=250 28 41 36 204 17 225 703 27 2653 177 18 20 34
internal_value=1.00648e-05 -0.00640447 -0.0142733 0.000511317 0.0102924 0.00685045 -0.000639584 -0.012701 0.0002314 -0.00924663 0.0243119 0.0353296 0.0498127
internal_weight=733.822 53.187 42.3404 680.635 71.6561 65.9153 608.978 41.0142 567.964 37.6045 10.8466 8.31183 5.74078
internal_count=4433 320 241 4113 480 429 3633 277 3356 213 79 61 51
is_linear=0
shrinkage=0.04


Tree=219
num_leaves=9
num_cat=0
split_feature=2 32 12 40 1 2 2 38
split_gain=1.45994 6.15318 1.69673 5.23959 4.81083 4.08616 4.15342 3.7486
threshold=0.020207132406137553 0.00015750868750179388 -0.00012429678799964996 0.56261194135998405 3.3314744181093379 0.022344864604598901 0.024803131174172953 0.72297858356109701
decision_type=2 2 2 2 2 2 2 2
left_child=1 -1 3 4 -2 -4 -7 -5
right_child=2 -3 5 7 -6 6 -8 -9
leaf_value=-0.045860966276476373 0.0041140453058956632 0.017149506695024269 0.062700597793117166 0.0036100822794546106 0.036806062953145882 -0.063986201109492172 -0.0010331315585246114 -0.028493684877102906
leaf_weight=5.1001545228064042 183.87768395245075 4.826092466711998 1.6040793657302845 10.288141470402481 7.4956364408135405 1.6824288517236698 505.04607422277331 13.397588467225431
leaf_count=32 1133 32 10 66 40 10 3018 92
internal_value=1.05997e-05 -0.0152256 0.000219668 0.00319801 0.00539451 -0.00104037 -0.00124215 -0.0145491
internal_weight=733.318 9.92625 723.392 215.059 191.373 508.333 506.729 23.6857
internal_count=4433 64 4369 1331 1173 3038 3028 158
is_linear=0
shrinkage=0.04


Tree=220
num_leaves=15
num_cat=0
split_feature=40 38 26 36 26 6 3 3 28 35 8 6 21 21
split_gain=1.45787 7.82974 9.16285 12.3989 6.49913 7.97886 3.55792 2.79773 2.70566 7.04819 4.74491 2.86147 2.46771 5.45555
threshold=0.27689342796236976 0.99999999982659871 0.019785563798637291 0.60314010068128532 0.01978380095799433 -0.00035498830488004995 0.0025678462176148002 0.0026440339964288505 0.8282594020342996 1.9075022960465298 -0.0012605727483207499 0.00057221307724950011 -0.0013325061748224998 -0.0013248541094243998
decision_type=2 2 2 2 2 2 2 2 2 2 2 2 2 2
left_child=1 2 6 -4 7 -6 -1 -3 9 10 -2 -11 -10 -14
right_child=8 4 3 -5 5 -7 -8 -9 12 11 -12 -13 13 -15
leaf_value=0.040131035357627604 -0.034074085873632476 0.047874357068069022 0.0072846799046697433 -0.051523186383582963 -0.050695681670419698 -0.010154970421721093 0.0027565290216213364 -0.008571729122358953 0.01311897547314211 -0.055279019215310171 0.014572269131360664 -0.0040332770797098967 -0.03880793138587945 -0.00035011870755050371
leaf_weight=12.549361284822227 3.3835227340459815 3.0218996778130522 22.509574651718143 7.6980753093957892 12.128203231841324 21.602885469794273 6.0352992042899123 2.6256588473916054 21.268799938261509 3.5691117122769347 61.876313174143434 3.4081440307199955 5.9664427787065497 545.29591515287757
leaf_count=113 21 23 144 41 85 135 53 18 146 19 391 21 33 3190
internal_value=1.01618e-05 -0.00481404 0.00589439 -0.00770183 -0.0180824 -0.0247316 0.0279938 0.0216315 0.000669863 0.00796467 0.0120501 -0.0302473 -0.000250534 -0.000766357
internal_weight=732.939 88.171 48.7923 30.2076 39.3786 33.7311 18.5847 5.64756 644.768 72.2371 65.2598 6.97726 572.531 551.262
internal_count=4433 612 351 185 261 220 166 41 3821 452 412 40 3369 3223
is_linear=0
shrinkage=0.04


Tree=221
num_leaves=15
num_cat=0
split_feature=5 8 23 26 8 34 6 23 7 20 36 35 35 15
split_gain=1.44289 5.49527 8.57627 19.2636 5.37601 5.44947 4.89386 4.54703 6.74604 11.3142 7.16038 4.19866 4.57528 4.15886
threshold=1.0000000180025095e-35 0.00026921346142475005 9.0825920083706144 0.019784333285179829 0.00031257207415395007 0.1327584054906131 -0.00037837671570739996 9.178131679681357 -0.00050766946219964984 0.0025856735410253007 0.59377531350911383 0.48323546937127432 0.50839273357155823 -0.0011662859892801998
decision_type=2 2 2 2 2 2 2 2 2 2 2 2 2 2
left_child=1 2 13 -4 5 -3 -6 8 9 -2 -10 -9 -13 -1
right_child=7 4 3 -5 6 -7 -8 11 10 -11 -12 12 -14 -15
leaf_value=0.0084708292315210897 0.0050216550187552923 -0.060126959648332007 -0.068532459251846325 0.0068070457960978771 0.04349155226206361 0.00050308879491175454 -0.0014797535637915765 -0.035102218834562077 -0.023381216423338347 -0.094479435022745764 0.037742526641763412 0.036884987233551804 -0.00068228118030301847 0.038261257708000145
leaf_weight=12.385208372026684 3.2755896151065853 5.0044507756829244 5.7465636208653441 98.623501859605312 3.9405701011419287 4.5089992806315422 221.5025290120393 5.5717322602868071 9.3183920346200448 4.1387518309056759 4.5704895183444014 5.2698984816670409 329.86671774834394 19.001038435846567
leaf_count=86 23 27 32 610 27 25 1244 32 53 22 28 38 2046 140
internal_value=1.11776e-05 0.00176526 0.00817218 0.00265889 -0.00193662 -0.0313907 -0.00069369 -0.00178506 -0.0197131 -0.0505207 -0.0032669 -0.000664093 -9.15499e-05 0.0265058
internal_weight=732.724 370.713 135.756 104.37 234.957 9.51345 225.443 362.012 21.3032 7.41434 13.8889 340.708 335.137 31.3862
internal_count=4433 2191 868 642 1323 52 1271 2242 126 45 81 2116 2084 226
is_linear=0
shrinkage=0.04


Tree=222
num_leaves=10
num_cat=0
split_feature=10 10 25 14 36 18 31 31 35
split_gain=1.45325 3.76033 2.58538 2.2717 3.05331 1.96756 1.90472 8.64229 4.6921
threshold=-0.00013911937959064995 -0.00013813053937019999 0.75000000000000011 -0.00062463113614944984 0.51402066673429636 1.0000000180025095e-35 0.71187971038980036 0.7076651950964209 0.99737900020813242
decision_type=2 2 2 2 2 2 2 2 2
left_child=2 -2 3 -1 -5 -4 7 -3 -8
right_child=1 6 5 4 -6 -7 8 -9 -10
leaf_value=0.021936820727741179 0.035427168212958049 -0.0006904277789838456 -0.046368474338849171 0.022820006654252829 -0.023030691583139952 -0.0096279040382023229 0.0074254176011664501 -0.052880261133657673 -0.0056175654898139296
leaf_weight=5.2693241499364403 4.8573931753635398 490.82334534823895 4.2021193057298643 3.2616381235420731 8.0818146467208845 5.2406956516206264 141.24017889797688 5.1297063864767543 64.183903884142637
leaf_count=35 36 2852 25 22 48 32 959 31 393
internal_value=1.19429e-05 0.00035421 -0.00926518 0.00023434 -0.00984702 -0.0259777 0.000111312 -0.00123023 0.00335019
internal_weight=732.29 706.235 26.0556 16.6128 11.3435 9.44281 701.377 495.953 205.424
internal_count=4433 4271 162 105 70 57 4235 2883 1352
is_linear=0
shrinkage=0.04


Tree=223
num_leaves=12
num_cat=0
split_feature=13 13 21 20 31 21 14 28 13 13 23
split_gain=1.46976 3.72472 3.70055 3.44836 3.02196 4.15185 2.92525 2.08555 1.94642 5.32335 4.87972
threshold=-0.00039802121274599994 -0.00038883835573194994 -5.5029017411636082e-05 0.0025993364132573002 0.65293005037302343 -0.0011564082960332498 -0.00061185713365744996 0.89682881122641966 -0.00036840640447859997 -0.00036704529679079998 5.5619187215561681
decision_type=2 2 2 2 2 2 2 2 2 2 2
left_child=3 2 7 4 -1 -6 -4 -2 10 -10 -3
right_child=1 8 6 -5 5 -7 -8 -9 9 -11 -12
leaf_value=0.030194710222283212 0.0081684870259618007 0.030481549398103765 -0.032595549047958979 -0.043072727117527701 0.013817476660204648 -0.046715612271145589 0.020092466168737784 0.039405659909409946 0.025038558970232282 0.0001645208727418148 -0.0062965775921576695
leaf_weight=3.4929798021912557 5.4049125686287907 6.0495605133473864 3.5834207087755203 4.2123478204011908 3.7978286966681472 3.4687178321182737 3.1841686069965354 9.3109453022479993 14.119934499263762 549.4173130095005 125.86298015341163
leaf_count=21 38 38 24 22 26 21 20 62 90 3299 772
internal_value=1.1642e-05 0.000270674 0.0166746 -0.0123922 -0.000380812 -0.0150783 -0.0078057 0.0279327 -0.000236067 0.000787762 -0.00460992
internal_weight=731.905 716.933 21.4834 14.9719 10.7595 7.26655 6.76759 14.7159 695.45 563.537 131.913
internal_count=4433 4343 144 90 68 47 44 100 4199 3389 810
is_linear=0
shrinkage=0.04


Tree=224
num_leaves=10
num_cat=0
split_feature=14 35 6 14 2 14 30 36 28
split_gain=1.44162 2.3459 3.70235 2.19548 4.86696 4.28499 11.6723 3.40155 2.96687
threshold=-0.00065057110443334984 0.65134480692348229 -0.00043446084623634994 -0.00062673265283864985 0.024803131174172953 -0.00062320259567514994 0.071583235780898091 0.4238789768070596 0.86458567036095613
decision_type=2 2 2 2 2 2 2 2 2
left_child=1 -1 -3 4 -2 6 -5 -6 -7
right_child=3 2 -4 5 7 8 -8 -9 -10
leaf_value=0.015538204646138356 -0.035305922042187854 -8.2223543104863479e-05 -0.053319708882134387 -0.0017314080555823974 0.042609176424951239 0.0054304006643946306 -0.084966487334402471 0.0081112577722626082 -0.0012419712245500946
leaf_weight=3.1282754167914382 3.7609908133745185 4.4572958275675765 3.9354576691985121 11.274475418031214 5.1629307568073264 133.96431604400277 3.5426679830998173 40.029903328046203 522.46254010684788
leaf_count=20 22 28 24 69 32 866 21 252 3099
internal_value=1.14352e-05 -0.0140262 -0.0250459 0.000235996 0.00841397 -0.000360424 -0.0216323 0.0120524 0.000119734
internal_weight=731.719 11.521 8.39275 720.198 48.9538 671.244 14.8171 45.1928 656.427
internal_count=4433 72 52 4361 306 4055 90 284 3965
is_linear=0
shrinkage=0.04


Tree=225
num_leaves=8
num_cat=0
split_feature=9 1 35 32 40 34 36
split_gain=1.45354 2.29553 2.84742 3.4717 2.84359 1.90443 0.485552
threshold=0.00040509012119122311 5.2320064291170647 0.36091158000223739 0.00031385137968383122 0.44186944312145526 0.37082805125505275 0.57685789357808359
decision_type=2 2 2 2 2 2 2
left_child=1 2 4 -4 -1 -2 -7
right_child=5 -3 3 -5 -6 6 -8
leaf_value=0.041177640468001701 -0.010279065757412324 -0.023150083963993717 0.00044412018843949241 -0.011332840604763762 0.0030301120354269758 0.019010587693516878 0.049318691177856658
leaf_weight=5.3015598580241186 2.0796917788684359 6.8749056532979003 663.50568340346217 42.622108072042465 7.6204355657100677 1.362797820940614 2.2291162274777889
leaf_count=30 14 36 4029 231 39 18 36
internal_value=1.14215e-05 -0.000146174 7.37685e-05 -0.000266741 0.0186811 0.0201825 0.0378196
internal_weight=731.596 725.925 719.05 706.128 12.922 5.67161 3.59191
internal_count=4433 4365 4329 4260 69 68 54
is_linear=0
shrinkage=0.04


Tree=226
num_leaves=12
num_cat=0
split_feature=9 8 36 8 36 9 13 2 0 32 34
split_gain=1.48806 8.94079 6.0021 7.07425 4.41672 3.62914 8.59705 4.34163 11.5255 4.7056 2.17931
threshold=0.00031603824507413708 0.00017229976390550003 0.53295137992590402 0.0010254258076311501 0.42689218170305726 0.00030215838699679503 0.00014343117841715002 1.0467575201679373 67.291689345109702 0.00035599452103982006 0.27891245470807308
decision_type=2 2 2 2 2 2 2 2 2 2 2
left_child=5 -2 4 -4 -3 7 10 9 -9 -1 -7
right_child=1 2 3 -5 -6 6 -8 8 -10 -11 -12
leaf_value=0.0008252947083441563 0.048725367881635048 0.012519085010009284 -0.011694890257368525 0.020892116024119448 -0.024972674648311065 -0.023633436009098702 0.024347841532708143 -0.07410189318548431 0.0019801095745995406 -0.026096945213896567 -0.05960352124661282
leaf_weight=610.81873624026775 6.8910658061504355 6.9285244233906296 16.384805532172322 30.500540439039469 18.322718687355518 6.2279495894908887 4.9386387690901747 4.6031536906957617 10.346380136907099 10.567238628864287 4.7507406249642372
leaf_count=3760 34 42 86 190 107 35 27 24 52 53 23
internal_value=1.1155e-05 0.00519494 0.00103656 0.00950409 -0.0146856 -0.000616917 -0.0194821 -0.000145022 -0.0214465 0.000367457 -0.0391985
internal_weight=731.28 79.0277 72.1366 46.8853 25.2512 652.253 15.9173 636.336 14.9495 621.386 10.9787
internal_count=4433 459 425 276 149 3974 85 3889 76 3813 58
is_linear=0
shrinkage=0.04


Tree=227
num_leaves=8
num_cat=0
split_feature=26 8 40 10 24 1 26
split_gain=1.43062 1.88119 4.9295 6.98791 4.95044 3.2708 4.92924
threshold=0.019783468550299502 -0.0018156362594730498 0.39963678263892993 -0.00010949387698579998 0.45833333333256948 -3.3265668560438821 0.019783546768229677
decision_type=2 2 2 2 2 2 2
left_child=-1 2 4 -4 -2 -3 -7
right_child=1 5 3 -5 -6 6 -8
leaf_value=-0.028410473911300645 -0.053121542244435757 -0.034992577985607787 0.025517378101668566 -0.02931184467480899 0.0047892287813043281 -0.044958712023517096 0.00011111526286674455
leaf_weight=2.8228083178400984 3.5653402954339963 4.3370887935161582 24.460621476173401 4.3860246017575291 6.9966319799423218 3.9049307703971854 680.52117952890694
leaf_count=18 20 24 146 27 45 21 4132
internal_value=1.06881e-05 0.000120865 0.00862046 0.0171808 -0.0147594 -0.000365453 -0.000146027
internal_weight=730.995 728.172 39.4086 28.8466 10.562 688.763 684.426
internal_count=4433 4415 238 173 65 4177 4153
is_linear=0
shrinkage=0.04


Tree=228
num_leaves=9
num_cat=0
split_feature=34 34 23 23 37 37 9 40
split_gain=1.42217 1.57284 6.41645 11.0177 8.37197 3.24803 6.15047 5.47539
threshold=0.97358339766349478 0.15483162315042223 6.1706716968194222 5.7053470973912086 0.081149764844708719 0.063097550635049224 0.00038032867145201631 0.5801913628611568
decision_type=2 2 2 2 2 2 2 2
left_child=1 2 3 -1 -4 7 -7 -3
right_child=-2 5 4 -5 -6 6 -8 -9
leaf_value=-0.0095815924215957166 -0.019819984511537433 0.0041992463946650032 -0.0027172345297128398 -0.077643849017831917 0.024028439325769386 -0.010024642618663178 0.03201702751086255 -0.012333984747294253
leaf_weight=24.730577554553751 5.7409896403551093 382.15253192931414 186.91185553371906 4.4973918870091429 20.810748800635338 65.124465357512236 6.0880903191864482 34.983228961005807
leaf_count=147 34 2358 1069 24 134 376 42 249
internal_value=1.03553e-05 0.000167319 -0.0025068 -0.0200545 -3.77115e-05 0.00146482 -0.00643042 0.00281268
internal_weight=731.04 725.299 236.951 29.228 207.723 488.348 71.2126 417.136
internal_count=4433 4399 1374 171 1203 3025 418 2607
is_linear=0
shrinkage=0.04


Tree=229
num_leaves=13
num_cat=0
split_feature=5 23 8 34 7 38 13 14 1 38 14 39
split_gain=1.44281 4.89304 4.85319 8.42216 7.97272 6.10358 5.20763 7.57483 3.72637 3.60868 10.1416 6.03308
threshold=1.0000000180025095e-35 5.5687434236569393 0.00026921346142475005 0.014568743589212257 -0.00080713634062209983 0.80355072077190848 2.4964843108145273e-05 -0.00062947725932184994 0.3521885317522902 0.60534695165873609 -0.00057870829452494994 0.38369561124180696
decision_type=2 2 2 2 2 2 2 2 2 2 2 2
left_child=2 -2 3 5 -5 -1 7 -4 -8 10 -3 -11
right_child=1 9 6 4 -6 -7 8 -9 -10 11 -12 -13
leaf_value=0.0026631788385066664 -0.053460952883663586 0.018524192998595448 0.023973049008533281 -0.022632228128871709 0.013418033066146652 -0.065876181670494929 0.024085629625520358 -0.0097522989381707247 0.0020514751132599258 -0.0011804613596854694 -0.039480995811958304 0.035213367797210633
leaf_weight=4.2094550430774671 2.9083202332258216 7.7344914972782162 11.664837911725042 10.722785972058771 115.99532544985414 4.1072319522500038 14.351262345910071 123.16473329253495 85.104665298014879 330.37210624665022 12.810485772788523 7.452319309115409
leaf_count=22 12 42 68 65 758 23 84 702 469 2080 67 41
internal_value=1.03952e-05 -0.00178685 0.0017685 0.00780829 0.0103675 -0.0311853 -0.00171265 -0.00683454 0.00523095 -0.00136749 -0.017644 -0.000377623
internal_weight=730.598 361.278 369.32 135.035 126.718 8.31669 234.285 134.83 99.4559 358.369 20.545 337.824
internal_count=4433 2242 2191 868 823 45 1323 770 553 2230 109 2121
is_linear=0
shrinkage=0.04


Tree=230
num_leaves=12
num_cat=0
split_feature=3 19 13 24 3 34 40 31 29 31 40
split_gain=1.43043 5.43023 8.29147 6.95608 4.31435 5.77053 7.60637 5.88662 2.70898 4.19614 2.564
threshold=0.0014076210294540501 0.11677732876504317 1.0000000180025095e-35 0.074999999999874958 0.0016107594559863503 0.10435164131156889 0.50033186170699595 0.63045610083372783 0.13662853988467979 0.62207042529518974 0.16958036658565021
decision_type=2 2 2 2 2 2 2 2 2 2 2
left_child=1 2 3 -1 5 6 -2 -7 10 -10 -6
right_child=4 -3 -4 -5 8 7 -8 -9 9 -11 -12
leaf_value=-0.0043146963126792408 -0.053835121410332185 0.041922384113513997 -0.050201658788797704 0.035779340831325987 -0.019892846620902228 0.042690954716416887 0.0030251857908151622 -0.0076102145898586581 -0.016840832814492085 0.043088365821355577 0.00062077788327212079
leaf_weight=21.950566910207272 9.5006173551082593 6.1404191479086867 4.403943605720996 10.113374155014752 9.9088776558637601 4.0517643466591826 6.2343900278210631 45.801281578838825 2.8023017570376378 5.6150410920381546 603.63905560225248
leaf_count=127 43 35 24 66 71 23 43 269 17 58 3657
internal_value=1.047e-05 0.00712245 0.00126288 0.00833147 -0.000430266 -0.0101877 -0.0313064 -0.00352203 0.000598683 0.0231367 0.00028948
internal_weight=730.162 42.6083 36.4679 32.0639 687.553 65.5881 15.735 49.853 621.965 8.41734 613.548
internal_count=4433 252 217 193 4181 378 86 292 3803 75 3728
is_linear=0
shrinkage=0.04


Tree=231
num_leaves=10
num_cat=0
split_feature=14 23 8 14 2 14 30 36 28
split_gain=1.38341 5.28858 4.06765 1.85196 4.45839 3.97577 11.3743 3.18804 2.70778
threshold=-0.00065057110443334984 9.7244001266414219 -0.0012097703044271497 -0.00062673265283864985 0.024803131174172953 -0.00062320259567514994 0.074163536003191879 0.4238789768070596 0.86458567036095613
decision_type=2 2 2 2 2 2 2 2 2
left_child=1 -1 -3 4 -2 6 -5 -6 -7
right_child=3 2 -4 5 7 8 -8 -9 -10
leaf_value=0.031158729095447001 -0.033960805070568603 -0.0030343213479932856 -0.058487245393231913 -0.0013200927380559307 0.041142136431295537 0.0052365811652367355 -0.083629220260893991 0.0074745843328512113 -0.0011512889637758997
leaf_weight=3.0806974023580542 3.7783896401524535 4.3456216380000106 4.1259950026869765 11.37982666864991 5.0739871412515631 133.31337129697204 3.5163018368184558 39.786063538864255 521.56560749188066
leaf_count=21 22 27 24 70 32 866 20 252 3099
internal_value=1.07592e-05 -0.0137214 -0.030042 0.000231576 0.00776797 -0.00031571 -0.0207496 0.0112826 0.000149086
internal_weight=729.966 11.5523 8.47162 718.414 48.6384 669.775 14.8961 44.8601 654.879
internal_count=4433 72 51 4361 306 4055 90 284 3965
is_linear=0
shrinkage=0.04


Tree=232
num_leaves=15
num_cat=0
split_feature=39 15 40 32 23 35 8 39 40 1 40 40 0 9
split_gain=1.39717 6.59767 9.25238 8.89677 4.67605 4.78943 4.60665 4.56944 2.90091 5.33709 2.66271 5.81012 4.94044 1.39069
threshold=0.36963196912192869 0.00070166355656230009 0.4084921105764705 0.00018918085034023006 8.2329727553630239 1.9075022960465298 -0.0011641746555955998 0.35559913725504882 0.48610537890024236 -0.2454746978860384 0.68254376254088511 0.56261194135998405 56.742982078369018 0.00022788043221751524
decision_type=2 2 2 2 2 2 2 2 2 2 2 2 2 2
left_child=7 2 6 -4 -3 -6 -2 10 13 -10 11 -1 -12 -9
right_child=1 4 3 -5 5 -7 -8 8 9 -11 12 -13 -14 -15
leaf_value=0.00056390562575727484 0.017074702980813431 0.022174928894169131 0.007509645383951347 0.073356003075865039 -0.044093542153765174 -0.0058747393599372357 -0.039311096665063987 0.05023489034513115 -0.026876895685943886 0.028647287369058558 0.041562555250437366 -0.013807710773068992 -0.0015381281642611847 0.020844893574389338
leaf_weight=590.08675065636635 3.4158178567886353 3.4463234692811993 11.013622768223284 4.6774840205907813 12.466332746669652 9.0583042036741954 7.2150523811578768 4.5775768309831637 4.9095242097973824 6.3555989190936071 6.9265409260988262 48.72489370405674 11.033195028081535 5.8914103284478188
leaf_count=3569 23 18 64 26 67 53 34 34 31 35 34 325 90 30
internal_value=1.07022e-05 -0.00635478 0.00761806 0.0271383 -0.0210836 -0.0280098 -0.0211937 0.000491914 0.0185367 0.00444894 -0.00010523 -0.000532279 0.0150845 0.0336957
internal_weight=729.798 51.2929 26.322 15.6911 24.971 21.5246 10.6309 678.505 21.7341 11.2651 656.771 638.812 17.9597 10.469
internal_count=4433 285 147 90 138 120 57 4148 130 66 4018 3894 124 64
is_linear=0
shrinkage=0.04


Tree=233
num_leaves=13
num_cat=0
split_feature=10 10 36 6 28 10 3 21 25 28 36 34
split_gain=1.37365 2.62819 4.49408 6.31617 3.69841 3.56418 5.24191 3.643 2.44826 3.11438 2.4481 1.57944
threshold=-0.00013965117494224997 -0.00012959696424319996 0.76305791712475701 -0.00035498830488004995 0.7961193375000305 -0.00012900932946029997 0.0019481796723670502 -0.0013421206232973497 0.75000000000000011 0.95136164616090346 0.50295055388915377 0.41712773235848011
decision_type=2 2 2 2 2 2 2 2 2 2 2 2
left_child=8 2 4 -4 -2 6 -3 -7 9 11 -10 -1
right_child=1 5 3 -5 -6 7 -8 -9 10 -11 -12 -13
leaf_value=-0.00025191110701080859 -0.016082448253224919 0.016277241726004175 -0.065919025276580098 0.004269138213214149 0.011941254559573856 0.019092577717102627 -0.047686193448457773 -0.00076932205549679056 -0.055022168587517538 0.024190074746744786 -0.0099969439290832716 -0.033420403551321982
leaf_weight=5.6442565657198447 8.3329702205955964 3.1350011937320215 3.1662899628281593 5.8258232660591585 78.687916675582528 15.157585211098192 5.9229659698903561 585.91379639692605 3.1218106895685178 5.4403269290924063 5.0701048374176025 3.8734211102128029
leaf_count=37 54 22 18 35 487 124 32 3517 18 34 32 23
internal_value=9.97026e-06 0.000324293 0.0064759 -0.0204454 0.00925775 -0.000643755 -0.0255482 -0.000268452 -0.00957781 4.87209e-05 -0.0271554 -0.0137505
internal_weight=729.292 706.142 96.013 8.99211 87.0209 610.129 9.05797 601.071 23.1499 14.958 8.19192 9.51768
internal_count=4433 4289 594 53 541 3695 54 3641 144 94 50 60
is_linear=0
shrinkage=0.04


Tree=234
num_leaves=11
num_cat=0
split_feature=9 8 3 8 8 33 19 35 35 40
split_gain=1.42831 8.06262 5.75118 7.24981 5.5113 3.37873 9.58823 3.63687 6.09627 5.58251
threshold=0.00031603824507413708 0.00017229976390550003 0.0036163213348462506 0.0019049835467785001 0.00090142765274785002 -0.52631578947368418 1.2435145924699176 0.43630633684581949 0.48785029745863689 0.48057820572096793
decision_type=2 2 2 2 2 2 2 2 2 2
left_child=5 -2 4 -4 -3 7 -7 9 -9 -1
right_child=1 2 3 -5 -6 6 -8 8 -10 -11
leaf_value=0.028883094111848903 0.046517124860903529 -0.004405603783828406 -0.020324608777900918 0.011443247996284487 0.033784135214573179 -0.052238039267914628 0.022175793143344485 -0.020289668566016997 -9.0068563766539046e-05 -0.0041253149599430414
leaf_weight=16.775593005120754 6.8646039217710486 10.855915755033495 27.443283630535007 19.777238907292485 13.646636150777338 6.840006083250044 4.6565171480178833 24.930876210331917 581.26815950497985 16.03263408690691
leaf_count=88 34 56 163 134 72 37 26 142 3596 85
internal_value=9.91376e-06 0.00510355 0.00113987 -0.00701937 0.0168641 -0.000605451 -0.0220977 -0.00021878 -0.000920808 0.0127526
internal_weight=729.091 78.5877 71.7231 47.2205 24.5026 650.504 11.4965 639.007 606.199 32.8082
internal_count=4433 459 425 297 128 3974 63 3911 3738 173
is_linear=0
shrinkage=0.04


Tree=235
num_leaves=10
num_cat=0
split_feature=28 38 0 10 30 20 34 31 38
split_gain=1.39383 4.96143 5.77884 5.1274 4.09493 2.12301 3.92527 2.42659 1.06807
threshold=0.75009014531234242 0.85011283462792731 59.170256557666839 -0.00011421068145189999 0.18478212079495784 0.0026580017905381004 0.25466390039205561 0.60553312003576987 0.63891167157592355
decision_type=2 2 2 2 2 2 2 2 2
left_child=1 8 3 -3 5 7 -7 -2 -1
right_child=4 2 -4 -5 -6 6 -8 -9 -10
leaf_value=0.017091451794830882 0.012053663993872253 -0.0048668207891365556 -0.039959502068290784 0.043021154184643917 -0.044162333439452132 -0.040816430688400011 0.0040227192493051287 -0.0003166858914195728 0.046834658765436042
leaf_weight=3.1757812574505824 26.392130352556705 11.901441421359783 4.8521100282669059 5.114794608205556 3.3971191775053731 5.7394968979060632 6.8541093468666077 656.31918376684189 4.9312483482062817
leaf_count=22 156 86 25 37 22 39 57 3954 35
internal_value=9.6378e-06 0.00845582 -0.00145259 0.0095275 -0.000352716 -0.000138671 -0.0164126 0.000161525 0.0351833
internal_weight=728.677 29.9754 21.8683 17.0162 698.702 695.305 12.5936 682.711 8.10703
internal_count=4433 205 148 123 4228 4206 96 4110 57
is_linear=0
shrinkage=0.04


Tree=236
num_leaves=8
num_cat=0
split_feature=9 1 1 40 15 15 39
split_gain=1.35816 2.14301 2.07416 4.21303 3.4562 2.01262 1.09701
threshold=0.00040509012119122311 5.2320064291170647 3.6272776312075625 0.3432626507562368 0.0015736527913450002 0.00042708280398035008 0.21555887657067882
decision_type=2 2 2 2 2 2 2
left_child=1 2 4 -4 -1 -2 -7
right_child=5 -3 3 -5 -6 6 -8
leaf_value=0.00038332006625946247 -0.016822645114311325 -0.022468758996875483 0.045152196528667282 0.003123362660890167 -0.01161893156452049 0.05454470117979076 0.011442867919839058
leaf_weight=652.07887774333358 1.6737381443381298 6.8132566884160033 4.8122738152742413 18.434709765017033 40.789045143872499 2.1649241317063574 1.6764056682586668
leaf_count=3992 12 36 27 100 210 28 28
internal_value=9.49795e-06 -0.000141359 7.10679e-05 0.0118236 -0.000323251 0.0197842 0.0357345
internal_weight=728.443 722.928 716.115 23.247 692.868 5.51507 3.84133
internal_count=4433 4365 4329 127 4202 68 56
is_linear=0
shrinkage=0.04


Tree=237
num_leaves=9
num_cat=0
split_feature=2 37 3 3 15 14 33 40
split_gain=1.38731 5.76461 4.64798 4.51671 4.22767 3.36274 6.29373 3.54153
threshold=0.62733905192221151 0.29898591725119222 0.0014620546017349004 0.0016177465281870503 0.0011053709230820503 0.00083994520549100012 -0.84210526315789458 0.6873221499375356
decision_type=2 2 2 2 2 2 2 2
left_child=4 2 -2 -4 5 7 -7 -1
right_child=1 -3 3 -5 -6 6 -8 -9
leaf_value=-0.00074641500493077232 0.044118152245540145 -0.039932560272539747 -0.034126439532619866 0.0040286045375921313 -0.038370742219573102 0.011485642781519447 -0.058864925760525121 0.024977413479267376
leaf_weight=508.49202566966414 4.5028251260519019 4.9103258699178687 5.1021385043859473 183.44452087394893 4.8143263906240454 3.8019697368144989 4.377138674259184 8.7099463529884797
leaf_count=3195 26 28 25 1043 25 24 21 46
internal_value=9.293e-06 0.00286665 0.00395528 0.00299612 -0.00105756 -0.000715644 -0.0261632 -0.000313213
internal_weight=728.155 197.96 193.049 188.547 530.195 525.381 8.17911 517.202
internal_count=4433 1122 1094 1068 3311 3286 45 3241
is_linear=0
shrinkage=0.04


Tree=238
num_leaves=9
num_cat=0
split_feature=34 31 31 8 31 29 36 29
split_gain=1.35127 1.45169 4.70431 7.23479 6.49515 4.02814 3.98392 3.33954
threshold=0.97358339766349478 0.69072340823606948 0.65810379504536254 -0.0013950325135549998 0.65529109238653582 0.084161429703952503 0.68604954714144439 0.096152764409972086
decision_type=2 2 2 2 2 2 2 2
left_child=1 2 4 -4 -1 6 -3 -7
right_child=-2 5 3 -5 -6 7 -8 -9
leaf_value=-0.00023397888949738002 -0.019309744855732284 -0.0015132517277765495 -0.0414147206743362 -0.0052244147979750178 0.023550463121109245 0.041565593740131253 0.011194608026634675 0.0047976073057482364
leaf_weight=352.82285198103637 5.7473049238324156 177.10153320804238 9.7263335585594159 96.784791780635715 19.379634127020836 7.4920553117990485 50.79197309538722 8.3659319393336755
leaf_count=2064 34 1137 56 568 112 59 332 71
internal_value=9.00176e-06 0.000162685 -0.00111677 -0.00852922 0.00100442 0.00267545 0.00131902 0.0221685
internal_weight=728.212 722.465 478.714 106.511 372.202 243.751 227.894 15.858
internal_count=4433 4399 2800 624 2176 1599 1469 130
is_linear=0
shrinkage=0.04


Tree=239
num_leaves=13
num_cat=0
split_feature=15 33 25 15 0 35 2 2 1 1 29 34
split_gain=1.3662 7.99341 10.9988 8.34711 7.5272 8.63091 6.95874 5.39329 3.73023 8.57045 2.17876 1.43709
threshold=-0.00075372429674269985 -0.73684210526315785 0.75000000000000011 -0.0010396867148122497 62.298175146558037 0.52511312841709235 0.3262125519496557 0.060374051198491555 -2.4120699968343611 -2.236757039891017 0.0037271165530047366 0.44613940530551199
decision_type=2 2 2 2 2 2 2 2 2 2 2 2
left_child=1 4 6 -4 5 -1 -3 11 10 -10 -9 -2
right_child=7 2 3 -5 -6 -7 -8 8 9 -11 -12 -13
leaf_value=0.022727562441976715 0.052580606718995712 -0.025416002462581272 -0.02398867323240577 -0.09745888091264597 -0.061175641067004571 -0.0014819710208029868 0.01722444599484908 0.0014665493855882386 -0.040624233482871058 0.0010187418386427226 0.03698318730953995 0.014681055648168998
leaf_weight=26.442736327648163 3.9382612109184256 13.250625215470793 5.8174158707261086 4.3052528351545316 3.1399366185069075 216.2403411809355 11.385050706565378 4.5180376246571523 8.0588767379522306 421.01413573510945 7.1164130643010139 2.6970846466720104
leaf_count=167 32 84 32 23 19 1430 63 32 50 2428 50 23
internal_value=9.09469e-06 -0.00217899 -0.0201337 -0.0552361 0.000359728 0.0011559 -0.00571029 0.0013815 0.000842583 0.000236601 0.0231909 0.0371755
internal_weight=727.924 280.581 34.7583 10.1227 245.823 242.683 24.6357 447.343 440.707 429.073 11.6345 6.63535
internal_count=4433 1818 202 55 1616 1597 147 2615 2560 2478 82 55
is_linear=0
shrinkage=0.04


Tree=240
num_leaves=13
num_cat=0
split_feature=33 0 2 9 32 3 8 23 34 37 12 20
split_gain=1.35202 8.73416 6.45009 11.2495 6.33231 8.15846 7.93707 7.74483 6.43335 5.14362 4.99113 4.69836
threshold=-0.84210526315789458 61.86164808686587 0.051420138502415808 0.00014365587324068803 0.0001880818846756496 0.0024887998147368503 -0.00051209506052829988 9.344293806667233 0.077474677982243889 0.29536229535434305 0.0013075008863223001 0.0026119585608547005
decision_type=2 2 2 2 2 2 2 2 2 2 2 2
left_child=1 2 3 -1 5 7 8 -2 -6 -8 -4 -3
right_child=4 11 10 -5 6 -7 9 -9 -10 -11 -12 -13
leaf_value=-0.073136319518434856 -0.015086056418202891 -0.080564532725243151 4.2440934122370357e-05 -0.0070054870457746179 0.0018214774433974528 -0.042537031869191548 0.002931350972089782 0.021478039938864196 -0.023926310167597411 -0.024013464185293421 0.03816511623596331 -0.01209114043822211
leaf_weight=5.1246333047747639 11.070117570459841 3.3972614705562583 239.59300422668457 20.90489262714982 26.099213980138302 4.1052679121494284 301.67957504838705 56.960820876061916 38.32868130505085 11.777990631759165 5.6237770691514006 3.0363111756742001
leaf_count=31 80 17 1518 145 155 27 1723 382 226 67 39 23
internal_value=9.4732e-06 -0.00218545 -0.0010929 -0.0200252 0.00136382 0.0122238 -0.00070928 0.0155283 -0.0134961 0.00191891 0.000916743 -0.0482487
internal_weight=727.702 277.68 271.246 26.0295 450.022 72.1362 377.885 68.0309 64.4279 313.458 245.217 6.43357
internal_count=4433 1773 1733 176 2660 489 2171 462 381 1790 1557 40
is_linear=0
shrinkage=0.04


Tree=241
num_leaves=14
num_cat=0
split_feature=40 24 1 8 24 8 15 2 31 10 9 1 39
split_gain=1.34687 5.72798 6.35027 5.77426 2.70864 6.34264 5.68048 4.49834 3.55 6.94083 5.4885 2.70852 0.325587
threshold=0.28168779593128951 0.5083333333324862 3.2402009270772401 0.00026921346142475005 0.374999999999375 -0.0017693890540524998 -0.00075372429674269985 0.084138418948440222 0.76854150708111424 -0.00013643633610024996 0.00011759386788629302 -3.2167188533658186 0.2084600467477572
decision_type=2 2 2 2 2 2 2 2 2 2 2 2 2
left_child=1 2 3 -1 8 7 -7 -6 10 -10 -2 -3 -13
right_child=4 11 -4 -5 5 6 -8 -9 9 -11 -12 12 -14
leaf_value=-0.003232391788372565 0.048734431730787266 -0.0091184367070303168 0.046202627686389101 -0.027014737577562151 0.042647122298887556 -0.036605821638783897 0.0068679837407526669 -0.0021618024145361645 -0.027656642869038236 0.01185404548875893 -0.00029374595774011821 0.046709208280310575 0.027110848942216301
leaf_weight=58.03625663369894 3.6808811426162711 2.4607499167323112 3.35923147201538 22.732776917517185 4.2462356239557293 16.190693210810426 6.8407854288816443 23.006024442613125 7.7571858130395404 85.77148662507534 487.12150909379125 4.2408273071050626 1.993978828191757
leaf_count=434 28 18 19 123 30 95 47 129 45 569 2842 36 18
internal_value=1.01128e-05 -0.00449028 -0.00768482 -0.00992603 0.000668376 -0.00823996 -0.0236933 0.00481998 0.00143497 0.00857706 7.39517e-05 0.0264165 0.0404414
internal_weight=727.439 92.8238 84.1283 80.769 634.615 50.2837 23.0315 27.2523 584.331 93.5287 490.802 8.69556 6.23481
internal_count=4433 648 576 557 3785 301 142 159 3484 614 2870 72 54
is_linear=0
shrinkage=0.04


Tree=242
num_leaves=12
num_cat=0
split_feature=5 27 38 22 23 36 37 37 1 7 3
split_gain=1.36243 4.45635 6.43442 7.44943 4.45533 3.77565 7.60914 7.48661 3.53348 8.1077 6.02354
threshold=1.0000000180025095e-35 0.57229176551810435 0.84564817261500036 2.7285261786737931 5.5687434236569393 0.68810836070085479 0.27814761663509607 0.0013570498990589988 -0.47963923644419987 -0.00080713634062209983 0.0011428108057374502
decision_type=2 2 2 2 2 2 2 2 2 2 2
left_child=1 2 -1 -4 -2 7 -7 -6 9 -3 -10
right_child=4 8 3 -5 5 6 -8 -9 10 -11 -12
leaf_value=0.05306814542779275 -0.051123130673379792 -0.021186446387951047 -0.035941434867269154 0.028573305674399998 -0.0006666497617071526 0.0033723176268509957 0.053411396873548081 -0.019236541758653202 -0.06258623888054389 0.017501288931212226 -0.00050609860797910095
leaf_weight=6.4575800970196751 2.8993497788906089 10.758685328066347 4.672441430389882 7.3975517489016029 257.78005498088896 53.724975220859051 5.3460788503289214 40.146373875439167 2.52241626381874 44.580376118421555 290.81928966287524
leaf_count=37 12 65 25 48 1631 334 31 234 12 347 1657
internal_value=1.06215e-05 0.00172478 0.0208408 0.00359886 -0.00173836 -0.00133728 0.00790098 -0.00316899 0.000709027 0.00997985 -0.00103992
internal_weight=727.105 367.208 18.5276 12.07 359.897 356.997 59.0711 297.926 348.681 55.3391 293.342
internal_count=4433 2191 110 73 2242 2230 365 1865 2081 412 1669
is_linear=0
shrinkage=0.04


Tree=243
num_leaves=12
num_cat=0
split_feature=3 36 9 36 3 25 10 19 29 32 23
split_gain=1.41915 3.80945 3.29101 3.51241 2.26834 5.53941 4.38967 4.3651 2.36967 2.40797 2.26379
threshold=0.0012746495933237002 0.46324029554924756 0.00021854469732036997 0.57768188600482429 0.0016329135023170002 0.90000000000000013 -0.00010811082819199999 -1.3987640402230717 0.13662853988467979 0.0002373217744264507 7.9152992055678677
decision_type=2 2 2 2 2 2 2 2 2 2 2
left_child=1 -1 3 -3 5 6 -2 -7 10 -10 -6
right_child=4 2 -4 -5 8 7 -8 -9 9 -11 -12
leaf_value=0.049166956179079957 0.0032885919098392126 0.045111026443939099 -0.018802755330929254 -0.0081614665367804422 0.0058088220925787675 -0.0002786190681640365 -0.019348287052477816 -0.041850551494425757 0.0024541739630443379 0.04657202914444232 -0.00074921897419417656
leaf_weight=3.4108427837491062 64.379311461001635 4.1200487017631513 6.5507782697677612 3.8128303661942482 101.2668887777254 6.4236370697617557 17.413568526506424 10.89628231525421 4.4073767811059934 3.5932226404547691 500.25131920725107
leaf_count=24 386 26 36 22 615 36 95 59 40 33 3061
internal_value=1.08221e-05 0.0111358 0.00217961 0.0195063 -0.000270108 -0.00588229 -0.00153076 -0.0264323 0.00064248 0.0222683 0.000354841
internal_weight=726.526 17.8945 14.4837 7.93288 708.632 99.1128 81.7929 17.3199 609.519 8.0006 601.518
internal_count=4433 108 84 48 4325 576 481 95 3749 73 3676
is_linear=0
shrinkage=0.04


Tree=244
num_leaves=15
num_cat=0
split_feature=15 2 26 9 36 32 10 19 30 28 10 20 34 28
split_gain=1.3314 4.97722 4.10653 5.60013 4.45841 4.09484 3.9628 4.36418 3.32076 5.07616 3.85303 3.26121 4.98761 4.12931
threshold=0.0015736527913450002 0.72345270003537643 0.019824698661162019 0.00026902953646887421 0.62995197155312033 0.00032520207578122599 -0.00012900932946029997 2.1845687286370779 0.015740849748421899 0.93016675813204241 0.00046405976945560005 0.0026228278827818505 0.20622976006486352 0.89768842841528829
decision_type=2 2 2 2 2 2 2 2 2 2 2 2 2 2
left_child=1 8 3 -3 -4 11 -7 -8 10 -10 -1 13 -13 -2
right_child=5 2 4 -5 -6 6 7 -9 9 -11 -12 12 -14 -15
leaf_value=0.0028879589778071689 -0.046375614467482278 0.00065172951579695938 -0.045871277517955868 0.023377642113658826 0.013220745892596987 0.057181191510705873 -0.012742445768471842 0.038212743142149681 0.00043696977076139633 -0.0088435079963289712 0.032565386313206719 0.021036317422472233 -0.016570882198131947 -0.0097828353019954271
leaf_weight=147.07021563500166 7.7636369466781643 31.592184226959944 4.1565025672316533 38.481210384517908 4.01737105473876 2.6017283406108609 8.7258774042129499 3.887476470321416 294.90084821917117 138.63080113381147 7.3493160158395758 9.4118011146783846 14.089041426777838 13.537993434816597
leaf_count=886 38 178 23 224 22 16 61 30 1871 845 44 50 77 68
internal_value=1.06783e-05 0.000524745 0.0100021 0.0131318 -0.0168282 -0.00569549 0.0122334 0.00296211 -0.000736547 -0.00253066 0.0043004 -0.0117842 -0.00150966 -0.0231195
internal_weight=726.216 666.198 78.2473 70.0734 8.17387 60.0176 15.2151 12.6134 587.951 433.532 154.42 44.8025 23.5008 21.3016
internal_count=4433 4093 447 402 45 340 107 91 3646 2716 930 233 127 106
is_linear=0
shrinkage=0.04


Tree=245
num_leaves=12
num_cat=0
split_feature=3 24 32 3 25 21 21 34 39 34 7
split_gain=1.32925 3.52954 6.23958 2.0859 5.11644 4.64611 4.58112 2.42767 6.1993 2.82174 1.58396
threshold=0.0012746495933237002 0.058333333333236058 0.00020315443160664161 0.0016329135023170002 0.90000000000000013 -0.00087090283916349987 -0.00059164580498244986 0.060274951285288432 0.36963196912192869 0.15180424112536278 -0.00037632715027889992
decision_type=2 2 2 2 2 2 2 2 2 2 2
left_child=1 2 -1 4 5 -2 -6 8 -5 -9 -3
right_child=3 10 -4 7 6 -7 -8 9 -10 -11 -12
leaf_value=-0.029572257856258471 -0.04177385972943054 0.050706177728649833 0.03318772883488981 0.010987848196393849 0.0037830284804231942 0.00078501236180877085 -0.039987050047468095 -0.0064011967594003452 -0.024455445992573335 0.0010457186190762919 0.013345155131056472
leaf_weight=6.2234631329774874 4.3338230289518824 3.6764215752482414 4.2761100269854069 71.677999414503574 5.7295533940196064 77.464068710803986 11.515337392687796 100.53904010355473 8.8732069805264455 427.91413593571633 3.5871800221502772
leaf_count=33 26 25 29 427 33 455 62 590 47 2685 21
internal_value=1.05235e-05 0.010818 -0.0040123 -0.000260609 -0.00564422 -0.00146985 -0.0254446 0.000614932 0.00708355 -0.000371069 0.0322552
internal_weight=725.81 17.7632 10.4996 708.047 99.0428 81.7979 17.2449 609.004 80.5512 528.453 7.2636
internal_count=4433 108 62 4325 576 481 95 3749 474 3275 46
is_linear=0
shrinkage=0.04


Tree=246
num_leaves=14
num_cat=0
split_feature=31 7 20 38 32 32 32 10 32 23 14 15 9
split_gain=1.32456 7.0067 4.73151 5.62455 4.44879 4.34731 9.40588 9.25171 6.51406 5.39573 4.28643 3.59657 0.419294
threshold=4.9477247791836581 -0.00087749925200849991 0.0025842926929808001 0.9164866655834335 0.0001193697175362079 0.00013029005314742207 0.00013527989666004055 -0.00011730635995384999 0.0001443704051695351 7.9113816630479237 -0.00057522324988039993 -0.0011703974571328497 0.00012115412538582568
decision_type=2 2 2 2 2 2 2 2 2 2 2 2 2
left_child=5 2 3 -2 -3 9 7 -7 -8 -1 -11 -4 -6
right_child=1 4 11 -5 12 6 8 -9 -10 10 -12 -13 -14
leaf_value=0.055130995869273482 0.043366888237237909 -0.013072800793404922 -0.035613471416970764 -0.0098308173674033703 0.026289636314997953 -0.070100298185637552 0.018589224352587821 0.0047319029226687258 -0.00074494886757075335 0.016225797938196111 -0.0081697436533884806 0.0071202423576936548 0.048112324217098358
leaf_weight=4.1505800262093535 3.8511525988578823 3.5724777206778509 16.286578997969631 18.245885848999023 1.9696838930249212 6.0767908319830894 29.295672103762627 4.6786135621368867 577.71025943383574 32.946377031505108 17.722690258175135 3.9070852473378173 4.9462701380252838
leaf_count=29 18 22 93 107 19 35 238 34 3452 209 116 23 38
internal_value=1.0319e-05 -0.00609152 -0.0133495 -0.000559327 0.0231738 0.000489146 -0.000468833 -0.0375482 0.000188168 0.0112846 0.00769289 -0.0273453 0.0418972
internal_weight=725.36 52.7791 42.2907 22.097 10.4884 672.581 617.761 10.7554 607.006 54.8196 50.6691 20.1937 6.91595
internal_count=4433 320 241 125 79 4113 3759 69 3690 354 325 116 57
is_linear=0
shrinkage=0.04


Tree=247
num_leaves=7
num_cat=0
split_feature=26 8 26 26 1 26
split_gain=1.31671 1.66557 4.27991 3.7778 2.90604 4.56664
threshold=0.019783468550299502 -0.0018156362594730498 0.019783936052847156 0.019783558580743068 -3.3265668560438821 0.019783546768229677
decision_type=2 2 2 2 2 2
left_child=-1 2 3 -2 -3 -6
right_child=1 4 -4 -5 5 -7
leaf_value=-0.027426060120479052 0.021744580505085206 -0.033132021695026444 0.041159768080827067 -0.0066035394595941122 -0.043255206476414745 0.00011364052089328969
leaf_weight=2.7878155112266532 11.283602140843866 4.2977396622300139 5.41133178025484 22.559987880289555 3.9072207957506171 674.79810992255807
leaf_count=18 61 24 38 139 21 4132
internal_value=1.09452e-05 0.000116848 0.00812919 0.00284785 -0.000343653 -0.000136028
internal_weight=725.046 722.258 39.2549 33.8436 683.003 678.705
internal_count=4433 4415 238 200 4177 4153
is_linear=0
shrinkage=0.04


Tree=248
num_leaves=15
num_cat=0
split_feature=31 34 31 34 3 26 2 0 15 0 3 35 40 36
split_gain=1.28798 6.40558 4.93793 11.0536 4.99956 4.27818 8.71046 7.01907 4.1622 3.05964 3.79271 2.84935 3.23068 2.74575
threshold=0.62038649890060837 0.36464232716343919 0.63517989181794543 0.063597203775025909 0.0025439395648984503 0.019787579412867903 0.15799946556156144 62.19859416752324 -0.0011547526296418499 76.10921986245161 0.0028646055450447004 0.92585369010520358 0.45967614032467996 0.4883505476485141
decision_type=2 2 2 2 2 2 2 2 2 2 2 2 2 2
left_child=1 5 3 8 -5 6 -1 -7 -2 10 -4 -3 -13 -11
right_child=2 11 9 4 -6 7 -8 -9 -10 13 -12 12 -14 -15
leaf_value=0.010941418221324861 -0.0011171294271985573 0.046828208433384588 0.00034013818829816181 -0.012437865473458333 0.0095051536319809525 0.0049890707374190832 -0.064083397614953116 -0.026215037393535093 0.043349395233190403 -0.012595694988740287 -0.0084191853377137658 0.034574225355681956 -0.027518828964006141 0.042502163210372396
leaf_weight=4.1851368620991689 4.2030198425054577 4.7967585325241071 456.2100121024996 25.893354974687099 46.355490943416953 35.360421285033226 6.0629677474498749 17.117215409874916 16.953466899693012 2.0796797089278689 95.678716219961643 2.759203277528286 2.6078180000185966 4.7579712718725204
leaf_count=28 31 28 2870 148 263 198 33 97 102 13 539 22 19 42
internal_value=1.05537e-05 -0.00503228 0.000574197 0.00908712 0.00164097 -0.0098055 -0.0334446 -0.00518912 0.0345155 -0.000848955 -0.00117843 0.0244256 0.00440341 0.0257441
internal_weight=725.021 72.8895 652.132 93.4053 72.2488 62.7257 10.2481 52.4776 21.1565 558.726 551.889 10.1638 5.36702 6.83765
internal_count=4433 425 4008 544 411 356 61 295 133 3464 3409 69 41 55
is_linear=0
shrinkage=0.04


Tree=249
num_leaves=12
num_cat=0
split_feature=36 15 10 32 36 15 27 27 31 31 29
split_gain=1.26904 3.51562 4.31714 4.25851 2.22803 4.40073 5.97453 5.59611 2.97239 6.62353 4.56346
threshold=0.34561573771701753 0.00018737483062010004 -0.00012882628162984996 0.00021202395637076076 0.44920937286250706 -0.0011827189666386497 0.91341127564796132 0.79595830404657109 0.67972825454569552 0.65810379504536254 0.084161429703952503
decision_type=2 2 2 2 2 2 2 2 2 2 2
left_child=1 2 -1 -4 5 7 -7 -2 9 -6 -10
right_child=4 -3 3 -5 8 6 -8 -9 10 -11 -12
leaf_value=-0.058832597560099148 0.026156701092701583 0.020219756582078224 0.013320254544044452 -0.039346306372781845 -0.00022562687971177547 -0.0033264286935475269 0.022397717798114395 -0.020317077862584139 0.0016239732394071706 -0.01377138470336188 0.025192689016790216
leaf_weight=3.4950769022107133 5.5177553892135647 4.5225171595811835 6.2492383643984795 4.0474013611674309 320.0929242009297 24.116584502160549 36.02439908310771 16.67083627730608 219.29588414356112 70.472688363865018 13.982539877295492
leaf_count=18 38 25 42 23 1857 155 242 105 1412 401 115
internal_value=1.06794e-05 -0.0103848 -0.0204205 -0.00738191 0.00028028 0.00646506 0.0120823 -0.0087602 -0.000535935 -0.00266979 0.00303667
internal_weight=724.488 18.3142 13.7917 10.2966 706.174 82.3296 60.141 22.1886 623.844 390.566 233.278
internal_count=4433 108 83 65 4325 540 397 143 3785 2258 1527
is_linear=0
shrinkage=0.04


Tree=250
num_leaves=12
num_cat=0
split_feature=3 9 9 9 3 34 40 34 29 31 40
split_gain=1.30167 5.63075 4.8753 5.66752 3.4513 5.05416 6.66975 5.48523 2.4542 3.91657 2.37358
threshold=0.0014076210294540501 0.00023944140905538089 0.00023083983568375805 0.00020679808934279833 0.0016107594559863503 0.10435164131156889 0.50033186170699595 0.33668550531462482 0.13662853988467979 0.62207042529518974 0.16958036658565021
decision_type=2 2 2 2 2 2 2 2 2 2 2
left_child=1 2 3 -1 5 6 -2 -7 10 -10 -6
right_child=4 -3 -4 -5 8 7 -8 -9 9 -11 -12
leaf_value=-0.005362115850438577 -0.049739504177806745 0.048350163654796045 -0.036449008851807685 0.02949492701065496 -0.019230712822794281 0.0047247714306711151 0.0036547133961266189 -0.026083846905453796 -0.016287014819509459 0.042296119863739635 0.00054683702482177863
leaf_weight=20.736977703869343 9.5925312489271146 4.6520262211561194 4.690668284893035 11.659676063805817 9.8690995424985868 37.41408433765173 6.1385585367679587 12.281559541821478 2.7686680704355222 5.3623520880937576 598.88377436157316
leaf_count=125 43 30 23 74 71 219 43 73 17 58 3657
internal_value=1.0784e-05 0.00686794 0.00166464 0.00718306 -0.000408692 -0.00914413 -0.0289041 -0.00288913 0.000517788 0.0223482 0.000226203
internal_weight=724.05 41.7393 37.0873 32.3967 682.311 65.4267 15.7311 49.6956 616.884 8.13102 608.753
internal_count=4433 252 222 199 4181 378 86 292 3803 75 3728
is_linear=0
shrinkage=0.04


Tree=251
num_leaves=15
num_cat=0
split_feature=40 38 8 20 2 8 20 3 25 32 8 8 38 20
split_gain=1.23444 6.17037 6.96326 5.8145 7.16555 4.49187 3.99908 2.616 2.46565 5.82202 8.13446 6.33723 4.5648 4.78788
threshold=0.28168779593128951 0.99999999982659871 0.00036680552815630005 0.0025844607898884505 0.63534166856798147 0.0012604912017981503 0.0025871592268153008 0.0026440339964288505 0.75000000000000011 0.00031385137968383122 0.00086323836255190018 -0.00016041810867549995 0.60534695165873609 0.0025853985872781008
decision_type=2 2 2 2 2 2 2 2 2 2 2 2 2 2
left_child=1 2 6 7 -5 -4 -1 -3 12 11 -11 -10 -2 -14
right_child=8 3 5 4 -6 -7 -8 -9 9 10 -12 -13 13 -15
leaf_value=0.030819306487564212 -0.015504997571329466 0.047350871087347465 -0.036965093655429278 -0.030201478804645691 0.01688262935844697 0.0064511819149222025 0.0035888660554341161 -0.0069784309713267767 -0.0062123658569087662 -0.062198467834613178 -0.0087700729499141494 0.0073368245601353613 -0.005492240601842625 0.0060604268686852208
leaf_weight=14.528136365115641 20.861261388286948 3.0033216848969451 8.5090073272585851 29.188897464424372 6.2851157858967772 6.9083216413855544 21.252352695912123 2.6864908486604691 125.53590684384108 5.6960377320647266 22.847644266672432 98.623977340757847 71.796805202960968 286.21091368980706
leaf_count=138 115 24 47 196 34 37 153 19 763 32 146 548 449 1732
internal_value=1.09209e-05 -0.00430835 0.00496212 -0.0158386 -0.0218593 -0.0175108 0.0146454 0.0216989 0.000642575 -0.00241765 -0.019432 -0.000251107 0.00268373 0.00374359
internal_weight=723.934 92.3616 51.1978 41.1638 35.474 15.4173 35.7805 5.68981 631.573 252.704 28.5437 224.16 378.869 358.008
internal_count=4433 648 375 273 230 84 291 43 3785 1489 178 1311 2296 2181
is_linear=0
shrinkage=0.04


Tree=252
num_leaves=7
num_cat=0
split_feature=15 15 38 21 21 24
split_gain=1.26189 1.92231 3.05913 2.51976 4.18929 2.66862
threshold=-0.0012811558789887498 -0.0012548933821239499 0.99999999982831633 -0.0013325061748224998 -0.0013220026396753997 0.35833333333273615
decision_type=2 2 2 2 2 2
left_child=-1 2 -2 5 -5 -3
right_child=1 3 -4 4 -6 -7
leaf_value=0.026993388611169726 -0.036108435873718349 0.022735160237584748 0.0041552833077818478 -0.028887134260405786 7.9833508402533566e-05 -0.0059827105814859536
leaf_weight=2.762665167450904 6.0204029157757741 15.473964270204307 6.0564646497368813 8.083617087453602 677.48311736714095 7.7804681882262221
leaf_count=18 35 133 37 45 4117 48
internal_value=1.13047e-05 -9.20975e-05 -0.0159165 0.000177517 -0.00026172 0.0131267
internal_weight=723.661 720.898 12.0769 708.821 685.567 23.2544
internal_count=4433 4415 72 4343 4162 181
is_linear=0
shrinkage=0.04


Tree=253
num_leaves=14
num_cat=0
split_feature=15 2 38 1 36 8 8 27 36 1 33 9 40
split_gain=1.2572 4.39891 5.16371 8.5995 6.45457 4.11053 3.66096 3.83632 3.10256 5.29356 3.00987 5.88469 2.56253
threshold=0.0015736527913450002 0.72345270003537643 0.70299568450397676 1.7692541332603471 0.53202786451178163 0.0020818316773133006 0.00029785896823745003 0.57229176551810435 0.71991845130051957 3.0739613904142975 -0.52631578947368418 0.00032551618776672061 0.68254376254088511
decision_type=2 2 2 2 2 2 2 2 2 2 2 2 2
left_child=1 10 3 -3 -4 6 -2 -8 9 -7 12 -12 -1
right_child=5 2 4 -5 -6 8 7 -9 -10 -11 11 -13 -14
leaf_value=-0.0007052689761844487 0.022604998234553392 0.0068671464618978153 -0.0011530610370326943 -0.048622791228382027 0.028266988794587489 -0.040104121578964202 0.018810940066282717 -0.023003067516292063 0.039174872687465022 0.012227748316265512 -0.051777815241207358 0.012250762583552226 0.01775447611638176
leaf_weight=564.36078811623156 3.9757255688309661 21.685449216514829 19.31612154468894 5.6283087208867064 31.210543945431709 3.9481324478983941 3.9875249415636054 29.357324905693531 4.1596565414220086 14.273531502112744 5.1553545370697957 4.1417697258293629 12.29409492574632
leaf_count=3522 21 121 110 30 186 19 19 163 26 92 30 24 70
internal_value=1.10395e-05 0.0005111 0.00944507 -0.00456718 0.0170198 -0.00554886 -0.0136769 -0.0180028 0.00800448 0.000888874 -0.000675728 -0.0232538 -0.000311713
internal_weight=723.494 663.792 77.8404 27.3138 50.5267 59.7019 37.3206 33.3448 22.3813 18.2217 585.952 9.29712 576.655
internal_count=4433 4093 447 151 296 340 203 182 137 111 3646 54 3592
is_linear=0
shrinkage=0.04


Tree=254
num_leaves=9
num_cat=0
split_feature=28 9 35 13 37 10 26 31
split_gain=1.24241 4.01057 6.37643 4.75628 3.5682 3.35361 3.0897 3.01679
threshold=0.98753534677183519 0.00012157748753661533 0.68973890254174108 -0.00036840640447859997 0.39891193600014835 -0.00011936067774924999 0.019783501645096322 0.81703088435539561
decision_type=2 2 2 2 2 2 2 2
left_child=4 -2 5 -4 6 -3 -1 -8
right_child=1 2 3 -5 -6 -7 7 -9
leaf_value=-0.038392378933433099 -0.020895916701810482 -0.049561217492748832 -0.0076014338713488588 0.034689712966537077 -0.034352101431181427 0.0036679159145899701 -0.0012929403500763854 0.0053274348551198636
leaf_weight=3.3601388968527308 6.6993184238672248 3.1643126755952835 5.6809964999556568 16.949611723423004 4.9101150333881369 4.7166512906551388 539.24225671309978 138.39194328710437
leaf_count=21 39 18 36 101 29 27 3235 927
internal_value=1.06036e-05 0.00712905 0.0132824 0.0240733 -0.000375578 -0.0177043 -0.0001306 5.91263e-05
internal_weight=723.115 37.2109 30.5116 22.6306 685.904 7.88096 680.994 677.634
internal_count=4433 221 182 137 4212 45 4183 4162
is_linear=0
shrinkage=0.04


Tree=255
num_leaves=10
num_cat=0
split_feature=31 15 31 15 20 0 34 3 34
split_gain=1.23781 6.80613 5.87451 4.55917 4.83124 2.56923 1.81949 6.75325 4.66909
threshold=0.60553312003576987 -0.0012090128759926499 0.61406346504657772 0.0021678817598090004 0.0026036382018438005 50.506204984964249 0.080455468290560203 0.0013097686498365001 0.10435164131156889
decision_type=2 2 2 2 2 2 2 2 2
left_child=1 -1 5 4 -3 -2 7 -4 -8
right_child=2 3 6 -5 -6 -7 8 -9 -10
leaf_value=-0.043551380652370658 -0.059718265911273917 0.0055203779155507003 0.05093016231527589 -0.027006604393792939 0.044486050902973445 -0.016192115956679805 -0.014402359598437515 0.0026440273749122603 0.00013789539522776544
leaf_weight=3.5259530842304256 3.3536810427904111 11.3135102018714 4.8283779248595229 3.3904240466654292 9.2566829770803434 6.1466998960822821 37.870357511565089 115.32098192349076 527.85267372149974
leaf_count=22 17 72 30 26 50 34 226 675 3281
internal_value=1.03864e-05 0.00833586 -0.000318701 0.0159714 0.0230551 -0.0315571 0.000113998 0.00458448 -0.000835451
internal_weight=722.859 27.4866 695.373 23.9606 20.5702 9.50038 685.872 120.149 565.723
internal_count=4433 170 4263 148 122 51 4212 705 3507
is_linear=0
shrinkage=0.04


Tree=256
num_leaves=14
num_cat=0
split_feature=36 40 38 21 29 9 13 32 29 24 10 22 40
split_gain=1.25736 4.60962 5.52657 7.13773 4.56201 4.16847 5.8164 4.57662 4.11457 5.33707 3.46931 4.60672 4.02987
threshold=0.61187549097214389 0.51415582794707915 0.94774182900352 -0.0012757879795707 0.043885215471843236 0.00033453396039649126 2.4964843108145273e-05 0.00022440282362138684 0.00062215631515387339 0.17499999999970828 -0.00012117949623049998 2.3590355221446484 0.53913069718776929
decision_type=2 2 2 2 2 2 2 2 2 2 2 2 2
left_child=1 5 4 -4 -3 7 -7 -1 9 -2 11 -10 -12
right_child=8 2 3 -5 -6 6 -8 -9 10 -11 12 -13 -14
leaf_value=0.0010289813447445513 0.047913965487744348 -0.0058521553157294464 0.014168979049295167 -0.028654253149390789 0.020318801920065903 -0.045366798474218657 0.007103320104953661 0.010916951118363912 0.042166621292957646 -0.0055026666867262954 -0.010387248093490458 0.00065517875285631816 0.0049625452771708215
leaf_weight=231.45055531337857 5.9037503898143751 38.869311302900314 8.0401362888514978 27.62482437863946 14.68271337635815 6.5788776427507383 6.952481597661972 110.72322215139866 4.460404321551322 6.0695251226425171 121.75412660464644 104.23318334296346 35.299674140289426
leaf_count=1468 36 232 59 210 86 34 35 652 27 34 708 636 216
internal_value=1.02265e-05 0.00132846 -0.0068012 -0.0190004 0.00132331 0.00336751 -0.0184074 0.00422861 -0.00210164 0.0208359 -0.00313509 0.00235866 -0.0069372
internal_weight=722.643 444.922 89.217 35.665 53.552 355.705 13.5314 342.174 277.721 11.9733 265.747 108.694 157.054
internal_count=4433 2776 587 269 318 2189 69 2120 1657 70 1587 663 924
is_linear=0
shrinkage=0.04


Tree=257
num_leaves=13
num_cat=0
split_feature=14 14 24 19 33 24 8 24 40 40 28 40
split_gain=1.23316 6.78524 6.36191 5.20783 4.90614 6.45123 4.44042 5.99045 4.5656 3.90959 3.74627 2.5064
threshold=-0.00057601794366524985 -0.00058836567589384988 0.34166666666609719 -1.7896640316669667 -0.52631578947368418 0.058333333333236058 -0.0015971039522612999 0.47499999999920833 0.37929043648200772 0.29273934898437104 0.94017554428950312 0.49089977486653519
decision_type=2 2 2 2 2 2 2 2 2 2 2 2
left_child=1 4 3 -3 5 -1 8 9 -2 -8 -4 -10
right_child=6 2 10 -5 -6 -7 7 -9 11 -11 -12 -13
leaf_value=0.010518807881332066 -0.058877609060700949 0.03538056223753322 -0.04059081622070778 0.009467444624944598 -0.049334294106608251 -0.0037688258264907473 -0.011120095168498637 0.050896709055263369 0.010970101889802219 0.00050157685886176762 0.006311261594863179 -0.031798924256018546
leaf_weight=66.430977921932936 4.1937925517559043 20.021290831267834 4.8070169240236265 32.637417837046087 3.3112863507121792 211.6997696403414 54.590652246028185 3.5581408850848666 4.885856591165064 305.48127718456089 6.2904807105660439 3.9768301583826542
leaf_count=403 22 165 29 191 21 1351 335 32 25 1791 40 28
internal_value=9.667e-06 0.00173666 0.0135193 0.0193198 -0.000932501 -0.000356253 -0.00157296 -0.000750029 -0.0244921 -0.00126039 -0.0140049 -0.00822105
internal_weight=721.885 345.198 63.7562 52.6587 281.442 278.131 376.687 363.63 13.0565 360.072 11.0975 8.86269
internal_count=4433 2200 425 356 1775 1754 2233 2158 75 2126 69 53
is_linear=0
shrinkage=0.04


Tree=258
num_leaves=10
num_cat=0
split_feature=28 38 0 10 30 20 34 31 35
split_gain=1.22083 4.38083 5.07458 4.7977 3.70184 1.922 3.63854 2.13411 1.29444
threshold=0.75009014531234242 0.85011283462792731 59.170256557666839 -0.00011421068145189999 0.18478212079495784 0.0026580017905381004 0.25466390039205561 0.60553312003576987 0.54826973029806836
decision_type=2 2 2 2 2 2 2 2 2
left_child=1 8 3 -3 5 7 -7 -2 -1
right_child=4 2 -4 -5 -6 6 -8 -9 -10
leaf_value=0.055849949216428718 0.011400436294150702 -0.004822113077121752 -0.037543689103147281 0.042089990033679796 -0.041826574013749847 -0.039831825572022937 0.0040114576432772773 -0.00028730494973170712 0.021704424266503222
leaf_weight=2.7376500777900246 25.994812857359648 11.742660328745847 4.8021580725908271 4.9619564078748217 3.4223809875547877 5.5351106412708742 6.6879977490752935 650.74592842534184 5.0589561723172665
leaf_count=21 156 86 25 37 22 39 57 3954 36
internal_value=1.00197e-05 0.00800702 -0.00130501 0.00911271 -0.000328432 -0.000122293 -0.0158425 0.000161642 0.0336941
internal_weight=721.69 29.3034 21.5068 16.7046 692.386 688.964 12.2231 676.741 7.79661
internal_count=4433 205 148 123 4228 4206 96 4110 57
is_linear=0
shrinkage=0.04


Tree=259
num_leaves=10
num_cat=0
split_feature=13 13 21 35 14 29 14 3 28
split_gain=1.20463 3.63286 3.575 3.34285 2.81707 2.69522 2.62726 1.8374 1.79005
threshold=-0.00039802121274599994 -0.00038883835573194994 -5.5029017411636082e-05 1.2819635921227834 -0.00065057110443334984 0.041794767891948914 -0.00061185713365744996 0.0023438681308273505 0.98753534677183519
decision_type=2 2 2 2 2 2 2 2 2
left_child=3 2 5 7 -3 -2 -4 -1 -6
right_child=1 4 6 -5 8 -7 -8 -9 -10
leaf_value=-0.018254171665188876 0.04056232595942915 -0.038410529728166963 -0.031737937069956278 -0.048772389103332529 -0.00055803238648447341 0.00446760509321172 0.018970979393894465 0.01368667005896781 0.0087845732697597601
leaf_weight=5.5141063295304757 9.3199002295732516 3.0824763253331176 3.471621960401535 3.0291338041424742 648.21035748813301 5.1329888328909865 3.0896518342196932 6.0358109027147293 34.562933139503002
leaf_count=34 66 18 24 17 3975 34 20 39 206
internal_value=9.86336e-06 0.000244598 0.0166269 -0.0113713 -0.000257345 0.0277432 -0.00785951 -0.00156237 -8.50967e-05
internal_weight=721.449 706.87 21.0142 14.5791 685.856 14.4529 6.56127 11.5499 682.773
internal_count=4433 4343 144 90 4199 100 44 73 4181
is_linear=0
shrinkage=0.04


Tree=260
num_leaves=7
num_cat=0
split_feature=15 15 38 21 21 13
split_gain=1.22625 1.78809 2.77757 2.29559 3.89769 2.67274
threshold=-0.0012811558789887498 -0.0012548933821239499 0.99999999982831633 -0.0013325061748224998 -0.0013220026396753997 -0.00033982398399829994
decision_type=2 2 2 2 2 2
left_child=-1 2 -2 5 -5 -3
right_child=1 3 -4 4 -6 -7
leaf_value=0.026796546669223518 -0.03452507893160784 0.01726936668724597 0.0038206458305206732 -0.027840117938843004 8.1441361917786439e-05 -0.02715310397185805
leaf_weight=2.7240174189209929 6.0425734072923643 20.592770699411634 6.046988919377327 8.0951118580996972 675.35474707372487 2.4219283536076537
leaf_count=18 35 165 37 45 4117 16
internal_value=9.6655e-06 -9.18828e-05 -0.0153452 0.000169144 -0.000249275 0.0125946
internal_weight=721.278 718.554 12.0896 706.465 683.45 23.0147
internal_count=4433 4415 72 4343 4162 181
is_linear=0
shrinkage=0.04


Tree=261
num_leaves=11
num_cat=0
split_feature=13 40 15 34 13 6 2 15 10 6
split_gain=1.20375 6.7914 4.07435 4.95262 2.98745 6.57674 3.54394 2.46267 3.70538 2.44038
threshold=0.0014079643759057502 0.22511889264469884 0.0007600387001296501 0.18718745798116124 0.0011946349276153502 0.00072146122984000007 1.0008941016526873 0.0023154870618267505 -0.00011876744767994999 0.00072146122984000007
decision_type=2 2 2 2 2 2 2 2 2 2
left_child=4 -2 -3 -4 7 -6 -7 9 -9 -1
right_child=1 2 3 -5 5 6 -8 8 -10 -11
leaf_value=-1.8664017637009196e-05 -0.065627444674683538 0.043377450455383521 -0.012499795405673558 0.01896920746979374 -0.054724678768554476 0.030801965264469783 -0.02286699975463059 0.010266724064838124 -0.037352391327114862 0.019062799696107351
leaf_weight=646.53407506272197 1.970102697610854 5.2146945074200621 14.150942198932169 18.41459546238184 5.1104918494820577 3.8758144807070494 4.0006164908409119 4.2843501269817352 6.7080934783443791 10.904800180345772
leaf_count=3991 9 35 77 117 26 24 18 33 41 62
internal_value=9.42406e-06 0.00677563 0.0105512 0.00529475 -0.000385281 -0.0193864 0.00354229 -1.61093e-05 -0.0187926 0.000297836
internal_weight=721.169 39.7503 37.7802 32.5655 681.418 12.9869 7.87643 668.431 10.9924 657.439
internal_count=4433 238 229 194 4195 68 42 4127 74 4053
is_linear=0
shrinkage=0.04


Tree=262
num_leaves=13
num_cat=0
split_feature=31 15 32 32 12 24 24 21 38 20 36 30
split_gain=1.20187 4.78994 4.08466 8.56013 7.8526 7.20116 6.52746 6.01435 3.90444 6.1902 4.66476 2.80472
threshold=4.9477247791836581 -0.0011281093683665497 0.00013029005314742207 0.00013527989666004055 -0.00011730635995384999 0.47499999999920833 0.47499999999920833 -0.0012662663096629498 0.91199843118327772 0.0025843934710139006 0.63806731062076005 0.0046907519916512949
decision_type=2 2 2 2 2 2 2 2 2 2 2 2
left_child=2 8 6 4 -4 -5 7 -1 9 -2 -10 -8
right_child=1 -3 3 5 -6 -7 11 -9 10 -11 -12 -13
leaf_value=0.032924722252918689 0.052017335466193679 0.029986216099039568 -0.064673210799839412 -0.00034212726162714916 0.0040147009307742202 0.037329035791504782 0.00431729302389994 0.0038996518835089458 -0.0062165631143562177 -0.018398028607527504 -0.036592528303545126 -0.043525535449813135
leaf_weight=20.480465717613697 3.8561672419309598 5.3635484874248496 6.2878743931651115 595.06667026691139 4.6193918585777265 8.2313409745693189 3.5001085624098769 25.826916139572859 27.553347110748291 4.1442635245621204 11.450412727892397 4.4571513794362545
leaf_count=125 18 37 35 3613 34 77 20 181 174 27 64 28
internal_value=9.15016e-06 -0.00582635 0.000466302 -0.00046309 -0.0355828 0.000171855 0.0109858 0.0167366 -0.00991285 0.0155418 -0.0151341 -0.0224812
internal_weight=720.838 52.3677 668.47 614.205 10.9073 603.298 54.2646 46.3074 47.0042 8.00043 39.0038 7.95726
internal_count=4433 320 4113 3759 69 3690 354 306 283 45 238 48
is_linear=0
shrinkage=0.04


Tree=263
num_leaves=14
num_cat=0
split_feature=33 0 32 3 30 13 32 30 2 13 3 10 26
split_gain=1.23277 7.49433 6.0953 7.218 6.69956 6.63612 6.62695 10.7046 6.00353 6.40367 5.21061 4.36017 3.40168
threshold=-0.84210526315789458 61.86164808686587 0.0001880818846756496 0.0022875372017728004 0.030745247031442709 0.00028717314606030003 0.00020315443160664161 0.081065401564292275 0.049636024512003406 -0.00036291949712169994 0.0013097686498365001 0.0013075008863223001 0.019796793839053955
decision_type=2 2 2 2 2 2 2 2 2 2 2 2 2
left_child=1 8 3 5 -5 -2 7 -4 9 -1 -8 -10 -3
right_child=2 12 6 4 -6 -7 10 -9 11 -11 -12 -13 -14
leaf_value=0.001475988768052341 0.022954990908006227 -0.074174999985997817 -0.022424510186425391 0.017881488171896231 -0.047446784766291723 -0.012937249620175962 0.033192002114148737 0.026006997274741143 1.8959093950581499e-05 -0.039356581829683213 0.00057415934394770417 0.036621814548432642 -0.015563806566322492
leaf_weight=11.737757213413717 51.445120353251696 3.1926089525222769 42.453581675887108 4.4370255917310697 5.7882345989346504 9.8143662437796575 8.036179203540085 8.8186920583248121 238.80368311330676 12.897609580308197 314.69323693960905 5.323142744600772 3.1451634950935841
leaf_count=83 367 16 240 29 36 57 53 61 1528 83 1817 39 24
internal_value=9.51151e-06 -0.00209587 0.00130964 0.0120118 -0.019099 0.0172047 -0.000735911 -0.0140944 -0.00108204 -0.0199015 0.00138637 0.000817078 -0.0450888
internal_weight=720.586 275.1 445.486 71.4847 10.2253 61.2595 374.002 51.2723 268.762 24.6354 322.729 244.127 6.33777
internal_count=4433 1773 2660 489 65 424 2171 301 1733 166 1870 1567 40
is_linear=0
shrinkage=0.04


Tree=264
num_leaves=13
num_cat=0
split_feature=5 8 23 26 13 29 18 23 1 36 37 37
split_gain=1.21946 4.16304 8.05351 15.5362 4.49382 5.60033 3.95143 3.90138 3.65847 3.58377 6.87942 6.80193
threshold=1.0000000180025095e-35 0.00026921346142475005 9.0825920083706144 0.019784333285179829 2.4964843108145273e-05 0.00062215631515387339 1.0000000180025095e-35 5.5687434236569393 0.3521885317522902 0.68810836070085479 0.27814761663509607 0.0013570498990589988
decision_type=2 2 2 2 2 2 2 2 2 2 2 2
left_child=1 2 6 -4 5 -3 -1 -2 -6 11 -11 -9
right_child=7 4 3 -5 8 -7 -8 9 -10 10 -12 -13
leaf_value=0.045463741097786781 -0.047928226313293937 0.039479193068447056 -0.06123035308203776 0.0057539308299361129 0.02368984075284427 -0.0078972857177378106 0.015010926171275425 -0.0006654628361682281 0.001703129653911478 0.0034690981894004058 0.05149527976981421 -0.018416623018427832
leaf_weight=10.329471115022899 2.8909915238618842 4.1205305308103553 5.8763410076498976 96.827104832977057 14.16300196200609 128.14482483454049 20.050987407565117 255.58827601186931 83.483461691066623 53.397291488945484 5.2405167594552031 39.93453274667263
leaf_count=88 12 24 32 610 84 746 138 1631 469 334 31 234
internal_value=1.01468e-05 0.00164274 0.00727305 0.00192132 -0.00161635 -0.00642134 0.025365 -0.00164963 0.00489216 -0.00127186 0.00776124 -0.00306421
internal_weight=720.047 362.996 133.084 102.703 229.912 132.265 30.3805 357.052 97.6465 354.161 58.6378 295.523
internal_count=4433 2191 868 642 1323 770 226 2242 553 2230 365 1865
is_linear=0
shrinkage=0.04


Tree=265
num_leaves=13
num_cat=0
split_feature=36 13 38 14 26 1 35 36 14 14 14 40
split_gain=1.22146 6.70928 6.07595 5.19879 4.86877 11.4624 4.107 3.17259 3.10542 2.80137 6.21127 5.64749
threshold=0.73752317721708927 -0.00035938909108219994 0.99999999984362209 -0.0006471675015642498 0.019797225748160719 0.50023124515701067 1.1720090239798877 0.72929851435977933 -0.00058709531641654991 -0.00057870829452494994 -0.00058836567589384988 0.35872240238653103
decision_type=2 2 2 2 2 2 2 2 2 2 2 2
left_child=7 2 3 -2 5 -3 -6 9 -9 10 -1 -11
right_child=1 4 -4 -5 6 -7 -8 8 -10 11 -12 -13
leaf_value=0.00063605645978541197 -0.058031679144501823 0.011486359471322408 -0.06114953182084025 -0.0042547711068150031 -0.01472742405653123 -0.037513359806363007 0.036086135917709997 -0.0061139488833852427 0.043955291952380966 -0.010261543131630572 0.016736799357857858 0.0010952682153877605
leaf_weight=248.06076718494296 3.3498025871813359 24.641406942158937 4.8137303274124852 20.347135704010725 3.3337218090891829 11.070029266178606 10.756775720044969 3.191787950694561 5.2289381474256498 98.851791504770517 45.343752238899469 240.52460948936641
leaf_count=1582 16 159 28 124 18 58 64 19 32 610 303 1420
internal_value=1.05585e-05 -0.00470531 -0.0201793 -0.0118567 0.00415324 -0.00370285 0.024064 0.000586527 0.0249771 0.00026195 0.00312432 -0.00221268
internal_weight=719.514 78.3126 28.5107 23.6969 49.8019 35.7114 14.0905 641.202 8.42073 632.781 293.405 339.376
internal_count=4433 467 168 140 299 217 82 3966 51 3915 1885 2030
is_linear=0
shrinkage=0.04


Tree=266
num_leaves=7
num_cat=0
split_feature=2 34 2 40 38 10
split_gain=1.19843 6.48484 1.71598 1.64829 4.11158 3.16251
threshold=0.020207132406137553 0.43556373928114483 0.022344864604598901 0.55963388058095453 0.95058519977004874 -0.00012429678799964996
decision_type=2 2 2 2 2 2
left_child=1 -1 -2 5 -5 -4
right_child=2 -3 3 4 -6 -7
leaf_value=0.018231050878504632 0.030194598797182955 -0.047148889959072314 0.0051428376758156213 0.001527989296733642 -0.017334322961985716 -0.0010805246969805274
leaf_weight=4.9321146234869939 3.0389612913131705 4.7796332482248545 185.59724154323339 50.783867028541863 29.076742904260755 441.27689003013074
leaf_count=33 18 31 1163 317 224 2647
internal_value=1.05366e-05 -0.0139457 0.000201498 7.25272e-05 -0.00533966 0.000762012
internal_weight=719.485 9.71175 709.774 706.735 79.8606 626.874
internal_count=4433 64 4369 4351 541 3810
is_linear=0
shrinkage=0.04


Tree=267
num_leaves=13
num_cat=0
split_feature=36 40 1 38 40 36 40 29 30 31 1 35
split_gain=1.18825 3.46316 3.41977 2.94953 2.63856 2.06398 4.33158 3.74359 3.54584 2.71338 6.44375 4.28137
threshold=0.34561573771701753 0.40108879825680471 -1.3362796379619792 0.98188503346026468 0.47826280504747659 0.44920937286250706 0.52011732651231857 0.03600825160873506 0.01525261848596164 0.67972825454569552 -2.5077961281494932 1.7621848844924555
decision_type=2 2 2 2 2 2 2 2 2 2 2 2
left_child=1 2 -1 -3 -5 6 7 -2 -8 10 -7 -11
right_child=5 3 -4 4 -6 9 8 -9 -10 11 -12 -13
leaf_value=-0.062916977851199957 0.0031571954157728951 -0.021103277099593722 -0.007686252492898245 0.044014652700408184 -0.0072859372790567223 -0.054927430134752209 0.020003482613525154 0.022508830397582731 -0.034184605434061315 0.0021793146428105616 -0.002050478544881015 0.043108247547204888
leaf_weight=3.1375438719987869 47.85050617530942 4.3911748602986318 4.1879658028483417 3.6273196414113045 2.8760386109352112 3.7231519743800154 2.6839186474680883 24.025349926203489 6.8975114598870277 226.90913727134466 384.54315981455147 4.1642787251621476
leaf_count=18 287 22 26 22 20 21 18 173 62 1502 2237 25
internal_value=1.00322e-05 -0.0100747 -0.0313418 0.00422527 0.0213275 0.000272226 0.00625794 0.00962571 -0.0190056 -0.000515032 -0.00255752 0.00291691
internal_weight=719.017 18.22 7.32551 10.8945 6.50336 700.797 81.4573 71.8759 9.58143 619.34 388.266 231.073
internal_count=4433 108 44 64 42 4325 540 460 80 3785 2258 1527
is_linear=0
shrinkage=0.04


Tree=268
num_leaves=14
num_cat=0
split_feature=5 19 2 14 38 8 23 26 14 2 2 20 15
split_gain=1.21749 3.90596 4.22509 6.33189 4.48116 3.82411 8.51408 15.3085 3.87808 4.88655 3.37458 3.19039 2.66613
threshold=1.0000000180025095e-35 1.1860739551812163 0.62733905192221151 0.00087711452614100004 0.82063180968773619 0.00015531972626280004 9.207876652130933 0.019784333285179829 -0.00063004200569279989 0.75034141739988036 0.45876819425269949 0.0025909511549798503 -0.0012300262100703996
decision_type=2 2 2 2 2 2 2 2 2 2 2 2 2
left_child=5 2 3 -2 -4 6 12 -8 10 -10 -7 -3 -1
right_child=1 11 4 -5 -6 8 7 -9 9 -11 -12 -13 -14
leaf_value=-0.0056542981292366226 -0.0014293647997659204 -0.0016170962800345081 0.0047267696794460034 -0.059331194954883759 0.047485599558916916 0.050238541653132636 -0.061026827215298653 0.0062581479089279446 -0.0069182962011944907 0.0047852271156625858 0.0051634250093775796 -0.045562554410555227 0.032915945140380341
leaf_weight=3.2880659699440029 324.14595515094697 4.8627382367849332 13.006003923714163 3.0502556040883055 5.614416114985942 4.1809832975268346 5.7953298538923255 81.41917035356164 142.22851797007024 95.345849087461829 7.2927775196731091 5.7910950109362602 22.41591976955533
leaf_count=22 2058 29 71 17 38 25 31 521 819 550 45 29 178
internal_value=9.94995e-06 -0.00164933 -0.000914409 -0.00196915 0.0176194 0.00164404 0.00774995 0.00178712 -0.00112438 -0.00222131 0.0215886 -0.0255045 0.027982
internal_weight=718.437 356.47 345.817 327.196 18.6204 361.967 112.918 87.2145 249.048 237.574 11.4738 10.6538 25.704
internal_count=4433 2242 2184 2075 109 2191 752 552 1439 1369 70 58 200
is_linear=0
shrinkage=0.04


Tree=269
num_leaves=15
num_cat=0
split_feature=27 38 27 35 27 40 3 31 31 0 31 30 8 14
split_gain=1.2208 6.60958 5.83993 9.13783 6.08223 5.2477 7.50335 6.18922 8.35217 5.96444 5.23454 8.06539 4.90232 4.51663
threshold=0.94229496434015536 0.75604599277634343 0.74559637739266116 0.56580411706604294 0.65425925883741665 0.5026112379508817 0.0022971844037585004 0.60157999615334079 0.6157304092488517 52.814756044553754 0.64652102385570143 0.074880629702637064 -0.00022502921935459996 -0.00023535901822514997
decision_type=2 2 2 2 2 2 2 2 2 2 2 2 2 2
left_child=1 10 4 -4 -3 7 9 -2 -9 -7 11 -1 -8 -12
right_child=5 2 3 -5 -6 6 12 8 -10 -11 13 -13 -14 -15
leaf_value=-0.015958697288954712 0.038406681613670439 -0.0056982239106662357 0.023682456600761653 -0.027596994611753654 0.018494562059388552 -0.036186908299786102 -0.016022159218655272 -0.032452481370284184 0.0040168407184943576 -0.0019356797255580356 0.003480374262267849 0.043171992727798821 0.0052080843020302142 0.031032713776480925
leaf_weight=20.647804990410808 8.0436043068766576 117.1876836810261 6.6164415553212157 34.822694685310125 19.376009900122881 19.640971753746271 23.01780953630805 10.362911880016325 330.25729620084167 13.885524101555346 17.928012076765299 4.4941156785935155 71.334988575428724 20.297087594866753
leaf_count=108 55 715 46 207 129 134 155 50 2047 84 101 30 459 113
internal_value=1.02733e-05 -0.00230742 -0.00625675 -0.0194094 -0.00226569 0.00118419 -0.00574683 0.00372627 0.00290731 -0.0220012 0.00878655 -0.00538909 2.88664e-05 0.0181103
internal_weight=717.913 241.37 178.003 41.4391 136.564 476.543 127.879 348.664 340.62 33.5265 63.367 25.1419 94.3528 38.2251
internal_count=4433 1449 1097 253 844 2984 832 2152 2097 218 352 138 614 214
is_linear=0
shrinkage=0.04


Tree=270
num_leaves=9
num_cat=0
split_feature=9 1 2 1 32 10 34 31
split_gain=1.19018 1.96496 2.92041 2.2759 3.0533 2.67944 1.76074 0.5226
threshold=0.00040509012119122311 5.0179049918374412 0.80876642929368259 3.7166703848279217 0.00031385137968383122 -0.00012228362133784998 0.37082805125505275 0.63481422758761152
decision_type=2 2 2 2 2 2 2 2
left_child=1 3 -3 4 -1 -5 -2 -8
right_child=6 2 -4 5 -6 -7 7 -9
leaf_value=0.00040679575118518789 -0.010781940774226027 -0.037703003230310186 0.0093553732710915469 0.039514443948062764 -0.010950972527156093 0.0046496280290216378 0.016063849488511268 0.049072737908884834
leaf_weight=644.78630132041872 1.9900414943695057 5.285617068409918 3.5120644196867943 4.876661621034148 40.233827836811543 12.742214940488337 1.2173293679952624 2.0763514675199986
leaf_count=3999 14 29 19 28 219 71 21 33
internal_value=1.00537e-05 -0.000130419 -0.0189171 0.000104808 -0.000260289 0.0142997 0.0189243 0.0368728
internal_weight=716.72 711.437 8.79768 702.639 685.02 17.6189 5.28372 3.29368
internal_count=4433 4365 48 4317 4218 99 68 54
is_linear=0
shrinkage=0.04


Tree=271
num_leaves=10
num_cat=0
split_feature=35 34 13 32 15 35 32 32 33
split_gain=1.2374 3.61776 3.33356 2.36692 8.8827 4.53988 4.20085 3.21006 3.74235
threshold=0.36091158000223739 0.42535503362984706 -0.00036956973534839994 0.00031385137968383122 0.00063120796979785016 0.6967130900532309 0.00032753160552260297 0.00030791442998191282 -0.63157894736842091
decision_type=2 2 2 2 2 2 2 2 2
left_child=1 2 -1 7 5 -5 -6 8 -2
right_child=3 -3 -4 4 6 -7 -8 -9 -10
leaf_value=-0.00188787183738127 0.00097876647047690619 -0.014183786626692854 0.044809378771612181 -0.0070806200392886168 -0.017876690721565228 -0.04585591244358718 0.015110425005984803 0.030256175919612872 -0.010851216568037714
leaf_weight=4.1685751266777507 599.59739577583969 5.7772444663569322 5.9188770949840537 8.3837298937141913 8.8177030421793479 11.401263151317833 20.624552544206381 5.7108724303543559 46.0730235055089
leaf_count=26 3743 37 33 51 51 59 142 32 259
internal_value=9.70305e-06 0.0110565 0.025512 -0.000240443 -0.00869768 -0.0294252 0.00523107 0.000398701 0.000134616
internal_weight=716.473 15.8647 10.0875 700.609 49.2272 19.785 29.4423 651.381 645.67
internal_count=4433 96 59 4337 303 110 193 4034 4002
is_linear=0
shrinkage=0.04


Tree=272
num_leaves=15
num_cat=0
split_feature=15 2 38 1 20 8 24 28 28 26 28 33 9 35
split_gain=1.21141 3.98409 4.94496 7.7094 5.22403 3.63692 3.86453 3.02329 4.59996 4.23946 2.60189 2.34505 5.65476 2.48047
threshold=0.0015736527913450002 0.72345270003537643 0.70299568450397676 1.7692541332603471 0.0026004847325598007 0.0020818316773133006 0.10833333333315277 0.93960499942822173 0.94832457888171906 0.01980415889502463 0.90776958850541345 -0.52631578947368418 0.00032551618776672061 1.8935845901548876
decision_type=2 2 2 2 2 2 2 2 2 2 2 2 2 2
left_child=1 11 3 -3 -4 6 10 9 -9 -7 -2 13 -13 -1
right_child=5 2 4 -5 -6 7 -8 8 -10 -11 -12 12 -14 -15
leaf_value=0.00033776754487929933 -0.017935273311212543 0.0061465668192923475 -0.0021778037673053194 -0.04673329647678523 0.02547872888637652 -0.016325636113182995 -0.037382117558398778 -0.052092671196017071 0.010057300641211537 0.033036120824473734 0.0061260741176278888 -0.049296693911429261 0.014513479609205895 -0.011002303241095454
leaf_weight=538.4593947827816 14.804476870223882 21.441389750689272 16.16404352337122 5.5538505837321273 33.733030654489994 3.8922667354345348 8.195130452513693 2.9173990637063962 5.4931339286267757 9.7758831232786161 13.981649324297903 4.9921667724847776 4.0044737458229065 32.738344863057137
leaf_count=3410 83 121 96 30 200 18 43 16 31 72 77 30 24 182
internal_value=9.32173e-06 0.00050254 0.0090583 -0.00473264 0.0165195 -0.0054781 -0.0131478 0.0073684 -0.0115009 0.0189794 -0.00624849 -0.000631343 -0.0208943 -0.000312192
internal_weight=716.147 657.087 76.8923 26.9952 49.8971 59.0599 36.9813 22.0787 8.41053 13.6681 28.7861 580.194 8.99664 571.198
internal_count=4433 4093 447 151 296 340 203 137 47 90 160 3646 54 3592
is_linear=0
shrinkage=0.04


Tree=273
num_leaves=11
num_cat=0
split_feature=10 10 15 30 10 18 10 30 30 6
split_gain=1.16472 2.35612 3.29053 2.24501 2.18192 4.58761 2.72252 2.15396 4.85787 2.9432
threshold=-0.00013965117494224997 -0.00013723953472149998 0.00048436192206290004 0.026188062967499932 -0.00013603059352859998 -1.0000000180025095e-35 -0.00013134998106764998 0.0098244425712099692 0.022516807996961884 -0.00037155190283929992
decision_type=2 2 2 2 2 2 2 2 2 2
left_child=7 2 3 -2 5 -3 -6 -1 -9 -10
right_child=1 4 -4 -5 6 -7 -8 8 9 -11
leaf_value=0.018483557241063577 0.0073680461764397114 0.0035863285997872613 -0.017123109691959699 0.046707526834465649 0.0098069710175173151 -0.0536935608450698 -0.00043004093454801517 -0.053948335720729289 0.025784188365435834 -0.014617475204227915
leaf_weight=3.8183018192648914 4.1464641988277418 5.6182381883263588 3.2815503776073447 5.2722250744700432 44.520760925486684 3.717489864677189 626.42238231003284 3.9425118751823929 3.9107093960046795 10.999094882979984
leaf_count=25 28 33 22 40 288 21 3857 23 28 68
internal_value=8.83537e-06 0.000300707 0.0173708 0.0293888 -1.79777e-05 -0.0192225 0.000249241 -0.00891289 -0.0144617 -0.00402048
internal_weight=715.65 692.979 12.7002 9.41869 680.279 9.33573 670.943 22.6706 18.8523 14.9098
internal_count=4433 4289 90 68 4199 54 4145 144 119 96
is_linear=0
shrinkage=0.04


Tree=274
num_leaves=12
num_cat=0
split_feature=29 32 36 28 32 19 28 31 20 28 40
split_gain=1.16292 2.95429 4.00377 1.26166 5.85452 8.30039 4.85616 6.82069 4.44502 3.37455 0.743194
threshold=0.13662853988467979 0.0002373217744264507 0.60151520247235946 0.975304227071077 0.00011951708366039956 -1.8099755200181249 0.96804767928378388 0.68150705351934926 0.0026161649703385003 0.94911364512717922 0.36069362986080594
decision_type=2 2 2 2 2 2 2 2 2 2 2
left_child=3 2 10 6 5 -5 9 -8 -6 -1 -2
right_child=1 -3 -4 4 8 -7 7 -9 -10 -11 -12
leaf_value=-0.0013048054366038057 0.032413659852453244 0.039179743856658351 -0.0402354402174585 0.0078710779836925013 0.010110602467548342 -0.059967495570992936 -0.02505606333339503 0.0067989507262543845 -0.022877344937892782 0.0068385023650080288 0.00048134527256853181
leaf_weight=458.09939984511584 2.9129397980868799 4.2440804298967123 2.8281344920396805 6.4054036810994148 81.441402066498995 5.2519023418426496 29.252683226019144 17.007139407098293 7.1058025434613219 99.019842261448503 1.944718614220619
leaf_count=2835 34 39 16 35 509 30 164 108 38 612 13
internal_value=8.76304e-06 0.0123929 -0.00239873 -0.000201221 0.00395525 -0.0226919 -0.000891495 -0.0133448 0.00746336 0.000142549 0.0196299
internal_weight=715.513 11.9299 7.68579 703.584 100.205 11.6573 603.379 46.2598 88.5472 557.119 4.85766
internal_count=4433 102 63 4331 612 65 3719 272 547 3447 47
is_linear=0
shrinkage=0.04


Tree=275
num_leaves=9
num_cat=0
split_feature=27 37 37 27 37 38 2 31
split_gain=1.1799 8.07913 7.71248 4.85046 4.38905 4.31599 3.7988 1.66705
threshold=0.94229496434015536 0.28856164739636575 0.19187074882873312 0.96043842112337852 0.39891193600014835 0.79957996573620527 1.1104317895657998 4.8784244753954349
decision_type=2 2 2 2 2 2 2 2
left_child=1 2 5 -2 6 -1 -5 -3
right_child=3 7 -4 4 -6 -7 -8 -9
leaf_value=0.0069588738949073678 0.037605348028518296 0.056651444339227447 -0.05236539564412665 0.00161463192275667 -0.039300675436370204 -0.0057274284205988861 -0.023973562463929336 0.019953293384948671
leaf_weight=57.326498167589307 5.7737590298056594 3.7763455398380747 5.080726843327283 454.65200632810593 4.3443756625056258 170.5856956038624 9.47647458873689 4.1647377163171768
leaf_count=319 35 22 26 2874 26 1059 49 23
internal_value=8.65517e-06 -0.00227078 -0.00362304 0.00116669 0.000717595 -0.00253646 0.00109218 0.0374049
internal_weight=715.181 240.934 232.993 474.247 468.473 227.912 464.128 7.94108
internal_count=4433 1449 1404 2984 2949 1378 2923 45
is_linear=0
shrinkage=0.04


Tree=276
num_leaves=12
num_cat=0
split_feature=36 36 13 15 27 20 13 10 39 0 39
split_gain=1.15374 5.29581 5.86149 5.39186 4.17003 4.4799 5.94876 3.56805 2.31611 5.86159 3.57505
threshold=0.81630794370248838 0.76800094085202031 0.00091796875936415014 -0.0012121607271266997 0.99236452659198127 0.0025924378602954004 -0.00036054754393509994 -0.00011800522374625 0.36963196912192869 54.310470402421181 0.35559913725504882
decision_type=2 2 2 2 2 2 2 2 2 2 2
left_child=1 8 3 -3 -2 7 -7 -6 10 -10 -1
right_child=4 2 -4 -5 5 6 -8 -9 9 -11 -12
leaf_value=0.0005367356086463372 -0.029336702340966924 0.029394682193030177 0.023236631208829513 -0.031221667472674765 0.01410839113575944 -0.052004236242202587 0.014725026534347617 0.060704453081744408 0.0056712211671183701 -0.022736811618009996 0.017883137726071998
leaf_weight=593.61576740071177 3.9843966439366367 2.6274100802838865 4.8713633473962537 22.070259094238281 6.3393664471805122 2.8965905681252471 8.1569788157939893 4.4928757920861235 23.859193064272404 22.6569454818964 19.638981707394123
leaf_count=3717 22 15 25 130 42 15 47 35 136 128 121
internal_value=8.53537e-06 -0.000302694 -0.0168637 -0.0247731 0.00830158 0.0151538 -0.00276139 0.033435 0.000439524 -0.00816568 0.00109224
internal_weight=715.21 689.34 29.569 24.6977 25.8702 21.8858 11.0536 10.8322 659.771 46.5161 613.255
internal_count=4433 4272 170 145 161 139 62 77 4102 264 3838
is_linear=0
shrinkage=0.04


Tree=277
num_leaves=15
num_cat=0
split_feature=5 27 38 23 23 7 20 36 28 2 32 32 20 40
split_gain=1.17361 3.97989 5.53399 6.03235 3.69523 6.0293 8.33773 5.81908 3.60052 3.66281 3.43953 8.06494 7.77421 1.24078
threshold=1.0000000180025095e-35 0.57229176551810435 0.84564817261500036 5.9889055415489736 9.178131679681357 -0.00050766946219964984 0.0025856735410253007 0.59377531350911383 0.74325131012650159 0.80876642929368259 0.00018356818578665071 0.00019463748743889703 0.0025853985872781008 0.39401064233083366
decision_type=2 2 2 2 2 2 2 2 2 2 2 2 2 2
left_child=1 2 -1 -4 5 6 -2 -7 13 -10 12 -12 -3 -6
right_child=4 10 3 -5 8 7 -8 -9 9 -11 11 -13 -14 -15
leaf_value=0.050759048604095004 0.0028029971846152465 -0.016038101914748037 -0.033347991257450131 0.02623103644376417 0.045671159366421563 -0.020159206760355791 -0.082986439732095116 0.035669219505992909 -0.00048245729664182682 -0.027141852320656211 -0.03622848858424902 0.0003263105539280811 0.021143528544081587 0.0098347198110898884
leaf_weight=6.1507894620299366 3.1319878958165672 12.39994717761874 4.3592035323381433 7.2267964370548698 3.4247921369969836 9.2196668796241266 4.3027384728193283 4.4189422577619544 319.52207656763494 8.4642555713653547 9.9934531226754171 286.63756093382835 32.78992035984993 2.8176122531294823
leaf_count=37 23 80 24 49 36 53 22 28 2014 46 60 1683 258 20
internal_value=8.41345e-06 0.00161952 0.020094 0.00381458 -0.00162199 -0.0178676 -0.0468464 -0.00207066 -0.000597694 -0.00117045 0.000660896 -0.000905215 0.010941 0.0294958
internal_weight=714.86 359.558 17.7368 11.586 355.302 21.0733 7.43473 13.6386 334.229 327.986 341.821 296.631 45.1899 6.2424
internal_count=4433 2191 110 73 2242 126 45 81 2116 2060 2081 1743 338 56
is_linear=0
shrinkage=0.04


Tree=278
num_leaves=14
num_cat=0
split_feature=33 0 1 9 13 8 15 2 9 19 10 26 35
split_gain=1.17116 6.59615 5.29004 10.7544 8.08384 6.73886 7.28399 5.25595 9.08609 4.88832 3.98141 2.91605 2.45014
threshold=-0.84210526315789458 61.86164808686587 -1.7211809770692523 0.00013356459241659324 -0.00036775534638439994 -0.0010453617420839499 -0.0003388383295921499 0.049636024512003406 0.00014365587324068803 -1.4624241526967101 0.0013075008863223001 0.019796793839053955 0.68973890254174108
decision_type=2 2 2 2 2 2 2 2 2 2 2 2 2
left_child=1 7 3 4 -2 6 -4 8 -1 -7 -9 -3 -5
right_child=2 11 5 12 -6 9 -8 10 -10 -11 -12 -13 -14
leaf_value=-0.070518261903590368 -0.068129086894011717 -0.069052919269452492 -0.0023847479866696102 0.0067568515135263754 0.0064593661389259439 0.015247943138955236 -0.05274850152081717 -5.5335257244674141e-05 -0.0073104651151732723 -0.00028699321280198771 0.035623721158325197 -0.014679917726755295 0.038101366184008376
leaf_weight=4.4377335757017162 3.3679840266704559 3.2259081378579131 11.061758115887644 5.0761695504188564 7.5062437653541547 35.694870833307505 7.8590049594640723 237.08923368901014 20.21127331443131 352.01945271249861 5.1120427548885337 3.089640349149704 18.649966355413198
leaf_count=25 17 16 65 36 57 269 42 1528 141 2035 39 24 139
internal_value=8.97735e-06 -0.00204937 0.00128329 0.016298 -0.0166423 5.69534e-06 -0.023304 -0.00109314 -0.0186902 0.00114323 0.000697728 -0.042453 0.0313953
internal_weight=714.401 273.166 441.235 34.6004 10.8742 406.635 18.9208 266.85 24.649 387.714 242.201 6.31555 23.7261
internal_count=4433 1773 2660 249 74 2411 107 1733 166 2304 1567 40 175
is_linear=0
shrinkage=0.04


Tree=279
num_leaves=15
num_cat=0
split_feature=40 38 8 1 15 12 12 20 25 12 3 40 39 20
split_gain=1.20706 5.5805 5.78526 5.93138 4.99057 6.40023 4.78454 3.70349 2.25339 4.96428 5.29971 4.93606 3.97334 4.76493
threshold=0.28168779593128951 0.99999999982659871 0.00036680552815630005 3.0739613904142975 -0.00063224272429239991 -0.00010743453804004999 -0.00012189761367069998 0.0025871592268153008 0.75000000000000011 -0.00013603059352859998 0.0018595357849064502 0.30684857831144657 0.39179812503885508 0.0025853985872781008
decision_type=2 2 2 2 2 2 2 2 2 2 2 2 2 2
left_child=1 2 7 -4 5 -3 -6 -1 12 10 -10 -11 13 -2
right_child=8 4 3 -5 6 -7 -8 -9 9 11 -12 -13 -14 -15
leaf_value=0.029877935889277701 -0.005747385012136526 -0.01834969613958579 -0.029057738831584516 0.031254496843338225 -0.035362321740287132 -0.076056748337457999 0.01282570367992221 0.003110969778369832 0.024648209974039281 0.028430118327603934 -0.035602381096625002 -0.0020166237019548067 -0.019627734125340652 0.0056773381836374192
leaf_weight=13.743080724030731 73.23897235840559 19.742090545594696 11.89105776324868 3.3422431871294966 4.3881309181451824 3.6424520239233962 13.254843939095734 20.769535170868039 2.8731649555265895 8.8551839590072614 12.491106165572999 224.80769081134349 12.439815908670424 288.47539996914566
leaf_count=138 459 142 64 20 26 21 84 153 19 58 74 1338 67 1770
internal_value=9.63091e-06 -0.00429977 0.00470714 -0.015825 -0.0152207 -0.0273383 0.000840459 0.0137697 0.000637344 -0.00231097 -0.0243353 -0.000862775 0.00259966 0.00336409
internal_weight=713.955 90.7734 49.7459 15.2333 41.0275 23.3845 17.643 34.5126 623.181 249.027 15.3643 233.663 374.154 361.714
internal_count=4433 648 375 84 273 163 110 291 3785 1489 93 1396 2296 2229
is_linear=0
shrinkage=0.04


Tree=280
num_leaves=7
num_cat=0
split_feature=2 34 19 37 38 10
split_gain=1.22342 5.94937 2.02318 1.87183 1.99967 1.89915
threshold=0.020207132406137553 0.43556373928114483 -2.2539344845835942 0.3833286691835957 0.55434040892915981 -0.00011755985326154999
decision_type=2 2 2 2 2 2
left_child=1 -1 -2 4 -4 -5
right_child=2 -3 3 5 -6 -7
leaf_value=0.016944578754045262 0.029727867968090897 -0.046028631862735897 0.017463358036415001 -0.041433636173974754 -8.869514184155761e-06 -0.00046956890597144279
leaf_weight=4.8580405823886377 3.6941425167024127 4.7448030356317759 10.643975604325531 3.4878077507019043 682.37390537839383 3.7661212161183348
leaf_count=33 24 31 72 20 4230 23
internal_value=1.02105e-05 -0.0141707 0.000203654 4.79046e-05 0.000259484 -0.0201658
internal_weight=713.569 9.60284 703.966 700.272 693.018 7.25393
internal_count=4433 64 4369 4345 4302 43
is_linear=0
shrinkage=0.04


Tree=281
num_leaves=13
num_cat=0
split_feature=35 15 1 35 38 33 38 19 23 22 23 0
split_gain=1.15723 8.27922 10.0254 5.90143 5.26562 4.64131 4.20184 3.85886 2.74905 2.34785 5.07054 3.84737
threshold=1.3143302101543592 -0.00053735341746384991 -2.3406230028444948 1.1720090239798877 0.99999999983632326 -0.63157894736842091 0.99999999983632326 1.0839861605798433 5.7464185822881202 2.3045497883746724 6.1706716968194222 38.745899594195784
decision_type=2 2 2 2 2 2 2 2 2 2 2 2
left_child=3 2 -2 9 8 6 -5 -7 -3 11 -11 -1
right_child=1 4 -4 5 -6 7 -8 -9 -10 10 -12 -13
leaf_value=-0.019630586726963425 0.013290893355419161 0.013898378014477006 -0.083365934397636621 0.038343683020236545 0.035144485847028242 -0.035037921480160848 -0.0084315641449665447 0.022949071319824117 -0.0043772498035571502 -0.014198652817169826 0.00062856559208535685 0.026139889380575067
leaf_weight=3.8799553550779811 2.8473989740014076 14.636047482490538 4.3247155360877505 15.831098828464752 6.1818964034318915 3.9303549900650969 3.8127961009740821 3.4461806900799274 131.39732357673347 40.039381113834679 471.00829933024943 12.108837865293024
leaf_count=25 21 94 27 102 39 22 24 22 754 240 2988 75
internal_value=9.79853e-06 -0.00299378 -0.0449922 0.000873849 -0.00101489 0.0191059 0.0292648 -0.00794747 -0.00254559 -6.08834e-05 -0.000533112 0.0150329
internal_weight=713.444 159.387 7.17211 554.057 152.215 27.0204 19.6439 7.37654 146.033 527.036 511.048 15.9888
internal_count=4433 935 48 3498 887 170 126 44 848 3328 3228 100
is_linear=0
shrinkage=0.04


Tree=282
num_leaves=15
num_cat=0
split_feature=31 31 34 3 34 15 25 29 29 31 32 29 29 14
split_gain=1.15064 7.29995 6.23399 9.52643 4.17887 5.69619 4.16254 3.23326 2.6646 4.83777 9.37422 3.7375 2.91092 7.35194
threshold=0.63517989181794543 0.62807339412442731 0.078849870736117933 0.0024817246410156007 0.2116036786673953 -0.0012308370632928497 0.75000000000000011 0.073782217941577896 0.084161429703952503 0.65209161346044209 0.00023611529981968632 0.092877484991226805 0.070035277995772235 -0.00014090316088414997
decision_type=2 2 2 2 2 2 2 2 2 2 2 2 2 2
left_child=1 4 7 -4 5 -1 -6 -3 12 10 -10 -11 -2 -14
right_child=8 2 3 -5 6 -7 -8 -9 9 11 -12 -13 13 -15
leaf_value=0.031341198883265892 -0.0010068759871451536 0.047563829193159296 -0.029670688225194173 0.018060456705072885 0.021548117372571882 -0.01115214616206006 -0.0055455840293290324 0.0028206634852827811 -0.035358197344244613 0.042455923531818533 0.027530480199396409 0.0095859606530056905 0.0043507245665999608 -0.040583101094546999
leaf_weight=5.4369736686348906 482.97854515444487 11.390471778810022 8.8019968941807729 27.886791374534369 18.684544643387198 70.430442690849304 17.636907130479813 3.342342607676982 9.081922445446251 7.692854896187785 6.5113112535327664 19.730047855526209 13.269336335361006 10.386294040828941
leaf_count=37 2992 76 49 158 117 405 104 23 59 60 54 157 83 59
internal_value=1.0166e-05 0.00295488 0.0154349 0.00660929 -0.00276533 -0.0081069 0.00839201 0.0374132 -0.000866366 0.00869157 -0.00909759 0.0188069 -0.00167789 -0.015378
internal_weight=713.261 163.61 51.4216 36.6888 112.189 75.8674 36.3215 14.7328 549.65 43.0161 15.5932 27.4229 506.634 23.6556
internal_count=4433 969 306 207 663 442 221 99 3464 330 113 217 3134 142
is_linear=0
shrinkage=0.04


Tree=283
num_leaves=7
num_cat=0
split_feature=2 34 19 37 2 12
split_gain=1.1522 5.49362 1.86673 1.69514 1.89612 1.75166
threshold=0.020207132406137553 0.43556373928114483 -2.2539344845835942 0.3833286691835957 0.03275828167086426 -0.00011755985326154999
decision_type=2 2 2 2 2 2
left_child=1 -1 -2 4 -4 -5
right_child=2 -3 3 5 -6 -7
leaf_value=0.016250390106460087 0.028646695834698113 -0.044418610187351992 -0.017841697438217338 -0.039730561823298219 0.00049234781841386637 -0.00032078999858922317
leaf_weight=4.8232925012707693 3.6712214387953273 4.72984654083848 9.1463081799447519 3.4670852199196815 683.1459005754441 3.7631120160222045
leaf_count=33 24 31 65 20 4237 23
internal_value=1.07456e-05 -0.0137874 0.000198198 4.88952e-05 0.000250125 -0.0192189
internal_weight=712.747 9.55314 703.194 699.522 692.292 7.2302
internal_count=4433 64 4369 4345 4302 43
is_linear=0
shrinkage=0.04


Tree=284
num_leaves=13
num_cat=0
split_feature=40 24 28 40 24 10 9 9 26 35 30 30
split_gain=1.13867 4.47319 6.88621 3.67685 3.76997 3.09177 2.29017 7.74657 5.75794 1.83881 1.79792 1.74545
threshold=0.68254376254088511 0.074999999999874958 0.92329409309175003 0.62819998880738648 0.024999999999958254 -0.00011544460037175 0.00026838603876241636 0.00025981132799157263 0.019788290198612873 0.98633178214027639 0.034354489006975887 0.060386581824497569
decision_type=2 2 2 2 2 2 2 2 2 2 2 2
left_child=3 2 11 6 -5 10 7 -1 -8 -6 -3 -2
right_child=1 5 -4 4 9 -7 8 -9 -10 -11 -12 -13
leaf_value=-3.9671176328276965e-05 0.041956786261773599 -0.010404943584082447 -0.04353251860991679 0.014160445709811689 -0.015614702343066311 0.061191376335118904 0.052802804374018672 -0.024458784752895257 0.003270517029173164 -0.045779527105308179 0.034432341388518237 0.00028283794504566632
leaf_weight=501.31376736424863 2.9934570752084273 2.7920717187225819 4.8356591127812862 4.2765892669558552 7.2316264268010837 3.2980363843962532 3.852679803967475 21.685063205659389 148.11001454293728 5.8481497168540955 2.93513023853302 3.4744806457310915
leaf_count=3194 20 19 32 26 52 28 24 115 830 43 24 26
internal_value=1.0324e-05 0.00934109 -0.00742506 -0.00026366 -0.018442 0.0303397 0.00020379 -0.00105216 0.0045263 -0.0291018 0.0125737 0.0195702
internal_weight=712.647 20.3288 11.3036 692.318 17.3564 9.02524 674.962 522.999 151.963 13.0798 5.7272 6.46794
internal_count=4433 149 78 4284 121 71 4163 3309 854 95 43 46
is_linear=0
shrinkage=0.04


Tree=285
num_leaves=14
num_cat=0
split_feature=40 38 8 1 2 32 20 13 29 35 19 40 27
split_gain=1.13918 5.13567 5.36335 5.36533 5.02547 7.39551 3.50852 1.97269 4.4719 3.36866 2.81246 2.35654 1.49237
threshold=0.28168779593128951 0.99999999982659871 0.00036680552815630005 3.0739613904142975 0.63534166856798147 0.00015240837468377222 0.0025871592268153008 0.0019019903506485001 0.018457529760413923 2.0886952741810059 3.0763977534128393 0.28976165377121227 0.88762023303636017
decision_type=2 2 2 2 2 2 2 2 2 2 2 2 2
left_child=1 2 6 -4 5 -3 -1 10 -9 -10 11 -2 -12
right_child=7 4 3 -5 -6 -7 -8 8 9 -11 12 -13 -14
leaf_value=0.029279792274855127 0.020240504275771492 0.0021056105118038644 -0.027612866859564628 0.030060339154002188 0.017988061572874608 -0.035555570079274235 0.0030149596236033987 0.05481492326759646 0.018753165332191252 -0.026758768297579932 -0.0062956417377866844 0.00025796571573859982 -0.041226601072457514
leaf_weight=13.410813342779873 9.5963960681110603 13.846308462321756 11.975693084299563 3.2898849323391905 6.3962187916040412 20.988294683396816 20.695380738005042 3.4635412134230128 7.4989255741238576 3.9848510306328535 3.9611126184463492 589.34104349091649 3.867731861770153
leaf_count=138 68 105 64 20 36 132 153 20 43 27 20 3587 20
internal_value=9.77131e-06 -0.00418053 0.00452229 -0.0151837 -0.0146017 -0.0205857 0.0133425 0.000620426 0.0149761 0.0029606 0.000266782 0.000578133 -0.0235528
internal_weight=712.316 90.6026 49.3718 15.2656 41.2308 34.8346 34.1062 621.714 14.9473 11.4838 606.766 598.937 7.82884
internal_count=4433 648 375 84 273 237 291 3785 90 70 3695 3655 40
is_linear=0
shrinkage=0.04


Tree=286
num_leaves=12
num_cat=0
split_feature=3 24 31 3 10 25 34 3 8 19 32
split_gain=1.12925 3.31102 5.79401 1.89096 4.77172 5.16164 4.29482 2.04825 5.2818 2.603 1.24758
threshold=0.0012746495933237002 0.058333333333236058 0.66609369213386127 0.0016329135023170002 -0.00010811082819199999 0.75000000000000011 0.42772483955917506 0.0018251139096380502 0.00095457136467960019 -2.2213692970979135 0.00018918085034023006
decision_type=2 2 2 2 2 2 2 2 2 2 2
left_child=1 2 -1 4 6 -6 -2 8 -5 -9 -3
right_child=3 10 -4 7 5 -7 -8 9 -10 -11 -12
leaf_value=0.028509272948330042 0.0013258635660601825 0.046379893965519878 -0.032355852129623677 0.0037487009063239159 -0.0084703638035391136 -0.051575129334011968 -0.04071703169590115 -0.026752626168165483 0.044031466313593198 0.00010739236025873845 0.012526614100703035
leaf_weight=4.6085592880845088 73.272031776607037 3.8851685151457778 5.4757416769862175 54.891570948064327 13.356484532356264 6.6618037521839133 4.1054022423923007 5.8361815661191931 5.7538082599639884 531.08926064241678 3.1571187414228916
leaf_count=29 440 25 33 382 73 36 27 39 32 3296 21
internal_value=1.0181e-05 0.0101571 -0.00454029 -0.000239877 -0.00540813 -0.022815 -0.0009048 0.000602477 0.00757058 -0.000184566 0.0312032
internal_weight=712.093 17.1266 10.0843 694.967 97.3957 20.0183 77.3774 597.571 60.6454 536.925 7.04229
internal_count=4433 108 62 4325 576 109 467 3749 414 3335 46
is_linear=0
shrinkage=0.04


Tree=287
num_leaves=15
num_cat=0
split_feature=36 34 31 29 14 12 13 29 34 29 34 34 19 40
split_gain=1.1541 5.29034 5.02934 4.17846 5.11995 4.57587 4.08244 3.96603 6.04489 5.30033 5.25289 7.11969 5.42006 4.93689
threshold=0.61187549097214389 0.033547755354296577 0.64581183729841696 0.0064179379675453835 -0.00062725153769224988 -0.00012117949623049998 -0.00035052474382584999 0.019934165889058421 0.042234530133059327 0.047107557176721208 0.16583392283634524 0.26659924888965331 0.45649450326604424 0.47596604486881883
decision_type=2 2 2 2 2 2 2 2 2 2 2 2 2 2
left_child=7 2 -2 4 -3 -5 -4 10 9 -9 12 -12 -1 -10
right_child=1 3 6 5 -6 -7 -8 8 13 -11 11 -13 -14 -15
leaf_value=-0.018194506833535868 0.035731801039278512 -0.035337923038413183 -0.043367365394284749 0.0011980353942161342 0.012556932162348981 -0.010728670140483162 0.014855751721948475 0.0036954759734777526 0.010718902246873038 -0.034689026638079691 0.021036147207372582 -0.003017775532730047 0.0086802020843578399 -0.0018655752616634751
leaf_weight=52.153306055814028 11.10021234303713 3.9449652656912795 2.9297033622860909 87.243322400376201 37.686930686235428 125.52334897220135 5.6290647685527784 11.868760645389559 151.86649159528315 11.175555527210234 24.753354944288731 96.21922137401998 15.598176747560499 74.26953318156302
leaf_count=300 62 25 18 541 224 755 32 72 1025 72 146 617 91 453
internal_value=1.00644e-05 -0.00202568 0.0179664 -0.00357059 0.0080185 -0.00583822 -0.00507427 0.00128411 0.00459698 -0.0149194 -0.00309002 0.00190413 -0.0120072 0.0065858
internal_weight=711.962 274.058 19.659 254.399 41.6319 212.767 8.55877 437.904 249.18 23.0443 188.724 120.973 67.7515 226.136
internal_count=4433 1657 112 1545 249 1296 50 2776 1622 144 1154 763 391 1478
is_linear=0
shrinkage=0.04


Tree=288
num_leaves=14
num_cat=0
split_feature=15 24 3 20 19 38 1 30 30 28 33 39 3
split_gain=1.14239 3.36792 3.84398 3.76034 3.30314 3.85526 7.01578 4.37147 2.87145 3.87224 3.55278 2.72459 2.24271
threshold=0.0015736527913450002 0.10833333333315277 0.0020800962950733508 0.0026250960803861005 0.8938037406621161 0.70628912880224948 1.7692541332603471 0.03874499325040235 0.015740849748421899 0.96557467759379156 -0.63157894736842091 0.047072559286249059 0.0044242206003172009
decision_type=2 2 2 2 2 2 2 2 2 2 2 2 2
left_child=4 2 -2 -3 8 6 -6 -7 9 -1 -10 -4 -5
right_child=1 3 11 12 5 7 -8 -9 10 -11 -12 -13 -14
leaf_value=0.016321713564210676 -0.05816557486369054 -0.049550561750396127 0.024064135884452952 0.016366309960894995 0.0066535119873081172 0.0028956750336557972 -0.041792712376692485 0.025524334239287575 -0.0012449303773119644 0.00076166010823533123 -0.015334102666430673 -0.0025593462912389866 -0.030068313879420643
leaf_weight=32.781974572688341 1.7770191356539715 5.2678704410791379 7.3618667107075444 3.7163411304354668 21.270926423370842 27.497201573103666 6.1700590327382079 27.142537992447615 390.40694326721132 116.62970738485456 30.903051849454641 37.368603866547346 3.0138511406257749
leaf_count=207 9 27 41 19 121 157 33 171 2506 715 183 212 32
internal_value=1.04077e-05 -0.00534425 -0.000469679 -0.0242393 0.000490303 0.00799312 -0.00423954 0.0141366 -0.000588746 0.00417565 -0.00227837 0.00182242 -0.0044276
internal_weight=711.308 58.5056 46.5075 11.9981 652.802 82.0807 27.441 54.6397 570.722 149.412 421.31 44.7305 6.73019
internal_count=4433 340 262 78 4093 482 154 328 3611 922 2689 253 51
is_linear=0
shrinkage=0.04


Tree=289
num_leaves=5
num_cat=0
split_feature=15 15 6 15
split_gain=1.11213 1.70577 1.87944 2.27595
threshold=-0.0012811558789887498 -0.0012646474891254997 -0.00043984060046379998 -0.0012548933821239499
decision_type=2 2 2 2
left_child=-1 -2 -3 -4
right_child=1 2 3 -5
leaf_value=0.025952140409457307 -0.021247748632357823 0.030788567997166463 -0.028553080632587984 0.00013891651892918532
leaf_weight=2.6342442706227294 6.0427256301045409 3.1776293441653243 4.451805777847766 694.60222391039133
leaf_count=18 36 19 28 4332
internal_value=1.01048e-05 -8.63799e-05 9.57143e-05 -4.38035e-05
internal_weight=710.909 708.274 702.232 699.054
internal_count=4433 4415 4379 4360
is_linear=0
shrinkage=0.04


Tree=290
num_leaves=9
num_cat=0
split_feature=34 32 32 35 10 34 10 34
split_gain=1.10814 1.28637 4.56138 5.90924 4.75776 3.07775 5.58418 4.16375
threshold=0.97358339766349478 0.0001443704051695351 0.00013673353015026198 1.1352752270164519 -0.00012588671514749997 0.42772483955917506 -0.00012463620372144996 0.37851372577434356
decision_type=2 2 2 2 2 2 2 2
left_child=1 2 3 -1 -4 7 -7 -3
right_child=-2 5 4 -5 -6 6 -8 -9
leaf_value=0.0019311817954864503 -0.017585795905498487 -0.0005679415695325165 -0.0083484019904482461 -0.048241272668566849 0.030130663246475013 0.0083732292894605556 -0.016622104755897406 0.014185116557775648
leaf_weight=105.08062613755465 5.6810116544365874 472.02956832386553 7.2188109867274788 3.895189255475997 17.864802729338408 20.847645221278071 45.539499792270362 32.730822067707777
leaf_count=667 34 2797 52 25 164 156 318 220
internal_value=9.75358e-06 0.0001515 0.00367773 0.000137837 0.0190568 -0.000676174 -0.00877279 0.00038871
internal_weight=710.888 705.207 134.059 108.976 25.0836 571.148 66.3871 504.76
internal_count=4433 4399 908 692 216 3491 474 3017
is_linear=0
shrinkage=0.04


Tree=291
num_leaves=11
num_cat=0
split_feature=35 25 32 15 38 35 32 15 30 8
split_gain=1.09912 3.35142 2.31075 8.0769 4.33209 4.27264 2.88025 2.36646 2.14659 2.29029
threshold=0.36091158000223739 0.75000000000000011 0.00031385137968383122 0.00063120796979785016 0.97054962396380318 0.6967130900532309 0.00030791442998191282 0.0015736527913450002 0.022837681376291292 0.00079877239843120014
decision_type=2 2 2 2 2 2 2 2 2 2
left_child=1 8 6 5 -5 -4 7 -2 -1 -10
right_child=2 -3 3 4 -6 -7 -8 -9 9 -11
leaf_value=-0.0043550935483228697 0.00076304551420617022 -0.012657073367952239 -0.0067096305214552013 -0.0035381173216159864 0.033597511611117223 -0.044504911211638333 0.028893357054607591 -0.0095597345533429308 0.011190820390212389 0.058042518330215592
leaf_weight=2.772776708006857 603.19445849210024 6.1038745846599332 8.3115284442901629 22.359876194968823 6.4835551008582106 11.281200502067803 5.6288834773004046 37.756632421165705 2.9813374429941177 3.7936630807816982
leaf_count=16 3804 38 51 151 42 59 32 198 18 24
internal_value=9.94361e-06 0.0104925 -0.000226121 -0.00865297 0.00480939 -0.0284716 0.000405145 0.000154959 0.0252919 0.0374254
internal_weight=710.668 15.6517 695.016 48.4362 28.8434 19.5927 646.58 640.951 9.54778 6.775
internal_count=4433 96 4337 303 193 110 4034 4002 58 42
is_linear=0
shrinkage=0.04


Tree=292
num_leaves=13
num_cat=0
split_feature=36 40 1 38 40 36 15 27 28 31 31 29
split_gain=1.10813 3.19319 2.91094 2.66396 2.42555 1.84536 4.09498 5.37434 5.22221 2.43014 5.86589 3.90425
threshold=0.34561573771701753 0.40108879825680471 -1.3362796379619792 0.98188503346026468 0.47826280504747659 0.44920937286250706 -0.0011827189666386497 0.91341127564796132 0.91722876138410825 0.67972825454569552 0.65810379504536254 0.084161429703952503
decision_type=2 2 2 2 2 2 2 2 2 2 2 2
left_child=1 2 -1 -3 -5 6 8 -8 -2 10 -7 -11
right_child=5 3 -4 4 -6 9 7 -9 -10 11 -12 -13
leaf_value=-0.058841044660127566 0.018248713142447092 -0.01991639180869708 -0.0079730825010067789 0.043041046403983638 -0.0067373139505134336 -0.00010959362244493188 -0.0032755567565489769 0.021449083300796142 -0.023011853377551995 0.0014821204865894783 -0.012979892055291615 0.023801772738249839
leaf_weight=3.1899207681417465 7.4751961268484619 4.3582125306129438 4.1308838129043606 3.4924520552158356 2.8396686837077141 314.53493859618902 23.565628284588456 34.896256109699607 14.291156336665152 215.0839758887887 69.109226785600185 13.315896611660717
leaf_count=18 56 22 26 22 20 1857 155 242 87 1412 401 115
internal_value=9.60587e-06 -0.00978544 -0.030138 0.00415209 0.0207177 0.000264448 0.00596858 0.0114827 -0.00884178 -0.000483264 -0.00242803 0.00278337
internal_weight=710.283 18.0111 7.3208 10.6903 6.33212 692.272 80.2282 58.4619 21.7664 612.044 383.644 228.4
internal_count=4433 108 44 64 42 4325 540 397 143 3785 2258 1527
is_linear=0
shrinkage=0.04


Tree=293
num_leaves=11
num_cat=0
split_feature=29 38 21 3 9 26 3 34 28 38
split_gain=1.11172 3.30572 4.72179 1.30629 4.84116 4.21872 2.94527 4.50326 2.2162 0.927364
threshold=0.13662853988467979 0.99999999984008481 -0.00074917618838864989 0.0014076210294540501 0.00023944140905538089 0.019785369060781259 0.0016107594559863503 0.065149259408759319 0.94911364512717922 0.81101847149343953
decision_type=2 2 2 2 2 2 2 2 2 2
left_child=3 2 -2 4 5 -1 7 -5 -8 -4
right_child=1 -3 9 6 -6 -7 8 -9 -10 -11
leaf_value=0.048094166154523173 -0.02510531307575815 -0.032270923718052458 0.017717086523236607 -0.034744815555613193 0.046497374080889886 -0.0021714655550076145 -0.0014826774220554726 -0.0044095478743744702 0.0036922220601049551 0.049011433940438692
leaf_weight=2.9095312133431426 2.4727295637130728 2.1715351417660704 2.2107122484594575 9.2170368731021863 4.382299229502677 32.657218940556049 398.71498141437769 52.02302273735404 198.24869306385517 4.8150012381374836
leaf_count=23 22 11 21 50 30 194 2495 306 1233 48
internal_value=9.79752e-06 0.0122538 0.022433 -0.000194867 0.00682827 0.0019405 -0.00062113 -0.00897521 0.000235881 0.0391643
internal_weight=709.823 11.67 9.49844 698.153 39.949 35.5668 658.204 61.2401 596.964 7.02571
internal_count=4433 102 91 4331 247 217 4084 356 3728 69
is_linear=0
shrinkage=0.04


Tree=294
num_leaves=14
num_cat=0
split_feature=5 27 38 23 23 7 20 36 35 35 32 26 32
split_gain=1.10528 3.75435 5.00574 5.35144 3.49028 5.45386 7.91869 5.19792 3.51958 4.11313 3.34889 7.42448 7.10172
threshold=1.0000000180025095e-35 0.57229176551810435 0.84564817261500036 5.9889055415489736 9.178131679681357 -0.00050766946219964984 0.0025862188835831007 0.59377531350911383 0.48323546937127432 0.50839273357155823 0.00018356818578665071 0.019784333285179829 0.00019463748743889703
decision_type=2 2 2 2 2 2 2 2 2 2 2 2 2
left_child=1 2 -1 -4 5 6 -2 -7 -6 -10 11 -3 -12
right_child=4 10 3 -5 8 7 -8 -9 9 -11 12 -13 -14
leaf_value=0.049437113984519207 -0.0023784870741900971 -0.014138967044299056 -0.031172927600033293 0.02552799008848515 -0.032726344161426585 -0.01931937656622866 -0.084936888771274421 0.033901119962715442 0.035887564562846759 -0.00061130245892585943 -0.034074027404186844 0.021464877988759571 0.00026719994567423079
leaf_weight=5.959871985018256 3.6084882505238083 13.354095589369534 4.2739540487527856 7.0667856112122509 5.3608864843845359 9.15249105542898 3.8338464424014091 4.3231750056147566 5.0170988216996184 321.79078279994428 9.9729191139340383 31.419622104614973 284.3628217400983
leaf_count=37 28 88 24 49 32 53 17 28 38 2046 60 250 1683
internal_value=9.86271e-06 0.00158126 0.019757 0.00415927 -0.00157633 -0.0174241 -0.0449076 -0.00224553 -0.000578327 -5.09781e-05 0.000653976 0.0108458 -0.000896377
internal_weight=709.497 356.41 17.3006 11.3407 353.087 20.918 7.44233 13.4757 332.169 326.808 339.109 44.7737 294.336
internal_count=4433 2191 110 73 2242 126 45 81 2116 2084 2081 338 1743
is_linear=0
shrinkage=0.04


Tree=295
num_leaves=12
num_cat=0
split_feature=40 24 28 40 24 13 34 31 20 31 18
split_gain=1.11905 4.05186 6.39794 3.32127 3.50064 2.92199 2.27632 2.23969 5.41586 4.42456 2.2217
threshold=0.68254376254088511 0.074999999999874958 0.92329409309175003 0.62819998880738648 0.024999999999958254 -0.00033775015063679996 0.45988305311642463 0.60553312003576987 0.0026036382018438005 0.61406346504657772 1.0000000180025095e-35
decision_type=2 2 2 2 2 2 2 2 2 2 2
left_child=3 2 10 7 -5 -3 -6 8 -1 -9 -2
right_child=1 5 -4 4 6 -7 -8 9 -10 -11 -12
leaf_value=-0.0049973244292415234 -0.008265733668322825 0.044779925100774942 -0.042244770420528134 0.013674720567861396 -0.040213424503849002 -0.0041941941955564166 -0.0046162655078355102 -0.028125272707439235 0.032677255780641075 0.00012343706287406368 0.03934212948322071
leaf_weight=13.519995648413898 2.7245080741122383 6.1496902890503407 4.7093844003975391 4.2740809842944172 8.4657751787453872 2.853797488845883 4.3516950272023669 8.9964945763349515 11.131675221025942 638.08974113687873 3.6959555260837078
leaf_count=87 24 38 32 26 63 33 32 48 63 3965 22
internal_value=1.01521e-05 0.00930562 -0.00683389 -0.000261539 -0.0176742 0.0292568 -0.0281277 0.000181505 0.012015 -0.000269307 0.0191398
internal_weight=708.963 20.1333 11.1298 688.829 17.0916 9.00349 12.8175 671.738 24.6517 647.086 6.42046
internal_count=4433 149 78 4284 121 71 95 4163 150 4013 46
is_linear=0
shrinkage=0.04


Tree=296
num_leaves=15
num_cat=0
split_feature=40 38 8 30 15 8 20 35 29 39 2 29 8 40
split_gain=1.1073 4.68403 4.89455 4.69155 5.69843 3.48262 3.40414 2.63817 1.77816 6.25513 4.68562 4.08411 7.72143 3.70143
threshold=0.28168779593128951 0.99999999982659871 0.00036680552815630005 0.014821923754412247 -0.00065399880716924988 0.0012604912017981503 0.0025871592268153008 0.91000861077984518 0.081427007143688529 0.27336487282301197 0.84485352634452371 0.065833400383493765 -0.00015109195079249997 0.33886532324612434
decision_type=2 2 2 2 2 2 2 2 2 2 2 2 2 2
left_child=1 2 6 7 -5 -4 -1 -3 11 13 -11 -2 -13 -10
right_child=8 3 5 4 -6 -7 -8 -9 9 10 -12 12 -14 -15
leaf_value=0.028724796225079584 0.00084997549139395558 0.048144052109529545 -0.031415480826665204 -0.033716283815841727 -0.001324936664236326 0.0071566863964053129 0.0026039739404105423 -0.0054587068921713097 0.043396963548418176 -0.039854235842449993 0.016089724325859013 0.0050399103701021354 -0.032131569494037338 0.0097539631954102288
leaf_weight=13.084990620613096 531.88071019481868 2.6908096969127646 8.5692551508545858 19.911687906831503 15.419333815574644 6.6529140770435324 20.472376026213169 3.235641323029995 6.1716641020029774 6.701984338462351 3.7277993150055408 18.311408311128616 17.473196445032954 34.380014868453145
leaf_count=138 3229 23 47 133 96 37 153 21 52 35 25 112 99 233
internal_value=9.40752e-06 -0.00413513 0.00425545 -0.0140555 -0.0195799 -0.0145574 0.0127892 0.0188788 0.000612598 0.0077685 -0.0198588 -3.00667e-05 -0.0131105 0.0148742
internal_weight=708.684 90.037 48.7795 41.2575 35.331 15.2222 33.5574 5.92645 618.647 50.9815 10.4298 567.665 35.7846 40.5517
internal_count=4433 648 375 273 229 84 291 44 3785 345 60 3440 211 285
is_linear=0
shrinkage=0.04


Tree=297
num_leaves=15
num_cat=0
split_feature=31 7 20 38 32 34 32 6 24 24 9 1 29 8
split_gain=1.10583 5.82768 4.28873 4.58211 4.19715 3.5786 6.52297 5.97798 3.4782 6.09429 3.20219 0.697113 0.333767 0.205799
threshold=4.9477247791836581 -0.00087749925200849991 0.0025842926929808001 0.90223513829023572 0.0001193697175362079 0.62278436477522869 0.00013673353015026198 -0.00030914256906909994 0.47499999999920833 0.374999999999375 0.00011966800222679359 -3.1853922871609934 0.048192145314013203 -0.0014607936613968999
decision_type=2 2 2 2 2 2 2 2 2 2 2 2 2 2
left_child=5 2 3 -2 -3 8 7 -7 9 -1 -4 -8 -6 -10
right_child=1 4 10 -5 12 6 11 -9 13 -11 -12 -13 -14 -15
leaf_value=-0.00051030893159156247 0.046209701788804465 -0.013213463612806618 -0.007428736241775675 -0.007216728430755338 0.047374986557139051 0.010256778840963984 0.02205419502758852 -0.022562374147727157 0.04531422757069626 -0.056075851106199705 -0.039767808375641284 0.0478840923402334 0.027895408817639841 0.026979410562369421
leaf_weight=580.34096360765398 2.9734155833721188 3.5256517156958562 8.7129160761833209 18.859139457345009 4.3573017865419388 49.552723720669746 2.2466496378183365 10.818958979099987 2.1295578032732014 3.1754235550761214 11.192067779600618 6.5334254484623653 2.0787806659936905 1.8137801252305497
leaf_count=3571 14 22 51 111 38 322 19 73 22 21 65 66 19 19
internal_value=9.99594e-06 -0.00562254 -0.0121835 5.95148e-05 0.0218666 0.000453482 0.00906044 0.00437539 -0.00055967 -0.00081269 -0.0256122 0.0412747 0.0410833 0.0368809
internal_weight=708.311 51.6993 41.7375 21.8326 9.96173 656.611 69.1518 60.3717 587.46 583.516 19.905 8.78008 6.43608 3.94334
internal_count=4433 320 241 125 79 4113 480 395 3633 3592 116 85 57 41
is_linear=0
shrinkage=0.04


Tree=298
num_leaves=12
num_cat=0
split_feature=15 33 25 15 0 32 2 2 8 37 34
split_gain=1.12274 7.17556 9.30496 7.70606 6.62839 7.85132 6.21639 4.63959 4.04978 3.33156 1.35448
threshold=-0.00075372429674269985 -0.73684210526315785 0.75000000000000011 -0.0010396867148122497 62.298175146558037 0.00022927233869371076 0.3262125519496557 0.060374051198491555 -0.0016283580053942997 0.29898591725119222 0.44613940530551199
decision_type=2 2 2 2 2 2 2 2 2 2 2
left_child=1 4 6 -4 5 -1 -3 10 -9 -10 -2
right_child=7 2 3 -5 -6 -7 -8 8 9 -11 -12
leaf_value=-0.0010991964002531396 0.051974449716208751 -0.024668295957505065 -0.02111454708190795 -0.092664838075245337 -0.058308868433874263 0.024269403851787136 0.015915850566493014 -0.03829862636435663 0.0017756163980951183 -0.019666069517908984 0.013689468863686684
leaf_weight=215.61450196243823 3.538676790893077 13.044343590736391 5.5738256573677063 4.2408396303653699 3.0333601012825957 21.46254824846983 11.244025506079195 4.2004904821515074 411.53478263039142 11.930558908730744 2.5396861396729946
leaf_count=1459 32 84 32 23 19 138 63 27 2457 76 23
internal_value=1.05023e-05 -0.0019929 -0.0191622 -0.0520309 0.000445665 0.00119742 -0.00588032 0.00127706 0.000783854 0.00117153 0.0359781
internal_weight=707.958 274.213 34.103 9.81467 240.11 237.077 24.2884 433.744 427.666 423.465 6.07836
internal_count=4433 1818 202 55 1616 1597 147 2615 2560 2533 55
is_linear=0
shrinkage=0.04


Tree=299
num_leaves=15
num_cat=0
split_feature=36 34 13 31 29 6 2 29 34 25 20 34 34 31
split_gain=1.09813 4.91195 4.73428 6.48895 3.8392 4.84345 4.31421 3.70674 5.83307 6.39503 4.64122 4.22011 6.95658 5.16613
threshold=0.61187549097214389 0.033547755354296577 0.00014343117841715002 0.64581183729841696 0.00062215631515387339 -0.00040476837926669993 0.020207132406137553 0.019731546523877961 0.042234530133059327 0.50000000000000011 0.0026783737395777506 0.16583392283634524 0.26659924888965331 0.64017773098956809
decision_type=2 2 2 2 2 2 2 2 2 2 2 2 2 2
left_child=7 2 3 -2 5 -3 -6 11 9 -9 -10 13 -13 -1
right_child=1 4 -4 -5 6 -7 -8 8 10 -11 -12 12 -14 -15
leaf_value=0.0026965671410864038 0.029801304012528944 -0.014157648419223732 0.051063238880271491 -0.023981094533970727 -0.046934900297630415 0.040414549625646473 -0.0038475976684358825 -0.037642989522739527 0.0070983416197043497 0.0045323037495671008 -0.042392360645160949 0.020557710889750003 -0.0033872338926289138 -0.020002030209352845
leaf_weight=26.530731741338968 8.0557851642370242 4.2053757607936859 4.970432646572589 6.4738097041845313 3.7770007476210585 6.8255999609827978 238.46750165428966 10.547130491584541 222.24320547841489 12.653554692864416 3.0737598091363898 24.4009720236063 94.963051453232765 40.584192011505365
leaf_count=157 46 23 27 39 22 42 1458 67 1456 78 29 145 613 231
internal_value=1.05481e-05 -0.00197912 0.0173656 0.00583801 -0.0034685 0.0196098 -0.0045194 0.00125822 0.00445674 -0.0146408 0.00642319 -0.0030044 0.00150771 -0.0110292
internal_weight=707.772 272.776 19.5 14.5296 253.275 11.031 242.245 434.997 248.518 23.2007 225.317 186.479 119.364 67.1149
internal_count=4433 1657 112 85 1545 65 1480 2776 1630 145 1485 1146 758 388
is_linear=0
shrinkage=0.04


end of trees

feature_importances:
Column_40=218
Column_3=176
Column_36=169
Column_9=165
Column_31=163
Column_32=155
Column_38=149
Column_35=144
Column_34=137
Column_15=127
Column_28=106
Column_13=102
Column_8=96
Column_29=95
Column_10=89
Column_26=87
Column_14=84
Column_2=80
Column_27=73
Column_30=72
Column_25=71
Column_1=68
Column_20=67
Column_21=66
Column_0=58
Column_7=58
Column_24=55
Column_23=50
Column_19=47
Column_37=46
Column_39=39
Column_33=37
Column_5=33
Column_12=33
Column_18=27
Column_6=26
Column_22=9
Column_17=4

parameters:
[boosting: gbdt]
[objective: binary]
[metric: binary_logloss]
[tree_learner: serial]
[device_type: cpu]
[data_sample_strategy: bagging]
[data: ]
[valid: ]
[num_iterations: 300]
[learning_rate: 0.04]
[num_leaves: 15]
[num_threads: 2]
[seed: 42]
[deterministic: 0]
[force_col_wise: 0]
[force_row_wise: 0]
[histogram_pool_size: -1]
[max_depth: 4]
[min_data_in_leaf: 20]
[min_sum_hessian_in_leaf: 0.001]
[bagging_fraction: 0.8]
[pos_bagging_fraction: 1]
[neg_bagging_fraction: 1]
[bagging_freq: 0]
[bagging_seed: 400]
[bagging_by_query: 0]
[feature_fraction: 0.8]
[feature_fraction_bynode: 1]
[feature_fraction_seed: 30056]
[extra_trees: 0]
[extra_seed: 12879]
[early_stopping_round: 0]
[early_stopping_min_delta: 0]
[first_metric_only: 0]
[max_delta_step: 0]
[lambda_l1: 0]
[lambda_l2: 0]
[linear_lambda: 0]
[min_gain_to_split: 0]
[drop_rate: 0.1]
[max_drop: 50]
[skip_drop: 0.5]
[xgboost_dart_mode: 0]
[uniform_drop: 0]
[drop_seed: 17869]
[top_rate: 0.2]
[other_rate: 0.1]
[min_data_per_group: 100]
[max_cat_threshold: 32]
[cat_l2: 10]
[cat_smooth: 10]
[max_cat_to_onehot: 4]
[top_k: 20]
[monotone_constraints: ]
[monotone_constraints_method: basic]
[monotone_penalty: 0]
[feature_contri: ]
[forcedsplits_filename: ]
[refit_decay_rate: 0.9]
[cegb_tradeoff: 1]
[cegb_penalty_split: 0]
[cegb_penalty_feature_lazy: ]
[cegb_penalty_feature_coupled: ]
[path_smooth: 0]
[interaction_constraints: ]
[verbosity: -1]
[saved_feature_importance_type: 0]
[use_quantized_grad: 0]
[num_grad_quant_bins: 4]
[quant_train_renew_leaf: 0]
[stochastic_rounding: 1]
[linear_tree: 0]
[max_bin: 255]
[max_bin_by_feature: ]
[min_data_in_bin: 3]
[bin_construct_sample_cnt: 200000]
[data_random_seed: 175]
[is_enable_sparse: 1]
[enable_bundle: 1]
[use_missing: 1]
[zero_as_missing: 0]
[feature_pre_filter: 1]
[pre_partition: 0]
[two_round: 0]
[header: 0]
[label_column: ]
[weight_column: ]
[group_column: ]
[ignore_column: ]
[categorical_feature: ]
[forcedbins_filename: ]
[precise_float_parser: 0]
[parser_config_file: ]
[objective_seed: 16083]
[num_class: 1]
[is_unbalance: 0]
[scale_pos_weight: 1]
[sigmoid: 1]
[boost_from_average: 1]
[reg_sqrt: 0]
[alpha: 0.9]
[fair_c: 1]
[poisson_max_delta_step: 0.7]
[tweedie_variance_power: 1.5]
[lambdarank_truncation_level: 30]
[lambdarank_norm: 1]
[label_gain: ]
[lambdarank_position_bias_regularization: 0]
[eval_at: ]
[multi_error_top_k: 1]
[auc_mu_weights: ]
[num_machines: 1]
[local_listen_port: 12400]
[time_out: 120]
[machine_list_filename: ]
[machines: ]
[gpu_platform_id: -1]
[gpu_device_id: -1]
[gpu_use_dp: 0]
[num_gpu: 1]

end of parameters

pandas_categorical:null
