tree
version=v4
num_class=1
num_tree_per_iteration=1
label_index=0
max_feature_idx=33
objective=binary sigmoid:1
feature_names=Column_0 Column_1 Column_2 Column_3 Column_4 Column_5 Column_6 Column_7 Column_8 Column_9 Column_10 Column_11 Column_12 Column_13 Column_14 Column_15 Column_16 Column_17 Column_18 Column_19 Column_20 Column_21 Column_22 Column_23 Column_24 Column_25 Column_26 Column_27 Column_28 Column_29 Column_30 Column_31 Column_32 Column_33
feature_infos=[0:96.874858724166884] [-0.0010752353993811999:0.0013711751072186] [-0.42686638789164699:1.4716277461392719] [0.00020653749475270001:0.0098122806746280006] [0:1] [0:1] [-0.0015504278073413:0.0029626858159783002] [-0.0029848427199089:0.0044482257320766] [-0.0049142536108918002:0.0055801412885607997] [5.1484053059671406e-05:0.00099720983710589566] [-0.0019571136824996999:0.0035200272513241002] [-1:1] [-0.0019571136824996999:0.0035200272513241002] [-0.0018580242533353:0.0037194775690345999] [-0.0024240164083787:0.0051210560748353997] [-0.0039013755211774999:0.0057327377726630003] [0:1] [0:1] [-1:1] [0.62429772750387325:33.400577550873713] [0:1] [0:0.99072641007373208] [0:0.32606812685452691] [0:0.38782373236674034] [0.59962231436257174:1.8272319090129814] [0:0.00092276532145621828] [-0.78947368421052633:0.68421052631578938] [0:0.60387095995006901] [0:2.5263124653781044] [0.10000000000000001:0.90000000000000002] [0:0.63269242317532237] [0:0.99999999987237509] [0:0.78534125940515875] [0.20047601285700192:0.75153931969201826]
tree_sizes=1655 1638 1745 1740 1755 1736 1736 1652 1633 1736 1531 1634 1748 1635 1637 1628 1734 1740 1640 1747 1733 1753 1764 1738 1743 1742 1747 1651 1739 1738 1734 1729 1750 1735 1756 1734 1740 1738 1739 1744 1734 1430 1740 1545 1636 1424 1749 1642 1754 1637 1639 1642 1537 1633 1538 1633 1524 1425 1527 1637 1749 1653 1432 1539 1746 1530 1535 1755 1640 1763 1638 1435 1767 1643 1745 1421 1754 1435 1754 1108 1421 1002 1647 1545 1436 1434 1650 1647 1419 1645 1101 1655 1758 1433 1118 1546 1756 1118 1755 1752 1131 1226 1654 1440 1760 1441 996 1761 1236 1450 1749 1650 1451 1224 1758 1003 1755 1534 1649 1654 891 1741 1446 999 1329 1756 1445 892 1231 1217 1344 1002 1222 1766 1644 997 1011 1529 1110 1325 1759 1009 795 1325 1432 1544 1538 1225 1542 902 1435 1427 1647 1346 1329 1756 1754 1437 1740 1119 891 1331 1754 1346 1664 1767 1442 1752 1106 1118 994 1653 1639 1746 1761 1759 1212 1112 899 1110 1323 1244 1747 1657 1343 910 1656 1230 1227 1742 1541 1016 903 1442 1445 1644 1416 1758 897 1118 1227 1435 1647 1226 799 1636 1751 800 1445 1344 1653 1643 1646 1534 1653 1002 893 1755 1650 907 1018 1324 1763 1341 1765 1328 1532 1014 1340 1758 897 1752 1761 1651 1443 1645 1330 1097 1758 1235 1746 907 1118 1114 999 1327 1108 1118 1440 1736 1735 1761 1776 1441 1772 1648 1649 1644 1544 1539 1642 1647 1322 1012 792 1099 1006 1760 1741 1649 1424 1014 1763 1115 1114 1230 1747 1755 915 1560 797 1634 1658 1668 1760 1226 1758 1448 1016 901 1093 1771 1751 1435 897 1750 1546 1761 1437 1015

Tree=0
num_leaves=15
num_cat=0
split_feature=33 33 33 33 24 25 33 9 8 0 24 9 3 23
split_gain=402.605 169.751 66.7263 39.1471 30.4194 20.3281 13.8611 12.0053 9.81157 7.52345 7.15908 4.02933 2.7305 1.0222
threshold=0.46607881598610745 0.56844013770893642 0.49185119636303393 0.53035574285805898 0.74290129097103563 0.00040196055849628062 0.42674471448301626 0.00025809448170273548 0.00088902726853340008 39.89457519922383 0.9159481828446977 0.00043200618576359355 0.00047340072881360003 0.0097448709948698455
decision_type=2 2 2 2 2 2 2 2 2 2 2 2 2 2
left_child=6 2 5 -4 9 -2 12 -6 11 -3 -10 -8 -1 -14
right_child=1 4 3 -5 7 -7 8 -9 10 -11 -12 -13 13 -15
leaf_value=1.4229058742244325 1.370604961093314 1.3140667054631463 1.3191180196833565 1.3620873168625067 1.404634651028825 1.4200332861926097 1.4309569908177331 1.4391838730714284 1.3491761147409806 1.3842855240188148 1.4253365256359749 1.4545043425744835 1.4383689544808405 1.4536058079294583
leaf_weight=5.0635366439819327 36.710640668869019 4.2723590433597547 80.067173182964325 58.863613486289978 23.260621458292007 20.887088656425476 57.75596484541893 52.21772164106369 3.7976524829864493 5.6964787244796753 4.114123523235321 14.557667851448057 7.4370694458484641 133.5507789850235
leaf_count=32 232 27 506 372 147 132 365 330 24 36 26 92 47 844
internal_value=1.40469 1.3728 1.35233 1.33732 1.41986 1.38853 1.44443 1.42854 1.43107 1.35419 1.38878 1.4357 1.45177 1.4528
internal_weight=508.252 281.976 196.529 138.931 85.4472 57.5977 226.277 75.4783 80.2254 9.96884 7.91178 72.3136 146.051 140.988
internal_count=3212 1782 1242 878 540 364 1430 477 507 63 50 457 923 891
is_linear=0
shrinkage=1


Tree=1
num_leaves=14
num_cat=0
split_feature=33 33 33 2 9 3 22 33 1 33 18 3 21
split_gain=373.611 144.123 65.3993 32.7836 25.567 21.0388 15.886 10.7933 8.20571 5.94845 5.5838 2.70182 1.03146
threshold=0.46358345509585874 0.56844013770893642 0.49185119636303393 0.56595440650182904 0.00025809448170273548 0.0009179430077453501 0.043045590271239879 0.42674471448301626 0.0003096453691091001 0.57760139592493409 1.0000000180025095e-35 0.00047340072881360003 0.97946422880582751
decision_type=2 2 2 2 2 2 2 2 2 2 2 2 2
left_child=7 2 5 -4 6 -2 -3 11 10 -6 -9 -1 -13
right_child=1 4 3 -5 9 -7 -8 8 -10 -11 -12 12 -14
leaf_value=0.017689641174928009 -0.072147086492025392 0.013208422846622766 -0.078619020590008484 -0.040152539811595223 -0.00012115597015509539 -0.0046217602454339431 -0.043877655640089719 0.017445521608332303 -0.026958916191801831 0.037168281386592651 0.040566935433530474 0.048156839785051274 0.025818626406895528
leaf_weight=5.0076894760131827 8.5098748952150327 16.359864383935932 82.394487291574478 62.218776434659958 8.0618111044168455 55.729639366269112 14.906235262751578 28.696874588727951 4.1577208489179602 45.336015060544014 40.013999849557877 133.49629618227482 3.3913449198007575
leaf_count=32 53 103 500 378 52 350 93 185 26 292 257 869 22
internal_value=3.00392e-05 -0.0293047 -0.0471507 -0.0620691 0.0147185 -0.0135669 -0.0140076 0.0401217 0.0276085 0.0315385 0.0309104 0.0465477 0.0476034
internal_weight=508.281 293.517 208.853 144.613 84.6639 64.2395 31.2661 214.764 72.8686 53.3978 68.7109 141.895 136.888
internal_count=3212 1821 1281 878 540 403 196 1391 468 344 442 923 891
is_linear=0
shrinkage=0.04


Tree=2
num_leaves=15
num_cat=0
split_feature=0 9 29 3 24 31 3 0 30 18 23 9 13 3
split_gain=24.582 30.4992 31.7672 16.4115 18.1152 13.1026 16.1938 11.5607 11.4173 10.0301 9.08752 8.12025 6.31293 2.40294
threshold=58.369937462383888 0.0001708773414839323 0.41002941187291314 0.00050427564381030009 0.79250642257427739 0.84834347178532254 0.0042912511712840506 71.522171658012638 0.19303607329279229 1.0000000180025095e-35 0.054282998266057612 0.00013720161172339721 0.00025575086246235008 0.0011869827115878501
decision_type=2 2 2 2 2 2 2 2 2 2 2 2 2 2
left_child=1 3 8 11 -5 10 7 -7 -3 -4 13 -1 -12 -2
right_child=5 2 9 4 -6 6 -8 -9 -10 -11 12 -13 -14 -15
leaf_value=-0.021069587306476269 0.017328285499583231 -0.043877975175687131 0.010378967969303888 -0.09296844865111295 -0.027423309231114815 -0.00052979691702152894 -0.064266153247559438 0.031601903169701386 0.023545368565630248 -0.0049557328833640252 0.02889426211912588 0.050268803612242723 -0.0089995565535678466 0.047819105462977886
leaf_weight=8.9916440248489362 4.9121213555336025 33.54694963991642 145.26256817579269 11.970598891377451 15.459376648068426 66.697795495390892 5.2312912791967383 24.495659723877907 4.5653628706932059 128.71878415346146 15.490399375557901 3.5652007013559333 12.885500162839888 26.15590438246727
leaf_count=56 31 207 927 72 96 423 32 158 29 807 100 22 81 171
internal_value=5.57184e-05 -0.00579915 -0.0015851 -0.0386894 -0.0560276 0.0132809 0.00417505 0.00810116 -0.0358015 0.00317459 0.0280515 -0.000814843 0.0116867 0.0429982
internal_weight=507.949 352.08 312.094 39.9868 27.43 155.869 96.4247 91.1935 38.1123 273.981 59.4439 12.5568 28.3759 31.068
internal_count=3212 2216 1970 246 168 996 613 581 236 1734 383 78 181 202
is_linear=0
shrinkage=0.04


Tree=3
num_leaves=15
num_cat=0
split_feature=33 33 33 33 24 25 33 9 1 18 9 25 33 23
split_gain=341.146 129.841 55.0248 30.9224 25.3387 18.1998 10.5948 10.4127 7.73521 5.57132 5.48816 1.8582 3.36085 1.22425
threshold=0.46358345509585874 0.56844013770893642 0.49185119636303393 0.53035574285805898 0.74290129097103563 0.00040196055849628062 0.42674471448301626 0.00025809448170273548 0.0003096453691091001 1.0000000180025095e-35 0.00021070675568843461 0.0001221967156569649 0.37423009450593775 0.0097448709948698455
decision_type=2 2 2 2 2 2 2 2 2 2 2 2 2 2
left_child=6 2 5 -4 10 -2 11 -6 9 -8 -3 12 -1 -13
right_child=1 4 3 -5 7 -7 8 -9 -10 -11 -12 13 -14 -15
leaf_value=0.048920919655949247 -0.028478314815626224 -0.061983931620481984 -0.072435666809978261 -0.035648628506920133 0.0011472159558426737 0.01602428266985962 0.016662238966408002 0.033319776881426004 -0.025650378564111131 0.039986205995283734 0.00053379059559170055 0.030205797398062229 0.0024273344608104581 0.048145819519377832
leaf_weight=5.9591121822595579 42.14183384180069 7.4075828790664655 87.497845023870468 62.799671187996864 23.677391886711121 22.582399174571037 28.226150304079056 50.266842693090439 4.2159365713596335 39.063195988535881 3.2247127592563629 6.4110623747110358 4.2701845318078995 120.0893112719059
leaf_count=40 259 43 506 372 147 144 185 330 26 257 20 43 28 812
internal_value=6.1367e-05 -0.027271 -0.043786 -0.0570647 0.0147158 -0.0129513 0.0393858 0.0230179 0.0269093 0.0302024 -0.0430227 0.0459106 0.0295123 0.0472366
internal_weight=507.833 299.598 215.022 150.298 84.5765 64.7242 208.235 73.9442 71.5053 67.2893 10.6323 136.73 10.2293 126.5
internal_count=3212 1821 1281 878 540 403 1391 477 468 442 63 923 68 855
is_linear=0
shrinkage=0.04


Tree=4
num_leaves=15
num_cat=0
split_feature=7 18 5 27 8 31 3 29 22 9 10 21 3 26
split_gain=20.7783 27.3165 21.8342 16.3338 13.7178 13.6586 14.439 13.2606 12.0667 11.9454 11.5949 9.14922 4.93525 2.89443
threshold=0.00015298491268820002 1.0000000180025095e-35 1.0000000180025095e-35 0.27471674309809574 0.00047659066239400005 0.86474424206087508 0.0018847818179519502 0.3901042046502497 0.11532352550908971 0.00044923962921308852 0.00029994645475260004 0.96535529499884387 0.00055779675866765013 0.2105263157894737
decision_type=2 2 2 2 2 2 2 2 2 2 2 2 2 2
left_child=1 7 8 -4 12 6 -6 11 -3 -7 -9 -1 -2 -14
right_child=4 2 3 -5 5 9 -8 10 -10 -11 -12 -13 13 -15
leaf_value=-0.060002035127491256 -0.021286704592567835 0.00042327472112845238 -0.035366473052538996 0.031222594277761022 -0.0095073338050554769 0.0026370789890356044 0.035752913209999071 0.014012584701414166 -0.061440927707149012 -0.034434641446714584 -0.029657146499427571 0.013224422430656127 0.031668690177066874 0.0043993914976988057
leaf_weight=7.5584791451692563 3.3586805611848822 91.652976751327515 81.213904529809952 6.355090767145156 18.056588187813759 42.335904493927956 30.040141955018044 124.69747620820999 5.3384430557489386 20.710316807031631 10.551212623715399 4.2736101299524307 53.914777606725693 7.0411479324102393
leaf_count=45 21 575 490 40 112 270 202 808 32 127 67 26 352 45
internal_value=8.30426e-05 -0.00580635 -0.0160545 -0.0305339 0.0112149 0.00270681 0.0187612 0.00705331 -0.00298175 -0.00954077 0.0106058 -0.0335535 0.0259178 0.0285188
internal_weight=507.099 331.641 184.56 87.569 175.458 111.143 48.0967 147.081 96.9914 63.0462 135.249 11.8321 64.3146 60.9559
internal_count=3212 2083 1137 530 1129 711 314 946 607 397 875 71 418 397
is_linear=0
shrinkage=0.04


Tree=5
num_leaves=15
num_cat=0
split_feature=33 33 33 33 9 21 33 33 1 9 33 19 33 23
split_gain=310.987 119.45 40.8166 35.071 17.2015 15.2403 12.326 10.5038 7.28287 3.95994 2.52376 1.84216 2.80559 1.08203
threshold=0.46358345509585874 0.58140541796809175 0.48747083060623997 0.54471280363566899 0.00019687167701378693 0.92169261652648005 0.66189542152082537 0.42674471448301626 0.0003096453691091001 0.00039025083518644428 0.6170465989912467 0.62437536735286769 0.37289744944747877 0.0097448709948698455
decision_type=2 2 2 2 2 2 2 2 2 2 2 2 2 2
left_child=7 2 5 -4 6 -2 -3 11 9 -9 -6 12 -1 -13
right_child=1 4 3 -5 10 -7 -8 8 -10 -11 -12 13 -14 -15
leaf_value=0.048547064546919899 -0.026259605419218592 -0.039589376833292132 -0.059149026477391155 -0.020779825586979252 0.027905669729308281 0.016597371300972837 0.019587976870705015 0.022491057913946958 -0.024523284764923586 0.043347078494129589 0.047164913477936776 0.030878190658958232 -0.0036109792770492801 0.047285308731406038
leaf_weight=3.6228619217872611 31.835866406559944 10.173522233963014 128.79778468608856 54.136415481567383 26.460063070058823 22.772815868258476 12.614273488521574 43.913938507437706 4.2662324011325827 21.79580919444561 18.496705114841461 6.8014363944530478 3.0302000045776367 118.16468790173531
leaf_count=25 195 61 727 324 176 143 74 295 26 147 121 47 20 831
internal_value=8.70209e-05 -0.0253732 -0.0387351 -0.0477943 0.0214793 -0.00838746 -0.00683152 0.038643 0.0261209 0.029409 0.0358296 0.0453004 0.0247912 0.0463923
internal_weight=506.883 305.287 237.543 182.934 67.7446 54.6087 22.7878 201.595 69.976 65.7097 44.9568 131.619 6.65306 124.966
internal_count=3212 1821 1389 1051 432 338 135 1391 468 442 297 923 45 878
is_linear=0
shrinkage=0.04


Tree=6
num_leaves=15
num_cat=0
split_feature=33 33 33 33 24 27 33 1 18 9 29 19 33 21
split_gain=289.592 107.572 35.7279 30.621 18.8438 13.9085 10.4415 6.9087 6.2635 4.61776 4.1667 1.83678 2.70942 1.10698
threshold=0.46358345509585874 0.58140541796809175 0.48747083060623997 0.53907332994281754 0.74290129097103563 0.27471674309809574 0.42674471448301626 0.00026583895439125002 1.0000000180025095e-35 0.00012885277511797785 0.65488942478255441 0.62437536735286769 0.37289744944747877 0.97946422880582751
decision_type=2 2 2 2 2 2 2 2 2 2 2 2 2 2
left_child=6 2 5 -4 10 -2 11 8 -8 -6 -3 12 -1 -13
right_child=1 4 3 -5 9 -7 7 -9 -10 -11 -12 13 -14 -15
leaf_value=0.048142206216777755 -0.0023567630365159808 -0.052363400128124002 -0.056528842955811162 -0.022628707440900394 -0.0040582759897288658 -0.079781423928950962 0.014454757740309505 -0.018805038682020801 0.03986803228440701 0.033489237369882761 0.0011157045865171369 0.046575334922918467 -0.0034585500598809751 0.022353263508270778
leaf_weight=3.5094862580299369 50.868804529309273 5.7573073804378492 122.1792064011097 65.480034276843071 5.8367160111665717 4.0045398771762839 26.857377707958221 5.2025256454944602 36.750497072935104 51.320920512080193 3.9168584942817688 118.08524549007416 3.0370575040578842 3.0980131924152365
leaf_count=25 313 33 667 384 35 25 183 32 253 342 22 856 20 22
internal_value=0.000105301 -0.0240165 -0.0363982 -0.0447001 0.0209168 -0.00800705 0.0380742 0.0255129 0.0291377 0.029655 -0.0307109 0.0448412 0.0242037 0.0459561
internal_weight=505.905 309.364 242.533 187.659 66.8318 54.8733 196.54 68.8104 63.6079 57.1576 9.67417 127.73 6.54654 121.183
internal_count=3212 1821 1389 1051 432 338 1391 468 436 377 55 923 45 878
is_linear=0
shrinkage=0.04


Tree=7
num_leaves=14
num_cat=0
split_feature=7 18 15 8 8 31 3 14 29 3 29 3 3
split_gain=18.5043 22.7713 17.987 12.7366 12.2572 11.9851 12.6141 11.7499 11.2133 9.95339 7.65021 3.6551 2.65862
threshold=0.00015298491268820002 1.0000000180025095e-35 -0.00082278840206634991 -0.00014411693223694995 0.00047659066239400005 0.86474424206087508 0.0018847818179519502 0.00071150580366150017 0.3901042046502497 0.0042912511712840506 0.49518018046199835 0.00057982451066820016 0.0017219235977958003
decision_type=2 2 2 2 2 2 2 2 2 2 2 2 2
left_child=1 7 10 -4 11 6 -6 8 -1 -7 -3 -2 -13
right_child=4 2 3 -5 5 9 -8 -9 -10 -11 -12 12 -14
leaf_value=-0.028969399065191494 -0.013152493070792826 -0.024757470069897446 -0.032159305718986043 -0.0094944960623020158 -0.0077711156173108486 -0.0038350046105911752 0.034683854766744925 -0.067380923507437698 0.011659399044196437 -0.061319087787050516 0.027089130867559878 0.02215727973639877 0.04128315742273693
leaf_weight=11.863428860902784 3.7877580523490897 5.8247769922018078 72.117497026920319 88.17354454100132 18.407339453697205 58.292299717664719 28.587628647685051 3.3644995540380469 129.65535597503185 5.2537997663021079 20.864952012896538 42.47852149605751 16.012237757444382
leaf_count=69 24 36 424 543 112 368 202 20 857 29 134 283 111
internal_value=0.000121103 -0.00540607 -0.0146293 -0.0196918 0.0107349 0.00273902 0.0180548 0.00649712 0.00825351 -0.00858762 0.0157741 0.0249271 0.0273931
internal_weight=504.684 331.864 186.981 160.291 172.82 110.541 46.995 144.883 141.519 63.5461 26.6897 62.2785 58.4908
internal_count=3212 2083 1137 967 1129 711 314 946 926 397 170 418 394
is_linear=0
shrinkage=0.04


Tree=8
num_leaves=14
num_cat=0
split_feature=33 33 25 33 24 33 2 1 18 0 25 3 21
split_gain=265.29 98.6736 31.5185 31.7922 17.1327 10.3528 8.41138 6.51457 6.22788 4.53025 4.48584 2.6625 1.12321
threshold=0.46358345509585874 0.58140541796809175 0.00014024164617808382 0.49185119636303393 0.74290129097103563 0.42674471448301626 0.38986159158148886 0.00026583895439125002 1.0000000180025095e-35 38.928263474696195 0.00021301927645779047 0.00047340072881360003 0.97946422880582751
decision_type=2 2 2 2 2 2 2 2 2 2 2 2 2
left_child=5 2 6 -4 9 11 -2 8 -7 -3 -6 -1 -13
right_child=1 4 3 -5 10 7 -8 -9 -10 -11 -12 12 -14
leaf_value=0.014779060937860069 -0.14185435151167747 -0.061891855627954025 -0.0069145731911003441 -0.039923315650175636 0.011807060863211909 0.013671645277517892 -0.071240898797145569 -0.018009805221926765 0.03928150282059692 -0.0063789301355471808 0.03656868051420549 0.046097764255885687 0.021384427045885706
leaf_weight=4.7036311179399481 4.5032337158918363 3.8029028624296171 64.049199491739273 172.20867209136486 16.552283599972725 26.418634295463562 6.7368721812963486 5.2478984594345084 35.756029352545738 6.1653404384851456 39.980337038636208 115.19598311930895 3.0196535736322394
leaf_count=32 24 20 390 939 101 183 36 32 253 35 276 869 22
internal_value=0.000122132 -0.022465 -0.0340882 -0.0309747 0.0207932 0.0373832 -0.0995315 0.0247873 0.0283996 -0.0275572 0.0293187 0.0442922 0.0454665
internal_weight=504.341 313.999 247.498 236.258 66.5009 190.342 11.2401 67.4226 62.1747 9.96824 56.5326 122.919 118.216
internal_count=3212 1821 1389 1329 432 1391 60 468 436 55 377 923 891
is_linear=0
shrinkage=0.04


Tree=9
num_leaves=15
num_cat=0
split_feature=33 33 33 33 24 21 33 25 24 27 9 19 3 23
split_gain=247.542 89.7289 33.7025 30.4301 19.6709 15.2487 10.3 7.66091 4.90264 12.0525 4.15758 3.74409 2.64472 1.17095
threshold=0.46358345509585874 0.5704208134748775 0.49844580334781374 0.52310596698286282 0.74290129097103563 0.9138884537778017 0.42674471448301626 0.00026515050775271652 0.91712197952939278 0.16966219757089765 0.00021070675568843461 0.62455020158276098 0.00047340072881360003 0.0097448709948698455
decision_type=2 2 2 2 2 2 2 2 2 2 2 2 2 2
left_child=6 2 5 -4 10 -2 12 -6 9 -8 -3 -10 -1 -14
right_child=1 4 3 -5 7 -7 8 -9 11 -11 -12 -13 13 -15
leaf_value=0.014325997623736254 -0.029073813764405713 -0.048885611766483948 -0.065048401455049532 -0.029200859664468452 0.0049471257747443539 0.005547831607746463 0.028790917020282625 0.032664049043686576 -0.0083013731711741642 -0.023291044719845621 0.0038310496696439713 0.039918923441081042 0.02820124931761156 0.046038796942827677
leaf_weight=4.6592063605785361 44.061411499977112 8.174886077642439 67.199450507760048 86.86308091878891 24.658877536654472 37.830249562859535 24.742989972233772 45.205985724925995 2.8297282755374935 9.9753595590591413 3.3847571760416022 28.774238705635071 6.2267011106014243 108.33496568351984
leaf_count=32 254 43 344 468 152 227 176 313 20 68 20 204 47 844
internal_value=0.000135659 -0.0213213 -0.0338153 -0.0448369 0.0148841 -0.0130802 0.0368386 0.0228813 0.0242028 0.0138266 -0.0334497 0.0356014 0.0438678 0.0450693
internal_weight=502.922 317.379 235.954 154.063 81.4245 81.8917 185.543 69.8649 66.3223 34.7183 11.5596 31.604 119.221 114.562
internal_count=3212 1821 1293 812 528 481 1391 465 468 244 63 224 923 891
is_linear=0
shrinkage=0.04


Tree=10
num_leaves=13
num_cat=0
split_feature=33 33 25 33 24 33 1 18 25 0 3 23
split_gain=231.166 82.2143 26.457 25.5211 14.8713 10.2539 6.10527 5.5804 4.21494 3.81511 2.62829 1.17714
threshold=0.46358345509585874 0.58140541796809175 0.00011975200346748775 0.48747083060623997 0.74290129097103563 0.42674471448301626 0.0003096453691091001 1.0000000180025095e-35 0.00021301927645779047 38.928263474696195 0.00047340072881360003 0.0097448709948698455
decision_type=2 2 2 2 2 2 2 2 2 2 2 2
left_child=5 2 -2 -4 9 10 7 -7 -6 -3 -1 -12
right_child=1 4 3 -5 8 6 -8 -9 -10 -11 11 -13
leaf_value=0.013883563121671168 -0.10292525388548335 -0.054786988979160053 -0.0039547060058363137 -0.034993567034902438 0.011250493215042512 0.012915648556534383 -0.021979791742583205 0.037388642911619308 0.035491922589183385 -0.0047888265121207854 0.027615435471628449 0.045681032604092529
leaf_weight=4.6162634193897238 7.8181968480348578 3.9943087846040708 54.283661410212517 193.35838237404823 16.389984324574471 26.075052827596664 4.3814150243997565 34.808578334748745 38.278127953410149 6.2826345711946487 6.1068890839815131 104.88578997552395
leaf_count=32 39 20 330 1020 101 185 26 257 276 35 47 844
internal_value=0.000148254 -0.0202607 -0.030477 -0.0281898 0.0199251 0.0363012 0.0236255 0.0269074 0.0282241 -0.0242215 0.0434571 0.0446871
internal_weight=501.279 320.405 255.46 247.642 64.9451 180.874 65.265 60.8836 54.6681 10.2769 115.609 110.993
internal_count=3212 1821 1389 1350 432 1391 468 442 377 55 923 891
is_linear=0
shrinkage=0.04


Tree=11
num_leaves=14
num_cat=0
split_feature=33 33 25 33 24 33 6 1 18 25 29 3 23
split_gain=216.017 74.6755 23.1498 23.1921 13.9329 10.2058 7.35616 5.79339 5.98852 4.09504 3.45439 2.61301 1.18431
threshold=0.46358345509585874 0.58140541796809175 0.00014024164617808382 0.49185119636303393 0.74290129097103563 0.42674471448301626 3.412146558228132e-05 0.00026583895439125002 1.0000000180025095e-35 0.00021301927645779047 0.65488942478255441 0.00047340072881360003 0.0097448709948698455
decision_type=2 2 2 2 2 2 2 2 2 2 2 2 2
left_child=5 2 6 -4 10 11 -2 8 -7 -6 -3 -1 -13
right_child=1 4 3 -5 9 7 -8 -9 -10 -11 -12 12 -14
leaf_value=0.013451639126619182 -0.10436391584985008 -0.041756744232673886 -0.0056620210710037634 -0.033487339475040179 0.010874236184110746 0.01209977661177428 -0.039275386237004488 -0.016968297375933094 0.037831118209363385 0.034910227305846149 0.0053591817800328111 0.027036178802147072 0.045338526789145829
leaf_weight=4.57476583123207 8.163437604904173 6.2512766122817975 65.095363467931747 181.71892881393433 16.281060114502907 25.564175993204117 4.2114307135343543 5.3070887178182593 33.35114124417305 37.377641417086124 4.1377056241035461 5.9906002283096305 101.519052490592
leaf_count=32 39 33 390 939 101 183 21 32 253 276 22 47 844
internal_value=0.000158192 -0.0192682 -0.0288254 -0.0261486 0.0194082 0.035774 -0.0822129 0.0230602 0.0266659 0.0276173 -0.0229915 0.0430588 0.0443187
internal_weight=499.544 323.237 259.189 246.814 64.0477 176.307 12.3749 64.2224 58.9153 53.6587 10.389 112.084 107.51
internal_count=3212 1821 1389 1329 432 1391 60 468 436 377 55 923 891
is_linear=0
shrinkage=0.04


Tree=12
num_leaves=15
num_cat=0
split_feature=0 25 29 25 3 20 24 31 25 3 0 23 12 3
split_gain=16.4967 19.6568 23.4847 12.9878 12.6845 12.6312 10.6827 9.96829 9.82231 8.85711 9.81495 8.06764 6.03229 1.98559
threshold=58.369937462383888 0.00017614157391235397 0.42975941364240261 0.00059074854071364464 0.00050427564381030009 0.051949857103830391 0.78866480118016835 0.84834347178532254 0.00014024164617808382 0.0042912511712840506 76.922914201551038 0.054282998266057612 2.8256370042789872e-05 0.0011869827115878501
decision_type=2 2 2 2 2 2 2 2 2 2 2 2 2 2
left_child=1 4 3 -3 8 -6 -4 11 -1 10 -9 13 -13 -2
right_child=7 2 6 -5 5 -7 -8 9 -10 -11 -12 12 -14 -15
leaf_value=-0.020464369691691884 0.017802678043357709 -0.031671768685572636 0.027864232305039854 0.049934906052130267 -0.05883243593812474 -0.0070095881239271296 0.0012619475601476097 0.0024712100692883187 0.051422061474800662 -0.042974151583292805 0.048259685293589712 0.033565601057256644 -0.0053949700591766686 0.046077648780575471
leaf_weight=8.8144468590617162 4.8675357326865223 45.811681389808655 27.01891054213047 3.3484168052673331 22.587300680577755 11.285072483122347 227.67496785521507 78.818755440413952 4.6431393176317206 6.116261087357997 8.2767900601029378 10.402849115431311 16.35500305891037 21.642470523715019
leaf_count=52 31 266 182 22 122 66 1478 518 28 32 63 76 105 171
internal_value=0.000166887 -0.00453651 -0.000801566 -0.0261133 -0.0285145 -0.0415669 0.00408402 0.0114433 0.0043379 0.00355504 0.00682254 0.0252466 0.00975202 0.040886
internal_weight=497.664 351.184 303.854 49.1601 47.33 33.8724 254.694 146.48 13.4576 93.2118 87.0955 53.2679 26.7579 26.51
internal_count=3212 2216 1948 288 268 188 1660 996 80 613 581 383 181 202
is_linear=0
shrinkage=0.04


Tree=13
num_leaves=14
num_cat=0
split_feature=33 33 33 33 25 33 21 33 1 18 33 3 21
split_gain=199.178 69.5886 25.0084 24.9419 17.2803 13.6578 13.3641 10.1167 5.501 5.85866 4.47464 2.60064 1.22586
threshold=0.46358345509585874 0.56844013770893642 0.49844580334781374 0.5240424263397645 0.00026864346356219871 0.60870594375295217 0.92008587311077128 0.42674471448301626 0.00026583895439125002 1.0000000180025095e-35 0.57760139592493409 0.00047340072881360003 0.97946422880582751
decision_type=2 2 2 2 2 2 2 2 2 2 2 2 2
left_child=7 2 6 -4 5 -3 -2 11 9 -9 -6 -1 -13
right_child=1 4 3 -5 10 -7 -8 8 -10 -11 -12 12 -14
leaf_value=0.012889185895252014 -0.024649421684742077 -0.039572486922563314 -0.055157497599357987 -0.023541634459352347 0.0039807973057587511 0.011640627902173689 0.0077699366286044028 0.011583079342511593 -0.016432835411937362 0.037268090159010725 0.036018732344854927 0.044607252570497274 0.017402825423347708
leaf_weight=4.5188628882169715 48.726548627018929 13.096247032284735 73.918329209089279 86.814058750867844 8.578760623931883 22.90179942548275 34.927966475486755 25.289071686565876 5.3366439491510382 32.429761864244938 37.312711656093597 100.59682507067919 2.7219387739896765
leaf_count=32 273 76 356 444 52 135 208 183 32 253 277 869 22
internal_value=0.000166232 -0.0181568 -0.0288501 -0.0380813 0.0137557 -0.00699093 -0.0111135 0.0351494 0.0224219 0.0260144 0.0300297 0.0425915 0.0438906
internal_weight=497.17 326.276 244.387 160.732 81.8895 35.998 83.6545 170.893 63.0555 57.7188 45.8915 107.838 103.319
internal_count=3212 1821 1281 800 540 211 481 1391 468 436 329 923 891
is_linear=0
shrinkage=0.04


Tree=14
num_leaves=14
num_cat=0
split_feature=33 33 33 33 25 8 8 33 1 33 25 3 23
split_gain=186.36 63.2034 22.3252 22.0198 16.3302 12.5776 10.8479 10.0693 5.18507 4.33089 3.88519 2.587 1.22836
threshold=0.46358345509585874 0.56844013770893642 0.49844580334781374 0.52310596698286282 0.00026864346356219871 -0.00011560313080309998 -9.4867113304705501e-05 0.42674471448301626 0.00026583895439125002 0.57760139592493409 0.00028211360365120835 0.00047340072881360003 0.0097448709948698455
decision_type=2 2 2 2 2 2 2 2 2 2 2 2 2
left_child=7 2 6 -4 5 -3 -2 11 10 -6 -9 -1 -13
right_child=1 4 3 -5 9 -7 -8 8 -10 -11 -12 12 -14
leaf_value=0.012481335484583068 0.004356764752633825 -0.019569971524794519 -0.052302007269988175 -0.022759994139171243 0.003830613522480522 0.036528024171909056 -0.024393494587978286 0.0082342844752221322 -0.015626226149468497 0.035452215573052649 0.031814054631673 0.025499393731052353 0.044637102510839383
leaf_weight=4.4806535989046088 40.35139262676239 27.828977569937706 73.01221752166748 90.295081630349159 8.5589109361171705 8.3025252521038038 43.781020477414131 15.321483500301836 5.3865810036659232 36.41095557063818 41.364398457109928 5.6898290365934363 94.342249371111393
leaf_count=32 233 161 344 456 52 50 248 117 32 277 319 47 844
internal_value=0.000174624 -0.0172997 -0.0273439 -0.0359678 0.013345 -0.00667942 -0.0106044 0.0346377 0.021877 0.0294338 0.0254407 0.0422166 0.0435485
internal_weight=495.126 328.541 247.44 163.307 81.1014 36.1315 84.1324 166.585 62.0725 44.9699 56.6859 104.513 100.032
internal_count=3212 1821 1281 800 540 211 481 1391 468 329 436 923 891
is_linear=0
shrinkage=0.04


Tree=15
num_leaves=14
num_cat=0
split_feature=33 33 25 33 24 33 29 24 27 1 25 3 21
split_gain=174.443 57.662 19.0412 17.2878 12.3338 10.0266 5.32427 5.12471 11.1741 4.62213 3.15967 2.574 1.25619
threshold=0.46358345509585874 0.58140541796809175 0.00011975200346748775 0.48747083060623997 0.73725229944089909 0.42674471448301626 0.65488942478255441 0.91712197952939278 0.16966219757089765 -4.6517570389648093e-05 0.0002280631959540709 0.00047340072881360003 0.97946422880582751
decision_type=2 2 2 2 2 2 2 2 2 2 2 2 2
left_child=5 2 -2 -4 6 11 -3 8 -7 -6 -9 -1 -13
right_child=1 4 3 -5 9 7 -8 10 -10 -11 -12 12 -14
leaf_value=0.012083623511765491 -0.082942170078838931 -0.050932680420516949 -0.0027083025070261191 -0.027932173380736568 0.016806967046915255 0.025823916515948401 0.011381422960416365 0.0025835978462131694 -0.025558189940444953 0.041443202731610937 0.039187179165169971 0.043976936143381197 0.015889457780829001
leaf_weight=4.4437637627124777 8.6386707425117475 5.259724408388136 55.190468862652779 204.79659189283848 33.937808372080326 22.488115176558495 3.7637063711881638 4.4605139419436481 9.6897289678454381 19.00969460606575 24.48871386796236 94.213512010872364 2.6185157895088187
leaf_count=32 39 27 330 1020 241 176 20 34 68 144 190 869 22
internal_value=0.000181612 -0.0164951 -0.0245189 -0.0225776 0.0182853 0.0341298 -0.0249412 0.0213367 0.0103512 0.0256521 0.0335473 0.0418513 0.0432174
internal_weight=493 330.597 268.626 259.987 61.9709 162.403 9.02343 61.1271 32.1778 52.9475 28.9492 101.276 96.832
internal_count=3212 1821 1389 1350 432 1391 47 468 244 385 224 923 891
is_linear=0
shrinkage=0.04


Tree=16
num_leaves=15
num_cat=0
split_feature=33 33 33 33 25 33 9 33 29 1 33 3 23 21
split_gain=163.354 53.2686 18.5467 19.4517 15.3716 12.3833 11.8312 9.98226 5.10819 6.11715 3.88611 2.56138 1.27381 0.00256335
threshold=0.46358345509585874 0.56844013770893642 0.49844580334781374 0.5240424263397645 0.00026864346356219871 0.60870594375295217 0.0004419413791302392 0.42674471448301626 0.46420195728615959 0.00011797196495065001 0.57760139592493409 0.00047340072881360003 0.0097448709948698455 0.96027787916568685
decision_type=2 2 2 2 2 2 2 2 2 2 2 2 2 2
left_child=7 2 6 -4 5 -3 -2 11 13 -10 -6 -1 -13 -9
right_child=1 4 3 -5 10 -7 -8 8 9 -11 -12 12 -14 -15
leaf_value=0.011695933481961492 -0.01648963324550648 -0.03715910649008352 -0.0470922035539433 -0.019768887540689388 0.0047349525800094664 0.011376896659761541 0.022412211528180809 0.046752685362058455 0.023286094737908606 -0.0098071304525232245 0.034631409627254889 0.024095261941384453 0.044052273468675338 0.04819433784932884
leaf_weight=4.4081569015979758 69.885544642806053 13.345570668578146 77.81438322365284 89.793400570750237 8.6791001111268979 22.744749754667282 15.235563173890112 7.1185894533991796 38.753088168799877 11.615724228322504 35.051189236342907 5.4320586472749701 88.287799149751663 2.7302087917923927
leaf_count=32 390 76 356 444 52 135 91 58 307 83 277 47 844 20
internal_value=0.000187289 -0.015735 -0.024732 -0.0324541 0.0127514 -0.00657087 -0.00952671 0.0336265 0.020806 0.0156544 0.0286979 0.041494 0.0428956 0.0471523
internal_weight=490.895 332.55 252.729 167.608 79.8206 36.0903 85.1211 158.346 60.2176 50.3688 43.7303 98.128 93.7199 9.8488
internal_count=3212 1821 1281 800 540 211 481 1391 468 390 329 923 891 78
is_linear=0
shrinkage=0.04


Tree=17
num_leaves=15
num_cat=0
split_feature=33 33 33 0 25 8 21 33 29 1 33 3 21 21
split_gain=153.025 48.5638 16.6992 22.0349 14.5175 11.862 11.6261 9.94066 4.99856 5.75654 3.76283 2.54913 1.2876 0.00224109
threshold=0.46358345509585874 0.56844013770893642 0.49844580334781374 63.019381575229815 0.00026864346356219871 -0.00011560313080309998 0.92008587311077128 0.42674471448301626 0.46420195728615959 0.00011797196495065001 0.57760139592493409 0.00047340072881360003 0.97946422880582751 0.96027787916568685
decision_type=2 2 2 2 2 2 2 2 2 2 2 2 2 2
left_child=7 2 6 -4 5 -3 -2 11 13 -10 -6 -1 -13 -9
right_child=1 4 3 -5 10 -7 -8 8 9 -11 -12 12 -14 -15
leaf_value=0.011318142732635126 -0.021456558795855538 -0.018641661043491589 -0.03797748453652449 -0.001913266069988002 0.0045582142970158794 0.036128487450240235 0.0085011587692396702 0.046444973097538957 0.022732101978607058 -0.0093543003990439553 0.034080414840620903 0.043388892318927591 0.014401404163771671 0.047815124006242216
leaf_weight=4.3737962394952765 50.246936321258545 28.035773605108261 135.75645460188389 33.869521796703339 8.655487194657324 8.1708166226744634 35.280207186937332 6.8838617801666242 38.122553579509258 11.68936228007078 34.21028783172369 88.171811453998089 2.5218992978334418 2.6435381099581718
leaf_count=32 273 161 637 163 52 50 208 58 307 83 277 869 22 20
internal_value=0.000192594 -0.0150221 -0.0235102 -0.0307765 0.0123674 -0.00628157 -0.00909891 0.033126 0.0202797 0.0152024 0.0281193 0.0411444 0.0425828 0.0468251
internal_weight=488.632 334.225 255.153 169.626 79.0724 36.2066 85.5271 154.407 59.3393 49.8119 42.8658 95.0675 90.6937 9.5274
internal_count=3212 1821 1281 800 540 211 481 1391 468 390 329 923 891 78
is_linear=0
shrinkage=0.04


Tree=18
num_leaves=14
num_cat=0
split_feature=33 33 33 33 24 25 33 1 24 18 25 3 23
split_gain=143.532 41.2825 20.0836 18.1664 11.2859 10.389 5.76189 5.19125 9.94871 3.67625 3.63544 2.53702 1.32138
threshold=0.45513688121472767 0.58140541796809175 0.48747083060623997 0.54471280363566899 0.73295369052949766 0.00041187567892610259 0.42674471448301626 0.00013991709197345002 0.9159481828446977 1.0000000180025095e-35 0.00021301927645779047 0.00047340072881360003 0.0097448709948698455
decision_type=2 2 2 2 2 2 2 2 2 2 2 2 2
left_child=6 2 5 -4 -3 -2 11 9 -9 -8 -6 -1 -13
right_child=1 4 3 -5 10 -7 7 8 -10 -11 -12 12 -14
leaf_value=0.010950128301111131 -0.01119596216794003 -0.028608478319315261 -0.03288453651785582 -0.0073451224206674531 0.0092357041784133283 0.021872437131054724 0.016158828096015959 -0.050787479492035222 0.037829024331897235 0.041946350093176842 0.031352514681737567 0.022700130863850417 0.043508446938599329
leaf_weight=4.340645693242549 50.742015220224857 7.5930743813514701 156.08826848864555 62.368075758218765 18.328499615192413 21.702095746994019 16.783921226859093 3.9859203249216062 4.1245197579264641 18.700211249291897 33.858558937907219 5.1897636875510207 82.564491733908653
leaf_count=32 311 39 727 324 112 144 131 27 32 161 281 47 844
internal_value=0.000197338 -0.0133193 -0.0195408 -0.0255932 0.0169555 -0.00128966 0.0351302 0.0231498 -0.00572204 0.0297489 0.0235849 0.0408013 0.0422778
internal_weight=486.37 350.681 290.9 218.456 59.7801 72.4441 135.689 43.5946 8.11044 35.4841 52.1871 92.0949 87.7543
internal_count=3212 1938 1506 1051 432 455 1274 351 59 292 393 923 891
is_linear=0
shrinkage=0.04


Tree=19
num_leaves=15
num_cat=0
split_feature=33 33 33 31 24 10 33 29 1 1 13 28 3 24
split_gain=134.897 37.8624 18.1926 20.132 10.5881 9.77932 5.75973 4.80331 4.59541 3.33653 7.42949 3.82808 1.81632 0.529466
threshold=0.45513688121472767 0.58140541796809175 0.48747083060623997 0.94978480080508865 0.73725229944089909 5.6476036731820723e-05 0.41498727763925286 0.65488942478255441 -4.6517570389648093e-05 0.00013991709197345002 0.00012801912063735001 0.72613590747895562 0.00047340072881360003 1.0173639659362435
decision_type=2 2 2 2 2 2 2 2 2 2 2 2 2 2
left_child=6 2 5 -4 7 -2 12 -3 -6 11 -11 -8 -1 -14
right_child=1 4 3 -5 8 -7 9 -9 -10 10 -12 -13 13 -15
leaf_value=0.013752478937160487 0.011080776464090152 -0.047311281037296038 -0.014477029528993091 -0.039153092871920363 0.014803420767651383 -0.018764909766474887 -0.010723323798897124 0.011573498617701806 0.040227000858572545 -0.036172161367489325 0.033553694186997843 0.032812517769553684 0.044780220019376364 0.036019372150857654
leaf_weight=3.5246850773692122 42.569004900753498 5.3813655823469144 132.41308560967445 88.094124004244804 32.320800557732582 29.906231306493282 3.5003180876374236 3.7686199545860291 17.553594708442688 4.2475277185440046 5.7618600875139236 42.081952929496765 59.392049975693226 13.55675273388624
leaf_count=26 268 27 630 421 241 187 30 20 144 32 47 372 626 141
internal_value=0.000201097 -0.0127327 -0.0186209 -0.0243353 0.0164949 -0.00123477 0.0346748 -0.0230583 0.0237514 0.0248773 0.00396522 0.0294693 0.0417971 0.0431521
internal_weight=484.072 352.007 292.982 220.507 59.0244 72.4752 132.065 9.14999 49.8744 55.5917 10.0094 45.5823 76.4735 72.9488
internal_count=3212 1938 1506 1051 432 455 1274 47 385 481 79 402 793 767
is_linear=0
shrinkage=0.04


Tree=20
num_leaves=15
num_cat=0
split_feature=33 33 25 33 9 33 32 33 27 24 23 33 25 33
split_gain=126.774 34.734 16.6528 15.967 10.0748 12.0495 5.8393 5.78659 4.30646 9.32387 3.37795 3.25244 2.34617 3.63849
threshold=0.45513688121472767 0.58140541796809175 0.00014024164617808382 0.48747083060623997 0.00019687167701378693 0.66189542152082537 0.0013866801089155334 0.42674471448301626 0.16966219757089765 0.91225449633202216 0.017105303835462781 0.6170465989912467 0.0001221967156569649 0.37423009450593775
decision_type=2 2 2 2 2 2 2 2 2 2 2 2 2 2
left_child=7 2 6 -4 5 -3 -2 12 10 -10 -9 -6 13 -1
right_child=1 4 3 -5 11 -7 -8 8 9 -11 -12 -13 -14 -15
leaf_value=0.044992773677377099 -0.039186261282111452 -0.036496830130445926 0.0008839420243300385 -0.021134415103370784 0.019341996855474611 0.021490879555103874 -0.092066891931478378 -0.011315453681894775 -0.031066665795885073 0.035310311127012703 0.035361709574738762 0.044068884116840165 0.042131837888627677 -0.011754382905994969
leaf_weight=3.8536835461854926 8.2860738933086378 10.362294346094133 70.2443657964468 210.9311406314373 20.596242867410183 12.835091158747671 5.5984904170036307 2.7445040345191982 6.5015703663229925 7.0657106339931488 25.80170001834631 14.505393989384173 79.202043823897839 3.4052684232592583
leaf_count=40 37 61 444 1001 176 74 24 22 46 59 224 121 855 28
internal_value=0.000204263 -0.0121709 -0.0177454 -0.0156337 0.0160424 -0.00441229 -0.0605086 0.0342147 0.0220558 0.00350183 0.030874 0.0295601 0.040137 0.0183719
internal_weight=481.934 353.359 295.06 281.176 58.299 23.1974 13.8846 128.574 42.1135 13.5673 28.5462 35.1016 86.461 7.25895
internal_count=3212 1938 1506 1445 432 135 61 1274 351 105 246 297 923 68
is_linear=0
shrinkage=0.04


Tree=21
num_leaves=15
num_cat=0
split_feature=7 18 15 5 8 19 31 19 14 1 27 19 19 9
split_gain=12.8655 10.8476 11.3613 10.0659 9.32536 9.27926 8.23835 12.8305 7.86899 7.85605 7.47013 3.82847 8.0437 4.18389
threshold=0.00015298491268820002 1.0000000180025095e-35 -0.00082278840206634991 1.0000000180025095e-35 0.00047659066239400005 0.62585525989016 0.86474424206087508 0.62528217864452851 0.00071150580366150017 0.00024693521249190005 0.287105022206051 0.62474284701121874 0.62462914337940723 0.00034114594679593972
decision_type=2 2 2 2 2 2 2 2 2 2 2 2 2 2
left_child=1 8 5 -4 11 -3 9 -8 10 -6 -1 12 -2 -13
right_child=4 2 3 -5 6 -7 7 -9 -10 -11 -12 13 -14 -15
leaf_value=0.0090246453258482125 0.02284542424847421 0.030587088148009336 -0.0046820894088958863 -0.02454127328968211 0.0016106740478229603 -0.023335643003461578 0.013952227066016839 -0.022718436603294107 -0.053780258441907688 0.036749986410436128 -0.02457743955729277 0.050808027074611697 -0.038898547409311993 0.021385605403668378
leaf_weight=117.24967443197966 14.007188700139524 17.384190514683727 83.436164081096649 79.983928561210632 24.594450406730175 7.2295792400836936 26.995006874203682 35.136047564446926 3.6232231184840193 17.36879825592041 11.636155277490614 11.099468655884264 4.4478594586253157 25.495287299156189
leaf_count=842 103 122 523 444 152 48 184 213 20 162 84 81 32 202
internal_value=0.000206873 -0.00440891 -0.0105861 -0.0144019 0.00950384 0.0147489 0.00246239 -0.00678559 0.00435662 0.016155 0.00599096 0.0228186 0.00796448 0.0303097
internal_weight=479.687 320.543 188.034 163.42 159.144 24.6138 104.094 62.1311 132.509 41.9632 128.886 55.0498 18.455 36.5948
internal_count=3212 2083 1137 967 1129 170 711 397 946 314 926 418 135 283
is_linear=0
shrinkage=0.04


Tree=22
num_leaves=15
num_cat=0
split_feature=7 15 29 18 5 8 10 27 31 15 13 31 24 22
split_gain=11.9134 10.1253 10.3844 9.81921 9.09453 8.77838 8.69626 7.79331 7.76502 7.57242 6.81846 5.93235 3.70974 4.32002
threshold=0.00015298491268820002 -0.00082278840206634991 0.52126565822686077 1.0000000180025095e-35 1.0000000180025095e-35 0.00047659066239400005 0.00029823191462155003 0.287105022206051 0.9372394753931762 0.0007918842232398001 0.00058519618963215011 0.83594082038395912 1.0818594090835352 0.031764614708190676
decision_type=2 2 2 2 2 2 2 2 2 2 2 2 2 2
left_child=1 2 11 6 -5 12 -3 -4 9 -7 -10 -1 13 -2
right_child=5 3 7 4 -6 8 -8 -9 10 -11 -12 -13 -14 -15
leaf_value=0.014747892728609694 0.039572469503346856 0.0071248680501845288 0.026673762987783924 -0.0044840853327704116 -0.023297233694330292 -0.001995746009879177 -0.036894904505833825 -0.014145210704024665 -0.00027792479377649097 0.026980435053473379 -0.034553501448263149 -0.029008502296731378 -0.012616678141208131 0.01559578953235731
leaf_weight=7.5718326717615154 20.28759527951479 76.967894300818443 40.552002668380737 83.631558813154697 80.866150222718716 29.568361558020115 7.9193513020873061 9.1773734986782056 33.172957763075829 28.185588017106056 12.896239854395388 14.358360856771467 4.485591083765029 29.516035683453083
leaf_count=53 164 569 290 523 444 195 50 66 224 217 75 88 36 218
internal_value=0.000203332 -0.00422295 0.00902898 -0.00803082 -0.0137325 0.00919081 0.00301815 0.0191408 0.00237537 0.0121455 -0.00987275 -0.0139007 0.0222247 0.0253627
internal_weight=479.157 321.045 71.6596 249.385 164.498 158.112 84.8872 49.7294 103.823 57.7539 46.0692 21.9302 54.2892 49.8036
internal_count=3212 2083 497 1586 967 1129 619 356 711 412 299 141 418 382
is_linear=0
shrinkage=0.04


Tree=23
num_leaves=15
num_cat=0
split_feature=0 3 29 19 31 19 26 28 23 3 9 2 7 27
split_gain=11.3706 11.9999 12.5494 12.3014 7.70931 9.12773 11.4682 7.3734 7.27836 7.17978 5.0807 1.98874 1.67071 0.0596977
threshold=58.369937462383888 0.0036974442667249007 0.42975941364240261 0.62475844347467324 0.84834347178532254 0.62527683067219697 0.2105263157894737 0.9823664874686604 0.054282998266057612 0.0017414822703433002 0.00047555036538918309 0.89297890839562044 -0.0014152893580533499 0.31776509256448654
decision_type=2 2 2 2 2 2 2 2 2 2 2 2 2 2
left_child=1 2 7 -4 8 9 -7 -1 11 -6 -10 -2 -3 -14
right_child=4 12 3 -5 5 6 -8 -9 10 -11 -12 -13 13 -15
leaf_value=-0.038284725852931294 0.048169813780198849 0.014749306066823561 -0.01452414966456133 0.0037192319738108947 0.0060469361724207653 0.0048889692740376996 -0.041641237143447966 -0.007583613126035631 0.0007031225215489809 0.042357779943717942 0.051521649412099642 0.023013828735492625 0.046384618779278929 0.054204227418122253
leaf_weight=25.936942405998707 14.734426677227022 3.3665480017662048 84.442699536681175 197.34344299137592 41.293246105313301 22.816294305026531 13.483610697090624 24.189601197838783 21.359122648835186 11.04283447563648 3.6918168216943732 7.6331006884574881 5.0424503609538061 2.2632113993167877
leaf_count=144 138 24 513 1330 284 160 76 142 154 93 27 64 49 14
internal_value=0.000199453 -0.00368581 -0.00502821 -0.00174775 0.00998254 0.0030182 -0.0123947 -0.0234693 0.0230005 0.0137085 0.00819237 0.0395851 0.0380635 0.048807
internal_weight=478.639 342.585 331.913 281.786 136.054 88.636 36.2999 50.1265 47.4185 52.3361 25.0509 22.3675 10.6722 7.30566
internal_count=3212 2216 2129 1843 996 613 236 286 383 377 181 202 87 63
is_linear=0
shrinkage=0.04


Tree=24
num_leaves=15
num_cat=0
split_feature=0 25 7 3 3 31 31 19 26 1 23 28 2 7
split_gain=10.5407 12.0464 10.9095 11.3286 9.71489 8.56594 7.27594 8.44142 10.3379 7.37668 7.04969 4.96036 1.98451 1.6507
threshold=58.369937462383888 0.00017614157391235397 0.00014323552001700002 0.00050427564381030009 0.0036974442667249007 0.9404360157948074 0.84834347178532254 0.62527683067219697 0.2105263157894737 0.00021821599131070001 0.054282998266057612 1.2274199054476844 0.89297890839562044 -0.0014152893580533499
decision_type=2 2 2 2 2 2 2 2 2 2 2 2 2 2
left_child=1 2 3 -1 5 -3 10 9 -9 -8 12 -12 -2 -6
right_child=6 4 -4 -5 13 -7 7 8 -10 -11 11 -13 -14 -15
leaf_value=0.015729562419071912 0.04782682634641048 0.0041483764438818641 -0.085747889198299787 -0.028841432854761668 0.014288810488568704 -0.0099046338186000501 0.0055637831239812672 0.0047064637430699946 -0.039244247832668021 0.042764138319585143 0.017784159064930156 -0.024317929965141667 0.022431205145218288 0.048419317108195518
leaf_weight=12.693514198064802 14.25615204125643 162.25884432345629 3.9356386065483084 32.447840251028538 3.3366596251726151 121.26597726345062 41.144208408892155 22.75430478900671 13.729650199413298 10.759016893804072 19.083675816655163 5.8498998433351508 7.5204212293028823 7.0742382481694204
leaf_count=75 138 1077 21 172 24 784 290 160 76 87 136 45 64 63
internal_value=0.000195602 -0.00353173 -0.0218769 -0.0163083 -0.000468734 -0.00186222 0.00965932 0.00291106 -0.0118331 0.013275 0.0224287 0.00790619 0.0390566 0.0374806
internal_weight=478.11 343.013 49.077 45.1414 293.936 283.525 135.097 88.3872 36.484 51.9032 46.7101 24.9336 21.7766 10.4109
internal_count=3212 2216 268 247 1948 1861 996 613 236 377 383 181 202 87
is_linear=0
shrinkage=0.04


Tree=25
num_leaves=15
num_cat=0
split_feature=33 33 33 31 25 25 33 33 22 15 8 13 25 33
split_gain=113.129 35.0049 16.2303 15.8178 10.7006 9.68569 9.42396 5.81749 4.59695 8.72717 5.75399 3.44646 1.74767 2.98058
threshold=0.45513688121472767 0.5704208134748775 0.48747083060623997 0.99999999978812026 0.00028875693263296335 0.00041187567892610259 0.60870594375295217 0.41498727763925286 0.013059201511512925 -0.0004142384099711499 0.00092558971696585018 0.00018353157299130001 0.0001221967156569649 0.37423009450593775
decision_type=2 2 2 2 2 2 2 2 2 2 2 2 2 2
left_child=7 2 5 -4 6 -2 -3 12 9 -9 -10 -6 13 -1
right_child=1 4 3 -5 11 -7 -8 8 10 -11 -12 -13 -14 -15
leaf_value=0.044773973836602803 -0.010913381971056098 -0.026610769796196632 -0.017283622194911034 -0.043240366415942727 0.037376023087473662 0.021213578965977725 0.013643517737547271 -0.056656120799327241 0.032368137079918612 0.03519669310854974 -0.016458422187863309 0.011288519236198171 0.043025012861395616 -0.01001156392120087
leaf_weight=3.6946430578827849 50.837099224328995 14.912541501224039 158.06953105330467 49.272726327180862 24.017419211566448 21.307612136006355 24.747406616806984 3.1066942811012268 41.7997090741992 3.5419587120413771 4.2547619938850394 12.228001348674296 63.020090162754059 2.7877242118120193
leaf_count=40 311 85 729 226 195 144 147 27 390 31 33 101 731 22
internal_value=0.000192 -0.0112238 -0.017766 -0.023452 0.012865 -0.00142483 -0.0014925 0.0333909 0.0233687 -0.00772307 0.0278573 0.028575 0.0409907 0.0212136
internal_weight=477.598 355.392 279.487 207.342 75.9054 72.1447 39.6599 122.206 52.7031 6.64865 46.0545 36.2454 69.5025 6.48237
internal_count=3212 1938 1410 955 528 455 232 1274 481 58 423 296 793 62
is_linear=0
shrinkage=0.04


Tree=26
num_leaves=15
num_cat=0
split_feature=33 33 33 0 9 25 33 33 3 13 13 0 3 27
split_gain=106.385 32.1569 15.0725 17.5204 12.7309 10.9572 9.43978 5.83055 4.60648 3.29088 11.6166 3.26719 1.80183 0.580344
threshold=0.45513688121472767 0.56844013770893642 0.49844580334781374 63.019381575229815 0.00043629454470545782 0.00028875693263296335 0.66189542152082537 0.41498727763925286 0.00126296074375845 0.00014183190811500003 4.2567682917814063e-05 74.841724813615755 0.00047340072881360003 0.0064325306446757881
decision_type=2 2 2 2 2 2 2 2 2 2 2 2 2 2
left_child=7 2 4 -4 -2 6 -3 12 -7 10 -9 -11 -1 -14
right_child=1 5 3 -5 -6 8 -8 9 -10 11 -12 -13 13 -15
leaf_value=0.01238167143964279 -0.011903275798108848 -0.016337996408131831 -0.030326240728985088 0.0013355327474939699 0.023378580543033784 0.0030904915233820641 0.024300731470667261 0.026091262066417226 0.035890784619935528 0.043179853732439641 -0.036330096275575194 -0.0094407437489104733 0.017306610367187589 0.042805815379984784
leaf_weight=3.4106752574443808 81.216799683868885 26.491685807704926 142.4724837243557 34.792404264211655 20.492255441844463 9.0853154063224775 13.967032432556151 28.293995425105095 27.852684773504734 15.602421887218954 5.7374699786305419 2.1478011235594741 1.4615483507513989 62.362024694681168
leaf_count=26 466 156 637 163 132 75 80 263 229 149 49 20 16 751
internal_value=0.000194925 -0.0107403 -0.0170692 -0.0241119 -0.00479472 0.0120718 -0.00230882 0.0329384 0.0278232 0.0228501 0.0155675 0.0368127 0.0407081 0.0422219
internal_weight=475.387 356.371 278.974 177.265 101.709 77.3967 40.4587 119.016 36.938 51.7817 34.0315 17.7502 67.2342 63.8236
internal_count=3212 1938 1398 800 598 540 236 1274 304 481 312 169 793 767
is_linear=0
shrinkage=0.04


Tree=27
num_leaves=14
num_cat=0
split_feature=7 21 15 29 8 32 23 1 10 24 19 13 2
split_gain=9.36311 9.23844 11.4601 8.60334 8.05197 7.90634 6.93192 7.64227 4.25623 3.63477 4.16854 3.29816 2.96731
threshold=0.00015298491268820002 0.97130477920872471 0.00024020630486695004 0.65302400225404444 0.00047659066239400005 0.11842333999268218 0.011599304569283127 0.00021821599131070001 0.00014234976881235002 1.0818594090835352 0.62474284701121874 0.00034100597588595003 0.43942192798789009
decision_type=2 2 2 2 2 2 2 2 2 2 2 2 2
left_child=1 2 3 -1 9 -4 8 -8 -6 10 -2 12 -3
right_child=4 11 5 -5 6 -7 7 -9 -10 -11 -12 -13 -14
leaf_value=-0.0089448945041949376 0.0070586714551151277 0.017203427358291383 -0.035920993732624681 0.0057379639413922372 -0.0047972124314899466 0.022857155281253375 -0.0067571341961516675 0.016243473155169167 -0.059802935660347639 -0.013722792336480796 0.032406769720440959 -0.015941281764587017 0.05178838144937023
leaf_weight=154.84374792873859 15.261617079377173 15.084811560809618 27.88756025582552 108.65542098879814 4.5938132554292661 4.2149446308612815 45.167680777609348 47.33679735660553 4.4128681719303131 4.3930811434984198 32.455138228833675 3.4561409354209891 5.3866240084171286
leaf_count=977 114 108 171 729 28 33 278 381 24 36 268 24 41
internal_value=0.000197294 -0.00370429 -0.00563937 -0.00289033 0.00831252 -0.0282036 0.00175124 0.00501284 -0.0317475 0.0210941 0.0242995 0.0202018 0.0263037
internal_weight=473.15 319.529 295.602 263.499 153.621 32.1025 101.511 92.5045 9.00668 52.1098 47.7168 23.9276 20.4714
internal_count=3212 2083 1910 1706 1129 204 711 659 52 418 382 173 149
is_linear=0
shrinkage=0.04


Tree=28
num_leaves=15
num_cat=0
split_feature=33 33 33 9 19 33 9 2 33 27 2 7 3 21
split_gain=99.266 30.7214 22.3255 17.0986 16.8443 13.1643 11.6567 6.63541 5.85426 4.15353 4.79417 4.72004 2.504 1.6244
threshold=0.45513688121472767 0.54471280363566899 0.49844580334781374 0.0004332626660263143 0.62497838799777417 0.58140541796809175 0.0004419413791302392 0.95394249814280263 0.42674471448301626 0.16966219757089765 0.039576006633848658 -0.00064378789163229983 0.00047340072881360003 0.97946422880582751
decision_type=2 2 2 2 2 2 2 2 2 2 2 2 2 2
left_child=8 2 6 -4 5 -3 -2 -6 12 10 -10 -11 -1 -14
right_child=1 4 3 -5 7 -7 -8 -9 9 11 -12 -13 13 -15
leaf_value=0.0085813348870045804 -0.010958856368610022 -0.028397412556928563 -0.020715038796006172 -0.052927097892101642 0.025357410505151473 0.0081461770237409373 0.024269952115096648 -0.02448876740933506 -0.027915893521753086 0.036463389372168011 0.034125812051548396 -0.015188303557034339 0.04166157585174611 0.0054001812380302903
leaf_weight=4.1219796016812316 83.521531492471695 28.603072762489319 96.516652405261993 36.275481760501862 54.213095307350159 35.16079980880022 18.325116887688637 4.6385043337941161 2.1715343371033695 4.1684764623641959 24.213142283260822 8.8205616995692235 69.983161512762308 2.0340750068426123
leaf_count=32 478 139 425 159 363 226 120 28 20 37 226 68 869 22
internal_value=0.000192691 -0.0102296 -0.018709 -0.0295146 0.00599668 -0.00824647 -0.00462019 0.0214287 0.0324264 0.0199041 0.0290196 0.00138789 0.038902 0.0406374
internal_weight=472.767 357.254 234.639 132.792 122.615 63.7639 101.847 58.8516 115.513 39.3737 26.3847 12.989 76.1392 72.0172
internal_count=3212 1938 1182 584 756 365 598 391 1274 351 246 105 923 891
is_linear=0
shrinkage=0.04


Tree=29
num_leaves=15
num_cat=0
split_feature=33 33 33 33 24 24 33 29 22 15 7 15 31 2
split_gain=93.401 27.1122 13.7152 11.5108 10.0949 9.12016 4.7925 4.24804 4.09532 6.07139 3.7218 2.91576 1.15869 0.523893
threshold=0.45098205385265716 0.58140541796809175 0.47284233750251975 0.54471280363566899 0.83557567400560984 0.73725229944089909 0.40886998841206229 0.65488942478255441 0.013059201511512925 -0.0004142384099711499 -8.9319462525739188e-05 0.00025458608669315001 0.52887058985613777 0.89897397590997963
decision_type=2 2 2 2 2 2 2 2 2 2 2 2 2 2
left_child=6 2 4 -4 -2 7 12 -3 9 -8 -7 -10 -1 -14
right_child=1 5 3 -5 -6 10 8 -9 11 -11 -12 -13 13 -15
leaf_value=0.016226794145384957 -0.029340812807140976 -0.042884887935536263 -0.022515458066124601 -0.0030658431668976905 0.016306701704292145 0.013807544286808417 -0.038968950423697989 0.012127379441681742 0.036585559552306149 0.034108584281164124 0.036584397669586308 0.014922995671097918 0.043906554276830871 0.03182090822671052
leaf_weight=2.8439902514219275 9.9532229229807836 5.5125677883625013 196.64644193649292 64.705598510801792 35.04256297647953 29.078099727630615 3.7596692219376564 3.78998202085495 27.700832314789295 3.5240803658962241 18.964868284761906 15.506698217242954 46.930859211832285 6.5383494570851317
leaf_count=34 65 27 922 324 247 224 34 20 280 36 161 157 598 83
internal_value=0.000194748 -0.00946318 -0.0141883 -0.0177001 0.00620931 0.0157793 0.0330822 -0.0204722 0.0241338 -0.00361201 0.0227987 0.0288111 0.0411054 0.0424287
internal_weight=470.498 363.693 306.348 261.352 44.9958 57.3455 106.804 9.30255 50.4913 7.28375 48.043 43.2075 56.3132 53.4692
internal_count=3212 1990 1558 1246 312 432 1222 47 507 70 385 437 715 681
is_linear=0
shrinkage=0.04


Tree=30
num_leaves=15
num_cat=0
split_feature=33 33 33 33 24 24 33 9 23 33 9 23 33 21
split_gain=87.9386 24.9737 12.5253 10.4561 9.2692 8.5375 4.81583 4.48904 10.5089 3.69212 0.973573 2.44451 0.636834 0.525272
threshold=0.45098205385265716 0.58140541796809175 0.47284233750251975 0.54471280363566899 0.83557567400560984 0.73295369052949766 0.40886998841206229 0.00037698128149302401 0.028417379761856279 0.6070885166151031 0.00013293285535799233 0.10489741834204967 0.44223943659743215 0.97946422880582751
decision_type=2 2 2 2 2 2 2 2 2 2 2 2 2 2
left_child=6 2 4 -4 -2 -3 10 8 -8 -7 11 -1 -9 -12
right_child=1 5 3 -5 -6 9 7 12 -10 -11 13 -13 -14 -15
leaf_value=0.044934860078046167 -0.027685878309745546 -0.023314685215430227 -0.021450547752842372 -0.0029393847087446261 0.015819064827529886 0.0071036483725264001 -0.025730984248277175 0.04477132160926172 0.027601097019310884 0.02994295440074601 0.043562866260789007 -0.0074988456897924381 0.026530833300315304 0.021082430838032355
leaf_weight=3.9100362695753565 10.122662864625452 7.8718487471342078 198.12150718271732 64.788072675466537 34.68524044752121 17.870515912771225 7.7429444864392272 12.80202576518059 24.993308946490288 30.917816244065762 46.564766559749842 2.2362678274512291 4.0254414901137343 1.7246030569076527
leaf_count=43 65 39 922 324 247 151 71 142 257 242 631 21 37 20
internal_value=0.000195826 -0.00906376 -0.0135573 -0.0168889 0.00599076 0.0153403 0.0326382 0.0236175 0.0149867 0.0215772 0.0408515 0.0258574 0.0404079 0.04276
internal_weight=468.377 364.378 307.717 262.91 44.8079 56.6602 103.999 49.5637 32.7363 48.7883 54.4357 6.1463 16.8275 48.2894
internal_count=3212 1990 1558 1246 312 432 1222 507 328 393 715 64 179 651
is_linear=0
shrinkage=0.04


Tree=31
num_leaves=15
num_cat=0
split_feature=33 33 25 33 9 33 33 9 23 21 31 31 33 2
split_gain=82.8193 23.007 12.9258 11.627 8.04818 10.3037 4.83647 4.40441 9.84536 3.5168 2.51673 1.19568 0.645898 0.551242
threshold=0.45098205385265716 0.58140541796809175 0.00011975200346748775 0.47284233750251975 0.00019687167701378693 0.66189542152082537 0.40886998841206229 0.00037698128149302401 0.032827592405881963 0.9335011592981769 0.83978409944448329 0.52887058985613777 0.44223943659743215 0.89897397590997963
decision_type=2 2 2 2 2 2 2 2 2 2 2 2 2 2
left_child=6 2 10 -4 5 -3 11 8 -8 -6 -2 -1 -9 -13
right_child=1 4 3 -5 9 -7 7 12 -10 -11 -12 13 -14 -15
leaf_value=0.01480888150525185 -0.037965373174000984 -0.031764400114854215 0.0077019362755930687 -0.01472783690741002 0.038263639662263434 0.021425197525300539 -0.01902488099689216 0.044565714857322893 0.0290627062682597 0.011295805167102846 -0.078804262076002718 0.043596492521261736 0.025980470928728693 0.030815814709252813
leaf_weight=2.7251970395445815 4.8005450665950757 10.757892243564131 43.217461466789246 256.1117098107934 19.891658641397953 12.713935792446135 9.7511873096227628 12.355651609599592 22.60170590877533 12.662076458334921 4.8573884516954422 43.724652487784624 3.9478738605976096 6.1602318063378325
leaf_count=34 20 61 305 1212 180 74 89 142 239 117 21 598 37 83
internal_value=0.000196608 -0.00868275 -0.012959 -0.0114894 0.014901 -0.0029533 0.032202 0.0231122 0.0145691 0.0277743 -0.058505 0.0406088 0.0400653 0.0420182
internal_weight=466.279 365.013 308.987 299.329 56.0256 23.4718 101.267 48.6564 32.3529 32.5537 9.65793 52.6101 16.3035 49.8849
internal_count=3212 1990 1558 1517 432 135 1222 507 328 297 41 715 179 681
is_linear=0
shrinkage=0.04


Tree=32
num_leaves=15
num_cat=0
split_feature=33 33 33 25 9 33 9 31 33 9 23 25 33 33
split_gain=77.9982 21.4714 19.7861 15.7756 15.1978 13.2459 10.3584 9.35176 4.84967 4.31949 9.27866 1.22588 2.27185 0.655045
threshold=0.45098205385265716 0.54471280363566899 0.49844580334781374 0.00029576360524314547 0.0004332626660263143 0.60870594375295217 0.0004419413791302392 0.99999999979766463 0.40886998841206229 0.00037698128149302401 0.028417379761856279 0.0001221967156569649 0.37423009450593775 0.44223943659743215
decision_type=2 2 2 2 2 2 2 2 2 2 2 2 2 2
left_child=8 2 6 5 -4 -3 -2 -5 11 10 -10 12 -1 -11
right_child=1 3 4 7 -6 -7 -8 -9 9 13 -12 -13 -14 -15
leaf_value=0.043868859073919866 -0.0082126950925590862 -0.026833435599349444 -0.017077458551959274 0.02931550130692891 -0.047049498818077899 0.012338331277978728 0.023861604525435079 -0.0035706444334934369 -0.023154884957670072 0.044369759225457078 0.02660118491224828 0.042456168739079175 -0.0099864509149737019 0.025434852585302602
leaf_weight=3.0786174759268752 89.336491987109184 32.076702028512955 98.585262790322304 44.203723385930061 37.314027443528175 24.256717532873154 19.65449046343565 20.138316854834557 7.9959832727909115 11.922548461705444 23.983547043055296 45.659066908061504 2.1137432307004929 3.8727963939309111
leaf_count=40 518 163 425 299 159 151 132 143 71 142 257 657 18 37
internal_value=0.000196932 -0.00831968 -0.0151247 0.00548999 -0.0253069 -0.00996639 -0.00242869 0.0190225 0.0317644 0.0226133 0.0141605 0.0403618 0.0219451 0.0397272
internal_weight=464.192 365.566 244.89 120.675 135.899 56.3334 108.991 64.342 98.6263 47.7749 31.9795 50.8514 5.19236 15.7953
internal_count=3212 1990 1234 756 584 314 650 442 1222 507 328 715 58 179
is_linear=0
shrinkage=0.04


Tree=33
num_leaves=15
num_cat=0
split_feature=33 33 25 33 9 33 33 9 23 33 19 25 33 33
split_gain=73.4723 19.9515 11.6283 10.1745 7.58418 9.20385 4.86441 4.23453 8.78856 3.50411 2.57507 1.23631 2.19491 0.664241
threshold=0.45098205385265716 0.58140541796809175 0.00011975200346748775 0.47284233750251975 0.00019687167701378693 0.66189542152082537 0.40886998841206229 0.00037698128149302401 0.032827592405881963 0.6170465989912467 0.62437536735286769 0.0001221967156569649 0.37423009450593775 0.44223943659743215
decision_type=2 2 2 2 2 2 2 2 2 2 2 2 2 2
left_child=6 2 10 -4 5 -3 11 8 -8 -6 -2 12 -1 -9
right_child=1 4 3 -5 9 -7 7 13 -10 -11 -12 -13 -14 -15
leaf_value=0.04370437901780469 -0.03332336917466288 -0.029791551203743098 0.0074919698918569002 -0.013514891543589855 0.015891656199622611 0.020449930611946658 -0.017288721659205968 0.044182934025637277 0.028084236788834763 0.042964779523962847 -0.074460364481178695 0.042286028064057603 -0.0095177389319682365 0.024893954724104189
leaf_weight=2.9688103497028342 4.6477203965187055 10.948906764388086 43.042639911174774 258.09188658744097 18.631687968969349 12.488077461719511 9.981498986482622 11.502517376095055 21.635752219706774 12.977062687277792 5.1132673770189285 44.041703093796968 2.128807969391346 3.8001543730497351
leaf_count=40 20 61 305 1212 176 74 89 142 239 121 21 657 18 37
internal_value=0.000197676 -0.007975 -0.011905 -0.0105123 0.0142216 -0.00302106 0.0313318 0.0221201 0.0137601 0.0270066 -0.0548729 0.0401275 0.0214784 0.0393928
internal_weight=462 365.941 310.896 301.135 55.0457 23.437 96.0592 46.9199 31.6173 31.6088 9.76099 49.1393 5.09762 15.3027
internal_count=3212 1990 1558 1517 432 135 1222 507 328 297 41 715 58 179
is_linear=0
shrinkage=0.04


Tree=34
num_leaves=15
num_cat=0
split_feature=19 24 31 19 25 19 19 28 15 8 1 1 21 19
split_gain=8.50813 14.0147 13.4153 11.2597 7.49745 7.34844 7.03687 6.62179 6.53852 5.78048 5.54299 4.94813 4.5076 4.18359
threshold=0.62475451162833517 0.84320476130676736 0.9404360157948074 0.6244611280230572 0.00049706323598502531 0.62469328022509385 0.62510215845878969 0.74513972036644593 -0.00011368723220284999 0.0006177679807095501 -9.5944511987133816e-05 -5.4771984104806652e-05 0.91840885697820263 0.63017520070286259
decision_type=2 2 2 2 2 2 2 2 2 2 2 2 2 2
left_child=1 3 4 11 6 9 -2 12 -5 -3 -9 -1 -4 -6
right_child=2 5 7 8 13 -7 -8 10 -10 -11 -12 -13 -14 -15
leaf_value=0.040834101824591629 0.020512367196990147 0.0093791074702308744 0.00066453471283132841 -0.062836363787561661 0.039159512843046827 -0.030151310759687053 0.002345433561342182 -0.018056287393527201 -0.023013491377975495 -0.031477626604370361 -0.0014500509271398376 -0.012435796358016759 0.050764783016854144 -0.011968947701871306
leaf_weight=3.3747102767229107 48.476731259375811 65.339296922087669 6.2951209060847741 13.446340017020704 19.419342495501045 10.349355489015577 115.14383228495717 53.039501827210188 12.950256139039992 6.0539538227021685 81.697483263909817 16.101242940872908 5.2861000783741474 2.9495306201279154
leaf_count=20 342 457 54 68 180 75 823 325 78 45 584 89 43 29
internal_value=0.000197399 -0.00858178 0.00356884 -0.0262767 0.0106973 0.0013483 0.00772785 -0.00549235 -0.0432991 0.00591457 -0.00798713 -0.00320542 0.0235322 0.0324178
internal_weight=459.923 127.615 332.308 45.8725 185.989 81.7426 163.621 146.318 26.3966 71.3933 134.737 19.476 11.5812 22.3689
internal_count=3212 832 2380 255 1374 577 1165 1006 146 502 909 109 97 209
is_linear=0
shrinkage=0.04


Tree=35
num_leaves=15
num_cat=0
split_feature=33 33 33 2 19 8 33 2 33 9 23 31 33 2
split_gain=68.6876 19.2619 17.4346 15.0715 14.36 10.152 9.3557 6.13706 4.88379 4.14065 8.23516 1.27023 0.673158 0.600579
threshold=0.45098205385265716 0.54471280363566899 0.49844580334781374 0.77865237067521409 0.62497838799777417 -9.4867113304705501e-05 0.60870594375295217 0.95394249814280263 0.40886998841206229 0.00037698128149302401 0.032827592405881963 0.52887058985613777 0.44223943659743215 0.89897397590997963
decision_type=2 2 2 2 2 2 2 2 2 2 2 2 2 2
left_child=8 2 5 -4 6 -2 -3 -6 11 10 -10 -1 -11 -13
right_child=1 4 3 -5 7 -7 -8 -9 9 12 -12 13 -14 -15
leaf_value=0.012305688229966754 0.011184227669849936 -0.01965569664021833 -0.030955249676490947 0.00014017928375902833 0.024096833590860307 -0.01329369718882537 0.011967318511765667 -0.023909610010161897 -0.016390186884008971 0.043975980551035319 0.02752186430979691 0.043184528822225107 0.024306932570603977 0.029186739115045431
leaf_weight=2.5315262787044039 49.981120221316814 39.111895397305489 104.24599793553352 32.781858965754509 52.005836129188538 59.242514081299305 24.249746687710285 4.6409253850579253 10.104910247027876 11.03903531655669 21.104903008788824 39.135365594178438 3.7229132279753676 5.6068520769476882
leaf_count=34 299 206 439 145 363 351 159 28 89 142 239 598 37 83
internal_value=0.000193118 -0.00761009 -0.0140138 -0.0235161 0.00553 -0.00209251 -0.00755295 0.0201638 0.0308434 0.0215604 0.0133043 0.0398708 0.0390155 0.0414304
internal_weight=459.505 366.26 246.251 137.028 120.008 109.224 63.3616 56.6468 93.2455 45.9718 31.2098 47.2737 14.7619 44.7422
internal_count=3212 1990 1234 584 756 650 365 391 1222 507 328 715 179 681
is_linear=0
shrinkage=0.04


Tree=36
num_leaves=15
num_cat=0
split_feature=33 33 33 29 25 33 9 8 33 9 23 25 33 33
split_gain=64.7001 17.6891 15.9483 14.2515 13.4533 17.1032 9.35426 7.28514 4.88553 4.05505 7.74394 1.28786 2.16474 0.682381
threshold=0.45098205385265716 0.54471280363566899 0.49844580334781374 0.4435424332438605 0.0001483113698446145 0.65659586062750008 0.0004419413791302392 0.00071315187090185007 0.40886998841206229 0.00037698128149302401 0.032827592405881963 0.0001221967156569649 0.37423009450593775 0.44223943659743215
decision_type=2 2 2 2 2 2 2 2 2 2 2 2 2 2
left_child=8 2 6 -4 5 -3 -2 -6 11 10 -10 12 -1 -11
right_child=1 4 3 -5 7 -7 -8 -9 9 13 -12 -13 -14 -15
leaf_value=0.043411180951730584 -0.0074276875112994313 -0.059702832716181271 -0.0463215320362751 -0.015524507080564291 0.016646449078448394 0.013367740675160208 0.023241049469546995 -0.011197901472252936 -0.015548977119586098 0.043807268492340255 0.027020000260368437 0.041948899747035702 -0.010463065442487174 0.023775944576450252
leaf_weight=2.7671058699488631 89.999713614583015 10.532058686017992 31.041079983115196 106.61878062784672 80.496691964566708 9.9834261834621412 19.33014614880085 18.487165048718452 10.223041310906412 10.646210566163061 20.646390315145254 40.825774360448122 2.0982051566243172 3.655201941728591
leaf_count=40 518 47 130 454 533 58 132 118 89 142 239 657 18 37
internal_value=0.000193021 -0.00729812 -0.0134107 -0.022469 0.00533583 -0.0241446 -0.00200528 0.011446 0.0304083 0.0210799 0.0129224 0.0396306 0.0201775 0.0386876
internal_weight=457.351 366.489 246.99 137.66 119.499 20.5155 109.33 98.9839 90.8619 45.1708 30.8694 45.6911 4.86531 14.3014
internal_count=3212 1990 1234 584 756 105 650 651 1222 507 328 715 58 179
is_linear=0
shrinkage=0.04


Tree=37
num_leaves=15
num_cat=0
split_feature=33 33 33 31 10 24 5 33 29 9 23 31 33 23
split_gain=60.9548 16.5457 9.6075 13.2955 9.44191 9.36759 6.00937 4.88906 4.16912 3.96925 7.29617 1.30768 0.69155 0.687269
threshold=0.45098205385265716 0.5704208134748775 0.48747083060623997 0.99999999978812026 5.6476036731820723e-05 0.74290129097103563 1.0000000180025095e-35 0.40886998841206229 0.70027925403424185 0.00037698128149302401 0.028417379761856279 0.52887058985613777 0.44223943659743215 0.19991337736621653
decision_type=2 2 2 2 2 2 2 2 2 2 2 2 2 2
left_child=7 2 4 -4 -2 8 -7 11 -3 10 -9 -1 -11 -13
right_child=1 5 3 -5 -6 6 -8 9 -10 12 -12 13 -14 -15
leaf_value=0.010899794689521522 0.012713722025687157 -0.03611936283648659 -0.009950926943796479 -0.033159514840963758 -0.015282408600492823 0.036334157011579049 0.0085324577695561673 -0.019144175525448288 0.013825579663666814 0.043646252702206685 0.024610101206845095 0.041959514530140123 0.023249756792208455 0.011561349083258225
leaf_weight=2.4333087354898444 45.289724960923195 8.766127333045004 165.03100170195103 51.918084219098091 33.554961942136288 18.017424561083317 40.182286083698273 8.4184566885232943 3.8479455262422553 10.265739798545836 22.120626330375671 40.490391530096531 3.589750573039054 1.2260472141206253
leaf_count=34 294 43 729 226 213 160 305 71 20 142 257 664 37 17
internal_value=0.000192657 -0.00700126 -0.0111591 -0.015505 0.000799044 0.0103663 0.0171393 0.0299782 -0.0208836 0.020605 0.0125487 0.0394035 0.0383618 0.0410661
internal_weight=455.152 366.608 295.794 216.949 78.8447 70.8138 58.1997 88.5443 12.6141 44.3946 30.5391 44.1497 13.8555 41.7164
internal_count=3212 1990 1462 955 507 528 465 1222 63 507 328 715 179 681
is_linear=0
shrinkage=0.04


Tree=38
num_leaves=15
num_cat=0
split_feature=33 33 33 9 19 9 0 2 33 9 23 25 33 33
split_gain=57.4124 15.5528 13.8473 13.8475 13.1935 8.6479 8.40027 5.57855 4.88431 3.88348 6.91575 1.34295 2.14384 0.700636
threshold=0.45098205385265716 0.54471280363566899 0.49844580334781374 0.00043799077118279143 0.62497838799777417 0.0004419413791302392 51.724094233100352 0.95394249814280263 0.40886998841206229 0.00037698128149302401 0.032827592405881963 0.0001221967156569649 0.37423009450593775 0.44223943659743215
decision_type=2 2 2 2 2 2 2 2 2 2 2 2 2 2
left_child=8 2 5 -4 6 -2 -3 -6 11 10 -10 12 -1 -11
right_child=1 4 3 -5 7 -7 -8 -9 9 13 -12 -13 -14 -15
leaf_value=0.0431517383374561 -0.0069388205766096299 -0.016604076508946193 -0.01325655540339705 -0.041970220467268719 0.023271293317020551 0.022704078758980836 0.015606347381421847 -0.022261527118898308 -0.014206619959199347 0.043492537242850925 0.0260579349488772 0.04164823681568592 -0.011513940811081386 0.022728435587001165
leaf_weight=2.5845966003835192 90.438705146312714 44.918808311223984 102.19752460718155 36.459917679429054 50.837481539696455 19.066425502300262 18.204675190150738 4.7035053744912139 10.413825318217279 9.8973701372742635 19.805822767317295 38.021767653524876 2.0648726746439934 3.5265015661716452
leaf_count=40 518 257 432 152 363 132 108 28 89 142 239 657 18 37
internal_value=0.000192018 -0.00671447 -0.0124099 -0.0208068 0.00519633 -0.00177756 -0.00731466 0.0194153 0.0295438 0.0201351 0.0121826 0.0391668 0.0188742 0.0380377
internal_weight=453.142 366.827 248.163 138.657 118.664 109.505 63.1235 55.541 86.3148 43.6435 30.2196 42.6712 4.64947 13.4239
internal_count=3212 1990 1234 584 756 650 365 391 1222 507 328 715 58 179
is_linear=0
shrinkage=0.04


Tree=39
num_leaves=15
num_cat=0
split_feature=33 33 25 33 24 33 1 9 23 25 19 25 23 33
split_gain=54.083 15.0139 9.744 7.76427 6.83021 4.88079 4.69052 3.79737 6.50314 2.69912 2.30444 1.35091 2.10624 0.709608
threshold=0.45098205385265716 0.58140541796809175 0.00011975200346748775 0.47284233750251975 0.73725229944089909 0.40886998841206229 -4.6517570389648093e-05 0.00037698128149302401 0.032827592405881963 0.00011195992182892383 0.62437536735286769 0.0001221967156569649 0.10489741834204967 0.44223943659743215
decision_type=2 2 2 2 2 2 2 2 2 2 2 2 2 2
left_child=5 2 10 -4 9 11 -6 8 -7 -3 -2 12 -1 -9
right_child=1 4 3 -5 6 7 -8 13 -10 -11 -12 -13 -14 -15
leaf_value=0.043984669854820177 -0.02870233374615775 0.0046727671007429066 0.0072811241297879251 -0.011093851916903872 0.010509675924368474 -0.013500814328199733 0.038195511916820586 0.043345749116426281 0.025561524551890088 -0.038209683200141321 -0.067453206574132174 0.041499367448210138 -0.010410677075933709 0.022212062290644544
leaf_weight=2.4254904575645915 4.7003380805253965 4.4993728846311551 42.828718714416027 261.08543006330729 29.027193009853363 10.517731927335264 14.774428039789198 9.5408413596451265 19.391311176121235 4.9126064777374268 5.1410066783428192 36.659323494881392 2.147239126265049 3.4653972312808028
leaf_count=34 20 22 305 1212 241 89 144 142 239 25 21 657 24 37
internal_value=0.000191258 -0.00644085 -0.00977286 -0.00850438 0.0132052 0.0291141 0.0198482 0.0196714 0.011825 -0.0177098 -0.0489453 0.0389423 0.018442 0.0377149
internal_weight=451.116 366.969 313.755 303.914 53.2136 84.1473 43.8016 42.9153 29.909 9.41198 9.84134 41.2321 4.57273 13.0062
internal_count=3212 1990 1558 1517 432 1222 385 507 328 47 41 715 58 179
is_linear=0
shrinkage=0.04


Tree=40
num_leaves=15
num_cat=0
split_feature=33 33 25 31 24 33 1 9 23 0 31 31 23 33
split_gain=50.9426 13.8672 8.97117 8.4866 6.39311 4.87161 3.92748 3.71115 6.11497 2.72603 2.3732 1.37957 0.759949 0.718438
threshold=0.45098205385265716 0.58140541796809175 0.00011975200346748775 0.94978480080508865 0.74290129097103563 0.40886998841206229 -4.6517570389648093e-05 0.00037698128149302401 0.032827592405881963 38.928263474696195 0.83978409944448329 0.52887058985613777 0.21935939174155109 0.44223943659743215
decision_type=2 2 2 2 2 2 2 2 2 2 2 2 2 2
left_child=5 2 10 -4 9 11 -6 8 -7 -3 -2 -1 -13 -9
right_child=1 4 3 -5 6 7 -8 13 -10 -11 -12 12 -14 -15
leaf_value=0.0085012272057361921 -0.027145186049570738 -0.038828258858905562 -0.0025599640302311224 -0.01612665823710303 0.011249244416378494 -0.012837125898390129 0.037256950179034271 0.043205538448510321 0.02506707199014269 0.0018774887478331527 -0.066404512676991517 0.041534573465503273 0.0077636531308350621 0.02170073421175242
leaf_weight=2.2798324003815642 4.8905699849128705 4.37292432785034 179.20694864541292 125.39665722846985 27.687183454632759 10.616960711777212 13.981822688132523 9.1958870738744718 18.991040855646133 6.613204337656498 4.9643471464514732 36.46870631352067 1.0982585623860348 3.4063799455761901
leaf_count=34 20 20 903 614 235 89 142 142 239 35 21 665 16 37
internal_value=0.000189712 -0.00617901 -0.00936023 -0.00814499 0.0128193 0.0286826 0.019976 0.0192132 0.0114752 -0.014325 -0.0469218 0.0387138 0.0405473 0.0373928
internal_weight=449.171 367.114 314.459 304.604 52.6551 82.0571 41.669 42.2103 29.608 10.9861 9.85492 39.8468 37.567 12.6023
internal_count=3212 1990 1558 1517 432 1222 377 507 328 55 41 715 681 179
is_linear=0
shrinkage=0.04


Tree=41
num_leaves=12
num_cat=0
split_feature=33 33 25 33 1 24 2 3 33 22 24
split_gain=48.2029 12.2378 12.7565 10.1622 9.09759 7.67956 3.58373 2.81077 2.15506 3.80461 0.948334
threshold=0.43653174209096801 0.6070885166151031 0.00014024164617808382 0.47204562675070022 -2.9105834571441221e-05 0.73295369052949766 0.085538684854066169 0.00047340072881360003 0.41039268547880731 0.012472476479360799 1.0944992903215154
decision_type=2 2 2 2 2 2 2 2 2 2 2
left_child=7 2 4 -4 -2 -3 -7 -1 10 -10 -9
right_child=1 5 3 -5 -6 6 -8 8 9 -11 -12
leaf_value=-0.0037650258517646358 -0.086784272773947305 -0.019843834905326558 0.0097746025354728729 -0.0088336089439338735 -0.022292785406244412 -0.0064417731454212588 0.033217249268835139 0.042440697389700008 -0.015282938868633736 0.031489620857140223 0.021120764079562034
leaf_weight=3.2352089062333098 4.9752570837736156 7.0150433555245391 56.574602484703064 276.20831992477179 11.801192767918108 4.3210327625274685 23.323039133101702 33.973081402480602 3.2583487741649177 19.056865982711315 3.701928909868001
leaf_count=32 21 34 469 1355 51 32 210 650 33 260 65
internal_value=0.000187853 -0.00513794 -0.00738581 -0.00567013 -0.0414185 0.0175332 0.0270182 0.0325525 0.034511 0.0246601 0.0403458
internal_weight=447.444 384.218 349.559 332.783 16.7764 34.6591 27.6441 63.2254 59.9902 22.3152 37.675
internal_count=3212 2172 1896 1824 72 276 242 1040 1008 293 715
is_linear=0
shrinkage=0.04


Tree=42
num_leaves=15
num_cat=0
split_feature=7 21 29 30 2 8 6 31 9 13 31 2 9 14
split_gain=7.2264 8.01712 7.26942 9.59372 7.23363 6.65619 5.34371 5.9519 4.50625 3.58966 3.40855 2.9315 2.68073 0.475459
threshold=0.00015298491268820002 0.97130477920872471 0.65071072217636028 0.2045189830720201 0.026925246838615 0.00057660699514205016 0.0011998726716298002 0.95976795009592453 0.00048020064427712082 -2.8252977176057461e-05 0.82224444061781254 0.19568571060018372 0.00038605633800021947 0.0007278853860060501
decision_type=2 2 2 2 2 2 2 2 2 2 2 2 2 2
left_child=1 2 3 -1 -4 8 7 -7 9 -2 11 -3 -12 -10
right_child=5 10 4 -5 -6 6 -8 -9 13 -11 12 -13 -14 -15
leaf_value=-0.01469763247566456 0.039661205179178205 0.03081176577975726 0.033619918929595323 0.011095481767974173 -0.00061599308758821924 0.012032829639712278 -0.052680184658064524 -0.0098844905282883706 0.052158417052674613 0.0092620696703402793 0.013738538780751954 -0.027519049671519771 0.046307491610349805 0.030158995974670939
leaf_weight=139.60239887237549 7.2411958314478388 2.1803382933139828 10.918996982276438 27.64112713187933 103.21917863190174 44.548026345670223 2.9340553507208815 35.720481730997562 5.6969590298831454 43.862076986581087 8.4199607782065886 3.7485299557447433 7.779627412557601 2.17079121991992
leaf_count=907 71 24 80 183 740 365 22 243 52 356 71 24 54 20
internal_value=0.000185765 -0.00330026 -0.00512336 -0.0104347 0.00265918 0.00762768 0.000341257 0.00227935 0.0179081 0.0135695 0.019882 -0.00606792 0.0293793 0.0460886
internal_weight=445.684 303.51 281.382 167.244 114.138 142.174 83.2026 80.2685 58.971 51.1033 22.1285 5.92887 16.1996 7.86775
internal_count=3212 2083 1910 1090 820 1129 630 608 499 427 173 48 125 72
is_linear=0
shrinkage=0.04


Tree=43
num_leaves=13
num_cat=0
split_feature=33 33 25 33 1 9 10 3 33 23 32 0
split_gain=45.4142 11.5226 11.5536 9.31929 8.17752 6.09849 7.21696 2.71871 2.18386 5.26499 1.66399 0.955288
threshold=0.43653174209096801 0.6070885166151031 0.00014024164617808382 0.47284233750251975 -2.9105834571441221e-05 0.00019487907027754744 -8.4819441319965505e-05 0.00047340072881360003 0.41039268547880731 0.032827592405881963 0.047771115652482737 16.355344557268833
decision_type=2 2 2 2 2 2 2 2 2 2 2 2
left_child=7 2 4 -4 -2 6 -3 -1 11 -10 -7 -9
right_child=1 5 3 -5 -6 10 -8 8 9 -11 -12 -13
leaf_value=-0.0034297369672150295 -0.082210869601404946 -0.046673873578589084 0.0090489974452092926 -0.0085443104473873835 -0.021258830555745983 0.042152680478839188 0.014561246401862364 0.00033594908483066657 0.0001586875461154922 0.040235071373914487 0.010779581297971758 0.041221625877520582
leaf_weight=3.2542538344860068 5.0164965987205532 3.9141647443175343 58.427135944366455 274.50075701624155 11.819875366985796 12.454833790659903 14.440271951258181 0.93866438046097656 8.7626643218100089 13.065145388245581 3.4553479403257361 35.296951059252024
leaf_count=32 21 21 482 1342 51 130 88 16 97 196 37 699
internal_value=0.000181096 -0.00492299 -0.00709163 -0.00545678 -0.0394199 0.017214 0.00150259 0.0321477 0.0341416 0.0241466 0.0353391 0.0401625
internal_weight=445.347 384.029 349.764 332.928 16.8364 34.2646 18.3544 61.3177 58.0634 21.8278 15.9102 36.2356
internal_count=3212 2172 1896 1824 72 276 109 1040 1008 293 167 715
is_linear=0
shrinkage=0.04


Tree=44
num_leaves=14
num_cat=0
split_feature=33 33 33 2 19 29 15 2 19 33 33 23 2
split_gain=42.9501 10.9956 14.8206 13.3047 11.8454 9.85611 7.61033 5.10582 2.69258 3.78722 2.13088 5.23579 1.07407
threshold=0.43653174209096801 0.54471280363566899 0.49844580334781374 0.77865237067521409 0.62497838799777417 0.45184438290211132 -5.6807289194738828e-05 0.95394249814280263 0.62437536735286769 0.37423009450593775 0.41039268547880731 0.032827592405881963 0.95394249814280263
decision_type=2 2 2 2 2 2 2 2 2 2 2 2 2
left_child=8 2 5 -4 6 -2 -3 -6 9 -1 12 -12 -10
right_child=1 4 3 -5 7 -7 -8 -9 10 -11 11 -13 -14
leaf_value=0.042923847680090853 0.02623673718558461 -0.018568991200623219 -0.025116693019890897 0.0037794818765081004 0.022893264048543527 -0.0041787250376527129 0.0095126564256550993 -0.020469304982863219 0.042327578544067004 -0.042065928071534343 0.0001523585844476609 0.04014723464372965 0.018212859494213536
leaf_weight=1.5550790466368192 20.298414953052998 35.527683615684509 106.37282060086727 33.530623361468315 49.803718127310276 106.40632575377822 27.311116449534893 4.7598912343382827 31.189671643078327 1.8215249590575693 8.761615030467512 13.019123461097477 3.2645272836089125
leaf_count=26 130 203 439 145 363 702 162 28 636 19 97 200 62
internal_value=0.000179262 -0.0047245 -0.00921609 -0.0181912 0.00547541 0.000693908 -0.00636409 0.0191105 0.0317687 -0.00292429 0.0338518 0.0240587 0.0400427
internal_weight=443.622 384.011 266.608 139.903 117.402 126.705 62.8388 54.5636 59.6115 3.3766 56.2349 21.7807 34.4542
internal_count=3212 2172 1416 584 756 832 365 391 1040 45 995 297 698
is_linear=0
shrinkage=0.04


Tree=45
num_leaves=12
num_cat=0
split_feature=33 33 25 33 19 24 2 3 33 22 24
split_gain=40.6214 10.5128 10.5157 8.33624 7.54647 6.90798 3.32029 2.64505 2.2328 3.45945 1.01808
threshold=0.43653174209096801 0.6070885166151031 0.00014024164617808382 0.47204562675070022 0.62435551476070894 0.73295369052949766 0.085538684854066169 0.00047340072881360003 0.41039268547880731 0.012472476479360799 1.0944992903215154
decision_type=2 2 2 2 2 2 2 2 2 2 2
left_child=7 2 4 -4 -2 -3 -7 -1 10 -10 -9
right_child=1 5 3 -5 -6 6 -8 8 9 -11 -12
leaf_value=-0.0037993030623317955 0.0033761746152151627 -0.018348722012683581 0.0090807184087558779 -0.0078671741420141914 -0.054976091470817216 -0.005924693309520928 0.032328315283803942 0.042159390750244288 -0.014383323498535517 0.030233723854465544 0.019129448081737783
leaf_weight=3.2274546995759001 5.0727625638246563 7.0755353644490233 55.768615670502186 277.50173417851329 11.782688438892363 4.3352228328585651 22.333041649311781 30.356403879821301 3.2999768331646946 17.663760796189308 3.4169467538595191
leaf_count=32 23 34 469 1355 49 32 210 650 33 260 65
internal_value=0.00017787 -0.00453513 -0.00659013 -0.00503116 -0.0374146 0.0167876 0.0261099 0.0313896 0.0334645 0.0232104 0.0398294
internal_weight=441.834 383.87 350.126 333.27 16.8555 33.7438 26.6683 57.9645 54.7371 20.9637 33.7734
internal_count=3212 2172 1896 1824 72 276 242 1040 1008 293 715
is_linear=0
shrinkage=0.04


Tree=46
num_leaves=15
num_cat=0
split_feature=7 6 31 27 22 23 31 26 9 30 0 28 28 31
split_gain=6.06522 6.94537 9.23895 7.44127 6.8758 10.8195 8.21216 6.04592 5.42455 7.31851 5.72625 5.37891 6.01819 1.54594
threshold=0.00015298491268820002 -0.00032394906214249994 0.54202229235064847 0.287105022206051 0.050888439592657632 0.10810113323044608 0.63424307263144919 0.2105263157894737 0.00040038994880947334 0.0019275445504350571 75.380720779722523 0.82051238220498757 0.85223315421755397 0.9999999998070197
decision_type=2 2 2 2 2 2 2 2 2 2 2 2 2 2
left_child=1 2 -1 -4 6 -6 -3 11 10 -10 -9 13 -13 -2
right_child=7 4 3 -5 5 -7 -8 8 9 -11 -12 12 -14 -15
leaf_value=-0.064719605474618302 0.044032134301813769 0.036556609016338448 0.016823447051670239 -0.022940529743370752 -0.026813145828296973 0.0037745535658391684 -0.0035706231409611149 -0.0065975467449221961 -0.052815203479444496 0.0098010054286778708 0.034468768746105785 -0.034179855937003199 0.011443701539243985 0.011444199069347251
leaf_weight=2.6567193306982508 9.9760584346950036 8.6457707881927472 55.271194882690907 8.7174948528408986 51.213768631219864 28.96858137845993 145.28341924026608 21.534455157816414 7.4853416346013528 4.9691754244267941 7.2657443992793551 4.9091591835021964 80.208739656955004 3.0385958142578593
leaf_count=19 96 68 413 69 313 193 1008 162 40 49 78 43 628 33
internal_value=0.000175481 -0.00302113 0.00837156 0.0114062 -0.00626433 -0.0157623 -0.00131679 0.00707282 -0.00577559 -0.0278322 0.00376271 0.0124743 0.00881237 0.0364237
internal_weight=440.144 300.757 66.6454 63.9887 234.112 80.1824 153.929 139.387 41.2547 12.4545 28.8002 98.1326 85.1179 13.0147
internal_count=3212 2083 501 482 1582 506 1076 1129 329 89 240 800 671 129
is_linear=0
shrinkage=0.04


Tree=47
num_leaves=14
num_cat=0
split_feature=33 33 33 13 5 13 25 2 19 27 33 21 2
split_gain=38.1855 10.0907 9.44081 7.93091 7.48145 6.22732 5.82314 5.56237 2.60929 2.42235 2.17323 3.50016 1.12709
threshold=0.43653174209096801 0.5704208134748775 0.46848095074833468 8.4802057868231656e-05 1.0000000180025095e-35 -0.00036946775548509994 0.00045127580148940453 0.92145147394702376 0.62437536735286769 0.15452966861970638 0.41039268547880731 0.93807928720604383 0.95394249814280263
decision_type=2 2 2 2 2 2 2 2 2 2 2 2 2
left_child=8 2 6 -4 7 -6 -2 -3 9 -1 12 -12 -10
right_child=1 4 3 -5 5 -7 -8 -9 10 -11 11 -13 -14
leaf_value=0.024386005736886509 0.0028180508669388886 0.040181096965582475 -0.016356227821800916 -0.0024229871220794921 0.03686260227138604 -0.0038189931420072733 0.040693834238519147 -0.030378942904784524 0.042145491386938398 -0.04523285922769732 0.034762391659593661 0.00013168988868354398 0.016739629069101768
leaf_weight=2.0076043047010894 41.383122522383928 15.573708884418012 151.08736370503902 115.20400896668434 6.9850222542881957 43.594687215983868 7.7036153152585021 2.0193476602435103 28.868744924664501 1.3290209993720052 13.866824921220543 7.0405686907470217 3.0932661630213252
leaf_count=27 350 150 684 531 59 302 79 17 636 18 215 82 62
internal_value=0.000171582 -0.00434056 -0.00735703 -0.0103284 0.00961412 0.00179911 0.00876223 0.0320821 0.0309625 -0.00334409 0.0331276 0.0231005 0.0396867
internal_weight=439.757 383.551 315.378 266.291 68.1728 50.5797 49.0867 17.5931 56.206 3.33663 52.8694 20.9074 31.962
internal_count=3212 2172 1644 1215 528 361 429 167 1040 45 995 297 698
is_linear=0
shrinkage=0.04


Tree=48
num_leaves=15
num_cat=0
split_feature=19 19 25 24 3 29 7 19 10 30 30 27 3 30
split_gain=6.18369 12.1415 8.53449 8.43584 10.2611 6.65838 6.80362 13.362 6.86526 6.2011 5.58393 4.27858 3.59457 3.34594
threshold=0.62475451162833517 0.62469328022509385 0.00026515050775271652 0.80036323569750001 0.0006874644343174501 0.86719314289853444 0.00011974252344920001 0.62510999757575569 -1.0000000180025095e-35 0.02294883582006892 0.014521075045152756 0.097963943514145529 0.0012470462280837003 0.041756540317678614
decision_type=2 2 2 2 2 2 2 2 2 2 2 2 2 2
left_child=1 3 13 4 -1 6 8 -8 -2 -5 11 -7 -4 -3
right_child=5 2 12 9 -6 10 7 -9 -10 -11 -12 -13 -14 -15
leaf_value=-0.0014153057224280462 0.0035399139101753717 -0.09373290258046342 0.033670412811984421 0.018561489886506435 -0.048313631091452411 0.037317927751087686 0.033739503040931686 0.0015439441895107701 -0.012005275737899975 -0.00470286939072665 0.054463342965408959 -0.012955058696929131 -0.029428780735436581 -0.044261060612866415
leaf_weight=18.437530495226387 109.1347872801125 3.9437106065452081 2.3762240260839453 29.911877140402794 12.542138535529373 4.7932884655892867 27.515293477103114 82.366760103031993 77.901958074420691 47.352350734174252 7.0652613118290892 6.2280097454786301 3.6840338744223118 4.9115549251437187
leaf_count=103 803 25 23 232 60 39 235 659 547 333 59 38 26 30
internal_value=0.000170293 -0.0074293 -0.0412627 -0.00276721 -0.0204021 0.00314155 0.00170624 0.00960595 -0.00293475 0.00430364 0.0267043 0.00890924 -0.00468762 -0.0662934
internal_weight=438.165 123.159 14.9155 108.244 30.9797 315.005 296.919 109.882 187.037 77.2642 18.0866 11.0213 6.06026 8.85527
internal_count=3212 832 104 728 163 2380 2244 894 1350 565 136 77 49 55
is_linear=0
shrinkage=0.04


Tree=49
num_leaves=14
num_cat=0
split_feature=33 33 33 9 25 19 33 8 19 33 21 27 2
split_gain=35.9038 9.80316 12.6268 12.9886 10.5229 9.16987 8.7718 6.52151 2.53526 2.20188 3.39471 2.19187 1.14321
threshold=0.43653174209096801 0.54471280363566899 0.49844580334781374 0.00043799077118279143 0.00029576360524314547 0.63133787465877289 0.66189542152082537 0.00090670997112930014 0.62437536735286769 0.41039268547880731 0.93807928720604383 0.15452966861970638 0.95394249814280263
decision_type=2 2 2 2 2 2 2 2 2 2 2 2 2
left_child=8 2 5 -4 6 -2 -3 -6 11 12 -11 -1 -10
right_child=1 4 3 -5 7 -7 -8 -9 9 10 -12 -13 -14
leaf_value=0.023881015903545168 0.0025592756992222836 -0.015607614658039278 -0.0093703039548684273 -0.037004844667032084 0.023020172187911855 -0.06488645931608511 0.021951419992938623 -0.012151800099843964 0.042054253594374751 0.03435673515871486 4.2424450359189055e-05 -0.041920020018319411 0.016179435161032926
leaf_weight=1.9672660268843167 123.04821828752756 43.152061715722084 103.47749720513821 36.923530608415604 50.243486408144236 3.3121476620435706 12.93014947324991 10.136506468057631 27.710779268294576 13.425362173467876 7.0274962261319152 1.3768578283488748 3.0308991968631736
leaf_count=27 812 232 432 152 376 20 82 66 636 215 82 18 62
internal_value=0.000166788 -0.00415474 -0.00838189 -0.0166378 0.00552773 0.000791394 -0.00694811 0.0171156 0.0305326 0.0327368 0.0225665 -0.00321088 0.0395032
internal_weight=437.762 383.224 266.761 140.401 116.462 126.36 56.0822 60.38 54.5387 51.1945 20.4529 3.34412 30.7417
internal_count=3212 2172 1416 584 756 832 314 442 1040 995 297 45 698
is_linear=0
shrinkage=0.04


Tree=50
num_leaves=14
num_cat=0
split_feature=25 9 24 19 0 31 19 13 29 29 22 19 3
split_gain=5.81229 7.23795 7.97839 7.3747 7.34516 7.23059 6.424 8.12374 5.4125 3.87967 3.44836 3.21722 2.87288
threshold=0.00049011906640982806 0.00045199253778877593 0.84438556573313039 0.62475844347467324 77.708922630056222 0.94978480080508865 0.62679045762644969 0.00038340835832500006 0.36233598619755208 0.6183218149158497 0.015768844897331085 0.63017520070286259 0.0019531489948743006
decision_type=2 2 2 2 2 2 2 2 2 2 2 2 2
left_child=1 2 3 -1 -4 11 7 -3 -7 -8 -10 12 -2
right_child=5 6 4 -5 -6 8 9 -9 10 -11 -12 -13 -14
leaf_value=-0.020663425837566748 0.0042458862315568292 -0.013569517404834371 0.0030532162922595114 -2.2195974000585264e-05 0.040658124499534348 -0.04121843608669036 -0.019637407827231539 -0.061380113742927227 -0.0093109433226956709 0.044418747469757082 0.024559450270453993 -0.0095362352913210876 0.043452519945965953
leaf_weight=46.668801181018353 3.6997923180460992 19.882601719349626 232.67029508389533 68.116633586585522 8.6184281446039659 4.4965868331491974 2.5947229638695708 7.9638761505484572 9.674803804606201 3.6282942220568657 9.5635055489838106 2.8585243225097647 15.594125706702469
leaf_count=263 27 139 1695 503 107 26 23 44 59 30 89 32 175
internal_value=0.000165232 -0.0014186 0.000266665 -0.00841439 0.0043964 0.0136313 -0.019032 -0.027243 -0.00170843 0.0177102 0.00752628 0.0300668 0.0359343
internal_weight=436.031 390.144 356.074 114.785 241.289 45.8873 34.0695 27.8465 23.7349 6.22302 19.2383 22.1524 19.2939
internal_count=3212 2804 2568 766 1802 408 236 183 174 53 148 234 202
is_linear=0
shrinkage=0.04


Tree=51
num_leaves=14
num_cat=0
split_feature=33 33 33 2 1 24 2 33 19 13 23 21 23
split_gain=33.5775 9.62049 7.01262 8.63733 5.93589 5.87676 3.10937 2.50702 5.40109 6.66315 1.69741 1.02157 0.932188
threshold=0.43653174209096801 0.6070885166151031 0.46848095074833468 0.56595440650182904 -5.1566157754923117e-06 0.73295369052949766 0.085538684854066169 0.39588961668568295 0.62470868374037691 -2.8302955782411276e-05 0.032827592405881963 0.97895476597704045 0.21935939174155109
decision_type=2 2 2 2 2 2 2 2 2 2 2 2 2
left_child=7 2 4 -4 -2 -3 -7 11 9 -9 -10 12 -1
right_child=1 5 3 -5 -6 6 -8 8 10 -11 -12 -13 -14
leaf_value=0.042083980867819427 0.022881200715284499 -0.015350485151988833 -0.013771778301169896 3.1318159433530608e-05 -0.0051467182292888967 -0.0053900684621356592 0.031704754073231992 0.044058583467026249 0.019414463881205921 -0.03942689438119204 0.042494210282113337 -0.0032728100331609702 0.0013180498550370635
leaf_weight=23.813369091600187 23.088290262967348 7.1974855139851561 179.34110125899315 121.79488075897098 25.379771940410137 4.341818273067477 21.611976362764835 2.3767118118703365 9.5219096988439578 4.2915477305650738 10.975256869569419 0.88153338432311912 0.93263744562864204
leaf_count=563 211 34 867 600 218 32 210 34 138 58 212 19 16
internal_value=0.000161208 -0.0039635 -0.00591631 -0.0081891 0.00820469 0.0166303 0.0254991 0.0300658 0.0215995 -0.00967087 0.0317726 0.0390402 0.0405476
internal_weight=435.548 382.755 349.604 301.136 48.4681 33.1513 25.9538 52.793 27.1654 6.66826 20.4972 25.6275 24.746
internal_count=3212 2172 1896 1467 429 276 242 1040 442 92 350 598 579
is_linear=0
shrinkage=0.04


Tree=52
num_leaves=13
num_cat=0
split_feature=33 33 33 29 25 29 31 33 3 33 23 24
split_gain=31.7331 9.10655 11.0973 12.3528 9.66697 9.12259 9.02647 7.96761 2.58241 2.35691 4.94672 1.12342
threshold=0.43653174209096801 0.54471280363566899 0.49844580334781374 0.4435424332438605 0.00029576360524314547 0.45184438290211132 0.99999999979766463 0.66189542152082537 0.00047340072881360003 0.41039268547880731 0.032827592405881963 1.0944992903215154
decision_type=2 2 2 2 2 2 2 2 2 2 2 2
left_child=8 2 5 -4 7 -2 -6 -3 -1 11 -11 -10
right_child=1 4 3 -5 6 -7 -8 -9 9 10 -12 -13
leaf_value=-0.0056400243580670122 0.025618964208473264 -0.014524372264305195 -0.037567711200971764 -0.0092011844455145951 0.02731067359557247 -0.0039077040832210478 -0.006119228302382697 0.021465066335809739 0.041839044768268371 -0.0019040535168785406 0.038972001488768546 0.016222750942690333
leaf_weight=3.1136110275983802 19.875998191535473 43.410142730921507 31.707905367016792 108.99627570807934 40.901040624827147 106.18160274624825 18.892396204173565 12.728170096874235 25.981649724766616 8.4208867438137549 10.827932141721247 3.0620633475482455
leaf_count=32 130 232 130 454 299 702 143 82 650 97 196 65
internal_value=0.000159954 -0.00380377 -0.00787149 -0.0155936 0.00555615 0.000747882 0.0167481 -0.00636453 0.0296679 0.0319444 0.0210897 0.0391383
internal_weight=434.1 382.694 266.762 140.704 115.932 126.058 59.7934 56.1383 51.4061 48.2925 19.2488 29.0437
internal_count=3212 2172 1416 584 756 832 442 314 1040 1008 293 715
is_linear=0
shrinkage=0.04


Tree=53
num_leaves=14
num_cat=0
split_feature=33 33 21 7 10 24 2 33 19 30 27 21 23
split_gain=29.9919 8.56054 6.27572 9.97149 7.77152 5.57931 2.97184 2.54723 5.2501 6.2983 2.30355 1.04797 0.949498
threshold=0.43653174209096801 0.6070885166151031 0.92169261652648005 0.00014323552001700002 0.00014963690138905005 0.73295369052949766 0.085538684854066169 0.39588961668568295 0.62470868374037691 0.2030971982298444 0.32328201160826192 0.97895476597704045 0.21935939174155109
decision_type=2 2 2 2 2 2 2 2 2 2 2 2 2
left_child=7 2 3 -2 -4 -3 -7 11 9 -9 -10 12 -1
right_child=1 5 4 -5 -6 6 -8 8 10 -11 -12 -13 -14
leaf_value=0.041950571196193831 -0.016511680457162961 -0.01508224164773982 0.006363549196397829 0.0025301894351079661 -0.013672988753907303 -0.0053161687079290648 0.031039676841737005 0.011980662613729693 0.034429696718139627 -0.079038125350526664 -0.02510516111580241 -0.00482164546845855 0.00025771454535347606
leaf_weight=22.180099213495858 132.07333463057876 7.2060487493872634 108.45597727969289 65.983549561351538 43.35372643917799 4.3416579514741924 20.987930789589882 4.9890498444438007 18.405183443799618 1.6086209639906881 1.1021301951259364 0.85372711718082328 0.90980765223503013
leaf_count=563 687 34 599 375 235 32 210 73 335 19 15 19 16
internal_value=0.000158431 -0.00365248 -0.00547755 -0.0101678 0.000641526 0.0159731 0.024808 0.0292762 0.0206338 -0.0102112 0.0310661 0.0386986 0.0403078
internal_weight=432.451 382.402 349.867 198.057 151.81 32.5356 25.3296 50.0486 26.105 6.59767 19.5073 23.9436 23.0899
internal_count=3212 2172 1896 1062 834 276 242 1040 442 92 350 598 579
is_linear=0
shrinkage=0.04


Tree=54
num_leaves=13
num_cat=0
split_feature=33 33 33 1 1 19 18 13 3 33 21 24
split_gain=28.3375 8.11067 10.2053 13.1822 12.064 9.33271 6.76125 5.08579 2.55023 2.40084 3.13396 1.16117
threshold=0.43653174209096801 0.54471280363566899 0.49754900124496004 -0.00012061038251009998 -5.1566157754923117e-06 0.62497838799777417 1.0000000180025095e-35 0.00035376693048070007 0.00047340072881360003 0.41039268547880731 0.93807928720604383 1.0944992903215154
decision_type=2 2 2 2 2 2 2 2 2 2 2 2
left_child=8 2 4 -4 -2 6 -3 -7 -1 11 -11 -10
right_child=1 5 3 -5 -6 7 -8 -9 9 10 -12 -13
leaf_value=-0.0064220423030724319 0.013059569556392807 0.029429327251619588 -0.033077061593883447 -0.0066475780239766968 -0.011979729910490559 0.025764477573819198 -0.010088087951247949 -0.0015858464695501231 0.041709342393038112 0.03269477627799143 -0.0014087750684838329 0.01508747330371254
leaf_weight=3.0687078908085814 64.522902626544237 7.9337758012115946 43.109685242176056 100.78853021562099 58.88240622356534 37.270729944109917 54.61203745752573 15.36168736219406 24.204083628952507 11.72348289191723 6.8191272243857375 2.939845945686101
leaf_count=32 429 51 176 421 390 283 314 108 650 211 82 65
internal_value=0.000156835 -0.00350407 -0.00732761 -0.0145654 0.00111216 0.00536954 -0.00507541 0.0177818 0.0288764 0.0312473 0.020153 0.038826
internal_weight=431.237 382.482 267.304 143.898 123.405 115.178 62.5458 52.6324 48.7552 45.6865 18.5426 27.1439
internal_count=3212 2172 1416 597 819 756 365 391 1040 1008 293 715
is_linear=0
shrinkage=0.04


Tree=55
num_leaves=14
num_cat=0
split_feature=33 33 25 33 24 22 25 24 23 27 3 27 1
split_gain=26.8877 7.54119 8.70155 7.52274 5.17407 4.38869 3.04988 6.31442 3.13507 3.11684 2.88301 0.815439 0.573077
threshold=0.42674471448301626 0.6070885166151031 0.00011975200346748775 0.46848095074833468 0.73295369052949766 0.061937687013015282 0.0001221967156569649 1.0065009725982479 0.0097448709948698455 0.10859101419763771 0.00126296074375845 0.0079494468549985865 4.457175627253785e-05
decision_type=2 2 2 2 2 2 2 2 2 2 2 2 2
left_child=6 2 5 -4 -3 -2 7 12 9 -8 -6 -10 -1
right_child=1 4 3 -5 10 -7 8 -9 11 -11 -12 -13 -14
leaf_value=0.045095226078765663 -0.068938130244169754 -0.01415010422035669 0.0099755981716504964 -0.0060984978981425964 0.015084883943820624 -0.01802274997492188 -0.05094874977947577 -0.06986156101685298 0.0054657824621428073 0.043382343532365086 0.044495717253319293 0.040596752898422538 0.010439475118033132
leaf_weight=2.0277510248124595 4.6858127862215024 7.2438097000122061 55.410935048013926 292.45692884922028 17.070950455963615 6.4195524230599403 1.2678955346345895 1.3879970125854013 1.0949146002531076 1.0043973252177236 7.7554724030196658 30.638666208833456 1.224468410015106
leaf_count=23 21 34 536 1428 143 28 24 18 26 19 99 786 27
internal_value=0.000155055 -0.00299052 -0.00465082 -0.0035381 0.0155938 -0.0395061 0.0319838 0.00156395 0.0361347 -0.00925258 0.0242725 0.0393846 0.0320473
internal_weight=429.69 391.043 358.973 347.868 32.0702 11.1054 38.6461 4.64022 34.0059 2.27229 24.8264 31.7336 3.25222
internal_count=3212 2289 2013 1964 276 49 923 68 855 43 242 812 50
is_linear=0
shrinkage=0.04


Tree=56
num_leaves=13
num_cat=0
split_feature=33 33 25 33 9 33 22 19 21 6 21 31
split_gain=25.4958 7.01279 8.02536 6.94661 4.76887 6.20047 4.03918 3.08234 2.64217 2.09925 1.92471 1.48965
threshold=0.42674471448301626 0.6070885166151031 0.00011975200346748775 0.46848095074833468 0.00019487907027754744 0.66189542152082537 0.061937687013015282 0.62437536735286769 0.97946422880582751 2.2265217327697059e-05 0.9335011592981769 0.52887058985613777
decision_type=2 2 2 2 2 2 2 2 2 2 2 2
left_child=7 2 6 -4 5 -3 -2 9 11 -1 -6 -9
right_child=1 4 3 -5 10 -7 -8 8 -10 -11 -12 -13
leaf_value=0.021948599335162196 -0.066173670232495235 -0.030087701639937462 0.0096470171835824139 -0.0058438083306957891 0.0448506161174499 0.019021004784909347 -0.017319074312482165 0.0039996845385344487 -0.023696844099372179 -0.044233281861000354 0.013972429974227497 0.039349210416723915
leaf_weight=1.7938942536711686 4.6862651184201223 6.3648601621389451 55.014526482671499 292.98389119282365 8.4155437350273115 11.630554862320421 6.4132912755012512 2.03159993328154 1.1809525564312924 1.3393984064459798 5.241496115922927 31.195178255438805
leaf_count=26 21 35 536 1428 101 74 28 39 22 19 66 817
internal_value=0.000153116 -0.0028719 -0.00446284 -0.00339489 0.0151773 0.00165158 -0.0379456 0.0316394 0.0350981 -0.00634238 0.0329997 0.0371878
internal_weight=428.291 390.75 359.098 347.998 31.6525 17.9954 11.0996 37.541 34.4077 3.13329 13.657 33.2268
internal_count=3212 2289 2013 1964 276 109 49 923 878 45 167 856
is_linear=0
shrinkage=0.04


Tree=57
num_leaves=12
num_cat=0
split_feature=33 33 33 8 6 24 0 2 3 21 0
split_gain=24.1665 6.72336 7.74615 7.11521 10.7924 6.75136 6.42344 4.71063 3.07471 2.54269 1.39009
threshold=0.42674471448301626 0.5704208134748775 0.46848095074833468 -0.00010807130703009998 -0.00022389361685859997 0.90138064225868364 59.780542313155486 0.89897397590997963 0.00047340072881360003 0.97946422880582751 29.690160837049891
decision_type=2 2 2 2 2 2 2 2 2 2 2
left_child=8 2 5 4 -3 -2 -4 -5 -1 10 -10
right_child=1 3 6 7 -6 -7 -8 -9 9 -11 -12
leaf_value=-0.0074784119394902485 -0.0063797305122198292 0.037586844621610063 -0.011522263943389765 0.038499729607916228 -0.0088040118433424259 0.021341860474008888 0.0027930588805138079 -0.024139034435339487 0.016719877093748867 -0.022298970275988431 0.040314091767387393
leaf_weight=3.0038209483027449 26.461579088121653 10.162814553827046 201.37317232787609 15.387986641377212 38.119226306676865 29.983952637761831 66.784127041697502 2.1949375793337813 4.6717698834836474 1.2042898572981346 27.593470741063356
leaf_count=32 245 89 906 144 276 301 309 19 110 22 759
internal_value=0.000150811 -0.00275775 -0.0051221 0.0088945 0.00096073 0.00834602 -0.00795706 0.0306803 0.0312886 0.0347678 0.0368978
internal_weight=426.941 390.468 324.603 65.865 48.282 56.4455 268.157 17.5829 36.4734 33.4695 32.2652
internal_count=3212 2289 1761 528 365 546 1215 163 923 891 869
is_linear=0
shrinkage=0.04


Tree=58
num_leaves=13
num_cat=0
split_feature=33 29 33 33 25 0 2 24 19 21 6 10
split_gain=22.9016 6.61795 6.34615 10.299 9.68736 5.41191 9.27597 3.56243 3.01223 2.45984 1.9083 1.14483
threshold=0.42674471448301626 0.86719314289853444 0.54471280363566899 0.48747083060623997 0.00029576360524314547 50.270263814598017 0.45026343357775478 0.95911646917383464 0.62437536735286769 0.97946422880582751 2.2265217327697059e-05 -0.00011344541149089998
decision_type=2 2 2 2 2 2 2 2 2 2 2 2
left_child=8 2 3 -2 -4 7 -7 -3 10 11 -1 -10
right_child=1 5 4 -5 -6 6 -8 -9 9 -11 -12 -13
leaf_value=0.021143857669858081 0.0029181684457294812 0.047595886031225575 -0.0087404033212153918 -0.013589809505151103 0.015781869765933022 -0.084441129909741661 0.011240346987694539 0.0062840209308642828 0.025177401645175245 -0.021009757266361336 -0.04199198356397657 0.04183354510082557
leaf_weight=1.7381240241229527 96.344483736902475 9.4181921333074587 48.555073697119951 162.38567665219307 54.940036524087191 1.8883647918701161 11.456508751958607 5.1747986935079089 9.5097660515457374 1.2265885025262822 1.3695050626993177 21.597400652244691
leaf_count=26 755 51 274 682 417 10 70 30 263 22 19 593
internal_value=0.000149268 -0.00264728 -0.00409407 -0.00744266 0.00427716 0.0161109 -0.00229905 0.0329463 0.0309356 0.0345508 -0.00667956 0.0367416
internal_weight=425.605 390.163 362.225 258.73 103.495 27.9379 13.3449 14.593 35.4414 32.3338 3.10763 31.1072
internal_count=3212 2289 2128 1437 691 161 80 81 923 878 45 856
is_linear=0
shrinkage=0.04


Tree=59
num_leaves=14
num_cat=0
split_feature=33 33 25 27 24 19 25 24 23 27 2 27 1
split_gain=21.6995 6.21928 7.35341 6.55659 4.79785 3.93142 3.01592 5.46999 3.15862 3.4482 2.88279 1.01667 0.610855
threshold=0.42674471448301626 0.6070885166151031 0.00011975200346748775 0.15179646807764419 0.73295369052949766 0.62436192133744262 0.0001221967156569649 1.0065009725982479 0.0097448709948698455 0.10585071468612196 0.085538684854066169 0.0072386689277336635 4.457175627253785e-05
decision_type=2 2 2 2 2 2 2 2 2 2 2 2 2
left_child=6 2 5 -4 -3 -2 7 12 9 -8 -6 -10 -1
right_child=1 4 3 -5 10 -7 8 -9 11 -11 -12 -13 -14
leaf_value=0.04463997031635486 -0.0066683904020156792 -0.01395758253210496 0.00097516123139759 -0.010583428088732699 -0.0067271113098669932 -0.055447565256989288 -0.057497917708159318 -0.063792755830478956 -0.0034206446028416798 0.043163808518071535 0.029710255973849672 0.040170621706889238 0.0073660668972656716
leaf_weight=1.8815727010369294 4.3747328370809537 7.215749308466914 227.83378814533353 119.81502145528793 4.2205669134855297 6.680798351764679 1.1811849083751469 1.4544680193066595 0.88417156226933258 1.010101396590471 19.641915712505579 26.916396787390113 1.1235374007374046
leaf_count=23 20 34 1298 666 32 29 22 18 23 21 210 789 27
internal_value=0.000147011 -0.00254251 -0.00402974 -0.00300844 0.0146231 -0.0361454 0.0305762 -0.000115509 0.0351398 -0.0110966 0.0232656 0.0387842 0.0307042
internal_weight=424.234 389.783 358.704 347.649 31.0782 11.0555 34.4514 4.45958 29.9919 2.19129 23.8625 27.8006 3.00511
internal_count=3212 2289 2013 1964 276 49 923 68 855 43 242 812 50
is_linear=0
shrinkage=0.04


Tree=60
num_leaves=15
num_cat=0
split_feature=33 29 9 33 33 25 14 25 24 23 27 25 27 8
split_gain=20.5678 6.12279 5.98602 5.75556 10.4102 7.33883 5.1652 2.95006 4.92125 3.08208 3.35543 2.16082 1.18058 0.6062
threshold=0.42674471448301626 0.86719314289853444 0.00016536266676783943 0.53907332994281754 0.48747083060623997 0.00014483328815227811 0.00041327631725600003 0.0001221967156569649 1.0065009725982479 0.0097448709948698455 0.10063310375178183 0.0001511544957817521 0.0064325306446757881 0.00010833744551485002
decision_type=2 2 2 2 2 2 2 2 2 2 2 2 2 2
left_child=7 3 11 4 -2 -5 -4 8 13 10 -9 -3 -11 -1
right_child=1 2 6 5 -6 -7 -8 9 -10 12 -12 -13 -14 -15
leaf_value=0.044387399370718887 0.0029584862401129531 0.0076176545084618618 0.037440013043409409 -0.01975338439412706 -0.013901501225312541 0.0078579770527367095 -0.013064829681582903 -0.055884940147274201 -0.058373889700569989 -0.010265943690411004 0.042990346045234967 -0.034775266805531981 0.040058242125436481 0.006863209753890571
leaf_weight=1.8259064443409436 96.356876485049725 3.7218824625015285 15.970326315611603 18.279366597533226 149.52073802053928 97.837291345000267 4.0645711794495574 1.1966729145497113 1.5243866033852098 0.7678451612591769 1.0148810688406227 3.9819644317030907 26.05628545768559 1.1061208378523586
leaf_count=24 755 21 95 92 626 655 26 21 18 20 22 19 792 26
internal_value=0.000144677 -0.0024403 0.0156714 -0.00382815 -0.00729425 0.00351133 0.0271939 0.0302249 -7.75506e-05 0.0348757 -0.0105111 -0.0142944 0.0386177 0.0302312
internal_weight=423.225 389.733 27.7387 361.994 245.878 116.117 20.0349 33.4921 4.45641 29.0357 2.21155 7.70385 26.8241 2.93203
internal_count=3212 2289 161 2128 1381 747 121 923 68 855 43 40 812 50
is_linear=0
shrinkage=0.04


Tree=61
num_leaves=14
num_cat=0
split_feature=29 2 24 29 15 14 14 10 13 31 2 31 26
split_gain=4.98833 4.60469 6.45356 6.56827 4.94602 4.46585 9.79547 5.56244 4.0773 7.63547 5.81901 5.69464 5.08201
threshold=0.82053350662639535 0.56595440650182904 0.88412578177148826 0.31231557749319211 -0.00056471253835899994 0.00012716893725595003 0.00015684600174690002 -0.00027680699323319994 7.0657396632027214e-05 0.99999999982108634 0.043907449814144801 0.9999999998350052 0.2105263157894737
decision_type=2 2 2 2 2 2 2 2 2 2 2 2 2
left_child=1 2 4 -4 -1 7 -7 -3 10 12 -2 -12 -10
right_child=8 5 3 -5 -6 6 -8 -9 9 -11 11 -13 -14
leaf_value=-4.0062027255278536e-05 0.055430026235797292 -0.029082097316775583 -0.033775774784141621 0.0033546680987266097 -0.019080076060950368 -0.045331876452303223 0.0029959898117594558 0.020306003255900509 0.044434824137589785 -0.028115477518401561 -0.0099335220211775078 0.047666459094300742 -0.013775644490858566
leaf_weight=32.66345738992095 2.9716142956167486 4.0563191249966613 8.1553280241787416 116.72238209657371 65.813155509531498 7.2010840866714707 98.484206963330507 36.311468362808228 15.431827025488024 3.6321534458547822 24.511624755337838 3.0927704963833085 2.8415460120886555
leaf_count=273 25 37 50 871 422 60 795 322 120 24 171 21 21
internal_value=0.000142633 -0.00149678 -0.0051081 0.000929808 -0.0127647 0.00402589 -0.000296928 0.0153433 0.0116822 0.0248543 0.00224527 -0.00348007 0.035383
internal_weight=421.889 369.407 223.354 124.878 98.4766 146.053 105.685 40.3678 52.4815 21.9055 30.576 27.6044 18.2734
internal_count=3212 2830 1616 921 695 1214 855 359 382 165 217 192 141
is_linear=0
shrinkage=0.04


Tree=62
num_leaves=12
num_cat=0
split_feature=33 33 25 1 27 25 29 3 21 0 25
split_gain=19.4628 6.05553 7.51791 8.37464 6.05446 4.47538 4.76336 2.98454 2.38462 1.5187 0.0102262
threshold=0.42674471448301626 0.62969749953042675 0.00014024164617808382 -2.9105834571441221e-05 0.15179646807764419 0.00019782710311839138 0.69356528126147576 0.00047340072881360003 0.97946422880582751 29.690160837049891 0.00028056135602941046
decision_type=2 2 2 2 2 2 2 2 2 2 2
left_child=7 2 3 -2 -4 6 -3 -1 9 -9 -7
right_child=1 5 4 -5 -6 10 -8 8 -10 -11 -12
leaf_value=-0.0087548902458243795 -0.070215308894318471 -0.0089652303825333898 0.0015640788691642458 -0.010748218505633664 -0.0095010693317054262 0.046617184146232143 0.037078981969923278 0.013898357569364203 -0.021153060275263678 0.039891139045403756 0.043330838582688117
leaf_weight=2.9142056182026854 5.4559195637702969 11.039271086454397 226.25339764356613 12.402360789477823 121.66388599574566 2.2396140657365313 5.3308210372924796 4.2256149984896245 1.2172128073871125 24.159456504508853 4.682319238781929
leaf_count=32 23 68 1331 55 688 20 33 110 22 759 71
internal_value=0.000139355 -0.00234526 -0.00360454 -0.0289161 -0.00230531 0.0174302 0.00602879 0.0298684 0.0336707 0.0360217 0.0443941
internal_weight=421.584 389.068 365.776 17.8583 347.917 23.292 16.3701 32.5165 29.6023 28.3851 6.92193
internal_count=3212 2289 2097 78 2019 192 101 923 891 869 91
is_linear=0
shrinkage=0.04


Tree=63
num_leaves=13
num_cat=0
split_feature=33 33 25 1 31 9 31 3 23 27 27 9
split_gain=18.4329 5.64023 6.94896 7.8073 5.86644 4.66712 4.98995 2.89524 2.3903 2.13564 1.13965 0.0125869
threshold=0.42674471448301626 0.62969749953042675 0.00014024164617808382 -2.9105834571441221e-05 0.99999999978812026 0.00019487907027754744 0.99999999979896004 0.00047340072881360003 0.0097448709948698455 0.10063310375178183 0.0064325306446757881 0.00027226602982939895
decision_type=2 2 2 2 2 2 2 2 2 2 2 2
left_child=7 2 3 -2 -4 6 -3 -1 9 -9 -10 -7
right_child=1 5 4 -5 -6 11 -8 8 10 -11 -12 -13
leaf_value=-0.0083490517146350262 -0.067870770982630724 0.018207302543242963 0.00078765452402032067 -0.01031858856704602 -0.011200355538854463 0.046991003706723655 -0.032889857462708803 -0.033034311053198338 -0.011737769630915608 0.04288510081838149 0.038376166441155116 0.04326111055417637
leaf_weight=2.9332287758588818 5.4193321317434338 11.931156173348432 261.10733529552817 12.402007073163984 87.100363299250603 2.0569557547569266 4.1117061823606482 1.5465679764747648 0.74739358574152248 0.96136553958058346 25.438240246847272 4.8864397592842579
leaf_count=32 23 72 1521 55 498 17 27 25 20 22 824 76
internal_value=0.000136629 -0.00225088 -0.00345786 -0.0278198 -0.00221102 0.0169689 0.00511135 0.0295034 0.0333729 -0.00393214 0.0369458 0.0443661
internal_weight=420.642 389.015 366.029 17.8213 348.208 22.9863 16.0429 31.6268 28.6936 2.50793 26.1856 6.9434
internal_count=3212 2289 2097 78 2019 192 99 923 891 47 844 93
is_linear=0
shrinkage=0.04


Tree=64
num_leaves=15
num_cat=0
split_feature=33 33 26 5 33 1 29 2 33 19 13 27 2 31
split_gain=17.4584 5.99131 11.0451 12.1703 10.9334 13.6708 8.56444 5.89265 2.79998 5.49132 6.6472 2.51058 1.00745 3.77816
threshold=0.43653174209096801 0.53035574285805898 0.2105263157894737 1.0000000180025095e-35 0.49844580334781374 -3.6336411125548189e-05 0.45184438290211132 0.87713522184134207 0.39588961668568295 0.62470868374037691 -2.8302955782411276e-05 0.32328201160826192 0.89897397590997963 0.99999999978042087
decision_type=2 2 2 2 2 2 2 2 2 2 2 2 2 2
left_child=8 4 3 -3 6 -6 -2 -4 12 10 -10 -11 -1 -14
right_child=1 2 7 -5 5 -7 -8 -9 9 11 -12 -13 13 -15
leaf_value=0.041504271651151621 0.025628509410423085 0.02340663146901786 -0.047746713858175117 -0.0016430660437257453 -0.032720306302763118 -0.0035059361807733419 -0.0030927226535625951 0.0096663853052138763 0.043505889556449288 0.032055011917663613 -0.047533697144814882 -0.034233346492769462 0.042109754592108473 -0.062058862744843853
leaf_weight=14.797021271660926 19.682682782411575 47.911338705569506 9.5613622665405256 88.086332850158215 45.067624717950821 59.416371241211891 106.46647761762142 4.0811596140265456 1.9155702516436575 14.904574807733294 3.887163475155833 0.97388714738190252 2.2181915622204538 0.74392666667699803
leaf_count=513 130 303 52 535 182 246 702 22 34 335 58 15 68 17
internal_value=0.000134001 -0.00249329 0.00373989 0.00718182 -0.00653752 -0.0161071 0.00138857 -0.0305716 0.0254657 0.0158199 -0.0174802 0.0279893 0.0372417 0.0159481
internal_weight=419.714 380.273 149.64 135.998 230.633 104.484 126.149 13.6425 39.4403 21.6812 5.80273 15.8785 17.7591 2.96212
internal_count=3212 2172 912 838 1260 428 832 74 1040 442 92 350 598 85
is_linear=0
shrinkage=0.04


Tree=65
num_leaves=13
num_cat=0
split_feature=33 29 26 33 33 8 24 25 24 21 27 1
split_gain=16.6106 5.34731 9.05877 5.04226 10.8491 7.39557 4.40268 2.86448 4.44365 2.44804 1.23913 0.673424
threshold=0.42674471448301626 0.86719314289853444 0.2105263157894737 0.53035574285805898 0.49844580334781374 0.00057660699514205016 0.94863542431459613 0.0001221967156569649 1.0065009725982479 0.97946422880582751 0.0064325306446757881 4.936071032279888e-05
decision_type=2 2 2 2 2 2 2 2 2 2 2 2
left_child=7 3 6 4 -2 -5 -3 8 11 10 -9 -1
right_child=1 2 -4 5 -6 -7 -8 9 -10 -11 -12 -13
leaf_value=0.044164152463898904 0.00073136108332531608 0.038048815475259269 -0.037463771779686773 0.0073580380677554739 -0.016989949167014597 -0.015810471606922723 0.0012647700165253609 -0.016276043634438617 -0.055501437549637711 -0.022021180090097108 0.038117607857730419 0.0029459448123236105
leaf_weight=1.7455876879394083 125.67987579107285 14.826829876750713 4.413495108485221 109.1923056319356 98.668172851204872 27.620411746203899 8.0234462954103929 0.68949654139578953 1.552634425461292 1.1959223244339217 23.821583312004805 0.99611308239400376
leaf_count=24 887 89 24 672 404 165 48 19 18 22 814 26
internal_value=0.000132788 -0.00208214 0.0149996 -0.00337163 -0.00706246 0.00268067 0.0251328 0.0288093 -0.00143132 0.033861 0.0365875 0.0291888
internal_weight=418.426 388.425 27.2638 361.161 224.348 136.813 22.8503 30.0013 4.29434 25.707 24.5111 2.7417
internal_count=3212 2289 161 2128 1291 837 137 923 68 855 833 50
is_linear=0
shrinkage=0.04


Tree=66
num_leaves=13
num_cat=0
split_feature=33 33 25 9 2 9 33 3 23 27 27 9
split_gain=15.7294 5.00862 6.55214 7.2156 6.05748 4.60786 4.96847 2.79123 2.42989 2.05008 1.32791 0.0108094
threshold=0.42674471448301626 0.62969749953042675 0.00014024164617808382 0.00014326575308551038 0.38986159158148886 0.00019487907027754744 0.66189542152082537 0.00047340072881360003 0.0097448709948698455 0.10063310375178183 0.0048546262114256408 0.00027226602982939895
decision_type=2 2 2 2 2 2 2 2 2 2 2 2
left_child=7 2 4 -4 -2 6 -3 -1 9 -9 -10 -7
right_child=1 5 3 -5 -6 11 -8 8 10 -11 -12 -13
leaf_value=-0.0088904343423095479 -0.054268945601663066 -0.031156609853549688 0.060382688543354462 -0.0024518060189587135 -0.0069497960133242222 0.046638371617706065 0.018547399208370709 -0.033798355464430926 -0.020233317165891992 0.042729097841521395 0.037970779883857053 0.043115436929473533
leaf_weight=2.8873309567570713 7.4621551111340549 4.4758401215076473 2.9491378888487807 344.7834145128727 10.307479552924631 1.9812427461147297 11.448342226445673 1.5269622206687956 0.64454803429544227 0.88453637994825829 23.255797453224659 4.6975890956819057
leaf_count=32 33 25 16 2003 45 17 74 25 17 22 827 76
internal_value=0.000130549 -0.00199956 -0.00312957 -0.0019189 -0.0268209 0.0162733 0.004577 0.0284431 0.0325399 -0.00572813 0.0364011 0.0441605
internal_weight=417.304 388.105 365.502 347.733 17.7696 22.603 15.9242 29.1992 26.3118 2.4115 23.9003 6.67883
internal_count=3212 2289 2097 2019 78 192 99 923 891 47 844 93
is_linear=0
shrinkage=0.04


Tree=67
num_leaves=15
num_cat=0
split_feature=33 33 31 21 22 25 14 33 9 33 31 31 33 33
split_gain=15.011 6.16167 8.40196 8.08834 10.6432 7.53209 6.87406 5.86155 4.14504 4.72466 6.16815 1.59915 0.777292 0.00618132
threshold=0.45098205385265716 0.53035574285805898 0.99999999979766463 0.91305262306836965 0.062615011826768388 0.00032722935547823269 0.00034074694704305005 0.49965328459648312 0.00037698128149302401 0.39588961668568295 0.97346704686423868 0.99999999978042087 0.44223943659743215 0.42674471448301626
decision_type=2 2 2 2 2 2 2 2 2 2 2 2 2 2
left_child=8 3 5 4 -2 -3 -4 -5 9 11 -11 -1 13 -10
right_child=1 2 6 7 -6 -7 -8 -9 12 10 -12 -13 -14 -15
leaf_value=0.04177309730170841 -0.023219391389656622 0.00038487954708474971 -0.0039327925526897274 0.010554210813293465 0.0017583799804399534 0.021863840760519223 -0.045506737612139962 -0.0091895572090783442 0.041088216772895904 -0.011650836355172915 0.028401182258988498 0.0015368483925519592 0.01939631043673622 0.042991215575004647
leaf_weight=9.0759538821876031 75.050198450684547 62.195645365864038 33.712178271263838 52.258677013218403 42.895899258553982 45.038136798888445 7.8440383635461322 44.584346726536751 8.5917018754407746 16.252061018720273 9.8995712008327228 1.9136621393263329 3.1215981841087332 4.0036404989659777
leaf_count=305 369 345 219 319 208 298 50 182 354 250 152 58 37 66
internal_value=0.000128035 -0.00276762 0.00348884 -0.00710164 -0.0141352 0.00940603 -0.0117802 0.00146462 0.0200455 0.0127589 0.00351066 0.0347666 0.0372647 0.0416931
internal_weight=416.437 363.579 148.79 214.789 117.946 107.234 41.5562 96.843 52.8582 37.1412 26.1516 10.9896 15.7169 12.5953
internal_count=3212 1990 912 1078 577 643 269 501 1222 765 402 363 457 420
is_linear=0
shrinkage=0.04


Tree=68
num_leaves=14
num_cat=0
split_feature=33 29 10 30 28 27 0 28 2 8 30 9 7
split_gain=14.1605 5.18274 4.5782 9.94583 7.48686 3.97186 7.06492 3.68474 1.84237 3.67352 1.54154 0.00546585 0.00172135
threshold=0.40886998841206229 0.82053350662639535 7.0789944989808562e-05 0.23236606712423341 1.4075477559903877 0.21774946993395539 43.803442405760975 0.95999939047671179 0.89897397590997963 0.00033606870537260003 0.43910573230347044 9.1868247012317618e-05 0.00053082040015780011
decision_type=2 2 2 2 2 2 2 2 2 2 2 2 2
left_child=8 2 3 -2 -4 6 -3 -7 10 -10 11 -1 -11
right_child=1 5 4 -5 -6 7 -8 -9 9 12 -12 -13 -14
leaf_value=0.044009027519583375 -0.0028776461015111061 0.041906650748208776 -0.0072090172816304801 0.023244980418013469 -0.055725509169029047 0.020683683939541661 0.0051861604979277897 -0.034924628955350256 -0.045383900575411903 0.043682944186029728 -0.025239397354289338 0.041149051179030942 0.041053731473319796
leaf_weight=1.1545655447989744 191.55308994278312 11.771931324154137 123.4875667784363 26.552476210519671 5.30784111842513 2.9972015246748906 29.122058134526014 5.2393504790961742 1.3189404010772698 0.57760468684136856 0.57660214416682798 14.458151098340748 1.2842897102236746
leaf_count=17 1198 85 778 179 32 19 179 27 31 13 10 591 53
internal_value=0.000126729 -0.00150658 -0.00322863 0.000302559 -0.00920845 0.0106525 0.0157567 -0.0146893 0.0335204 0.00568961 0.0389885 0.0413605 0.0418694
internal_weight=415.402 396.032 346.901 218.106 128.795 49.1305 40.894 8.23655 19.3702 3.18083 16.1893 15.6127 1.86189
internal_count=3212 2497 2187 1377 810 310 264 46 715 97 618 608 66
is_linear=0
shrinkage=0.04


Tree=69
num_leaves=15
num_cat=0
split_feature=33 33 27 33 1 8 29 9 33 10 15 21 28 33
split_gain=13.5773 6.03226 7.30594 6.53901 12.6792 8.07213 6.53744 5.11954 4.22568 4.77456 4.18631 1.40886 0.562749 0.00701361
threshold=0.45513688121472767 0.53035574285805898 0.053393999636101336 0.49844580334781374 -3.6336411125548189e-05 -9.4867113304705501e-05 0.41002941187291314 0.00044543476547120869 0.39588961668568295 0.00019898093503260001 -0.0011224176005406497 0.97946422880582751 0.65343142634282037 0.43469161299203563
decision_type=2 2 2 2 2 2 2 2 2 2 2 2 2 2
left_child=8 3 7 5 -5 -2 -4 -3 11 10 -10 12 -1 -11
right_child=1 2 6 4 -6 -7 -8 -9 9 13 -12 -13 -14 -15
leaf_value=0.013552020622543135 0.011868396996151923 0.027796263983079817 -0.024023472689816545 -0.030212846937674454 -0.0020922474490049935 -0.010364604589973266 0.0025996864041925205 -0.0091488010258998498 0.043509750090875897 0.041881358672128013 0.00079557301763733814 -0.022906571193444043 0.041317872566968658 0.044540171983034609
leaf_weight=1.2804089980199904 48.650320045650005 26.818269524723291 17.418799500912428 45.047025710344315 59.592731267213821 56.440617777407169 96.585303392261267 7.7312447167932978 4.167720133438702 2.8413897585123769 30.814908373169605 0.61543552763760168 13.293626842088996 3.5968431644141674
leaf_count=35 282 164 107 182 246 316 572 69 74 82 477 15 548 43
internal_value=0.000124511 -0.00275177 0.00341525 -0.00711992 -0.0141981 -7.21601e-05 -0.00146809 0.019529 0.0183284 0.0117105 0.00588441 0.0363751 0.0388785 0.0433668
internal_weight=414.895 358.284 148.554 209.731 104.64 105.091 114.004 34.5495 56.6103 41.4209 34.9826 15.1895 14.574 6.43823
internal_count=3212 1938 912 1026 428 598 679 233 1274 676 551 598 583 125
is_linear=0
shrinkage=0.04


Tree=70
num_leaves=14
num_cat=0
split_feature=33 19 19 33 25 33 33 2 8 0 27 3 24
split_gain=12.8399 4.89344 10.7981 6.87608 6.61368 5.72056 5.7101 1.87862 3.46747 1.33685 0.666982 0.00501857 0.00137486
threshold=0.40886998841206229 0.62475451162833517 0.62469328022509385 0.6170465989912467 0.00025946263845356163 0.47204562675070022 0.66189542152082537 0.89897397590997963 0.00033606870537260003 17.30504651246574 0.18429087286367313 0.00047340072881360003 1.0448320505493707
decision_type=2 2 2 2 2 2 2 2 2 2 2 2 2
left_child=7 2 6 5 -4 -3 -2 9 -9 -1 -5 -11 -10
right_child=1 3 4 10 -6 -7 -8 8 12 11 -12 -13 -14
leaf_value=-0.016750642760796006 -0.007291733095758644 0.011687778952550295 -0.068386025384449114 0.044375850451574696 -0.012837221937976317 -0.0025546149283393817 0.023405201999587823 -0.043991122682249639 0.040971354681334574 0.043711278759952676 0.012464295467985909 0.041060290263464701 0.043393792634398014
leaf_weight=0.66408450901508587 85.812636349350214 56.711875988170505 7.1435307376086694 6.2875080928206435 6.5957701541483402 220.80207399278879 10.930579513311384 1.3364051990211003 1.1870525963604448 1.2505877427756775 1.2575382776558397 13.228757359087465 0.54788032919168461
leaf_count=17 477 641 36 89 45 1115 75 31 53 18 19 583 13
internal_value=0.000122578 -0.00138954 -0.00853601 0.00138027 -0.0417189 0.000355916 -0.00382342 0.0329588 0.00443448 0.038744 0.0390571 0.0412893 0.0417363
internal_weight=413.756 395.542 110.483 285.059 13.7393 277.514 96.7432 18.2148 3.07134 15.1434 7.54505 14.4793 1.73493
internal_count=3212 2497 633 1864 81 1756 552 715 97 618 108 601 66
is_linear=0
shrinkage=0.04


Tree=71
num_leaves=12
num_cat=0
split_feature=33 29 10 28 6 13 31 6 31 23 21
split_gain=12.217 4.78616 4.18757 6.81583 6.60615 3.72738 7.39139 7.18558 2.20016 1.44515 1.13422
threshold=0.40886998841206229 0.82053350662639535 7.0789944989808562e-05 1.4075477559903877 0.00017181252320510001 7.0657396632027214e-05 0.99999999979302079 4.8975045378127801e-05 0.52887058985613777 0.23589149913422156 0.97946422880582751
decision_type=2 2 2 2 2 2 2 2 2 2 2
left_child=8 2 4 -4 -2 7 -7 -3 -1 10 -10
right_child=1 5 3 -5 -6 6 -8 -9 9 -11 -12
leaf_value=-0.017060960859403201 -0.0021200383968363284 0.0092993187292185076 -0.0067788646117567545 -0.052778524863874646 0.019685241132770585 0.037369839299290886 -0.018026699154555976 -0.04789185136925616 0.041315337442587183 -0.029401349416382044 -0.0072583509163435889
leaf_weight=1.3168717082589889 192.29667051136494 24.23979535326362 123.55507091805339 5.3781579546630374 25.136118907481432 15.295023795217277 5.151761043816804 4.1111387163400641 15.013996749185024 0.51280728727579195 0.81068661622703153
leaf_count=34 1217 146 778 32 160 107 32 25 648 13 20
internal_value=0.000120699 -0.00133376 -0.00298609 -0.00869764 0.000400741 0.0103945 0.0234122 0.00100609 0.0326763 0.0366854 0.0388269
internal_weight=412.818 395.164 346.366 128.933 217.433 48.7977 20.4468 28.3509 17.6544 16.3375 15.8247
internal_count=3212 2497 2187 810 1377 310 139 171 715 681 668
is_linear=0
shrinkage=0.04


Tree=72
num_leaves=15
num_cat=0
split_feature=25 25 24 10 23 26 30 22 32 10 14 25 27 3
split_gain=4.62754 6.27471 6.59837 5.48848 5.33149 5.09597 4.74219 4.68102 4.58732 4.79602 4.47404 3.80761 3.07105 1.62807
threshold=0.00049011906640982806 0.00043028647836217972 0.84438556573313039 7.0631944024722917e-05 0.10424332459540324 0.10526315789473685 0.059841938331879153 0.021302399531102405 0.046590123429872336 -1.0000000180025095e-35 -0.0005734757888980498 0.00046833904758756298 0.056083803861815357 0.0019531489948743006
decision_type=2 2 2 2 2 2 2 2 2 2 2 2 2 2
left_child=1 2 4 -4 -1 7 8 -3 9 -2 12 -7 -8 -10
right_child=6 5 3 -5 -6 11 10 -9 13 -11 -12 -13 -14 -15
leaf_value=-0.011930526377697422 0.017078866148300505 -0.031418164084259036 0.0096176488745561561 -0.0036998485158843053 0.0098699256631430664 -0.019593520695562205 -0.071874252451057927 -6.5176821299348843e-05 -0.0025235828604255818 -0.019068669301820124 0.05345386818310429 -0.071230753756606396 0.02256696017647836 0.040819567469717814
leaf_weight=85.281981834210455 10.34072984755039 10.36015393398702 136.41238394379616 77.726308195851743 22.733526819385588 5.4687738707289082 0.8263825457543138 28.797034215182066 1.7744519039988498 13.59207120165229 7.1424336461350304 3.9243267178535461 1.6526906285434959 6.3438581936061382
leaf_count=586 84 77 1103 606 161 43 7 198 12 98 105 30 41 61
internal_value=0.000118443 -0.00130225 0.000718011 0.00478377 -0.00734229 -0.0147076 0.0127564 -0.00836051 0.00536333 -0.00345028 0.0373841 -0.0411669 -0.00891439 0.0313459
internal_weight=412.377 370.704 322.154 214.139 108.016 48.5503 41.6726 39.1572 32.0511 23.9328 9.62151 9.3931 2.47907 8.11831
internal_count=3212 2804 2456 1709 747 348 408 275 255 182 153 73 48 73
is_linear=0
shrinkage=0.04


Tree=73
num_leaves=14
num_cat=0
split_feature=33 33 8 13 19 31 19 19 23 21 25 21 32
split_gain=11.5761 4.42148 6.74981 7.69126 5.45605 9.79704 9.68972 2.98816 2.51757 2.39949 1.56908 1.50424 1.27813
threshold=0.42674471448301626 0.57973783670805756 -0.00011560313080309998 -0.00036946775548509994 0.62475451162833517 0.9404360157948074 0.62470868374037691 0.62437536735286769 0.0097448709948698455 0.82316871140554448 0.00033296731891789072 0.8480242888770797 0.2652639602048254
decision_type=2 2 2 2 2 2 2 2 2 2 2 2 2
left_child=7 4 3 -3 6 -6 -2 9 10 -1 -9 -4 -10
right_child=1 2 11 -5 5 -7 -8 8 12 -11 -12 -13 -14
leaf_value=-0.058651861495751127 -0.0079118100242661221 0.04612457601531559 0.0097663092165339895 -0.0060614435179258061 0.0065903189020517887 -0.0091382043954280241 -0.055663283737399843 0.016809023109103521 0.037250963338040455 0.018107826621867249 -0.052203394736575037 0.042417545402240714 -0.021630698511391527
leaf_weight=1.1086912993341713 71.908959724009037 5.2306239157915106 2.9468409270048133 33.197251871228218 141.9956276640296 114.42312958464026 7.5092146396636954 1.40324039384723 19.766295995563272 1.5804043710231779 0.84426446072757233 9.6514593176543695 0.60798588767647643
leaf_count=11 360 59 29 259 822 615 36 25 810 34 22 109 21
internal_value=0.000115805 -0.00159885 0.00937182 0.00104188 -0.0032657 -0.000428305 -0.0124268 0.0263233 0.0310619 -0.0135395 -0.00911516 0.0347802 0.0354939
internal_weight=412.174 386.863 51.0262 38.4279 335.837 256.419 79.4182 25.3109 22.6218 2.6891 2.2475 12.5983 20.3743
internal_count=3212 2289 456 318 1833 1437 396 923 878 45 47 138 831
is_linear=0
shrinkage=0.04


Tree=74
num_leaves=15
num_cat=0
split_feature=33 33 21 22 24 31 15 28 33 15 0 21 28 33
split_gain=11.1596 6.67594 8.16419 8.81688 8.12229 7.38763 6.91097 6.34041 4.67646 5.16806 5.46425 1.40555 0.581664 0.00659406
threshold=0.46607881598610745 0.53035574285805898 0.91305262306836965 0.057005144396709798 1.1634432315435863 0.99999999979766463 0.0007918842232398001 1.0097251513050869 0.39588961668568295 -0.0011224176005406497 29.690160837049891 0.97946422880582751 0.65343142634282037 0.43917393570723334
decision_type=2 2 2 2 2 2 2 2 2 2 2 2 2 2
left_child=8 2 3 -2 -4 6 -3 -7 11 13 -11 12 -1 -10
right_child=1 5 4 -5 -6 7 -8 -9 9 10 -12 -13 -14 -15
leaf_value=0.011809097815467236 -0.025323709112725076 0.005460074051667335 0.0046185409158434427 -0.0018772612701473284 -0.045032573077719587 -0.0021519682638331218 0.038330544592360329 -0.038804216466062871 0.042263019914520243 -0.037575059516851771 0.0092627505061819992 -0.023978143546854319 0.041173560426283611 0.045027820862957223
leaf_weight=1.1902297828346462 60.493858464062214 94.699407614767551 79.101415008306503 44.566484287381172 5.6479763090610495 31.795180812478065 11.474029220640658 9.903749790042637 2.0778576098382464 4.332166099920868 49.769011717289686 0.60460398904979307 11.582036750391124 4.1107885800302029
leaf_count=35 268 572 374 201 27 206 71 63 57 56 674 15 548 45
internal_value=0.000114514 -0.00296273 -0.00792689 -0.0153778 0.00130963 0.00340931 0.00901234 -0.0108571 0.0142203 0.00947312 0.0055122 0.0356161 0.0384371 0.0440995
internal_weight=411.349 337.682 189.81 105.06 84.7494 147.872 106.173 41.6989 73.6667 60.2898 54.1012 13.3769 12.7723 6.18865
internal_count=3212 1782 870 469 401 912 643 269 1430 832 730 598 583 102
is_linear=0
shrinkage=0.04


Tree=75
num_leaves=12
num_cat=0
split_feature=33 29 9 31 25 25 33 30 31 23 21
split_gain=10.5871 4.43003 5.26883 9.30776 4.84169 6.88814 5.71404 3.29617 2.15486 1.60744 1.11717
threshold=0.40886998841206229 0.86719314289853444 0.00016536266676783943 0.94289638396301689 0.00014024164617808382 0.00015330705259244742 0.65659586062750008 0.11516729859546181 0.52887058985613777 0.24684155979060488 0.97946422880582751
decision_type=2 2 2 2 2 2 2 2 2 2 2
left_child=8 4 7 -4 6 -6 -2 -3 -1 10 -10
right_child=1 2 3 -5 5 -7 -8 -9 9 -11 -12
leaf_value=-0.01746142759329232 -0.030039569670274581 0.018916283954612742 0.049047551865182351 -0.0070564946177159105 0.043837253484138 -0.0017591765761803965 0.010641520874770284 -0.035016921248592736 0.0412219208420843 -0.038131346712027996 -0.007053298065896752
leaf_weight=1.3039148785173917 19.569002851843837 2.9890595152974155 11.268133664503695 8.1556511763483268 5.3863545916974536 334.6573451589793 7.6972263380885115 4.6084285788238049 13.594785545952613 0.45172001421451646 0.81284904852509576
leaf_count=34 92 20 75 58 31 2155 44 22 650 11 20
internal_value=0.000113125 -0.00118743 0.0144439 0.0254906 -0.00233735 -0.00103692 -0.0185553 -0.0137981 0.0318424 0.0361688 0.0384983
internal_weight=410.494 394.331 27.0213 19.4238 367.31 340.044 27.2662 7.59749 16.1633 14.8594 14.4076
internal_count=3212 2497 175 133 2322 2186 136 42 715 681 670
is_linear=0
shrinkage=0.04


Tree=76
num_leaves=15
num_cat=0
split_feature=33 33 26 8 8 21 19 25 33 8 8 21 23 33
split_gain=10.1369 6.18216 9.30561 10.7701 7.57778 8.63933 6.96058 4.89769 4.56283 5.34165 4.33888 1.93457 1.27214 0.0259165
threshold=0.46607881598610745 0.53035574285805898 0.2105263157894737 -0.00010807130703009998 0.00041541373938985008 0.9138884537778017 0.62528217864452851 0.00045127580148940453 0.39588961668568295 0.00088902726853340008 0.00057660699514205016 0.97895476597704045 0.010529114399647391 0.45398762909027396
decision_type=2 2 2 2 2 2 2 2 2 2 2 2 2 2
left_child=7 4 3 -3 5 -2 -6 8 11 -10 -4 -1 -9 -14
right_child=1 2 10 -5 6 -7 -8 12 9 -11 -12 -13 13 -15
leaf_value=0.037620661196074615 -0.020847389621176212 -0.001782149343673458 0.0056894146688771883 0.022000035742533345 0.023471817463794401 -0.0009118166925690392 -0.0071864778990696765 -0.012400576819658553 0.0093355490853986207 -0.030788259600258199 -0.043009383532089114 -0.047892697374507957 0.041925649369961737 0.046341031965927613
leaf_weight=9.7938691005110705 80.493332117795944 86.854609880596399 4.2298474982380858 46.929598452523351 20.93736244738102 61.244783334434032 27.295435220003128 0.7010036651045074 46.063795778900385 6.0002555735409251 9.5055474042892438 0.44241006672382432 6.1070369211956841 3.2636087536811829
leaf_count=450 357 544 24 294 95 294 124 14 638 65 50 10 222 31
internal_value=0.000110787 -0.00280226 0.00334127 0.0065603 -0.00757295 -0.0122333 0.00612197 0.0136951 0.0095113 0.00471138 -0.0280125 0.0339248 0.0395752 0.0434634
internal_weight=409.862 337.491 147.52 133.784 189.971 141.738 48.2328 72.372 62.3003 52.0641 13.7354 10.2363 10.0716 9.37065
internal_count=3212 1782 912 838 870 651 219 1430 1163 703 74 460 267 253
is_linear=0
shrinkage=0.04


Tree=77
num_leaves=12
num_cat=0
split_feature=33 29 25 3 20 25 9 31 31 23 21
split_gain=9.58529 4.11559 5.03264 6.14507 6.03765 3.84914 7.61371 6.06414 2.14109 1.59335 1.08364
threshold=0.40886998841206229 0.82053350662639535 0.00014024164617808382 0.00086312412428495011 0.14873599846504462 0.00017241760495929814 0.00015440851457045729 0.99999999979302079 0.52887058985613777 0.24684155979060488 0.97946422880582751
decision_type=2 2 2 2 2 2 2 2 2 2 2
left_child=8 2 4 -4 -2 6 -3 -7 -1 10 -10
right_child=1 5 3 -5 -6 7 -8 -9 9 -11 -12
leaf_value=-0.018084001829324427 -0.037597394130861571 0.022477926546540607 0.015252672174206212 -0.0031189116330598084 0.001394805105870272 0.027103588467801573 -0.039514121421667589 -0.0094966800018142037 0.041142434659447523 -0.03811819305912148 -0.0060985898513196144
leaf_weight=1.2899477817118157 13.837588362395765 6.2329616732895357 32.415273746475577 287.50527978688478 11.748174354434012 25.304395629093051 6.4503275901079178 10.147668827325104 12.682907803915436 0.45175762474536973 0.82760156132280904
leaf_count=34 67 36 200 1858 62 181 32 61 650 11 20
internal_value=0.000109446 -0.00109607 -0.00262269 -0.00125745 -0.0196934 0.00986169 -0.00904931 0.0166273 0.0312224 0.0357777 0.0382486
internal_weight=408.894 393.642 345.506 319.921 25.5858 48.1354 12.6833 35.4521 15.2522 13.9623 13.5105
internal_count=3212 2497 2187 2058 129 310 68 242 715 681 670
is_linear=0
shrinkage=0.04


Tree=78
num_leaves=15
num_cat=0
split_feature=33 33 13 7 9 19 19 9 21 21 21 33 25 33
split_gain=9.17705 4.57471 5.50464 7.28163 4.23823 4.21724 10.287 4.74413 4.03237 7.61786 4.12722 0.81337 0.0273818 0.00496136
threshold=0.45098205385265716 0.57973783670805756 -0.00036946775548509994 -5.1106089973599577e-05 0.00037698128149302401 0.62475451162833517 0.62470868374037691 0.00024451959743729951 0.93807928720604383 0.94377445292756257 0.83739677363136755 0.44223943659743215 0.00029915016259794719 0.42674471448301626
decision_type=2 2 2 2 2 2 2 2 2 2 2 2 2 2
left_child=4 5 12 -4 8 6 -2 -7 10 -10 -1 13 -3 -6
right_child=1 2 3 -5 11 7 -8 -9 9 -11 -12 -13 -14 -15
leaf_value=-0.0024720224708492775 -0.0072795376542713255 0.049594691377178556 -0.0064753868823576779 0.028463613269051745 0.040871315246273979 0.037659553461211297 -0.057512717559737692 -0.0020533630288670037 -0.10217171630291447 0.0015880522306444104 0.031691967221016144 0.017634674327833597 0.043720406501371122 0.042713837446502111
leaf_weight=9.3674575574696082 67.771724715828896 1.8605044037103642 30.815023005008698 13.826131792739032 6.4745592074468714 4.915094979107379 7.2173451334238043 231.63094471767545 1.310878294520079 8.3024733075872046 14.286182570271192 2.9383505620062342 3.9975882954895496 3.6601111553609371
leaf_count=201 313 15 234 150 354 24 32 1165 20 183 361 37 57 66
internal_value=0.00010706 -0.00203823 0.00912984 0.00434582 0.0168673 -0.00384855 -0.0121142 -0.00122818 0.009284 -0.0125606 0.0181621 0.0361644 0.0455861 0.0415367
internal_weight=408.374 362.034 50.4992 44.6412 46.34 311.535 74.9891 236.546 33.267 9.61335 23.6536 13.073 5.85809 10.1347
internal_count=3212 1990 456 384 1222 1534 345 1189 765 203 562 457 72 420
is_linear=0
shrinkage=0.04


Tree=79
num_leaves=9
num_cat=0
split_feature=6 15 31 3 10 19 19 3
split_gain=4.36756 5.06285 10.2093 5.64565 5.54473 4.55298 3.90636 3.14061
threshold=0.0011998726716298002 0.00072791630394225006 0.99999999979189591 0.0036974442667249007 8.4853627904936239e-05 0.62529497915504595 0.62530388721420249 0.0044837388287011009
decision_type=2 2 2 2 2 2 2 2
left_child=1 3 6 4 -1 -4 -3 -5
right_child=-2 2 5 7 -6 -7 -8 -9
leaf_value=0.0013401302564250276 -0.048563812036947047 0.038344087771787987 0.015081171445995677 0.055611413758969677 -0.0096890131213281244 -0.036900077100439896 0.012485795750080131 0.0024516457203083604
leaf_weight=238.64317208807915 2.9289077175781122 14.298525320366023 3.9876745557412496 4.2705053677782407 105.02997530903667 8.323280204087494 26.9949885988608 3.0467470530420542
leaf_count=1815 24 141 50 61 768 62 249 42
internal_value=0.000106061 0.000458388 0.0119081 -0.00129025 -0.00203049 -0.0200627 0.0214396 0.0334768
internal_weight=407.524 404.595 53.6045 350.99 343.673 12.311 41.2935 7.31725
internal_count=3212 3188 502 2686 2583 112 390 103
is_linear=0
shrinkage=0.04


Tree=80
num_leaves=12
num_cat=0
split_feature=33 19 19 32 33 33 0 23 21 27 3
split_gain=8.8279 4.17964 9.14934 6.62648 6.29782 5.51541 5.34997 1.48756 1.45486 0.663729 0.00404968
threshold=0.39588961668568295 0.62475451162833517 0.62469328022509385 0.032054348904829617 0.6170465989912467 0.49185119636303393 76.552754661114577 0.24684155979060488 0.97946422880582751 0.18429087286367313 0.00044741577714890003
decision_type=2 2 2 2 2 2 2 2 2 2 2
left_child=7 2 6 -4 5 -3 -2 8 10 -6 -1
right_child=1 4 3 -5 9 -7 -8 -9 -10 -11 -12
leaf_value=0.043391312958033036 -0.0049050096112630377 0.0083184356224067363 -0.019023867406059731 -0.077773938745117607 0.044207012981665177 -0.0034722933341682274 0.044875352363099023 -0.035634624197997185 -0.021806211522155058 0.012005463227812093 0.04080595882758855
leaf_weight=1.0812732577323867 93.456221740692854 98.398243058472872 9.8722553569823486 4.4592491630464783 5.9422805383801451 178.86008125916123 3.5868376437574616 0.46320660039782602 0.62388341315090734 1.2373966872692106 9.3689912036061269
leaf_count=18 547 955 64 23 89 893 24 11 15 19 554
internal_value=0.000103262 -0.000902079 -0.00747087 -0.037304 0.00167 0.000712205 -0.00306506 0.0345935 0.037531 0.0386572 0.0410735
internal_weight=407.35 395.813 111.375 14.3315 284.438 277.258 97.0431 11.5374 11.0741 7.17968 10.4503
internal_count=3212 2614 658 87 1956 1848 571 598 587 108 572
is_linear=0
shrinkage=0.04


Tree=81
num_leaves=8
num_cat=0
split_feature=6 6 9 6 0 9 14
split_gain=3.9857 4.62079 5.96003 4.36765 5.71102 2.879 0.368084
threshold=0.0011998726716298002 0.00055061813951950013 0.00045075624629169756 0.00050579332009400007 77.708922630056222 0.00050414042726310644 0.0012303703687758002
decision_type=2 2 2 2 2 2 2
left_child=1 3 6 4 -1 -4 -3
right_child=-2 2 5 -5 -6 -7 -8
leaf_value=-0.00067927757869264279 -0.046039679003742798 0.055611637138344792 -0.028995168544734398 -0.046367209194244065 0.039061811765204554 0.016088467746173177 0.036074152718993995
leaf_weight=377.16593015193939 2.9734470741823307 4.6897533712908652 3.3709127418696863 3.2882454181089988 5.8758111149072638 6.9162816843017936 2.2993168849498034
leaf_count=2916 24 40 17 36 104 53 22
internal_value=0.000101429 0.00044136 0.0206806 -0.000463716 -6.96544e-05 0.00131544 0.049184
internal_weight=406.58 403.606 17.2763 386.33 383.042 10.2872 6.98907
internal_count=3212 3188 132 3056 3020 70 62
is_linear=0
shrinkage=0.04


Tree=82
num_leaves=14
num_cat=0
split_feature=33 25 33 2 33 33 29 28 31 31 3 31 25
split_gain=8.39556 4.07561 7.01787 5.47973 5.45022 5.28705 3.58549 2.25419 1.3038 4.14286 0.00352868 0.000201485 9.88781e-05
threshold=0.39588961668568295 0.00014024164617808382 0.67250704944347028 0.38986159158148886 0.62185676718590677 0.47284233750251975 0.45006290332184073 1.06382937226506 0.99999999978042087 0.99999999979896004 0.00044741577714890003 0.52887058985613777 0.00031469471419977822
decision_type=2 2 2 2 2 2 2 2 2 2 2 2 2
left_child=8 2 3 -2 5 -3 -6 -4 10 -10 -1 -12 -11
right_child=1 4 7 -5 6 -7 -8 -9 9 12 11 -13 -14
leaf_value=0.043498271944150908 -0.046216172540990579 0.0090269942558900279 0.040794205389514407 -0.0068829633529973212 -0.0025835710549939874 -0.0031365385352124537 0.040896843558995234 -0.0054786088729434582 -0.082138615346509541 0.041388585099573806 0.041416051721701493 0.040748777737194021 0.040740682846118433
leaf_weight=0.86816076189279456 10.950506854802375 71.798167982138693 3.818114645779132 11.745721839368342 4.7034843750298014 280.74658417329192 8.5514203719794732 3.0142760723829269 0.60723255854099933 0.63666884321719386 0.80376040190458109 7.2985328184440732 0.92361606191843748
leaf_count=14 55 904 26 59 53 1399 102 16 14 26 28 459 57
internal_value=9.83875e-05 -0.000866544 -0.0151613 -0.0258605 0.00028738 -0.000659351 0.0254679 0.0203798 0.0343474 0.00650621 0.0410747 0.040815 0.0410051
internal_weight=406.466 395.328 29.5286 22.6962 365.8 352.545 13.2549 6.83239 11.138 2.16752 8.97045 8.10229 1.56028
internal_count=3212 2614 156 114 2458 2303 155 42 598 97 501 487 83
is_linear=0
shrinkage=0.04


Tree=83
num_leaves=13
num_cat=0
split_feature=33 33 25 1 10 27 26 2 8 0 25 24
split_gain=8.01716 3.78429 7.22009 6.39889 5.06759 4.56606 3.68081 2.13913 3.47332 2.14186 0.00331577 0.000792152
threshold=0.40886998841206229 0.66189542152082537 0.00014024164617808382 -4.2937886297722543e-05 -7.1193638796716391e-05 0.15179646807764419 1.0000000180025095e-35 0.89897397590997963 0.00033606870537260003 16.355344557268833 9.9603001109319195e-05 1.0513725089523891
decision_type=2 2 2 2 2 2 2 2 2 2 2 2
left_child=7 2 3 -2 -3 -4 -6 9 -9 -1 -11 -10
right_child=1 4 5 -5 6 -7 -8 8 11 10 -12 -13
leaf_value=-0.051286419270241572 -0.069945047356648513 -0.027189861812485561 0.0029879283522752475 -0.013730887405656257 0.049939371680721364 -0.0064614930553616333 -0.0036987841593586397 -0.052819239474897792 0.0407460537861618 0.043241832173500847 0.040829097932018138 0.042873680163342476
leaf_weight=0.41744983103126188 4.0162541270256069 2.7684898860752574 232.06052162311971 16.761074971407652 6.9220344051718694 126.37510181218386 2.9065037593245506 1.1893752245232456 0.91943113412708022 1.0048660673201073 9.7928974060341698 0.40258225053548813
leaf_count=13 19 17 1522 81 55 779 24 31 55 18 587 11
internal_value=9.66199e-05 -0.000956067 -0.00167255 -0.0245971 0.0206125 -0.000343692 0.0340775 0.0301443 -0.00322472 0.0376166 0.0410536 0.041394
internal_weight=405.537 391.81 379.213 20.7773 12.597 358.436 9.82854 13.7266 2.51139 11.2152 10.7978 1.32201
internal_count=3212 2497 2401 100 96 2301 79 715 97 618 605 66
is_linear=0
shrinkage=0.04


Tree=84
num_leaves=12
num_cat=0
split_feature=33 19 19 31 29 33 25 0 23 23 3
split_gain=7.67569 3.73509 8.35011 7.90251 9.43218 9.16401 6.14804 4.82318 1.33844 0.999386 0.00288324
threshold=0.39588961668568295 0.62475451162833517 0.62469328022509385 0.9404360157948074 0.86719314289853444 0.48747083060623997 0.00025946263845356163 76.552754661114577 0.24684155979060488 0.0097448709948698455 0.00047340072881360003
decision_type=2 2 2 2 2 2 2 2 2 2 2
left_child=8 2 7 4 -3 -5 -4 -2 9 -1 -11
right_child=1 3 6 5 -6 -7 -8 -9 -10 10 -12
leaf_value=-0.0037767521067656024 -0.0044993848931456767 0.0054504966801040781 -0.059916409003873523 0.011288812527362652 0.050462346630742914 -0.012376657281525743 -0.0076531063627072625 0.043580724118927966 -0.03195772852026272 0.042892194527687312 0.040711365374742299
leaf_weight=0.87517780158668479 93.137439511716366 146.65152096189559 7.6677018571645004 36.522985517047346 7.8472397727891794 92.450463589280844 6.7908015791326761 3.4623752366751424 0.47094023041427213 1.1038835309445838 7.9956897329539061
leaf_count=30 547 1037 40 357 58 504 47 24 11 21 536
internal_value=9.46595e-05 -0.000801391 -0.00701938 0.00163468 0.00773672 -0.00567502 -0.0353696 -0.00277608 0.0339382 0.0370494 0.0409759
internal_weight=404.976 394.531 111.058 283.472 154.499 128.973 14.4585 96.5998 10.4457 9.97475 9.09957
internal_count=3212 2614 658 1956 1095 861 87 571 598 587 557
is_linear=0
shrinkage=0.04


Tree=85
num_leaves=12
num_cat=0
split_feature=33 25 9 33 24 31 33 8 21 23 25
split_gain=7.31667 3.6501 5.82124 8.06144 5.29322 4.78903 6.09937 5.67587 1.33149 1.43666 0.00210778
threshold=0.39588961668568295 0.00049011906640982806 0.00045533776827613059 0.47102061533012457 0.84438556573313039 0.94978480080508865 0.49185119636303393 0.0015326497614167002 0.97946422880582751 0.24684155979060488 0.00010805376312494082
decision_type=2 2 2 2 2 2 2 2 2 2 2
left_child=8 2 4 -4 -2 7 -7 -3 9 10 -1
right_child=1 5 3 -5 -6 6 -8 -9 -10 -11 -12
leaf_value=0.042616123503595262 -0.0077851973967538778 0.03642874718434462 0.035719135485199428 -0.026540660794021682 0.0030898702416155607 0.039890050372280765 -0.012362790043356539 -0.030148591131185568 -0.024043434189500851 -0.03009560844878615 0.040708329497453781
leaf_weight=1.0483050858601872 106.45072632934898 14.411922271363439 3.8025400750339058 26.635019823908806 218.79761474858969 4.5137911411002305 17.171703770756721 2.3883219258859745 0.60104415751993734 0.47988623194396574 7.9796923692338169
leaf_count=26 648 120 46 164 1467 48 103 18 15 11 546
internal_value=9.30509e-05 -0.000768707 -0.00203486 -0.0187626 -0.000469437 0.0109331 -0.00148647 0.0269641 0.0336951 0.037345 0.0409299
internal_weight=404.281 394.172 355.686 30.4376 325.248 38.4857 21.6855 16.8002 10.1089 9.50788 9.028
internal_count=3212 2614 2325 210 2115 289 151 138 598 583 572
is_linear=0
shrinkage=0.04


Tree=86
num_leaves=14
num_cat=0
split_feature=33 33 25 1 33 9 31 31 31 9 3 9 25
split_gain=6.97449 3.6222 5.80962 6.17402 4.44592 4.20083 4.25717 1.3381 3.60415 0.0100856 0.00221294 0.000129381 8.00012e-05
threshold=0.39588961668568295 0.62969749953042675 0.00014024164617808382 -2.9105834571441221e-05 0.46607881598610745 0.00019487907027754744 0.99999999979896004 0.99999999978042087 0.99999999979896004 0.00027226602982939895 0.00044741577714890003 0.00014326575308551038 0.00031469471419977822
decision_type=2 2 2 2 2 2 2 2 2 2 2 2 2
left_child=7 2 3 -2 -4 6 -3 10 -9 -7 -1 -12 -10
right_child=1 5 4 -5 -6 9 -8 8 12 -11 11 -13 -14
leaf_value=0.042987358908344202 -0.057936280546611735 0.016859914039968484 0.010034532817209554 -0.0083189130327840522 -0.0024058733907201279 0.046194556073281191 -0.030621246834720929 -0.074613164547221111 0.041268445931903333 0.042659247347173482 0.041103943164294811 0.040638546126684487 0.040645853389873865
leaf_weight=0.75910925678908636 5.713725637644532 11.394091762602331 54.312414557673037 13.47692123800516 299.00427561625838 1.8912069872021664 4.1115870028734198 0.6333037856966256 0.56417158432304837 4.0690810270607471 1.1408644709736107 5.890191834885627 0.79634423740208149
leaf_count=14 28 72 804 69 1521 17 27 14 26 76 52 435 57
internal_value=9.14647e-05 -0.000737012 -0.00165772 -0.0230917 -0.000493514 0.0152404 0.0042695 0.0334519 0.0042119 0.043781 0.0409356 0.0407141 0.040904
internal_weight=403.757 393.973 372.507 19.1906 353.317 21.466 15.5057 9.78399 1.99382 5.96029 7.79017 7.03106 1.36052
internal_count=3212 2614 2422 97 2325 192 99 598 97 93 501 487 83
is_linear=0
shrinkage=0.04


Tree=87
num_leaves=14
num_cat=0
split_feature=33 33 6 7 19 3 19 2 8 0 25 29 21
split_gain=6.65539 3.52696 6.32773 10.7079 5.3488 6.66627 6.51266 1.32602 3.2737 1.19932 0.000893215 0.000539087 0.000249047
threshold=0.39588961668568295 0.5704208134748775 -0.00022389361685859997 -7.3188810901759563e-05 0.62476389939922627 0.00084700612327575015 0.62469328022509385 0.89897397590997963 0.0001677084255038 29.690160837049891 9.9603001109319195e-05 0.73869744099209622 0.97946422880582751
decision_type=2 2 2 2 2 2 2 2 2 2 2 2 2
left_child=7 4 9 -4 6 -6 -2 10 -9 -3 -1 -10 -12
right_child=1 2 3 -5 5 -7 -8 8 11 -11 12 -13 -14
leaf_value=0.042366679369658169 -0.0062074065034225549 0.020768696313149211 -0.012763067112894353 0.023963945490248831 0.050740792668890436 -0.00027164553859777271 -0.036600422644963805 -0.0685042157694319 0.040726894557461278 0.049112414134942182 0.040640288284732193 0.042600089475553153 0.041612997242002313
leaf_weight=0.55771618802100231 69.246687825769186 4.063288748264311 30.57416470721364 21.727934196591377 4.1686524879187337 244.40738049615175 13.475821124389766 0.66125718783587206 0.93909311294555642 5.7954050302505493 6.5215685050934553 0.33297789841890335 0.45022360421717156
leaf_count=13 398 36 225 207 32 1576 80 13 61 60 487 11 13
internal_value=8.95518e-05 -0.000707702 0.00803533 0.00249449 -0.00234814 0.00058384 -0.0111585 0.0332389 0.00368915 0.0374305 0.0408263 0.0412172 0.0407031
internal_weight=402.922 393.459 62.1608 52.3021 331.299 248.576 82.7225 9.46284 1.93333 9.85869 7.52951 1.27207 6.97179
internal_count=3212 2614 528 432 2086 1608 478 598 85 96 513 72 500
is_linear=0
shrinkage=0.04


Tree=88
num_leaves=12
num_cat=0
split_feature=33 29 26 27 14 27 19 31 2 8 9
split_gain=6.36535 3.55579 7.56155 3.99538 3.67683 8.339 6.59405 2.21503 1.39742 2.82965 0.00213031
threshold=0.40886998841206229 0.86719314289853444 0.2105263157894737 0.21774946993395539 0.00039580167742560003 0.12987012284253788 0.63133787465877289 0.52887058985613777 0.89897397590997963 0.0001677084255038 8.9327855214180093e-05
decision_type=2 2 2 2 2 2 2 2 2 2 2
left_child=7 4 3 -3 6 -6 -2 -1 10 -10 -9
right_child=1 2 -4 -5 5 -7 -8 8 9 -11 -12
leaf_value=-0.023921920976265002 -0.0032517473779265687 0.030763679972638427 -0.033823193523276673 -0.015640111678799959 0.017605416090974487 -0.0082651320525010414 -0.056661720348336476 0.042873266080634312 -0.060026212270122711 0.041169926569753851 0.040720478812873509
leaf_weight=1.1545777991414059 280.09334455616772 18.19136035442353 4.4907847866415969 3.5476939827203742 43.459254430606961 36.829407975077629 3.7480063810944548 0.80813527479767699 0.7097406443208446 1.1724061360582707 8.1785566858015937
leaf_count=34 1777 130 26 19 300 220 25 18 14 69 580
internal_value=8.832e-05 -0.000794623 0.0134295 0.0231908 -0.00181925 0.00573827 -0.003957 0.0287545 0.0343502 0.00300977 0.0409141
internal_weight=402.383 390.36 26.2298 21.7391 364.13 80.2887 283.841 12.0234 10.8688 1.88215 8.98669
internal_count=3212 2497 175 149 2322 520 1802 715 681 83 598
is_linear=0
shrinkage=0.04


Tree=89
num_leaves=14
num_cat=0
split_feature=33 33 3 26 33 9 29 31 9 10 13 33 33
split_gain=6.13726 4.02247 6.41677 6.64573 5.29402 11.17 7.72485 5.14607 2.9472 5.81784 3.02534 0.00191694 0.000190815
threshold=0.43653174209096801 0.53907332994281754 0.0023715857811272504 0.2105263157894737 0.49844580334781374 0.0004419413791302392 0.45184438290211132 0.99999999983075027 0.00037698128149302401 -0.00049592638675524995 -2.8579598110779432e-05 0.42674471448301626 0.40886998841206229
decision_type=2 2 2 2 2 2 2 2 2 2 2 2 2
left_child=8 4 3 -3 6 -6 -2 -4 9 -1 -11 12 -10
right_child=1 2 7 -5 5 -7 -8 -9 11 10 -12 -13 -14
leaf_value=-0.13213853187305566 0.025107432933619431 0.0038007646107987804 0.041062504475882708 -0.033691062944610613 -0.0030330475752044241 -0.030408407974850213 -0.00253839493964878 -0.0048571270093858464 0.040573545907990831 0.032537086914842861 0.0010228257075641245 0.04231342259118976 0.041082253322899373
leaf_weight=0.445704103447503 19.107865691184998 97.057391861453652 12.436322387307884 8.2040930762886983 95.007789373397827 31.840363383293152 105.23418437689543 5.6919880583882323 3.3296886142343274 8.2719814274460148 11.864777664188288 1.6689960099756715 1.8271629344671962
leaf_count=6 130 646 89 46 393 131 702 35 278 299 346 35 76
internal_value=8.68742e-05 -0.00125006 0.00466414 0.000878647 -0.00415524 -0.00990458 0.00170999 0.0266445 0.0183583 0.0108047 0.0139686 0.0411351 0.0407538
internal_weight=401.988 374.58 123.39 105.261 251.19 126.848 124.342 18.1283 27.4083 20.5825 20.1368 6.82585 5.15685
internal_count=3212 2172 816 692 1356 524 832 124 1040 651 645 389 354
is_linear=0
shrinkage=0.04


Tree=90
num_leaves=9
num_cat=0
split_feature=6 6 9 25 27 6 0 14
split_gain=3.77583 4.34903 5.55278 4.37327 4.17393 4.6467 0.623905 0.371168
threshold=0.0011998726716298002 0.00055061813951950013 0.00045075624629169756 0.00047366669279995632 0.36434174200699271 0.00050579332009400007 17.30504651246574 0.0012303703687758002
decision_type=2 2 2 2 2 2 2 2
left_child=1 4 7 -4 5 -1 -6 -3
right_child=-2 2 3 -5 6 -7 -8 -9
leaf_value=-0.0004418859596927068 -0.044979895409134017 0.05502953029264613 -0.038574397056234923 0.018757292737965614 0.066096213155993094 -0.049490628070573105 0.030273762932196559 0.035054836525985268
leaf_weight=374.90591721283272 2.9527813689783207 4.5147270411253002 3.037860304117201 7.1140239918604493 1.3133800122886889 3.1160432202741495 1.908014611341059 2.2205043695867062
leaf_count=2977 24 40 16 54 7 34 38 22
internal_value=8.58045e-05 0.00042004 0.020284 0.0016013 -0.000459833 -0.000846196 0.0448788 0.0484442
internal_weight=401.083 398.13 16.8871 10.1519 381.243 378.022 3.22139 6.73523
internal_count=3212 3188 132 70 3056 3011 45 62
is_linear=0
shrinkage=0.04


Tree=91
num_leaves=14
num_cat=0
split_feature=33 33 19 1 31 26 15 31 24 1 3 31 23
split_gain=5.91724 3.46877 4.83698 7.99834 7.32177 3.80528 4.90657 1.34932 3.35607 0.992532 0.00170647 0.000127552 4.8997e-05
threshold=0.39588961668568295 0.66189542152082537 0.62475451162833517 -4.2937886297722543e-05 0.9404360157948074 -0.10526315789473688 -0.00019846754779154996 0.99999999978042087 1.0065009725982479 -6.4571956364611869e-05 0.00047340072881360003 0.52887058985613777 0.014804262205292318
decision_type=2 2 2 2 2 2 2 2 2 2 2 2 2
left_child=7 2 3 -2 -4 9 -7 10 12 -3 -1 -12 -9
right_child=1 5 4 -5 -6 6 -8 8 -10 -11 11 -13 -14
leaf_value=0.042574455194333359 -0.027896978789552156 0.052390206054840481 0.0072906968732342819 -0.0021418596751108725 -0.0056978816363275125 -0.043033081415196489 0.032003624678876373 0.041179364916198738 -0.073066987386746121 0.021059831815459385 0.041146967898434167 0.040555333865944239 0.040644278000274758
leaf_weight=0.80964236333966066 26.123980134725571 4.1715527698397636 152.47838677279651 73.778480153530836 127.51027700118721 2.7013109028339386 2.881642457097767 0.41277457028627373 0.6249996069818734 2.6427583023905754 0.65357390046119679 5.402999990619719 0.81326777674257755
leaf_count=17 147 32 1089 433 849 15 30 21 16 19 28 456 60
internal_value=8.32471e-05 -0.000641075 -0.00132056 -0.00887669 0.00137554 0.0201804 -0.00430287 0.0326787 0.00236928 0.0402395 0.0408497 0.0406192 0.0408244
internal_weight=401.006 392.288 379.891 99.9025 279.989 12.3973 5.58295 8.71726 1.85104 6.81431 6.86622 6.05657 1.22604
internal_count=3212 2614 2518 580 1938 96 45 598 97 51 501 484 81
is_linear=0
shrinkage=0.04


Tree=92
num_leaves=15
num_cat=0
split_feature=25 25 9 0 8 29 9 19 31 29 8 6 31 22
split_gain=3.61996 5.63834 4.94332 8.23584 7.14442 4.76505 6.20531 5.52991 4.63413 4.4404 4.36092 4.1176 3.99195 2.8176
threshold=0.00049011906640982806 0.00043028647836217972 0.00035389041370507398 76.552754661114577 0.00095655780682470006 0.61381234649183247 0.00045778411876013311 0.62599865808943445 0.94978480080508865 0.36233598619755208 0.0015326497614167002 -0.00030096655036839995 0.86670287335207175 0.0096995012332570848
decision_type=2 2 2 2 2 2 2 2 2 2 2 2 2 2
left_child=1 2 3 -1 -4 7 -7 -3 10 -10 11 -2 -12 -11
right_child=8 5 4 -5 -6 6 -8 -9 9 13 12 -13 -14 -15
leaf_value=-0.0035583712461950494 0.0033085627627680372 -0.050120121684034701 0.011858164356241079 0.04021168462033816 -0.042786150307262218 0.012095133855795871 -0.02429134716243446 -0.0048451493108187214 -0.036959726278863549 0.045724840558844876 0.044883450528214713 0.049811625694979947 -0.055302868895025011 0.0014387856223819127
leaf_weight=224.11497279815376 4.3496901434846231 9.9698832305148262 78.448003283701837 7.0959635847248128 4.0246232110075644 16.604418581351641 13.674998089671133 7.6119345463812342 4.3147833785042193 2.7248334689065841 0.99768043356016223 10.168367557693273 1.7569584548473356 14.69479731377214
leaf_count=1664 67 69 628 91 73 112 102 65 26 25 51 108 8 123
internal_value=8.17723e-05 -0.00116726 0.000783935 -0.00221505 0.00919155 -0.0139554 -0.00433798 -0.0305186 0.0116587 -0.000632084 0.0271242 0.0358791 -0.0190172 0.00836615
internal_weight=400.552 361.545 313.684 231.211 82.4726 47.8612 30.2794 17.5818 39.0071 21.7344 17.2727 14.5181 2.75464 17.4196
internal_count=3212 2804 2456 1755 701 348 214 134 408 174 234 175 59 148
is_linear=0
shrinkage=0.04


Tree=93
num_leaves=12
num_cat=0
split_feature=33 33 8 6 33 25 0 21 21 23 3
split_gain=5.62299 3.28391 5.58798 6.01772 4.05473 5.46006 5.06748 1.58141 1.3943 1.24918 0.00156954
threshold=0.39588961668568295 0.57973783670805756 -0.00011560313080309998 -0.00022389361685859997 0.46848095074833468 0.00045127580148940453 63.019381575229815 0.8480242888770797 0.97946422880582751 0.24684155979060488 0.00047340072881360003
decision_type=2 2 2 2 2 2 2 2 2 2 2
left_child=8 4 3 -3 5 -2 -6 -4 9 10 -1
right_child=1 2 7 -5 6 -7 -8 -9 -10 -11 -12
leaf_value=0.04233855131724417 0.0028030712890687827 0.036232551033012927 0.0070036616043367122 -0.0057830075629006729 -0.0066092502998264992 0.038988125127382846 0.0073917546326490871 0.041590993476542257 -0.028768837246497096 -0.0267540319149276 0.040566861871126632
leaf_weight=0.9128626659512501 55.69407404679805 6.611277397722005 2.7817190736532202 31.164295975118876 228.66869899630547 7.580123981460928 50.494681313633919 8.8260245434939844 0.55598320439457882 0.46578198671340931 6.4738865699619055
leaf_count=21 736 73 29 245 1051 135 236 109 15 11 551
internal_value=8.06246e-05 -0.000613928 0.00902907 0.00157033 -0.00200456 0.00713797 -0.00407677 0.0333024 0.0324454 0.0367796 0.0407858
internal_weight=400.229 391.821 49.3833 37.7756 342.438 63.2742 279.163 11.6077 8.40851 7.85253 7.38675
internal_count=3212 2614 456 318 2158 871 1287 138 598 583 572
is_linear=0
shrinkage=0.04


Tree=94
num_leaves=9
num_cat=0
split_feature=33 33 25 3 9 21 23 3
split_gain=5.35709 3.30419 5.18901 5.26443 3.77506 1.33855 1.20827 0.00139009
threshold=0.39588961668568295 0.71302186015021218 0.00014024164617808382 0.00050427564381030009 0.00010492999453205572 0.97946422880582751 0.24684155979060488 0.00047340072881360003
decision_type=2 2 2 2 2 2 2 2
left_child=5 2 4 -4 -2 6 7 -1
right_child=1 -3 3 -5 -6 -7 -8 -9
leaf_value=0.042243796340955111 -0.0035449771563141946 0.039280199384699864 0.034253449458785022 -0.00036139597202882237 -0.033757226780605887 -0.026928956026306884 -0.025349928099898358 0.040544473075360667
leaf_weight=0.87899644672870447 13.824287619441749 3.2979413047432891 7.1721585877239695 354.32330992072821 12.692964069545267 0.56991451606154431 0.47179128788411606 6.2234074044972658
leaf_count=21 76 24 42 2410 62 15 11 551
internal_value=7.9678e-05 -0.000588591 -0.000927459 0.000325371 -0.0180066 0.0321889 0.0366372 0.0407548
internal_weight=399.455 391.311 388.013 361.495 26.5173 8.14411 7.5742 7.1024
internal_count=3212 2614 2590 2452 138 598 583 572
is_linear=0
shrinkage=0.04


Tree=95
num_leaves=13
num_cat=0
split_feature=33 33 25 1 10 25 10 31 24 25 21 23
split_gain=5.10317 3.2313 6.45401 4.76877 4.66999 4.16529 2.57613 1.33774 3.04815 0.00101135 0.000115816 6.28956e-05
threshold=0.39588961668568295 0.66189542152082537 0.00014024164617808382 -4.2937886297722543e-05 -7.1193638796716391e-05 0.00015330705259244742 4.2603046131042479e-05 0.99999999978042087 1.0065009725982479 0.00010805376312494082 0.9754193798555012 0.011599304569283127
decision_type=2 2 2 2 2 2 2 2 2 2 2 2
left_child=7 2 3 -2 -3 -4 -6 9 10 -1 -9 -11
right_child=1 4 5 -5 6 -7 -8 8 -10 11 -12 -13
leaf_value=0.042113058205674576 -0.061849616930201384 -0.025981751089942856 0.029836166081493184 -0.013479597357565 0.048179099972072981 -0.00056770773832839514 0.0040296462653610539 0.040571202323850974 -0.068693498946309758 0.040925372821792955 0.041515862678540724 0.040513720521575099
leaf_weight=0.77386511210352082 4.0181206315755871 2.7657953873276702 7.3610284924507132 17.311270844191313 6.207305219024418 350.32302200514823 3.2072655409574509 0.8504337817430494 0.63712888583540905 0.68030561134219159 0.27473398484289646 4.6730924220755696
leaf_count=23 20 17 39 88 53 2371 26 71 16 35 10 443
internal_value=7.74279e-05 -0.000564932 -0.00121664 -0.0225917 0.0197142 5.79947e-05 0.0331387 0.0319281 0.00121564 0.0407614 0.0408019 0.040566
internal_weight=399.083 391.194 379.013 21.3294 12.1804 357.684 9.41457 7.88956 1.7623 6.12726 1.12517 5.3534
internal_count=3212 2614 2518 108 96 2410 79 598 97 501 81 478
is_linear=0
shrinkage=0.04


Tree=96
num_leaves=15
num_cat=0
split_feature=33 33 26 8 33 26 8 0 9 23 31 20 29 33
split_gain=4.97611 4.42657 8.19885 8.93833 5.15024 11.5546 8.0296 4.44903 4.01218 3.85058 8.30239 5.32584 1.5606 0.977416
threshold=0.45098205385265716 0.53035574285805898 0.2105263157894737 -0.00010807130703009998 0.49844580334781374 1.0000000180025095e-35 -9.4867113304705501e-05 66.222060225812314 0.00037698128149302401 0.028417379761856279 0.99999999979766463 0.98578218869716705 0.89969453742180228 0.44898451842580073
decision_type=2 2 2 2 2 2 2 2 2 2 2 2 2 2
left_child=8 4 3 -3 6 -6 -2 -4 9 10 -1 -11 13 -10
right_child=1 2 7 -5 5 -7 -8 -9 12 11 -12 -13 -14 -15
leaf_value=-0.037393940992522787 0.012909164164724179 -0.00057317027773228619 -0.044527251492546431 0.021336767050651632 -0.022948960170604424 0.0040657701810919416 -0.0088725871461214877 0.0019541707109019982 0.041739026854171975 0.020558404885974709 0.045289647317711727 -0.075045966650069268 -0.035964970811449504 -0.0037945672348362008
leaf_weight=7.0822935714386421 49.363542694598436 85.937771305441856 8.0734381787478906 45.599287696182728 59.681331247091293 44.014553099870682 59.982642896473408 5.5664702206850043 9.2084419415332324 19.153940261807296 2.6776828947477043 0.97999304253607888 0.47804690757766444 0.82158331945538599
leaf_count=153 299 544 44 294 245 183 351 30 429 530 56 26 18 10
internal_value=7.56381e-05 -0.00142526 0.00396119 0.00702224 -0.00509585 -0.0114823 0.000960627 -0.0255581 0.0133832 0.00590978 -0.0147094 0.015905 0.0346439 0.0380093
internal_weight=398.621 358.219 145.177 131.537 213.042 103.696 109.346 13.6399 40.402 29.8939 9.75998 20.1339 10.5081 10.03
internal_count=3212 1990 912 838 1078 428 650 74 1222 765 209 556 457 439
is_linear=0
shrinkage=0.04


Tree=97
num_leaves=9
num_cat=0
split_feature=33 6 6 2 25 23 3 21
split_gain=4.81852 3.73333 3.93474 5.38414 5.33695 1.25987 0.000497713 0.00017923
threshold=0.38524484548079169 0.0011998726716298002 0.00055061813951950013 1.0534466340403703 0.00043392519686526811 0.24684155979060488 0.00047340072881360003 0.98005228419814505
decision_type=2 2 2 2 2 2 2 2
left_child=5 2 3 -2 -4 6 -1 -8
right_child=1 -3 4 -5 -6 -7 7 -9
leaf_value=0.041805845275846007 -0.00053953382378930936 -0.046003304966531856 0.052610941788191923 -0.053748084768276271 0.0034946509150927409 -0.030549501316349349 0.040498715837932561 0.041447208074632487
leaf_weight=0.5752808079123487 369.38319850107655 2.8600402781739822 5.1841936572454896 3.0680740140378466 11.158412158489226 0.42760555818676937 4.6642443034797907 0.34214216843247403
leaf_count=16 2568 16 46 21 67 9 458 11
internal_value=7.55278e-05 -0.000469877 -0.000134924 -0.00097784 0.0190753 0.0356222 0.0406916 0.0405635
internal_weight=397.663 391.654 388.794 372.451 16.3426 6.00927 5.58167 5.00639
internal_count=3212 2718 2702 2589 113 494 485 469
is_linear=0
shrinkage=0.04


Tree=98
num_leaves=15
num_cat=0
split_feature=33 27 10 10 6 30 10 31 9 33 23 3 27 31
split_gain=4.62104 3.62394 6.64226 7.57282 6.69305 5.37529 7.31594 4.6074 3.34372 3.39818 2.50641 2.73975 2.36681 0.802806
threshold=0.42674471448301626 0.15179646807764419 0.00015657471461635004 0.00021307123970900003 -0.00028278958789194994 0.1548016881375954 -0.00064382217802974985 0.99999999983658594 0.00013293285535799233 0.39588961668568295 0.0097448709948698455 0.0015778199174124002 0.0041026719124646659 0.99999999964872077
decision_type=2 2 2 2 2 2 2 2 2 2 2 2 2 2
left_child=8 5 4 -4 -3 7 -7 -2 9 13 11 -10 -12 -1
right_child=1 2 3 -5 -6 6 -8 -9 10 -11 12 -13 -14 -15
leaf_value=0.041546640840360277 -0.0033473048264616445 0.013629868557163766 -0.058120284521976873 -0.01151919759234539 -0.0084493488088075823 -0.080742098098805837 0.014398719835005042 0.018336389805572874 0.043467229846294933 -0.063487797954681152 -0.06351127984539269 -0.050943947112447638 0.037763089272673515 -0.020136670425420191
leaf_weight=1.0709435916505783 171.00864003226161 32.758380472660065 7.2522953227162388 24.187219716608524 66.685868807137012 1.32195384800434 59.397647997364402 17.261243361979723 0.82161233201622907 1.4125515930354593 0.38076737150549789 1.2251152768731115 12.17425074893981 0.49300480633974064
leaf_count=48 1046 204 40 135 381 6 361 116 20 14 15 27 790 9
internal_value=7.3627e-05 -0.000854177 -0.00624281 -0.0222689 -0.00117613 0.00197841 0.0123274 -0.00135927 0.0201239 -0.0185161 0.0280004 -0.0130447 0.0346917 0.0221022
internal_weight=397.451 379.873 130.884 31.4395 99.4442 248.989 60.7196 188.27 17.5782 2.9765 14.6017 2.04673 12.555 1.56395
internal_count=3212 2289 760 175 585 1529 367 1162 923 71 852 47 805 57
is_linear=0
shrinkage=0.04


Tree=99
num_leaves=15
num_cat=0
split_feature=33 33 29 15 6 24 21 15 0 0 1 31 33 21
split_gain=4.4644 5.18852 6.75212 8.56886 8.40055 6.64175 6.60549 4.54622 4.43376 19.8505 4.83561 3.69861 0.00675562 0.00268099
threshold=0.46607881598610745 0.52310596698286282 0.47445901346011682 -0.00047107200716999995 -4.7101580240956643e-05 1.1262971630856116 0.91305262306836965 -0.0011224176005406497 29.690160837049891 28.257135059485361 -5.1566157754923117e-06 0.91521832220943888 0.42337667198007961 0.85533228606491452
decision_type=2 2 2 2 2 2 2 2 2 2 2 2 2 2
left_child=7 5 4 -4 -3 6 -2 12 9 -9 -10 -7 -1 -14
right_child=1 2 3 -5 -6 11 -8 8 10 -11 -12 -13 13 -15
leaf_value=0.040670893357520797 -0.011937634306067806 -0.026793961165661163 0.028386498480192764 0.0025685511682486811 0.0071293974289521412 -0.06832822479439464 0.0044774329161121782 0.021114207537885149 0.026028871458724189 -0.16036259876848519 0.00073695396723791589 -0.0161500591033347 0.045487286579972412 0.043490831015857809
leaf_weight=1.0716001368127752 90.909220315515995 23.057108905166388 26.499198630452156 91.900341531261802 23.669543046504259 4.1041785627603513 68.987776212394238 3.3771203160285941 18.766116643790156 1.3498497572727499 34.024038750678301 4.6208389699459076 1.6535046081990001 3.0824879314750433
leaf_count=87 410 146 150 565 135 19 335 70 390 20 797 22 19 47
internal_value=7.3157e-05 -0.00177434 0.00326555 0.00834691 -0.00960997 -0.00670975 -0.00485533 0.00981025 0.00640461 -0.0307089 0.00972786 -0.0406943 0.0435389 0.0441879
internal_weight=397.073 333.748 165.126 118.4 46.7267 168.622 159.897 63.3247 57.5171 4.72697 52.7902 8.72502 5.80759 4.73599
internal_count=3212 1782 996 715 281 786 745 1430 1277 90 1187 41 153 66
is_linear=0
shrinkage=0.04


Tree=100
num_leaves=9
num_cat=0
split_feature=33 6 15 31 10 3 21 3
split_gain=4.39585 3.30941 3.80247 8.67953 5.05016 0.000232668 9.63254e-05 4.96587e-05
threshold=0.37423009450593775 0.0011998726716298002 0.00072791630394225006 0.99999999979189591 8.4853627904936239e-05 0.00047340072881360003 0.98005228419814505 0.00083157762998950014
decision_type=2 2 2 2 2 2 2 2
left_child=5 2 4 -4 -2 -1 7 -7
right_child=1 -3 3 -5 -6 6 -8 -9
leaf_value=0.041545207523120957 0.0016893784199773208 -0.042827493873076099 0.019464666975897028 -0.019698109422988396 -0.0088831445151882661 0.040748079479109044 0.041237048779523222 0.040384459235783869
leaf_weight=0.38856049627065559 234.67997750407085 2.9147311924025407 38.379146328661591 11.850406275130807 104.46726848138496 0.76483846548944789 0.27674087323248375 2.8039421746507287
leaf_count=12 1670 17 298 90 734 49 10 332
internal_value=7.36338e-05 -0.000363909 -4.60424e-05 0.0102252 -0.00156727 0.0406124 0.0405181 0.0404624
internal_weight=396.526 392.292 389.377 50.2296 339.147 4.23408 3.84552 3.56878
internal_count=3212 2809 2792 388 2404 403 391 381
is_linear=0
shrinkage=0.04


Tree=101
num_leaves=10
num_cat=0
split_feature=33 14 32 31 31 0 3 21 3
split_gain=4.21957 3.05973 4.53091 6.10998 3.63601 1.48989 0.000205941 8.52661e-05 4.40032e-05
threshold=0.37423009450593775 -0.0011978535981395997 0.44239509876190536 0.52887058985613777 0.67807814954241452 26.460273044754533 0.00047340072881360003 0.98005228419814505 0.00083157762998950014
decision_type=2 2 2 2 2 2 2 2 2
left_child=6 4 3 -3 -2 -6 -1 8 -8
right_child=1 2 -4 -5 5 -7 7 -9 -10
leaf_value=0.041482753756890645 -0.016812870303927377 -0.054715455884443397 0.047402949212156154 -0.00080298789250970938 0.018699894179642264 0.057251634126184767 0.040718372667274287 0.041187254609388282 0.040369280954825185
leaf_weight=0.37387554347515006 2.6515795076265913 3.3937237281352273 3.0830668229609719 376.69958492787555 3.0679423855617642 3.3611722942441702 0.73537404462695199 0.26620468124747265 2.6949905320070684
leaf_count=12 18 35 24 2674 26 32 49 10 332
internal_value=7.16729e-05 -0.000348766 -0.000892612 -0.00128435 0.0225998 0.0388549 0.0405881 0.0404976 0.0404441
internal_weight=396.328 392.257 383.176 380.093 9.08069 6.42911 4.07044 3.69657 3.43036
internal_count=3212 2809 2733 2709 76 58 403 391 381
is_linear=0
shrinkage=0.04


Tree=102
num_leaves=14
num_cat=0
split_feature=33 25 33 24 21 29 15 6 3 24 26 10 33
split_gain=4.11226 5.15447 5.10525 6.76386 6.81878 6.2189 7.96839 7.7817 4.14222 17.2679 4.27223 1.42906 0.0161844
threshold=0.46848095074833468 0.00045127580148940453 0.52310596698286282 1.1262971630856116 0.91305262306836965 0.47445901346011682 -0.00047107200716999995 -4.7101580240956643e-05 0.0022364273579890005 0.89180927398840304 -0.10526315789473688 0.00052776559165415018 0.45398762909027396
decision_type=2 2 2 2 2 2 2 2 2 2 2 2 2
left_child=1 8 3 4 -2 7 -7 -4 10 -10 -1 12 -3
right_child=2 11 5 -5 -6 6 -8 -9 9 -11 -12 -13 -14
leaf_value=0.027718828697178205 -0.012275694083011974 0.041673763715414196 -0.025618419900873407 -0.041507056249125748 0.0047114446659348008 0.027502052676119128 0.002499889488021983 0.0069908563398263296 -0.063039855568939304 0.037079677091895621 0.0021446050276028934 -0.020910194110514785 0.045372918818177989
leaf_weight=14.985085767228155 87.196211218833923 4.0480565750040096 23.216582570225 8.5278355628252012 66.75172170996666 26.219161119312048 91.825279038399458 23.622086495161057 6.0135333635844272 5.0886024478822947 34.543386147823185 0.59615365928038944 3.5536741837859154
leaf_count=300 388 218 146 39 320 150 565 135 116 141 639 17 38
internal_value=6.97977e-05 0.00895726 -0.00179883 -0.00683094 -0.00491008 0.00315982 0.00805319 -0.00917263 0.0049322 -0.0171506 0.00988221 0.0387262 0.0434031
internal_weight=396.187 68.8285 327.359 162.476 153.948 164.883 118.044 46.8387 60.6306 11.1021 49.5285 8.19788 7.60173
internal_count=3212 1469 1743 747 708 996 715 281 1196 257 939 273 256
is_linear=0
shrinkage=0.04


Tree=103
num_leaves=12
num_cat=0
split_feature=33 33 9 25 1 3 31 9 3 21 3
split_gain=3.99532 3.0609 4.10814 4.0227 5.62476 4.24036 3.84139 0.0105213 0.000180337 7.44663e-05 3.81182e-05
threshold=0.37423009450593775 0.62969749953042675 0.00019487907027754744 0.00014024164617808382 -2.9105834571441221e-05 0.00050427564381030009 0.99999999979896004 0.00025069600350386458 0.00047340072881360003 0.98005228419814505 0.00083157762998950014
decision_type=2 2 2 2 2 2 2 2 2 2 2
left_child=8 3 6 4 -2 -5 -3 -4 -1 10 -10
right_child=1 2 7 5 -6 -7 -8 -9 9 -11 -12
leaf_value=0.041414905961158904 -0.052698845251935203 0.015970518122163421 0.04634104306485673 0.032153490900308841 -0.005296222244561141 -0.0007768835910908306 -0.029473874668705779 0.042567480521816005 0.040682289981904492 0.041132744293253982 0.0403491747275413
leaf_weight=0.35811586864292566 5.5931865200400379 11.051988683640959 1.6827759295701969 6.3720725290477267 14.106491004116831 344.85884152306244 4.0728489458560935 3.9740210305899382 0.70072688348591405 0.25355484522879113 2.5487777572125196
leaf_count=12 28 72 15 38 85 2466 27 78 49 10 332
internal_value=7.00796e-05 -0.000329036 0.0146095 -0.00116598 -0.0187549 -0.000179457 0.00373315 0.04369 0.0405599 0.0404725 0.040421
internal_weight=395.573 391.712 20.7816 370.931 19.6997 351.231 15.1248 5.6568 3.86118 3.50306 3.2495
internal_count=3212 2809 192 2617 113 2504 99 93 403 391 381
is_linear=0
shrinkage=0.04


Tree=104
num_leaves=15
num_cat=0
split_feature=33 33 5 0 0 8 25 9 21 10 9 8 33 33
split_gain=3.83567 3.27999 5.17208 4.01859 3.48118 8.55301 7.78506 2.808 3.11631 4.4049 3.71354 1.01956 0.00124791 0.000143428
threshold=0.43653174209096801 0.57973783670805756 1.0000000180025095e-35 37.175994399259196 59.599255601686927 8.1049568767184747e-06 0.0003450278852314369 0.00037698128149302401 0.92894968122413901 -0.00049592638675524995 0.00013293285535799233 0.00079273647172035011 0.42674471448301626 0.41039268547880731
decision_type=2 2 2 2 2 2 2 2 2 2 2 2 2 2
left_child=7 4 11 -4 6 -6 -2 8 10 -10 -1 -3 13 -9
right_child=1 2 3 -5 5 -7 -8 12 9 -11 -12 -13 -14 -15
leaf_value=-0.018648692607780709 -0.012191647118879401 0.044537845282695908 0.018083234817108083 -0.0080216939183132916 0.04198351648908321 0.00024569559185207005 0.0022205655175893927 0.040455744555608276 -0.13800909907565792 -0.0051282283766511836 0.033142291071498374 0.015571756233020125 0.042007738563514127 0.040960432606974261
leaf_weight=2.9331010440364542 117.4378816857934 6.4123967625200731 15.745708607137201 23.542022049427032 8.7916155494749528 73.784504700452089 122.54328693449497 2.5177535682450976 0.42599869519472111 6.3320609475485972 9.0494283619336766 2.7902591228485107 1.4558513332158325 1.4030336551368234
leaf_count=67 584 93 132 189 47 395 690 288 3 205 376 42 35 66
internal_value=6.82133e-05 -0.000936495 0.00876318 0.00244062 -0.00239466 0.00468939 -0.00483224 0.0155258 0.00821513 -0.0135045 0.0204648 0.0357553 0.0410077 0.0406363
internal_weight=395.165 371.048 48.4904 39.2877 322.557 82.5761 239.981 24.1172 18.7406 6.75806 11.9825 9.20266 5.37664 3.92079
internal_count=3212 2172 456 321 1716 442 1274 1040 651 208 443 135 389 354
is_linear=0
shrinkage=0.04


Tree=105
num_leaves=12
num_cat=0
split_feature=33 27 6 27 30 30 9 31 3 21 3
split_gain=3.76561 3.01937 5.807 8.56031 5.01882 4.24379 5.83192 4.30706 0.00016714 6.46482e-05 3.48031e-05
threshold=0.37423009450593775 0.15179646807764419 -0.00028278958789194994 0.287105022206051 0.31619777268871635 0.1548016881375954 0.0003336931237960294 0.99999999983658594 0.00047340072881360003 0.98005228419814505 0.00083157762998950014
decision_type=2 2 2 2 2 2 2 2 2 2 2
left_child=8 5 3 -3 -4 7 -7 -2 -1 10 -10
right_child=1 2 4 -5 -6 6 -8 -9 9 -11 -12
leaf_value=0.04137305564720415 -0.0025646834931896977 0.020432807937339533 -0.0080172880980246275 -0.025196180152594502 -0.049487484718484687 0.00080846872426330559 0.025525414873852452 0.018262689871901498 0.040654018978200999 0.041080081606462961 0.040327672277187462
leaf_weight=0.3458313532173628 176.04405054310337 26.045443498995155 95.089106447994709 8.8016158114187402 4.9103943463414899 35.975087102036923 26.542538101784885 17.462485630065203 0.66933014290407378 0.2405908703804015 2.3891899783629924
leaf_count=12 1282 202 632 68 39 243 204 139 49 10 332
internal_value=6.79729e-05 -0.000309403 -0.0051536 0.00890791 -0.0100536 0.00224201 0.0113023 -0.000685172 0.0405365 0.0404488 0.0403991
internal_weight=394.516 390.871 134.847 34.8471 99.9995 256.024 62.5176 193.507 3.64494 3.29911 3.05852
internal_count=3212 2809 941 270 671 1868 447 1421 403 391 381
is_linear=0
shrinkage=0.04


Tree=106
num_leaves=8
num_cat=0
split_feature=32 31 14 31 22 2 23
split_gain=3.1305 4.81294 5.12809 4.75018 3.84388 2.38231 2.35735
threshold=0.46457362740970426 0.54202229235064847 -0.0011978535981395997 0.59299863074619485 0.043373621812583397 0.12164262395880522 0.051191438146528982
decision_type=2 2 2 2 2 2 2
left_child=1 4 6 -4 5 -1 -3
right_child=-2 2 3 -5 -6 -7 -8
leaf_value=-0.10380978556725337 0.043175922137724199 0.014112553805914458 0.030756985138292812 -0.0010133681867981242 0.0065857079042949442 -0.035888381207247494 0.058640568844562181
leaf_weight=1.3849124815315002 2.6769158421084276 4.6755617582239202 7.686003270559012 370.59648303454742 1.9897953467443583 2.0481748604215682 3.2071551783010364
leaf_count=9 24 52 76 2959 28 33 31
internal_value=6.6733e-05 -0.000227964 0.000297544 -0.000367853 -0.0376495 -0.063288 0.0322292
internal_weight=394.265 391.588 386.165 378.282 5.42288 3.43309 7.88272
internal_count=3212 3188 3118 3035 70 42 83
is_linear=0
shrinkage=0.04


Tree=107
num_leaves=15
num_cat=0
split_feature=33 25 33 26 5 2 33 22 2 14 33 26 10 33
split_gain=3.67059 4.87499 4.5846 7.09887 8.16651 6.06733 6.85692 4.98725 3.75747 3.74823 12.1487 4.35005 1.40526 0.0139284
threshold=0.46848095074833468 0.00045127580148940453 0.53035574285805898 0.2105263157894737 1.0000000180025095e-35 0.77865237067521409 0.49965328459648312 0.055999648252965696 0.87713522184134207 0.00063814851837340014 0.44830614376609529 -0.10526315789473688 0.00052776559165415018 0.45398762909027396
decision_type=2 2 2 2 2 2 2 2 2 2 2 2 2 2
left_child=1 9 5 4 -4 6 -2 -7 -5 11 -11 -1 13 -3
right_child=2 12 3 8 -6 7 -8 -9 -10 10 -12 -13 -14 -15
leaf_value=0.02419723298256115 -0.00062649255807846384 0.041611825232660986 0.020467766128774562 -0.037143958911155225 -0.00067363046779896584 -0.00037089070788489542 -0.018163129932382348 0.03212907790878073 0.0090484862244162509 0.042732153253973351 -0.066303877405400224 4.4203324765955919e-05 -0.02059537181145071 0.045144252035746048
leaf_weight=18.090360731352121 68.623179823160172 3.7434460890945038 44.345894681289792 9.7194299884140474 85.787701930850744 29.586797915399075 74.29970583319664 10.145118713378904 3.9677862115204325 2.7041693949140599 4.1351031735539436 35.040589344222099 0.59668418625369657 3.4154847897589207
leaf_count=376 341 218 303 52 535 137 306 47 22 96 32 692 17 38
internal_value=6.48619e-05 0.00853942 -0.00169315 0.00364868 0.00653077 -0.00589926 -0.00974307 0.00792763 -0.0237532 0.00468011 -0.0231923 0.00826798 0.0383815 0.0432971
internal_weight=394.201 67.7258 326.476 143.821 130.134 182.655 142.923 39.7319 13.6872 59.9702 6.83927 53.131 7.75562 7.15893
internal_count=3212 1469 1743 912 838 831 647 184 74 1196 128 1068 273 256
is_linear=0
shrinkage=0.04


Tree=108
num_leaves=10
num_cat=0
split_feature=33 33 25 3 25 3 3 29 30
split_gain=3.5624 2.92033 3.7226 4.77363 3.45667 0.000148293 3.42926e-05 1.04869e-05 8.13934e-06
threshold=0.37423009450593775 0.71302186015021218 0.00014024164617808382 0.00050427564381030009 9.5374691703268053e-05 0.00047340072881360003 0.00083157762998950014 0.74198722364435155 0.0051343197372440514
decision_type=2 2 2 2 2 2 2 2 2
left_child=5 2 4 -4 -2 -1 7 -7 -8
right_child=1 -3 3 -5 -6 6 8 -9 -10
leaf_value=0.041314807628603532 0.001927421080374969 0.038143110538207771 0.033012356243417494 -0.00018273345281806031 -0.027084331547384832 0.040538931244899871 0.040440671747934295 0.040856535283388652 0.040293162007012225
leaf_weight=0.33222828991711084 11.307608582079412 3.1372568756341925 7.0704202409833661 352.5445896750316 15.686680042184888 0.37952403724193606 1.0450956271961334 0.29612528439611197 1.4006000331137327
leaf_count=12 68 24 46 2585 86 32 122 18 219
internal_value=6.48388e-05 -0.000293561 -0.000605467 0.000469918 -0.0149316 0.0405114 0.0404259 0.0406781 0.0403562
internal_weight=393.2 389.747 386.609 359.615 26.9943 3.45357 3.12134 0.675649 2.4457
internal_count=3212 2809 2785 2631 154 403 391 50 341
is_linear=0
shrinkage=0.04


Tree=109
num_leaves=12
num_cat=0
split_feature=33 29 25 9 31 10 6 28 3 21 3
split_gain=3.42016 2.90403 3.61238 5.91983 5.24241 3.44109 5.90866 5.17547 0.000131296 4.87727e-05 2.66334e-05
threshold=0.37423009450593775 0.82053350662639535 0.00017241760495929814 0.00015440851457045729 0.94289638396301689 7.0789944989808562e-05 -0.00030096655036839995 1.3597772832596124 0.00047340072881360003 0.98005228419814505 0.00083157762998950014
decision_type=2 2 2 2 2 2 2 2 2 2 2
left_child=8 5 3 -3 -4 7 -7 -2 -1 10 -10
right_child=1 2 4 -5 -6 6 -8 -9 9 -11 -12
leaf_value=0.041261920332401586 -4.24913761777118e-05 0.018372579847616678 0.029981521748793209 -0.036197680033458517 -0.0013528711985764362 -0.051228109130804056 -0.0050817333644869655 0.02592275483028391 0.040596638513409493 0.040984457368966887 0.040298065609065035
leaf_weight=0.31960232183337156 200.72381141548976 6.2967124721035344 18.805381431244314 6.4272631444036961 15.654568129219113 4.6043356526643029 124.00297509739175 13.082997055724261 0.61319586820900518 0.21855459362268437 2.1684258228633553
leaf_count=12 1464 43 153 32 118 41 869 89 49 10 332
internal_value=6.28345e-05 -0.000281657 0.00902151 -0.0091925 0.0157468 -0.00156361 -0.00673384 0.00154634 0.0404912 0.0404091 0.0403639
internal_weight=392.918 389.598 47.1839 12.724 34.4599 342.414 128.607 213.807 3.31978 3.00018 2.78162
internal_count=3212 2809 346 75 271 2463 910 1553 403 391 381
is_linear=0
shrinkage=0.04


Tree=110
num_leaves=15
num_cat=0
split_feature=33 9 33 24 21 24 31 3 24 18 33 8 26 33
split_gain=3.31025 4.69838 4.38247 6.074 6.31868 5.62584 6.70037 4.21602 15.499 4.99525 3.57742 1.26321 3.58172 0.0116611
threshold=0.46848095074833468 0.0004419413791302392 0.52310596698286282 1.1262971630856116 0.91305262306836965 0.80036323569750001 0.99999999980044019 0.0022364273579890005 0.89180927398840304 1.0000000180025095e-35 0.53648156726355534 0.0016098763735224503 0.10526315789473685 0.44898451842580073
decision_type=2 2 2 2 2 2 2 2 2 2 2 2 2 2
left_child=1 7 3 4 -2 10 -7 9 -9 -1 -4 13 -13 -3
right_child=2 11 5 -5 -6 6 -8 8 -10 -11 -12 12 -14 -15
leaf_value=-0.0072622672789287822 -0.011521049948586413 0.041448362403604312 -0.049709344837078319 -0.038990894919724309 0.0048474407361498292 0.012728352459673043 -0.0072610007726536989 -0.063922299061655197 0.035721016639423342 0.019209985452056967 -0.0070224997713143854 -0.068160941207346878 0.047689424267782721 0.044806049819562509
leaf_weight=18.574462878517807 87.108808360993862 2.78026079921983 3.4972391277551642 8.5914019048213941 66.570716522634029 91.149557385593653 38.021801924332976 5.5932538937777263 4.512773163150996 29.547818548977375 30.859545268118382 0.66451448691077519 1.1945667869877068 4.0886715166270733
leaf_count=430 388 166 15 39 320 557 240 112 141 505 184 29 36 50
internal_value=6.15481e-05 0.00816198 -0.00160321 -0.00626036 -0.00443057 0.00301814 0.00684445 0.00405967 -0.0194273 0.0089921 -0.0113677 0.0355303 0.00627959 0.043447
internal_weight=392.755 66.9563 325.799 162.271 153.68 163.528 129.171 58.2283 10.106 48.1223 34.3568 8.72801 1.85908 6.86893
internal_count=3212 1469 1743 747 708 996 797 1188 253 935 199 281 65 216
is_linear=0
shrinkage=0.04


Tree=111
num_leaves=14
num_cat=0
split_feature=25 25 25 14 29 14 29 9 19 2 8 31 8
split_gain=2.71014 5.76562 4.31789 4.56029 4.29645 4.75096 4.253 5.87999 4.66775 3.99891 3.75622 5.33078 3.5417
threshold=0.00049011906640982806 0.00043028647836217972 0.00041053702518493366 0.00039580167742560003 0.36233598619755208 0.00052687793952900009 0.61381234649183247 0.00045778411876013311 0.62595595753752997 0.66942694024680416 0.0015326497614167002 0.9999999994573654 0.0018968392231874501
decision_type=2 2 2 2 2 2 2 2 2 2 2 2 2
left_child=1 2 3 -1 5 -2 8 -8 -3 -4 11 -6 -12
right_child=4 6 9 -5 10 -7 7 -9 -10 -11 12 -13 -14
leaf_value=-0.002696317350465386 -0.048629900450409165 -0.048846056454041727 0.023671918554736712 0.010855909755326345 0.042577954684264403 0.01644065175945035 0.011303421151937797 -0.024442232700674592 -0.0069370386869014424 -0.022799661037173381 -0.051165958230091943 0.003971886800516064 0.010582111694649503
leaf_weight=235.95020639430732 3.7416155396495006 9.4206564421765524 20.982516867108647 47.770803417311981 12.407411389984196 3.4512274924200028 16.220942983403805 13.483095601666717 7.7505546393804243 3.4497965569607905 2.1718797269277266 10.621771592646835 4.7078005424700677
leaf_count=1874 27 66 135 414 175 23 112 102 68 33 27 103 53
internal_value=6.18605e-05 -0.00101313 0.000974973 -0.000414496 0.0103486 -0.0174081 -0.0140828 -0.00492205 -0.0299296 0.0171102 0.0170238 0.0247716 -0.00891144
internal_weight=392.13 355.029 308.153 283.721 37.1017 7.19284 46.8752 29.704 17.1712 24.4323 29.9089 23.0292 6.87968
internal_count=3212 2804 2456 2288 408 50 348 214 134 168 358 278 80
is_linear=0
shrinkage=0.04


Tree=112
num_leaves=12
num_cat=0
split_feature=33 33 25 2 10 3 10 3 3 23 29
split_gain=3.24875 2.87386 4.63879 4.48648 4.30532 4.01028 2.45085 0.00010953 2.56886e-05 2.54648e-05 8.08028e-06
threshold=0.37423009450593775 0.66189542152082537 0.00014024164617808382 0.38986159158148886 -7.1193638796716391e-05 0.00050427564381030009 4.2603046131042479e-05 0.00047340072881360003 0.00083157762998950014 0.012653394238256056 0.74198722364435155
decision_type=2 2 2 2 2 2 2 2 2 2 2
left_child=7 2 3 -2 -3 -4 -6 -1 10 -10 -9
right_child=1 4 5 -5 6 -7 -8 8 9 -11 -12
leaf_value=0.041191489711536119 -0.038900781615900895 -0.024425716981208389 0.031399200068035378 -0.0023967604233595631 0.047698088361476938 -0.00035922823864935327 0.0042727488161819335 0.040491726458381595 0.040612955752442989 0.040264253334965687 0.040783181839845757
leaf_weight=0.30269597284495775 9.7835755329579133 2.7861011214554301 6.4800141621381036 11.987382273189722 5.9004375003278238 348.56095936149359 3.2111524939537048 0.34707378828898106 0.41035083867609534 1.8267811010591684 0.27105689933523536
leaf_count=12 57 17 40 67 53 2549 26 32 33 308 18
internal_value=6.08329e-05 -0.000267443 -0.000878596 -0.0188012 0.0190884 0.000220409 0.0323939 0.040468 0.0403913 0.0403282 0.0406195
internal_weight=391.868 388.71 376.812 21.771 11.8977 355.041 9.11159 3.15796 2.85526 2.23713 0.618131
internal_count=3212 2809 2713 124 96 2589 79 403 391 341 50
is_linear=0
shrinkage=0.04


Tree=113
num_leaves=10
num_cat=0
split_feature=33 33 19 15 20 27 23 33 25
split_gain=3.11431 2.7675 3.22866 3.45432 3.06503 3.27269 1.28003 0.000188572 7.22282e-05
threshold=0.38524484548079169 0.6070885166151031 0.62435551476070894 -5.6807289194738828e-05 0.98578218869716705 0.15179646807764419 0.24684155979060488 0.3834443601236443 0.00015853050618037557
decision_type=2 2 2 2 2 2 2 2 2
left_child=6 4 -3 -4 5 -2 7 8 -1
right_child=1 2 3 -5 -6 -7 -8 -9 -10
leaf_value=0.040749537580588337 0.0020108147753173529 -0.035419079183882193 0.0061453454695728701 0.038292220644604413 -0.031514513893273755 -0.0060538132255771194 -0.035667376005124596 0.041746404450914494 0.04036159655020289
leaf_weight=1.0754393241368232 230.87040569446981 2.1251606494188335 17.598944140598185 7.6829492263495878 5.2762866513803592 123.62177804019302 0.38721338193863619 0.19560191174969066 2.6850858540274203
leaf_count=78 1587 11 161 104 39 816 9 12 395
internal_value=5.92697e-05 -0.000318583 0.0119341 0.0159145 -0.00125199 -0.000801557 0.033742 0.0405355 0.0404725
internal_weight=391.519 387.176 27.4071 25.2819 359.768 354.492 4.34334 3.95613 3.76053
internal_count=3212 2718 276 265 2442 2403 494 485 473
is_linear=0
shrinkage=0.04


Tree=114
num_leaves=15
num_cat=0
split_feature=33 25 29 15 15 0 24 19 29 26 2 6 10 33
split_gain=3.04784 4.5011 4.40447 4.93665 6.01633 4.44531 5.64078 5.25128 3.91832 5.49359 4.16763 2.15671 1.3774 0.0104065
threshold=0.46848095074833468 0.00045127580148940453 0.41002941187291314 -0.0015932969358731998 -0.00082278840206634991 55.725146174506044 1.026644135092303 0.62522068677560927 0.45184438290211132 -0.10526315789473688 0.8853598769399732 -0.00063991083507124993 0.00052776559165415018 0.45398762909027396
decision_type=2 2 2 2 2 2 2 2 2 2 2 2 2 2
left_child=1 8 5 11 -5 6 -2 -7 10 -10 -1 -4 13 -3
right_child=2 12 3 4 -6 7 -8 -9 9 -11 -12 -13 -14 -15
leaf_value=0.045501153280720782 -0.027362290353449451 0.041532280389899069 -0.0068606972998865668 0.017958588346651042 -0.00076193567070826002 0.029831034252167453 0.01557050512108386 -0.016200649000782972 0.017986758377336688 -0.0094024017459260877 -0.02747308608877674 -0.047709103347569982 -0.020542130770996963 0.044716420060409184
leaf_weight=6.1897891429252914 29.422988139092922 3.3889343212358645 3.6943988241255283 31.116195309907198 234.22721762210131 7.4208949133753768 5.8739642500877371 8.5152904354035837 18.085724399425089 33.274043475743383 1.5697480537928639 4.6977723166346532 0.59370752214454103 3.1863505840301514
leaf_count=119 159 218 22 165 1261 35 33 44 384 662 31 24 17 38
internal_value=5.79284e-05 0.0078747 -0.00153657 0.000478068 0.00143338 -0.0123006 -0.0202176 0.00523461 0.00424505 0.000242361 0.0307385 -0.0297268 0.0378068 0.0430753
internal_weight=391.257 66.2883 324.969 273.736 265.343 51.2331 35.297 15.9362 59.1193 51.3598 7.75954 8.39217 7.16899 6.57528
internal_count=3212 1469 1743 1472 1426 271 192 79 1196 1046 150 46 273 256
is_linear=0
shrinkage=0.04


Tree=115
num_leaves=8
num_cat=0
split_feature=32 31 14 31 22 23 10
split_gain=2.9391 4.44444 4.62605 4.32147 3.2511 2.34376 2.16027
threshold=0.46457362740970426 0.54202229235064847 -0.0011978535981395997 0.59299863074619485 0.043373621812583397 0.051191438146528982 -8.4819441319965505e-05
decision_type=2 2 2 2 2 2 2
left_child=1 4 5 -4 6 -3 -1
right_child=-2 2 3 -5 -6 -7 -8
leaf_value=-0.096645017069667855 0.042313348237420348 0.012756315362163699 0.029767528913109024 -0.00095958581493702302 0.0055610465969316491 0.057809709150493709 -0.032680731119098944
leaf_weight=1.4492905139923098 2.6160542583093038 4.5491111560259005 7.472134231356903 367.69155085366219 1.9140290133655069 3.1108310467097908 2.0254266844131044
leaf_count=14 24 52 76 2959 28 31 28
internal_value=5.76734e-05 -0.000227076 0.000280708 -0.000347594 -0.0363007 0.0310533 -0.05936
internal_weight=390.828 388.212 382.824 375.164 5.38875 7.65994 3.47472
internal_count=3212 3188 3118 3035 70 83 42
is_linear=0
shrinkage=0.04


Tree=116
num_leaves=15
num_cat=0
split_feature=33 24 9 27 27 24 12 12 30 9 7 30 30 31
split_gain=3.00085 3.35071 4.48956 3.16664 2.85268 5.55895 5.05049 4.38797 4.31059 4.61502 4.00375 2.39418 5.92871 1.02845
threshold=0.42674471448301626 1.0065009725982479 0.00011032840912503896 0.0072386689277336635 0.15179646807764419 0.84438556573313039 0.00019792881985730002 8.5470085527291161e-05 0.1548016881375954 0.00033465267895905533 -0.00079003973949344985 0.2030971982298444 0.20596794284147527 0.35954856913094096
decision_type=2 2 2 2 2 2 2 2 2 2 2 2 2 2
left_child=1 11 -3 -4 8 6 -6 -7 10 -10 -2 13 -13 -1
right_child=4 2 3 -5 5 7 -8 -9 9 -11 -12 12 -14 -15
leaf_value=-0.0078701837127316109 -0.03820971544151526 -0.081182791462723586 -0.12814089905268289 0.025905357903241468 -0.012815870172836658 0.0060007342612790442 -0.056137461812550672 -0.012010840917535976 0.0016212452463557419 0.024190682033817038 -0.00017458645497942042 -0.15313881090663933 0.02107456748106961 0.041241107011089538
leaf_weight=0.74195350147783656 4.5388092882931224 1.1433068998157971 0.2330544060096148 2.545878694858402 30.521873246878386 61.158271355554461 5.0128694623708716 33.492664646357298 33.837766256183386 25.360657092183828 181.53700636141002 0.37906390707939808 1.7811751530971376 8.4778248553629947
leaf_count=12 29 14 5 172 166 377 28 189 190 177 1133 5 130 585
internal_value=5.61228e-05 0.0174193 -0.0144634 0.0129863 -0.000651532 -0.00543727 -0.0189272 -0.000372744 0.00188862 0.01129 -0.00110235 0.028408 -0.0094952 0.0372889
internal_weight=390.762 15.3023 3.92224 2.77893 375.46 130.186 35.5347 94.6509 245.274 59.1984 186.076 11.38 2.16024 9.21978
internal_count=3212 923 191 177 2289 760 194 566 1529 367 1162 732 135 597
is_linear=0
shrinkage=0.04


Tree=117
num_leaves=13
num_cat=0
split_feature=33 29 27 2 23 33 3 3 30 2 8 25
split_gain=2.91637 2.79758 3.16954 5.08446 3.43722 3.11008 5.7097 4.07401 2.3242 2.70707 2.50581 0.00269001
threshold=0.40886998841206229 0.82053350662639535 0.21774946993395539 0.14876036691940983 0.035662916202529378 0.53907332994281754 0.0023715857811272504 0.0022364273579890005 0.47217712852168742 0.89897397590997963 0.00033606870537260003 9.9603001109319195e-05
decision_type=2 2 2 2 2 2 2 2 2 2 2 2
left_child=8 5 3 -3 -4 7 -7 -2 9 11 -11 -1
right_child=1 2 4 -5 -6 6 -8 -9 -10 10 -12 -13
leaf_value=0.043219006218443094 -0.001491187188982954 0.051034820321712811 0.013785256668184556 0.0078999787971927009 -0.038831002686254279 0.00013991436272383224 0.02652271317261937 -0.014324426898124677 -0.086887425527414366 -0.055589682753015748 0.041307236335169244 0.040547208179430527
leaf_weight=0.68001623265445044 179.73574334289879 5.0417398568242779 3.7467429153621188 32.928163578733802 4.2283020950853825 90.546909712255001 15.349708827212451 50.756435323506594 0.2920961771160363 1.033487814478576 0.72768705524504174 5.3187442612834275
leaf_count=15 1133 40 22 224 24 606 111 337 8 31 64 597
internal_value=5.60543e-05 -0.000445671 0.00881265 0.0136275 -0.0141114 -0.0017102 0.0039641 -0.00431718 0.0238794 0.0280489 -0.0155535 0.0408501
internal_weight=390.386 382.334 45.9449 37.9699 7.97505 336.389 105.897 230.492 8.05203 7.75994 1.76117 5.99876
internal_count=3212 2497 310 264 46 2187 717 1470 715 707 95 612
is_linear=0
shrinkage=0.04


Tree=118
num_leaves=14
num_cat=0
split_feature=25 25 26 29 25 14 29 14 2 8 31 25 8
split_gain=2.52741 5.39233 4.0735 5.21932 3.94374 4.31755 3.8569 4.33074 3.70641 3.54742 5.05715 3.41893 3.27754
threshold=0.00049011906640982806 0.00043028647836217972 0.10526315789473685 0.60084001956660493 0.00041053702518493366 0.00039580167742560003 0.36233598619755208 0.00052687793952900009 0.66942694024680416 0.0015326497614167002 0.9999999994573654 0.00046833904758756298 0.0018968392231874501
decision_type=2 2 2 2 2 2 2 2 2 2 2 2 2
left_child=1 4 3 -3 5 -1 7 -2 -6 10 -8 -4 -11
right_child=6 2 11 -5 8 -7 9 -9 -10 12 -12 -13 -14
leaf_value=-0.0026003678744454029 -0.045953097485330753 -0.028162420185838994 -0.016754047361336427 0.0031255214463185806 0.02285531790879158 0.010623237780099652 0.041845641978704329 0.016258228772410864 -0.021824465500201434 -0.049464920415211493 0.0038729071002365886 -0.066174700456399713 0.010107859659584864
leaf_weight=235.10352694243193 3.7461846575606605 13.102521905209867 5.33657786878757 24.447665900923312 20.721230635419492 47.484519101679325 12.034260403364902 3.4292989908717573 3.4678002216387531 2.1633682991378 10.514350987039505 3.8595385476946831 4.6618387314956635
leaf_count=1874 27 93 43 182 135 414 175 23 33 27 103 30 53
internal_value=5.53983e-05 -0.000979876 -0.0136353 -0.00779189 0.000948543 -0.000378347 0.0100691 -0.0162211 0.0164499 0.0164913 0.0241391 -0.0374955 -0.00877477
internal_weight=390.073 353.523 46.7463 37.5502 306.777 282.588 36.5493 7.17548 24.189 29.3738 22.5486 9.19612 6.82521
internal_count=3212 2804 348 275 2456 2288 408 50 168 358 278 73 80
is_linear=0
shrinkage=0.04


Tree=119
num_leaves=14
num_cat=0
split_feature=33 25 3 24 9 33 24 31 29 15 6 23 33
split_gain=2.80616 3.96246 3.99001 13.0011 4.4333 3.90684 5.41908 5.58375 5.27751 7.07954 6.93727 1.47914 0.011107
threshold=0.46764489174809565 0.00045127580148940453 0.0022364273579890005 0.89180927398840304 0.00037698128149302401 0.52310596698286282 1.1262971630856116 0.9999999998350052 0.47445901346011682 -0.00047107200716999995 -4.7101580240956643e-05 0.010529114399647391 0.45398762909027396
decision_type=2 2 2 2 2 2 2 2 2 2 2 2 2
left_child=1 2 4 -4 -1 6 7 -2 10 -10 -7 -3 -13
right_child=5 11 3 -5 -6 8 -8 -9 9 -11 -12 12 -14
leaf_value=0.0042450316044504921 -0.0064562790720318385 -0.024271103812300077 -0.053834792747123585 0.035637688667843226 0.038840966778529822 -0.023908592841468394 -0.036622250205147144 0.020269654223686755 0.026092820762946074 0.0022566669186296364 0.0069817232188051246 0.041476010971731536 0.044934762465996814
leaf_weight=39.374213054776192 141.21426080167294 0.57192918099462886 6.4101223945617658 4.3699512865860015 6.9765660106204441 23.219849068671465 8.6493672430515272 13.723303020000456 25.575772728770971 90.421598505228758 23.309340752661228 3.2444502185098827 2.7401362434029579
leaf_count=767 656 15 116 139 164 146 39 65 150 565 135 222 33
internal_value=5.45179e-05 0.00773437 0.00435437 -0.0175651 0.0094523 -0.0014453 -0.00580921 -0.00408908 0.00294709 0.0075122 -0.00843373 0.0371863 0.0430597
internal_weight=389.801 63.6874 57.1309 10.7801 46.3508 326.113 163.587 154.938 162.527 115.997 46.5292 6.55652 5.98459
internal_count=3212 1456 1186 255 931 1756 760 721 996 715 281 270 255
is_linear=0
shrinkage=0.04


Tree=120
num_leaves=7
num_cat=0
split_feature=32 31 32 31 22 33
split_gain=2.8002 3.76428 4.39359 8.69368 2.86524 2.94891
threshold=0.46457362740970426 0.54202229235064847 0.4015356822545551 0.59299863074619485 0.043373621812583397 0.45398762909027396
decision_type=2 2 2 2 2 2
left_child=1 4 3 -3 5 -1
right_child=-2 2 -4 -5 -6 -7
leaf_value=-0.01652745139452786 0.041675352341728152 0.051070582327270887 -0.047576628006519607 -9.3541372874786296e-05 0.006270941160710912 -0.089598380283111484
leaf_weight=1.6991398092359298 2.5693265148438504 5.3904783308971664 3.0486663468182078 372.7995381464716 1.9087085314095018 1.8412664234638212
leaf_count=34 24 66 15 3037 28 8
internal_value=5.48929e-05 -0.000221652 0.000250178 0.000635719 -0.0332325 -0.0545296
internal_weight=389.257 386.688 381.239 378.19 5.44911 3.54041
internal_count=3212 3188 3118 3103 70 42
is_linear=0
shrinkage=0.04


Tree=121
num_leaves=15
num_cat=0
split_feature=0 13 31 19 28 3 27 15 15 15 15 14 0 0
split_gain=2.3312 6.10338 6.82533 6.35126 4.89669 4.86055 5.69873 6.79022 6.6317 2.70029 2.46187 3.58858 1.0202 0.0536572
threshold=59.599255601686927 -0.00022637880137214996 0.99999999978812026 0.62505850810626074 1.2169512077447695 0.0036974442667249007 0.287105022206051 -0.00082278840206634991 -0.00099129090726009987 0.00011343816945675002 -0.0015932969358731998 -0.00078294614107449992 59.999964533353868 20.983424539121796
decision_type=2 2 2 2 2 2 2 2 2 2 2 2 2 2
left_child=5 9 4 -4 -3 6 7 -1 -8 -2 11 -7 -11 -12
right_child=1 2 3 -5 -6 10 8 -9 -10 12 13 -13 -14 -15
leaf_value=0.0130521248889013 0.0045876074664222225 0.013146709428658929 0.012201134009242951 -0.034952885983524459 -0.017920016921477527 0.050468730912714234 -0.057993051577395933 -0.0040165149282672527 0.0053675728077604056 0.016450756683429456 0.062435377300296226 -0.047423890393551583 0.060353814704432712 0.052267034610222071
leaf_weight=44.331252348609269 2.7171027981676144 55.348548809066415 7.0957337429281351 12.841033373028038 9.5128825912252051 1.2583230964373799 6.1852636472322047 234.82259752112441 4.6151906466111523 1.0240907967090604 1.5370465107262128 1.143779828213155 4.8935556344222277 1.805865131318569
leaf_count=374 30 531 77 109 99 24 50 1735 41 7 9 19 71 36
internal_value=5.32398e-05 0.00556101 0.00229869 -0.0181702 0.00859032 -0.00168707 -0.00240894 -0.00130592 -0.0309181 0.0375989 0.0347461 0.0038564 0.0527561 0.0569424
internal_weight=389.132 93.4329 84.7982 19.9368 64.8614 295.699 289.954 279.154 10.8005 8.63475 5.74501 2.4021 5.91765 3.34291
internal_count=3212 924 816 186 630 2288 2200 2109 91 108 88 43 78 45
is_linear=0
shrinkage=0.04


Tree=122
num_leaves=12
num_cat=0
split_feature=33 33 9 29 3 1 25 21 3 21 3
split_gain=2.77433 2.77719 4.69121 4.30087 2.84845 10.5042 4.77557 0.603419 9.73855e-05 2.48682e-05 2.15986e-05
threshold=0.37423009450593775 0.6170465989912467 0.00019487907027754744 0.65488942478255441 0.0011780443411986501 -8.5943583826242329e-05 0.00029057847173844426 0.95826839624566362 0.00047340072881360003 0.98005228419814505 0.00083157762998950014
decision_type=2 2 2 2 2 2 2 2 2 2 2
left_child=8 4 3 -3 5 -2 -6 -4 -1 10 -10
right_child=1 2 7 -5 6 -7 -8 -9 9 -11 -12
leaf_value=0.041140501595946476 -0.041237977067964976 -0.015282395066090816 0.043816685475488996 0.0277221185097421 -0.012745433922091381 -0.0021071365848957619 0.0034954736614258319 0.013146816616227193 0.040537143584585211 0.040809009170135982 0.040244864870083157
leaf_weight=0.27722421847283785 12.302250737790017 9.9925969988107699 6.3969543427228919 5.928467418998479 33.477235728409141 101.81661464925855 215.08495208411478 1.2225566580891607 0.52861238457262594 0.17459906172007311 1.7233643792569635
leaf_count=12 75 64 102 41 242 664 1600 21 49 10 332
internal_value=5.29683e-05 -0.000229699 0.013084 0.000731035 -0.00109385 -0.00632552 0.00130809 0.0388957 0.0404303 0.0403491 0.0403135
internal_weight=388.925 386.222 23.5406 15.9211 362.681 114.119 248.562 7.61951 2.7038 2.42658 2.25198
internal_count=3212 2809 228 105 2581 739 1842 123 403 391 381
is_linear=0
shrinkage=0.04


Tree=123
num_leaves=8
num_cat=0
split_feature=32 20 19 3 33 31 30
split_gain=2.63309 3.47588 6.73711 3.88773 3.67666 4.02149 2.32174
threshold=0.46457362740970426 0.98578218869716705 0.62496475540671004 0.0014515717101189502 0.41039268547880731 0.54202229235064847 0.47217712852168742
decision_type=2 2 2 2 2 2 2
left_child=1 4 -3 -4 6 -6 -1
right_child=-2 2 3 -5 5 -7 -8
leaf_value=0.032089977265692779 0.04078837634732059 -0.08362466450576897 0.058451492267278575 -0.034648304322199959 -0.039877992220900278 0.00010184203238590371 -0.080747260646896954
leaf_weight=7.3756281370297065 2.5223038331605485 2.3098973631858817 1.3243512045592072 1.5665889813099054 4.0699273236095896 369.14728295011446 0.30377847608178843
leaf_count=681 24 28 15 38 31 2387 8
internal_value=5.22248e-05 -0.000213897 -0.0326935 0.00800108 0.000229586 -0.000334137 0.0276264
internal_weight=388.62 386.097 5.20084 2.89094 380.897 373.217 7.67941
internal_count=3212 3188 81 53 3107 2418 689
is_linear=0
shrinkage=0.04


Tree=124
num_leaves=11
num_cat=0
split_feature=33 10 26 25 1 33 25 0 24 24
split_gain=2.60481 3.95922 3.39671 3.19916 4.54011 3.98112 3.82537 3.54398 1.47642 0.0521261
threshold=0.66189542152082537 -7.1193638796716391e-05 1.0000000180025095e-35 0.00014024164617808382 -4.2937886297722543e-05 0.41039268547880731 0.00015330705259244742 59.011208932947518 1.0944992903215154 0.74767021982533388
decision_type=2 2 2 2 2 2 2 2 2 2
left_child=3 -2 9 4 -1 8 -7 -6 -5 -3
right_child=1 2 -4 5 7 6 -8 -9 -10 -11
leaf_value=-0.054322092911669666 -0.022755962104940887 0.052886372155875619 -0.0047930068763755171 0.040556703172378285 -0.017701116694657907 0.028819405950579535 -0.00074206268251105672 0.021438998121360488 -0.028040406707661471 0.045392017783465112
leaf_weight=3.9127874448895481 2.8008532002568236 2.6030227914452535 2.779644537717104 5.073468370945192 13.416339323855938 7.1505521088838568 341.56088963430375 5.1116504822857669 0.55714612430892874 3.4570711497217417
leaf_count=20 17 18 24 605 96 39 2240 76 40 37
internal_value=5.10736e-05 0.0186871 0.0318183 -0.000524681 -0.0151709 0.000402875 -0.000135886 -0.00690283 0.0337691 0.0486111
internal_weight=388.423 11.6406 8.83974 376.783 22.4408 354.342 348.711 18.528 5.63061 6.06009
internal_count=3212 96 79 3116 192 2924 2279 172 645 55
is_linear=0
shrinkage=0.04


Tree=125
num_leaves=15
num_cat=0
split_feature=33 9 27 29 22 33 8 8 0 8 22 0 23 32
split_gain=2.54915 3.67994 3.69008 4.41447 4.01757 3.64767 7.42152 15.8726 7.45121 5.79888 5.9247 4.58821 1.38932 1.11886
threshold=0.46764489174809565 0.0004419413791302392 0.10585071468612196 0.76493447352425936 0.011452611156410985 0.53035574285805898 0.00057660699514205016 -5.8777932785198877e-05 64.872871362761657 0.00041541373938985008 0.035744744426047616 65.48657915642319 0.0097448709948698455 0.30080997384949537
decision_type=2 2 2 2 2 2 2 2 2 2 2 2 2 2
left_child=1 2 4 -4 -1 9 7 -7 -8 10 -2 -11 -3 -14
right_child=5 12 3 -5 -6 6 8 -9 -10 11 -12 -13 13 -15
leaf_value=-0.025164704693764632 -0.0010995331136672494 -0.027530287396601495 -0.012550000745434463 0.029084197614525822 0.021193061260064532 -0.0001613291326736073 -0.032010125733838761 0.035385419447687638 0.010209102394491644 0.016678260438687382 -0.017774391891829101 -0.009129009406352296 0.043803954207663275 -0.015776761021762575
leaf_weight=3.4540377329103675 69.542743779718876 0.54254264570772548 24.797566014807675 4.8759378173854193 22.319890163373202 87.88363772816956 16.669148417189721 26.058033039793372 11.1706599406898 29.425243824720383 66.880174145102501 17.624459013342857 6.2391289920778945 0.54863727232441295
leaf_count=54 333 14 526 132 467 568 115 169 60 134 296 81 245 18
internal_value=5.00548e-05 0.00742965 0.00390839 -0.00570869 0.0149805 -0.00137429 0.00344444 0.00796808 -0.0150698 -0.00509804 -0.00927424 0.00701105 0.0340649 0.0389882
internal_weight=388.032 62.7777 55.4474 29.6735 25.7739 325.254 141.781 113.942 27.8398 183.473 136.423 47.0497 7.33031 6.78777
internal_count=3212 1456 1179 658 521 1756 912 737 175 844 629 215 277 263
is_linear=0
shrinkage=0.04


Tree=126
num_leaves=12
num_cat=0
split_feature=33 33 8 14 33 29 1 21 3 21 21
split_gain=2.52613 2.56498 4.79389 4.81643 3.07942 6.71588 6.60716 1.56714 7.49687e-05 2.24663e-05 5.6328e-06
threshold=0.37423009450593775 0.57973783670805756 -0.00011560313080309998 0.00014198293434670002 0.49844580334781374 0.46068276054838081 -3.6336411125548189e-05 0.8480242888770797 0.00061922788989795011 0.98005228419814505 0.81663206638332264
decision_type=2 2 2 2 2 2 2 2 2 2 2
left_child=8 4 3 -3 5 -2 -6 -4 -1 10 -10
right_child=1 2 7 -5 6 -7 -8 -9 9 -11 -12
leaf_value=0.040836196816887355 0.022373463919874572 0.007683329800304616 0.0053672661907174868 -0.033088785018358199 -0.012740435193096918 -0.00086966586617348552 0.001993009100643154 0.040797411019687105 0.040386411610406958 0.040743598883746374 0.040213505106715543
leaf_weight=0.50807987479492966 23.962121193297207 31.192014411091805 2.6543930768966666 5.4449587836861602 88.860739126801491 117.03935361281037 107.753616951406 8.0712802279740554 0.38312208605930198 0.16098911780863989 1.4141890348400918
leaf_count=34 231 266 29 52 394 1238 490 109 49 10 310
internal_value=5.06791e-05 -0.000207841 0.00850936 0.00162381 -0.00143074 0.00308033 -0.00466584 0.0320291 0.0404032 0.0402909 0.0402504
internal_weight=387.445 384.978 47.3626 36.637 337.616 141.001 196.614 10.7257 2.46638 1.9583 1.79731
internal_count=3212 2809 456 318 2353 1469 884 138 403 369 359
is_linear=0
shrinkage=0.04


Tree=127
num_leaves=7
num_cat=0
split_feature=32 20 19 32 33 32
split_gain=2.49994 3.21756 6.02727 3.42365 3.67118 2.83294
threshold=0.46457362740970426 0.98578218869716705 0.62496475540671004 0.4015356822545551 0.5704208134748775 0.029504726997174869
decision_type=2 2 2 2 2 2
left_child=1 3 -3 4 -1 -4
right_child=-2 2 5 -5 -6 -7
leaf_value=-0.0010958971512109834 0.040105434732609614 -0.079076124410518839 -0.022507241918164757 -0.04105196775762783 0.0099465207348650702 0.060451817447787527
leaf_weight=319.3035263052443 2.4770697592757633 2.339185392484068 1.8170267604291441 3.1888263607397667 56.731223186478019 1.0330608694348482
leaf_count=2577 24 28 38 19 511 15
internal_value=5.00692e-05 -0.000208039 -0.0314918 0.000220047 0.000570039 0.00756263
internal_weight=386.89 384.413 5.18927 379.224 376.035 2.85009
internal_count=3212 3188 81 3107 3088 53
is_linear=0
shrinkage=0.04


Tree=128
num_leaves=10
num_cat=0
split_feature=33 33 19 31 19 19 9 1 21
split_gain=2.44142 2.41854 2.78745 5.90359 5.8496 5.95975e-05 1.98649e-05 1.61117e-05 1.20264e-05
threshold=0.37423009450593775 0.71302186015021218 0.62475451162833517 0.9404360157948074 0.62469328022509385 0.62433522137316955 0.00022266811964736342 3.1351352572150944e-05 0.98005228419814505
decision_type=2 2 2 2 2 2 2 2 2
left_child=5 2 4 -4 -2 -1 7 -7 -8
right_child=1 -3 3 -5 -6 6 8 -9 -10
leaf_value=0.041030154272702096 -0.0022361294016904026 0.036388584018101251 0.0070678485045864827 -0.0046940185227283809 -0.029498456241599365 0.040728590458943031 0.040205780127447133 0.040347576593023959 0.040614429820411468
leaf_weight=0.21327112615108434 91.995448875240982 2.8687049373984328 148.29799607791938 126.53850130736828 14.589877684600649 0.29189061978831921 1.3002198042813686 0.45341232069768012 0.12643105909228314
leaf_count=10 605 24 1174 910 96 24 301 59 9
internal_value=4.86543e-05 -0.00020175 -0.000476949 0.00165252 -0.00596792 0.0403921 0.0403294 0.0404968 0.040242
internal_weight=386.676 384.291 381.422 274.836 106.585 2.38522 2.17195 0.745303 1.42665
internal_count=3212 2809 2785 2084 701 403 393 83 310
is_linear=0
shrinkage=0.04


Tree=129
num_leaves=10
num_cat=0
split_feature=2 10 9 6 27 27 27 22 30
split_gain=2.34606 2.47815 4.09198 3.35102 6.77657 4.7473 2.96064 1.11643 0.953234
threshold=-0.11539062813899408 -0.00049892097028059993 0.00049754028919468609 -0.00033452081052079993 0.287105022206051 0.15179646807764419 0.093674639149956621 0.012232602120683849 0.033087918832435323
decision_type=2 2 2 2 2 2 2 2 2
left_child=8 2 6 4 -3 -5 -2 -4 -1
right_child=1 3 7 5 -6 -7 -8 -9 -10
leaf_value=0.041690752003273872 -0.053241600062930675 0.019053256761686392 0.043277528499915077 0.0022659311384195481 -0.023460932352198739 -0.0080606460800816473 -0.010189115451552723 -0.0021947392810322658 0.0089895881420756496
leaf_weight=2.8818724681623271 4.6542845107614976 32.591772502288222 1.7388917747884982 222.173361730529 7.3519513965584329 104.8400768059073 5.6680822856724262 1.7167946530971674 2.823686839081347
leaf_count=23 25 303 18 1800 66 897 37 24 19
internal_value=4.73824e-05 -0.000334145 -0.0169884 0.000291169 0.0112282 -0.00104476 -0.0296012 0.0206868 0.0255069
internal_weight=386.441 380.735 13.7781 366.957 39.9437 327.013 10.3224 3.45569 5.70556
internal_count=3212 3170 104 3066 369 2697 62 42 42
is_linear=0
shrinkage=0.04


Tree=130
num_leaves=11
num_cat=0
split_feature=33 33 10 26 3 1 24 3 21 3
split_gain=2.3492 2.33946 3.70975 3.29914 2.99022 9.51564 4.24256 6.28128e-05 1.70836e-05 4.69241e-06
threshold=0.37423009450593775 0.66189542152082537 -7.1193638796716391e-05 1.0000000180025095e-35 0.0011780443411986501 -8.7232506857548562e-05 0.93510245365348221 0.00061922788989795011 0.98005228419814505 0.0018306893723520001
decision_type=2 2 2 2 2 2 2 2 2 2
left_child=7 4 -3 -4 5 -2 -6 -1 9 -9
right_child=1 2 3 -5 6 -7 -8 8 -10 -11
leaf_value=0.040785978283967655 -0.036996619330647164 -0.022202995761535001 0.048022652149017304 -0.0051005852989058119 -0.0028536533138625261 -0.0018604198443822201 0.0076111075544897577 0.040306446375091322 0.040682808645542502 0.040172020265485817
leaf_weight=0.47682431200519149 13.936528034508227 2.8060821592807761 5.7726463470607978 2.7670652642846107 141.0332363108173 107.14427779335529 110.59123680926859 0.76927726110443451 0.14756870316341508 0.9033892722800374
leaf_count=34 89 17 55 24 1072 717 835 119 10 240
internal_value=4.62636e-05 -0.000194962 0.0176983 0.0308095 -0.000739662 -0.00590463 0.0017457 0.0403773 0.0402702 0.0402338
internal_weight=386.348 384.051 11.3458 8.53971 372.705 121.081 251.624 2.29706 1.82024 1.67267
internal_count=3212 2809 96 79 2713 806 1907 403 369 359
is_linear=0
shrinkage=0.04


Tree=131
num_leaves=8
num_cat=0
split_feature=32 31 14 31 22 23 8
split_gain=2.31497 3.04343 4.13368 3.90377 2.6503 2.32975 2.00322
threshold=0.46457362740970426 0.54202229235064847 -0.0011978535981395997 0.59299863074619485 0.043373621812583397 0.051191438146528982 -0.0007002072208872499
decision_type=2 2 2 2 2 2 2
left_child=1 4 5 -4 6 -3 -1
right_child=-2 2 3 -5 -6 -7 -8
leaf_value=-0.086467973875382478 0.039049739761141934 0.011306227859050754 0.028774150308985429 -0.00093995017229654254 0.0081051660588930714 0.057129055312137543 -0.025284815966743823
leaf_weight=1.4512412045150997 2.4194294884800902 4.373145332094281 7.2145644762786096 363.68607188679744 1.9089507358148692 2.9884152407757938 2.0882985156495115
leaf_count=9 24 52 76 2959 28 31 33
internal_value=4.55225e-05 -0.000200413 0.000227132 -0.000361967 -0.0298827 0.0299079 -0.0503704
internal_weight=386.13 383.711 378.262 370.901 5.44849 7.36156 3.53954
internal_count=3212 3188 3118 3035 70 83 42
is_linear=0
shrinkage=0.04


Tree=132
num_leaves=10
num_cat=0
split_feature=2 7 1 15 22 24 22 13 23
split_gain=2.20821 2.37292 6.10456 5.27053 8.89144 4.38295 4.32244 2.80381 0.930986
threshold=-0.11539062813899408 0.00014323552001700002 1.0000000180025095e-35 0.00024020630486695004 0.012232602120683849 0.89282654583510757 0.012666504965152247 0.00043768318982440009 0.074075183534466085
decision_type=2 2 2 2 2 2 2 2 2
left_child=8 3 7 5 -5 -2 -4 -3 -1
right_child=1 2 6 4 -6 -7 -8 -9 -10
leaf_value=0.040339126421317123 -0.0064462813777784612 0.0058632219514529113 -0.019831516982374207 0.031319035544030489 -0.028105249292607319 0.0046656044939488283 0.0043308443016981911 0.046954289362056166 0.0077798856932669242
leaf_weight=2.9631749894469968 105.15930255851708 4.17311894870363 13.488431457313707 4.8142484887503114 24.689703951822594 123.49053416785318 97.281897771521471 7.3125776157248765 2.6723295415285975
leaf_count=21 799 34 140 38 185 993 920 61 21
internal_value=4.43023e-05 -0.000323913 0.0042668 -0.00249797 -0.0184088 -0.000444909 0.00138861 0.0320246 0.0248997
internal_weight=386.045 380.41 122.256 258.154 29.504 228.65 110.77 11.4857 5.6355
internal_count=3212 3170 1155 2015 223 1792 1060 95 42
is_linear=0
shrinkage=0.04


Tree=133
num_leaves=15
num_cat=0
split_feature=33 10 30 7 14 8 33 28 0 3 10 10 27 33
split_gain=2.34287 3.01563 5.98452 6.41171 5.58475 6.08089 5.3499 4.90516 2.49914 10.9882 4.08163 5.11078 2.6118 0.0043694
threshold=0.45098205385265716 5.6476036731820723e-05 0.25849148077900957 -0.00085880641022474983 -0.00022628758010739998 -0.00030073157907739995 0.48557271915197647 0.76560140484803541 74.841724813615755 0.0016382419853673503 9.9279514547018745e-05 8.5032812322626247e-05 0.30743721862542611 0.43469161299203563
decision_type=2 2 2 2 2 2 2 2 2 2 2 2 2 2
left_child=8 2 6 -4 5 -3 -2 -6 10 -10 11 -1 -12 -11
right_child=1 4 3 -5 7 -7 -8 -9 9 13 12 -13 -14 -15
leaf_value=0.0083372154863894932 0.014145952905782123 -0.0071245849554228691 -0.036346231988761919 0.033899909144116273 0.021614998811583734 -0.047246808026866587 -0.0031291196042718813 -0.0045898366752693933 -0.14398794862494932 0.040684597376730282 0.042777609213556049 -0.073643630667444393 -0.027227846780690599 0.045439784964653347
leaf_weight=22.547389384359125 35.176462106406689 15.971503376960756 2.4055597856640842 15.313153877854345 12.839458573609589 9.7234047744423133 155.3851704634726 104.04214163217694 0.84386621229350511 0.69051354646217056 8.1256038305582443 1.2860980283003289 0.95267225708812553 0.55984785407781601
leaf_count=747 247 95 14 93 74 52 834 581 27 105 293 30 14 6
internal_value=4.35798e-05 -0.000940938 0.00212726 0.024363 -0.00542307 -0.0223075 5.97486e-05 -0.00171123 0.00991117 -0.0324578 0.0126072 0.00391338 0.0354313 0.0428137
internal_weight=385.863 350.857 208.28 17.7187 142.577 25.6949 190.562 116.882 35.006 2.09423 32.9118 23.8335 9.07828 1.25036
internal_count=3212 1990 1188 107 802 147 1081 655 1222 138 1084 777 307 111
is_linear=0
shrinkage=0.04


Tree=134
num_leaves=14
num_cat=0
split_feature=33 9 29 0 33 2 29 33 25 3 23 9 29
split_gain=2.24024 3.98733 3.3318 4.89656 2.60894 4.32456 6.59131 4.17042 3.6006 3.68712 1.45312 0.00892107 0.000428554
threshold=0.62969749953042675 0.00019487907027754744 0.69356528126147576 39.678196572458198 0.46764489174809565 0.56595440650182904 0.4435424332438605 0.50860907911635278 0.00045127580148940453 0.0022364273579890005 0.010529114399647391 0.00025069600350386458 0.40610865915671263
decision_type=2 2 2 2 2 2 2 2 2 2 2 2 2
left_child=4 2 3 -2 8 6 -6 -7 9 -1 -10 -3 -13
right_child=1 11 -4 -5 5 7 -8 -9 10 -11 -12 12 -14
leaf_value=0.0086954994720649034 0.0094192023453681419 0.045921777955273156 0.032692624858397829 -0.049395787712853148 -0.021242870707470544 -0.0055226476942897606 -0.0022660735807463871 0.009642680792268413 -0.02485413169552305 -0.017487364767576813 0.042884603890141398 0.042972546060836836 0.042021991603423403
leaf_weight=45.016715505858883 6.9544982761144656 1.5803197994828213 4.1544373184442511 3.3586036749184132 36.632278028875589 47.884847052395344 146.01082882285118 73.618053809739649 0.55952926632016797 10.639247800922019 5.3661517037544399 1.0932353623211386 2.4812691640108824
leaf_count=931 44 15 31 24 186 234 746 398 15 255 255 20 58
internal_value=4.47121e-05 0.0132116 0.00244854 -0.00973471 -0.000661729 -0.00218192 -0.0060722 0.00366596 0.00684634 0.00369036 0.0364884 0.0434191 0.0423127
internal_weight=385.35 19.6224 14.4675 10.3131 365.728 304.146 182.643 121.503 61.5816 55.656 5.92568 5.15482 3.5745
internal_count=3212 192 99 68 3020 1564 932 632 1456 1186 270 93 78
is_linear=0
shrinkage=0.04


Tree=135
num_leaves=8
num_cat=0
split_feature=32 31 14 32 22 30 33
split_gain=2.18758 2.88196 3.86485 3.65502 2.42227 2.27705 1.93059
threshold=0.46457362740970426 0.54202229235064847 -0.0011978535981395997 0.4015356822545551 0.043373621812583397 0.25044847414833349 0.46607881598610745
decision_type=2 2 2 2 2 2 2
left_child=1 4 5 -4 6 -3 -1
right_child=-2 2 3 -5 -6 -7 -8
leaf_value=-0.022017362383599599 0.03836203067737308 0.041754008581696075 2.1506508715480518e-05 -0.043807255570532312 0.0075972035252769646 -0.010805653810617098 -0.08128809467410289
leaf_weight=1.9664894684683525 2.3692522337660185 5.5066025928826994 366.71150933159515 3.0698145870119324 1.8818771438673136 1.7341573794838039 1.5904099047183988
leaf_count=35 24 68 3020 15 28 15 7
internal_value=4.46914e-05 -0.000192675 0.000224365 -0.000342347 -0.0291024 0.029166 -0.0485193
internal_weight=384.83 382.461 377.022 369.781 5.43878 7.24076 3.5569
internal_count=3212 3188 3118 3035 70 83 42
is_linear=0
shrinkage=0.04


Tree=136
num_leaves=8
num_cat=0
split_feature=13 14 32 14 29 2 10
split_gain=2.07503 4.14654 3.2376 2.87914 1.74547 1.45853 0.278877
threshold=-0.0012341084360122999 -0.0011233478858998498 0.44239509876190536 -0.00022628758010739998 0.59195504631347251 -0.029969844557005795 -0.0003396646810962999
decision_type=2 2 2 2 2 2 2
left_child=-1 4 3 -3 5 -2 -6
right_child=1 2 -4 -5 6 -7 -8
leaf_value=-0.034959596007088728 -0.0098835419252750242 -0.0057999492592054318 0.042970799452103386 0.0017491888122943141 0.059743644839505929 0.03137301703918173 0.037468613382892042
leaf_weight=2.6908477724064133 2.4909327384084463 119.25738333386835 2.7384024355560532 250.87826184032019 1.7988575816852974 3.0495484711136651 1.7982768251094965
leaf_count=26 16 970 27 2093 20 29 31
internal_value=4.32818e-05 0.000289838 -0.000362541 -0.000683137 0.0269111 0.0128246 0.0486079
internal_weight=384.703 382.012 372.874 370.136 9.13762 5.54048 3.59713
internal_count=3212 3186 3090 3063 96 45 51
is_linear=0
shrinkage=0.04


Tree=137
num_leaves=13
num_cat=0
split_feature=33 33 6 7 0 8 33 12 19 3 27 0
split_gain=2.1623 2.63475 5.88269 8.39555 3.05792 6.37348 5.7048 2.61174 3.46213 5.80643 1.9164 1.31106
threshold=0.43653174209096801 0.5704208134748775 -0.00022389361685859997 -7.3188810901759563e-05 59.599255601686927 8.1049568767184747e-06 0.49754900124496004 -0.00049892097028059993 0.62470868374037691 0.0012996320512604 0.32328201160826192 29.690160837049891
decision_type=2 2 2 2 2 2 2 2 2 2 2 2
left_child=7 4 11 -4 6 -6 -2 -1 9 -9 -10 -3
right_child=1 2 3 -5 5 -7 -8 8 10 -11 -12 -13
leaf_value=-0.062736912260225652 0.003478910296206031 0.018544745713554987 -0.011711218011890489 0.021898710746065104 0.038912830711014201 0.0008433777034847162 -0.0095572408973213559 0.012459311696354794 0.032215875605097984 -0.072782330210464541 -0.024194598202697072 0.049457413448442962
leaf_weight=0.71233433845918881 87.467939920723438 3.7333489935845119 29.862811293452978 19.759841782972217 7.8158107474446288 70.547753581777215 139.16962014138699 5.6552224894985583 11.871589462272821 1.6520905476063488 1.048695272183976 5.3279506172984838
leaf_count=28 614 36 225 207 44 381 605 218 706 34 54 60
internal_value=4.2076e-05 -0.000677578 0.00708415 0.00167232 -0.00217098 0.00464034 -0.0045261 0.012541 0.015192 -0.00681274 0.0276372 0.0367211
internal_weight=384.625 363.685 58.684 49.6227 305.001 78.3636 226.638 20.9399 20.2276 7.30731 12.9203 9.0613
internal_count=3212 2172 528 432 1644 425 1219 1040 1012 252 760 96
is_linear=0
shrinkage=0.04


Tree=138
num_leaves=9
num_cat=0
split_feature=33 19 19 32 8 33 19 27
split_gain=2.173 2.37512 5.26233 6.42322 5.43656 4.86947 3.74445 0.66862
threshold=0.71302186015021218 0.62475451162833517 0.62469328022509385 0.088075526035371707 -0.00015061169391899996 0.6170465989912467 0.62527683067219697 0.18429087286367313
decision_type=2 2 2 2 2 2 2 2
left_child=1 2 4 -4 -1 6 -3 -7
right_child=-2 5 3 -5 -6 7 -8 -9
leaf_value=-0.015299996190077405 0.035468961035440255 0.0064575239920209868 -0.013912106444076212 -0.078979970364365798 0.0052009731706947442 0.043870973160192922 -0.0031061946947057934 0.0095407667680997288
leaf_weight=31.263080668635666 2.7504706978797904 114.06979313842021 11.627197568304835 3.0678611262701443 61.23352766293101 4.8633756265044203 153.84290607424919 1.1160009577870367
leaf_count=205 24 942 87 17 499 89 1330 19
internal_value=4.2721e-05 -0.000212968 -0.00526076 -0.0274962 -0.00172818 0.00176256 0.000965771 0.0374635
internal_weight=383.834 381.084 107.192 14.6951 92.4966 273.892 267.913 5.97938
internal_count=3212 3188 808 104 704 2380 2272 108
is_linear=0
shrinkage=0.04


Tree=139
num_leaves=11
num_cat=0
split_feature=33 10 26 25 1 3 33 0 24 24
split_gain=2.1634 3.34132 3.17774 3.00864 4.05199 3.66255 3.36702 3.08671 1.54838 0.0374989
threshold=0.66189542152082537 -7.1193638796716391e-05 1.0000000180025095e-35 0.00014024164617808382 -4.2937886297722543e-05 0.00050427564381030009 0.41039268547880731 59.011208932947518 0.92210937184545105 0.74767021982533388
decision_type=2 2 2 2 2 2 2 2 2 2
left_child=3 -2 9 4 -1 8 -7 -6 -5 -3
right_child=1 2 -4 5 7 6 -8 -9 -10 -11
leaf_value=-0.052112866635267541 -0.020200443411071283 0.051530761003992745 -0.0047308681403354915 0.049012642701427231 -0.017063767616962284 0.032811896798096693 -0.00060653244550946137 0.019849742902915773 0.0094369060113910271 0.044877482655656158
leaf_weight=3.8463994339108494 2.8179092705249777 2.3856703415513021 2.772390766069293 3.3844550400972357 13.19735585479066 4.8934509014943606 339.13727469136938 4.9967706329189232 2.9696604097262025 3.1385238543152809
leaf_count=20 17 18 24 20 96 638 2244 76 22 37
internal_value=4.18675e-05 0.0174318 0.0302135 -0.00047711 -0.0148118 0.000424594 -0.000131193 -0.00692597 0.0305165 0.0477508
internal_weight=383.54 11.1145 8.29658 372.425 22.0405 350.385 344.031 18.1941 6.35412 5.52419
internal_count=3212 96 79 3116 192 2924 2882 172 42 55
is_linear=0
shrinkage=0.04


Tree=140
num_leaves=15
num_cat=0
split_feature=15 29 8 24 7 7 0 22 1 23 7 1 33 14
split_gain=2.14491 6.81123 5.028 5.5171 4.18923 8.49198 5.23097 4.55681 5.07505 3.83157 3.68112 2.69497 2.34545 1.83281
threshold=-0.00082278840206634991 0.71209126500610065 -0.00047131407763239993 0.81185155258297959 -0.00057666504885744996 -0.00045200064393454992 29.974566647608402 0.024059145263787825 -0.00029589370169684997 0.070914298846315685 -0.00083170429403584987 -0.00030395325803259993 0.50018336063277258 -0.00066795522369814998
decision_type=2 2 2 2 2 2 2 2 2 2 2 2 2 2
left_child=1 2 3 -1 7 9 -7 11 -9 -6 12 -2 -3 -4
right_child=4 10 13 -5 5 6 -8 8 -10 -11 -12 -13 -14 -15
leaf_value=0.032172022388537044 0.060915337038728909 -0.0096037579126351837 0.0043496279144975541 -0.013339949180061844 -0.041745193278437683 -0.027854424100376904 0.00032289779344244922 -0.056926273185192153 0.015903588320033621 0.0067445554267000357 0.04975737080158104 0.013828411123413931 0.033601517662797273 0.053263206757247418
leaf_weight=4.9658222615253171 4.4555437611415982 4.2358257584273797 1.9501384458271784 30.05387653131038 12.023968804627655 10.946584517136214 284.87576362257823 2.0373835873324433 6.1578753144713092 3.3292672957759342 7.5586461123311883 3.4511992805637446 3.8263805247843266 3.2993753100745371
leaf_count=34 37 50 29 252 83 76 2383 16 51 32 80 27 20 42
internal_value=4.10406e-05 0.00728308 -0.00141396 -0.00688631 -0.0011957 -0.00222515 -0.000719773 0.0186987 -0.00220229 -0.0312305 0.0297033 0.0403625 0.0109018 0.0350923
internal_weight=383.168 55.8901 40.2692 35.0197 327.278 311.176 295.822 16.102 8.19526 15.3532 15.6209 7.90674 8.06221 5.24951
internal_count=3212 507 357 286 2705 2574 2459 131 67 115 150 64 70 71
is_linear=0
shrinkage=0.04


Tree=141
num_leaves=8
num_cat=0
split_feature=6 27 25 1 9 7 31
split_gain=2.11792 3.32149 3.43646 4.18026 3.68737 1.77709 2.01984
threshold=0.0011998726716298002 0.35652636241831631 0.00064378884189069026 -0.00053399834953099989 0.00085630877946951938 -0.00079003973949344985 0.88969618765411396
decision_type=2 2 2 2 2 2 2
left_child=1 2 3 -1 -4 -3 -7
right_child=-2 5 4 -5 -6 6 -8
leaf_value=-0.043537963952928006 -0.033741713883432035 0.060122773977912186 0.043541494635452718 -0.00027279915402974041 -0.012203853060041365 0.046976799383195093 -0.025066003853580363
leaf_weight=3.6086130486801258 2.9463198811281464 2.1861385507509112 5.6966099742567149 363.17656393547077 2.8475549434078857 1.2367196778068312 1.2540723735000936
leaf_count=29 24 21 78 2988 29 33 10
internal_value=4.1225e-05 0.000303156 -0.000114295 -0.000698463 0.024963 0.0338041 0.0107044
internal_weight=382.953 380.006 375.329 366.785 8.54416 4.67693 2.49079
internal_count=3212 3188 3124 3017 107 64 43
is_linear=0
shrinkage=0.04


Tree=142
num_leaves=6
num_cat=0
split_feature=2 13 32 20 30
split_gain=2.09978 2.57195 3.0339 2.6639 0.843251
threshold=-0.11539062813899408 -0.0012341084360122999 0.44239509876190536 0.98578218869716705 0.033087918832435323
decision_type=2 2 2 2 2
left_child=4 -2 3 -3 -1
right_child=1 2 -4 -5 -6
leaf_value=0.040210816256707957 -0.045450388087942599 7.1615254931746921e-06 0.042325958084726271 -0.029768156311744343 0.0090007104840927072
leaf_weight=2.7490533844102165 2.0095576061867169 367.74513843376189 2.6804965981282285 4.8712471399921915 2.7917396067641675
leaf_count=23 20 3046 27 77 19
internal_value=4.02623e-05 -0.00031872 -7.70586e-05 -0.000382094 0.0244855
internal_weight=382.847 377.306 375.297 372.616 5.54079
internal_count=3212 3170 3150 3123 42
is_linear=0
shrinkage=0.04


Tree=143
num_leaves=11
num_cat=0
split_feature=33 10 25 1 3 33 0 10 31 22
split_gain=2.0569 3.10628 2.74903 3.78134 3.41733 3.19737 2.83969 2.52278 1.62491 0.0118622
threshold=0.66189542152082537 -7.1193638796716391e-05 0.00014024164617808382 -4.2937886297722543e-05 0.00050427564381030009 0.41039268547880731 59.011208932947518 4.2603046131042479e-05 0.99999999964872077 0.042301715260810592
decision_type=2 2 2 2 2 2 2 2 2 2
left_child=2 -2 3 -1 8 -6 -5 9 -4 -3
right_child=1 7 4 6 5 -7 -8 -9 -10 -11
leaf_value=-0.050366079896730968 -0.018926839700416011 0.044618580938377769 0.0086902533592638411 -0.016292122235557111 0.032508911829991202 -0.00059320760117507934 0.019152021813341594 0.00037294043855749511 0.049386218913219468 0.048456596463202113
leaf_weight=3.8184747174382236 2.8385980725288382 2.500651899725197 3.0512011134997001 13.19869611086324 4.7339934445917597 338.81613738602027 4.9816483720205715 2.9808564409613609 3.2332942364737391 2.6580198183655739
leaf_count=20 17 29 21 96 638 2244 76 26 21 24
internal_value=3.89668e-05 0.0171031 -0.00046484 -0.0141802 0.000397629 -0.000137073 -0.00657997 0.0296683 0.0296278 0.0465961
internal_weight=382.812 10.9781 371.833 21.9988 349.835 343.55 18.1803 8.13953 6.2845 5.15867
internal_count=3212 96 3116 192 2924 2882 172 79 42 53
is_linear=0
shrinkage=0.04


Tree=144
num_leaves=12
num_cat=0
split_feature=33 13 8 0 22 22 29 21 21 25 9
split_gain=2.0388 4.86276 5.49569 4.31263 3.01553 3.79103 5.65211 4.8868 1.62413 0.0339188 0.00177003
threshold=0.57973783670805756 -0.00036946775548509994 -0.00011560313080309998 37.175994399259196 0.23727291117692845 0.066849696335044062 0.76996964738749274 0.84501047738347868 0.8480242888770797 0.00028211360365120835 0.00033619886884511495
decision_type=2 2 2 2 2 2 2 2 2 2 2
left_child=4 9 3 -3 5 7 -7 -1 -4 -2 -11
right_child=1 2 8 -5 -6 6 -8 -9 -10 10 -12
leaf_value=-0.019359243249596904 0.050474361211192233 0.013171093213413967 0.0022815363263650737 -0.016934818700125458 -0.043617266814354051 0.0044662211084269699 0.045965194875194119 -0.00091523079956735628 0.039969730011868591 0.04431522216042813 0.042480156964902704
leaf_weight=25.268029468832538 1.4653866626322258 12.8830136153847 2.4766652602702361 18.610957875847816 2.6407136125490061 48.393945510499179 5.8903166924137613 254.32353901583701 7.0012692734599113 1.4129734262824061 2.0775752644985914
leaf_count=223 11 105 28 154 20 356 57 2100 97 18 43
internal_value=3.81971e-05 0.00794368 0.00341697 -0.00461961 -0.00104074 -0.000703995 0.00896922 -0.0025821 0.0301215 0.0453671 0.043223
internal_weight=382.444 45.9278 40.9719 31.494 336.517 333.876 54.2843 279.592 9.47793 4.95594 3.49055
internal_count=3212 456 384 259 2756 2736 413 2323 125 72 61
is_linear=0
shrinkage=0.04


Tree=145
num_leaves=13
num_cat=0
split_feature=15 29 8 24 14 14 31 22 23 0 25 14
split_gain=2.02563 6.36693 4.6555 5.06373 3.24983 6.20284 4.76448 2.85671 3.9774 2.84001 3.08588 1.78306
threshold=-0.00082278840206634991 0.71209126500610065 -0.00047131407763239993 0.81185155258297959 -0.00022628758010739998 -0.00022790400724684998 0.99999999985308596 0.0044859977229353767 0.012345708695812129 16.355344557268833 0.00046909708208603217 -0.00066795522369814998
decision_type=2 2 2 2 2 2 2 2 2 2 2 2
left_child=1 2 3 -1 5 6 -2 -6 -9 -3 -11 -4
right_child=4 9 11 -5 7 -7 -8 8 -10 10 -12 -13
leaf_value=0.031188148508553334 -0.008027211618791559 -0.011421382637595524 0.0040224692689107026 -0.012637363921701623 0.044558980484164838 -0.06745684919664284 0.036681800217423934 -0.021700027636646576 0.0019814413025210872 0.04779183337912369 0.0034756022796434498 0.052655348315707062
leaf_weight=4.9050079273292786 79.73805156769231 2.3609168687835327 1.938102811342105 30.130047756480053 2.4102401123382142 2.7026869673281899 4.0052486304193726 11.947966327890752 225.80592292163055 9.654874660773201 3.3991514224326229 3.1941857826896003
leaf_count=34 632 16 29 252 30 22 36 91 1894 86 48 42
internal_value=3.80766e-05 0.00709712 -0.00128959 -0.00650167 -0.00116323 -0.00781377 -0.00588888 0.00123061 0.000791364 0.0289507 0.0362523 0.0342901
internal_weight=382.192 55.5823 40.1673 35.0351 326.61 86.446 83.7433 240.164 237.754 15.4149 13.054 5.13229
internal_count=3212 507 357 286 2705 690 668 2015 1985 150 134 71
is_linear=0
shrinkage=0.04


Tree=146
num_leaves=13
num_cat=0
split_feature=10 30 6 6 23 14 14 28 22 2 28 32
split_gain=2.0241 5.5036 5.69011 5.3603 5.84989 5.31912 5.55714 4.7427 4.65195 3.12435 1.59695 1.12255
threshold=7.0789944989808562e-05 0.23236606712423341 -0.00057222047266304989 -0.00030506396983889995 0.15867509548184472 0.0008659976387409002 -0.0011978535981395997 0.69603996724745365 0.036723194383711057 0.094521747766587866 1.0053163313634259 0.055612747740123494
decision_type=2 2 2 2 2 2 2 2 2 2 2 2
left_child=1 5 -3 9 7 6 -1 -5 -4 -2 -6 -7
right_child=3 2 8 4 10 11 -8 -9 -10 -11 -12 -13
leaf_value=0.040248567797250522 -0.0051430210670965586 -0.037124067546650437 0.037511627229760695 0.029001261827502116 0.058865226530350472 0.056896093784706024 -0.0019423538949023312 -0.005579387589980939 0.0012520289752354474 -0.068856714017276582 0.012393459129702968 0.018949034027033549
leaf_weight=5.1217371384846038 2.0313092013820997 2.6096166945062604 16.337820359622132 6.6834297450259319 2.9889874190557739 2.8894428017083547 201.82380416442174 125.57523353840224 8.6630167886614782 3.127332529053092 1.9582664375193415 2.1946966855321079
leaf_count=59 22 23 174 64 32 25 1655 989 88 32 24 25
internal_value=3.81328e-05 0.00228234 0.0190806 -0.0037395 -0.00223451 9.48675e-05 -0.000898162 -0.00383192 0.0249473 -0.0437683 0.0404704 0.0405153
internal_weight=382.005 239.64 27.6105 142.365 137.206 212.03 206.946 132.259 25.0008 5.15864 4.94725 5.08414
internal_count=3212 2049 285 1163 1109 1764 1714 1053 262 54 56 50
is_linear=0
shrinkage=0.04


Tree=147
num_leaves=10
num_cat=0
split_feature=2 12 9 15 15 3 7 22 33
split_gain=1.97992 2.15071 3.72127 3.54879 3.04453 6.3669 4.72741 1.12668 0.855565
threshold=-0.11539062813899408 -0.00049892097028059993 0.00049754028919468609 -0.0012794285551638999 -0.00082278840206634991 0.0022512266101124005 -0.0006290644101201499 0.013274639230138533 0.50018336063277258
decision_type=2 2 2 2 2 2 2 2 2
left_child=8 2 3 -2 5 -3 -6 -4 -1
right_child=1 4 7 -5 6 -7 -8 -9 -10
leaf_value=0.0072018391103381976 -0.074794233141210739 0.027726870897648356 0.043228726442199036 -0.01608106109243633 0.026593588006557183 -0.0025435045996943647 -0.0019782213668681626 -0.0030475654956982497 0.038905895745835209
leaf_weight=2.5792467840947202 2.0546851139515629 18.883481331169605 1.7265756598208093 8.3041329719126207 9.553718666196799 27.033726094523445 307.10069443134125 1.6426663961028678 2.8854903019964695
leaf_count=26 13 167 20 49 81 264 2554 22 16
internal_value=3.83103e-05 -0.000308829 -0.0158498 -0.0277269 0.000279597 0.00990521 -0.00111619 0.0206668 0.0239422
internal_weight=381.764 376.3 13.7281 10.3588 362.572 45.9172 316.654 3.36924 5.46474
internal_count=3212 3170 104 62 3066 431 2635 42 42
is_linear=0
shrinkage=0.04


Tree=148
num_leaves=13
num_cat=0
split_feature=33 33 13 7 0 33 8 12 19 13 27 31
split_gain=1.96268 2.3709 5.4361 5.48267 2.97747 6.04311 5.4595 2.33644 3.19091 4.77487 1.87007 1.6742
threshold=0.43653174209096801 0.55832039831938485 -0.00041901786806054997 -8.9319462525739188e-05 58.579833129132055 0.49754900124496004 8.1049568767184747e-06 -0.00049892097028059993 0.62470868374037691 8.4802057868231656e-05 0.32328201160826192 0.99999999974480858
decision_type=2 2 2 2 2 2 2 2 2 2 2 2
left_child=7 4 11 -4 5 -2 -6 -1 9 -9 -10 -3
right_child=1 2 3 -5 6 -7 -8 8 10 -11 -12 -13
leaf_value=-0.057702978458188746 0.0032663193761176736 0.050451713639951178 -0.0087420764781076261 0.013919328749946292 0.035296708772671381 -0.01067601071772673 0.00070355224370934684 0.023952798019428432 0.031778374765786446 -0.040928987656452781 -0.024357507843125792 0.013248076627927777
leaf_weight=0.73940796940587716 85.12307914160192 5.0999034661799652 36.346986010670662 32.22834184486419 8.1286195032298547 119.66513679921627 71.562248837202787 3.8966060874518034 11.351691777352242 3.3969451086595654 1.0361751134041686 3.1189123522490263
leaf_count=28 599 52 264 272 47 515 387 161 706 91 54 36
internal_value=3.76116e-05 -0.000644328 0.00559245 0.0019081 -0.00232792 -0.00488069 0.00423212 0.0121021 0.0147246 -0.00626566 0.0270829 0.0363335
internal_weight=381.694 361.273 76.7941 68.5753 284.479 204.788 79.6909 20.4208 19.6814 7.29355 12.3879 8.21882
internal_count=3212 2172 624 536 1548 1114 434 1040 1012 252 760 88
is_linear=0
shrinkage=0.04


Tree=149
num_leaves=7
num_cat=0
split_feature=6 27 25 9 1 14
split_gain=1.96811 3.14952 3.16165 5.41023 3.60757 1.6995
threshold=0.0011998726716298002 0.35652636241831631 0.00064378884189069026 0.00089227770860779215 -0.00053399834953099989 -0.00043760898774649991
decision_type=2 2 2 2 2 2
left_child=1 2 4 -4 -1 -3
right_child=-2 5 3 -5 -6 -7
leaf_value=-0.040246973696723747 -0.032532620327125228 0.059100578670237963 0.039743604358127002 -0.042570418843916429 -0.00026994473001937361 0.010307588110979172
leaf_weight=3.6481769219972184 2.9454109186772248 2.15515659423545 6.7758973349118587 1.5744347727159036 361.40127486223355 2.429929972626268
leaf_count=29 24 25 87 20 2988 39
internal_value=3.80216e-05 0.000291825 -0.000112781 0.0242235 -0.000669461 0.0332421
internal_weight=380.93 377.985 373.4 8.35033 365.049 4.58509
internal_count=3212 3188 3124 107 3017 64
is_linear=0
shrinkage=0.04


Tree=150
num_leaves=12
num_cat=0
split_feature=33 9 14 2 3 1 15 8 25 19 28
split_gain=1.9604 4.18543 2.83784 2.75539 2.41307 7.90042 5.1947 4.90644 3.76584 7.24866 6.0906
threshold=0.62969749953042675 7.8735865386877485e-05 0.00015614686320810004 0.10582211115233561 0.0011780443411986501 -8.5943583826242329e-05 -0.00046577933353919994 0.0006177679807095501 0.00029057847173844426 0.62527683067219697 1.1470439166246591
decision_type=2 2 2 2 2 2 2 2 2 2 2
left_child=4 -2 3 -3 5 6 -1 -7 10 -10 -6
right_child=1 2 -4 -5 8 7 -8 -9 9 -11 -12
leaf_value=-0.0067677517641407158 -0.054148474498198644 -0.0014576771573078964 -0.020868119827700725 0.035933216758007085 -0.01820578778584931 0.00058108060511955417 -0.057565375251682441 -0.036024490582153242 0.013854736139241808 -0.0017228459699734722 0.026885233380867374
leaf_weight=5.8476475146599114 1.3923966065049196 4.5251619461923864 2.575493596494197 10.40176113322377 28.659200433176011 95.745797047158703 7.1709483617451024 6.2404242730699471 72.589864810463041 139.92074670805596 5.7554508196189991
leaf_count=39 7 31 35 119 214 731 55 41 637 1237 66
internal_value=3.70502e-05 0.0125977 0.0179076 0.024598 -0.000618686 -0.00540452 -0.0347483 -0.00165877 0.0016103 0.00359818 -0.0106648
internal_weight=380.825 18.8948 17.5024 14.9269 361.93 115.005 13.0186 101.986 246.925 212.511 34.4147
internal_count=3212 192 185 150 3020 866 94 772 2154 1874 280
is_linear=0
shrinkage=0.04


Tree=151
num_leaves=12
num_cat=0
split_feature=29 33 8 33 33 27 29 29 3 32 33
split_gain=1.99024 8.67103 6.90319 6.10472 5.93531 5.09064 3.47878 2.96561 4.06515 3.31789 0.121592
threshold=0.41002941187291314 0.49965328459648312 -9.4867113304705501e-05 0.51333847001278288 0.47204562675070022 0.055196800288629742 0.41966624167647471 0.42975941364240261 0.0018306893723520001 0.067972373331531999 0.4890626558753724
decision_type=2 2 2 2 2 2 2 2 2 2 2
left_child=1 2 10 -3 -4 -5 -2 8 -8 -9 -1
right_child=6 3 4 5 -6 -7 7 9 -10 -11 -12
leaf_value=0.049264025617016961 0.03713658369172005 -0.046800119962455339 0.031026618847681084 0.014879361367978267 -0.033666227888061805 -0.019232874785671147 0.0015266479344863671 -0.0011283363513456906 -0.064851254951493534 0.0082676475800667164 0.061184164599342686
leaf_weight=2.8654802870005378 4.2611126890406004 8.397892013192175 4.4626184137305209 10.192373190075157 4.616330660879612 22.344801178202033 3.4286493863910428 233.89537084533367 2.5923612002516165 80.939024496241473 2.6220528334379196
leaf_count=30 36 36 108 58 23 129 27 2011 21 721 12
internal_value=3.71499e-05 -0.00696345 0.0195407 -0.0163948 -0.00186745 -0.00854711 0.00123224 0.000755415 -0.0270525 0.00128722 0.0549597
internal_weight=380.618 55.5015 14.5665 40.9351 9.07895 32.5372 325.117 320.855 6.02101 314.834 5.48753
internal_count=3212 396 173 223 131 187 2816 2780 48 2732 42
is_linear=0
shrinkage=0.04


Tree=152
num_leaves=14
num_cat=0
split_feature=25 25 33 33 3 33 33 27 19 24 30 13 33
split_gain=1.95249 5.24943 3.8618 6.47665 6.33828 3.68625 5.44021 5.01879 3.65574 3.59781 2.17189 0.441517 0.0194321
threshold=0.00049011906640982806 0.00043028647836217972 0.5041676733540742 0.53035574285805898 0.0022868349498023507 0.55737238173545978 0.49185119636303393 0.094602685242141701 0.62431834229907501 0.84438556573313039 0.17200543828072654 0.00045394905205190005 0.58140541796809175
decision_type=2 2 2 2 2 2 2 2 2 2 2 2 2
left_child=1 8 4 -4 -3 6 10 -8 -1 -10 -2 12 -7
right_child=5 2 3 -5 -6 11 7 -9 9 -11 -12 -13 -14
leaf_value=-0.062342433475701703 0.040868002105054362 0.026092351427725355 -0.048964701011091946 -0.0084210342189848172 -0.021139213655826557 0.049039385517356565 -0.038308922335494905 0.0049991832026291625 -0.0047728939531822175 0.0045046351380288842 -0.015331729135353767 0.021189674090561324 0.043287372229274305
leaf_weight=1.448413430713116 6.6826448614010614 8.4634723500348645 9.8518341183662432 17.50625916570425 9.8212376218289119 2.2674004808068271 5.9361948892474201 15.357841461896895 101.17982123233378 197.28360044863075 1.3170906379818914 1.5156990243121979 1.6048542261123655
leaf_count=13 165 80 42 126 100 17 26 70 744 1699 78 21 31
internal_value=3.66554e-05 -0.000871416 -0.0135091 -0.0230211 0.000722935 0.00908431 0.00349154 -0.00707393 0.00105188 0.00135953 0.0316152 0.0394916 0.0466555
internal_weight=380.236 345.555 45.6428 27.3581 18.2847 34.6817 29.2938 21.294 299.912 298.463 7.99974 5.38795 3.87225
internal_count=3212 2804 348 168 180 408 339 96 2456 2443 243 69 48
is_linear=0
shrinkage=0.04


Tree=153
num_leaves=11
num_cat=0
split_feature=27 10 10 6 10 10 27 30 10 31
split_gain=1.91446 4.65288 6.34762 4.84642 3.33198 6.52125 4.26348 3.83827 5.65461 3.9502
threshold=0.15179646807764419 -0.00055258404498424989 -0.00049892097028059993 -0.00032394906214249994 -0.00021284596344244998 -0.00022713082035324996 0.031092277934826915 0.1548016881375954 5.6517531049114874e-05 0.99999999983658594
decision_type=2 2 2 2 2 2 2 2 2 2
left_child=4 -2 -3 -4 5 6 -1 9 -9 -6
right_child=1 2 3 -5 7 -7 -8 8 -10 -11
leaf_value=0.02123304635889876 0.043079854253366197 -0.076139997946302315 0.011955355854019923 -0.0077542716662479614 -0.00086844659823978555 -0.068484600637086349 -0.011017671563002804 0.02660658507719358 -8.862394298748204e-05 0.022156459052254714
leaf_weight=8.366192508954553 3.2983489732723674 1.9778144769370545 24.770662036258727 102.80475397233386 141.56230086809956 2.6874877796508363 30.353739357669838 26.339814689010382 24.508825021213852 13.018178859259931
leaf_count=66 38 10 227 888 1165 29 252 228 190 119
internal_value=3.62568e-05 -0.00383535 -0.00502978 -0.00392735 0.00212002 -0.00823136 -0.00404928 0.0042065 0.0137396 0.00107062
internal_weight=379.688 132.852 129.553 127.575 246.837 41.4074 38.7199 205.429 50.8486 154.58
internal_count=3212 1163 1125 1115 2049 347 318 1702 418 1284
is_linear=0
shrinkage=0.04


Tree=154
num_leaves=11
num_cat=0
split_feature=33 23 23 10 32 29 23 23 3 21
split_gain=1.91658 2.0598 4.40041 3.37935 3.35583 2.73689 1.89097 1.18223 0.000167575 3.18666e-05
threshold=0.38524484548079169 0.15057403179708687 0.14065034101495019 -0.00012786543058624996 0.028960416503272322 0.69356528126147576 0.14712939441025116 0.24684155979060488 0.00047340072881360003 0.98075201619501984
decision_type=2 2 2 2 2 2 2 2 2 2
left_child=7 2 5 -3 -5 -2 -4 8 -1 -10
right_child=1 3 6 4 -6 -7 -8 -9 9 -11
leaf_value=0.041255497923899792 -0.0028023311367866206 -0.017245656849871602 -0.059236186289014697 0.034277570795793876 -0.0045372559487958878 0.0047709117886499354 -0.012697561760531115 -0.039182529971361624 0.040289398802671579 0.040910754691461229
leaf_weight=0.35815252363681782 237.74918883992359 4.824961859732869 2.8157874434255055 10.412640227004884 5.4184396550990632 112.46941939345561 2.7722941767424345 0.33526773005723942 2.2063408521935348 0.14046877622604359
leaf_count=16 1687 30 21 77 44 838 21 9 460 9
internal_value=3.61929e-05 -0.000219258 -0.000932158 0.0120607 0.0209926 -0.000370255 -0.036148 0.031668 0.0404496 0.0403266
internal_weight=379.503 376.463 355.807 20.656 15.8311 350.219 5.58808 3.04023 2.70496 2.34681
internal_count=3212 2718 2567 151 121 2525 42 494 485 469
is_linear=0
shrinkage=0.04


Tree=155
num_leaves=15
num_cat=0
split_feature=15 33 25 28 25 29 12 1 29 13 24 24 21 27
split_gain=1.90818 5.48461 14.2827 4.90688 4.22422 5.54887 3.83229 4.2916 9.04009 7.21714 4.10531 7.37038 4.37939 3.14576
threshold=0.00072791630394225006 0.51049406211873627 0.00042865361150303476 0.82967239331402298 0.00043840358670653359 0.51002885252967511 8.4853627904936239e-05 6.836414052913132e-06 0.46697991267728839 0.00049973762898355013 0.84438556573313039 0.84926006502315321 0.9284093252653528 0.1889680146390488
decision_type=2 2 2 2 2 2 2 2 2 2 2 2 2 2
left_child=6 4 -3 -4 5 -2 10 9 -9 -8 12 -12 -1 -6
right_child=1 2 3 -5 13 -7 7 8 -10 -11 11 -13 -14 -15
leaf_value=-0.011256892904608131 -0.054961420695824506 0.051024024911916488 0.054478543364960531 -0.015871178078269634 0.031005330111543872 -0.0028212507645432234 -0.0074100780684106613 0.018251309374020547 -0.030443504486635721 0.027938277383792731 0.064349710700133164 0.0042324825211167488 0.012425342182281571 -0.017722714590574826
leaf_weight=56.430189088103361 4.8648451752960709 12.470853032544257 1.8094679228961457 12.865614313632248 6.188410625793038 9.9349734104471263 57.417990507674403 7.955048489267937 26.15817794855684 11.014390578260643 3.3356800929177544 149.6777934175916 16.046262942138128 3.224158362718299
leaf_count=415 65 73 12 77 73 172 442 60 217 82 23 1305 142 54
internal_value=3.53933e-05 0.00720473 0.0195498 -0.00719691 -0.00663607 -0.0199602 -0.00108706 -0.00749818 -0.0190881 -0.00172066 0.00182851 0.00554303 -0.00601365 0.0143141
internal_weight=379.394 51.3583 27.1459 14.6751 24.2124 14.7998 328.036 102.546 34.1132 68.4324 225.49 153.013 72.4765 9.41257
internal_count=3212 526 162 89 364 237 2686 801 277 524 1885 1328 557 127
is_linear=0
shrinkage=0.04


Tree=156
num_leaves=15
num_cat=0
split_feature=33 9 29 33 3 9 7 9 31 33 33 19 28 9
split_gain=1.97424 4.27018 3.77187 5.14042 2.19265 7.77394 11.4752 6.59079 3.64941 8.84278 8.3447 1.61642 0.670479 0.00884671
threshold=0.6170465989912467 0.00019487907027754744 0.65488942478255441 0.66189542152082537 0.0011780443411986501 0.00029757884579180839 1.0000000180025095e-35 0.00022827085145842824 0.9404360157948074 0.50018336063277258 0.55594433447994307 0.6244196862040885 1.0970356848321006 0.00028865591092615647
decision_type=2 2 2 2 2 2 2 2 2 2 2 2 2 2
left_child=4 2 3 -2 5 7 -7 -1 10 -10 -6 -4 13 -3
right_child=1 12 11 -5 8 6 -8 -9 9 -11 -12 -13 -14 -15
leaf_value=-0.0047508471522314808 -0.055260225984472777 0.045475834927514884 0.048615425538138232 0.0060387933790429305 0.0021683374961125293 -0.045558732752653312 0.003961948387168051 0.022968302759763987 0.010172663577610404 -0.012808659795447493 0.032603439658067321 0.0048747153631741912 0.0088215662213412434 0.042262873908502238
leaf_weight=65.800983846187592 3.3356358632445353 2.2939492650330058 2.6924258172512046 6.3664643876254559 115.01708400854841 16.210205365438018 13.91284905024804 17.341577270068228 43.96556255442556 68.570659853518009 16.479032004252076 2.7147305496037006 1.0534714348614214 3.4086039010435343
leaf_count=481 17 25 23 47 1138 110 102 158 500 350 145 18 17 81
internal_value=3.64857e-05 0.0117042 -0.000116171 -0.0150361 -0.000677532 -0.00527696 -0.0226868 0.00103071 0.00145726 -0.00383033 0.00598245 0.0266549 0.0381393 0.0435553
internal_weight=379.163 21.8653 15.1093 9.7021 357.298 113.266 30.1231 83.1426 244.032 112.536 131.496 5.40716 6.75602 5.70255
internal_count=3212 228 105 64 2984 851 212 639 2133 850 1283 41 123 106
is_linear=0
shrinkage=0.04


Tree=157
num_leaves=12
num_cat=0
split_feature=33 13 8 0 22 22 21 19 21 25 9
split_gain=1.86816 4.43282 4.87715 3.91052 2.72733 3.61135 4.28962 2.86559 1.60581 0.0282824 0.00126191
threshold=0.57973783670805756 -0.00036946775548509994 -0.00011560313080309998 37.175994399259196 0.23727291117692845 0.066849696335044062 0.84501047738347868 0.62448225481618436 0.8480242888770797 0.00028211360365120835 0.00033539282919500986
decision_type=2 2 2 2 2 2 2 2 2 2 2
left_child=4 9 3 -3 5 6 -1 -7 -4 -2 -11
right_child=1 2 8 -5 -6 7 -8 -9 -10 10 -12
leaf_value=-0.018259961797313731 0.049741031746482436 0.013131342503403157 0.0013491241856355286 -0.015616184153130437 -0.041801743507045123 0.028148049994321172 -0.00094118575023411592 0.0044013575701293724 0.039439571904449348 0.043938391906538837 0.042294985994373813
leaf_weight=25.168083958560601 1.4071405492722977 12.712420592084529 2.4126472640782577 18.719744766131043 2.600257718935608 9.9922319236211461 251.97860142355785 43.643326281337067 6.6569648953154683 1.2118203174322846 1.9514375273138282
leaf_count=223 11 105 28 154 20 66 2100 347 97 17 44
internal_value=3.72741e-05 0.0076805 0.00346659 -0.00398954 -0.000996065 -0.000675294 -0.00251393 0.00882533 0.029307 0.0450232 0.0429246
internal_weight=378.455 45.0722 40.5018 31.4322 333.383 330.782 277.147 53.6356 9.06961 4.5704 3.16326
internal_count=3212 456 384 259 2756 2736 2323 413 125 72 61
is_linear=0
shrinkage=0.04


Tree=158
num_leaves=15
num_cat=0
split_feature=25 25 24 31 13 24 3 0 33 31 33 19 0 33
split_gain=1.8669 4.91635 8.47427 6.29616 5.91046 3.76894 7.66938 4.23646 3.44816 5.90238 6.83979 3.39037 0.452245 0.0188388
threshold=0.00049011906640982806 0.00046028642652272514 0.87683705354499442 0.9999999998046637 0.00038340835832500006 0.84438556573313039 0.0030240968235183503 77.708922630056222 0.55737238173545978 0.95823024195260487 0.49185119636303393 0.63017520070286259 59.999964533353868 0.58140541796809175
decision_type=2 2 2 2 2 2 2 2 2 2 2 2 2 2
left_child=1 5 3 -3 -4 6 -1 -7 9 11 -11 -2 13 -10
right_child=8 2 4 -5 -6 7 -8 -9 12 10 -12 -13 -14 -15
leaf_value=-0.0041573378582628337 0.030921451134234688 0.047743765731994001 -0.021625355863758959 -0.030639083789318757 -0.081497046299357445 0.002405979817726815 -0.074288533194305353 0.036995089919967042 0.049020385050803673 0.03632300975731681 -0.027710246227067654 -0.026248635300772875 0.019985498397683436 0.043328520507343031
leaf_weight=104.81521096266806 11.66013623995241 3.9601471482310471 8.3509503095410746 2.7982470374554396 3.8564170105382791 211.92866836651228 2.5557617130689314 5.8211952408310017 1.9907435737550252 3.437569228350184 11.938005059957502 1.9351469215471286 1.441350797191262 1.7467390000820158
leaf_count=778 188 35 77 20 24 1743 20 107 15 68 52 31 18 36
internal_value=3.69646e-05 -0.000848352 -0.0206447 0.0152901 -0.0405394 0.000306457 -0.00582668 0.00333066 0.00895727 0.0035833 -0.0133941 0.0227839 0.0390197 0.0463603
internal_weight=378.236 344.087 18.9658 6.75839 12.2074 325.121 107.371 217.75 34.1497 28.9709 15.3756 13.5953 5.17883 3.73748
internal_count=3212 2804 156 55 101 2648 798 1850 408 339 120 219 69 51
is_linear=0
shrinkage=0.04


Tree=159
num_leaves=9
num_cat=0
split_feature=33 15 33 9 9 12 7 24
split_gain=1.85525 1.93321 5.23917 14.3703 4.85212 3.57127 4.89853 3.9792
threshold=0.71302186015021218 0.00072791630394225006 0.51049406211873627 0.0004567605392741876 0.00046058351020759929 8.4853627904936239e-05 0.00042667570529765004 0.84438556573313039
decision_type=2 2 2 2 2 2 2 2
left_child=1 5 4 -4 -3 7 -7 -1
right_child=-2 2 3 -5 -6 6 -8 -9
leaf_value=-0.0063193123153018494 0.034252529178670096 -0.017962801504737006 0.048307505208191409 -0.010357833762829902 0.021513898697548807 -0.0039410741317226052 -0.02895754290217549 0.0051674754347359412
leaf_weight=70.773075122968294 2.5186861529946318 17.090333929518241 13.491471245884897 13.233870659023522 7.0310709865298113 87.323301670257933 14.620588248129932 151.63665651564952
leaf_count=543 24 261 81 81 103 684 114 1321
internal_value=3.71428e-05 -0.000192542 0.00705926 0.0192576 -0.00645586 -0.00132936 -0.00752889 0.00151226
internal_weight=377.719 375.2 50.8467 26.7253 24.1214 324.354 101.944 222.41
internal_count=3212 3188 526 162 364 2662 798 1864
is_linear=0
shrinkage=0.04


Tree=160
num_leaves=7
num_cat=0
split_feature=32 20 19 3 32 31
split_gain=1.83549 2.45404 4.83979 3.43489 2.66156 2.82461
threshold=0.46457362740970426 0.98578218869716705 0.62496475540671004 0.0014515717101189502 0.4015356822545551 0.54202229235064847
decision_type=2 2 2 2 2 2
left_child=1 4 -3 -4 5 -1
right_child=-2 2 3 -5 -6 -7
leaf_value=-0.03014527822510309 0.036232866765943054 -0.069558360648036541 0.057654589919164397 -0.032060098222503171 -0.036419450694275518 0.000918532106278863
leaf_weight=4.744811166310682 2.2283513485454014 2.3713515317067495 1.2430062566418203 1.5151167798321692 3.1481520039960733 362.30606111977249
leaf_count=64 24 28 15 38 19 3024
internal_value=3.70397e-05 -0.000177857 -0.0276553 0.00837172 0.00020287 0.000516975
internal_weight=377.557 375.328 5.12947 2.75812 370.199 367.051
internal_count=3212 3188 81 53 3107 3088
is_linear=0
shrinkage=0.04


Tree=161
num_leaves=11
num_cat=0
split_feature=33 23 23 10 32 29 23 23 25 27
split_gain=1.85723 2.04235 3.83073 3.09106 3.16849 2.54042 1.70043 1.12346 0.000150603 2.7002e-05
threshold=0.38524484548079169 0.15057403179708687 0.14065034101495019 -0.00012786543058624996 0.028960416503272322 0.69356528126147576 0.14712939441025116 0.24684155979060488 9.9603001109319195e-05 0.062447299826478758
decision_type=2 2 2 2 2 2 2 2 2 2
left_child=7 2 5 -3 -5 -2 -4 8 -1 -10
right_child=1 3 6 4 -6 -7 -8 -9 9 -11
leaf_value=0.041377108421804254 -0.0027429867956703193 -0.016014177499625203 -0.055426561132584096 0.033706702932731661 -0.00412536670141566 0.0045741110564480863 -0.011443563833104759 -0.037185800127098864 0.040607263071832704 0.040273040437601146
leaf_weight=0.24819976929575194 236.60558771714568 4.8015252817422178 2.8427257235161951 10.27559076854959 5.4052339559420934 111.78742671338841 2.7834899602457881 0.33661541715264309 0.48648253420833532 1.8867959339404476
leaf_count=11 1687 30 21 77 44 838 21 9 65 409
internal_value=3.59402e-05 -0.000213426 -0.000923943 0.0120672 0.0206659 -0.00039518 -0.0336666 0.0316062 0.0404396 0.0403416
internal_weight=377.46 374.502 354.019 20.4824 15.6808 348.393 5.62622 2.95809 2.62148 2.37328
internal_count=3212 2718 2567 151 121 2525 42 494 485 474
is_linear=0
shrinkage=0.04


Tree=162
num_leaves=15
num_cat=0
split_feature=33 25 29 33 15 29 8 7 0 22 7 22 28 25
split_gain=1.82587 3.96504 4.19493 5.70727 2.14025 5.81173 4.72344 3.53736 9.25241 4.38282 3.36519 1.87677 0.68732 0.0106014
threshold=0.6170465989912467 0.00019782710311839138 0.65488942478255441 0.66189542152082537 -0.00082278840206634991 0.71209126500610065 -0.00096106461907419997 -0.00057666504885744996 33.830927252862566 0.024059145263787825 -0.00083170429403584987 0.058297689815245149 1.0731029929033966 0.0002860680840929513
decision_type=2 2 2 2 2 2 2 2 2 2 2 2 2 2
left_child=4 2 3 -2 5 6 -1 9 -9 -6 -7 -4 13 -3
right_child=1 12 11 -5 7 10 -8 8 -10 -11 -12 -13 -14 -15
leaf_value=-0.013384607537956582 -0.060297212848123956 0.04581413632105219 0.048318686301172711 0.0057608266689059637 0.038712152319670505 0.010026531888367418 0.014961988381335157 -0.027161603834030722 -0.00081922868166960084 -0.0042603121318520541 0.048086780090293282 0.0019164991919118108 0.0083668879835297125 0.042198873938333277
leaf_weight=22.37647916236892 3.1253257915377635 2.271649405360221 3.1116147786378852 6.3332926407456398 7.4663342898711544 7.9035102146444842 16.225261974963363 23.209393982077017 263.97071425314061 7.7280065980739892 7.0169732228387129 2.5273843333125114 1.0530210025608537 3.0272171776741743
leaf_count=186 16 26 28 47 61 70 158 163 2205 61 80 16 20 75
internal_value=3.51041e-05 0.011369 0.000213904 -0.0160661 -0.000647976 0.00672487 -0.00146984 -0.00195302 -0.00294817 0.0168559 0.0279259 0.0275214 0.0378831 0.0437488
internal_weight=377.346 21.4495 15.0976 9.45862 355.897 53.5222 38.6017 302.374 287.18 15.1943 14.9205 5.639 6.35189 5.29887
internal_count=3212 228 107 63 2984 494 344 2490 2368 122 150 44 121 101
is_linear=0
shrinkage=0.04


Tree=163
num_leaves=11
num_cat=0
split_feature=27 10 10 6 10 3 29 13 10 13
split_gain=1.81053 4.3435 5.65798 4.24485 3.18018 5.82529 6.43146 5.57602 3.73516 3.57811
threshold=0.15179646807764419 -0.00055258404498424989 -0.00049892097028059993 -0.00032394906214249994 -0.00021284596344244998 0.0011454668919205003 0.51229325883898935 -0.00035586428799524994 -0.00019893150030784998 -0.00069865260201109984
decision_type=2 2 2 2 2 2 2 2 2 2
left_child=4 -2 -3 -4 5 7 -7 -1 -6 -10
right_child=1 2 3 -5 8 6 -8 -9 9 -11
leaf_value=0.001559698348839953 0.042384102090097166 -0.071423565266287903 0.011151347129824978 -0.0074061749903817269 0.048079691475217373 -0.021495400871410161 0.016050132408637185 -0.056912458938417572 -0.03483842466523511 0.004195328247288019
leaf_weight=4.38300438108854 3.1873510946752495 2.0127439051866522 24.432687012013048 102.28035040269606 3.0460304191801688 12.227463326416911 18.113843688508496 6.4486451363190991 3.8305209447862572 196.97491743718274
leaf_count=37 38 10 227 888 24 85 176 49 42 1636
internal_value=3.55164e-05 -0.00374271 -0.00488485 -0.00382793 0.00206959 -0.00807027 0.000919386 -0.0332518 0.00411759 0.00345073
internal_weight=376.938 131.913 128.726 126.713 245.024 41.173 30.3413 10.8316 203.851 200.805
internal_count=3212 1163 1125 1115 2049 347 261 86 1702 1678
is_linear=0
shrinkage=0.04


Tree=164
num_leaves=14
num_cat=0
split_feature=33 14 14 13 7 27 28 13 13 13 31 21 33
split_gain=1.83536 2.2449 5.50571 12.4266 5.1568 4.44293 4.08128 2.1826 4.91945 7.18483 3.22402 2.00943 0.00247601
threshold=0.43653174209096801 -0.00022628758010739998 -0.00026935454228724996 -0.00024866766428029993 -0.00057666504885744996 0.20441590367307935 1.2988695805340786 -0.00018533170817504996 0.00014183190811500003 7.0883779173906906e-05 1.0000000180025095e-35 0.97946422880582751 0.42541116073235996
decision_type=2 2 2 2 2 2 2 2 2 2 2 2 2
left_child=7 2 6 -4 -3 -6 -2 10 9 -9 -1 -10 -12
right_child=1 4 3 -5 5 -7 -8 8 11 -11 12 -13 -14
leaf_value=-0.10207858000490644 -0.0046423300758368863 0.043605507560377933 0.020985310932061699 -0.066727857467477766 0.0031045023821726554 -0.012908856772201603 0.023051732346312713 0.0076783992302304699 0.03766643987499893 -0.072757214944346504 0.040994223085559778 -0.056628743470646115 0.042812622900773853
leaf_weight=0.26266262680292385 103.59156086109579 4.6027649603784075 4.2601439412683249 6.5695715267211181 196.22676793392748 32.282726245000958 9.2766380924731475 6.2629140740027633 5.7027230241801581 2.4805425527738407 2.6649725270690396 0.38606624398380507 2.1766781136393547
leaf_count=5 637 32 28 40 1196 182 57 286 334 75 286 9 45
internal_value=3.52991e-05 -0.000624638 -0.00498017 -0.0322237 0.00168657 0.000842212 -0.00236615 0.0118464 0.00408236 -0.0151414 0.0344073 0.0316876 0.0418117
internal_weight=376.747 356.81 123.698 10.8297 233.112 228.509 112.868 19.9366 14.8322 8.74346 5.10431 6.08879 4.84165
internal_count=3212 2172 762 68 1410 1378 694 1040 704 361 336 343 331
is_linear=0
shrinkage=0.04


Tree=165
num_leaves=15
num_cat=0
split_feature=31 14 5 21 31 22 15 1 33 10 14 0 10 8
split_gain=1.79139 8.09802 6.51087 6.22786 6.19474 5.26061 4.82319 6.46206 6.38494 4.59574 6.81452 4.72451 3.38386 3.32168
threshold=0.99999999983658594 0.00029846930070645002 1.0000000180025095e-35 0.92792812223093246 0.99999999978812026 0.013059201511512925 0.00072791630394225006 0.00011502524128605001 0.51464740464946057 0.00017032389929190004 -0.00043760898774649991 68.929087273673943 -0.00036773546914994996 -0.0013982099221880996
decision_type=2 2 2 2 2 2 2 2 2 2 2 2 2 2
left_child=4 2 12 -3 6 -5 7 -1 -8 10 -6 -11 -2 -4
right_child=1 3 13 5 9 -7 8 -9 -10 11 -12 -13 -14 -15
leaf_value=0.0020496335262558179 -0.0012652718726570502 0.020903644905554311 0.029259994925180194 -0.014507544769008127 -0.035467484734983235 -0.096229361344950415 -0.00043832763084974882 -0.017106191662635488 0.032367811656676813 -0.021646150640693935 0.0012680192893534073 -0.082764521911500341 0.049413434367103645 -0.0089521773170402399
leaf_weight=209.5222479684744 2.6527230287902066 2.6721077559050164 5.0638586468994644 2.5671429804060608 10.474134830757974 2.4757818642538041 20.472618883126415 32.554577221046202 17.697887072339654 9.1331700617447478 35.339212575228885 2.5996451335959128 10.26691793941427 12.942489436361937
leaf_count=1755 19 31 33 19 69 22 297 294 111 73 270 20 109 90
internal_value=3.5952e-05 0.00819448 0.0173405 -0.0284677 -0.000897322 -0.0546282 0.00155729 -0.000526449 0.0147724 -0.0128512 -0.00713068 -0.0351882 0.0390078 0.00179409
internal_weight=376.435 38.641 30.926 7.71503 337.793 5.04292 280.247 242.077 38.1705 57.5462 45.8133 11.7328 12.9196 18.0063
internal_count=3212 323 251 72 2889 41 2457 2049 408 432 339 93 128 123
is_linear=0
shrinkage=0.04


Tree=166
num_leaves=12
num_cat=0
split_feature=33 33 13 7 33 0 29 23 25 9 3
split_gain=1.77234 1.88181 4.22119 4.52723 1.9883 6.97619 6.03452 1.01679 0.02501 0.000141799 3.73765e-05
threshold=0.38524484548079169 0.57973783670805756 -0.00036946775548509994 -7.3188810901759563e-05 0.49844580334781374 63.200072359442132 0.45184438290211132 0.24684155979060488 0.00028211360365120835 7.8735865386877485e-05 0.00047340072881360003
decision_type=2 2 2 2 2 2 2 2 2 2 2
left_child=7 4 8 -4 6 -6 -2 9 -3 -1 -11
right_child=1 2 3 -5 5 -7 -8 -9 -10 10 -12
leaf_value=0.041572279358934497 0.022688269648692222 0.049346201636926414 -0.0058853599827391545 0.022796566567933087 -0.0074522027372369301 0.012256839160322471 -0.0010493443040063212 -0.034026839296663274 0.042816284132945297 0.040810920347438495 0.040287057531428416
leaf_weight=0.16018049931153644 20.101304720155895 1.3647364526987065 27.043860075995326 13.055997713468967 157.64402060583234 35.139912068843842 116.1241750435438 0.33281476143747557 3.0045655118301511 0.24337502382695708 2.0829018705990165
leaf_count=6 203 11 218 166 716 168 1175 9 61 14 465
internal_value=3.65598e-05 -0.000201948 0.00752112 0.00345311 -0.0012458 -0.00385971 0.00245336 0.0316326 0.0448559 0.0404211 0.0403419
internal_weight=376.298 373.479 44.4692 40.0999 329.009 192.784 136.225 2.81927 4.3693 2.48646 2.32628
internal_count=3212 2718 456 384 2262 884 1378 494 72 485 479
is_linear=0
shrinkage=0.04


Tree=167
num_leaves=15
num_cat=0
split_feature=23 23 24 27 31 13 30 10 13 21 1 21 24 23
split_gain=1.75617 7.9564 7.13607 5.90985 8.96395 7.48361 5.48318 5.08292 4.11004 4.67215 3.94341 3.55469 3.1419 3.12918
threshold=0.062090009826634276 0.053821622614450143 1.010785959050071 0.20441590367307935 0.99999999983280941 0.00022718075776895005 0.16823327160656099 2.8343466124097483e-05 -0.00076073196074874993 0.96704044340626594 -5.6255300765972731e-05 0.67239269795611356 1.0818594090835352 0.056847302843415756
decision_type=2 2 2 2 2 2 2 2 2 2 2 2 2 2
left_child=1 8 3 4 -2 -5 13 -8 9 -1 -10 -4 -13 -3
right_child=2 6 11 5 -6 -7 7 -9 10 -11 -12 12 -14 -15
leaf_value=-0.03473760194900944 -0.00019720188939420627 -0.059993090990532169 -0.015039810612503408 -0.0067698065325572307 0.046250146807516698 -0.069602933871389883 0.050289905542239596 -0.026428446504333406 -0.0045362478800796907 0.027684327694222483 0.0068896258254207386 0.04402122045313387 0.012591483029223671 -0.023800456068237136
leaf_weight=9.6411995496600849 98.335697632282972 5.5160297590773615 3.298151537775996 11.401118027046321 7.1301457354566073 4.1320636256132266 2.6725722700357428 2.86090226797387 87.60624410607852 2.3951030122116199 107.79887614957988 11.16850392217748 9.3488371402490866 12.446899357717482
leaf_count=85 794 56 26 105 57 32 25 24 702 31 990 100 86 99
internal_value=3.63753e-05 -0.00212909 0.00348967 -0.000449663 0.00294293 -0.0234844 -0.0241897 0.0106252 0.00036967 -0.0223163 0.00176705 0.0235042 0.0297001 -0.0349144
internal_weight=375.752 230.938 144.815 120.999 105.466 15.5332 23.4964 5.53347 207.441 12.0363 195.405 23.8155 20.5173 17.9629
internal_count=3212 2012 1200 988 851 137 204 49 1808 116 1692 212 186 155
is_linear=0
shrinkage=0.04


Tree=168
num_leaves=9
num_cat=0
split_feature=33 19 31 29 33 27 19 28
split_gain=1.75529 2.08846 4.7537 6.94589 4.83625 4.73171 6.82093 1.72568
threshold=0.71302186015021218 0.62475451162833517 0.9404360157948074 0.86719314289853444 0.48557271915197647 0.2626690552978192 0.62461943998629788 0.85714234693912184
decision_type=2 2 2 2 2 2 2 2
left_child=1 5 3 -3 -4 6 -1 -7
right_child=-2 2 4 -5 -6 7 -8 -9
leaf_value=-0.00022454496659502881 0.033775559279308538 0.0047204112252915509 0.009055109248129925 0.046942268233360389 -0.0088262297876634845 0.0067236542372010591 -0.023301169716646745 0.055674777093389881
leaf_weight=72.14856010931544 2.4511581882834426 137.40448941104114 33.005811816779897 6.5303732646862036 90.716247821226716 2.0425649089738718 28.62427858193405 2.6436066003516316
leaf_count=525 24 1298 494 76 512 19 225 39
internal_value=3.69313e-05 -0.000184712 0.00169375 0.00663603 -0.00405596 -0.00495229 -0.0067794 0.0343384
internal_weight=375.567 373.116 267.657 143.935 123.722 105.459 100.773 4.68617
internal_count=3212 3188 2380 1374 1006 808 750 58
is_linear=0
shrinkage=0.04


Tree=169
num_leaves=9
num_cat=0
split_feature=2 14 14 29 7 27 19 14
split_gain=1.73291 1.91602 6.70195 5.18079 3.65684 4.17907 3.09497 1.05931
threshold=-0.11539062813899408 -0.00022628758010739998 -0.00022790400724684998 0.50441793467256713 -0.00057666504885744996 0.15072225288096033 0.62530388721420249 -0.0010265311404843997
decision_type=2 2 2 2 2 2 2 2
left_child=7 2 3 -2 6 -6 -3 -1
right_child=1 4 -4 -5 5 -7 -8 -9
leaf_value=0.0029285073303897922 -0.015242307045119243 -0.0065710197908527158 -0.063052527560499366 0.0026634718843272071 0.0046501678573342064 -0.0066716469078624205 0.059133276427856978 0.038882391883749472
leaf_weight=2.3787124501541257 37.411417552852072 1.7855469891801465 3.0345934345386913 83.690779650351033 164.26299270987511 76.437107327394187 3.2078567874850705 2.9214777091983697
leaf_count=18 276 15 24 763 1383 673 36 24
internal_value=3.66282e-05 -0.000288834 -0.0043393 -0.00286806 0.00175767 0.00105479 0.0356387 0.0227464
internal_weight=375.13 369.83 124.137 121.102 245.694 240.7 4.9934 5.30019
internal_count=3212 3170 1063 1039 2107 2056 51 42
is_linear=0
shrinkage=0.04


Tree=170
num_leaves=8
num_cat=0
split_feature=32 14 30 20 19 32 21
split_gain=1.70228 2.37828 3.40166 2.22855 4.28248 2.57428 1.39702
threshold=0.46457362740970426 -0.0011978535981395997 0.25044847414833349 0.98578218869716705 0.62496475540671004 0.4015356822545551 0.95661579733171886
decision_type=2 2 2 2 2 2 2
left_child=1 2 6 5 -5 -3 -1
right_child=-2 3 -4 4 -6 -7 -8
leaf_value=0.054794114903680219 0.035311823651516978 5.256055637409046e-05 -0.017141415825961955 -0.065979547625525159 0.0075827995660603335 -0.036646460077397934 0.011092965065712321
leaf_weight=3.4683226455235845 2.1760388154070816 356.97694657719694 2.4397732785437256 2.3853557216934851 2.6987852453021333 3.084626540541648 1.7665365788852794
leaf_count=46 24 3003 21 28 49 18 23
internal_value=3.58949e-05 -0.00017 0.0218667 -0.000633167 -0.0269309 -0.000261838 0.0400469
internal_weight=374.996 372.82 7.67463 365.146 5.08414 360.062 5.23486
internal_count=3212 3188 90 3098 77 3021 69
is_linear=0
shrinkage=0.04


Tree=171
num_leaves=14
num_cat=0
split_feature=33 25 33 26 3 1 15 8 25 19 28 28 25
split_gain=1.75576 3.80182 2.70346 3.44896 2.08419 6.17012 4.87247 4.44564 3.19822 6.60049 5.29733 0.686712 0.0100934
threshold=0.6170465989912467 0.00019782710311839138 0.66189542152082537 -0.10526315789473688 0.0011780443411986501 -8.5943583826242329e-05 -0.00041147592448799995 0.0006177679807095501 0.00029057847173844426 0.62527683067219697 1.1470439166246591 1.0731029929033966 0.0002860680840929513
decision_type=2 2 2 2 2 2 2 2 2 2 2 2 2
left_child=4 2 -2 -4 5 6 -1 -7 10 -10 -6 12 -3
right_child=1 11 3 -5 8 7 -8 -9 9 -11 -12 -13 -14
leaf_value=-0.0051497038884464998 -0.02199735366505844 0.045718963031130169 0.036305260103442046 -0.012046338497036813 -0.017173472144523524 0.00037485090776982597 -0.054937100590797823 -0.034522684040361955 0.013213176142472931 -0.0018217288499920254 0.02552658937550123 0.0079976164766540399 0.042135798695581823
leaf_weight=5.9469759871717542 5.4864947907626656 2.2155595887452355 4.9596802406013003 4.5038857050240031 27.789517566561699 93.719931596890092 6.6753331325016898 6.2288878967519841 70.925035414751619 136.89033604110591 5.5823917062953106 1.0373319722712038 2.909859430976212
leaf_count=44 32 26 41 34 207 722 46 39 635 1225 66 20 75
internal_value=3.49096e-05 0.0112404 0.000342392 0.0132938 -0.000633853 -0.00512792 -0.0314799 -0.00179999 0.0014637 0.00330951 -0.0100307 0.0376777 0.0436847
internal_weight=374.871 21.1128 14.9501 9.46357 353.758 112.571 12.6223 99.9488 241.187 207.815 33.3719 6.16275 5.12542
internal_count=3212 228 107 75 2984 851 90 761 2133 1860 273 121 101
is_linear=0
shrinkage=0.04


Tree=172
num_leaves=14
num_cat=0
split_feature=25 9 19 13 0 31 1 29 14 8 31 0 29
split_gain=1.67107 4.69565 5.42448 4.3982 3.45438 4.65074 4.03705 3.32475 3.54758 3.17383 4.31574 3.36707 3.03018
threshold=0.00049011906640982806 0.00045778411876013311 0.62679045762644969 0.00038340835832500006 77.708922630056222 0.61676723896720465 0.00032691024285245004 0.36233598619755208 0.00052687793952900009 0.0015326497614167002 0.9999999994573654 59.599255601686927 0.6183218149158497
decision_type=2 2 2 2 2 2 2 2 2 2 2 2 2
left_child=1 4 3 -3 6 -6 -1 8 -2 10 -9 -11 -4
right_child=7 2 12 -5 5 -7 -8 9 -10 11 -12 -13 -14
leaf_value=0.00041553993698643563 -0.04425645967436697 -0.012438151040436982 -0.015186481909473921 -0.050727861469951188 -0.057882875343221674 0.043072846180173284 -0.044368670878835052 0.040088017281625393 0.013916811788190039 -0.06196630140138245 0.0030470636126921791 0.0064420234138923664 0.047548294813762548
leaf_weight=305.7018954756204 3.5218363613821557 13.414852349320432 2.1835604552179566 7.4741702675819388 0.84137336956336994 5.5203552319435403 3.2548724240623406 10.72779996215832 3.2024425597628579 1.503075748332775 9.4804716376820561 4.9176412359811366 2.826515784021467
leaf_count=2437 27 111 22 41 11 108 45 175 23 17 103 63 29
internal_value=3.50032e-05 -0.000800299 -0.0171732 -0.0261384 0.000544507 0.0297209 -5.62636e-05 0.00858048 -0.0165514 0.0149267 0.0227107 -0.00957222 0.0202064
internal_weight=374.571 341.218 25.8991 20.889 315.318 6.36173 308.957 33.3533 6.72428 26.629 20.2083 6.42072 5.01008
internal_count=3212 2804 203 152 2601 119 2482 408 50 358 278 80 51
is_linear=0
shrinkage=0.04


Tree=173
num_leaves=15
num_cat=0
split_feature=33 6 7 0 2 22 29 14 24 9 33 0 30 25
split_gain=1.73038 4.85023 6.22779 7.33676 4.24296 2.36626 5.72115 4.02011 3.28813 6.66912 4.89558 1.33451 1.12869 0.0971714
threshold=0.5704208134748775 -0.00022389361685859997 -7.3188810901759563e-05 37.175994399259196 0.92145147394702376 0.066849696335044062 0.76996964738749274 0.00018511532445175002 0.84438556573313039 0.00050414042726310644 0.47284233750251975 29.690160837049891 0.040330143106756249 0.00029205107557862733
decision_type=2 2 2 2 2 2 2 2 2 2 2 2 2 2
left_child=5 11 3 -3 -4 8 7 -7 9 -1 -10 -2 -8 -13
right_child=1 2 4 -5 -6 6 12 -9 10 -11 -12 13 -14 -15
leaf_value=-0.012988085129642462 0.01583202187406758 0.013567519075777912 0.026442672853204847 -0.026848522099165512 -0.037990478556719685 -0.0066695289836828714 0.026960704808414809 0.017606792425292728 0.01159289867728344 0.052356412906829956 -0.0034444373847353597 0.056523141994738603 0.062837952279976461 0.044560914666670899
leaf_weight=63.142728107981384 3.3498863596469146 12.476904280483724 16.433810727670792 16.948620161041617 1.8158827684819687 30.245012936415151 2.8207875322550526 17.076357157435268 44.588372871046886 2.6020029225619501 155.26305965334177 1.6844711527228353 2.7913418898824602 3.0607363181188703
leaf_count=495 36 99 189 126 18 219 29 143 963 83 725 11 27 49
internal_value=3.4931e-05 0.00653464 0.00167389 -0.00971146 0.0200314 -0.00110308 0.00661949 0.00209081 -0.0026422 -0.0104019 -8.94935e-05 0.0351616 0.0448052 0.0488073
internal_weight=374.3 55.7703 47.6752 29.4255 18.2497 318.53 52.9335 47.3214 265.596 65.7447 199.851 8.09509 5.61213 4.74521
internal_count=3212 528 432 225 207 2684 418 362 2266 578 1688 96 56 60
is_linear=0
shrinkage=0.04


Tree=174
num_leaves=15
num_cat=0
split_feature=31 14 5 21 31 22 15 1 33 10 14 9 9 8
split_gain=1.6782 7.514 5.88625 5.47477 5.38784 4.46331 4.26956 5.89713 5.78466 4.23364 6.20421 3.61687 3.51816 3.06216
threshold=0.99999999983658594 0.00029846930070645002 1.0000000180025095e-35 0.92792812223093246 0.99999999978812026 0.013059201511512925 0.00072791630394225006 0.00011502524128605001 0.51464740464946057 0.00017032389929190004 -0.00043760898774649991 0.0004419413791302392 0.00037698128149302401 -0.0013982099221880996
decision_type=2 2 2 2 2 2 2 2 2 2 2 2 2 2
left_child=4 2 11 -3 6 -5 7 -1 -8 10 -6 -2 -11 -4
right_child=1 3 13 5 9 -7 8 -9 -10 12 -12 -13 -14 -15
leaf_value=0.0019539597873033262 0.051572399910442261 0.019727823802574044 0.028757533838450144 -0.014022898356097366 -0.033457647719622188 -0.088884474049795742 -0.00051052747327974633 -0.016368635215468781 0.031018983448818642 -0.053763766527145873 0.0015597195185926868 0.0044231403411535202 -0.0099333792265557594 -0.0081509833396452708
leaf_weight=208.03657723544165 8.9339468511752802 2.6182909226045004 4.9880872219800976 2.5498136717360467 10.518021265510468 2.547242381144315 20.240156208747067 32.495229784748517 17.240997588261962 6.3071627710014564 35.147407734300941 3.6735763759352258 5.4724387654569 12.893071084283291
leaf_count=1755 89 31 33 19 69 22 297 294 111 43 270 39 50 90
internal_value=3.57211e-05 0.00797913 0.0169029 -0.027285 -0.000868923 -0.0514348 0.00143539 -0.000521376 0.0139928 -0.012021 -0.00650576 0.0378341 -0.0334015 0.00214493
internal_weight=373.662 38.204 30.4887 7.71535 335.458 5.09706 278.013 240.532 37.4812 57.445 45.6654 12.6075 11.7796 17.8812
internal_count=3212 323 251 72 2889 41 2457 2049 408 432 339 128 93 123
is_linear=0
shrinkage=0.04


Tree=175
num_leaves=15
num_cat=0
split_feature=33 13 8 0 33 0 29 33 26 31 8 31 25 9
split_gain=1.66813 3.97468 4.07949 3.30232 2.09584 6.24032 9.41054 6.26459 5.7028 9.95159 7.04081 1.61177 0.0210938 0.00105738
threshold=0.57973783670805756 -0.00036946775548509994 -0.00011560313080309998 37.175994399259196 0.49844580334781374 63.200072359442132 0.47652491602497321 0.50514511934191442 -0.10526315789473688 0.99999999983658594 -0.00096106461907419997 0.99999999981987686 0.00028211360365120835 0.00033539282919500986
decision_type=2 2 2 2 2 2 2 2 2 2 2 2 2 2
left_child=4 12 3 -3 8 6 -6 -7 10 -10 -1 -4 -2 -14
right_child=1 2 11 -5 5 7 -8 -9 9 -11 -12 -13 13 -15
leaf_value=-0.0077125474191073367 0.048784403517996497 0.012818857481884289 0.039204566520991399 -0.013737556725774609 -0.023878952861776308 -0.027795347939160955 -0.0013429573817071662 0.019007105550109208 -0.0078931300993851788 0.040529429730275214 0.023249691602964605 0.00082246897601541934 0.043634966079659381 0.042047714490359524
leaf_weight=17.502954732859507 1.3278557434678067 12.421948784962298 6.027635573409496 18.877736177295446 39.678409278392792 5.4226903468370429 117.26669462770224 29.302620135247707 77.179323986056261 7.445874872384592 35.75859101396054 2.4669592715799809 1.103954588994384 1.7143103219568727
leaf_count=212 11 105 88 154 180 23 536 145 1084 125 451 37 17 44
internal_value=3.61914e-05 0.00735709 0.00347389 -0.00319808 -0.000939916 -0.00364548 -0.00704044 0.0116985 0.00282097 -0.0036326 0.0130748 0.0280578 0.0446279 0.0426695
internal_weight=373.498 43.9404 39.7943 31.2997 329.557 191.67 156.945 34.7253 137.887 84.6252 53.2615 8.49459 4.14612 2.81826
internal_count=3212 456 384 259 2756 884 716 168 1872 1209 663 125 72 61
is_linear=0
shrinkage=0.04


Tree=176
num_leaves=10
num_cat=0
split_feature=23 23 13 27 10 23 24 3 23
split_gain=1.68601 3.42033 3.19745 3.07471 2.90385 2.25558 5.7716 3.4652 1.66763
threshold=0.15057403179708687 0.14065034101495019 -0.00032720896275089995 0.17474705829332751 -0.00015619564704019996 0.10966491190269569 1.01547855223815 0.0011780443411986501 0.14712939441025116
decision_type=2 2 2 2 2 2 2 2 2
left_child=1 5 -2 4 -4 7 -7 -1 -3
right_child=2 8 3 -5 -6 6 -8 -9 -10
leaf_value=-0.0070024622439548122 -0.019146607694745094 -0.052899080999157598 -0.023818747490127263 -0.023306789866397937 0.033172490267739149 0.0020338806159486888 0.051366951677397826 0.0018691577610023245 -0.0095557926331584758
leaf_weight=103.9413825974334 4.3789589034859118 2.8630121035967013 1.6198042482137704 2.3131293114274731 12.237835137406362 19.365327468374748 4.7189969450701019 218.58281237923075 2.8184769819490612
leaf_count=790 33 24 9 16 122 160 44 1990 24
internal_value=3.68733e-05 -0.000612779 0.0111741 0.0193847 0.0265108 -0.00010817 0.0117 -0.000989941 -0.0313973
internal_weight=372.84 352.29 20.5497 16.1708 13.8576 346.609 24.0843 322.524 5.68149
internal_count=3212 3032 180 147 131 2984 204 2780 48
is_linear=0
shrinkage=0.04


Tree=177
num_leaves=9
num_cat=0
split_feature=33 19 33 31 19 23 25 21
split_gain=1.66388 1.78823 2.45581 2.6482 2.05256 0.961594 0.000132297 1.93337e-05
threshold=0.38524484548079169 0.62433522137316955 0.6070885166151031 0.65098241501636023 0.62435551476070894 0.24684155979060488 9.9603001109319195e-05 0.98075201619501984
decision_type=2 2 2 2 2 2 2 2
left_child=5 -2 4 -4 -3 6 -1 -8
right_child=1 2 3 -5 -6 -7 7 -9
leaf_value=0.041307648596317206 -0.033505106909144045 0.027263439022736851 -0.038190383635343599 0.016135827967797979 -0.0011523909849067934 -0.032621919267713281 0.040276876276601974 0.040794604650131711
leaf_weight=0.23479168349876989 2.5602306984364978 4.1164469234645358 1.5364353172481084 21.888743871822953 339.93635494075716 0.3288451051339506 1.9932545932242649 0.1224990386981516
leaf_count=11 15 22 10 262 2409 9 465 9
internal_value=3.61522e-05 -0.000191267 4.0832e-05 0.0125726 -0.000812408 0.0314439 0.0404068 0.0403069
internal_weight=372.718 370.038 367.478 23.4252 344.053 2.67939 2.35055 2.11575
internal_count=3212 2718 2703 272 2431 494 485 474
is_linear=0
shrinkage=0.04


Tree=178
num_leaves=7
num_cat=0
split_feature=13 14 32 6 29 3
split_gain=1.60206 3.45011 2.59313 2.29989 1.54531 1.34298
threshold=-0.0012341084360122999 -0.0011233478858998498 0.44239509876190536 -0.00052651789820329982 0.52825602672262317 0.0025700296271468502
decision_type=2 2 2 2 2 2
left_child=-1 4 3 -3 -2 -6
right_child=1 2 -4 -5 5 -7
leaf_value=-0.031187995988422538 0.0010799406364397964 -0.019113213116388941 0.040458060861436142 -6.4999989295466015e-05 0.054131822274647967 0.014996761565949177
leaf_weight=2.6109026125632218 2.8058482678607088 10.4458625332918 2.4758451655507079 348.49935283767991 3.2651668069884181 2.4600593420909718
leaf_count=26 25 86 27 2977 31 40
internal_value=3.51756e-05 0.00025553 -0.00033794 -0.000619333 0.025398 0.037316
internal_weight=372.563 369.952 361.421 358.945 8.53107 5.72523
internal_count=3212 3186 3090 3063 96 71
is_linear=0
shrinkage=0.04


Tree=179
num_leaves=9
num_cat=0
split_feature=33 25 28 32 33 25 0 23
split_gain=1.59152 1.72682 2.63299 3.97529 3.08893 2.39561 4.13479 2.25681
threshold=0.71302186015021218 0.00014024164617808382 1.3097597413238342 0.086005045716560299 0.54471280363566899 9.5374691703268053e-05 61.124239808539109 0.10966491190269569
decision_type=2 2 2 2 2 2 2 2
left_child=1 5 4 -4 -3 7 -7 -1
right_child=-2 2 3 -5 -6 6 -8 -9
leaf_value=-0.0096248284329461184 0.03281507163571136 -0.0025256107372627172 0.039473554724306158 0.0017189361345381644 0.0065154057367118037 -0.029886419955337914 0.024653597883593267 0.028050651176647529
leaf_weight=6.915048742201181 2.3547134511172763 243.74125527101569 6.8190108414273736 12.910580974072216 80.410672065801919 12.617128329817204 2.6999703617766491 4.0243369950912893
leaf_count=47 24 2134 57 141 634 87 61 27
internal_value=3.42505e-05 -0.000174292 0.000580653 0.0147678 -0.000282853 -0.0100618 -0.0202726 0.00423507
internal_weight=372.493 370.138 343.882 19.7296 324.152 26.2565 15.3171 10.9394
internal_count=3212 3188 2966 198 2768 222 148 74
is_linear=0
shrinkage=0.04


Tree=180
num_leaves=11
num_cat=0
split_feature=33 30 2 23 23 23 13 13 29 9
split_gain=1.60564 1.90105 2.33086 1.94868 1.71579 3.24467 3.10152 2.88914 2.08949 0.00164417
threshold=0.40886998841206229 0.47217712852168742 0.89897397590997963 0.011913537177486703 0.15057403179708687 0.14065034101495019 -0.00032720896275089995 0.00031197496478760004 0.69356528126147576 8.9327855214180093e-05
decision_type=2 2 2 2 2 2 2 2 2 2
left_child=1 2 9 -4 5 8 -6 -8 -2 -1
right_child=4 -3 3 -5 6 -7 7 -9 -10 -11
leaf_value=0.04285164178448661 -0.0026216204959155073 -0.076767157914471501 -0.12634615864980814 0.0019099844488814511 -0.018757104339864088 -0.03231015510535247 0.028189711933956172 -0.014916776865976165 0.0040944081333908833 0.040553535323851871
leaf_weight=0.5770038771443059 232.35238251509145 0.30451066559180606 0.22411541361361731 1.2286348412744699 4.3358470685780075 5.2019106093794099 12.36754004890099 3.114140640012919 108.83929739473388 3.6430636993609369
leaf_count=18 1555 8 4 91 27 37 83 29 766 594
internal_value=3.3299e-05 0.0205976 0.0258241 -0.0178761 -0.000302354 -0.00095724 0.0111445 0.0195188 -0.000479224 0.0408678
internal_weight=372.188 5.97733 5.67282 1.45275 366.211 346.394 19.8175 15.4817 341.192 4.22007
internal_count=3212 715 707 95 2497 2358 139 112 2321 612
is_linear=0
shrinkage=0.04


Tree=181
num_leaves=10
num_cat=0
split_feature=27 12 12 6 12 12 27 12 13
split_gain=1.61275 4.02267 4.87462 3.80716 2.85228 5.50257 3.73571 3.5202 3.03968
threshold=0.15179646807764419 -0.00055258404498424989 -0.00049892097028059993 -0.00032394906214249994 -0.00021284596344244998 -0.00022713082035324996 0.014768195076444992 -0.00019893150030784998 -0.00069865260201109984
decision_type=2 2 2 2 2 2 2 2 2
left_child=4 -2 -3 -4 5 6 -1 -6 -9
right_child=1 2 3 -5 7 -7 -8 8 -10
leaf_value=0.032730488515760027 0.041459482334748943 -0.065874844749363254 0.010661514745352296 -0.0070444453869470819 0.047300952744743191 -0.062422636787919768 -0.0080649047304774523 -0.032072369279352871 0.0039708234610040596
leaf_weight=4.0175158339552572 3.1013779880013308 2.0470536202192298 24.043998732813634 101.26287727133604 2.9492382309399536 2.7415047476533791 33.866008069133386 3.8172833590069777 194.20384795503924
leaf_count=35 38 10 227 888 24 29 283 42 1636
internal_value=3.27795e-05 -0.00355113 -0.00464724 -0.00364701 0.001968 -0.00769877 -0.00373859 0.00392208 0.00327601
internal_weight=372.051 130.455 127.354 125.307 241.595 40.625 37.8835 200.97 198.021
internal_count=3212 1163 1125 1115 2049 347 318 1702 1678
is_linear=0
shrinkage=0.04


Tree=182
num_leaves=15
num_cat=0
split_feature=19 19 32 33 31 29 33 33 33 30 30 24 6 24
split_gain=1.54992 4.59274 5.00372 4.29838 4.12529 6.46347 5.49452 4.40703 5.28208 3.54976 6.47861 4.46393 0.480121 0.00447201
threshold=0.62475451162833517 0.62469328022509385 0.088075526035371707 0.5704208134748775 0.9404360157948074 0.86719314289853444 0.51464740464946057 0.614552139315657 0.48747083060623997 0.02294883582006892 0.25849148077900957 0.87501286079553053 8.6847432864154585e-05 0.76569217513321775
decision_type=2 2 2 2 2 2 2 2 2 2 2 2 2 2
left_child=1 9 3 -3 5 6 -2 8 -6 11 -11 -1 -7 -9
right_child=4 2 -4 -5 7 12 -8 13 -10 10 -12 -13 -14 -15
leaf_value=-0.0030581654809781608 -0.0023523805851643357 -0.027360699438982412 -0.070630478523656143 0.028756928753284755 0.0083860790272713408 0.052906937270297279 0.013944937395238926 0.045260839238098705 -0.010233765080596471 -0.014899171558162517 0.018878768971339714 0.02427039591325051 0.028200433371010258 0.041974961895049956
leaf_weight=22.903234496014193 78.962874053569976 8.4503294334281218 3.0381939129438242 2.9449424035847178 34.088679755688645 4.5219376125605768 56.986381934024394 0.94673897139728014 85.560024242848158 41.484262032667175 11.632873237831516 16.418877732474357 1.7437926909187806 2.2089134370908141
leaf_count=162 933 67 17 20 502 53 365 14 429 300 101 165 23 61
internal_value=3.2408e-05 -0.004034 -0.0250188 -0.0128579 0.00167224 0.00630973 0.00447903 -0.00369825 -0.00492885 -0.000757428 -0.00750166 0.00835283 0.046031 0.0429608
internal_weight=371.892 106.873 14.4335 11.3953 265.019 142.215 135.949 122.804 119.649 92.4392 53.1171 39.3221 6.26573 3.15565
internal_count=3212 832 104 87 2380 1374 1298 1006 931 728 401 327 76 75
is_linear=0
shrinkage=0.04


Tree=183
num_leaves=14
num_cat=0
split_feature=33 13 13 33 10 33 8 8 17 19 3 24 20
split_gain=1.54042 2.17158 9.60675 3.94368 2.80458 1.97273 7.61348 11.8644 5.454 4.60357 4.68112 1.29097 1.06911
threshold=0.43653174209096801 0.00014183190811500003 7.0883779173906906e-05 0.41498727763925286 -0.00049892097028059993 0.53035574285805898 0.00057660699514205016 -5.8777932785198877e-05 1.0000000180025095e-35 0.62437536735286769 0.0011780443411986501 1.0944992903215154 0.44152154474543898
decision_type=2 2 2 2 2 2 2 2 2 2 2 2 2
left_child=1 2 4 -4 -1 9 7 -7 -8 -2 -11 12 -3
right_child=5 11 3 -5 -6 6 8 -9 -10 10 -12 -13 -14
leaf_value=-0.058320542937783978 0.038245426919712652 0.042354142162133804 0.0093643777299289386 -0.099971876129014564 0.02407982969301186 0.00087257394807209161 -0.030492927939131872 0.032771773598906033 0.006792867813507672 -0.012910342817404675 8.6388759987479199e-05 -0.027969456052462715 -0.031827166072616181
leaf_weight=0.70716198021545906 4.2610267698764792 4.8978176083182907 0.74825883435551022 1.7917339028790591 10.100566648819951 84.173054403625429 16.158629118464887 23.967462550848722 10.264125090092422 62.87277377769351 150.43071739561856 0.52821753174066532 0.33191931492183346
leaf_count=25 22 308 57 18 597 568 116 169 59 333 905 19 16
internal_value=3.26488e-05 0.0110944 0.00223722 -0.0677624 0.0186883 -0.000567539 0.00323939 0.00794248 -0.016009 -0.00292212 -0.00374449 0.0316267 0.037646
internal_weight=371.233 19.1057 13.3477 2.53999 10.8077 352.128 134.563 108.141 26.4228 217.565 213.303 5.75795 5.22974
internal_count=3212 1040 697 75 622 2172 912 737 175 1260 1238 343 324
is_linear=0
shrinkage=0.04


Tree=184
num_leaves=11
num_cat=0
split_feature=27 10 10 23 15 15 24 9 29 14
split_gain=1.52235 3.78176 4.37239 3.67431 2.97985 8.53757 6.98655 6.90095 6.85438 3.05297
threshold=0.15179646807764419 -0.00055258404498424989 -0.00049892097028059993 0.01364701264481118 -0.00047107200716999995 -0.00039691821370779995 0.96160629227428196 0.00018564013320313826 0.33674312777663656 -0.00022628758010739998
decision_type=2 2 2 2 2 2 2 2 2 2
left_child=4 -2 -3 -4 7 6 -6 -1 -9 -7
right_child=1 2 3 -5 5 9 -8 8 -10 -11
leaf_value=-0.04287808156209591 0.040719453224399578 -0.062209152609567053 -0.023793088161821258 -0.0012281034003558075 -0.049834960583053409 -0.0083569426786154078 0.016501637404429271 -0.031551281759891532 0.019398257152740985 0.0045952506718552671
leaf_weight=3.6138404831290236 3.0291253958130246 2.0667533725500098 12.87028916319832 112.19701213965891 9.3792292728321609 36.810798973834608 3.4837937343399963 4.6805714508518568 43.388459651439916 139.32281494647032
leaf_count=17 38 10 107 1008 67 303 24 33 409 1196
internal_value=3.35995e-05 -0.00345136 -0.00450378 -0.0035502 0.00191832 -0.000409149 -0.0318685 0.0104295 0.0144372 0.00188833
internal_weight=370.843 130.163 127.134 125.067 240.68 188.997 12.863 51.6829 48.069 176.134
internal_count=3212 1163 1125 1115 2049 1590 91 459 442 1499
is_linear=0
shrinkage=0.04


Tree=185
num_leaves=7
num_cat=0
split_feature=22 23 10 25 9 10
split_gain=1.50254 2.39108 3.75407 3.40013 2.46903 2.46917
threshold=0.23727291117692845 0.15057403179708687 -0.00012786543058624996 0.00014483328815227811 7.8735865386877485e-05 7.0970809985436897e-05
decision_type=2 2 2 2 2 2
left_child=1 4 -3 -4 -1 -6
right_child=-2 2 3 -5 5 -7
leaf_value=-0.036958088266631849 -0.0288923627998805 -0.019197564443072457 -0.011222023912804507 0.035068832921341296 0.0024590588531074532 -0.0045068770856264845
leaf_weight=2.9437000211328259 2.8511938247829667 4.1239604195579913 3.3192431097850195 10.797212772769852 215.76253237732453 130.75610541843344
leaf_count=22 24 27 25 114 1925 1075
internal_value=3.3266e-05 0.000257557 0.0143762 0.0241843 -0.000479372 -0.000169483
internal_weight=370.554 367.703 18.2404 14.1165 349.462 346.519
internal_count=3212 3188 166 139 3022 3000
is_linear=0
shrinkage=0.04


Tree=186
num_leaves=14
num_cat=0
split_feature=33 9 31 9 3 9 7 9 9 8 9 9 1
split_gain=1.60422 3.18005 3.10495 2.23933 1.91459 5.68954 9.08582 6.38819 2.99288 5.89367 4.91414 0.00874237 0.000241422
threshold=0.62969749953042675 0.00019487907027754744 0.99999999979896004 0.00013720161172339721 0.0011780443411986501 0.00029757884579180839 1.0000000180025095e-35 0.00022827085145842824 0.00031403399166626497 0.0010696874611964002 0.00033985541362569887 0.00025069600350386458 -5.8251330561642771e-05
decision_type=2 2 2 2 2 2 2 2 2 2 2 2 2
left_child=4 2 3 -2 5 7 -7 -1 9 -6 -10 -3 -13
right_child=1 11 -4 -5 8 6 -8 -9 10 -11 -12 12 -14
leaf_value=-0.0050519602243041251 0.0019046066513573219 0.045577003988637871 -0.027958272355030695 0.043648593870393153 -0.011050735590802789 -0.039583696638303079 0.0042479248351279739 0.02246172769646735 0.019644678602976032 0.033473229253511663 0.0011997848485036861 0.042000289901457308 0.041203892642569032
leaf_weight=65.666386542841792 6.7741494514048117 1.4502781890332688 3.8264606297016135 2.9521999321877956 49.350024958024733 16.602454453939576 13.903329146094618 16.996886515524238 27.06877693044953 5.2642593751661471 158.05627820472 1.5702167451381681 0.99492021743208203
leaf_count=488 50 15 27 22 405 115 104 159 239 46 1464 40 38
internal_value=3.2341e-05 0.0118295 0.00256628 0.014575 -0.000554938 -0.00484312 -0.019607 0.000605293 0.0014693 -0.00675908 0.00389678 0.0430948 0.0416914
internal_weight=370.477 17.5682 13.5528 9.72635 352.908 113.169 30.5058 82.6633 239.739 54.6143 185.125 4.01542 2.56514
internal_count=3212 192 99 72 3020 866 219 647 2154 451 1703 93 78
is_linear=0
shrinkage=0.04


Tree=187
num_leaves=10
num_cat=0
split_feature=33 26 25 1 14 9 33 6 24
split_gain=1.54412 2.92196 2.18735 3.16964 4.20234 3.12841 2.36454 1.57208 0.0172575
threshold=0.66189542152082537 1.0000000180025095e-35 0.00014024164617808382 -2.9105834571441221e-05 -9.9212676576137114e-05 0.00014326575308551038 0.41039268547880731 -0.00015083769914339996 0.76007686423548493
decision_type=2 2 2 2 2 2 2 2 2
left_child=2 7 3 -1 -5 -4 -7 -2 -9
right_child=1 -3 5 4 -6 6 -8 8 -10
leaf_value=-0.035655134789974584 0.0079869180488828344 -0.015709411922807639 0.037456748906871236 -0.031132887867989033 0.013655762087917842 0.030986730042826944 -0.00038106472682551576 0.049504748099626641 0.044201714601441754
leaf_weight=6.6831749565899399 2.8947048997506499 3.2545648757368326 3.6027122344821683 5.2225986244156966 9.3568368640262598 3.8901669467450111 331.35344523377717 1.9521586596965774 1.9754068478941915
leaf_count=37 21 30 28 37 118 640 2256 18 27
internal_value=3.25862e-05 0.0154761 -0.000399565 -0.0128446 -0.00238828 0.00038136 -1.70728e-05 0.0303531 0.0468375
internal_weight=370.186 10.0768 360.109 21.2626 14.5794 338.846 335.244 6.82227 3.92757
internal_count=3212 96 3116 192 155 2924 2896 66 45
is_linear=0
shrinkage=0.04


Tree=188
num_leaves=10
num_cat=0
split_feature=2 7 1 15 8 22 1 27 33
split_gain=1.53133 1.6402 4.91096 4.6025 10.9558 3.92314 3.50971 2.66178 0.810522
threshold=-0.11539062813899408 0.00014323552001700002 1.0000000180025095e-35 0.00024020630486695004 -0.00028335612578614996 0.012666504965152247 0.00013709017668870002 0.035086466706636101 0.50018336063277258
decision_type=2 2 2 2 2 2 2 2 2
left_child=8 3 7 6 -5 -4 -2 -3 -1
right_child=1 2 5 4 -6 -7 -8 -9 -10
leaf_value=0.004730776772261208 0.00055110667810413707 0.0044041312493450788 -0.019548864494132973 0.010270094430872121 -0.039484400798585985 0.0039084806571187793 -0.036922928040662169 0.045455353676461432 0.036586519607821291
leaf_weight=2.3956572072347617 215.15505529881921 4.1281127359252405 12.998800467466934 12.826742493780332 15.807873930432832 93.194494029216003 4.0745303265284738 6.5166537974728271 2.7390561010688543
leaf_count=26 1742 33 140 92 131 920 50 62 16
internal_value=3.18457e-05 -0.000273561 0.00363353 -0.00211528 -0.0171971 0.00103714 -0.000145374 0.0295354 0.0217239
internal_weight=369.837 364.702 116.838 247.864 28.6346 106.193 219.23 10.6448 5.13471
internal_count=3212 3170 1155 2015 223 1060 1792 95 42
is_linear=0
shrinkage=0.04


Tree=189
num_leaves=15
num_cat=0
split_feature=25 9 33 33 31 5 31 33 31 3 6 31 22 33
split_gain=1.51574 4.65039 6.92696 4.96599 3.19566 5.71634 4.38701 3.18926 4.79529 5.67973 3.20265 2.9724 0.572718 0.0141352
threshold=0.00049011906640982806 0.00045778411876013311 0.49965328459648312 0.55437887974564704 0.9999999998350052 1.0000000180025095e-35 0.99999999979495946 0.55737238173545978 0.95823024195260487 0.0026841210534736004 -0.00018866129243279997 0.73075686576241583 0.0082581495512753268 0.58140541796809175
decision_type=2 2 2 2 2 2 2 2 2 2 2 2 2 2
left_child=1 4 11 -4 6 -6 -1 8 10 -10 -2 -3 -9 -14
right_child=7 2 3 -5 5 -7 -8 12 9 -11 -12 -13 13 -15
leaf_value=0.0012922513041172326 -0.011694281530261703 -0.01301087317972402 -0.04432503130736179 -0.0016562736020421906 0.03258860979421515 -0.001559797285280754 -0.01283284767477239 0.014037336584332861 -0.04526980897298695 0.0061302334948159943 0.033101453869664225 0.04163563886631879 0.048602450446326328 0.043618987765182637
leaf_weight=237.69530934432987 3.5072591884527347 2.7652913408819613 12.378668069839479 6.7407098207622758 13.314871269860303 19.086218838347122 41.29238223831635 1.1764478404074896 5.3750684757251284 9.5530395189998654 9.3915864118607733 3.7553654151270166 1.8413665741682055 1.8017403353005645
leaf_count=2034 77 33 54 71 131 133 303 15 40 80 142 45 15 39
internal_value=3.1455e-05 -0.000765707 -0.01714 -0.0292818 0.00058257 0.0124731 -0.000798375 0.00826102 0.00305798 -0.0123771 0.0209213 0.0184611 0.0383021 0.0461378
internal_weight=369.675 337.029 25.64 19.1194 311.389 32.4011 278.988 32.6465 27.827 14.9281 12.8988 6.52066 4.81955 3.64311
internal_count=3212 2804 203 125 2601 264 2337 408 339 120 219 78 69 54
is_linear=0
shrinkage=0.04


Tree=190
num_leaves=13
num_cat=0
split_feature=10 10 30 14 14 30 9 21 23 27 23 1
split_gain=1.45015 4.58623 4.71682 4.50958 4.4089 3.77413 4.3112 4.8869 4.01564 2.03428 1.74012 1.4113
threshold=5.6476036731820723e-05 4.2541726645153992e-05 0.23236606712423341 -0.0011978535981395997 -0.0010265311404843997 0.31619777268871635 0.00015833205801884601 0.82474387032535046 0.15867509548184472 0.19817505171036107 0.066264766419909263 4.2531728441708168e-05
decision_type=2 2 2 2 2 2 2 2 2 2 2 2
left_child=1 2 3 -1 -4 6 7 -2 -8 11 -3 -7
right_child=5 10 4 -5 -6 9 8 -9 -10 -11 -12 -13
leaf_value=0.037939659637657892 0.01341081692477103 0.017915959387914959 -0.02420563702336934 -0.0020601972544043675 0.024124705709249589 0.012820597735267619 -0.00090306565227720359 -0.041900966812075557 0.037888694516795433 -0.060131811180113806 0.060446790386654195 -0.038045418141765069
leaf_weight=4.6237010302138506 3.7080710958689442 3.6893399301334275 3.5100331308785853 182.75504158454714 21.633079093997367 1.6763136222725727 127.84916783520021 8.2241585708688927 4.4172022514976552 2.649040837190114 2.6410042726201937 1.8205954391742123
leaf_count=59 22 39 29 1561 244 21 1057 59 56 24 21 20
internal_value=3.1273e-05 0.00210908 0.00110972 -0.00107317 0.0173777 -0.00299334 -0.00168494 -0.0247122 0.000392434 -0.0336914 0.0356597 -0.0136618
internal_weight=369.197 218.852 212.522 187.379 25.1431 150.345 144.199 11.9322 132.266 6.14595 6.33034 3.49691
internal_count=3212 1953 1893 1620 273 1259 1194 81 1113 65 60 41
is_linear=0
shrinkage=0.04


Tree=191
num_leaves=8
num_cat=0
split_feature=13 14 7 12 29 7 6
split_gain=1.54979 3.05243 2.32764 2.88853 1.49079 0.994338 0.603389
threshold=-0.0012341084360122999 -0.0011233478858998498 -0.0012524051036730498 -0.00064382217802974985 0.52825602672262317 -0.0012060756544125999 -0.00059512556644534989
decision_type=2 2 2 2 2 2 2
left_child=-1 4 6 -4 -2 -6 -3
right_child=1 2 3 -5 5 -7 -8
leaf_value=-0.030800542872509908 0.0001086641834468413 -0.040111589496044112 -0.037232407062923301 0.00043172936521638844 0.018569013996842767 0.052509142030773712 -0.012441731817211808
leaf_weight=2.5902222658041856 2.7327576028183085 2.7069814509013668 3.2885622599860644 349.71081464242889 2.6558906307327561 2.877400871948339 2.3605658330488941
leaf_count=26 25 24 27 3021 26 45 18
internal_value=3.12052e-05 0.000249206 -0.000305562 8.08481e-05 0.0242805 0.0362184 -0.0272224
internal_weight=368.923 366.333 358.067 352.999 8.26605 5.53329 5.06755
internal_count=3212 3186 3090 3048 96 71 42
is_linear=0
shrinkage=0.04


Tree=192
num_leaves=7
num_cat=0
split_feature=6 27 27 1 8 14
split_gain=1.53422 2.69069 2.97665 7.66614 2.88945 1.69741
threshold=0.0011998726716298002 0.35652636241831631 0.2988312263567951 -0.00035165543304714993 -0.0017018023295208998 -0.00043760898774649991
decision_type=2 2 2 2 2 2
left_child=1 2 4 -4 -1 -3
right_child=-2 5 3 -5 -6 -7
leaf_value=0.022486239465934293 -0.029132862842060878 0.05784558660718097 -0.054029253399007507 0.010000394631558081 -4.6977160897343999e-05 0.007763102695153937
leaf_weight=9.3555157965747622 2.8638514003250739 2.0630322931101546 5.5769010176882148 6.4543416836531815 340.26868504565209 2.2787611193489274
leaf_count=100 24 25 43 75 2906 39
internal_value=3.03937e-05 0.00025859 -0.000117195 -0.0196796 0.000555984 0.0315601
internal_weight=368.861 365.997 361.655 12.0312 349.624 4.34179
internal_count=3212 3188 3124 118 3006 64
is_linear=0
shrinkage=0.04


Tree=193
num_leaves=12
num_cat=0
split_feature=33 26 10 19 24 8 1 7 19 1 24
split_gain=1.44914 2.69259 2.71386 1.9767 4.25338 6.41581 4.64293 2.87836 10.0478 8.10474 0.0293313
threshold=0.66189542152082537 1.0000000180025095e-35 -7.1193638796716391e-05 0.62475451162833517 0.84438556573313039 0.0006177679807095501 -4.2937886297722543e-05 0.00011974252344920001 0.62510999757575569 0.00013991709197345002 0.74548398179841058
decision_type=2 2 2 2 2 2 2 2 2 2 2
left_child=3 2 -2 4 6 -6 -1 9 -9 -5 -4
right_child=1 -3 10 7 5 -7 -8 8 -10 -11 -12
leaf_value=-0.04320027337685578 -0.0086105189701420788 -0.014527538758744159 0.05058366735562924 -0.0003621383983037129 0.004918754607343416 -0.038197059174589654 -0.0083828705558351788 0.030833061271868422 -0.00020710009071708726 -0.059413905626568342 0.044077307520888759
leaf_weight=8.0987745071761292 2.0510659478604794 3.2917644158005714 1.8459086939692477 165.05473614495713 57.625783195951954 6.1072522967588148 25.182699136901647 21.797488459851593 71.150902464985847 3.8044309786055228 2.7754690637812018
leaf_count=46 11 30 15 1378 491 54 163 242 698 44 40
internal_value=2.97209e-05 0.0150766 0.0296814 -0.000388118 -0.00526524 0.000787159 -0.0168554 0.00141913 0.00707218 -0.00169259 0.0466761
internal_weight=368.786 9.96421 6.67244 358.822 97.0145 63.733 33.2815 261.808 92.9484 168.859 4.62138
internal_count=3212 96 66 3116 754 545 209 2362 940 1422 55
is_linear=0
shrinkage=0.04


Tree=194
num_leaves=12
num_cat=0
split_feature=33 13 7 14 19 6 6 9 6 25 9
split_gain=1.47388 3.75495 3.71397 7.0636 2.99554 1.94407 2.38406 4.87221 3.90179 0.0183011 0.00101688
threshold=0.57973783670805756 -0.00036946775548509994 -7.3188810901759563e-05 0.00019797082707865001 0.6244196862040885 0.0011998726716298002 0.00055061813951950013 0.00045075624629169756 0.00050579332009400007 0.00028211360365120835 0.00033539282919500986
decision_type=2 2 2 2 2 2 2 2 2 2 2
left_child=5 9 3 -3 -4 6 8 -8 -1 -2 -11
right_child=1 2 4 -5 -6 -7 7 -9 -10 10 -12
leaf_value=-0.00091339362918349488 0.048417664172436425 0.00245701708720016 -0.013758193353869802 -0.061216099034609513 0.032644139233942347 -0.035270745278098058 0.044713071956388975 -0.0032117729046688259 -0.047989015214191751 0.043537358530366027 0.041927741421543548
leaf_weight=306.05229844042333 1.2726068906486028 23.352005083113912 2.9281668849289408 3.1655009035021058 9.2820317214354855 2.6096684415824702 5.5414311254862687 8.7588512700749543 2.8431981810135758 1.0451782625168564 1.5732306316494939
leaf_count=2577 11 190 19 28 147 21 61 63 34 17 44
internal_value=2.98753e-05 0.00702502 0.0032616 -0.0051439 0.0215162 -0.000885162 -0.000607513 0.0153593 -0.0013467 0.0444827 0.0425702
internal_weight=368.424 42.6187 38.7277 26.5175 12.2102 325.805 323.196 14.3003 308.895 3.89102 2.61841
internal_count=3212 456 384 218 166 2756 2735 124 2611 72 61
is_linear=0
shrinkage=0.04


Tree=195
num_leaves=14
num_cat=0
split_feature=25 25 32 3 33 31 33 8 25 2 31 22 33
split_gain=1.44052 4.33843 3.72126 4.29302 3.01491 4.49028 5.64022 3.22246 3.00927 3.80243 2.86286 0.547283 0.0120456
threshold=0.00049011906640982806 0.00043028647836217972 0.24104375476948772 0.0013789821446969002 0.55737238173545978 0.95823024195260487 0.49185119636303393 0.0015326497614167002 0.00041053702518493366 0.66942694024680416 0.9999999998350052 0.0082581495512753268 0.58140541796809175
decision_type=2 2 2 2 2 2 2 2 2 2 2 2 2
left_child=1 8 3 -3 5 7 -7 -2 10 -10 -1 -6 -13
right_child=4 2 -4 -5 11 6 -8 -9 9 -11 -12 12 -14
leaf_value=-0.0015211569423711788 0.029974459416616386 0.029770832863112707 -0.059918386334630855 -0.013740990873186053 0.014255347004527623 0.035200007504538111 -0.024764127985401622 -0.021856563597982426 0.021710875625248833 -0.02454586446156275 0.012347041729305291 0.048145157089299541 0.043439036406022674
leaf_weight=242.13794138026424 10.446957794425545 4.0122881669085464 2.4886495261453083 37.880123725160956 1.1738874800503243 3.1974191155750296 11.669797435402868 2.3511764793074681 19.506741559016522 3.3285271303029722 26.414761386811733 1.7744454480707648 1.7076685139909384
leaf_count=2064 159 33 22 293 15 68 52 60 135 33 224 15 39
internal_value=3.01523e-05 -0.000746215 -0.0123967 -0.0095736 0.00809541 0.00308364 -0.0118679 0.0204525 0.00102826 0.0149684 -0.000157085 0.0378747 0.0458372
internal_weight=368.09 335.769 44.3811 41.8924 32.3214 27.6654 14.8672 12.7981 291.388 22.8353 268.553 4.656 3.48211
internal_count=3212 2804 348 326 408 339 120 219 2456 168 2288 69 54
is_linear=0
shrinkage=0.04


Tree=196
num_leaves=12
num_cat=0
split_feature=33 9 14 24 22 24 19 33 22 19 32
split_gain=1.42413 3.14779 2.5793 2.46278 1.70394 4.75872 5.44214 3.83019 3.00993 8.34036 4.64208
threshold=0.62969749953042675 7.8735865386877485e-05 0.00015614686320810004 0.81794067705098239 0.066849696335044062 0.76199802523185267 0.62448225481618436 0.52537350790961457 0.0498235614680059 0.62642538153757699 0.2131859674686436
decision_type=2 2 2 2 2 2 2 2 2 2 2
left_child=4 -2 3 -3 8 7 -7 -6 10 -10 -1
right_child=1 2 -4 -5 5 6 -8 -9 9 -11 -12
leaf_value=0.0012646127354456027 -0.045421968555541585 0.0096842146296144179 -0.022114505820232968 0.045042008284088907 0.010677624758667575 0.042651373657967333 0.0050046827428929797 -0.044011682212523232 -0.014330119922837318 0.053943702413404529 -0.027495950625925827
leaf_weight=229.28078905545408 1.4336391389369989 8.1655409764498454 2.3513497598469248 5.133455420844256 3.4303108967142162 7.154917996376752 43.474168710643426 5.0882572792470455 49.847470285603777 3.0372714323457322 9.3451942831743491
leaf_count=2054 7 68 35 82 27 52 373 29 367 33 85
internal_value=3.02508e-05 0.0113077 0.0165044 0.0233324 -0.000519183 0.005671 0.0103249 -0.021989 -0.00177517 -0.010409 0.000138277
internal_weight=367.742 17.084 15.6503 13.299 350.658 59.1477 50.6291 8.51857 291.511 52.8847 238.626
internal_count=3212 192 185 150 3020 481 425 56 2539 400 2139
is_linear=0
shrinkage=0.04


Tree=197
num_leaves=15
num_cat=0
split_feature=33 13 13 0 3 10 4 23 23 0 30 23 2 9
split_gain=1.41176 3.11822 6.41502 5.47412 3.93535 3.49155 3.26327 2.18987 7.87826 5.48264 5.0399 3.59678 5.48063 3.68266
threshold=0.45513688121472767 0.00014183190811500003 4.2567682917814063e-05 75.987255875049684 0.0016382419853673503 -0.00012767225123009996 1.0000000180025095e-35 0.062090009826634276 0.053821622614450143 59.599255601686927 0.12922829803318164 0.077855415147333504 0.091816175563260757 0.00031538739266783665
decision_type=2 2 2 2 2 2 2 2 2 2 2 2 2 2
left_child=1 2 6 -3 -5 -4 -1 8 9 -2 -10 13 -13 -9
right_child=7 3 5 4 -6 -7 -8 11 10 -11 -12 12 -14 -15
leaf_value=0.022635295430688047 -0.0043386550683444519 0.03654992883913194 -0.1204286873227277 -0.10942264593211246 0.014042424883015443 -0.02600783180576955 -0.011759593807464089 3.6905189750017531e-05 -0.037557369847216311 0.012389581204300828 0.0070259707728369068 0.024989995470745353 -0.0049177657747979213 0.024828298871764021
leaf_weight=12.525075557350652 142.62023035343736 9.6276418555062246 0.71966635715216387 0.75605596974491962 0.91050455963704735 4.8464180948212734 6.8149280936340793 17.635002575814724 16.035087265074257 40.179390322417021 5.4309796299785367 11.231040641665457 77.129859581589699 21.007036646828055
leaf_count=435 852 356 17 10 61 109 286 94 90 232 32 69 446 123
internal_value=3.02754e-05 0.00753034 -0.000375222 0.0249638 -0.041969 -0.038216 0.0105154 -0.000789314 -0.00335373 -0.000661786 -0.0262777 0.00333517 -0.00111636 0.0135143
internal_weight=367.469 36.2003 24.9061 11.2942 1.66656 5.56608 19.34 331.269 204.266 182.8 21.4661 127.003 88.3609 38.642
internal_count=3212 1274 847 427 71 126 721 1938 1206 1084 122 732 515 217
is_linear=0
shrinkage=0.04


Tree=198
num_leaves=7
num_cat=0
split_feature=32 2 2 13 33 29
split_gain=1.4668 1.78326 3.9526 2.31879 1.84458 1.62464
threshold=0.46457362740970426 -0.081943134334837436 -0.047340752084466343 -0.00052525109147909981 0.66189542152082537 0.61580691940247367
decision_type=2 2 2 2 2 2
left_child=1 3 -3 5 -4 -1
right_child=-2 2 4 -5 -6 -7
leaf_value=0.013004107921198159 0.033544070588049757 -0.047536465038076799 -0.00068346107965893852 -0.015542780702787253 0.01792726411484305 0.053644886883586443
leaf_weight=3.7423856456298381 2.0778537441510698 2.8478950338321729 344.52981374558294 2.4596696142107231 8.737102469429372 2.7159965583123267
leaf_count=34 24 28 3000 13 91 22
internal_value=3.16418e-05 -0.000159119 -0.000601545 0.0175078 -0.000223175 0.0300951
internal_weight=367.111 365.033 356.115 8.91805 353.267 6.45838
internal_count=3212 3188 3119 69 3091 56
is_linear=0
shrinkage=0.04


Tree=199
num_leaves=9
num_cat=0
split_feature=26 33 3 8 33 8 26 13
split_gain=1.40609 1.40485 4.69733 5.19786 3.95978 7.80589 5.52631 2.71353
threshold=-0.63157894736842091 0.53907332994281754 0.0023715857811272504 0.00060227215303430013 0.49844580334781374 -0.00021988391863839998 -0.10526315789473688 -0.00033990019704584993
decision_type=2 2 2 2 2 2 2 2
left_child=-1 4 3 -3 6 -6 -2 -4
right_child=1 2 7 -5 5 -7 -8 -9
leaf_value=0.030293696236396307 0.01311266301364265 0.0043923748530996535 0.053235220683444801 -0.021143245286444585 -0.019225533279294479 0.0015753780436797169 -0.0034941703567830267 0.014360368418531319
leaf_weight=2.440137827768921 51.920377188362181 80.119558985345066 3.8775942772626886 15.168888750486074 49.715213939547539 68.828023307025433 83.822595785488375 11.087576108053323
leaf_count=13 662 582 33 110 215 302 1209 86
internal_value=3.08336e-05 -0.000171738 0.00359935 0.000327381 -0.00180681 -0.0071482 0.00285778 0.0244332
internal_weight=366.98 364.54 110.254 95.2884 254.286 118.543 135.743 14.9652
internal_count=3212 3199 811 692 2388 517 1871 119
is_linear=0
shrinkage=0.04


Tree=200
num_leaves=10
num_cat=0
split_feature=27 10 10 23 23 3 9 19 6
split_gain=1.39307 3.54078 3.90748 3.38302 2.74828 2.65219 6.66108 4.23175 2.2135
threshold=0.15179646807764419 -0.00055258404498424989 -0.00049892097028059993 0.01364701264481118 0.23589149913422156 0.0011780443411986501 0.00029757884579180839 0.62527683067219697 -0.00010572656765534998
decision_type=2 2 2 2 2 2 2 2 2
left_child=4 -2 -3 -4 5 6 -1 -7 -6
right_child=1 2 3 -5 8 7 -8 -9 -10
leaf_value=0.002708531856800288 0.040187150288600371 -0.058674077530210478 -0.022861699675296644 -0.0011681830789715176 0.0011151056910435478 0.014420671964832588 -0.019838595624868553 -0.00063024065787769797 0.050854862669340674
leaf_weight=75.441357798641548 2.925429309369064 2.0817559510469428 12.830068307812324 111.09677333082072 2.5521580018103123 47.971391408587806 29.03210277389735 79.295167019707151 3.2600845308043054
leaf_count=581 38 10 107 1008 17 440 227 750 34
internal_value=3.0402e-05 -0.00331704 -0.00432704 -0.0034141 0.00184726 0.00116589 -0.00355708 0.005043 0.0290141
internal_weight=366.486 128.934 126.009 123.927 237.552 231.74 104.473 127.267 5.81224
internal_count=3212 1163 1125 1115 2049 1998 808 1190 51
is_linear=0
shrinkage=0.04


Tree=201
num_leaves=12
num_cat=0
split_feature=10 6 14 30 29 28 20 1 14 2 0
split_gain=1.36757 4.87833 3.99419 4.30319 4.10707 3.93483 5.70958 3.59766 3.5193 2.40152 1.99298
threshold=7.0789944989808562e-05 -0.00030506396983889995 0.0008659976387409002 0.26129453060434732 0.52825602672262317 0.7616959177336603 0.030469756871294867 -5.1346314933753405e-05 0.00069716653804040014 0.094521747766587866 65.704259846887055
decision_type=2 2 2 2 2 2 2 2 2 2 2
left_child=2 9 3 8 -5 7 -7 -3 -1 -2 -4
right_child=1 5 10 4 -6 6 -8 -9 -10 -11 -12
leaf_value=0.0001693261249113309 -0.0067346211434254422 -0.014844980384969148 0.055109133130936502 0.05276973310992604 0.0086143887153836557 -0.0013630016588282179 -0.034383029886348455 0.033451262268552238 -0.038655031248591092 -0.063468350009442676 0.0078642637287634019
leaf_weight=201.50250933761708 1.9364768702071149 3.4257162082940331 3.2980267815291873 4.5571502249804352 12.942871368257327 111.35764761845348 9.0602593406802026 8.8256507671903801 3.8062267552595577 3.1125948135741055 2.5203463643556461
leaf_count=1752 22 29 32 60 136 884 109 87 33 32 36
internal_value=3.00764e-05 -0.00311882 0.00192688 0.00107251 0.0201128 -0.00165016 -0.00384743 0.0199467 -0.00055044 -0.0417092 0.0346441
internal_weight=366.345 137.718 228.627 222.809 17.5 132.669 120.418 12.2514 205.309 5.04907 5.81837
internal_count=3212 1163 2049 1981 196 1109 993 116 1785 54 68
is_linear=0
shrinkage=0.04


Tree=202
num_leaves=14
num_cat=0
split_feature=19 0 15 0 31 29 19 31 31 14 14 9 6
split_gain=1.42869 3.87245 4.40745 5.2667 3.61966 6.02697 4.56123 3.41731 2.90809 5.0558 4.74963 0.535533 0.476968
threshold=0.62475844347467324 76.552754661114577 0.00026961827773145009 63.516334245837321 0.9404360157948074 0.86719314289853444 0.62510215845878969 0.92816548325382897 0.97979745086370673 0.00058961801211155002 0.00069716653804040014 0.00021070675568843461 8.6847432864154585e-05
decision_type=2 2 2 2 2 2 2 2 2 2 2 2 2
left_child=1 2 7 -4 5 6 -2 -1 9 -6 -10 -3 -7
right_child=4 11 3 -5 8 12 -8 -9 10 -11 -12 -13 -14
leaf_value=-0.008183415797168879 0.016631354866744687 0.051935728792189696 -0.040506789150677694 0.0011356756628313615 -0.028232160367778425 0.052384261130774691 -0.00017648188312117811 0.008132121123819289 0.0023111398736675383 0.018873042378410289 -0.026377439385310432 0.018756198712677301 0.027044671372031308
leaf_weight=48.079023678554222 35.144888528855518 1.9949123992118978 11.067766860360281 8.6630567966494691 15.592396503197962 4.3161873691715291 97.501953110913746 35.859910191968083 89.951071635063272 4.7581136986846095 10.289613813511094 1.2762905256822703 1.6401791318785397
leaf_count=347 321 36 76 86 127 53 967 286 758 38 80 14 23
internal_value=3.02016e-05 -0.00385979 -0.00521188 -0.0222232 0.00163517 0.00604429 0.00427677 -0.00121319 -0.00343252 -0.0172186 -0.000633716 0.0389904 0.0454066
internal_weight=366.135 106.941 103.67 19.7308 259.194 138.603 132.647 83.9389 120.591 20.3505 100.241 3.2712 5.95637
internal_count=3212 845 795 162 2367 1364 1288 633 1003 165 838 50 76
is_linear=0
shrinkage=0.04


Tree=203
num_leaves=10
num_cat=0
split_feature=33 30 2 23 15 15 15 7 25
split_gain=1.34086 1.73188 2.17156 1.66682 1.53539 3.00021 2.77538 2.19726 0.00212375
threshold=0.40886998841206229 0.47217712852168742 0.89897397590997963 0.010529114399647391 -0.0020263673393442496 -0.0015932969358731998 -0.00082278840206634991 -0.0012060756544125999 9.9603001109319195e-05
decision_type=2 2 2 2 2 2 2 2 2
left_child=1 2 8 -4 -2 7 -7 -6 -1
right_child=4 -3 3 -5 5 6 -8 -9 -10
leaf_value=0.042955042703300042 0.035571041199055166 -0.07155412538760049 -0.11443502925182845 0.002150536740759212 -0.043547047718728131 0.0098356419572327835 -0.0012026197145385295 -0.0020087721300824299 0.040393324235399153
leaf_weight=0.6183094535954291 1.9023034619167436 0.31477914936840523 0.23519900906831015 1.1835760871181262 4.4153738403692842 41.321130064781755 308.86279828893021 3.7834602207876724 3.185336054651998
leaf_count=15 22 8 3 92 27 316 2098 34 597
internal_value=3.03373e-05 0.0195645 0.0250566 -0.0171766 -0.000269882 -0.000460126 9.98771e-05 -0.0243787 0.0408097
internal_weight=365.822 5.5372 5.22242 1.41878 360.285 358.383 350.184 8.19883 3.80365
internal_count=3212 715 707 95 2497 2475 2414 61 612
is_linear=0
shrinkage=0.04


Tree=204
num_leaves=6
num_cat=0
split_feature=13 6 10 15 33
split_gain=1.47958 2.76401 3.0802 2.56136 1.78307
threshold=-0.0012341084360122999 -0.00073345479997139992 -0.00064382217802974985 -0.0015932969358731998 0.50018336063277258
decision_type=2 2 2 2 2
left_child=-1 4 -3 -4 -2
right_child=1 2 3 -5 -6
leaf_value=-0.030246907290811378 0.005796010925280432 -0.039332523312596915 -0.023173536017721225 0.00070318540564907395 0.057081470617850405
leaf_weight=2.5643833272624752 2.1251750804367466 3.1800220429431638 7.3400681202183469 348.23324713320471 2.215404262766242
leaf_count=26 31 28 80 3032 15
internal_value=2.98375e-05 0.00024367 -0.000140211 0.0002103 0.0319718
internal_weight=365.658 363.094 358.753 355.573 4.34058
internal_count=3212 3186 3140 3112 46
is_linear=0
shrinkage=0.04


Tree=205
num_leaves=14
num_cat=0
split_feature=19 27 19 0 9 27 21 24 28 21 32 28 14
split_gain=1.32275 4.7416 5.6299 6.48803 4.5142 2.78946 5.06253 3.85099 3.41534 5.42814 3.30816 1.59074 0.0941536
threshold=0.62475451162833517 0.2626690552978192 0.62461943998629788 70.885992202227911 0.00019687167701378693 0.27144995216375328 0.84501047738347868 1.0078940654294697 0.74513972036644593 0.91840885697820263 0.069378467895239507 0.85714234693912184 -0.00014205352577689997
decision_type=2 2 2 2 2 2 2 2 2 2 2 2 2
left_child=1 2 3 -1 -4 8 -7 -8 9 -2 -10 -3 -13
right_child=5 11 4 -5 -6 6 7 -9 10 -11 -12 12 -14
leaf_value=-0.0028622124011406275 0.0019092813648405665 0.0083428347897459131 -0.050514251465833285 0.045667951909214126 -0.012170914933512562 -0.069250466271872368 -0.019287140366588428 0.018013894906991346 -0.0015200524839791452 0.052155217024621947 0.0091730746182413468 0.062691589288579513 0.047907716726423549
leaf_weight=67.211473579751328 8.7493602975737286 2.0736681893467894 6.3251201864331987 4.7170075962785623 22.000225982163101 2.2360160872340229 12.099313707789408 6.9850070009706533 159.54828335682396 5.6690425132401279 65.211263259931002 1.2650412619113924 1.5143438798841087
leaf_count=499 88 20 36 46 190 12 150 70 1426 70 564 8 33
internal_value=2.89642e-05 -0.00375877 -0.005628 0.000320354 -0.0207331 0.00155725 -0.0123065 -0.00563468 0.00279307 0.021665 0.00158243 0.0348557 0.0546366
internal_weight=365.605 105.107 100.254 71.9285 28.3253 260.498 21.3203 19.0843 239.178 14.4184 224.76 4.85305 2.77939
internal_count=3212 832 771 545 226 2380 232 220 2148 158 1990 61 41
is_linear=0
shrinkage=0.04


Tree=206
num_leaves=15
num_cat=0
split_feature=23 31 2 6 3 24 7 24 29 33 24 33 31 0
split_gain=1.32529 4.23391 4.1841 4.73228 2.70845 5.07992 4.7247 4.69648 2.98626 11.4898 3.82923 2.19186 3.12982 0.510354
threshold=0.10966491190269569 0.63424307263144919 0.091816175563260757 -9.1037292195913288e-05 0.0011780443411986501 0.93040685018697122 -0.00014971994622664997 0.90683418968999852 0.4435424332438605 0.49306576637932459 0.78866480118016835 0.50347561114801764 0.56042300066830852 31.921272922455042
decision_type=2 2 2 2 2 2 2 2 2 2 2 2 2 2
left_child=4 11 13 -4 5 7 -7 -1 9 -6 -10 12 -2 -3
right_child=1 2 3 -5 8 6 -8 -9 10 -11 -12 -13 -14 -15
leaf_value=-0.0038450030668566925 -0.012036996157187339 0.030913863811089674 -0.016319099150928128 0.014710541597989471 0.030058893795481555 -0.041836259369067465 -0.0092630171722748091 0.028265352939017614 0.023997543422701575 -0.018527815345989032 0.0022523278106750312 0.0084222770672975518 -0.087994929854404394 0.055981938582519687
leaf_weight=59.659878523321822 1.9453188241459423 2.5011015157215288 11.076684341998769 27.112151902983896 10.055520756635813 10.064042483922092 24.395402355119586 8.3020639803726208 14.135525425139347 34.526192116551101 155.40852601826191 1.7934470251202581 1.5671743371058253 2.7045231992378831
leaf_count=409 31 19 86 247 159 74 228 79 171 196 1464 10 18 21
internal_value=2.91446e-05 0.00617206 0.0102962 0.00571038 -0.000915936 -0.00626577 -0.0187762 7.75192e-05 0.00164301 -0.00756896 0.00406531 -0.0275567 -0.0459273 0.0439377
internal_weight=365.248 48.7004 43.3945 38.1888 316.547 102.421 34.4594 67.9619 214.126 44.5817 169.544 5.30594 3.51249 5.20562
internal_count=3212 432 373 333 2780 790 302 488 1990 355 1635 59 49 40
is_linear=0
shrinkage=0.04


Tree=207
num_leaves=6
num_cat=0
split_feature=13 6 10 32 33
split_gain=1.39703 2.59008 2.82597 2.15106 1.69063
threshold=-0.0012341084360122999 -0.00073345479997139992 -0.00064382217802974985 0.44239509876190536 0.50018336063277258
decision_type=2 2 2 2 2
left_child=-1 4 -3 -4 -2
right_child=1 2 3 -5 -6
leaf_value=-0.029361783981031581 0.0057818408796651904 -0.037533690109050569 -4.7990522430169986e-05 0.038284007063790731 0.056195951204274952
leaf_weight=2.5693247576709828 2.1065914064529343 3.2031471995869643 352.4169024139992 2.3580117053352287 2.1510852538049221
leaf_count=26 31 28 3085 27 15
internal_value=2.94893e-05 0.00023796 -0.000130914 0.000206783 0.0312523
internal_weight=364.805 362.236 357.978 354.775 4.25768
internal_count=3212 3186 3140 3112 46
is_linear=0
shrinkage=0.04


Tree=208
num_leaves=12
num_cat=0
split_feature=33 13 1 27 9 6 6 9 2 25 9
split_gain=1.32761 3.58833 3.75649 3.55655 3.07282 1.75082 2.2533 4.55277 3.53345 0.0161978 0.000874402
threshold=0.57973783670805756 -0.00036946775548509994 -4.6517570389648093e-05 0.16704759346210399 7.8735865386877485e-05 0.0011998726716298002 0.00055061813951950013 0.00045075624629169756 1.0534466340403703 0.00028211360365120835 0.00033539282919500986
decision_type=2 2 2 2 2 2 2 2 2 2 2
left_child=5 9 3 -3 -4 6 8 -8 -1 -2 -11
right_child=1 2 4 -5 -6 -7 7 -9 -10 10 -12
leaf_value=-0.00085005735918991174 0.048074213899133265 -0.014686397309210985 -0.028775359219495141 0.017314863530919378 0.030385094593452348 -0.033615091639711069 0.044026229862514643 -0.0028239101179533699 -0.042743162003750966 0.043365024700013396 0.041834108314124416
leaf_weight=302.88104118977208 1.2237653993070119 18.737950025126342 1.6347531601786602 7.8991205338388673 9.9834239138290268 2.5871166137512764 5.3722368811722836 8.6823189468123001 3.2559451831039032 0.99967695958912406 1.4817066499963401
leaf_count=2575 11 161 8 73 142 21 61 63 36 17 44
internal_value=2.8661e-05 0.00672192 0.00308156 -0.00519655 0.0220608 -0.000841445 -0.000576637 0.0150842 -0.00129561 0.0443082 0.0424509
internal_weight=364.739 41.9604 38.2552 26.6371 11.6182 322.779 320.192 14.0546 306.137 3.70515 2.48138
internal_count=3212 456 384 234 150 2756 2735 124 2611 72 61
is_linear=0
shrinkage=0.04


Tree=209
num_leaves=11
num_cat=0
split_feature=27 12 12 21 15 15 9 7 8 33
split_gain=1.34783 3.24908 3.54256 3.19165 2.66273 7.7391 6.08715 6.65095 4.91096 2.76059
threshold=0.15179646807764419 -0.00055258404498424989 -0.00049892097028059993 0.98152998029947514 -0.00047107200716999995 -0.00039691821370779995 0.00018564013320313826 -0.00079003973949344985 -8.8491260640410801e-05 0.45621835451816722
decision_type=2 2 2 2 2 2 2 2 2 2
left_child=4 -2 -3 -4 6 8 -1 -8 -6 -7
right_child=1 2 3 -5 5 9 7 -9 -10 -11
leaf_value=-0.040220864689682258 0.039163273939698019 -0.05587103364600135 -0.0023201743671977578 -0.043442126764479845 -0.045341753104521966 0.018245884004421131 -0.023924195596269404 0.019827847207510449 0.011050995781569817 0.00026787205232913587
leaf_weight=3.5913883075118056 2.8231345250969744 2.0898995101451865 120.19640865136171 3.0976948319002977 9.3802335474174452 14.959280927723738 6.4452338183182283 40.43565041635884 3.3543790704570702 158.06427054014057
leaf_count=17 38 10 1090 25 65 542 56 386 26 957
internal_value=2.88024e-05 -0.00327321 -0.0042287 -0.00335334 0.00182087 -0.000392773 0.00996797 0.0138128 -0.0304875 0.00182222
internal_weight=364.438 128.207 125.384 123.294 236.23 185.758 50.4723 46.8809 12.7346 173.024
internal_count=3212 1163 1125 1115 2049 1590 459 442 91 1499
is_linear=0
shrinkage=0.04


Tree=210
num_leaves=14
num_cat=0
split_feature=25 25 32 32 9 8 15 33 31 3 6 22 33
split_gain=1.32947 4.02313 3.47929 4.12394 3.27778 5.3583 4.2593 2.86171 3.93542 5.06398 3.03817 0.642004 0.00999996
threshold=0.00049011906640982806 0.00043028647836217972 0.24104375476948772 0.14393098127798579 0.00035389041370507398 0.00095655780682470006 0.00072791630394225006 0.55737238173545978 0.95823024195260487 0.0026841210534736004 -0.00018866129243279997 0.0079708088637973889 0.58140541796809175
decision_type=2 2 2 2 2 2 2 2 2 2 2 2 2
left_child=1 4 3 -3 6 -6 -1 8 10 -10 -2 -9 -13
right_child=7 2 -4 -5 5 -7 -8 11 9 -11 -12 12 -14
leaf_value=-0.0031432175827968882 -0.012550932525715009 -0.013808915931419316 -0.058074750676380432 0.025394177456032688 0.01058489682678161 -0.038658234543043117 0.018376193431624034 0.0093139579338353904 -0.042577102184172815 0.0065450760063605444 0.031670438052116584 0.04766074179681077 0.043372070859285787
leaf_weight=196.99211456102785 3.4316282280487966 36.759390609688126 2.4719250584021202 4.8610510802827767 71.846370906103402 3.7185301177669308 15.904389700386671 1.0064163655042637 5.2470282630529246 9.325844699109437 9.0189810524461809 1.7970249913632872 1.6861318554729221
leaf_count=1584 77 279 22 47 628 73 171 13 40 80 142 16 40
internal_value=2.86723e-05 -0.000715414 -0.0119685 -0.0092302 0.00100467 0.00816165 -0.00153561 0.00788094 0.00296779 -0.0111416 0.0194822 0.037454 0.0455847
internal_weight=364.067 332.554 44.0924 41.6204 288.461 75.5649 212.897 31.5131 27.0235 14.5729 12.4506 4.48957 3.48316
internal_count=3212 2804 348 326 2456 701 1755 408 339 120 219 69 56
is_linear=0
shrinkage=0.04


Tree=211
num_leaves=14
num_cat=0
split_feature=12 6 23 28 30 33 21 14 14 2 28 32 33
split_gain=1.34584 4.23739 3.83839 3.96812 3.76751 4.78527 5.03974 4.31702 3.14734 2.15891 1.54588 1.31948 1.18906
threshold=7.0789944989808562e-05 -0.00030506396983889995 0.15867509548184472 0.69603996724745365 0.26129453060434732 0.51464740464946057 0.87895566071896958 0.0008659976387409002 0.00069716653804040014 0.094521747766587866 1.0053163313634259 0.067972373331531999 0.53907332994281754
decision_type=2 2 2 2 2 2 2 2 2 2 2 2 2
left_child=4 9 3 -3 7 6 -6 8 -1 -2 -4 -9 -7
right_child=1 2 10 -5 5 12 -8 11 -10 -11 -12 -13 -14
leaf_value=0.00020120881018640283 -0.0058910696711991437 0.02796731100987818 0.055938090386793683 -0.0045713417286597866 -0.035958657348024239 0.063037425117159526 0.021570837451395004 0.054638915470520251 -0.036402295202505507 -0.059632835884088832 0.0063621437671606274 0.011961342257843666 0.029624922478950599
leaf_weight=200.14213708823081 1.9396200926275913 6.3086218865937544 2.4990575468400484 121.24666840530699 3.5581734167644772 3.316482037305831 7.7279949378571473 2.9238401285838327 3.8304611520143217 3.1195887146168388 1.6848328879568724 1.9204323366284368 3.5053212083876133
leaf_count=1752 22 64 32 989 57 15 104 28 33 32 24 28 32
internal_value=2.87286e-05 -0.00310508 -0.00172548 -0.00296205 0.0019179 0.0194202 0.0034336 0.000400155 -0.000486179 -0.0390291 0.0359741 0.0377201 0.0458687
internal_weight=363.723 136.798 131.739 127.555 226.925 18.108 11.2862 208.817 203.973 5.05921 4.18389 4.84427 6.8218
internal_count=3212 1163 1109 1053 2049 208 161 1841 1785 54 56 56 47
is_linear=0
shrinkage=0.04


Tree=212
num_leaves=14
num_cat=0
split_feature=33 9 29 33 20 12 31 20 20 24 19 28 9
split_gain=1.34648 3.42586 2.98165 3.21988 1.65598 3.22249 3.41343 3.18834 3.7206 2.72026 1.60128 0.853895 0.00738771
threshold=0.6170465989912467 0.00019487907027754744 0.65488942478255441 0.66189542152082537 0.21932407991240607 -0.00026252642697279996 0.92520520717034926 0.14032799361247236 0.11576605159607818 0.96638196505832463 0.62442592961981969 1.1033977687824976 0.00028865591092615647
decision_type=2 2 2 2 2 2 2 2 2 2 2 2 2
left_child=4 2 3 -2 7 -6 -7 8 -1 -9 -4 12 -3
right_child=1 11 10 -5 5 6 -8 9 -10 -11 -12 -13 -14
leaf_value=-4.5439206963345845e-05 -0.045210934233188546 0.045127384117581056 0.047863985491524708 0.0040279076970896697 0.029261591575453157 -0.0038565779509227029 -0.040072277786036427 0.03909270327869678 -0.044131945057606405 -0.016464754966743135 0.0014512484551366665 -0.00089785085670706342 0.041949008938949123
leaf_weight=312.98278144630603 3.3000143170356768 2.1284233927726737 2.4612670429050914 5.9674677811563015 2.6721832386101623 10.745088371448221 6.7988138889195389 5.8130326723330645 3.0930869373260057 1.8616823162883518 2.3015348240733147 0.81735965237021435 2.598732435144484
leaf_count=2616 17 26 24 47 33 113 103 62 28 29 17 16 81
internal_value=2.88685e-05 0.0102334 -0.000286108 -0.0135053 -0.00055186 -0.0116586 -0.0178913 0.000141681 -0.000476865 0.0256159 0.0254359 0.0368527 0.0433801
internal_weight=363.541 19.5748 14.0303 9.26748 343.967 20.2161 17.5439 323.751 316.076 7.67471 4.7628 5.54452 4.72716
internal_count=3212 228 105 64 2984 249 216 2735 2644 91 41 123 107
is_linear=0
shrinkage=0.04


Tree=213
num_leaves=13
num_cat=0
split_feature=33 0 2 8 29 13 6 31 28 28 28 9
split_gain=1.30144 1.50888 2.05024 1.64899 1.46649 2.89947 6.93457 5.59829 2.14365 4.9749 3.13118 0.00120154
threshold=0.40886998841206229 16.355344557268833 0.89897397590997963 0.00033606870537260003 0.82053350662639535 7.0657396632027214e-05 4.8975045378127801e-05 0.99999999982108634 1.3597772832596124 1.3960996084467074 1.1986566599121342 8.9327855214180093e-05
decision_type=2 2 2 2 2 2 2 2 2 2 2 2
left_child=1 -1 11 -4 8 6 -6 -7 10 -10 -2 -3
right_child=4 2 3 -5 5 7 -8 -9 9 -11 -12 -13
leaf_value=-0.063205078213136923 -0.00069222764114912447 0.042504098525732045 -0.047823680458447211 0.04170693146653668 0.0071754290387408002 0.030715090787630565 -0.050782810220624419 -0.02721545466838764 0.053851068015068719 0.0015915047146840709 -0.014777463125296 0.040504941599762888
leaf_weight=0.33130540233105321 269.98636590084061 0.57015370251610908 0.91697963327169396 0.51345573819708079 21.006480752490464 13.744581763166936 3.9192607924342147 3.3122851755470029 3.6568623594939735 14.358216959051786 27.857833058107644 3.077013753936626
leaf_count=13 1872 18 31 66 146 119 25 20 25 96 194 587
internal_value=2.87031e-05 0.0195029 0.0248994 -0.0156866 -0.000265656 0.00675804 -0.00193778 0.0194655 -0.00119921 0.0121996 -0.00200964 0.0408175
internal_weight=363.251 5.40891 5.0776 1.43044 357.842 41.9826 24.9257 17.0569 315.859 18.0151 297.844 3.64717
internal_count=3212 715 702 97 2497 310 171 139 2187 121 2066 605
is_linear=0
shrinkage=0.04


Tree=214
num_leaves=14
num_cat=0
split_feature=31 14 5 21 31 14 14 10 24 31 19 13 21
split_gain=1.3071 6.46678 5.45486 4.65964 4.24766 3.72509 3.90164 3.33097 3.24342 3.049 3.24273 3.18139 2.56604
threshold=0.99999999983658594 0.00029846930070645002 1.0000000180025095e-35 0.92792812223093246 0.99999999978812026 0.00066151255310055012 -0.00043760898774649991 -0.00036773546914994996 0.89282654583510757 0.99999999975595666 0.62530388721420249 1.4205453472301417e-05 0.96645188296795037
decision_type=2 2 2 2 2 2 2 2 2 2 2 2 2
left_child=4 2 7 -3 9 6 -6 -2 -4 11 -11 -1 -5
right_child=1 3 8 12 5 -7 -8 -9 -10 10 -12 -13 -14
leaf_value=-0.0041072259133802377 -0.0039149391956095868 0.018769317347681974 -0.018758657198805533 -0.077510433469337697 -0.02898308429729695 -0.046756951624973675 -0.0021562480848185865 0.047707701474982302 0.016260677797562958 0.035399325243630153 -0.0040495469932595252 0.0048075215972397415 -0.020243197944406981
leaf_weight=129.027389167808 2.5473382578929895 2.4917734897462642 7.3518131172750172 2.4428927476983517 11.000748923979698 4.2550253323279312 41.014390228199773 9.3061244627460837 9.9706132793799025 8.3081346610560995 5.5685745846712953 127.18593076162506 2.5678442979697138
leaf_count=1226 19 31 54 21 74 31 327 109 69 78 42 1111 20
internal_value=2.88937e-05 0.00718837 0.0157054 -0.0259329 -0.000775733 -0.0107735 -0.00782989 0.0366139 0.00139812 0.00130718 0.0195689 0.000318112 -0.0481628
internal_weight=363.039 36.6784 29.1759 7.50251 326.36 56.2702 52.0151 11.8535 17.3224 270.09 13.8767 256.213 5.01074
internal_count=3212 323 251 72 2889 432 401 128 123 2457 120 2337 41
is_linear=0
shrinkage=0.04


Tree=215
num_leaves=8
num_cat=0
split_feature=22 23 10 27 23 3 23
split_gain=1.30047 2.0369 3.11027 2.85934 1.87494 3.72047 2.65939
threshold=0.23727291117692845 0.15057403179708687 -0.00012786543058624996 0.16563467150398761 0.1351269598266209 0.0011272855340283502 0.10966491190269569
decision_type=2 2 2 2 2 2 2
left_child=1 4 -3 -4 6 -6 -1
right_child=-2 2 3 -5 5 -7 -8
leaf_value=-0.00088667255270071595 -0.027274850299466233 -0.017197312825303481 0.030286734531129584 -0.023212718652304728 0.018382699214148361 -0.039427348257788708 0.01409952408225029
leaf_weight=314.56985534226988 2.7697638357058159 4.0353411547839668 11.524762991233727 1.8557899612933386 2.7055574250407508 5.2134542220737785 20.16029828065075
leaf_count=2777 24 27 122 17 28 38 179
internal_value=2.90505e-05 0.000239083 0.0135837 0.0228667 -0.000439187 -0.0196763 1.59237e-05
internal_weight=362.835 360.065 17.4159 13.3806 342.649 7.91901 334.73
internal_count=3212 3188 166 139 3022 66 2956
is_linear=0
shrinkage=0.04


Tree=216
num_leaves=7
num_cat=0
split_feature=26 0 2 0 15 21
split_gain=1.30494 1.63114 3.84417 2.41533 2.03682 1.83554
threshold=-0.63157894736842091 16.355344557268833 0.099130755655749164 19.773815167686823 -0.0016837812473338998 0.84254417645272039
decision_type=2 2 2 2 2 2
left_child=-1 2 -2 5 -5 -3
right_child=1 3 -4 4 -6 -7
leaf_value=0.029480339211672847 0.011844580144252834 -0.0056041094714827837 -0.049551393427404257 -0.027530414112637593 0.00013592154155614412 0.044306609893032804
leaf_weight=2.3911519031971684 3.1490439157932988 1.7949032811447967 3.3864213572815061 4.3109502420993513 344.30296764941886 3.4355065580457449
leaf_count=13 29 15 31 56 3031 37
internal_value=2.82876e-05 -0.000167129 -0.0199684 0.000198598 -0.0002062 0.0271789
internal_weight=362.771 360.38 6.53547 353.844 348.614 5.23041
internal_count=3212 3199 60 3139 3087 52
is_linear=0
shrinkage=0.04


Tree=217
num_leaves=15
num_cat=0
split_feature=33 6 7 0 2 33 9 25 9 26 31 8 0 9
split_gain=1.28995 4.27925 5.07739 5.55989 4.44255 1.83227 6.45744 14.2962 5.31886 5.10153 8.39948 5.87273 1.34521 0.0901
threshold=0.5704208134748775 -0.00022389361685859997 -7.3188810901759563e-05 37.175994399259196 0.94762039185148828 0.49844580334781374 0.00043799077118279143 0.00035420275792647269 0.00049754028919468609 -0.10526315789473688 0.99999999983658594 -0.0010268377648123498 29.690160837049891 0.00029154306810136755
decision_type=2 2 2 2 2 2 2 2 2 2 2 2 2 2
left_child=5 12 3 -3 -4 9 7 -7 -8 11 -11 -1 -2 -14
right_child=1 2 4 -5 -6 6 8 -9 -10 10 -12 -13 13 -15
leaf_value=-0.0071555736699961542 0.014005889806488592 0.01212298188263667 0.025326410888496131 -0.023817186513637571 -0.043318908309862063 -0.0069009158669933084 -0.029564323524965734 0.023492479913765022 -0.0022588268676825046 -0.0073741578174784462 0.039120719695685501 0.021754701643727423 0.057071997541163412 0.04465123734733166
leaf_weight=16.581336505129002 3.0857447870075694 11.666851311922075 15.287021640688183 16.809695586562157 1.6735905073583115 96.365371033549309 23.981019079685211 33.324862562119961 21.78082886710763 76.209968693205155 6.7688990164315319 34.915036153688561 1.3827548399567602 2.8820687299594283
leaf_count=198 36 99 190 126 17 438 112 155 107 1084 125 465 10 50
internal_value=2.75629e-05 0.00580756 0.00122685 -0.00909249 0.0185528 -0.000956903 -0.00364947 0.000908891 -0.016568 0.00255614 -0.0035814 0.0124459 0.034123 0.0486783
internal_weight=362.715 52.7877 45.4372 28.4765 16.9606 309.927 175.452 129.69 45.7618 134.475 82.9789 51.4964 7.35057 4.26482
internal_count=3212 528 432 225 207 2684 812 593 219 1872 1209 663 96 60
is_linear=0
shrinkage=0.04


Tree=218
num_leaves=14
num_cat=0
split_feature=12 6 19 23 24 21 28 29 28 21 13 2 24
split_gain=1.25658 3.77547 3.75571 4.49511 3.91605 5.22705 4.46019 3.53198 4.01908 2.46353 1.91987 1.90828 1.3406
threshold=7.0789944989808562e-05 -0.00030506396983889995 0.62657043998644391 0.010166705357703873 0.84438556573313039 0.9284093252653528 1.2643794946135232 0.86430519087343149 0.81382424652366148 0.94081656874257036 -0.00038161747586004993 0.094521747766587866 0.94260077274510556
decision_type=2 2 2 2 2 2 2 2 2 2 2 2 2
left_child=2 11 4 10 5 -1 -6 8 -3 -9 -4 -2 -5
right_child=1 7 3 12 6 -7 -8 9 -10 -11 -12 -13 -14
leaf_value=-0.013372873648615771 -0.0056459176322125847 0.014167828702657275 -0.044820631553053082 0.038342467509600894 0.0023301538430863735 0.012881040065864005 0.030717283848463742 0.053882622198493942 -0.0060521083179247252 0.00089610676093721745 0.011685666822726043 -0.056163003924665701 0.0052137849565564356
leaf_weight=53.24045941431541 1.9352832954609756 18.432516435859725 1.9881870595272633 10.099747855740132 130.95517872343771 15.715037398971615 9.4981615100987238 3.0212115421891204 107.21677098836517 2.6226759790442884 1.8640239224769199 3.1337760835886002 2.4233202031464307
leaf_count=392 22 172 17 148 1204 137 89 34 879 24 26 32 36
internal_value=2.86611e-05 -0.00300323 0.00185977 0.0203083 0.000417134 -0.00738958 0.00424983 -0.00169543 -0.00308588 0.0292602 -0.0174781 -0.0368764 0.0319318
internal_weight=362.146 136.362 225.784 16.3753 209.409 68.9555 140.453 131.293 125.649 5.64389 3.85221 5.06906 12.5231
internal_count=3212 1163 2049 227 1822 529 1293 1109 1051 58 43 54 184
is_linear=0
shrinkage=0.04


Tree=219
num_leaves=7
num_cat=0
split_feature=15 15 19 2 10 22
split_gain=1.44248 2.34882 3.68463 2.51005 3.66693 0.867197
threshold=-0.0020263673393442496 -0.0016837812473338998 0.62582826340129283 -0.098466217974959594 -0.00064382217802974985 0.047264759730274268
decision_type=2 2 2 2 2 2
left_child=-1 2 -2 5 -5 -3
right_child=1 3 -4 4 -6 -7
leaf_value=0.035225539062391585 0.010844816445057954 0.012683279681180756 -0.052255541823728054 -0.039917830350550576 0.00025975780682390836 0.043939118584050522
leaf_weight=1.8535019103437651 2.6131849121302357 3.2239924406167111 3.4163747261045501 3.6733411847380912 344.46923062950373 2.5386512286495417
leaf_count=39 24 27 28 35 3039 20
internal_value=2.87164e-05 -0.000152531 -0.0249081 0.000269235 -0.000164166 0.0264526
internal_weight=361.788 359.935 6.02956 353.905 348.143 5.76264
internal_count=3212 3173 52 3121 3074 47
is_linear=0
shrinkage=0.04


Tree=220
num_leaves=8
num_cat=0
split_feature=15 15 15 29 7 9 10
split_gain=1.35747 2.18506 2.58514 5.27945 2.657 2.31345 2.05259
threshold=-0.0020263673393442496 -0.0015932969358731998 -0.00082278840206634991 0.45372687864951311 -0.00057666504885744996 0.00037229740968084264 -0.00031351985816394995
decision_type=2 2 2 2 2 2 2
left_child=-1 5 3 -3 -4 -2 -7
right_child=1 2 4 -5 -6 6 -8
leaf_value=0.034519105380541787 0.017484964457564006 -0.018453135459744863 0.015704177648134695 0.017040598628055365 -0.0017422919981366725 0.0042455690992318851 -0.046850061592411327
leaf_weight=1.8165325790760096 1.944987733848391 8.4367174186045286 14.658635684638282 32.668346499500331 295.91708960046526 1.7495813416317103 4.4763468572637066
leaf_count=39 16 64 131 326 2574 17 45
internal_value=2.78048e-05 -0.000146307 0.000328799 0.00975559 -0.000918849 -0.0205951 -0.0324914
internal_weight=361.668 359.852 351.681 41.1051 310.576 8.17092 6.22593
internal_count=3212 3173 3095 390 2705 78 62
is_linear=0
shrinkage=0.04


Tree=221
num_leaves=11
num_cat=0
split_feature=33 9 20 9 22 22 24 21 28 9
split_gain=1.28398 3.2617 2.22125 2.11269 1.59243 2.10683 4.10912 3.12764 0.849663 0.00669288
threshold=0.6170465989912467 0.00019487907027754744 0.1290878761470684 0.00013293285535799233 0.23727291117692845 0.066849696335044062 0.76199802523185267 0.84501047738347868 1.1033977687824976 0.00028865591092615647
decision_type=2 2 2 2 2 2 2 2 2 2
left_child=4 2 3 -2 5 7 -7 -1 9 -3
right_child=1 8 -4 -5 -6 6 -8 -9 -10 -11
leaf_value=-0.01489721290938077 -0.031999897672006727 0.045003305533134003 0.024999507836900497 0.0054432673905810821 -0.031862476924913057 -0.020442773595552247 0.011230767469550672 -0.00035549596605942494 -0.0011690841834022462 0.041920687418244763
leaf_weight=26.049257795792073 4.1636114157736319 2.0624735364690414 4.0023381002247325 5.7281480170786381 2.577115999069064 7.6027839358430347 47.486462342436425 258.54759947414277 0.80910735484212626 2.4843599675223231
leaf_count=244 27 26 34 44 21 51 403 2265 16 81
internal_value=2.71626e-05 0.0100789 -0.000143861 -0.0103172 -0.000538182 -0.000300532 0.00685955 -0.0016865 0.0365983 0.043319
internal_weight=361.513 19.25 13.8941 9.89176 342.263 339.686 55.0892 284.597 5.35594 4.54683
internal_count=3212 228 105 71 2984 2963 454 2509 123 107
is_linear=0
shrinkage=0.04


Tree=222
num_leaves=15
num_cat=0
split_feature=7 15 8 1 13 23 24 29 24 0 3 23 13 32
split_gain=1.29103 4.21732 9.61038 4.21411 4.13226 4.97956 4.49813 4.04941 3.25885 4.23232 3.71721 3.17226 2.90552 0.773391
threshold=0.00014323552001700002 0.00024020630486695004 -0.00028335612578614996 1.0000000180025095e-35 -4.2576442553362636e-05 0.041483724181929547 0.89083413738133432 0.51908112760603353 0.89282654583510757 57.374097324387257 0.00050427564381030009 0.086480952887815724 0.00043768318982440009 0.11793896734769085
decision_type=2 2 2 2 2 2 2 2 2 2 2 2 2 2
left_child=1 8 7 12 5 -5 -6 -3 10 -10 -1 -4 -2 -14
right_child=3 2 11 4 6 -7 -8 -9 9 -11 -12 -13 13 -15
leaf_value=0.023002937459037177 3.2095062484003354e-05 0.036189949769557209 -0.047095789482045181 -0.0033912750617760396 0.0076344018506226356 0.038288792872972752 -0.010826909764639016 -0.0097257087452828923 0.0028502304226428955 0.034604010913230961 -0.0071421179247089317 -0.0044362136075277421 0.054211880816616223 0.024910576820470664
leaf_weight=7.038334763608872 3.7385179859120381 5.3605895384680498 11.956184145412406 8.7944781408878061 38.226207703351974 9.5843240736285207 47.179265352664515 7.2021525222808123 111.59525093482807 7.1460078896488985 93.361938663467299 3.6375945312902322 4.2810036009177566 2.1727682596538216
leaf_count=53 34 33 94 124 338 104 494 59 956 65 760 37 44 17
internal_value=2.68104e-05 -0.00159652 -0.0161692 0.003549 0.00113867 0.0183444 -0.0025639 0.00986675 0.000275863 0.00476122 -0.00502887 -0.0371445 0.0280924 0.0443471
internal_weight=361.275 247.298 28.1565 113.977 103.784 18.3788 85.4055 12.5627 219.142 118.741 100.4 15.5938 10.1923 6.45377
internal_count=3212 2057 223 1155 1060 228 832 92 1834 1021 813 131 95 61
is_linear=0
shrinkage=0.04


Tree=223
num_leaves=11
num_cat=0
split_feature=27 10 10 24 10 3 29 27 10 15
split_gain=1.27313 3.00087 3.24738 3.30472 2.57648 4.54671 5.29261 4.33302 3.2555 3.09982
threshold=0.15179646807764419 -0.00055258404498424989 -0.00049892097028059993 0.84438556573313039 -0.00021284596344244998 0.0011454668919205003 0.51229325883898935 0.082930596183929034 -0.00019893150030784998 -0.00086324628319574997
decision_type=2 2 2 2 2 2 2 2 2 2
left_child=4 -2 -3 -4 5 7 -7 -1 -6 -10
right_child=1 2 3 -5 8 6 -8 -9 9 -11
leaf_value=-0.01372147986789546 0.038297118700642722 -0.053425203500011509 -0.013885420351912786 0.00080552483526677367 0.046298128409117595 -0.020331254173056118 0.014792970263119896 -0.070122352194654139 0.025091229247336075 0.0018664234638416136
leaf_weight=7.6303203487768752 2.7297512808581805 2.0995249822735778 33.853923297312576 88.663265731593128 2.8247055381070814 11.434643030515874 17.171974425029475 3.0507925469428301 9.6846534045180288 181.866862619936
leaf_count=58 38 10 280 835 24 85 176 28 104 1574
internal_value=2.7294e-05 -0.00319036 -0.00409915 -0.00325387 0.00178091 -0.00756175 0.000753108 -0.029831 0.00366927 0.00304065
internal_weight=361.01 127.346 124.617 122.517 233.664 39.2877 28.6066 10.6811 194.376 191.552
internal_count=3212 1163 1125 1115 2049 347 261 86 1702 1678
is_linear=0
shrinkage=0.04


Tree=224
num_leaves=15
num_cat=0
split_feature=33 13 1 29 10 33 15 0 0 33 29 25 21 24
split_gain=1.2667 3.34289 3.32885 3.21037 2.6282 1.61813 3.00599 4.01287 2.67268 5.69713 3.95933 0.0140026 0.00758153 0.00075507
threshold=0.57973783670805756 -0.00036946775548509994 -4.6517570389648093e-05 0.45372687864951311 -0.00019969190535379998 0.46764489174809565 -0.0013010305934131499 33.830927252862566 63.019381575229815 0.50860907911635278 0.43538503218858515 0.00028211360365120835 0.85373701555890469 0.86556711744831449
decision_type=2 2 2 2 2 2 2 2 2 2 2 2 2 2
left_child=5 11 3 -3 -4 6 12 -8 10 -10 -7 -2 -1 -13
right_child=1 2 4 -5 -6 8 7 -9 9 -11 -12 13 -14 -15
leaf_value=0.046333700363417267 0.047727902701374114 -0.024485338015803326 -0.030596155810059648 0.0051891316552969838 0.028677191487009882 -0.015647424530263274 -0.02334934966417956 0.0076360077381573965 -0.0095663504815662343 0.018435739292134209 -0.0015042920287369295 0.043290109258917416 0.0421711281246719 0.041795528559398186
leaf_weight=1.0678197154775255 1.1782185286283486 8.6925323121249694 1.3629070594906796 17.733527895063162 9.8267346820794028 38.566968809813261 7.8359699769644058 45.627240347035695 20.325588289648294 27.157727882266045 177.10049334168434 0.87244360521435771 2.0329272440867499 1.4229399361647663
leaf_count=15 11 72 16 162 134 187 176 1161 100 140 873 18 104 43
internal_value=2.70468e-05 0.00663823 0.00317116 -0.00457193 0.0214577 -0.000822613 0.00531526 0.00309456 -0.00214194 0.00644924 -0.00403345 0.0441831 0.0436046 0.0423636
internal_weight=360.804 41.0893 37.6157 26.4261 11.1896 319.715 56.564 53.4632 263.151 47.4833 215.667 3.4736 3.10075 2.29538
internal_count=3212 456 384 234 150 2756 1456 1337 1300 240 1060 72 119 61
is_linear=0
shrinkage=0.04


Tree=225
num_leaves=11
num_cat=0
split_feature=23 27 10 31 23 6 33 19 23 9
split_gain=1.23579 2.64933 3.51306 3.05732 2.42279 2.05501 1.82795 2.82278 1.48915 4.47603e-05
threshold=0.15057403179708687 0.17474705829332751 -2.8254573727633606e-05 0.8736787862338653 0.14065034101495019 0.00013721710203070002 0.38524484548079169 0.62433522137316955 0.14712939441025116 9.1868247012317618e-05
decision_type=2 2 2 2 2 2 2 2 2 2
left_child=4 2 3 -2 6 -4 9 -8 -6 -1
right_child=1 -3 5 -5 8 -7 7 -9 -10 -11
leaf_value=0.040780218823864581 -0.034591438596924436 -0.028540494292329913 0.04794906144212914 0.015287078523400702 -0.047108379966886237 0.0028016600664267847 -0.050463963703462698 -3.9623476900282018e-05 -0.005653003359847919 0.040233105146986796
leaf_weight=0.28478762111626466 2.9904077569954133 2.4917055238038293 5.6348079650197187 5.7410185660701245 2.8225767095573238 2.2601619247579947 1.7858516220003355 332.06815116328653 2.7248414696659893 1.4963683573878368
leaf_count=19 26 20 60 38 24 36 11 2514 24 440
internal_value=2.74498e-05 0.0099237 0.0156881 -0.00179571 -0.000527085 0.0350243 -9.37375e-05 -0.000309353 -0.0267459 0.0403206
internal_weight=360.301 19.1181 16.6264 8.73143 341.183 7.89497 335.635 333.854 5.54742 1.78116
internal_count=3212 180 160 64 3032 96 2984 2525 48 459
is_linear=0
shrinkage=0.04


Tree=226
num_leaves=13
num_cat=0
split_feature=33 25 29 33 20 20 20 24 23 24 25 1
split_gain=1.25895 2.66054 2.57859 2.7617 1.48854 3.12095 3.29845 2.93862 4.09993 2.70917 0.00748678 0.000140662
threshold=0.62969749953042675 0.00019782710311839138 0.69356528126147576 0.66189542152082537 0.21932407991240607 0.14032799361247236 0.10565482763371718 1.098933679296535 0.041483724181929547 1.0187306475389211 0.00026864346356219871 -5.8251330561642771e-05
decision_type=2 2 2 2 2 2 2 2 2 2 2 2
left_child=4 2 3 -2 5 6 -1 8 -6 -7 -3 -12
right_child=1 10 -4 -5 7 9 -8 -9 -10 -11 11 -13
leaf_value=1.3778954652833221e-05 -0.04265134514701064 0.04531170084906521 0.031533052937433394 0.0053876094349761018 0.04276979607135916 0.038309450579632441 -0.036963629573050952 -0.04840847317454542 -0.012802808196999083 -0.018550177366570268 0.041683310842771777 0.040988677789708383
leaf_weight=312.1944013449247 2.674581319093706 1.3162760511040681 3.6024482510983935 6.7396710850298405 2.4820282053551699 5.913337792560923 3.9080472724745041 2.8854260873049489 14.729406387894413 1.7338827161584047 1.2309859776869414 0.75097876321524371
leaf_count=2642 14 17 33 54 63 70 35 26 162 22 38 36
internal_value=2.68944e-05 0.0108838 0.0027528 -0.00826022 -0.000488247 0.000167472 -0.000443381 -0.0110515 -0.00478879 0.0254175 0.0429732 0.0414201
internal_weight=360.161 16.3149 13.0167 9.41425 343.847 323.75 316.102 20.0969 17.2114 7.64722 3.29824 1.98196
internal_count=3212 192 101 68 3020 2769 2677 251 225 92 91 74
is_linear=0
shrinkage=0.04


Tree=227
num_leaves=8
num_cat=0
split_feature=15 15 8 13 9 12 12
split_gain=1.2625 2.04464 2.61901 4.55399 2.16985 2.1116 1.89402
threshold=-0.0020263673393442496 -0.0015932969358731998 -0.0017018023295208998 -0.00081023454211744995 0.00037229740968084264 -0.00064382217802974985 -0.00031351985816394995
decision_type=2 2 2 2 2 2 2
left_child=-1 4 3 -3 -2 -4 -6
right_child=1 2 5 -5 6 -7 -8
leaf_value=0.033950740735355853 0.017195277635638214 -0.033264857921032884 -0.028804815483102746 0.042000137468039059 0.00410610725467782 0.00016589307232476268 -0.045244089080584492
leaf_weight=1.7467138759675425 1.9169536866247634 1.6821551104076204 4.0738417247193857 5.4651798708946435 1.7244190679630262 338.79523507173872 4.4691737201064825
leaf_count=39 16 14 36 57 17 2988 45
internal_value=2.6623e-05 -0.000138837 0.00032124 0.0242862 -0.0199938 -0.000178326 -0.031504
internal_weight=359.874 358.127 350.016 7.14733 8.11055 342.869 6.19359
internal_count=3212 3173 3095 71 78 3024 62
is_linear=0
shrinkage=0.04


Tree=228
num_leaves=11
num_cat=0
split_feature=27 10 10 31 15 15 24 9 7 30
split_gain=1.24503 2.79169 3.00904 3.20209 2.43383 6.87069 5.61164 5.47062 5.9478 2.55045
threshold=0.15179646807764419 -0.00055258404498424989 -0.00049892097028059993 0.68135348422922026 -0.00047107200716999995 -0.00039691821370779995 0.96160629227428196 0.00018564013320313826 -0.00079003973949344985 0.32084323553596911
decision_type=2 2 2 2 2 2 2 2 2 2
left_child=4 -2 -3 -4 7 6 -6 -1 -9 -7
right_child=1 2 3 -5 5 9 -8 8 -10 -11
leaf_value=-0.037995119598468408 0.037444043728464126 -0.051362885852083311 -0.022264636557548463 -0.0010083827219980277 -0.044690738446449309 0.001007857709807942 0.015615353296086607 -0.022509801008771851 0.019129482571714197 0.033930934542983751
leaf_weight=3.5791873261332503 2.6525641514454028 2.1121536120772353 12.648503887525292 109.53738439758308 9.3398850280791503 166.76979166700039 3.3558620943222186 6.3735438913572571 39.535188696871046 3.851696196012198
leaf_count=17 38 10 156 959 67 1444 24 56 386 55
internal_value=2.60282e-05 -0.00316055 -0.00402706 -0.0032088 0.0017637 -0.000361295 -0.0287501 0.00963526 0.0133487 0.00175108
internal_weight=359.756 126.951 124.298 122.186 232.805 183.317 12.6957 49.4879 45.9087 170.621
internal_count=3212 1163 1125 1115 2049 1590 91 459 442 1499
is_linear=0
shrinkage=0.04


Tree=229
num_leaves=15
num_cat=0
split_feature=23 23 24 7 10 30 10 27 13 21 1 24 30 10
split_gain=1.24545 6.20881 5.74206 4.65868 5.40497 4.42564 4.23084 3.61568 3.58299 4.22674 3.34014 3.17326 4.48285 4.17062
threshold=0.062090009826634276 0.053821622614450143 1.010785959050071 0.00072379545796625005 0.00033443550386640005 0.16823327160656099 2.8343466124097483e-05 0.12690910406649339 -0.00076073196074874993 0.96704044340626594 -5.6255300765972731e-05 1.0818594090835352 0.22544747037802879 -0.00036773546914994996
decision_type=2 2 2 2 2 2 2 2 2 2 2 2 2 2
left_child=1 8 3 4 -2 -3 -7 -5 9 -1 -10 13 -13 -4
right_child=2 5 11 7 -6 6 -8 -9 10 -11 -12 12 -14 -15
leaf_value=-0.033406270499878564 -0.00044333550011366077 -0.031068594798824841 -0.026551666283211199 0.0099238296626979316 0.042132121973860438 0.048933923942887363 -0.02309442019385816 -0.051132504537642502 -0.0041329308188515004 0.028324699790076992 0.0065854863295923237 0.023158781194385757 -0.032555124886410047 0.047044897132620528
leaf_weight=9.1257191048935038 103.17823606851744 17.722155512077737 1.4196202550083388 2.2722327606752506 5.0021285286638877 2.4633910163538522 2.7742067547515035 4.8948024866404012 84.584754384413827 2.2031152282143003 103.3649874649127 7.9009243376785872 3.2658592774532735 9.3210730920545775
leaf_count=85 877 155 10 22 45 25 24 44 702 31 990 61 42 99
internal_value=2.58385e-05 -0.00182442 0.00302171 -0.000543805 0.0015253 -0.0215215 0.0107826 -0.0317752 0.000444966 -0.0214015 0.00176178 0.0217949 0.00686458 0.0373175
internal_weight=359.493 222.238 137.255 115.347 108.18 22.9598 5.2376 7.16704 199.279 11.3288 187.95 21.9075 11.1668 10.7407
internal_count=3212 2012 1200 988 922 204 49 66 1808 116 1692 212 103 109
is_linear=0
shrinkage=0.04


Tree=230
num_leaves=7
num_cat=0
split_feature=32 14 30 19 2 22
split_gain=1.30965 1.71699 2.47228 1.96031 1.93894 1.53451
threshold=0.46457362740970426 -0.0011978535981395997 0.25044847414833349 0.62431834229907501 -0.11539062813899408 0.015768844897331085
decision_type=2 2 2 2 2 2
left_child=1 2 5 -3 -5 -1
right_child=-2 3 -4 4 -6 -7
leaf_value=0.0011377230488489394 0.032356821531668717 -0.046453839852709802 -0.013863779647699586 0.031258163498767318 -0.000629125244589072 0.051890814678115474
leaf_weight=1.3577366319950659 1.9936078207101662 1.4817307693883766 2.333191363606602 3.0782038761535651 345.80861336417729 3.1987291102414019
leaf_count=20 24 13 21 27 3058 49
internal_value=2.64977e-05 -0.000153915 0.0196211 -0.000542771 -0.000347786 0.0367674
internal_weight=359.252 357.258 6.88966 350.369 348.887 4.55647
internal_count=3212 3188 90 3098 3085 69
is_linear=0
shrinkage=0.04


Tree=231
num_leaves=15
num_cat=0
split_feature=33 2 30 29 33 8 5 0 31 26 26 29 25 19
split_gain=1.26393 1.42566 1.77575 1.54573 1.42094 6.74696 10.4727 5.24221 3.46722 4.85969 4.27181 0.813374 0.00211255 0.000881944
threshold=0.40886998841206229 0.89897397590997963 0.47217712852168742 0.6040437166239524 0.53035574285805898 0.00057660699514205016 1.0000000180025095e-35 64.872871362761657 0.99999999983658594 -0.10526315789473688 -0.42105263157894735 0.58760753177177449 9.9603001109319195e-05 0.62440839720171304
decision_type=2 2 2 2 2 2 2 2 2 2 2 2 2 2
left_child=1 2 12 11 8 6 -6 -7 10 -10 -2 -3 -1 -5
right_child=4 3 -4 13 5 7 -8 -9 9 -11 -12 -13 -14 -15
leaf_value=0.042961989047150782 0.027511252278103325 -0.0076572451564510969 -0.056409411296053688 0.043981910266168905 0.030032224553688886 -0.029815393537839647 0.00040898032532191912 0.0071608450582492439 -0.0087413573821214369 0.033123726626027382 -0.0047105708572323778 -0.083534054565420415 0.040363702006918523 0.040478355987954261
leaf_weight=0.60726397088728834 6.8072747034020713 0.44728574482724048 0.32913784636184562 0.17999306600540876 25.253252690192312 15.587578939273955 78.299261732026935 10.115824187174438 7.937733055092397 10.05728147132322 199.91436193650588 0.4569923555245623 2.8523887563496828 0.31816915015224367
leaf_count=15 43 44 6 7 201 115 536 60 52 88 1402 6 597 40
internal_value=2.58601e-05 0.01962 0.0323733 -0.0148341 -0.0002615 0.00308011 0.00763317 -0.015263 -0.00218358 0.0146567 -0.00364952 -0.0460029 0.0408198 0.0417442
internal_weight=359.164 5.19123 3.78879 1.40244 353.973 129.256 103.553 25.7034 224.717 17.995 206.722 0.904278 3.45965 0.498162
internal_count=3212 715 618 97 2497 912 737 175 1585 140 1445 50 612 47
is_linear=0
shrinkage=0.04


Tree=232
num_leaves=15
num_cat=0
split_feature=33 9 29 0 19 15 29 8 7 7 0 33 15 25
split_gain=1.25178 2.99728 2.54075 2.76379 1.4686 1.4268 4.46916 3.54844 2.86235 2.55613 7.37233 3.84793 0.899944 0.0067258
threshold=0.6170465989912467 0.00019487907027754744 0.65488942478255441 39.678196572458198 0.62442592961981969 -0.00082278840206634991 0.71209126500610065 -0.00088664708306689989 -0.00083170429403584987 -0.00057666504885744996 33.830927252862566 0.54103072679164455 -0.00069900745209649986 0.00025695215449564627
decision_type=2 2 2 2 2 2 2 2 2 2 2 2 2 2
left_child=5 2 3 -2 -4 6 7 -1 -8 11 -11 -7 -3 -14
right_child=1 12 4 -5 -6 9 8 -9 -10 10 -12 -13 13 -15
leaf_value=-0.011063228567370966 0.0042395768602860526 -0.0042133775029543751 0.047163766964482358 -0.041922926931948996 0.0017951740279237858 0.0032787804876052086 0.0085101201744326501 0.014926139717700815 0.045559802273317927 -0.024277390322282547 -0.00049673718520158532 0.052007347216180735 0.045154872640444675 0.041945929602951841
leaf_weight=23.015186660340984 5.9587915353477019 0.74987579928711134 2.3054579570889464 3.1839264817535877 2.2613640278577805 10.867152087506836 7.3062744909548201 13.241641193337275 6.1402974258526211 22.729595258366317 253.3424418902141 3.4053728859871617 1.7464683167636375 2.6021244479343295
leaf_count=199 41 17 24 23 17 92 70 145 80 163 2205 30 20 86
internal_value=2.63485e-05 0.0100716 0.000333845 -0.0118364 0.0246985 -0.000529255 0.00573306 -0.00157145 0.0254286 -0.00160129 -0.00245465 0.0149052 0.0362561 0.0432347
internal_weight=358.856 18.808 13.7095 9.14272 4.56682 340.048 49.7034 36.2568 13.4466 290.345 276.072 14.2725 5.09847 4.34859
internal_count=3212 228 105 64 41 2984 494 344 150 2490 2368 122 123 106
is_linear=0
shrinkage=0.04


Tree=233
num_leaves=14
num_cat=0
split_feature=33 9 21 21 24 33 8 5 27 19 25 33 33
split_gain=1.24005 2.10352 3.32213 6.94556 2.33032 1.52728 6.21602 9.84156 4.74663 4.2812 4.16398 0.00056729 6.17324e-05
threshold=0.43653174209096801 0.00037698128149302401 0.93807928720604383 0.94377445292756257 1.0037659655343256 0.53035574285805898 0.00057660699514205016 1.0000000180025095e-35 0.07260339412275052 0.62437536735286769 0.00011514924593503075 0.42674471448301626 0.41039268547880731
decision_type=2 2 2 2 2 2 2 2 2 2 2 2 2
left_child=1 2 4 -4 -1 9 7 -7 -8 -2 -11 12 -3
right_child=5 11 3 -5 -6 6 8 -9 -10 10 -12 -13 -14
leaf_value=0.029651957651251854 0.037476487619446421 0.040262278735806033 -0.12510276596748013 -0.00061841815594497745 -0.013020455711180835 0.029231915094308582 0.018146848909211977 0.00034129469252524333 -0.023631569048305972 -0.056940468916577364 -0.0028066094140599867 0.041643818641187748 0.0407131831600102
leaf_weight=7.1075256899930555 4.1809115707874289 0.96235402696765893 0.87365180673077603 4.0027656862512231 2.8761712687555701 24.877693104557693 5.5437177037820247 78.064535129349679 20.226003531366587 2.298920974135398 205.4319430347532 1.0499531412497161 0.98105613933876157
leaf_count=365 22 288 17 162 107 201 52 536 123 12 1226 35 66
internal_value=2.69343e-05 0.010303 0.0041407 -0.0229209 0.0173586 -0.000511675 0.00292509 0.00732319 -0.014644 -0.00259911 -0.0034057 0.0408946 0.0404899
internal_weight=358.477 17.8535 14.8601 4.87642 9.9837 340.624 128.712 102.942 25.7697 211.912 207.731 2.99336 1.94341
internal_count=3212 1040 651 179 472 2172 912 737 175 1260 1238 389 354
is_linear=0
shrinkage=0.04


Tree=234
num_leaves=12
num_cat=0
split_feature=7 14 21 15 1 13 22 0 13 29 32
split_gain=1.23612 3.97756 4.00679 5.51981 3.85401 3.78024 5.24641 3.15934 2.76072 2.68126 0.776123
threshold=0.00014323552001700002 0.00071150580366150017 0.97130477920872471 0.00024020630486695004 1.0000000180025095e-35 -8.5566378262249431e-05 0.012666504965152247 50.401589268520432 0.00043768318982440009 0.40610865915671263 0.11793896734769085
decision_type=2 2 2 2 2 2 2 2 2 2 2
left_child=1 2 3 -1 8 9 -7 -4 -2 -6 -10
right_child=4 -3 7 -5 5 6 -8 -9 10 -11 -12
leaf_value=-0.00020579649855820826 -0.00013324891056525342 -0.044992649665684212 0.0098768302695655483 -0.020608825307029472 -0.029027339024701636 -0.030139114349104459 0.0013651601892082066 0.055536055473112633 0.053519173331490491 0.024942137801857837 0.02383993624040211
leaf_weight=201.83234620984877 3.7099382218439114 3.3291664877906433 13.224571407190526 23.707591283135116 1.6456264597363759 9.4881974057643657 77.85898900392931 2.9690831110347053 4.1332250372506678 14.029395897872744 2.1395015812013298
leaf_count=1678 34 25 132 186 22 101 768 36 44 169 17
internal_value=2.73555e-05 -0.00156859 -0.000970548 -0.00235046 0.00348832 0.00118886 -0.00205703 0.0182484 0.027219 0.0192762 0.0433962
internal_weight=358.068 245.063 241.734 225.54 113.005 103.022 87.3472 16.1937 9.98266 15.675 6.27273
internal_count=3212 2057 2032 1864 1155 1060 869 168 95 191 61
is_linear=0
shrinkage=0.04


Tree=235
num_leaves=14
num_cat=0
split_feature=33 9 31 9 0 13 10 33 1 26 15 9 29
split_gain=1.18646 2.61645 2.38085 2.21392 1.45902 5.46188 5.40383 3.51257 7.15949 4.87173 2.12116 0.0058704 0.000179598
threshold=0.62969749953042675 0.00019487907027754744 0.99999999979896004 0.00013720161172339721 59.599255601686927 -0.00022637880137214996 -0.00028401224158879995 0.49442716096602984 1.1070509567612241e-05 0.2105263157894737 0.00011343816945675002 0.00025069600350386458 0.39673471132470045
decision_type=2 2 2 2 2 2 2 2 2 2 2 2 2
left_child=4 2 3 -2 7 10 -7 8 -1 -9 -6 -3 -13
right_child=1 11 -4 -5 5 6 -8 9 -10 -11 -12 12 -14
leaf_value=0.01161284003049907 0.0006320659834835431 0.044893081158290181 -0.024238537919003517 0.04386327811722901 0.0057369380337427668 -0.05065496697670463 0.0030553291764493784 -0.0037855341347291902 -0.013942805581207522 -0.034789060846955662 0.051153623544201693 0.041967929308834695 0.041145287345108805
leaf_weight=63.210994865687098 6.2771845124661905 1.2563038282096379 3.754558663815259 2.7151548303663731 2.4249785225838414 3.12182731978828 75.039497630903497 160.13086263369769 24.27615944907302 8.5418243706226331 5.1179098157444969 0.61485764477401961 1.372374704107642
leaf_count=861 50 15 27 22 30 35 778 872 329 38 77 19 59
internal_value=2.74217e-05 0.0106769 0.00251498 0.0136853 -0.000470701 0.00404701 0.000910096 -0.00198221 0.00452159 -0.0053556 0.0365525 0.0427528 0.0413998
internal_weight=357.854 15.9904 12.7469 8.99234 341.864 85.7042 78.1613 256.16 87.4872 168.673 7.54289 3.24354 1.98723
internal_count=3212 192 99 72 3020 920 813 2100 1190 910 107 93 78
is_linear=0
shrinkage=0.04


Tree=236
num_leaves=11
num_cat=0
split_feature=14 14 29 21 6 7 9 27 23 27
split_gain=1.17168 5.69648 3.50976 3.42515 3.3071 3.26853 3.81075 3.16961 3.38582 2.97071
threshold=-0.00022628758010739998 -0.00022790400724684998 0.77707294490375289 0.97490898787133151 -0.00019815374069064997 -0.00057666504885744996 0.00040296502171850327 0.20441590367307935 0.08920890854450482 0.19817505171036107
decision_type=2 2 2 2 2 2 2 2 2 2
left_child=1 2 3 -1 -4 6 -2 9 -9 -7
right_child=5 -3 4 -5 -6 7 -8 8 -10 -11
leaf_value=-0.0064120798929586872 -0.018529098988421717 -0.057054810107324515 0.0033448839157776589 0.023725635350577291 0.041761667132236162 0.0023230815460766495 0.058920417068652267 -0.0042646407795732819 -0.036850732061533685 0.041199956504292611
leaf_weight=96.527863716706634 1.4809663619380433 3.0571544487029305 11.63785568228923 6.4359201091574496 5.1815972283948204 192.86049811216071 3.2407998574199155 27.465609466773458 6.265581441926769 3.1969592503737649
leaf_count=841 15 24 120 63 55 1694 36 280 55 29
internal_value=2.76403e-05 -0.00313703 -0.00176092 -0.00452827 0.01518 0.00168535 0.0346286 0.00100842 -0.0103175 0.00295702
internal_weight=357.351 122.84 119.783 102.964 16.8195 234.51 4.72177 229.789 33.7312 196.057
internal_count=3212 1103 1079 904 175 2109 51 2058 335 1723
is_linear=0
shrinkage=0.04


Tree=237
num_leaves=9
num_cat=0
split_feature=27 0 27 2 0 15 21 0
split_gain=1.18911 1.7378 2.76714 3.13896 2.20397 1.64679 1.5725 1.34027
threshold=0.3744183972925777 16.355344557268833 0.31242976526082084 0.10228244783569201 19.773815167686823 -0.0016837812473338998 0.84254417645272039 74.231157866736723
decision_type=2 2 2 2 2 2 2 2
left_child=1 2 3 -1 6 -6 -3 -2
right_child=7 4 -4 -5 5 -7 -8 -9
leaf_value=0.035687331794464157 0.05437721563136598 -0.0032790633143182958 -0.052959059000415198 -0.032927873772325388 -0.025383409066463331 0.00014968034610278921 0.043443906107640116 -0.0055657391562355073
leaf_weight=2.0268620366696259 1.3543933902983547 1.8023704830557097 2.5665324805304408 2.2520029926672578 4.0903603616170576 338.83330547763035 3.1965420523192734 1.0669674688251687
leaf_count=22 20 15 18 20 56 2998 36 27
internal_value=2.74861e-05 -0.000163183 -0.0201218 -0.000425433 0.000229504 -0.000154876 0.0265978 0.0279635
internal_weight=357.189 354.768 6.8454 4.27887 347.923 342.924 4.99891 2.42136
internal_count=3212 3165 60 42 3105 3054 51 47
is_linear=0
shrinkage=0.04


Tree=238
num_leaves=15
num_cat=0
split_feature=10 31 24 27 21 10 10 30 29 26 14 6 30 0
split_gain=1.16796 3.67036 4.89297 4.6517 3.79082 5.21344 4.38114 3.61797 3.96548 5.37752 3.77316 3.53928 1.04642 1.03457
threshold=7.0789944989808562e-05 0.67451326656424182 1.0473061645821655 0.19021738897832127 0.95006609679488951 0.00020029901788305002 0.00016956816668360004 0.23236606712423341 0.52825602672262317 -1.0000000180025095e-35 0.0008659976387409002 -0.00073345479997139992 0.25849148077900957 65.704259846887055
decision_type=2 2 2 2 2 2 2 2 2 2 2 2 2 2
left_child=7 2 3 -2 5 -3 -6 10 12 -10 11 -1 -9 -12
right_child=1 4 -4 -5 6 -7 -8 8 9 -11 13 -13 -14 -15
leaf_value=0.035624353620660396 0.0082886349593945217 -0.0054626609303199567 -0.067211732500099416 -0.052317131472974857 0.0096450638950329858 0.013938283633490169 -0.02208303568523318 0.019370301450720519 0.019208872031436817 -0.030893051030593234 0.052952648037007395 -0.0016453210708960958 0.052426468150520718 0.013952548216940957
leaf_weight=4.1668088556616558 6.9417341725784336 47.899503137683496 3.0781218714546403 2.8616052691359073 10.027262459159827 41.24338946986245 22.789035452413373 2.2661565205780816 13.184397665318105 4.6317714215256247 2.5634383009746662 188.81714890064904 4.7310235462500714 1.8912087182980029
leaf_count=49 81 391 24 32 98 354 183 25 124 69 24 1665 67 26
internal_value=2.6896e-05 -0.00291005 -0.0232163 -0.00940225 -0.00076529 0.0035135 -0.0123883 0.00180875 0.0162048 0.00618359 -4.9096e-07 -0.000840614 0.0417207 0.0363953
internal_weight=357.093 134.841 12.8815 9.80334 121.959 89.1429 32.8163 222.252 24.8133 17.8162 197.439 192.984 6.99718 4.45465
internal_count=3212 1163 137 113 1026 745 281 2049 285 193 1764 1714 92 50
is_linear=0
shrinkage=0.04


Tree=239
num_leaves=10
num_cat=0
split_feature=23 13 13 23 10 25 25 9 23
split_gain=1.19455 2.39825 2.64445 2.24985 2.14311 1.71004 3.40746 2.79178 1.32713
threshold=0.15057403179708687 -0.00032720896275089995 0.00044286352147540007 0.14065034101495019 -0.00012786543058624996 0.00049011906640982806 0.00046446164558994831 0.00089227770860779215 0.14712939441025116
decision_type=2 2 2 2 2 2 2 2 2
left_child=3 -2 4 5 -3 6 -1 -7 -5
right_child=1 2 -4 8 -6 7 -8 -9 -10
leaf_value=-2.9254101600007111e-06 -0.01739228175307643 -0.0056306178212278306 -0.021384355803126805 -0.044969059920336923 0.033882673448325705 0.012748598844997152 -0.019561943673543941 -0.038216959476798734 -0.0057761869059181582
leaf_weight=289.57304291927721 4.0561489823740002 2.8557344730943433 2.3678611097857347 2.8289082143455735 9.5099065043032152 26.044532573781911 14.989041348453609 1.8412554468377482 2.7033473234623671
leaf_count=2475 33 17 26 24 104 361 124 24 24
internal_value=2.7285e-05 0.00984375 0.0173419 -0.000518451 0.0247574 -9.74522e-05 -0.000965524 0.00938342 -0.0258174
internal_weight=356.77 18.7897 14.7335 337.98 12.3656 332.448 304.562 27.8858 5.53226
internal_count=3212 180 147 3032 121 2984 2599 385 48
is_linear=0
shrinkage=0.04


Tree=240
num_leaves=15
num_cat=0
split_feature=33 2 30 29 33 26 5 31 26 26 10 29 30 19
split_gain=1.17014 1.31738 1.625 1.42396 1.3142 5.57202 4.16007 3.24072 4.57095 3.84464 2.33786 0.716208 0.0012856 0.000689585
threshold=0.40886998841206229 0.89897397590997963 0.47217712852168742 0.6040437166239524 0.53035574285805898 0.2105263157894737 1.0000000180025095e-35 0.99999999983658594 -0.10526315789473688 -0.42105263157894735 -4.253207627667287e-05 0.58760753177177449 0.45099718579758014 0.62442592961981969
decision_type=2 2 2 2 2 2 2 2 2 2 2 2 2 2
left_child=1 2 12 11 7 6 -6 9 -9 -2 -7 -3 -1 -5
right_child=4 3 -4 13 5 10 -8 8 -10 -11 -12 -13 -14 -15
leaf_value=0.040620631768794109 0.026272654735619377 -0.0072954212948582592 -0.051471957183936448 0.043590316607646555 0.016624399132600391 -0.0014431619956913053 0.00044440351066143676 -0.0084078620441102331 0.03241870879562378 -0.0045143841089463491 -0.03661678812680727 -0.078704202276976998 0.044779956721572145 0.040477161694969677
leaf_weight=3.1231100216973573 6.7085579182021311 0.44192174484487601 0.3372500764671712 0.185182667337358 37.771468117833138 5.0887376004830003 77.78395017189905 7.8918110518716302 9.8819970902986807 199.14087626989931 7.4496628362685424 0.45724823314230889 0.12360528483986843 0.29551209625788033
leaf_count=610 43 44 6 9 303 31 535 52 88 1402 43 6 2 38
internal_value=2.66106e-05 0.0193119 0.0320982 -0.0138982 -0.000245566 0.00298507 0.00573314 -0.00209611 0.0142912 -0.00351105 -0.0223415 -0.0436084 0.040779 0.0416765
internal_weight=356.681 4.96383 3.58397 1.37986 351.717 128.094 115.555 223.623 17.7738 205.849 12.5384 0.89917 3.24672 0.480695
internal_count=3212 715 618 97 2497 912 838 1585 140 1445 74 50 612 47
is_linear=0
shrinkage=0.04


Tree=241
num_leaves=7
num_cat=0
split_feature=19 14 14 21 7 27
split_gain=1.79426 1.24415 5.21849 3.18675 3.03417 2.75379
threshold=0.62431834229907501 -0.00022628758010739998 -0.00022790400724684998 0.97490898787133151 -0.00066298167478214996 0.20441590367307935
decision_type=2 2 2 2 2 2
left_child=-1 2 3 -2 -3 -6
right_child=1 4 -4 -5 5 -7
leaf_value=-0.043881655818220996 -0.0034086867993740567 0.044456808850313022 -0.054403442296170744 0.023617847161730047 0.0033030995720254347 -0.0088502267869636896
leaf_weight=1.4828706728294481 112.00551438436378 2.6536656413227311 3.086507794680073 7.4444732689880757 194.45421913772589 35.235851324338
leaf_count=13 1003 31 24 76 1719 346
internal_value=2.65828e-05 0.000210054 -0.00305122 -0.00172431 0.00193003 0.00143871
internal_weight=356.363 354.88 122.536 119.45 232.344 229.69
internal_count=3212 3199 1103 1079 2096 2065
is_linear=0
shrinkage=0.04


Tree=242
num_leaves=9
num_cat=0
split_feature=19 33 2 33 15 25 8 25
split_gain=1.65035 1.4767 1.70167 1.54909 2.73805 1.59205 1.37783 0.000758601
threshold=0.62431834229907501 0.40886998841206229 0.89897397590997963 0.60498451895799599 -0.00036755372945479996 0.00011975200346748775 0.00033606870537260003 9.5374691703268053e-05
decision_type=2 2 2 2 2 2 2 2
left_child=-1 2 7 5 -5 -3 -4 -2
right_child=1 3 6 4 -6 -7 -8 -9
leaf_value=-0.042044178934859587 0.042271135937912971 -0.01685264228732971 -0.042927972416770502 -0.0083589294675458399 0.0204310882029244 -0.00030251926933911038 0.041517599970781291 0.0403314904340622
leaf_weight=1.4857093738391984 0.36879026819951777 9.5799465607851726 0.88708562799729385 8.2959986263886112 14.564383279066531 318.01451584324241 0.47450914012733847 2.5768290157429874
leaf_count=13 11 55 31 85 201 2151 66 599
internal_value=2.59325e-05 0.000202118 0.0234807 -8.39834e-05 0.00998323 -0.0007865 -0.0134991 0.0405743
internal_weight=356.248 354.762 4.30721 350.455 22.8604 327.594 1.36159 2.94562
internal_count=3212 3199 707 2492 286 2206 97 610
is_linear=0
shrinkage=0.04


Tree=243
num_leaves=9
num_cat=0
split_feature=19 33 33 1 19 31 31 29
split_gain=1.51856 1.40566 1.44578 3.57923 1.56367 0.99676 1.60157 0.942933
threshold=0.62431834229907501 0.40886998841206229 0.57973783670805756 -4.6517570389648093e-05 0.62475844347467324 0.99999999978042087 0.99999999979896004 0.32508281284019286
decision_type=2 2 2 2 2 2 2 2
left_child=-1 5 4 -4 -3 7 -7 -2
right_child=1 2 3 -5 -6 6 -8 -9
leaf_value=-0.040298419670478564 -0.038941939064318414 -0.0058844728324467053 -0.00040342291895575173 0.026375119924418763 0.00065026901943183589 -0.060660425749768418 0.040301183453347281 0.040743663793039099
leaf_weight=1.4880190566182125 0.25867821642896105 78.329776715487242 28.39976510964334 11.110396774951367 232.45978625770658 0.51564778853207804 0.49054919951595366 2.9154568161175121
leaf_count=13 16 460 284 170 1578 14 108 569
internal_value=2.54274e-05 0.000194697 -8.04657e-05 0.0071268 -0.000996713 0.0232525 -0.0114388 0.0342496
internal_weight=355.968 354.48 350.3 39.5102 310.79 4.18033 1.0062 3.17414
internal_count=3212 3199 2492 454 2038 707 122 585
is_linear=0
shrinkage=0.04


Tree=244
num_leaves=8
num_cat=0
split_feature=19 33 23 19 28 21 23
split_gain=1.39773 1.3405 1.41194 5.32287 2.12149 1.12461 0.796711
threshold=0.62431834229907501 0.40886998841206229 0.10966491190269569 0.62446729992391281 1.6927627910245671 0.97946422880582751 0.14396727198617229
decision_type=2 2 2 2 2 2 2
left_child=-1 5 4 -4 -3 6 -2
right_child=1 2 3 -5 -6 -7 -8
leaf_value=-0.038636895326889568 0.040479233427537474 -0.0013947074520272149 0.035548259890904189 3.9042128616630031e-05 0.0318557824463096 -0.03867208751708541 -0.0041436934747944056
leaf_weight=1.4898886857554305 2.7968419976823493 301.73004827369004 8.2596484618261439 37.06148262694478 3.1017500832676879 0.42276176239829499 0.83021703141275782
leaf_count=13 637 2131 59 282 20 20 50
internal_value=2.50405e-05 0.000187665 -7.6976e-05 0.0065105 -0.00105637 0.0230689 0.0302653
internal_weight=355.693 354.203 350.153 45.3211 304.832 4.04982 3.62706
internal_count=3212 3199 2492 341 2151 707 687
is_linear=0
shrinkage=0.04


Tree=245
num_leaves=11
num_cat=0
split_feature=0 13 27 27 1 15 1 15 10 21
split_gain=1.1748 2.88231 2.32798 3.68606 3.82802 2.50297 1.2483 0.839448 0.0498177 0.0103921
threshold=81.017164837787917 0.00035555302741550003 0.35652636241831631 0.2988312263567951 -0.0004715154999416999 -0.00086324628319574997 0.00054746623645025015 -0.0013010305934131499 -0.00011427591940044999 0.83557510420150372
decision_type=2 2 2 2 2 2 2 2 2 2
left_child=2 8 3 5 -5 -1 -3 -4 -2 -10
right_child=1 6 7 4 -6 -7 -8 -9 9 -11
leaf_value=0.0099059613743980729 0.060471429855918808 0.018051610771062754 0.055465487936626534 -0.069640340757283981 -0.011240518567509529 -0.0010988192196474428 -0.023731275991024217 0.01395810287947831 0.052323692756094317 0.045666870645470654
leaf_weight=37.202415122563252 0.65953079401515458 2.3164926813915372 1.5136899310746232 2.2867346161510786 8.3659130873857048 297.58258936856873 2.2603610898368061 1.6074630495277222 0.53179348004050453 1.2744542871369047
leaf_count=394 12 27 14 17 87 2555 21 27 4 54
internal_value=2.45455e-05 0.016199 -0.00030226 -0.00061299 -0.0237768 0.000124068 -0.00258362 0.0340883 0.0510624 0.0476268
internal_weight=355.601 7.04263 348.559 345.438 10.6526 334.785 4.57685 3.12115 2.46578 1.80625
internal_count=3212 118 3094 3053 104 2949 48 41 70 58
is_linear=0
shrinkage=0.04


Tree=246
num_leaves=9
num_cat=0
split_feature=19 33 13 9 24 19 25 29
split_gain=1.28372 1.27655 2.58174 4.24337 2.24743 2.0359 3.2585 2.43216
threshold=0.62431834229907501 0.6070885166151031 0.00018431350439835001 0.0003336931237960294 0.80036323569750001 0.62435551476070894 0.00014024164617808382 0.6183218149158497
decision_type=2 2 2 2 2 2 2 2
left_child=-1 5 4 -4 -3 7 -7 -2
right_child=1 2 3 -5 -6 6 -8 -9
leaf_value=-0.037008233811229835 -0.0083289692395926863 0.0028376833157744892 -0.053509033895087911 0.041864613045628059 0.031491095430680051 -0.022036837517601736 -5.4926939822897663e-05 0.04929947526695809
leaf_weight=1.4914339622482646 2.0039184072520575 9.6316100917756611 2.2775559090077873 1.1102606425993142 8.0323637928813678 11.169914631289428 316.91215087121236 2.8217168408446014
leaf_count=13 14 78 24 35 137 123 2759 29
internal_value=2.40732e-05 0.000180112 0.00973267 -0.022253 0.0158673 -0.000423955 -0.000803325 0.0253684
internal_weight=355.451 353.959 21.0518 3.38782 17.664 332.908 328.082 4.82564
internal_count=3212 3199 274 59 215 2925 2882 43
is_linear=0
shrinkage=0.04


Tree=247
num_leaves=9
num_cat=0
split_feature=19 33 2 23 13 23 8 25
split_gain=1.18214 1.28168 1.57981 1.35404 2.47802 2.20909 1.20285 0.000580408
threshold=0.62431834229907501 0.40886998841206229 0.89897397590997963 0.15057403179708687 -0.00032720896275089995 0.14065034101495019 0.00033606870537260003 9.5374691703268053e-05
decision_type=2 2 2 2 2 2 2 2
left_child=-1 2 7 5 -5 -3 -4 -2
right_child=1 3 6 4 -6 -7 -8 -9
leaf_value=-0.035498709686833683 0.042074314821098961 -0.00025334634382661681 -0.04051967056929856 -0.017035757661371276 0.018628307047618479 -0.026825115870593105 0.041348998614494641 0.040302823637633704
leaf_weight=1.492634723894297 0.33935534465126682 326.75453996565193 0.86572221177630104 4.0185366105288294 13.897649548947809 5.0839061327278605 0.42964745010249317 2.3120265968609601
leaf_count=13 11 2317 31 27 111 37 66 599
internal_value=2.37388e-05 0.000173645 0.0228406 -8.21364e-05 0.010629 -0.000660437 -0.0133655 0.0405296
internal_weight=355.194 353.701 3.94675 349.755 17.9162 331.838 1.29537 2.65138
internal_count=3212 3199 707 2492 138 2354 97 610
is_linear=0
shrinkage=0.04


Tree=248
num_leaves=12
num_cat=0
split_feature=7 1 24 14 29 1 22 24 2 13 15
split_gain=1.165 3.79244 6.89544 3.84501 3.61039 3.5137 3.42101 5.13867 4.0737 2.6327 0.822797
threshold=0.00014323552001700002 0.00013709017668870002 0.87620360723895441 0.00071150580366150017 0.6466022534350192 1.0000000180025095e-35 0.012666504965152247 1.026644135092303 0.72777015145942781 0.00043768318982440009 0.00031128845271240007
decision_type=2 2 2 2 2 2 2 2 2 2 2
left_child=1 3 -3 4 -1 9 7 -7 -8 -2 -11
right_child=5 2 -4 -5 -6 6 8 -9 -10 10 -12
leaf_value=-0.004242184091915035 -0.00042086791960280992 -0.095257583796878403 -0.00066823271271246668 -0.043419324935174197 0.0058843621221345089 -0.0044681775724792179 0.020363629508596316 -0.065346650447099586 -0.00047622474052581138 0.021278819066657656 0.052665831407335578
leaf_weight=140.28885313292267 3.672688649967311 1.9312035861657921 3.4111743619432673 3.3366983206942669 94.127463245735271 9.8038701769546588 19.069423859647941 2.8672090553445733 70.463734990858939 1.9803327543777411 4.1092295348644257
leaf_count=1118 34 28 32 25 854 116 196 24 724 22 39
internal_value=2.32018e-05 -0.00153178 -0.0348611 -0.000782864 -0.000175974 0.0033993 0.00120933 -0.0182437 0.0039624 0.0263269 0.0424587
internal_weight=355.062 243.095 5.34238 237.753 234.416 111.966 102.204 12.6711 89.5332 9.76225 6.08956
internal_count=3212 2057 60 1997 1972 1155 1060 140 920 95 61
is_linear=0
shrinkage=0.04


Tree=249
num_leaves=15
num_cat=0
split_feature=0 0 33 0 19 33 26 31 1 33 2 9 3 27
split_gain=1.16006 6.458 6.22421 6.21052 5.6816 3.00091 6.84957 6.13397 5.19547 5.16306 6.58615 5.49307 1.60524 1.03353
threshold=63.019381575229815 64.620563508328416 0.50514511934191442 71.522171658012638 0.62527683067219697 0.49442716096602984 -0.10526315789473688 0.99999999982330645 -0.00033447318205619998 0.52310596698286282 0.90529874461213666 0.0004303566241684216 0.0017991873018336501 0.063659830975126397
decision_type=2 2 2 2 2 2 2 2 2 2 2 2 2 2
left_child=5 12 3 -3 -4 6 8 -8 -1 11 -11 -7 13 -2
right_child=1 2 4 -5 -6 9 7 -9 -10 10 -12 -13 -14 -15
leaf_value=-0.0074710659028404047 0.028024843954726431 -0.028409565048930642 0.03696923046870005 0.0095130109710456143 -0.0018226003778551952 -0.0055780006077167689 -0.010089722515410198 0.029329935169016552 0.025271570929952403 0.0024912472265376994 -0.056645305363942439 -0.030341419029675586 0.011621645144380912 0.061844289172805954
leaf_weight=10.348346525861414 2.4093408393673581 16.963855613954369 10.386076025664808 11.6580799666699 14.439949478954075 52.169641882181168 45.824275326944189 7.3255882780067614 30.926740653289016 123.20179728604853 3.0888295397162429 19.761063352227211 2.7905301061691716 3.6152312515769154
leaf_count=128 24 231 67 258 80 229 606 99 468 856 15 91 30 30
internal_value=2.33423e-05 0.00498125 -0.000250437 -0.0129632 0.0144061 -0.0010315 0.00483727 -0.00465655 0.0170625 -0.00382715 0.00104488 -0.0123811 0.0367022 0.0483193
internal_weight=354.909 62.2631 53.448 28.6219 24.826 292.646 94.425 53.1499 41.2751 198.221 126.291 71.9307 8.8151 6.02457
internal_count=3212 720 636 489 147 2492 1301 705 596 1191 871 320 84 54
is_linear=0
shrinkage=0.04


Tree=250
num_leaves=15
num_cat=0
split_feature=19 27 27 33 33 28 0 25 25 31 23 29 24 33
split_gain=1.20403 3.43838 6.24942 4.91384 7.16519 3.56361 2.9258 2.68067 3.58102 2.74685 1.84978 1.6878 0.472449 0.0158615
threshold=0.62593969552422457 0.095564816351901158 0.12767721116733075 0.55737238173545978 0.48332177333018184 1.1508115309457569 77.708922630056222 0.00043028647836217972 0.0004824592613967213 0.9999999998350052 0.08920890854450482 0.74019141264465416 0.83183879712224285 0.49754900124496004
decision_type=2 2 2 2 2 2 2 2 2 2 2 2 2 2
left_child=6 3 11 4 -2 -4 7 9 -9 -1 13 -3 -5 -8
right_child=1 2 5 12 -6 -7 10 8 -10 -11 -12 -13 -14 -15
leaf_value=-0.00167890337734058 0.025556053517391347 0.058150038055464155 0.014627974820301579 0.012942503395323159 -0.028295615450403482 -0.013625349049402623 0.043519691485968341 -0.021724357629350908 0.010037448141455336 0.011791690549680031 -0.0085228918181859386 0.012312723065028753 0.04547380879110776 0.049626767087946021
leaf_weight=231.20166279387195 5.3394263643422226 5.222631829296005 20.807988146058054 0.98656349070370142 15.22692411020398 10.876464822475098 0.99366385600296725 21.004369863134347 7.7845096414093851 27.054619931383058 1.3317627876531331 1.7048569335602222 2.5881126672029495 2.1587303699925542
leaf_count=1965 112 69 224 11 75 115 76 152 86 226 17 16 50 18
internal_value=2.43848e-05 0.00505044 0.0124539 -0.00679095 -0.0143147 0.00492933 -0.0010575 -0.00155834 -0.013136 -0.00026774 0.0310034 0.0468695 0.0364956 0.0477018
internal_weight=354.282 62.753 38.6119 24.141 20.5664 31.6845 291.529 287.045 28.7889 258.256 4.48416 6.92749 3.57468 3.15239
internal_count=3212 672 424 248 187 339 2540 2429 238 2191 111 85 61 94
is_linear=0
shrinkage=0.04


Tree=251
num_leaves=15
num_cat=0
split_feature=19 19 32 30 30 23 7 19 22 32 4 15 0 15
split_gain=1.15798 3.4398 3.97293 2.90757 5.64131 3.44121 2.34904 8.59143 4.96031 4.70033 4.0104 6.03789 4.06507 2.25197
threshold=0.62475451162833517 0.62469328022509385 0.088075526035371707 0.02294883582006892 0.25849148077900957 0.049888783395523377 0.00011974252344920001 0.62510999757575569 0.016262668373570942 0.10752029532324285 1.0000000180025095e-35 0.00014208482366235003 58.369937462383888 -0.00041032608494544995
decision_type=2 2 2 2 2 2 2 2 2 2 2 2 2 2
left_child=1 3 13 5 -5 -1 10 8 -8 -9 12 -12 -2 -3
right_child=6 2 -4 4 -6 -7 7 9 -10 -11 11 -13 -14 -15
leaf_value=-0.0090002202266167147 -6.4119005334728496e-05 0.015281100464954596 -0.063247308165710447 -0.013888711820788952 0.018283500398961219 0.016802205663116118 -0.0057670514752512052 -0.0062583425696075114 0.040244547206837955 0.017823878134908103 -0.0070226213680709935 -0.061781201018249375 0.04564914098586266 -0.023476693705492196
leaf_weight=12.596433884464203 140.42689881121623 3.5415201424621037 2.9514191730413577 39.75384101702366 11.170882778824305 24.078871045494452 4.9192729360074763 50.962322482111631 15.755762319837229 17.393228328757687 15.65612746513216 4.0566153504769309 3.1830114338081321 7.4327734286198384
leaf_count=110 1212 27 17 300 101 217 62 513 181 187 161 36 28 60
internal_value=2.48383e-05 -0.00358261 -0.022049 -0.000647024 -0.00683139 0.00794015 0.00147617 0.00670319 0.0292969 -0.000130566 -0.00137318 -0.0182912 0.000949083 -0.0109691
internal_weight=353.879 101.526 13.9257 87.6 50.9247 36.6753 252.353 89.0306 20.675 68.3556 163.323 19.7127 143.61 10.9743
internal_count=3212 832 104 728 401 327 2380 943 243 700 1437 197 1240 87
is_linear=0
shrinkage=0.04


Tree=252
num_leaves=15
num_cat=0
split_feature=31 33 1 2 8 15 10 25 15 33 1 8 29 10
split_gain=1.28995 4.34354 3.85204 7.03571 6.24385 3.75356 5.5332 4.82244 2.93223 4.52611 4.15796 6.76252 3.75546 3.31113
threshold=0.99999999978812026 0.48747083060623997 -9.2733450192061792e-05 0.72503795022436668 -0.00040747354809209996 -0.00020581263212559998 0.00017063511811360002 0.00024944988224147134 0.00072791630394225006 0.51464740464946057 2.9518203421508019e-05 0.00036450918640905009 0.46068276054838081 2.8343466124097483e-05
decision_type=2 2 2 2 2 2 2 2 2 2 2 2 2 2
left_child=8 5 4 -4 -3 7 -7 -2 10 13 11 -1 -12 -10
right_child=1 2 3 -5 -6 6 -8 -9 9 -11 12 -13 -14 -15
leaf_value=0.0019283745552560818 -0.029364206741658957 -0.01269124600795488 0.012058755384459085 -0.024184533108958389 -0.065402240884227053 0.013077653601929544 -0.042050124316433929 0.043216003388023214 -0.026718770339400733 0.028218815052883064 0.010057420351440957 0.056973942914715928 -0.013843667515354987 0.0098948549218802716
leaf_weight=161.33245073838043 1.7995952069759384 24.402853556908671 23.887560526374727 13.364420595578848 4.2169231455773106 10.288296901271677 4.0637330414028829 7.8709266994264908 5.5815241610398543 15.641349025070665 13.279652513272593 3.6517765079624942 50.584657407482155 13.535869676736182
leaf_count=1391 16 144 157 78 28 174 56 102 113 111 125 32 501 184
internal_value=2.53109e-05 -0.00411243 -0.0094222 -0.000943789 -0.0204578 0.0104474 -0.00253161 0.0297095 0.00143635 0.0122612 -0.000207791 0.00314676 -0.00887378 -0.000794878
internal_weight=353.502 89.8943 65.8718 37.252 28.6198 24.0226 14.352 9.67052 263.607 34.7587 228.849 164.984 63.8643 19.1174
internal_count=3212 755 407 235 172 348 230 118 2457 408 2049 1423 626 297
is_linear=0
shrinkage=0.04


Tree=253
num_leaves=12
num_cat=0
split_feature=28 28 6 19 6 1 33 33 28 1 15
split_gain=1.12797 5.03735 3.37343 2.66103 2.26306 1.66454 7.65617 6.74575 5.36283 4.61514 2.69994
threshold=1.3597772832596124 1.3960996084467074 -6.3828954627374979e-05 0.62544340504586715 -0.00034536146642559994 -8.3392425546002777e-05 0.49442716096602984 0.52973826401599433 1.1986566599121342 -7.8624430150997502e-05 -0.00082278840206634991
decision_type=2 2 2 2 2 2 2 2 2 2 2
left_child=5 -2 4 -4 -3 6 8 -8 -1 -7 -11
right_child=1 2 3 -5 -6 9 7 -9 -10 10 -12
leaf_value=0.016802846283187282 0.052267145060035665 -0.0057072951207159774 -0.037306434892382168 0.0072125561454228016 0.039328942976127337 0.057213777011070999 -0.025307256636960158 -0.0019746370838973279 -0.028507419684619908 0.036229711357704517 0.00040016932294294194
leaf_weight=32.096388533886056 3.5775389540358473 3.1476843797136098 4.7353643469978088 3.9319827416911721 4.1243739603087315 2.3614664636552325 32.259391307830811 51.436435854528099 4.8051812037010668 3.4205974020296699 207.24482978103333
leaf_count=420 36 28 40 55 33 22 145 366 78 78 1911
internal_value=2.62258e-05 0.0093729 -0.000254552 -0.0171102 0.0198352 -0.000520552 -0.00427569 -0.0109679 0.0109027 0.00160528 0.000981937
internal_weight=353.141 19.5169 15.9394 8.66735 7.27206 333.624 120.597 83.6958 36.9016 213.027 210.665
internal_count=3212 192 156 95 61 3020 1009 511 498 2011 1989
is_linear=0
shrinkage=0.04


Tree=254
num_leaves=15
num_cat=0
split_feature=31 14 14 13 1 23 15 33 1 1 0 10 31 31
split_gain=1.20245 5.89747 6.72418 5.05162 4.23298 3.91653 2.70549 4.25664 3.96694 5.48764 3.14198 3.04499 3.00593 1.36315
threshold=0.99999999978812026 0.00011356699970295001 4.966816207332711e-05 -1.4146772970108735e-05 -8.5943583826242329e-05 0.061452022700070226 0.00072791630394225006 0.51464740464946057 0.00011502524128605001 0.00012045392788440002 75.380720779722523 2.8343466124097483e-05 0.99999999976176446 0.99999999981786603
decision_type=2 2 2 2 2 2 2 2 2 2 2 2 2 2
left_child=6 2 4 13 -2 -5 8 11 12 -10 -9 -8 -1 -3
right_child=1 3 -4 5 -6 -7 7 10 9 -11 -12 -13 -14 -15
leaf_value=0.00093600754254375123 -0.010587042657610075 -0.0060192372427206875 0.04756043012619797 -0.035643378593396245 0.012361015366751847 -0.0038628548444810794 -0.025479876251888425 0.040251243594957915 -0.072358308183704922 -0.0086018438938074305 0.0020270930852638622 0.0095277198454226525 0.026304793188221386 0.036725672698433222
leaf_weight=188.61733906329027 29.457412455813028 2.0035119778476647 5.0975157425273201 17.62772789638257 22.827268600813113 9.5741933732642774 5.6381500558054567 10.266004521399735 2.3291949097765601 29.738736670085927 5.1752040758728972 13.480025684752034 7.7813744327286249 2.9532851888798177
leaf_count=1685 204 15 57 145 202 97 113 74 20 274 37 184 70 35
internal_value=2.61578e-05 -0.00397754 0.00370745 -0.0176902 -0.000568018 -0.0244577 0.00138912 0.0118198 -0.000188692 -0.0132327 0.0274402 -0.000796387 0.00194113 0.0194484
internal_weight=352.567 89.5409 57.3822 32.1587 52.2847 27.2019 263.026 34.5594 228.467 32.0679 15.4412 19.1182 196.399 4.9568
internal_count=3212 755 463 292 406 242 2457 408 2049 294 111 297 1755 50
is_linear=0
shrinkage=0.04


Tree=255
num_leaves=14
num_cat=0
split_feature=10 31 23 24 30 6 19 24 10 22 22 21 7
split_gain=1.12895 3.52452 4.79945 4.3081 3.34429 3.89471 3.68937 4.1584 3.70153 3.64086 3.21551 2.90407 0.0892435
threshold=7.0789944989808562e-05 0.67451326656424182 0.15867509548184472 1.0473061645821655 0.23236606712423341 -0.00057222047266304989 0.62619018485828637 0.94260077274510556 2.8343466124097483e-05 0.033295098731506642 0.020984831207925148 0.73931983459818895 5.367218801454434e-05
decision_type=2 2 2 2 2 2 2 2 2 2 2 2 2
left_child=4 3 11 10 6 -6 8 -8 -1 -7 -2 -3 -4
right_child=1 2 12 -5 5 9 7 -9 -10 -11 -12 -13 -14
leaf_value=-0.0040031337298905697 0.021626864066126669 -0.034241344340595926 0.059536627757274065 -0.064134984141717533 -0.032313108463734017 0.034491140385694487 0.027297577793698413 -0.012066424203060252 0.01402063926917921 0.0012418989187618684 -0.0268809021028498 -0.00073997044889478718 0.044729345595371665
leaf_weight=153.4051727692713 3.3827304870355857 4.2968319561332455 1.4198719091946252 3.0777116985991588 2.4262812227243584 13.082248582679314 14.862069936818445 6.0384504526155061 20.689765148068545 8.8233319228747842 6.1829298658994958 113.43771039316198 1.2030426532728595
leaf_count=1326 46 29 16 24 23 157 191 70 177 105 67 953 28
internal_value=2.67902e-05 -0.00288087 -0.000770406 -0.0229712 0.00179 0.0157727 4.52232e-05 0.0159248 -0.00186116 0.0210987 -0.00972697 -0.00196263 0.052745
internal_weight=352.328 133.001 120.357 12.6434 219.327 24.3319 194.995 20.9005 174.095 21.9056 9.56566 117.735 2.62291
internal_count=3212 1163 1026 137 2049 285 1764 261 1503 262 113 982 44
is_linear=0
shrinkage=0.04


Tree=256
num_leaves=14
num_cat=0
split_feature=31 14 14 13 1 23 24 24 23 15 24 33 15
split_gain=1.0762 5.43503 6.33745 4.61649 3.91799 3.57388 2.58669 2.96231 4.63919 3.48185 2.0996 2.09625 0.774257
threshold=0.99999999978812026 0.00011356699970295001 4.966816207332711e-05 -1.4146772970108735e-05 -8.5943583826242329e-05 0.061452022700070226 1.2260970583622413 1.010785959050071 0.067796706713341162 0.00071154129554480011 0.89438803989749183 0.51464740464946057 2.8417771384399071e-05
decision_type=2 2 2 2 2 2 2 2 2 2 2 2 2
left_child=6 2 4 10 -2 -5 7 9 -9 -1 -3 -8 -4
right_child=1 3 12 5 -6 -7 11 8 -10 -11 -12 -13 -14
leaf_value=-0.0020208631656267483 -0.010084187904924 -0.0053878796806684868 0.062598776489072777 -0.033950710367119066 0.011999589993247253 -0.0036337567774938485 -0.055154612916103581 0.0023512811663665275 0.030730096935551097 0.012917186184483951 0.047049688431011483 -0.0029777441975923132 0.031082671545053328
leaf_weight=186.75468504126184 29.543726160773076 2.6504567877273066 2.4734899043105534 17.740840897720776 22.753612638509367 9.5814554304815811 2.30962802004069 28.308096220978769 13.666129720979368 28.818043573264731 2.2664264796767384 2.6404251288622618 2.5157110523432493
leaf_count=1635 204 23 22 145 202 97 25 297 146 337 27 17 35
internal_value=2.69315e-05 -0.0037602 0.00363335 -0.016898 -0.000475941 -0.0233191 0.00131855 0.00186903 0.011591 -2.39252e-05 0.0187831 -0.0273228 0.0467074
internal_weight=352.023 89.5257 57.2865 32.2392 52.2973 27.3223 262.497 257.547 41.9742 215.573 4.91688 4.95005 4.9892
internal_count=3212 755 463 292 406 242 2457 2415 443 1972 50 42 57
is_linear=0
shrinkage=0.04


Tree=257
num_leaves=14
num_cat=0
split_feature=19 27 19 0 9 33 7 19 1 28 23 15 24
split_gain=1.07446 4.30309 4.72241 5.47558 3.97225 2.68935 2.23363 8.15565 6.10824 1.40865 0.83742 0.0751815 0.010026
threshold=0.62475451162833517 0.2626690552978192 0.62461943998629788 70.885992202227911 0.00019997709780985009 0.6170465989912467 0.00011974252344920001 0.62510999757575569 0.00013991709197345002 0.85714234693912184 0.0194148424025695 -0.00032612317606224995 0.74290129097103563
decision_type=2 2 2 2 2 2 2 2 2 2 2 2 2
left_child=1 2 3 -1 -4 6 8 -8 -2 -3 -7 -11 -12
right_child=5 9 4 -5 -6 10 7 -9 -10 11 12 -13 -14
leaf_value=-0.0025993806254259485 -0.00068219234048992638 0.0089668412202736896 -0.045631305968043899 0.04374990782722888 -0.010501601192187252 -0.0041825264289424438 0.028397808674282432 -0.00062723063015332134 -0.051798266922634881 0.06093384512786882 0.046822981918810624 0.047333451000360023 0.041806626573683899
leaf_weight=64.739997312659398 155.29653012219933 1.9963257396593679 6.8683947515673962 4.3523253608727819 20.584473045310006 0.73465227335691397 20.110495556029491 67.407119289768161 3.832741735095623 1.2011799588799477 0.88169740512967143 1.4180622384883463 2.3015627292916179
leaf_count=499 1318 20 40 46 186 20 234 678 42 8 8 33 80
internal_value=2.71106e-05 -0.00345231 -0.00525613 0.000320295 -0.0192907 0.00143186 0.00090957 0.00604237 -0.00191336 0.0342786 0.034312 0.0535706 0.0431961
internal_weight=351.726 101.161 96.5452 69.0923 27.4529 250.565 246.647 87.5176 159.129 4.61557 3.91791 2.61924 3.18326
internal_count=3212 832 771 545 226 2380 2272 912 1360 61 108 41 88
is_linear=0
shrinkage=0.04


Tree=258
num_leaves=13
num_cat=0
split_feature=10 31 23 24 27 14 24 31 31 22 17 7
split_gain=1.09027 3.25738 4.53989 3.93372 4.38089 3.06752 2.85281 4.59995 3.38571 2.75532 1.73209 0.0790527
threshold=7.0789944989808562e-05 0.67451326656424182 0.15867509548184472 1.0473061645821655 0.19021738897832127 0.0008659976387409002 0.84438556573313039 0.99999999983576349 0.73327443669324233 0.016262668373570942 1.0000000180025095e-35 5.367218801454434e-05
decision_type=2 2 2 2 2 2 2 2 2 2 2 2
left_child=5 3 9 4 -2 6 7 -1 -8 -3 -7 -4
right_child=1 2 11 -5 -6 10 8 -9 -10 -11 -12 -13
leaf_value=-0.0086823469463390545 0.0081389359315257766 -0.013399552250407034 0.058660079609954389 -0.061396832669859035 -0.051293133745726902 0.052688633424317122 0.019176576371146579 0.029530157674920361 0.00170543222357308 0.0013328413215149841 0.0070123450196066181 0.044458727687146996
leaf_weight=63.756715380528476 6.7054673829697986 26.121332943614107 1.3813406331464642 3.0888146313372991 2.8186074052937329 2.8886201768182209 20.727864380227402 5.4730421776184803 123.41148550572689 91.324558018124662 2.4592178312013857 1.1486869681393725
leaf_count=518 81 232 16 24 32 31 246 61 1156 750 37 28
internal_value=2.74007e-05 -0.00283461 -0.00080178 -0.0221712 -0.00944972 0.00176239 0.00101243 -0.00566141 0.00421786 -0.00194381 0.0316843 0.0522124
internal_weight=351.306 132.589 119.976 12.6129 9.52407 218.717 213.369 69.2298 144.139 117.446 5.34784 2.53003
internal_count=3212 1163 1026 137 113 2049 1981 579 1402 982 68 44
is_linear=0
shrinkage=0.04


Tree=259
num_leaves=13
num_cat=0
split_feature=28 28 6 31 6 33 33 27 7 24 31 28
split_gain=1.10759 4.62456 3.0758 2.49562 2.49475 1.53743 1.6397 4.37226 2.41947 1.56973 0.978835 0.00335852
threshold=1.3597772832596124 1.3960996084467074 -9.433260953834294e-05 0.56042300066830852 -0.00034536146642559994 0.41039268547880731 0.54471280363566899 0.038130041799630442 0.00014323552001700002 1.0065009725982479 0.99999999978042087 0.43935411567250277
decision_type=2 2 2 2 2 2 2 2 2 2 2 2
left_child=5 -2 4 -4 -3 9 8 -8 -7 11 -11 -1
right_child=1 2 3 -5 -6 6 7 -9 -10 10 -12 -13
leaf_value=0.045224067200384646 0.051125654273357447 -0.0053199202821217796 0.017702731226935376 -0.028447157430201823 0.043543055161508103 -0.0054101470401598222 0.024765909932971536 2.5097393365366749e-05 0.0030538189250706215 0.013085612303293923 -0.054682961242802745 0.04063778081675417
leaf_weight=0.28454801812767927 3.4751757594058317 3.1409748224541545 2.6446715597121475 6.4404129073955119 3.5742255096556628 158.66874540131539 13.542190126143394 73.230570886284113 81.944610106293112 1.0394527223252223 0.50751573429442931 2.500232200633036
leaf_count=3 36 28 44 57 27 1057 131 590 566 127 19 527
internal_value=2.72572e-05 0.00934868 0.000160088 -0.0150129 0.0206878 -0.000514392 -0.00082763 0.00388627 -0.00252761 0.0231596 -0.0091473 0.0411064
internal_weight=350.993 19.2755 15.8003 9.08508 6.7152 331.718 327.386 86.7728 240.613 4.33175 1.54697 2.78478
internal_count=3212 192 156 101 55 3020 2344 721 1623 676 146 530
is_linear=0
shrinkage=0.04


Tree=260
num_leaves=14
num_cat=0
split_feature=15 24 8 24 25 15 28 7 7 24 33 30 21
split_gain=1.07854 4.22261 4.07807 5.75521 3.81693 2.42116 6.05624 4.06586 3.60021 2.54957 1.72815 0.919385 0.61759
threshold=-0.00082278840206634991 0.81185155258297959 -0.00047131407763239993 0.86556711744831449 0.00029291046684093691 -0.00072371737556584982 1.0765319861514822 -0.00057666504885744996 -0.00052811959373144982 1.0408976331661894 0.52212993979124356 0.12874263623443447 0.8654025304534817
decision_type=2 2 2 2 2 2 2 2 2 2 2 2 2
left_child=1 4 3 -3 -1 6 10 9 -9 -7 -2 -4 -6
right_child=5 2 11 -5 12 7 -8 8 -10 -11 -12 -13 -14
leaf_value=-0.012254914541795931 -0.016124414706647269 -0.03783612673461733 0.05187745117028289 0.0035949543338273399 0.029150596640701364 0.013560538302758066 -0.067327104633874799 -0.041268638654826335 -0.0006491448694253846 0.060612388567878761 0.027626629146807097 0.015301608763189586 0.061623499243027617
leaf_weight=1.9923167452216137 3.458707115845753 6.4822076606797046 2.640452036401256 31.111363158881431 1.2577529442496596 8.3381034188205359 3.0325840666191652 3.5355606523808083 278.42909154522931 2.3653135132044545 2.4805124960839748 1.8842656665365209 3.6754819646012038
leaf_count=14 33 56 32 296 13 79 28 23 2505 20 17 43 53
internal_value=2.71199e-05 0.00552851 0.000769132 -0.00354895 0.034473 -0.000867354 -0.0213353 -0.000239904 -0.00115847 0.0239584 0.00214819 0.0366459 0.0533444
internal_weight=350.684 49.0438 42.1183 37.5936 6.92555 301.64 8.9718 292.668 281.965 10.7034 5.93922 4.52472 4.93323
internal_count=3212 507 427 352 80 2705 78 2627 2528 99 50 75 66
is_linear=0
shrinkage=0.04


Tree=261
num_leaves=14
num_cat=0
split_feature=32 32 24 13 29 28 24 24 33 33 33 29 8
split_gain=1.0617 3.59162 5.41277 3.45395 3.31146 4.68951 3.63819 3.79818 3.13974 2.58833 9.75421 5.52793 2.42676
threshold=0.069378467895239507 0.040976311736197042 0.99637672351518314 0.00028290343909025004 0.45372687864951311 1.0365923912250385 1.0553583893685665 0.81354804306502493 0.49306576637932459 0.49965328459648312 0.50860907911635278 0.46068276054838081 -0.00015655489630244998
decision_type=2 2 2 2 2 2 2 2 2 2 2 2 2
left_child=1 9 3 -3 5 12 7 -6 -7 11 -11 -1 -2
right_child=4 2 -4 -5 6 8 -8 -9 -10 10 -12 -13 -14
leaf_value=0.027217458168063726 -0.051750131656094239 -0.01675588004896849 0.023630842562610849 -0.060046805856553059 -0.0052226783682353525 0.041620002066887193 -0.041629695961245938 0.015658364042135716 -0.0071549783329375354 -0.030060020749444107 0.00060817196129850479 0.00095181321010016614 -0.0059125820678970998
leaf_weight=15.221496124257099 4.9313122229650617 9.1674054258037376 3.7508398318896061 4.3470549577614284 19.729782271489967 2.9001529529341479 2.3003575333277686 47.476309783844044 7.7666228767484426 19.029630169272423 129.61388101289049 81.279375515354332 2.9556229972513419
leaf_count=205 31 79 37 34 189 46 24 467 42 86 841 1109 22
internal_value=2.71329e-05 -0.00124824 -0.0188818 -0.0306808 0.0038276 -0.0111857 0.00783518 0.00952829 0.00610628 -6.32416e-06 -0.00331803 0.00509481 -0.0345725
internal_weight=350.47 262.41 17.2653 13.5145 88.0602 18.5537 69.5064 67.2061 10.6668 245.144 148.644 96.5009 7.88694
internal_count=3212 2391 150 113 821 141 680 656 88 2241 927 1314 53
is_linear=0
shrinkage=0.04


Tree=262
num_leaves=11
num_cat=0
split_feature=29 13 6 31 31 1 31 28 28 28
split_gain=1.06909 2.85713 6.13073 4.86088 4.83894 2.67799 1.92165 1.87063 3.86868 2.2282
threshold=0.82053350662639535 7.0657396632027214e-05 4.8975045378127801e-05 0.99999999982108634 0.8307795452503165 0.00018942636129910001 0.99999999986511801 1.3597772832596124 1.3960996084467074 1.1833323472230834
decision_type=2 2 2 2 2 2 2 2 2 2
left_child=6 2 4 5 -2 -3 7 9 -9 -1
right_child=1 3 -4 -5 -6 -7 -8 8 -10 -11
leaf_value=-0.00058561743221997073 -0.018478793379961302 0.038617861340780373 -0.047956026604999091 -0.025433035076446262 0.021322681456229432 -0.0080094661102807305 0.030872394532910765 0.050076895892969743 0.0024530693009324651 -0.011520239865855991
leaf_weight=254.46117423646501 7.8615047537023264 10.606966665742222 3.9747594867949365 3.1477822619490317 12.918498197512234 2.4205807548132716 3.0391252572881049 3.3724727637018104 14.308184544759568 33.774856929929228
leaf_count=2330 72 117 30 24 115 24 32 34 141 293
internal_value=2.69832e-05 0.00610175 -0.00244106 0.0191757 0.00626496 0.0299543 -0.000777795 -0.00109222 0.011537 -0.00186691
internal_weight=349.886 40.9301 24.7548 16.1753 20.78 13.0275 308.956 305.917 17.6807 288.236
internal_count=3212 382 217 165 187 141 2830 2798 175 2623
is_linear=0
shrinkage=0.04


Tree=263
num_leaves=8
num_cat=0
split_feature=15 15 9 8 13 10 28
split_gain=1.1504 1.69227 2.5412 2.41626 2.9851 1.99087 1.50897
threshold=-0.0020263673393442496 -0.0015932969358731998 0.00035389041370507398 -0.0017018023295208998 -0.00076073196074874993 -0.00064382217802974985 1.1508115309457569
decision_type=2 2 2 2 2 2 2
left_child=-1 2 -2 4 -3 -5 -4
right_child=1 3 6 5 -6 -7 -8
leaf_value=0.033973967665849293 0.029962907595670593 -0.017325893761583638 -0.015798665241959942 -0.028186088283001787 0.040480992790612444 0.00015009063960441841 -0.057281722154540707
leaf_weight=1.5899714522529382 1.4160671671852458 2.0153210947755724 4.3263913956179749 4.0155339846096458 4.9151853497605762 329.33911151858047 2.0763394497334957
leaf_count=39 13 17 51 36 54 2988 14
internal_value=2.70593e-05 -0.000127994 -0.0185269 0.000294761 0.0236713 -0.000191242 -0.0292512
internal_weight=349.694 348.104 7.8188 340.285 6.93051 333.355 6.40273
internal_count=3212 3173 78 3095 71 3024 65
is_linear=0
shrinkage=0.04


Tree=264
num_leaves=6
num_cat=0
split_feature=22 32 23 2 20
split_gain=1.06165 1.75499 1.63276 3.66159 2.8898
threshold=0.23727291117692845 0.44239509876190536 0.10966491190269569 0.091816175563260757 0.28438073099009892
decision_type=2 2 2 2 2
left_child=1 2 4 -4 -1
right_child=-2 -3 3 -5 -6
leaf_value=-0.00028570014749605579 -0.025157658887180898 0.035981531049012749 0.038823560755969093 0.0029534080496717756 -0.021386652516560242
leaf_weight=291.6274834741198 2.657888274639844 2.1817579617490983 5.1893234145827583 37.148147424275521 10.767900565493617
leaf_count=2612 24 25 44 358 149
internal_value=2.63494e-05 0.000219297 -7.0365e-06 0.00735003 -0.00103708
internal_weight=349.573 346.915 344.733 42.3375 302.395
internal_count=3212 3188 3163 402 2761
is_linear=0
shrinkage=0.04


Tree=265
num_leaves=9
num_cat=0
split_feature=27 0 27 22 0 29 19 26
split_gain=1.02539 1.42857 2.29124 4.31263 2.10511 1.49408 1.37948 1.24109
threshold=0.3744183972925777 16.355344557268833 0.31242976526082084 0.035549543991133213 19.773815167686823 0.64911867615446928 0.62475844347467324 0.2105263157894737
decision_type=2 2 2 2 2 2 2 2
left_child=1 2 3 -1 5 -3 -6 -2
right_child=7 4 -4 -5 6 -7 -8 -9
leaf_value=0.048623509193657356 0.053014823693909426 0.0078351889797175361 -0.048028870051199275 -0.033822517212021792 -0.0041110935698578698 0.052974839317497573 0.0015009009522271347 -0.0061071213472883483
leaf_weight=1.7170852108392853 1.2739287009462708 2.8549396308371788 2.5768918946851045 2.4831677450565621 99.709104006527923 1.9916827905690295 235.85089957268792 1.0253435613121835
leaf_count=26 17 31 18 16 817 20 2237 30
internal_value=2.56584e-05 -0.000150664 -0.0183354 -0.000118154 0.000211375 0.026385 -0.000166661 0.0266498
internal_weight=349.483 347.184 6.77714 4.20025 340.407 4.84662 335.56 2.29927
internal_count=3212 3165 60 42 3105 51 3054 47
is_linear=0
shrinkage=0.04


Tree=266
num_leaves=8
num_cat=0
split_feature=19 33 19 23 22 22 9
split_gain=1.12956 1.24062 2.70919 3.29114 1.53906 1.91047 0.00389091
threshold=0.62431834229907501 0.57973783670805756 0.62588899205674642 0.017616846413160938 0.23727291117692845 0.066849696335044062 0.00047076881000138431
decision_type=2 2 2 2 2 2 2
left_child=-1 4 3 -3 5 -2 -4
right_child=1 2 6 -5 -6 -7 -8
leaf_value=-0.03497185701189922 -0.0017909303924474166 -0.040444624876634229 0.04506521969181039 0.0071922642726358153 -0.032773993608660949 0.0068663691550285531 0.042172431443584422
leaf_weight=1.4693910656496871 258.34485829621553 2.4946297677233806 1.4268454760313027 33.241661548148841 2.3712514303624621 48.429961574380286 1.5543720442801712
leaf_count=13 2314 32 23 346 20 411 53
internal_value=2.51875e-05 0.000173017 0.006923 0.00386689 -0.000672352 -0.000424219 0.043557
internal_weight=349.333 347.864 38.7175 35.7363 309.146 306.775 2.98122
internal_count=3212 3199 454 378 2745 2725 76
is_linear=0
shrinkage=0.04


Tree=267
num_leaves=15
num_cat=0
split_feature=31 14 14 13 22 23 31 3 19 10 19 24 3 2
split_gain=1.05481 5.00386 5.96047 4.1763 3.72417 3.25049 2.31982 3.10579 2.63072 4.07335 2.45344 1.96134 1.67665 0.629404
threshold=0.99999999978812026 0.00011356699970295001 4.966816207332711e-05 -1.4146772970108735e-05 0.0096995012332570848 0.061452022700070226 0.99999999975595666 0.0019098701375303503 0.62593969552422457 -0.00064382217802974985 0.63017520070286259 0.89438803989749183 0.0011938310013984502 0.48285336182717326
decision_type=2 2 2 2 2 2 2 2 2 2 2 2 2 2
left_child=6 2 4 11 -2 -5 8 12 9 -1 -10 -3 -8 -4
right_child=1 3 13 5 -6 -7 7 -9 10 -11 -12 -13 -14 -15
leaf_value=-0.055216180714999112 0.040638962116925727 -0.0052344114120861486 0.060451338473240544 -0.032544240234521724 -0.0033458373367595347 -0.0035843830964696656 0.014402843481286372 -0.01674431294949286 0.013000560317970691 -0.00096518026667768346 -0.011238661964327304 0.046011036754027894 0.047568045009364866 0.031617149779989848
leaf_weight=2.2395147103816262 3.2882177155115633 2.6412954255356444 2.3879936295561484 17.748460102244284 48.62860024755355 9.5314051624154654 5.6593820604030025 3.1750207729637614 39.476174809446093 197.45654279529117 8.0424033599847444 2.182319059735164 4.2859421602915972 2.4580167909152806
leaf_count=15 39 23 22 145 367 97 55 20 431 1787 104 27 45 35
internal_value=2.46835e-05 -0.00373809 0.0034001 -0.0163593 -0.000560004 -0.0224259 0.00130912 0.0176993 0.000439246 -0.00157358 0.00889813 0.0179503 0.0286954 0.0458259
internal_weight=349.201 88.8663 56.7628 32.1035 51.9168 27.2799 260.335 13.1203 247.215 199.696 47.5186 4.82361 9.94532 4.84601
internal_count=3212 755 463 292 406 242 2457 120 2337 1802 535 50 100 57
is_linear=0
shrinkage=0.04


Tree=268
num_leaves=15
num_cat=0
split_feature=33 23 28 19 14 26 0 0 33 8 19 15 27 33
split_gain=1.04108 2.0575 2.706 2.58103 2.09054 1.55544 1.35618 5.43486 5.2071 2.975 3.40106 1.63665 0.650673 0.00262542
threshold=0.43653174209096801 0.032827592405881963 1.1013458836622962 0.62437536735286769 2.8308363006842126e-05 0.31578947368421056 63.019381575229815 64.620563508328416 0.50514511934191442 0.0011481855012196002 0.62654079409894314 0.00032689492514880006 0.15452966861970638 0.42541116073235996
decision_type=2 2 2 2 2 2 2 2 2 2 2 2 2 2
left_child=1 2 4 12 -1 -5 9 11 -9 10 -2 -8 -3 -4
right_child=6 3 13 5 -6 -7 7 8 -10 -11 -12 -13 -14 -15
leaf_value=0.0077343343329603414 -0.0022332255688864429 0.0049491264676602299 0.041038933185042044 0.038634548939882198 -0.038104728900619368 -0.033712321759091675 0.062277765996108451 -0.013027829625661042 0.013260912752885242 -0.031452434884231197 0.015873931636057707 0.023456771970374657 -0.044025168168897559 0.044534756395989701
leaf_weight=3.0120566271070883 252.70363881671801 0.82534338627010384 0.53546824646764413 6.6722066624497529 3.3761742970382329 0.51196487457491446 2.49919545650482 24.207002948969603 24.014726993627846 5.2476417152211061 17.763867791742086 5.70166658423841 0.9155574741307646 0.9599475022405386
leaf_count=153 1632 23 75 566 153 39 13 156 147 35 154 35 17 14
internal_value=2.50354e-05 0.00973718 -0.00515318 0.02289 -0.0164916 0.0334789 -0.000466473 0.00518373 6.41306e-05 -0.00162274 -0.00104398 0.0352874 -0.020807 0.043283
internal_weight=348.946 16.8087 7.88365 8.92507 6.38823 7.18417 332.138 56.4226 48.2217 275.715 270.468 8.20086 1.7409 1.49542
internal_count=3212 1040 395 645 306 605 2172 351 303 1821 1786 48 40 89
is_linear=0
shrinkage=0.04


Tree=269
num_leaves=14
num_cat=0
split_feature=12 30 14 14 31 23 24 27 14 22 3 32 2
split_gain=1.01489 3.08327 3.1356 3.23823 3.04373 4.27645 3.55921 3.94309 2.95693 3.55846 2.78674 1.36278 0.0708877
threshold=7.0789944989808562e-05 0.23119878579169265 0.0008659976387409002 -0.0011978535981395997 0.67451326656424182 0.15867509548184472 1.0473061645821655 0.19021738897832127 -0.0010265311404843997 0.021302399531102405 0.00079588278162370004 0.067972373331531999 0.50903763364634169
decision_type=2 2 2 2 2 2 2 2 2 2 2 2 2
left_child=1 2 3 -1 6 10 7 -2 -3 -10 -6 -4 -7
right_child=4 8 11 -5 5 12 -8 -9 9 -11 -12 -13 -14
leaf_value=0.034833041429203279 0.0075908960727555184 -0.019468948666999459 0.052986461446021309 -0.0015240487444417293 -0.022339083951810574 0.05996720446182268 -0.058808071531125494 -0.049021439683815088 0.038822053020628793 0.0057549371333044351 -5.7004531481555921e-06 0.0062882529530546155 0.046059155221783998
leaf_weight=4.0048285868833764 6.598017303622326 3.4081176004838225 2.50228953489568 184.34595928093768 9.7537737987004203 0.9818286887602875 3.0856856607133514 2.8055108801345341 9.4990910940396152 11.524035130074479 107.06554077085457 1.6653061761753631 1.4557048301212487
leaf_count=59 81 30 26 1652 71 13 24 32 118 140 911 24 31
internal_value=2.54266e-05 0.00170708 8.34968e-06 -0.000751002 -0.00274379 -0.000776263 -0.0215313 -0.0092992 0.015093 0.020696 -0.00187042 0.0343266 0.0516613
internal_weight=348.696 216.95 192.518 188.351 131.746 119.257 12.4892 9.40353 24.4312 21.0231 116.819 4.1676 2.43753
internal_count=3212 2049 1761 1711 1163 1026 137 113 288 258 982 50 44
is_linear=0
shrinkage=0.04


Tree=270
num_leaves=12
num_cat=0
split_feature=29 13 6 6 31 31 31 28 28 28 29
split_gain=0.998245 2.71723 5.5077 4.53099 4.55786 4.36815 1.78789 1.70542 3.65181 2.08873 1.07074
threshold=0.82053350662639535 7.0657396632027214e-05 4.8975045378127801e-05 0.00018621900747195003 0.99999999982108634 0.8307795452503165 0.99999999986511801 1.3597772832596124 1.3960996084467074 1.1833323472230834 0.83917687477893166
decision_type=2 2 2 2 2 2 2 2 2 2 2
left_child=6 2 5 10 -5 -2 7 9 -9 -1 -3
right_child=1 3 -4 4 -6 -7 -8 8 -10 -11 -12
leaf_value=-0.00054854118094091573 -0.017487666742418521 0.014873369532546515 -0.045091357537896393 0.0168634497250571 -0.048820005812977865 0.020460947578919142 0.029913143874766353 0.049102161633120811 0.0022762553942715252 -0.011148279388090208 0.050295595869041039
leaf_weight=253.7089257921034 7.8458232185803416 1.804964897717581 4.0414356627734369 6.1734913359396142 2.3276327811181545 12.723577667231437 3.0124455768964244 3.2828123674262342 14.153646180435315 33.695306217792677 5.6063457724521868
leaf_count=2330 72 15 30 63 16 115 32 34 141 293 71
internal_value=2.55383e-05 0.00592719 -0.00240148 0.0188087 -0.00112087 0.00598614 -0.000751307 -0.00105433 0.0110923 -0.00179126 0.0416688
internal_weight=348.376 40.5233 24.6108 15.9124 8.50112 20.5694 307.853 304.841 17.4365 287.404 7.41131
internal_count=3212 382 217 165 79 187 2830 2798 175 2623 86
is_linear=0
shrinkage=0.04


Tree=271
num_leaves=8
num_cat=0
split_feature=15 15 15 29 7 22 22
split_gain=1.0645 1.60987 1.98713 4.46645 2.22547 1.59435 1.93758
threshold=-0.0020263673393442496 -0.0015932969358731998 -0.00082278840206634991 0.45372687864951311 -0.00057666504885744996 0.012472476479360799 0.033295098731506642
decision_type=2 2 2 2 2 2 2
left_child=-1 5 3 -3 -4 -2 -7
right_child=1 2 4 -5 -6 6 -8
leaf_value=0.033351044629278348 -0.046061285190195499 -0.017513912638729409 0.014807243745566738 0.015744130171505825 -0.001574903579924338 0.024789868263757155 -0.02474036634527443
leaf_weight=1.5268793855211686 2.3033550359541541 8.1719377245753986 13.913368707260814 30.855955999606522 285.96748684061458 2.0116144971689209 3.3987769879167899
leaf_count=39 22 64 131 326 2574 22 34
internal_value=2.56591e-05 -0.00012114 0.000290122 0.00878032 -0.000814832 -0.0181902 -0.00632474
internal_weight=348.149 346.622 338.909 39.0279 299.881 7.71375 5.41039
internal_count=3212 3173 3095 390 2705 78 56
is_linear=0
shrinkage=0.04


Tree=272
num_leaves=15
num_cat=0
split_feature=33 13 29 27 33 9 3 0 25 29 23 25 13 9
split_gain=1.0058 3.0408 2.6395 2.65719 1.35673 2.7198 2.89027 2.1062 4.58134 3.32728 1.39019 0.0112267 0.00220608 0.000899833
threshold=0.57973783670805756 -0.00036946775548509994 0.8315240666925382 0.043618292095111803 0.46764489174809565 0.0004419413791302392 0.0026268902669005002 63.019381575229815 0.00034773969202268163 0.43538503218858515 0.0097448709948698455 0.00028211360365120835 4.2390843647936869e-05 0.00033539282919500986
decision_type=2 2 2 2 2 2 2 2 2 2 2 2 2 2
left_child=4 11 3 -3 5 6 -1 9 -9 -6 -7 -2 -4 -13
right_child=1 2 12 -5 7 10 -8 8 -10 -11 -12 13 -14 -15
leaf_value=0.005061398071922134 0.047266021405761138 0.026204414350906039 0.043228814644789802 -0.004852006084210627 -0.014487403829519086 -0.032231210506749174 -0.029488664678876533 0.015282598141433986 -0.011133175137228373 -0.0013104320578189276 0.038981720320811243 0.043178256125458017 0.045718960878425446 0.041476090430438303
leaf_weight=44.849534610228147 1.1017100773751729 5.2177102402783921 1.1432233192026608 28.403856771066785 37.328418113291264 0.48321326007135113 4.2402763339341609 29.314911130815744 16.371254872530699 171.64191374182701 4.7514380039647222 0.90260336827486787 1.1337535767816005 1.1055492861196397
leaf_count=1044 11 73 21 270 187 14 135 155 85 873 263 17 20 44
internal_value=2.4997e-05 0.0060773 0.00279024 -3.23794e-05 -0.000739097 0.0049997 0.00207704 -0.00196332 0.00581673 -0.00366424 0.032408 0.0440213 0.0444687 0.0422412
internal_weight=347.989 39.0084 35.8985 33.6216 308.981 54.3245 49.0898 254.656 45.6862 208.97 5.23465 3.10986 2.27698 2.00815
internal_count=3212 456 384 343 2756 1456 1179 1300 240 1060 277 72 41 61
is_linear=0
shrinkage=0.04


Tree=273
num_leaves=9
num_cat=0
split_feature=19 33 2 33 8 8 29 25
split_gain=0.990594 1.19757 1.33186 1.27591 5.84417 2.7316 1.06198 0.000472652
threshold=0.62431834229907501 0.40886998841206229 0.89897397590997963 0.53035574285805898 0.00057660699514205016 0.00039520891020365006 0.6040437166239524 9.5374691703268053e-05
decision_type=2 2 2 2 2 2 2 2
left_child=-1 2 7 5 -5 -3 -4 -2
right_child=1 3 6 4 -6 -7 -8 -9
leaf_value=-0.032717004823316589 0.041938925981239487 -0.0046042838449259294 -0.03608897766258793 0.0075170791236539971 -0.014187081999622599 0.0055256172294214827 0.041535914073603547 0.04027922080547499
leaf_weight=1.4721538498997677 0.31639815890230227 160.54890435724519 0.84563615487422772 98.998417797964066 24.828024010639638 57.970951403025538 0.42306756973266602 2.0749908043362666
leaf_count=13 11 1197 50 734 175 386 47 599
internal_value=2.5304e-05 0.000164613 0.0229237 -7.87089e-05 0.00316525 -0.00191693 -0.0102038 0.0404988
internal_weight=347.479 346.006 3.66009 342.346 123.826 218.52 1.2687 2.39139
internal_count=3212 3199 707 2492 909 1583 97 610
is_linear=0
shrinkage=0.04


Tree=274
num_leaves=9
num_cat=0
split_feature=6 6 9 6 2 25 27 14
split_gain=0.958295 1.93484 3.68037 3.17106 3.18453 2.35127 2.11184 0.409306
threshold=0.0011998726716298002 0.00055061813951950013 0.00045075624629169756 0.00047353197836095005 1.0219643168260075 0.00047366669279995632 0.36434174200699271 0.0012303703687758002
decision_type=2 2 2 2 2 2 2 2
left_child=1 3 7 6 -5 -4 -1 -3
right_child=-2 2 5 4 -6 -7 -8 -9
leaf_value=-6.671451957817531e-05 -0.023645209967208713 0.050707823283102318 -0.030154277585565926 -0.0094035679375625847 -0.066477789305221718 0.014198553945372281 0.038397913381323714 0.026377634976878738
leaf_weight=321.19483934194432 2.7152675364632151 3.2807432324625543 2.8950581494718772 5.4038987752282983 2.2013714467175305 5.6342348713078536 2.3001537565723984 1.6691812530625609
leaf_count=2942 24 40 16 54 18 54 42 22
internal_value=2.48188e-05 0.000211337 0.0150668 -0.000393432 -0.0259239 -0.000855921 0.000206781 0.0425034
internal_weight=347.295 344.579 13.4792 331.1 7.60527 8.52929 323.495 4.94992
internal_count=3212 3188 132 3056 72 70 2984 62
is_linear=0
shrinkage=0.04


Tree=275
num_leaves=10
num_cat=0
split_feature=14 14 21 23 30 7 27 23 27
split_gain=0.959293 4.59451 2.9587 6.80924 2.93041 2.746 2.32791 3.63202 2.55274
threshold=-0.00022628758010739998 -0.00022790400724684998 0.97490898787133151 0.018261130447902899 0.071432909302880002 -0.00066298167478214996 0.20441590367307935 0.0097448709948698455 0.19817505171036107
decision_type=2 2 2 2 2 2 2 2 2
left_child=1 2 3 -1 -4 -2 8 -8 -7
right_child=5 -3 4 -5 -6 6 7 -9 -10
leaf_value=-0.033929625899965531 0.043337157606561164 -0.05108428088265634 0.042037886212280579 8.6149356238704471e-06 -0.011256195018098183 0.0022290174882580163 -0.060483024597360026 -0.0052467409204457064 0.039540256042914154
leaf_weight=10.460056616779182 2.4884682112606233 3.081632916815578 4.6687960150884456 98.824396021664143 2.5537333826650865 187.78197869632277 2.0240628109313539 32.289170174160972 2.9804747956804922
leaf_count=101 31 24 47 902 29 1701 14 334 29
internal_value=2.43996e-05 -0.00287616 -0.00160105 -0.00323975 0.0231942 0.00154869 0.00108667 -0.00850501 0.00281197
internal_weight=347.153 119.589 116.507 109.284 7.22253 227.564 225.076 34.3132 190.762
internal_count=3212 1103 1079 1003 76 2109 2078 348 1730
is_linear=0
shrinkage=0.04


Tree=276
num_leaves=15
num_cat=0
split_feature=31 23 23 31 23 5 33 19 33 25 24 28 22 24
split_gain=0.965729 5.73941 4.5253 4.40213 5.73842 3.83963 3.77153 3.58626 2.58248 3.99466 3.02422 2.49141 2.41723 2.02101
threshold=0.9999999998350052 0.038452821808035172 0.032827592405881963 0.99999999981786603 0.039442736864342902 1.0000000180025095e-35 0.59964038515009643 0.62513085570006399 0.5345273606927321 0.00032722935547823269 0.72904587691806566 1.0078121894646541 0.05194915534638004 0.89282654583510757
decision_type=2 2 2 2 2 2 2 2 2 2 2 2 2 2
left_child=3 2 11 8 7 13 -6 -5 10 -10 -1 -2 -7 -3
right_child=1 5 -4 4 6 12 -8 -9 9 -11 -12 -13 -14 -15
leaf_value=0.031827368835639254 0.0094330229409332351 0.059772108074732773 -0.049493034525614765 -0.013433528932599833 -0.040149621004491966 0.026585627511107074 0.011809147263796418 0.037611831052928223 -0.00060363918626134239 0.017017371539573632 -0.0025343302721923312 -0.024523256573161817 -0.017739921078780335 0.02211036904628335
leaf_weight=4.1864143111743024 12.909472860279498 4.5729845953173953 3.4934149382170281 5.0771220310125518 13.167698912438935 3.6860108971595755 2.6922222883440545 3.8889735183911398 51.026162964291871 34.503382552880794 194.28936600114685 4.7216911260038605 4.2245521278819069 4.5460905220825225
leaf_count=34 136 48 24 41 85 28 38 40 345 306 1976 35 24 52
internal_value=2.41389e-05 0.00602787 -0.00790149 -0.000717586 -0.0168701 0.0233067 -0.0313296 0.008707 0.000694369 0.00650483 -0.00180955 0.000339405 0.00291404 0.0409968
internal_weight=346.986 38.1542 21.1246 308.831 24.826 17.0296 15.8599 8.9661 284.005 85.5295 198.476 17.6312 7.91056 9.11908
internal_count=3212 347 195 2865 204 152 123 81 2661 651 2010 171 52 100
is_linear=0
shrinkage=0.04


Tree=277
num_leaves=15
num_cat=0
split_feature=33 15 0 0 7 0 33 0 25 29 33 3 19 22
split_gain=0.990324 2.74296 3.41804 6.48472 4.66314 1.70034 4.27476 6.21442 4.2717 3.09965 4.71959 4.16639 0.0077829 0.00485277
threshold=0.46764489174809565 -0.0013010305934131499 33.830927252862566 28.257135059485361 -6.6856320979741482e-05 63.019381575229815 0.50860907911635278 70.670951052764664 0.00034773969202268163 0.4435424332438605 0.49965328459648312 0.0012145416468817003 0.71451960270920412 0.059366867503562584
decision_type=2 2 2 2 2 2 2 2 2 2 2 2 2 2
left_child=1 12 3 -3 -4 9 8 -8 -7 10 -2 -11 13 -1
right_child=5 2 4 -5 -6 6 7 -9 -10 11 -12 -13 -14 -15
leaf_value=0.041884690563190989 0.014231387133164972 0.017020396102252217 0.027746016132966025 -0.055959715487896515 -0.0010896606434048065 0.0042768151434217387 0.035114588325401493 -0.0034020282351521448 -0.03612503858985442 -0.0067331876562630915 -0.017467241081273593 0.0050049149160906635 0.048247752856007915 0.04656031621089942
leaf_weight=1.8020838029915465 9.3203872516751272 3.6953401052451218 12.639701907290144 4.1199671223002952 30.931413758662529 13.788612678647043 13.873957879841329 12.965984102338551 6.013147071003913 84.447973152622581 38.803139146883041 113.28620810434222 0.51751495618373144 0.44234471395611752
leaf_count=107 53 86 319 90 842 68 81 83 32 493 248 698 6 6
internal_value=2.43499e-05 0.00499341 0.00290623 -0.0214523 0.00727538 -0.000895537 0.00610642 0.0165078 -0.00799191 -0.00222388 -0.011328 -8.17369e-06 0.0438258 0.0428062
internal_weight=346.648 54.1484 51.3864 7.81531 43.5711 292.499 46.6417 26.8399 19.8018 245.858 48.1235 197.734 2.76194 2.24443
internal_count=3212 1456 1337 176 1161 1756 264 164 100 1492 301 1191 119 113
is_linear=0
shrinkage=0.04


Tree=278
num_leaves=7
num_cat=0
split_feature=2 13 14 10 6 14
split_gain=0.967851 1.82659 2.35685 3.00839 3.0076 1.45429
threshold=-0.098466217974959594 -0.0010662875705588998 -0.00086755556284619987 -0.00014202328129464997 -0.00049077725703449988 -0.00076229246767504997
decision_type=2 2 2 2 2 2
left_child=5 -2 3 -3 -4 -1
right_child=1 2 4 -5 -6 -7
leaf_value=-0.00010386367673590823 -0.031388034707216683 0.0018274567455651217 -0.029753647172811114 0.038581493955214576 -0.0002045985384404754 0.038739452174447339
leaf_weight=3.8642330793081783 2.9907628736109464 9.6967713959747908 5.6091776898247181 5.6332594940322442 315.82626626128331 2.5664548705099142
leaf_count=34 38 91 57 83 2887 22
internal_value=2.51207e-05 -0.000265853 1.05382e-05 0.0153333 -0.000720241 0.0153983
internal_weight=346.187 339.756 336.765 15.33 321.435 6.43069
internal_count=3212 3156 3118 174 2944 56
is_linear=0
shrinkage=0.04


Tree=279
num_leaves=13
num_cat=0
split_feature=33 13 13 0 14 14 14 28 7 13 21 29
split_gain=0.937096 2.10652 6.96633 3.03133 2.15313 1.36563 4.29777 3.64879 3.41731 2.59567 1.17459 0.769003
threshold=0.43653174209096801 0.00014183190811500003 7.0883779173906906e-05 64.872871362761657 2.8308363006842126e-05 -0.00022628758010739998 -0.00022790400724684998 0.62911754450951662 -0.00057666504885744996 0.00021428266291350005 0.97946422880582751 0.32508281284019286
decision_type=2 2 2 2 2 2 2 2 2 2 2 2
left_child=1 2 3 -1 -4 6 7 -2 -7 -10 11 -3
right_child=5 10 4 -5 -6 8 -8 -9 9 -11 -12 -13
leaf_value=0.025393399258276373 -0.052334041724061926 -0.028239195266623201 -0.0011148255766702006 -0.043199986581658349 -0.081952691846011436 0.038420521241139524 -0.051108060284660695 -0.0016400726766414503 0.0044546554065304908 -0.0045589145318966082 -0.033797240631579774 0.042280698445166909
leaf_weight=7.9737440590688511 2.3199675176292649 0.26348862901795556 0.74551392876310218 1.1838836623646782 1.8001155999954788 3.9249690417200318 3.0129719339311114 109.25344650540501 124.42752410657704 86.76246613683179 0.39845140208490182 4.055541408539284
leaf_count=486 12 10 34 136 41 32 17 733 797 581 9 324
internal_value=2.45565e-05 0.00935068 0.000254739 0.0165258 -0.0582785 -0.00043993 -0.00396717 -0.00269416 0.00143894 0.000751641 0.0319162 0.0379785
internal_weight=346.122 16.4207 11.7033 9.15763 2.54563 329.701 114.586 111.573 215.115 211.19 4.71748 4.31903
internal_count=3212 1040 697 622 75 2172 762 745 1410 1378 343 334
is_linear=0
shrinkage=0.04


Tree=280
num_leaves=6
num_cat=0
split_feature=19 23 22 13 25
split_gain=0.954628 1.14193 1.27389 2.26707 2.15937
threshold=0.62431834229907501 0.2628952008798397 0.16472456588654483 0.00012772026474170003 9.5374691703268053e-05
decision_type=2 2 2 2 2
left_child=-1 2 4 -4 -2
right_child=1 -3 3 -5 -6
leaf_value=-0.032151343102387854 0.020884809867143358 0.024238325155590133 -0.025786826728024979 0.01506560201394848 -0.00013273921043556922
leaf_weight=1.4690607357770193 8.0156038524582964 3.1233519529923788 7.4009917478542757 3.0770900656934828 322.75544695943245
leaf_count=13 67 35 56 31 3010
internal_value=2.47071e-05 0.000161967 -5.83967e-05 -0.0137897 0.000376581
internal_weight=345.842 344.372 341.249 10.4781 330.771
internal_count=3212 3199 3164 87 3077
is_linear=0
shrinkage=0.04


Tree=281
num_leaves=14
num_cat=0
split_feature=32 0 0 9 32 24 9 14 0 0 33 0 19
split_gain=0.927339 3.56891 4.94539 3.95856 3.24497 4.81141 3.20336 3.13192 2.88505 5.55928 4.00303 0.0405677 0.00741521
threshold=0.069378467895239507 25.151694398147509 32.181025887961027 0.00015086769888054965 0.040976311736197042 0.99637672351518314 0.00041632685280217476 -2.837100767603525e-05 63.200072359442132 64.620563508328416 0.49965328459648312 23.509641912651762 0.62508252570882095
decision_type=2 2 2 2 2 2 2 2 2 2 2 2 2
left_child=4 11 6 -4 8 7 -3 -6 10 -10 -1 12 -2
right_child=1 2 3 -5 5 -7 -8 -9 9 -11 -12 -13 -14
leaf_value=0.0052087636558116567 0.04836708752305529 -0.041428800415401215 -0.025252176302947738 0.0081324964250311191 -0.047932936365775218 0.022670731068612802 0.015192641606608354 -0.0094625839321822777 0.044500578440686854 0.003541499214672679 -0.006499805503637191 0.05561570473551633 0.042990042158539223
leaf_weight=75.506197295384482 0.7466868755873286 6.2529604674782586 6.1897191745229057 69.391654400969855 6.8653768534422861 3.670358710573054 2.1478238845302258 6.6808613674948001 6.1692999782389952 37.71351982007036 122.54509590286762 0.99922846682602529 0.91100674364133738
leaf_count=937 7 59 53 632 53 37 21 60 54 467 783 15 34
internal_value=2.38363e-05 0.00360639 0.00216239 0.00539847 -0.00117388 -0.0179528 -0.0269524 -0.0289598 2.01479e-05 0.00929976 -0.00203596 0.0492495 0.0454121
internal_weight=345.79 86.6391 83.9822 75.5814 259.151 17.2166 8.40078 13.5462 241.934 43.8828 198.051 2.65692 1.65769
internal_count=3212 821 765 685 2391 150 80 113 2241 521 1720 56 41
is_linear=0
shrinkage=0.04


Tree=282
num_leaves=14
num_cat=0
split_feature=10 6 28 3 30 29 26 6 3 3 6 0 13
split_gain=0.946529 3.1275 3.09952 4.17718 2.90399 3.571 3.97238 3.05267 2.76337 2.29647 1.69015 0.957463 0.567745
threshold=7.0789944989808562e-05 -0.00030506396983889995 0.69603996724745365 0.00079588278162370004 0.23119878579169265 0.52825602672262317 -1.0000000180025095e-35 -0.00073345479997139992 0.00083569263945570016 0.0011207806626115503 -0.00035906368209789999 39.488780891460912 -0.0010662875705588998
decision_type=2 2 2 2 2 2 2 2 2 2 2 2 2
left_child=4 10 9 -4 7 11 -7 12 -9 -3 -2 -6 -1
right_child=1 2 3 -5 5 6 -8 8 -10 -11 -12 -13 -14
leaf_value=0.020323985923086867 -0.01556200905003907 0.046503430160354339 -0.028523122748384058 -0.0006744539191450694 0.019464416044431731 0.016968944328613855 -0.025857382401946717 0.0089876496441831846 -0.0031655832499851502 -0.0049065768776572934 -0.064367644492722656 0.051663129189401191 0.050787361542809384
leaf_weight=2.0415979571698704 2.9452961094211787 3.6415170540567479 9.3455688667017949 110.65759755199542 2.2925221482291844 12.856143199722286 4.7441434364591233 37.443795052589849 149.2692044506548 2.2487310154829174 1.8473707743687544 4.1569658305961639 1.8804367033299048
leaf_count=23 37 30 87 957 29 126 70 315 1397 35 17 63 26
internal_value=2.38513e-05 -0.00266007 -0.00145273 -0.00284324 0.00165765 0.0147556 0.00542514 5.2637e-06 -0.00072835 0.0268765 -0.0343745 0.0402178 0.0349298
internal_weight=345.371 130.686 125.893 120.003 214.685 24.0498 17.6003 190.635 186.713 5.89025 4.79267 6.44949 3.92203
internal_count=3212 1163 1109 1044 2049 288 196 1761 1712 65 54 92 49
is_linear=0
shrinkage=0.04


Tree=283
num_leaves=14
num_cat=0
split_feature=33 13 7 23 33 3 9 26 29 7 23 25 9
split_gain=0.995453 2.89803 2.72835 3.3108 1.20534 4.90741 5.36396 4.68139 7.44681 4.82678 0.747044 0.00967255 0.000835789
threshold=0.57973783670805756 -0.00036946775548509994 9.8847409006687213e-05 0.017616846413160938 0.49965328459648312 0.00050427564381030009 0.00018358453162362615 -0.10526315789473688 0.45372687864951311 -0.00085880641022474983 0.086480952887815724 0.00028211360365120835 0.00033539282919500986
decision_type=2 2 2 2 2 2 2 2 2 2 2 2 2
left_child=4 11 3 -3 7 -6 -7 9 -9 -1 -4 -2 -13
right_child=1 2 10 -5 5 6 -8 8 -10 -11 -12 12 -14
leaf_value=-0.010520118355773121 0.046910642669759625 -0.047910636002407969 0.043157339454709447 0.0025541916665869535 0.039262250250431195 -0.022924089898141431 -0.0013288682109958737 0.023687136054279741 -0.008942966194326973 0.018481961035734101 0.00039046612207733556 0.043094930522828312 0.041415375101915439
leaf_weight=12.011770380806409 1.0781581755727523 2.2377278832718757 3.1295871175825591 29.520592017564923 4.2951828539371482 21.042265623807907 146.72600983828306 13.315394663077312 70.127689809480216 38.968728629493853 0.82598769292235363 0.86425132676959027 1.0499873296357689
leaf_count=143 11 21 76 268 21 104 733 216 1007 532 19 17 44
internal_value=2.39765e-05 0.00606839 0.0029002 -0.00100162 -0.000739374 -0.00295656 -0.00403744 0.00209864 -0.00373603 0.0116486 0.0342269 0.0438804 0.0421737
internal_weight=345.193 38.7063 35.7139 31.7583 306.487 172.063 167.768 134.424 83.4431 50.9805 3.95557 2.9924 1.91424
internal_count=3212 456 384 289 2756 858 837 1898 1223 675 95 72 61
is_linear=0
shrinkage=0.04


Tree=284
num_leaves=15
num_cat=0
split_feature=33 8 5 29 18 17 26 28 33 26 27 28 26 29
split_gain=0.955433 5.47527 8.1854 4.33522 3.89216 3.81736 5.85993 4.47218 2.71722 7.57045 5.66592 4.68449 4.33617 6.9075
threshold=0.53035574285805898 0.00057660699514205016 1.0000000180025095e-35 0.89396549086888222 1.0000000180025095e-35 1.0000000180025095e-35 0.10526315789473685 1.0565173558148933 0.49965328459648312 1.0000000180025095e-35 0.075972647306962279 1.1402873296903131 -0.10526315789473688 0.45372687864951311
decision_type=2 2 2 2 2 2 2 2 2 2 2 2 2 2
left_child=8 2 3 -2 -4 6 -3 -7 12 10 -10 -11 -1 -14
right_child=1 5 4 -5 -6 7 -8 -9 9 11 -12 -13 13 -15
leaf_value=0.011248468727904123 0.034893079848820098 0.003775786306703536 0.012295654065738069 -0.014589613703467893 -0.0064033393465243475 0.029973861192417288 -0.046805669619226928 -0.025687763384869517 -0.035303286614684057 -0.001563558438774862 -0.0071964580999917928 0.031298349340747128 0.023031373728691306 -0.0085506402969307265
leaf_weight=50.694245384103851 19.880738633684818 6.1415768926963219 28.665881780907512 3.3035918879322699 47.031701809726655 5.3603607956320047 9.0863983375020307 4.0579488091170788 17.797444671392441 27.605043187737465 32.304700955748558 9.2717310041189176 13.150139080273219 70.405702910356922
leaf_count=675 172 53 196 29 340 34 63 25 82 130 148 42 216 1007
internal_value=2.4533e-05 0.00284254 0.00704687 0.0278422 0.000677774 -0.0140254 -0.0264057 0.00599164 -0.00154896 -0.00705642 -0.0171807 0.00669874 0.00201925 -0.00358022
internal_weight=344.757 123.528 98.8819 23.1843 75.6976 24.6463 15.228 9.41831 221.229 86.9789 50.1021 36.8768 134.25 83.5558
internal_count=3212 912 737 201 536 175 116 59 2300 402 230 172 1898 1223
is_linear=0
shrinkage=0.04


Tree=285
num_leaves=10
num_cat=0
split_feature=29 22 21 1 31 8 10 30 24
split_gain=1.00671 2.62621 3.90165 3.01287 1.65339 1.55026 1.49092 3.39387 2.91597
threshold=0.82053350662639535 0.065113805260656479 0.82707867904442323 2.2801037164954522e-05 0.99999999986511801 -9.4867113304705501e-05 7.0789944989808562e-05 0.23119878579169265 0.94260077274510556
decision_type=2 2 2 2 2 2 2 2 2
left_child=4 2 -2 -4 6 -3 7 -1 -8
right_child=1 5 3 -5 -6 -7 8 -9 -10
leaf_value=-0.00076523536613624541 -0.061229060923213896 0.0098189718039918619 0.014969270036280888 -0.0092502271361549881 0.028941751151986585 0.058611879281688144 -0.0097203984040764718 0.016275331979524039 0.0032597787341723723
leaf_weight=164.20269008676405 1.4742669583065424 1.9443575993645934 20.439943984907586 13.74399977159919 2.9698352098057503 2.2446206452441393 70.297235122794518 21.103641296649585 45.688784418744035
leaf_count=1523 14 17 191 134 32 26 604 254 417
internal_value=2.50108e-05 0.00600346 0.0024838 0.00523158 -0.000757947 0.0359641 -0.0010507 0.00117543 -0.00460729
internal_weight=344.109 39.8472 35.6582 34.1839 304.262 4.18898 301.292 185.306 115.986
internal_count=3212 382 339 325 2830 43 2798 1777 1021
is_linear=0
shrinkage=0.04


Tree=286
num_leaves=15
num_cat=0
split_feature=29 13 0 1 28 24 3 26 3 9 9 3 32 29
split_gain=0.931775 2.53333 3.32274 6.91538 3.05587 2.87998 1.64695 1.52683 1.48669 5.0827 5.54319 4.69818 4.36524 2.16335
threshold=0.82053350662639535 7.0657396632027214e-05 50.270263814598017 0.00010175298672650001 0.8584294457017162 0.95178819603530884 0.0012354784163113501 1.0000000180025095e-35 0.00086312412428495011 0.00023060263968041159 0.00020641473786231704 0.0009179430077453501 0.0059247055327618569 0.79132246151420249
decision_type=2 2 2 2 2 2 2 2 2 2 2 2 2 2
left_child=8 2 5 -4 6 -2 -3 -6 9 10 -1 12 -10 -13
right_child=1 4 3 -5 7 -7 -8 -9 11 -11 -12 13 -14 -15
leaf_value=0.0048090283752531575 0.026725354131578807 0.010887621803366242 -0.043284681696744584 0.027478747430417404 0.041755756777843704 -0.0093454325104515706 -0.045464109913657166 0.013330291262201518 -0.056329104555214615 0.040290337649707963 -0.050931294528407951 -0.00020316769798871069 0.0022355046946491057 -0.019505092818960252
leaf_weight=40.473250042879954 7.6960811213939468 1.7754430114291602 6.7011390854604524 3.2966566266259179 6.1596486768685264 6.5607124414818827 1.5580349007796028 5.9379992969334126 4.801464428775942 5.9507758949184781 3.0711807779734945 236.74576651104144 3.5360728828236461 9.6701258465182018
leaf_count=328 76 22 45 40 67 56 18 58 39 68 34 2234 26 101
internal_value=2.45813e-05 0.00578926 -0.00227177 -0.0199513 0.0184596 0.0101262 -0.0154506 0.0278034 -0.000727354 0.00561623 0.000877674 -0.00195983 -0.031491 -0.000960635
internal_weight=343.934 39.6857 24.2546 9.9978 15.4311 14.2568 3.33348 12.0976 304.249 49.4952 43.5444 254.753 8.33754 246.416
internal_count=3212 382 217 85 165 132 40 125 2830 430 362 2400 65 2335
is_linear=0
shrinkage=0.04


Tree=287
num_leaves=12
num_cat=0
split_feature=33 13 7 14 22 28 13 0 31 25 9
split_gain=0.942316 2.77606 2.60184 2.75338 1.33577 1.63581 4.34795 1.66859 0.752303 0.00856344 0.000700149
threshold=0.57973783670805756 -0.00036946775548509994 9.8847409006687213e-05 0.00031336805478805009 0.23727291117692845 1.5976274797437997 0.00036337596291380006 59.599255601686927 0.99999999982483356 0.00028211360365120835 0.00033539282919500986
decision_type=2 2 2 2 2 2 2 2 2 2 2
left_child=4 9 3 -3 5 7 -7 -1 -4 -2 -11
right_child=1 2 8 -5 -6 6 -8 -9 -10 10 -12
leaf_value=-0.0026476960960341495 0.046622251895007578 0.0024547284485597256 0.043091477303116479 -0.042366908490874648 -0.030965245418540534 0.05099960710055286 -0.024818386218910495 0.0041753267852996127 -0.00039719806937104518 0.042940906260871027 0.041370601568523152
leaf_weight=220.35561982291983 1.0425369851291173 29.346306158695374 3.0341590857133265 2.3699455596506587 2.3183131446130565 3.1566749305347903 1.9626504807965828 77.522966116375756 0.80538030480965961 0.83040517661720503 1.0030517065897582
leaf_count=1837 11 266 76 23 20 35 26 838 19 17 44
internal_value=2.4897e-05 0.00592783 0.00287032 -0.000894496 -0.000718137 -0.000486708 0.0219325 -0.000872003 0.0339693 0.0437277 0.0420818
internal_weight=343.748 38.4318 35.5558 31.7163 305.316 302.998 5.11933 297.879 3.83954 2.87599 1.83346
internal_count=3212 456 384 289 2756 2736 61 2675 95 72 61
is_linear=0
shrinkage=0.04


Tree=288
num_leaves=8
num_cat=0
split_feature=15 15 8 13 10 7 19
split_gain=0.922592 1.5111 1.9135 3.80683 1.69526 1.40279 1.44063
threshold=-0.0020263673393442496 -0.0015932969358731998 -0.0017018023295208998 -0.00081023454211744995 -0.00064382217802974985 -0.0012060756544125999 0.62548718811521742
decision_type=2 2 2 2 2 2 2
left_child=-1 5 3 -3 -4 -2 -7
right_child=1 2 4 -5 -6 6 -8
leaf_value=0.032112183418266577 -0.033115829982875426 -0.030590504079386887 -0.026027286582997116 0.039373075737378055 0.00018100077630814446 0.030320284507160272 -0.022582749668060117
leaf_weight=1.4277520717587311 4.2211870498722419 1.6665064627304671 3.9976521360804318 4.9120780076482324 323.96058368630474 1.5193551266565912 1.7985009980329776
leaf_count=39 33 14 36 57 2988 17 28
internal_value=2.48199e-05 -0.000109106 0.000289993 0.0216497 -0.000138466 -0.0178187 0.00164328
internal_weight=343.504 342.076 334.537 6.57858 327.958 7.53904 3.31786
internal_count=3212 3173 3095 71 3024 78 45
is_linear=0
shrinkage=0.04


Tree=289
num_leaves=7
num_cat=0
split_feature=15 14 0 23 2 13
split_gain=0.914347 1.88327 1.29596 1.20414 1.0969 0.814683
threshold=0.0024447198525249505 0.0015219049038812003 84.555662910555824 0.10966491190269569 0.93972529501981039 0.0006139700188024001
decision_type=2 2 2 2 2 2
left_child=1 2 3 -1 -2 -4
right_child=4 -3 5 -5 -6 -7
leaf_value=-0.0011493601350614816 0.0042145495479024792 0.034703308203037075 0.048331215595470052 0.0060008770612040799 -0.041335218293937305 -0.002951102257844162
leaf_weight=292.00028232338082 1.5537371833343052 2.5168926717014974 1.4356142798787908 43.267791218007915 1.8567629338940603 0.75700542354024936
leaf_count=2665 26 25 43 422 20 11
internal_value=2.42446e-05 0.000230976 -2.61299e-05 -0.000226591 -0.0205839 0.0306259
internal_weight=343.388 339.978 337.461 335.268 3.4105 2.19262
internal_count=3212 3166 3141 3087 46 54
is_linear=0
shrinkage=0.04


Tree=290
num_leaves=9
num_cat=0
split_feature=27 0 27 2 0 0 29 1
split_gain=0.907924 1.28178 2.07075 2.57576 1.88733 1.44599 1.37533 1.15767
threshold=0.3744183972925777 16.355344557268833 0.31242976526082084 0.10228244783569201 19.773815167686823 21.592808009527925 0.64911867615446928 0.00026106896457830003
decision_type=2 2 2 2 2 2 2 2
left_child=1 2 3 -1 6 -6 -3 -2
right_child=7 4 -4 -5 5 -7 -8 -9
leaf_value=0.034547173898124547 0.051133039935595086 0.0076038203662684547 -0.045829438376447131 -0.029289998335788218 -0.023783472028991507 0.00014548840904994725 0.052090817825958952 -0.007785680984220473
leaf_weight=1.876271178247406 1.2398140069562935 2.7476950696436679 2.55044404277578 2.1936655058525503 4.09124874495319 325.82555206636607 1.8676479881978592 0.93671651568729419
leaf_count=22 18 31 18 20 37 3017 20 29
internal_value=2.34891e-05 -0.000140811 -0.0175697 0.000139414 0.000204106 -0.000151251 0.025606 0.0257761
internal_weight=343.329 341.153 6.62038 4.06994 334.532 329.917 4.61534 2.17653
internal_count=3212 3165 60 42 3105 3054 51 47
is_linear=0
shrinkage=0.04


Tree=291
num_leaves=15
num_cat=0
split_feature=33 33 8 8 25 8 19 24 2 29 29 29 25 3
split_gain=0.905963 0.993438 5.0851 7.73981 3.96418 2.56667 5.94667 3.51166 0.881418 0.980835 0.859371 0.416279 0.000552073 0.000502652
threshold=0.40886998841206229 0.53035574285805898 0.00057660699514205016 -5.8777932785198877e-05 0.00029291046684093691 0.00039520891020365006 0.62528217864452851 0.79610516694408573 0.89897397590997963 0.6040437166239524 0.89969453742180228 0.58760753177177449 9.9603001109319195e-05 0.00060745549274900015
decision_type=2 2 2 2 2 2 2 2 2 2 2 2 2 2
left_child=8 5 3 -3 -4 7 -7 -2 10 11 12 -10 -1 -11
right_child=1 2 4 -5 -6 6 -8 -9 9 13 -12 -13 -14 -15
leaf_value=0.041817031689580689 0.010758076440749409 0.00095444403947345774 -0.050506131613074268 0.02852879289450326 -0.0066077867092147937 0.019408760326594637 -0.0064236795963138974 -0.0067731344433870442 -0.0047516961047953891 0.043281075269589353 -0.020815852570364186 -0.061439121463181583 0.040273658626006376 0.040395850799377436
leaf_weight=0.45921362610533822 21.074443113990128 77.580743543338031 3.9163949871435788 20.614724017679691 20.623750925995409 26.322433162946254 31.109048048965633 137.9367557184305 0.3982559061842037 0.15739067364484072 0.43076041105086904 0.43220227933488786 1.9267110583605243 0.25017966516315937
leaf_count=16 143 568 27 169 148 178 208 1056 44 7 24 6 578 40
internal_value=2.2992e-05 -0.0002017 0.00267307 0.00674328 -0.0136136 -0.00183186 0.00541604 -0.00444965 0.0188185 -0.00931179 0.0311828 -0.034254 0.0405707 0.04151
internal_weight=343.233 339.178 122.736 98.1955 24.5401 216.443 57.4315 159.011 4.05471 1.23803 2.81669 0.830458 2.38592 0.40757
internal_count=3212 2497 912 737 175 1585 386 1199 715 97 618 50 594 47
is_linear=0
shrinkage=0.04


Tree=292
num_leaves=15
num_cat=0
split_feature=24 31 27 19 10 31 10 20 2 19 29 24 1 21
split_gain=0.930699 3.67719 3.93307 3.24209 6.3235 3.50976 2.83423 3.62004 4.5685 4.44299 3.38591 3.17814 2.56614 0.271255
threshold=0.84438556573313039 0.99999999983576349 0.17215810158818604 0.62555268848028367 -0.00024160253977514997 0.99999999978555032 8.4853627904936239e-05 0.030469756871294867 0.61776712242963439 0.6244611280230572 0.26288277521011916 0.84926006502315321 -5.8251330561642771e-05 0.89619316222168355
decision_type=2 2 2 2 2 2 2 2 2 2 2 2 2 2
left_child=1 3 13 4 -1 -5 10 9 -9 -8 12 -12 -2 -3
right_child=6 2 -4 5 -6 -7 7 8 -10 -11 11 -13 -14 -15
leaf_value=-0.048618130552492263 -0.052558707962655146 0.035898329215747565 -0.0070615760846444234 0.011695904571123942 -0.0061226015991064529 -0.028975515862700404 -0.042483909026651369 -0.060657174074987746 0.0029746049091460133 0.0003141001184655896 0.041619191224300633 0.0049632854412288889 0.004655898366918476 0.057102451801031129
leaf_weight=6.1486222614767021 2.8359240964055061 1.4981015254743386 3.6754872431629337 24.699827036558421 63.091863668116275 3.9357872596010557 4.0837775750551364 3.9089163399767122 3.3545358677511103 78.177669668599265 3.8906475884141392 138.67430609383155 2.2488830584334201 2.7140724012861028
leaf_count=46 17 16 33 299 465 33 27 36 49 679 29 1409 30 44
internal_value=2.32943e-05 -0.00309719 0.023176 -0.00521451 -0.00989625 0.00610587 0.00141482 -0.00420067 -0.0312696 -0.00181056 0.00481967 0.00596364 -0.0272541 0.049561
internal_weight=342.938 105.764 7.88766 97.8761 69.2405 28.6356 237.175 89.5249 7.26345 82.2614 147.65 142.565 5.08481 4.21217
internal_count=3212 936 93 843 511 332 2276 791 85 706 1485 1438 47 60
is_linear=0
shrinkage=0.04


Tree=293
num_leaves=12
num_cat=0
split_feature=33 26 22 24 25 2 15 3 3 30 3
split_gain=0.928811 2.48109 1.57833 1.32647 3.5829 4.83283 4.36123 2.46042 5.56654 3.28444 1.1696
threshold=0.66189542152082537 -0.10526315789473688 0.0498235614680059 0.84438556573313039 0.00028403444349281665 0.15700227837406422 -0.00024132131998049998 0.00088363659842385011 0.0009179430077453501 0.072349070766862353 0.00065709848986945007
decision_type=2 2 2 2 2 2 2 2 2 2 2
left_child=3 10 -3 4 6 -6 -1 9 -9 -5 -2
right_child=1 2 -4 7 5 -7 -8 8 -10 -11 -12
leaf_value=-0.032439679532525641 0.0060969530114419754 0.013196385905013167 -0.035050825268753832 0.022971072966471322 0.033691262238057074 -0.0020511436609287558 -0.0043445309146895317 -0.0444494162645322 0.00069934752076420759 -0.0030892999154653183 0.048827822649711951
leaf_weight=12.981824678834526 1.5855072326958177 2.4003036990761739 1.9795541912317274 17.915498566930186 6.8626192406809414 51.290419897180982 27.710303236381151 4.4674482704140237 198.91444120883534 13.620795139111577 2.8984796958975494
leaf_count=91 17 29 16 192 59 532 193 35 1904 110 34
internal_value=2.32605e-05 0.012803 -0.00860979 -0.000316134 -0.00420363 0.0021668 -0.0133076 0.00131958 -0.000292382 0.0117154 0.0337185
internal_weight=342.627 8.86384 4.37986 333.763 98.8452 58.153 40.6921 234.918 203.382 31.5363 4.48399
internal_count=3212 96 45 3116 875 591 284 2241 1939 302 51
is_linear=0
shrinkage=0.04


Tree=294
num_leaves=7
num_cat=0
split_feature=2 22 2 32 32 29
split_gain=0.860599 1.81301 1.62915 1.57724 1.54899 0.9702
threshold=-0.098466217974959594 0.048132031849673622 -0.047340752084466343 0.44239509876190536 0.4015356822545551 0.57167531876517597
decision_type=2 2 2 2 2 2
left_child=1 -1 5 4 -4 -2
right_child=2 -3 3 -5 -6 -7
leaf_value=-0.0022292950838054015 -0.043934759410285421 0.041927386366571798 9.5470378570844885e-05 0.034913704211102306 -0.031631048591484121 -0.0069107302249476034
leaf_weight=3.8864334915706413 2.1039773912634692 2.4104718688176945 326.93192954879487 2.0662290290929368 2.4808918633498243 2.4524152394151315
leaf_count=34 15 22 3072 27 15 27
internal_value=2.30591e-05 0.014674 -0.000251482 7.5054e-05 -0.00014347 -0.0240071
internal_weight=342.332 6.29691 336.035 331.479 329.413 4.55639
internal_count=3212 56 3156 3114 3087 42
is_linear=0
shrinkage=0.04


Tree=295
num_leaves=15
num_cat=0
split_feature=33 9 20 29 20 8 1 29 20 20 24 29 29 25
split_gain=0.918979 2.73901 1.93017 2.48048 1.1668 2.73961 5.08158 3.55593 2.29924 2.73541 2.17918 0.781996 0.672342 0.00641276
threshold=0.6170465989912467 0.00019487907027754744 0.069307266396052267 0.68715405940991492 0.21932407991240607 8.9369879442776243e-05 -3.0979342583725693e-05 0.67147875359951315 0.14032799361247236 0.10565482763371718 1.0187306475389211 0.32508281284019286 0.47958449804499642 0.00025695215449564627
decision_type=2 2 2 2 2 2 2 2 2 2 2 2 2 2
left_child=4 2 3 -2 8 6 -6 -7 9 -1 -10 -3 -4 -13
right_child=1 11 12 -5 5 7 -8 -9 10 -11 -12 13 -14 -15
leaf_value=3.9842694083340521e-05 -0.027056088033081502 -0.0038848855241198554 0.0036815007997459659 0.018584747818193883 -0.022474177520863239 -0.05518667967716951 0.026110897002059957 0.02805677306379379 0.035624013817547602 -0.034328609860540031 -0.016677742337296478 0.044957494056149933 0.035198571476914145 0.041625497378013548
leaf_weight=295.51164857318508 5.5927390009164828 0.66884093405678768 1.9508764781057824 2.8896214589476585 7.8915770538733341 3.6597199772368176 6.1121318864752556 1.0585406919126397 5.2456192083191118 3.7523395967436945 1.6837462869007138 1.5921066552400591 2.4343253411352634 2.2029166840948164
leaf_count=2609 36 12 15 29 69 77 49 54 69 35 22 19 25 92
internal_value=2.23427e-05 0.00899686 -0.000368976 -0.011508 -0.00045637 -0.0101502 -0.00126848 -0.036511 0.000136353 -0.000391088 0.0229154 0.0359949 0.0211773 0.0430234
internal_weight=342.247 17.3314 12.8676 8.48236 324.915 18.722 14.0037 4.71826 306.193 299.264 6.92937 4.46386 4.3852 3.79502
internal_count=3212 228 105 65 2984 249 118 131 2735 2644 91 123 40 111
is_linear=0
shrinkage=0.04


Tree=296
num_leaves=13
num_cat=0
split_feature=15 24 8 24 9 15 33 28 7 15 22 23
split_gain=0.899462 4.01321 3.81375 4.88886 3.3758 2.12495 5.14696 3.41239 3.15378 2.15481 1.1462 0.534593
threshold=-0.00082278840206634991 0.81185155258297959 -0.00047131407763239993 0.86556711744831449 0.00028394369508411927 -0.00068410206699479981 0.52310596698286282 1.124151885017511 -0.00073918953259254994 -0.00066661466683864989 0.019177674897314229 0.057496004261378075
decision_type=2 2 2 2 2 2 2 2 2 2 2 2
left_child=1 4 3 -3 -1 6 7 -2 -7 -10 -4 -6
right_child=5 2 10 -5 11 8 -8 -9 9 -11 -12 -13
leaf_value=-0.012671320735505894 -0.018375278183014258 -0.035815540869338934 0.0056248323644079272 0.0029660293355343809 0.061319978322121063 0.041859691490222208 0.01577000454913445 -0.072659954448779165 0.037837250407664724 -0.00078862330215531912 0.050296778906578243 0.033595529446714283
leaf_weight=1.8082988560199726 6.2820021828520094 6.3021496356232083 1.3418993398663577 29.762643842026591 3.1049758335575461 2.8456904244376338 5.1750360541045657 2.6278104814700782 2.3303854336263603 275.731248354743 2.9159519046079367 1.7343968363711608
leaf_count=11 54 56 32 296 43 30 36 27 23 2535 43 26
internal_value=2.22587e-05 0.00516336 0.000415968 -0.00381086 0.0339595 -0.000796336 -0.0159576 -0.0343857 -3.61435e-05 -0.000464907 0.036218 0.0513837
internal_weight=341.962 46.9703 40.3226 36.0648 6.64767 294.992 14.0848 8.90981 280.907 278.062 4.25785 4.83937
internal_count=3212 507 427 352 80 2705 117 81 2588 2558 75 69
is_linear=0
shrinkage=0.04


Tree=297
num_leaves=15
num_cat=0
split_feature=33 15 0 0 7 33 27 3 33 26 5 10 25 3
split_gain=0.905562 2.58738 2.9697 5.55081 4.29195 1.61744 4.40637 4.27058 3.77823 3.26679 4.79791 1.93665 0.00550211 0.000355683
threshold=0.46764489174809565 -0.0013010305934131499 33.830927252862566 28.257135059485361 -6.6856320979741482e-05 0.52310596698286282 0.075972647306962279 0.00060745549274900015 0.50251312455086172 0.2105263157894737 1.0000000180025095e-35 -4.253207627667287e-05 0.00036028934442736707 0.0029384912297542505
decision_type=2 2 2 2 2 2 2 2 2 2 2 2 2 2
left_child=1 12 3 -3 -4 6 8 -8 -2 10 -7 -11 -1 -14
right_child=5 2 4 -5 -6 9 7 -9 -10 11 -12 -13 13 -15
leaf_value=0.045473844214178383 -0.0047822794335031617 0.01679887225818236 0.027051612738002634 -0.050561670406182195 -0.00101885100197161 0.015162771334100796 0.054503848180100657 0.00011732672868603002 -0.026587104034661836 0.0025069886483304999 -0.0013354883679832558 -0.027433539838266831 0.042397830021546207 0.041064270889943744
leaf_weight=1.3157614945666858 34.613120160996914 3.6080410181020843 12.180659723584538 4.2782624139508698 30.632476667815354 42.852483824826777 2.3699249625205985 91.459537472575903 20.096884869039059 5.6727968119084826 82.499117258936167 8.8479835744947177 0.71439133584499337 0.57966206441051327
leaf_count=32 189 86 319 90 842 339 11 464 96 35 570 52 21 66
internal_value=2.23729e-05 0.00481185 0.00281249 -0.0197437 0.00696741 -0.000862901 -0.00376968 0.00149101 -0.0127919 0.002224 0.00430458 -0.0157367 0.0436524 0.0418005
internal_weight=341.721 53.3093 50.6994 7.8863 42.8131 288.412 148.539 93.8295 54.71 139.872 125.352 14.5208 2.60981 1.29405
internal_count=3212 1456 1337 176 1161 1756 760 475 285 996 909 87 119 87
is_linear=0
shrinkage=0.04


Tree=298
num_leaves=12
num_cat=0
split_feature=33 10 10 24 9 31 22 10 20 24 24
split_gain=0.869633 2.24651 2.46462 1.25714 3.48474 3.32802 2.38712 2.36059 3.22942 3.19448 0.0108699
threshold=0.66189542152082537 -7.1193638796716391e-05 4.2603046131042479e-05 0.84438556573313039 0.00050132450047937586 0.99999999983576349 0.092006378618825324 8.4853627904936239e-05 0.030469756871294867 0.84926006502315321 0.80036323569750001
decision_type=2 2 2 2 2 2 2 2 2 2 2
left_child=3 -2 10 4 5 -1 -6 9 -9 -5 -3
right_child=1 2 -4 7 6 -7 -8 8 -10 -11 -12
leaf_value=-0.0077789612566485809 -0.019798637352977037 0.047648355243604168 -0.0060471529108590627 0.04048531176947124 0.052198697942222844 0.020595072623429786 -0.017846983455973436 -0.0015669674503345375 -0.029376934093658123 0.0034563290864151916 0.043360493901090764
leaf_weight=87.299173761974089 2.4652311746031046 1.9115160275250658 2.4375706892460585 3.8285528375999993 2.8304245458566579 7.1561665209592311 1.0737698874436317 81.670632524503162 7.2762596115353508 141.44819477169949 1.8726440099999306
leaf_count=697 17 21 26 29 92 75 11 699 85 1428 32
internal_value=2.27351e-05 0.0125165 0.0253208 -0.000303599 -0.00409858 -0.00562928 0.032934 0.00129006 -0.00384195 0.00443217 0.0455264
internal_weight=341.27 8.68696 6.22173 332.583 98.3595 94.4553 3.90419 234.224 88.9469 145.277 3.78416
internal_count=3212 96 79 3116 875 772 103 2241 784 1457 53
is_linear=0
shrinkage=0.04


Tree=299
num_leaves=8
num_cat=0
split_feature=26 27 10 23 27 19 27
split_gain=0.888773 1.05672 2.23304 2.24779 2.21496 7.28357 3.65653
threshold=-0.63157894736842091 0.15179646807764419 -0.00055258404498424989 0.01364701264481118 0.13182616320184279 0.62529497915504595 0.12987012284253788
decision_type=2 2 2 2 2 2 2
left_child=-1 4 -3 -4 6 -6 -2
right_child=1 2 3 -5 5 -7 -8
leaf_value=0.025810345227891208 0.00081469575554807565 0.034495443071914988 -0.020738408855149656 -0.0021310063105591569 0.035608452461098977 -0.010605140804289859 -0.045687223553171979
leaf_weight=2.1250868272036305 195.21752465606551 2.4657689330342683 11.526872671092859 105.07116962711734 11.449280917178841 10.425187832850495 2.7435206777299745
leaf_count=13 1797 38 104 1008 118 110 24
internal_value=2.28146e-05 -0.000138888 -0.00317392 -0.00397053 0.0015049 0.0135834 0.000170231
internal_weight=341.024 338.899 119.064 116.598 219.836 21.8745 197.961
internal_count=3212 3199 1150 1112 2049 228 1821
is_linear=0
shrinkage=0.04


end of trees

feature_importances:
Column_33=563
Column_25=188
Column_9=170
Column_31=169
Column_23=149
Column_24=149
Column_29=147
Column_19=146
Column_3=143
Column_0=124
Column_27=118
Column_10=114
Column_21=111
Column_8=102
Column_15=99
Column_2=98
Column_1=97
Column_13=95
Column_14=95
Column_6=78
Column_22=75
Column_7=72
Column_28=66
Column_30=57
Column_32=55
Column_26=51
Column_20=25
Column_12=22
Column_5=18
Column_18=16
Column_17=3
Column_4=2

parameters:
[boosting: gbdt]
[objective: binary]
[metric: binary_logloss]
[tree_learner: serial]
[device_type: cpu]
[data_sample_strategy: bagging]
[data: ]
[valid: ]
[num_iterations: 300]
[learning_rate: 0.04]
[num_leaves: 15]
[num_threads: 1]
[seed: 42]
[deterministic: 0]
[force_col_wise: 0]
[force_row_wise: 0]
[histogram_pool_size: -1]
[max_depth: 4]
[min_data_in_leaf: 20]
[min_sum_hessian_in_leaf: 0.001]
[bagging_fraction: 0.8]
[pos_bagging_fraction: 1]
[neg_bagging_fraction: 1]
[bagging_freq: 0]
[bagging_seed: 400]
[bagging_by_query: 0]
[feature_fraction: 0.8]
[feature_fraction_bynode: 1]
[feature_fraction_seed: 30056]
[extra_trees: 0]
[extra_seed: 12879]
[early_stopping_round: 0]
[early_stopping_min_delta: 0]
[first_metric_only: 0]
[max_delta_step: 0]
[lambda_l1: 0]
[lambda_l2: 0]
[linear_lambda: 0]
[min_gain_to_split: 0]
[drop_rate: 0.1]
[max_drop: 50]
[skip_drop: 0.5]
[xgboost_dart_mode: 0]
[uniform_drop: 0]
[drop_seed: 17869]
[top_rate: 0.2]
[other_rate: 0.1]
[min_data_per_group: 100]
[max_cat_threshold: 32]
[cat_l2: 10]
[cat_smooth: 10]
[max_cat_to_onehot: 4]
[top_k: 20]
[monotone_constraints: ]
[monotone_constraints_method: basic]
[monotone_penalty: 0]
[feature_contri: ]
[forcedsplits_filename: ]
[refit_decay_rate: 0.9]
[cegb_tradeoff: 1]
[cegb_penalty_split: 0]
[cegb_penalty_feature_lazy: ]
[cegb_penalty_feature_coupled: ]
[path_smooth: 0]
[interaction_constraints: ]
[verbosity: -1]
[saved_feature_importance_type: 0]
[use_quantized_grad: 0]
[num_grad_quant_bins: 4]
[quant_train_renew_leaf: 0]
[stochastic_rounding: 1]
[linear_tree: 0]
[max_bin: 255]
[max_bin_by_feature: ]
[min_data_in_bin: 3]
[bin_construct_sample_cnt: 200000]
[data_random_seed: 175]
[is_enable_sparse: 1]
[enable_bundle: 1]
[use_missing: 1]
[zero_as_missing: 0]
[feature_pre_filter: 1]
[pre_partition: 0]
[two_round: 0]
[header: 0]
[label_column: ]
[weight_column: ]
[group_column: ]
[ignore_column: ]
[categorical_feature: ]
[forcedbins_filename: ]
[precise_float_parser: 0]
[parser_config_file: ]
[objective_seed: 16083]
[num_class: 1]
[is_unbalance: 0]
[scale_pos_weight: 1]
[sigmoid: 1]
[boost_from_average: 1]
[reg_sqrt: 0]
[alpha: 0.9]
[fair_c: 1]
[poisson_max_delta_step: 0.7]
[tweedie_variance_power: 1.5]
[lambdarank_truncation_level: 30]
[lambdarank_norm: 1]
[label_gain: ]
[lambdarank_position_bias_regularization: 0]
[eval_at: ]
[multi_error_top_k: 1]
[auc_mu_weights: ]
[num_machines: 1]
[local_listen_port: 12400]
[time_out: 120]
[machine_list_filename: ]
[machines: ]
[gpu_platform_id: -1]
[gpu_device_id: -1]
[gpu_use_dp: 0]
[num_gpu: 1]

end of parameters

pandas_categorical:null
