tree
version=v4
num_class=1
num_tree_per_iteration=1
label_index=0
max_feature_idx=28
objective=binary sigmoid:1
feature_names=Column_0 Column_1 Column_2 Column_3 Column_4 Column_5 Column_6 Column_7 Column_8 Column_9 Column_10 Column_11 Column_12 Column_13 Column_14 Column_15 Column_16 Column_17 Column_18 Column_19 Column_20 Column_21 Column_22 Column_23 Column_24 Column_25 Column_26 Column_27 Column_28
feature_infos=[1.4730196872653494:98.794599673758242] [-0.5860483445845972:0.61586893469521442] [0.00080702982536100005:0.055198663941651599] [0.00023663844674299999:0.0076090598183921002] [-0.0271498038192989:0.0267268727773688] [-0.025345129216458699:0.0347085029811426] [0.00018487149446999999:0.0063946800398403999] [-0.90857446306494261:0.59453793865312499] [-0.022386108118151699:0.023374781908576999] [0:0.58669472151617819] [0:0.56769051550698313] [-2.7924138386209458:2.03038262533576] [-0.82204080324118189:10] [0:1] [-0.0139204376983528:0.014278412507495199] [-0.024537563025797699:0.0214277123016424] [0:1] [0.20000000000000001:1] [0:1] [0.0514020469971357:0.55504372053127415] [0:0.90000000000000002] [0:10.64947238372072] [0:5.971359936665749] [-8.4925547182808199:6.4707376397563854] [-0.0017311207841085:0.0020490970146889] [-0.0139204376983528:0.014278412507495199] [0:0.014162709701692601] none [0.0025863385441987001:0.0064051540807754]
tree_sizes=3203 3228 2280 3325 2045 2791 3330 3244 2609 2699 2059 2493 3435 2806 2792 1959 2486 2905 2071 2807 2160 2173 1851 2165 3229 2474 1640 2603 1642 2923 1764 2401 2268 901 1846 1754 2071 1010 1739 2394 1006 1421 1534 2602 2914 2825 1437 1434 1865 3032 2808 2173 2284 2277 3021 1650 1217 1967 2609 2914 1754 1421 2476 1858 1644 1859 2294 2271 2079 1767 1865 2168 1549 1010 3361 3248 2720 1208 1856 2189 1964 1116 2176 1963 1645 2716 1428 3027 1118 906 2707 1432 1860 2185 1643 1853 1853 1644 1743 1107 1964 1650 2077 1736 912 2175 2285 1863 2606 1017 1654 3267 1330 1114 3127 1857 2079 1648 1321 1973 1327 1437 2283 1734 2289 1445 2183 1014 1108 1336 1758 1744 1545 1341 2511 1323 1231 1434 1022 2078 2182 1546 1743 2711 2923 1124 1775 1652 1224 1441

Tree=0
num_leaves=29
num_cat=0
split_feature=9 22 12 20 9 12 4 6 3 22 0 9 28 2 12 2 4 6 20 14 28 9 9 13 0 20 20 3
split_gain=39.7593 21.6198 21.2536 13.9125 26.185 13.8667 12.9168 12.7858 13.3091 12.9224 12.725 11.5464 19.6789 17.2916 19.02 10.3563 10.0979 12.0149 11.8209 9.94542 9.72985 8.97815 17.4755 7.35306 6.93575 6.5647 5.96165 5.0915
threshold=0.48238424173407474 5.6037456999072086 -0.11714628975421944 0.5639200163667154 0.50500676673544864 3.4926759790022039 9.2118487811071391e-05 0.0014246316169625002 0.0022524447004610504 5.4822854942473436 64.018164253168322 0.46442522842340478 0.0026617186361229004 0.006098373495109501 -0.29642698490236324 0.0099958491514390013 -0.0025727381747869993 0.0015788181681614503 0.61853386298209478 0.00052575361313660009 0.0026242572714119503 0.46001007755981643 0.4483254860320986 0.30286106463714385 55.556886409744514 0.61476253118072621 0.59524174836467736 0.0017712757695062004
decision_type=2 2 2 2 2 2 2 2 2 2 2 2 2 2 2 2 2 2 2 2 2 2 2 2 2 2 2 2
left_child=5 2 7 4 23 11 -3 9 -9 -2 -8 12 20 24 -15 -7 17 -5 -18 -16 -1 22 -14 -4 25 -13 -22 -6
right_child=1 6 3 16 27 15 10 8 -10 -11 -12 13 21 14 19 -17 18 -19 -20 -21 26 -23 -24 -25 -26 -27 -28 -29
leaf_value=0.028239766995493631 0.10250378164339743 -0.12705544084417075 0.015297358520490833 -0.0086087738530592484 -0.11234399649811382 0.12645911497317747 0.011744195263588485 -0.06998656557170653 0.037640395971568562 0.011222305851719671 -0.086656376378885944 0.016742983833893079 0.030594440488960036 -0.063717237346427189 0.065611621500861111 0.025976438839153765 0.023907589676705754 0.095544761249996502 -0.027349687124755034 0.002161380335934372 0.063523301033581336 0.057990588560704603 -0.060250813854045175 -0.037912793365219827 -0.073590398947042654 -0.052326773153104515 0.13655222604940109 -0.060590377268961007
leaf_weight=16.878678739070892 21.340542644262314 15.227685391902922 38.157581806182861 15.464061141014101 22.808253675699234 13.71833583712578 16.552480280399323 13.004299342632295 16.921953678131104 18.556218802928925 17.099962681531906 20.341946214437485 33.77899494767189 13.025936812162398 42.248335897922516 12.588278174400328 40.008221626281738 13.087576389312742 102.74141988158226 25.264742642641068 12.718102991580965 18.794230967760086 22.631881088018417 29.448592275381088 18.384755462408066 15.5306099653244 16.352833807468414 26.073511093854904
leaf_count=67 83 63 152 62 94 53 66 53 67 74 70 81 134 53 166 50 159 51 414 101 50 74 92 119 75 63 63 106
internal_value=1.17764e-08 -0.0160168 -0.00919575 -0.0188022 -0.0401324 0.0230665 -0.0659202 0.030399 -0.00912835 0.0600482 -0.0382565 0.0173818 0.0353045 0.00127295 0.0247906 0.078376 -0.00429724 0.0391334 -0.0129839 0.0418673 0.0765526 0.0101024 -0.00585241 -0.00788047 -0.0336364 -0.01316 0.104603 -0.0847386
internal_weight=688.75 406.492 357.612 287.789 116.488 282.258 48.8801 69.823 29.9263 39.8968 33.6524 255.951 121.155 134.796 80.539 26.3066 171.301 28.5516 142.75 67.5131 45.9496 75.2051 56.4109 67.6062 54.2573 35.8726 29.0709 48.8818
internal_count=2755 1633 1434 1157 471 1122 199 277 120 157 136 1019 480 539 320 103 686 113 573 267 180 300 226 271 219 144 113 200
is_linear=0
shrinkage=1


Tree=1
num_leaves=29
num_cat=0
split_feature=9 11 4 2 3 22 1 13 9 4 13 9 3 20 26 2 1 12 11 13 4 11 15 9 9 2 15 3
split_gain=33.6889 21.8219 26.4774 17.9909 13.536 13.3132 13.2096 11.9747 11.4213 10.9907 9.12109 8.76887 18.2568 18.1995 16.0849 15.4611 20.301 16.691 11.8745 10.1175 9.39608 8.37918 7.62048 6.01335 11.1477 9.69521 2.1907 1.58642
threshold=0.48238424173407474 0.3591688587647317 -0.0025263990345839493 0.0051810087099997508 0.00080367611230060005 5.5999842473181269 -0.14182013164183613 0.73212405548605919 0.51458507359626637 -0.0013896053533669498 0.29990855226437169 0.46442522842340478 0.0015412442266705504 0.59052358027003771 0.00080226513246945015 0.006098373495109501 0.032504840795226607 -0.29642698490236324 -0.20210230380035163 0.1323472292036513 -0.00011888737043434999 -0.3504767364269592 -0.0019687506830343995 0.50583085258803417 0.52338969890048814 0.0029743126386596506 -0.0012754676147261998 0.0019000596156147503
decision_type=2 2 2 2 2 2 2 2 2 2 2 2 2 2 2 2 2 2 2 2 2 2 2 2 2 2 2 2
left_child=7 4 -3 -4 23 6 21 11 10 -8 -5 12 13 14 -1 16 18 -17 -13 -15 26 -6 -19 25 -25 -2 -14 -9
right_child=1 2 3 8 5 -7 9 27 -10 -11 -12 15 20 19 -16 17 -18 22 -20 -21 -22 -23 -24 24 -26 -27 -28 -29
leaf_value=0.065018622184563099 -0.064961867657335429 0.03876802426541201 0.010936057957633041 -0.026093980866315085 0.0065147743810938189 -0.061373590348120982 -0.011658929522877438 0.093392534127038435 -0.13471223550863198 0.030740087456460681 -0.096022293866491831 0.050107903599067902 0.047047777687989401 0.12860940387688949 -0.043348132595123906 -0.058681113920365839 -0.11387323513072542 0.095748765956612927 -0.038329359688994716 0.049186696538843673 -0.049150439956263232 -0.062562192621617094 0.027221417885009737 -0.12259636043422804 -0.017224204043860061 0.032594416446844597 5.2882596443868605e-05 0.053479348028488555
leaf_weight=18.326350182294846 12.5208957195282 18.934034109115601 15.780587479472159 22.809689119458199 21.267393440008163 18.635718405246735 55.523904010653496 12.810507550835611 19.974385932087898 132.51149687170982 25.045543685555458 16.455337882041931 12.906240478157999 21.993215009570122 16.803978204727173 13.012724757194517 14.03583015501499 12.835724726319311 23.728535667061806 19.249566987156868 20.223561629652977 23.833293616771698 54.410054534673691 12.553030490875246 13.163806006312369 13.602632552385328 12.493863672018049 12.683348432183264
leaf_count=72 51 75 63 92 85 76 223 50 83 526 103 65 51 85 68 53 58 50 96 76 82 97 216 52 53 54 50 50
internal_value=1.88569e-07 -0.0147485 -0.046656 -0.0660008 -0.00397181 0.00369308 0.00889418 0.0212446 -0.0839002 0.0182203 -0.0626917 0.0160469 0.0315776 0.0554971 0.0131833 0.00195764 -0.0310452 0.0242532 -0.00211421 0.0915398 -0.00846329 -0.0299887 0.0403018 -0.0411977 -0.068659 -0.0141639 0.0239318 0.0735355
internal_weight=688.125 406.156 102.544 83.6102 303.612 251.772 233.136 281.969 67.8296 188.035 47.8552 256.475 121.997 76.3731 35.1303 134.478 54.2197 80.2585 40.1839 41.2428 45.6237 45.1007 67.2458 51.8404 25.7168 26.1235 25.4001 25.4939
internal_count=2755 1633 416 341 1217 1007 931 1122 278 749 195 1022 484 301 140 538 219 319 161 161 183 182 266 210 105 105 101 100
is_linear=0
shrinkage=0.08


Tree=2
num_leaves=20
num_cat=0
split_feature=19 20 3 1 13 13 2 7 2 19 15 24 14 5 1 1 11 26 23
split_gain=23.1505 21.9974 13.637 13.9547 16.7016 11.8296 10.8975 11.7701 10.6726 11.1575 11.0548 10.1483 7.95194 7.92954 10.7037 7.14259 7.01577 5.6416 1.54551
threshold=0.1462903967217882 0.58346275591298513 0.0045582559429055008 0.095375106712907609 0.59810356345813886 0.26675817854646167 0.013552653499191153 -0.48218170797257015 0.0088176770174650011 0.17570184930127103 -0.00087313861019564984 0.00043151612254520007 5.1540647317901068e-05 -0.0012995926394045998 -0.0060525296266077987 0.11936487257023741 0.015724504328350156 0.0010139785488905001 -0.19920954715693417
decision_type=2 2 2 2 2 2 2 2 2 2 2 2 2 2 2 2 2 2 2
left_child=1 16 3 4 8 11 7 -6 9 -2 -10 15 -13 -3 17 -5 -1 -15 -18
right_child=2 13 -4 5 6 -7 -8 -9 10 -11 -12 12 -14 14 -16 -17 18 -19 -20
leaf_value=-0.03836331267488409 0.051486199833175067 -0.058811149913710871 0.083490002118330936 -0.00093668736116075198 0.038595730397532078 -0.073826726961969236 -0.010899593089498149 0.12977908572152974 0.0085759471067793289 0.0065308780535238203 -0.040029847988584832 0.072526623219273001 -0.011873073669469811 0.0065499173338202515 -0.028099784906729278 -0.074738156111254422 -0.12296675142066091 0.08007958049445528 -0.084233241451370608
leaf_weight=17.51861084997654 40.716802790760994 13.495417118072508 14.309844031929968 17.201568797230721 22.873547717928883 23.395881220698357 12.708322703838347 15.002342343330385 60.039815947413445 267.23405793309212 59.749066308140755 13.49685360491276 15.179867744445799 12.745831370353701 24.499993503093719 16.389185205101967 13.237198501825334 14.028275683522223 13.134943798184393
leaf_count=71 161 55 56 69 91 96 51 58 240 1070 242 53 61 51 99 67 55 55 54
internal_value=-3.89021e-07 -0.0338805 0.00636559 0.00440874 0.00973414 -0.0253271 0.0532043 0.0747127 0.0045934 0.0124748 -0.015668 -0.0071042 0.0278501 -0.00424988 0.0101107 -0.036945 -0.0776065 0.0450757 -0.103675
internal_weight=686.957 108.66 578.297 563.987 478.324 85.6634 50.5842 37.8759 427.74 307.951 119.789 62.2675 28.6767 64.7695 51.2741 33.5908 43.8908 26.7741 26.3721
internal_count=2755 440 2315 2259 1913 346 200 149 1713 1231 482 250 114 260 205 136 180 106 109
is_linear=0
shrinkage=0.08


Tree=3
num_leaves=30
num_cat=0
split_feature=9 22 20 1 20 4 0 13 20 6 28 9 28 0 5 1 9 9 28 6 28 9 13 28 19 20 13 14 5
split_gain=26.9833 15.9213 16.3376 12.0402 11.4516 10.6242 10.2902 9.45991 8.78169 9.59774 8.12884 7.53208 15.4175 12.9242 21.4367 11.1163 8.39368 15.469 8.35311 7.80546 7.72042 7.15684 7.01591 6.9402 5.6635 4.19664 2.72369 2.29341 1.93525
threshold=0.48238424173407474 5.6037456999072086 0.5382783973149442 -0.017237678879048649 0.51765117472940192 9.2118487811071391e-05 64.018164253168322 0.73212405548605919 0.72472165169387825 0.0011817499318920001 0.0026191113245325006 0.46442522842340478 0.0026617186361229004 44.270840188878545 0.0031094842196550507 0.036631697909939455 0.46001007755981643 0.45151989356799643 0.0026729011923743006 0.0014751059603851503 0.0026242572714119503 0.49770498183271056 0.12307930710203391 0.0029274867476543503 0.25225701673505102 0.59524174836467736 0.15694520287417832 -2.8414747319907732e-05 -0.00031953847412384995
decision_type=2 2 2 2 2 2 2 2 2 2 2 2 2 2 2 2 2 2 2 2 2 2 2 2 2 2 2 2 2
left_child=7 2 3 4 24 -3 -7 11 10 -10 -4 12 20 18 15 -15 17 -14 -13 -20 -1 -5 -11 -12 -2 -22 -16 -23 -9
right_child=1 5 8 21 -6 6 -8 28 9 22 23 13 16 14 26 -17 -18 -19 19 -21 25 27 -24 -25 -26 -27 -28 -29 -30
leaf_value=0.022886126044724255 0.027436918143873827 -0.1120298981777301 -0.038824135583215187 -0.01912086896554668 -0.081263465075905511 0.013812047332237414 -0.074857842222212687 0.087704183778727074 0.011990567714411527 -0.019539919298251291 0.02650842565167319 -0.011363851462690262 0.01871993403632263 -0.016708477850143705 0.016655948185897215 -0.088783933293805115 0.052740592805399347 -0.07229182639236259 0.086261297654231447 0.0068495807880700702 0.056373417199256204 -0.11210176327781415 -0.099798001955344259 -0.0090202222456360597 -0.02408169562033706 0.11792861543695109 0.068973500276380523 -0.065786664149240656 0.043439234521049051
leaf_weight=17.089121967554092 29.07729409635067 15.047776758670805 18.499832764267921 13.153671205043791 12.626996025443075 16.532743453979492 16.978285893797874 12.731070786714556 23.783738598227501 14.886000245809557 129.97761091589928 17.918975487351418 39.662167727947235 34.287690758705139 12.765418186783792 22.803080320358276 18.985721319913864 17.107573360204697 20.953613713383675 12.736630782485006 12.681175947189333 14.909122601151466 13.110103607177733 48.250521168112755 25.750244036316872 16.072727769613266 12.709041655063627 12.646737143397331 12.554808869957922
leaf_count=68 116 63 75 53 52 66 70 50 95 60 517 72 158 138 51 94 75 70 82 51 50 62 54 194 104 63 50 52 50
internal_value=-6.12741e-07 -0.0132115 -0.00736051 -0.033313 -0.0125778 -0.0561877 -0.0311123 0.0190468 0.0039354 -0.0253777 0.0116508 0.0144321 0.0288529 0.00136287 -0.0182672 -0.0454967 0.00669329 -0.00870648 0.0327674 0.0562396 0.0654717 -0.0676705 -0.0571234 0.01689 0.00324074 0.0907813 0.0427568 -0.0908455 0.065726
internal_weight=686.289 405.231 356.672 108.164 67.4545 48.5588 33.511 281.059 248.508 51.7798 196.728 255.773 121.598 134.174 82.5652 57.0908 75.7555 56.7697 51.6092 33.6902 45.843 40.7095 27.9961 178.228 54.8275 28.7539 25.4745 27.5559 25.2859
internal_count=2755 1633 1434 439 272 199 136 1122 995 209 786 1022 484 538 333 232 303 228 205 133 181 167 114 711 220 113 101 114 100
is_linear=0
shrinkage=0.08


Tree=4
num_leaves=18
num_cat=0
split_feature=19 17 12 12 12 0 20 12 5 19 26 12 13 28 20 11 23
split_gain=18.3812 18.9956 16.2301 12.9985 16.4332 17.588 12.4446 12.171 12.5931 11.0757 8.27728 8.12005 8.63078 7.46853 6.9348 6.78766 0.480574
threshold=0.1462903967217882 0.90000000000000013 -0.053233408749633941 3.4926759790022039 1.9972606404949043 54.35818294052401 0.57515135203616696 4.4911792747602215 0.0018000287850807003 0.17570184930127103 0.0012199922067970502 1.7501509029673048 0.19492398159192528 0.0036175244465688505 0.5382783973149442 0.083711962758186764 -0.27117025947047307
decision_type=2 2 2 2 2 2 2 2 2 2 2 2 2 2 2 2 2
left_child=1 2 -1 4 9 10 -4 -5 -9 15 -6 12 -8 14 -11 -2 -3
right_child=3 16 6 7 5 -7 11 8 -10 13 -12 -13 -14 -15 -16 -17 -18
leaf_value=0.0577608216336611 0.072319733480781578 -0.10356913151447125 -0.081506007461952912 0.09049496124293209 -0.054550140263046866 -0.12089555507952134 -0.018407524057275967 0.050386765602974906 -0.052054561572004554 -0.017538003520395935 0.025423473254811257 -0.061280133784276922 0.06498730249009789 0.054232709461834151 0.0061706776092790728 0.012200592105893486 -0.081101909145237475
leaf_weight=16.940942466259003 24.359164908528328 12.280735060572626 20.665401041507721 21.080452054738998 15.684624105691908 13.396655455231665 20.540513664484024 20.869073286652565 12.152093052864073 106.65572203695774 17.551152437925339 12.70278814435005 12.949635878205298 16.930009931325912 304.05210690200329 23.725830093026161 12.093282312154768
leaf_count=67 96 51 86 83 64 56 83 83 50 431 70 52 51 67 1220 95 50
internal_value=-1.30004e-06 -0.0302615 -0.0121815 0.0056771 0.00181098 -0.0435101 -0.0299038 0.0430048 0.0126874 0.00625355 -0.0123177 -0.0068185 0.0138388 0.00216033 1.38276e-05 0.0426561 -0.0924219
internal_weight=684.63 108.173 83.7993 576.457 522.355 46.6324 66.8583 54.1016 33.0212 475.723 33.2358 46.1929 33.4901 427.638 410.708 48.085 24.374
internal_count=2755 440 339 2315 2099 190 272 216 133 1909 134 186 134 1718 1651 191 101
is_linear=0
shrinkage=0.08


Tree=5
num_leaves=25
num_cat=0
split_feature=9 1 4 23 9 7 20 7 9 20 12 13 11 24 20 20 11 12 22 22 11 13 22 1
split_gain=21.8546 13.7337 18.8212 14.6971 13.7485 12.3364 11.3402 14.2855 9.58873 11.5315 11.2735 12.2148 9.41014 9.2808 9.17046 9.67727 8.42275 8.23443 8.008 7.99157 7.32315 7.11863 6.77012 4.10084
threshold=0.46442522842340478 -0.012760458535510048 -0.0025727381747869993 0.63260645498831414 0.53889467962889392 -0.44965581621314971 0.59052358027003771 -0.69019175582167414 0.49066547478451655 0.61601133239923522 0.028269510085196601 0.20201311358281057 0.53000309085192732 -0.00026522923287744998 0.53191341927665481 0.7299900675984643 -0.088520078202519129 0.54576934973598112 5.4480704067051144 5.2622423794056639 0.18506645857767742 0.1323472292036513 4.9945425170869777 -0.11880778325053844
decision_type=2 2 2 2 2 2 2 2 2 2 2 2 2 2 2 2 2 2 2 2 2 2 2 2
left_child=5 4 22 14 8 6 7 -1 9 13 16 -12 17 -2 -4 -16 -10 -5 -11 20 23 -8 -3 -7
right_child=1 2 3 12 -6 19 21 -9 10 18 11 -13 -14 -15 15 -17 -18 -19 -20 -21 -22 -23 -24 -25
leaf_value=0.083494739499355375 0.0086169675539534956 0.087487279202290616 -0.099154936011930705 -0.021026077231176363 0.077769260291211423 0.021921518789182897 0.10992903056144326 -0.022681497908637157 0.073185554227718982 0.010000713389139918 -0.058143753956434507 -0.0019145782034486322 -0.059840221320317737 0.074866508644002044 -0.022836928875292917 -0.10054922308908534 -0.001425180204020722 0.017232320709502119 -0.063900072060599639 -0.056349660339217879 0.066626330338061077 0.04464650012712415 0.0052769359726372745 -0.03896542869258366
leaf_weight=12.742904677987097 24.48041744530201 12.706235721707346 20.775975286960602 85.254358261823654 16.02870038151741 15.487371802330015 21.391383469104767 22.306702166795731 13.739072754979132 40.196985095739365 44.729975789785385 55.28549462556839 23.041250318288803 30.26312381029129 52.225675567984581 12.761331290006636 32.804513454437256 62.32671807706356 12.242527559399603 12.448036655783651 12.95145261287689 21.369082599878311 12.939750909805296 13.040572047233583
leaf_count=50 98 50 87 345 63 62 85 90 54 161 183 223 96 119 212 53 132 250 50 51 51 85 52 53
internal_value=-2.64121e-06 -0.00699209 -0.0193357 -0.0258719 0.00591248 0.0292737 0.0496543 0.0159208 0.00137334 0.0195585 -0.011926 -0.027062 -0.0122922 0.0452408 -0.0528883 -0.0380971 0.020599 -0.00486872 -0.00725216 -0.000132764 0.016738 0.0773048 0.0460078 -0.00591086
internal_weight=683.54 551.802 282.031 256.385 269.771 131.738 77.8101 35.0496 253.742 107.183 146.559 100.015 170.622 54.7435 85.763 64.987 46.5436 147.581 52.4395 53.9274 41.4794 42.7605 25.646 28.5279
internal_count=2755 2228 1145 1043 1083 527 310 140 1020 428 592 406 691 217 352 265 186 595 211 217 166 170 102 115
is_linear=0
shrinkage=0.08


Tree=6
num_leaves=30
num_cat=0
split_feature=9 20 1 7 6 9 13 9 2 22 20 0 13 20 14 18 9 19 9 12 4 8 8 1 28 6 3 3 9
split_gain=19.3913 16.2567 11.9739 12.4716 11.7969 11.7259 12.3277 9.54331 20.8652 18.7692 14.8633 16.0149 13.9955 10.8593 8.62963 8.56188 7.59908 12.3896 7.53846 7.29542 13.144 9.86732 7.24351 7.05279 5.54879 4.79956 4.42758 4.06464 3.79786
threshold=0.50583085258803417 0.55561594816532056 -0.0084182309441089478 -0.63863804423547987 0.001675667666985 0.51140211744253017 0.14276824498108667 0.46218647016546632 0.006317309898445601 5.4480704067051144 0.63721245228592738 64.018164253168322 0.14920418533607185 0.6692173409510741 0.00037209938851810005 1.0000000180025095e-35 0.51891781020951067 0.15085098308099087 0.43719608101628371 -0.34811815055988621 -0.0038681313145717999 -0.0031634779630955998 0.0020968650505827501 -0.0040298107219882496 0.0028522362312252002 0.00083793881994825012 0.0027283269855543505 0.0014244176999730501 0.48716550370451833
decision_type=2 2 2 2 2 2 2 2 2 2 2 2 2 2 2 2 2 2 2 2 2 2 2 2 2 2 2 2 2
left_child=7 16 4 -4 5 -3 -7 8 18 19 11 12 -11 26 23 22 -2 -18 -1 -9 28 -22 -5 -12 -17 -20 27 -10 -21
right_child=1 2 3 15 -6 6 -8 9 13 10 14 -13 -14 -15 -16 24 17 -19 25 20 21 -23 -24 -25 -26 -27 -28 -29 -30
leaf_value=0.022470117289767885 -0.091711456252916226 -0.068110013015471454 -0.083755676204986043 -0.016997326564054817 0.081563232739461228 -0.026835337181625635 0.062533464799514799 -0.035605529125717572 0.0038079595905613946 0.081658514754421332 -0.12113598926605292 -0.06025400201192798 -0.007601374299948417 0.052125625910046026 -0.014162167519350984 -0.077719461976594836 -0.082265452981172452 0.011552260445028058 0.12460209086618079 0.099303442955077537 -0.027668128883531349 0.019487597337215973 0.064619357063659219 -0.047109071460807374 -0.0044251936264381548 0.060478429394168094 0.021025695816195386 -0.052900748741206649 0.04078973682430969
leaf_weight=13.302493274211882 23.263392195105553 12.199550360441206 19.224579900503159 14.51079021394253 14.751268684864042 18.248134627938271 21.537622436881065 16.980161130428314 12.409726694226263 18.303214237093925 14.683804899454115 18.897244811058044 29.142400354146957 19.500611558556557 20.982931718230247 13.337998643517496 17.185446828603745 18.934491232037544 16.080094650387768 14.035697221755983 34.081418737769127 170.34531709551811 13.373174607753752 18.760570392012596 13.106279104948042 13.952332168817518 13.236648991703985 23.233850941061974 14.364558279514311
leaf_count=54 98 50 80 59 58 74 85 69 50 72 61 78 118 78 85 55 73 76 63 55 138 682 53 77 53 56 53 95 57
internal_value=-8.78456e-07 -0.0209665 -0.00611514 -0.0283778 0.0184213 0.000504292 0.0215436 0.00867904 0.0291749 0.00250028 -0.0233935 0.00202669 0.0268326 0.00165191 -0.0543788 -0.00878178 -0.056052 -0.0330851 0.0726051 0.0150187 0.0187108 0.0116259 0.0221461 -0.0796107 -0.0413935 0.0948118 -0.0184844 -0.033157 0.0697078
internal_weight=681.966 199.673 140.289 73.5528 66.7366 51.9853 39.7858 482.293 111.716 370.577 120.77 66.3429 47.4456 68.3808 54.4273 54.3282 59.3833 36.1199 43.3349 249.807 232.827 204.427 27.884 33.4444 26.4443 30.0324 48.8802 35.6436 28.4003
internal_count=2755 814 567 300 267 209 159 1941 449 1492 491 268 190 276 223 220 247 149 173 1001 932 820 112 138 108 119 198 145 112
is_linear=0
shrinkage=0.08


Tree=7
num_leaves=29
num_cat=0
split_feature=9 12 7 9 21 9 20 28 13 3 13 9 1 24 25 28 28 25 9 2 1 2 25 25 15 13 15 28
split_gain=16.6616 11.2528 18.1821 11.3158 8.89327 8.0047 14.0978 11.5471 14.7653 9.67481 7.79164 7.1737 8.63459 20.0809 5.66534 6.12776 11.7789 6.88811 5.65664 9.76483 11.2475 8.79694 6.47828 5.90384 5.18378 4.71381 4.20352 1.33806
threshold=0.48238424173407474 -0.11714628975421944 -0.63308440188691317 0.5171109922538798 9.5659017026365625 0.50583085258803417 0.5639200163667154 0.0028433544745788005 0.20201311358281057 0.0023128649069513504 0.73212405548605919 0.48493555532613636 0.10719292505389426 0.00020728901333150003 0.00015103157304515003 0.0026270680988980505 0.0026506766919127006 0.0023506243770806006 0.46370689151435102 0.0071060869843041505 0.032504840795226607 0.0070350284674346513 -0.0010864923841353497 -0.00035613222197604995 -0.00099400396529719984 0.12749894141342841 -0.0013290308935778499 0.0028547679961809006
decision_type=2 2 2 2 2 2 2 2 2 2 2 2 2 2 2 2 2 2 2 2 2 2 2 2 2 2 2 2
left_child=10 2 -2 4 -4 11 25 8 -8 -9 14 -3 13 -13 18 -16 -17 -18 21 20 -20 23 -21 -1 -23 -7 -27 -12
right_child=1 5 3 -5 -6 6 7 9 -10 -11 27 12 -14 -15 15 16 17 -19 19 22 -22 24 -24 -25 -26 26 -28 -29
leaf_value=0.028166409792197498 0.10251787223458729 -0.051396584490886361 0.011127334653780378 0.044090331012199516 -0.059681203515166599 -0.022684232564100286 -0.063216338605939393 0.077990383500081417 0.0051031597235845459 -0.017889569316030394 0.076344115269754417 -0.0025685763704039423 -0.054639529653397835 0.10131738376279191 -0.055034507079065959 0.074848072444334834 -0.015908592237334988 0.047531689968734872 0.0070183453602487835 -0.0023506115561833471 -0.083096640076853204 0.038631475581078878 0.069832504980816668 0.10013049254456725 -0.027314616219357754 -0.040882096383050424 -0.098056375163996581 0.039237518338695015
leaf_weight=12.368970677256586 13.061229541897772 18.624559819698334 22.984541982412338 23.976612597703934 22.430016413331032 12.521493583917616 40.270745500922203 13.911506652832033 40.714232161641121 13.057362601161001 12.426841512322428 113.86502981185913 15.671092435717581 13.299167051911352 12.622485756874083 13.096262410283087 74.122188538312912 12.852741479873655 34.342598363757133 13.346377417445181 11.948289543390272 17.53820896148682 19.70703986287117 17.789003983139992 13.501446723937987 12.219532042741774 25.206134110689163 12.451125040650366
leaf_count=50 51 76 92 96 92 52 166 55 165 53 50 459 65 52 52 53 300 51 138 54 50 70 78 71 55 51 108 50
internal_value=-1.81536e-06 -0.0104206 0.0159274 -0.000371184 -0.0238446 -0.0172231 -0.0300305 -0.0137709 -0.0288695 0.0315687 0.015051 -0.00469797 0.00139115 0.00829609 0.010854 -0.00250865 0.0041167 -0.00653369 0.0215689 0.00747357 -0.0162415 0.0398439 0.0406863 0.0706152 0.00994663 -0.0651733 -0.0793889 0.0577727
internal_weight=679.927 401.813 82.4524 69.3912 45.4146 319.361 157.901 107.954 80.985 26.9689 278.114 161.46 142.835 127.164 253.236 112.694 100.071 86.9749 140.542 79.3443 46.2909 61.1976 33.0534 30.158 31.0397 49.9472 37.4257 24.878
internal_count=2755 1633 331 280 184 1302 650 439 331 108 1122 652 576 511 1022 456 404 351 566 320 188 246 132 121 125 211 159 100
is_linear=0
shrinkage=0.08


Tree=8
num_leaves=23
num_cat=0
split_feature=9 22 20 4 24 16 19 10 24 13 24 14 14 28 28 13 26 19 4 6 20 28
split_gain=14.1648 12.2601 9.78789 8.46762 8.03521 10.8976 11.4331 7.96235 7.65636 6.68595 6.37046 7.64664 4.82443 5.18247 10.0787 6.86153 4.91214 6.9954 6.77368 5.99256 3.81659 1.17763
threshold=0.48238424173407474 5.6037456999072086 0.5382783973149442 9.2118487811071391e-05 0.00022921203953970001 1.0000000180025095e-35 0.1462903967217882 0.50418448466712507 0.000112465252094 0.73212405548605919 -0.00045007810435874991 0.00019618749061620002 0.00015103157304515003 0.0026270680988980505 0.0026506766919127006 0.099454401982199223 0.00060448379240085018 0.25408098570428705 -0.0022636253522072994 0.00081436840529380014 0.63150372848707081 0.0028547679961809006
decision_type=2 2 2 2 2 2 2 2 2 2 2 2 2 2 2 2 2 2 2 2 2 2
left_child=9 2 4 -3 5 6 -2 10 -5 12 -4 -12 16 -14 -15 -16 17 -1 20 -20 -18 -11
right_child=1 3 7 8 -6 -7 -8 -9 -10 21 11 -13 13 14 15 -17 18 -19 19 -21 -22 -23
leaf_value=0.087441347276250345 -0.052648332489211733 -0.098717397765247308 -0.041594692943909543 0.014010310469506045 -0.079898889183579014 -0.082318055939628945 0.014940980103581261 0.053186897726033626 -0.06300958811042244 0.071261021927869206 -0.0067341489589678718 0.02578975646043451 -0.050582512544348951 0.06961012249253988 -0.047071466067192688 0.0062870213055782574 0.017850036205036692 0.01072569743082254 -0.041291513119674883 0.01138916959596278 0.071682154659018726 0.036285264479163234
leaf_weight=14.93627415597439 22.496570467948914 14.501089125871657 21.319031938910484 16.145943313837051 14.604110628366469 13.519864216446875 55.611962094902992 19.592807576060295 16.913092523813248 12.255318641662599 135.82719756662846 70.162186369299889 12.634132146835325 12.960775613784788 20.043474361300468 66.921421989798546 19.138084590435028 15.503081515431402 18.239387527108192 57.026898741722107 15.063179954886435 12.389638632535933
leaf_count=60 96 63 87 65 62 57 224 78 71 50 549 281 52 53 82 269 77 63 75 231 60 50
internal_value=-1.21585e-06 -0.00961874 -0.00448324 -0.0477498 -0.024788 -0.0160042 -0.00452588 0.00425315 -0.0253933 0.0139054 3.53112e-05 0.00434384 0.0100229 -0.00230637 0.00379744 -0.00601092 0.0199423 0.0483693 0.0120377 -0.00137702 0.0415592 0.0536778
internal_weight=677.806 400.694 353.134 47.5601 106.233 91.6284 78.1085 246.901 33.059 277.112 227.308 205.989 252.467 112.56 99.9257 86.9649 139.907 30.4394 109.468 75.2663 34.2013 24.645
internal_count=2755 1633 1434 199 439 377 320 995 136 1122 917 830 1022 456 404 351 566 123 443 306 137 100
is_linear=0
shrinkage=0.08


Tree=9
num_leaves=24
num_cat=0
split_feature=9 12 20 1 6 13 12 12 2 28 4 9 9 8 23 5 24 13 19 15 21 13 17
split_gain=13.0674 13.8251 10.4668 11.2689 10.0967 20.2022 8.11954 13.0289 11.34 9.45274 10.041 9.98176 12.3318 9.12423 7.64848 10.9658 7.57049 7.36127 7.31268 6.57238 5.33882 4.60151 4.05712
threshold=0.50583085258803417 -0.18571413608925061 0.5639200163667154 -0.0040298107219882496 0.0015788181681614503 0.14276824498108667 3.4926759790022039 2.1312284864868647 0.013281631208327203 0.0026971398200106005 -0.0037755813782770495 0.46218647016546632 0.4796343409626091 -0.00077881794721589991 1.7855963077937023 -0.00027089526751284998 -0.00028126176150534992 0.14276824498108667 0.41497220652438699 0.00026596802907345008 9.6811507545218607 0.12749894141342841 0.75000000000000011
decision_type=2 2 2 2 2 2 2 2 2 2 2 2 2 2 2 2 2 2 2 2 2 2 2
left_child=6 20 21 4 5 -4 7 9 19 11 17 18 -13 -9 15 -5 -12 -11 -1 -8 -2 -3 -23
right_child=1 2 3 14 -6 -7 8 13 -10 10 16 12 -14 -15 -16 -17 -18 -19 -20 -21 -22 22 -24
leaf_value=0.071870903560060345 -0.011837829206815123 -0.01743919981105533 -0.080162237923344537 0.0075014722435584828 0.072247009784618732 0.032897637492749814 0.032054604271506831 0.006080808481591665 -0.010552350997601804 -0.0050363705883309925 -0.039869855585827146 -0.017758910238924376 0.031879191333356628 -0.076288908202264014 0.012922495426282828 -0.082781678028602562 -0.0016521851735965128 0.067340780953875315 0.0016453667273261228 0.11282725348166076 0.053106181906096617 -0.10303738171482402 -0.049209262935611328
leaf_weight=35.069393530488014 12.993471145629881 13.398442223668097 15.674818798899649 12.166526198387144 13.322342991828917 28.516416355967522 12.484410434961321 14.587355837225912 16.883497446775436 16.111303418874741 43.237677365541458 56.837737739086151 73.392174407839775 20.993034854531288 13.491516143083571 29.45488877594471 142.49776893854141 20.357113048434258 13.010808721184729 13.332432165741919 21.515818193554878 15.659593582153319 20.951148673892021
leaf_count=144 53 56 65 50 53 114 52 59 69 65 176 232 294 88 55 123 575 81 53 53 86 68 91
internal_value=-2.87156e-06 -0.0173374 -0.0270961 -0.0135725 0.011199 -0.00720518 0.00713467 0.00387476 0.0404279 0.00799621 -0.00301341 0.021716 0.0102151 -0.0425187 -0.0394229 -0.0563906 -0.0105489 0.0353654 0.0528674 0.0737675 0.0286534 -0.0575529 -0.0722333
internal_weight=675.94 197.145 162.636 112.627 57.5136 44.1912 478.795 436.094 42.7003 400.514 222.204 178.31 130.23 35.5804 55.1129 41.6214 185.735 36.4684 48.0802 25.8168 34.5093 50.0092 36.6107
internal_count=2755 814 675 460 232 179 1941 1767 174 1620 897 723 526 147 228 173 751 146 197 105 139 215 159
is_linear=0
shrinkage=0.08


Tree=10
num_leaves=18
num_cat=0
split_feature=19 20 3 12 12 0 19 6 12 0 1 25 22 15 24 23 18
split_gain=9.79291 10.2879 8.90844 9.34519 13.7271 10.6269 10.123 13.9537 9.98357 9.36152 7.46673 6.22396 5.51762 4.70667 4.1193 4.48405 3.61994
threshold=0.15085098308099087 0.58346275591298513 0.0045582559429055008 3.4926759790022039 1.9972606404949043 54.35818294052401 0.17570184930127103 0.0016408663115525504 4.4911792747602215 56.757797913023033 -0.044877045098473838 0.00043130256255000007 5.4080186275154896 0.0012290461201421002 3.3791253212414986e-05 -0.44917298334876227 1.0000000180025095e-35
decision_type=2 2 2 2 2 2 2 2 2 2 2 2 2 2 2 2 2
left_child=1 10 3 4 6 12 7 -2 -5 -10 -1 -8 -6 14 15 -3 -12
right_child=2 13 -4 8 5 -7 11 -9 9 -11 16 -13 -14 -15 -16 -17 -18
leaf_value=-0.002947284270880114 0.068292353799507696 -0.0075638324776094992 0.067134541195801492 0.081230937510880424 0.01070700142925007 -0.104331295190098 0.0060371852538494723 -0.031513588622016427 0.049393049478834446 -0.038051645170174016 -0.050515713231173799 -0.015329472312740724 -0.056830037668041698 -0.047027086815588384 -0.016702753546026163 0.055455143886700455 -0.10710121007097519
leaf_weight=13.370559871196745 31.512647897005081 12.73781329393387 14.042217031121252 18.993348464369774 18.119331508874897 12.887236282229422 287.36250342428684 12.529746308922766 16.456875920295719 14.956271454691885 16.702588468790054 125.29487405717373 13.517610520124434 12.118956997990606 23.548962086439133 16.700202018022537 12.765579685568811
leaf_count=56 127 52 56 77 73 56 1168 51 67 63 73 510 56 50 97 67 56
internal_value=-2.83275e-06 -0.022084 0.0042108 0.00260903 -0.000693049 -0.0430944 0.00344071 0.0398983 0.0354437 0.00775932 -0.0525309 -0.000450358 -0.0181498 -0.00205029 0.00823661 0.0281869 -0.0750285
internal_weight=673.617 107.945 565.673 551.63 501.224 44.5242 456.7 44.0424 50.4065 31.4131 42.8387 412.657 31.6369 65.1059 52.987 29.438 29.4682
internal_count=2755 451 2304 2248 2041 185 1856 178 207 130 185 1678 129 266 216 119 129
is_linear=0
shrinkage=0.08


Tree=11
num_leaves=22
num_cat=0
split_feature=9 1 2 9 28 24 24 1 12 12 9 9 22 12 9 20 11 15 12 16 20
split_gain=10.7931 9.28955 10.8297 9.84459 9.07813 9.26502 9.19469 10.9159 9.07194 10.4517 12.168 7.7373 11.8403 9.2527 9.15412 7.94258 7.284 6.00365 6.25506 5.95731 6.81244
threshold=0.46442522842340478 -0.012760458535510048 0.021028792469884004 0.53889467962889392 0.0027035987887992006 8.4645660061129913e-05 0.00011898793417700002 -0.010659799796613299 -0.43367375145331127 0.07960046506454406 0.48659720583013683 0.5114412514502632 5.5844008251567567 -0.18571413608925061 0.46802343958734766 0.50752915789459851 0.0095315743876103025 -0.0019687506830343995 0.92057945158229459 1.0000000180025095e-35 0.55446699972719926
decision_type=2 2 2 2 2 2 2 2 2 2 2 2 2 2 2 2 2 2 2 2 2
left_child=4 3 11 8 5 19 7 17 -2 16 -11 14 13 -13 -3 -16 -10 -6 -19 20 -1
right_child=1 2 -4 -5 6 -7 -8 -9 9 10 -12 12 -14 -15 15 -17 -18 18 -20 -21 -22
leaf_value=-0.003134246339815685 -0.064145417314929731 -0.077010248261320538 0.04258246621684221 0.067261935780175947 0.041094107527706002 0.083429555530023125 -0.06207088451073161 0.080004617706050676 0.063333246515463376 0.023606923395261346 -0.020354973916611133 0.036352115689451812 -0.10028207407685345 -0.04026837732675035 -0.041201143557303553 0.0029722188624199133 0.0085811282532183807 -0.066772370805648823 0.0081344296038710021 -0.025773664924557342 0.077849679214082354
leaf_weight=12.267977431416513 12.642707318067549 12.304138347506521 19.321468681097031 15.665026217699049 12.460970476269717 22.766765475273132 12.336567834019659 12.500733837485312 28.462568387389183 62.740177512168884 112.63215517997742 12.747724175453184 16.705157861113548 48.325841024518013 32.251481339335442 135.49655856192112 34.279211491346359 12.901783868670469 15.960758268833159 12.701715677976607 14.51162515580654
leaf_count=51 52 51 78 63 50 93 51 50 113 253 463 51 73 204 135 553 139 53 65 53 61
internal_value=-3.89345e-06 -0.00493169 -0.0151855 0.00573507 0.0208562 0.0427857 0.00022364 0.0145016 0.00189142 0.00539766 -0.00462742 -0.0195145 -0.0406001 -0.0242756 -0.010406 -0.00552062 0.0334192 -0.00531365 -0.0253495 0.0193485 0.0407502
internal_weight=671.983 543.574 277.152 266.422 128.409 62.2481 66.1608 53.8242 250.757 238.114 175.372 257.831 77.7787 61.0736 180.052 167.748 62.7418 41.3235 28.8625 39.4813 26.7796
internal_count=2755 2228 1145 1083 527 258 269 218 1020 968 716 1067 328 255 739 688 252 168 118 165 112
is_linear=0
shrinkage=0.08


Tree=12
num_leaves=31
num_cat=0
split_feature=9 11 12 13 6 20 12 6 22 3 9 12 19 13 23 9 28 20 4 6 11 8 17 8 22 20 4 4 0 19
split_gain=9.29107 11.4488 7.99779 8.75485 11.5061 9.27965 9.35178 7.28934 7.00029 13.8792 17.6871 17.3944 16.9611 9.11669 9.22227 7.56139 6.51967 12.9881 7.03538 14.0467 10.9393 9.02584 7.38385 6.80761 5.71696 5.39605 4.98766 3.76565 3.6905 3.19909
threshold=0.50583085258803417 0.60915265844831157 -0.1517891077355781 0.20201311358281057 0.0010562066409613503 0.5639200163667154 1.4539038341808987 0.0012755491890496502 5.4480704067051144 0.00099213530570615017 0.47947556623968984 1.3951170588645481 0.34876617125437398 0.24042520740459419 1.0404425049947894 0.49568074171759874 0.0026971398200106005 0.54167734566109915 -0.0022636253522072994 0.0024887132341047508 0.20251158677688921 -0.0025340469379075497 0.75000000000000011 -0.0017548474969777998 5.4822854942473436 0.56057981684416613 -0.0018513782881241997 0.00016738753938290004 44.539331609622515 0.27376009024506626
decision_type=2 2 2 2 2 2 2 2 2 2 2 2 2 2 2 2 2 2 2 2 2 2 2 2 2 2 2 2 2 2
left_child=8 2 24 4 27 -5 -7 -6 16 11 13 12 25 14 -11 -12 17 -1 19 20 -18 22 -20 -23 -2 -10 -19 -4 -28 -13
right_child=1 -3 3 5 7 6 -8 -9 9 10 15 29 -14 -15 -16 -17 18 26 21 -21 -22 23 -24 -25 -26 -27 28 -29 -30 -31
leaf_value=-0.021484989643242251 0.058065521156797709 -0.077090097344616124 -0.10148081931500803 -0.041136596498926724 0.036551961944439819 0.069961332082707509 -0.0086261502287294373 -0.029600114313345298 0.1049465281632124 -0.059232376822708217 -0.10308901199494652 -0.068254570813855067 -0.020778135535168326 0.056635389458680636 0.030196201240108224 -0.027653228532795469 -0.016520757784193804 0.010807685632179055 0.001362898323030681 0.095901797547151293 0.055278995211710362 0.058973382369764814 -0.075251737704317229 -0.0011975124599684977 -0.0054090756877910586 0.040560251482302391 0.086224338388245864 -0.041791184331589043 0.04300703128869772 -0.010375212903303515
leaf_weight=23.309683367609978 17.290245294570923 17.179539874196053 15.826532214879991 17.594460651278496 14.22228744626045 18.545434206724167 20.297499299049377 42.569120466709137 18.709831595420837 17.66487513482571 21.469328492879868 12.048111245036127 17.504054084420204 13.760713428258894 12.676030114293097 14.081995218992232 39.199076041579247 17.974372491240501 14.307383760809897 14.580534324049948 20.78003366291523 13.602561518549917 18.410353064537048 104.34166564047337 19.127427279949188 15.016507118940352 20.456434220075607 11.813303351402281 33.120755061507225 12.403685644268988
leaf_count=95 69 77 69 77 58 74 83 178 75 73 91 51 72 56 51 59 160 73 58 58 83 54 76 423 79 61 84 50 137 51
internal_value=-2.70533e-06 -0.0147339 -0.00869146 -0.0173309 -0.0336366 0.00706265 0.0288952 -0.0130336 0.00602299 -0.007912 -0.0312215 0.0166205 0.0431171 0.00262527 -0.0218703 -0.0732087 0.0127856 0.0303783 0.00537572 0.0254749 0.00835459 -0.00457098 -0.0417484 0.00574202 0.0247272 0.0762788 0.047274 -0.0759694 0.0595079 -0.0388941
internal_weight=669.884 194.466 177.286 140.869 84.4312 56.4374 38.8429 56.7914 475.418 155.335 79.6529 75.6822 51.2304 44.1016 30.3409 35.5513 320.083 94.8612 225.222 74.5596 59.9791 150.662 32.7177 117.944 36.4177 33.7263 71.5516 27.6398 53.5772 24.4518
internal_count=2755 814 737 589 355 234 157 236 1941 640 330 310 208 180 124 150 1301 389 912 301 243 611 134 477 148 136 294 119 221 102
is_linear=0
shrinkage=0.08


Tree=13
num_leaves=25
num_cat=0
split_feature=9 1 2 2 9 20 17 9 5 1 6 6 9 2 6 19 13 13 2 2 8 5 2 26
split_gain=8.17599 8.30412 12.6537 7.77933 9.66678 7.75391 7.63175 7.43307 7.22999 10.8891 9.28191 8.87479 5.96056 4.88956 17.1387 7.42736 10.326 7.5714 12.3172 7.01357 5.64069 14.5708 4.54571 3.39856
threshold=0.46442522842340478 0.046509623911219905 0.021028792469884004 0.0063941238052981015 0.46001007755981643 0.6692173409510741 0.75000000000000011 0.45065513198968493 0.0045333809124115014 0.10719292505389426 0.0008222310290317002 0.0016189902591149503 0.44508908631005756 0.012765023749204052 0.0016299215131200002 0.2203417427788423 0.40009410237283533 0.31412425347217204 0.0034648290628560004 0.0035207814605549008 -0.0047673962825509992 -0.0014898930411672998 0.011319075146266552 0.00054385331121395008
decision_type=2 2 2 2 2 2 2 2 2 2 2 2 2 2 2 2 2 2 2 2 2 2 2 2
left_child=3 13 8 6 5 12 7 -1 9 10 -3 -10 -5 15 -15 17 19 18 -2 -17 -16 -22 -11 -19
right_child=1 2 -4 4 -6 -7 -8 -9 11 22 -12 -13 -14 14 20 16 -18 23 -20 -21 21 -23 -24 -25
leaf_value=-0.028719681586800966 0.055929742026841554 -0.078166385177485878 0.039634589455874329 -0.0027700065835270645 0.049869328169169058 0.037439844786146988 0.083539299988354257 0.050788847610564583 0.041533658846125539 -0.11960341593206064 -0.0071639314701449379 -0.038357013914860065 -0.062390292640169001 -0.10404296183876731 0.031674870576936826 -0.037885069729149005 0.067041279458450453 -0.072815746917810509 -0.0081430214417780727 0.016360299500925168 -0.088383447097487841 0.030399611549824134 -0.051809232986451549 -0.021227157288486426
leaf_weight=12.59423887729645 23.124481603503227 15.624693006277083 19.227438673377037 22.407940685749054 20.208948314189911 13.882894724607466 18.558677941560745 18.696947351098061 17.264153271913528 13.019492462277414 47.929584369063377 18.366340801119804 20.59622910618782 12.181086331605909 22.314950913190842 17.459592506289482 23.336344718933105 12.09180875122547 113.20026941597462 120.77310156822205 11.972225323319435 14.754632502794266 12.319424062967299 25.215866357088089
leaf_count=54 94 68 78 91 83 57 78 78 71 57 199 76 86 51 90 72 95 51 468 489 51 60 52 106
internal_value=-3.16535e-06 -0.00429655 -0.0207685 0.0182659 0.0023413 -0.0145429 0.0428943 0.0187878 -0.0300952 -0.0422994 -0.0246197 0.00035266 -0.0313243 0.00167648 -0.0191129 0.00547355 0.0178185 -0.00601375 0.00272551 0.00950879 0.00198222 -0.0228089 -0.0866428 -0.0379476
internal_weight=667.121 540.175 143.751 126.946 77.096 56.8871 49.8499 31.2912 124.524 88.8932 63.5543 35.6305 43.0042 396.424 61.2229 335.201 161.569 173.632 136.325 138.233 49.0418 26.7269 25.3389 37.3077
internal_count=2755 2228 601 527 317 234 210 132 523 376 267 147 177 1627 252 1375 656 719 562 561 201 111 109 157
is_linear=0
shrinkage=0.08


Tree=14
num_leaves=25
num_cat=0
split_feature=9 11 12 13 6 22 2 2 13 22 21 20 2 19 13 26 11 13 21 22 12 12 22 19
split_gain=7.24589 9.79877 6.87468 7.48203 10.9742 8.31665 8.21953 6.8626 6.01238 5.93422 13.1647 13.8964 10.279 9.99989 9.54579 10.4924 7.52965 6.9499 6.56157 4.96344 4.84887 5.85435 14.4898 7.79715
threshold=0.50583085258803417 0.60915265844831157 -0.1517891077355781 0.20201311358281057 0.0021385282081655501 5.3377037103494631 0.0045461565841929006 0.007474093452643351 0.067383813456111011 5.4514595185217027 10.053089458437407 0.63871372780567748 0.0065289659063162515 0.26715098526435738 0.15547217227719937 0.00078773337450920012 0.24501505683676048 0.10224823240357657 9.9210558264430251 5.4822854942473436 -0.35807517768072866 -0.11714628975421944 5.2091672878020399 0.35325290503941514
decision_type=2 2 2 2 2 2 2 2 2 2 2 2 2 2 2 2 2 2 2 2 2 2 2 2
left_child=9 2 19 4 8 7 -7 -5 -4 18 17 14 13 -13 15 -12 -16 -11 20 -2 -1 22 -22 -23
right_child=1 -3 3 5 -6 6 -8 -9 -10 10 11 12 -14 -15 16 -17 -18 -19 -20 -21 21 23 -24 -25
leaf_value=-0.032231339780348318 0.054726105529928598 -0.071509177135766794 -0.087271926681291828 -0.071270270092326823 0.030948883990286224 -0.0049712185065211596 0.08171547014055687 0.0091866834831917064 -0.031247975302946065 -0.10059023362499153 0.10946138128884261 -0.015625528963819066 0.01881027405008245 -0.10581097806310855 -0.020018456363033052 0.010381672768298515 0.054904034543636772 -0.024355238650667532 0.056678841193130616 -0.0045380715945835624 0.092447132578635169 -0.0044994962935915464 -0.0025077406108373148 0.025415507482548699
leaf_weight=17.518445760011673 17.180010661482811 16.76594115793705 15.977675616741179 11.47704426944256 15.146047979593275 14.15157099068165 13.853171512484549 16.595774173736572 52.684617981314659 12.135127887129782 15.162574499845507 18.299891650676727 19.867665752768517 13.804366961121557 27.28257229924202 12.463091373443602 12.526397049427031 20.722418710589409 19.345845833420753 19.098930329084396 18.190472841262817 153.77830807864666 23.666258811950684 87.485178560018539
leaf_count=72 69 77 69 50 63 59 56 69 223 51 61 77 82 58 114 51 52 87 78 79 73 630 98 357
internal_value=-4.53257e-06 -0.0130678 -0.0075058 -0.015554 -0.0306883 0.00706443 0.0379103 -0.0237066 -0.0442847 0.00533228 -0.00766798 0.00467157 -0.0264159 -0.054404 0.0286307 0.0647624 0.00355686 -0.0525108 0.0115184 0.0235267 0.0086124 0.0111397 0.0387586 0.00634806
internal_weight=665.179 192.931 176.165 139.886 83.8083 56.0776 28.0047 28.0728 68.6623 472.249 152.264 119.407 51.9719 32.1043 67.4346 27.6257 39.809 32.8575 319.985 36.2789 300.639 283.12 41.8567 241.263
internal_count=2755 814 737 589 355 234 115 119 292 1941 633 495 217 135 278 112 166 138 1308 148 1230 1158 171 987
is_linear=0
shrinkage=0.08


Tree=15
num_leaves=17
num_cat=0
split_feature=11 7 22 21 12 2 5 21 11 20 16 15 6 0 3 11
split_gain=6.82177 5.68766 6.2472 13.2676 7.80128 16.7879 8.51082 7.47512 12.429 10.8513 8.72357 6.91084 6.2699 4.28398 3.46376 2.05303
threshold=-1.538522739950585 -0.84186438361912252 5.4652208895690331 10.063552918775935 1.3951170588645481 0.0037093220221940007 -0.0011049509889231497 9.8017572677106859 -0.19154783758857799 0.57995157042468815 1.0000000180025095e-35 0.0016318284325261003 0.00091177080722360004 24.892185276771396 0.0011054484406966003 0.092074843949859514
decision_type=2 2 2 2 2 2 2 2 2 2 2 2 2 2 2 2
left_child=-1 -2 7 12 5 -5 -6 10 14 -10 11 -3 -4 -12 -9 -14
right_child=1 2 3 4 6 -7 -8 8 9 -11 13 -13 15 -15 -16 -17
leaf_value=0.041698823959819657 0.056829982877116637 0.008688116925825589 -0.0061415924678618087 0.059073983650608161 0.018616422462104775 -0.010802107628832755 -0.058668319011929738 0.098480848607527843 -0.037283760653288159 0.031271910507530601 -0.070996690262350143 -0.022383984809632506 -0.05317549836176011 -0.018613245036973713 0.041595737263609996 -0.095828782393041934
leaf_weight=24.186653569340706 10.492601901292799 235.87972801923752 11.935123667120932 29.426245301961899 13.512301981449125 87.250800922513008 28.050269976258278 12.873195275664331 24.843868777155876 36.465880051255226 14.229882031679152 56.852524787187576 14.074173435568811 33.547579184174538 14.64318425953388 14.834708243608473
leaf_count=99 44 974 50 121 56 366 122 51 105 150 60 234 59 140 60 64
internal_value=-5.61013e-06 -0.00158437 -0.00255971 -0.0142733 -0.00378084 0.00682082 -0.0335425 0.00287188 0.0235397 0.00349186 -0.00251957 0.0026535 -0.0549235 -0.034215 0.0682087 -0.0750632
internal_weight=663.099 638.912 628.419 199.084 158.24 116.677 41.5626 429.336 88.8261 61.3097 340.51 292.732 40.844 47.7775 27.5164 28.9089
internal_count=2755 2656 2612 838 665 487 178 1774 366 255 1408 1208 173 200 111 123
is_linear=0
shrinkage=0.08


Tree=16
num_leaves=22
num_cat=0
split_feature=9 22 2 22 11 21 6 20 1 2 5 13 10 23 22 7 21 5 1 1 6
split_gain=6.41096 7.14906 6.56774 8.81089 7.47643 7.12218 5.83571 9.29979 5.25596 11.4283 7.83957 9.55343 5.77811 5.69043 8.29412 7.14873 4.64102 4.3774 7.64794 5.34686 3.60507
threshold=0.46442522842340478 5.6037456999072086 0.0063941238052981015 4.6170398853925372 0.0048503124935689512 9.9137745047192656 0.00083010821699485012 0.62066119500691086 0.049236187434601654 0.018387084281943505 0.0049288960448064011 0.15027086518528679 0.50749825290480832 0.63260645498831414 4.0138666443128566 -0.62608852582405505 10.323879247731293 0.0025406761239919005 -0.0099424816681476982 -0.10848407171036449 0.00076563301419540011
decision_type=2 2 2 2 2 2 2 2 2 2 2 2 2 2 2 2 2 2 2 2 2
left_child=2 8 4 -4 20 -6 -3 -8 12 10 11 -10 13 14 -2 -15 -9 18 19 -5 -1
right_child=1 6 3 17 5 -7 7 16 9 -11 -12 -13 -14 15 -16 -17 -18 -19 -20 -21 -22
leaf_value=0.038191842942043301 0.04471111670360662 -0.068923231235728064 0.06104657880349447 0.0037226731024539482 0.1150704035232102 0.03021391057496501 0.040040624793232088 -0.074735611643579447 -0.067608058360324047 0.034371736970718374 0.018337379704619319 -0.008366334671157263 0.056002184978114114 -0.0091532197988866606 -0.0058141795282448663 0.051785519568423609 -0.0099355907116657188 -0.053056410733158102 0.050284430213114288 -0.059463023609908822 -0.024501487317918642
leaf_weight=11.640439897775652 22.470078006386757 17.397816836833954 13.223447769880293 23.510394945740693 11.695712864398958 13.798917442560194 13.792064145207403 13.199897155165674 38.640567675232887 23.071664303541183 17.945689603686333 31.724893569946289 13.224616363644598 20.847857937216759 278.7249319255352 30.120352104306221 15.24121071398258 12.549786627292631 13.901871353387831 13.488816708326345 11.841997385025023
leaf_count=50 91 76 56 96 50 59 57 58 162 94 73 136 54 86 1153 122 66 52 57 56 51
internal_value=-5.7496e-06 -0.00381591 0.0162597 0.00164179 0.0391443 0.069142 -0.0299308 -0.013868 -0.000549654 -0.0157632 -0.0288611 -0.0408984 0.00408795 0.00213844 -0.00204484 0.0268594 -0.0400101 -0.0107384 -0.000304839 -0.019313 0.00657612
internal_weight=662.053 536.402 125.651 76.6743 48.9771 25.4946 59.631 42.2332 476.771 111.383 88.3112 70.3655 365.388 352.163 301.195 50.9682 28.4411 63.4509 50.9011 36.9992 23.4824
internal_count=2755 2228 527 317 210 109 257 181 1971 465 371 298 1506 1452 1244 208 124 261 209 152 101
is_linear=0
shrinkage=0.08


Tree=17
num_leaves=26
num_cat=0
split_feature=4 11 11 5 11 9 20 20 2 9 9 20 21 11 22 4 20 20 11 21 11 19 23 11 0
split_gain=5.82784 9.0035 11.3295 8.20279 7.59045 19.2319 11.3242 8.28341 9.52397 8.07263 8.79437 7.12097 5.73924 10.0214 11.9164 9.06967 7.27688 6.32483 6.62308 10.4258 9.88246 5.29989 6.68494 2.99398 1.43521
threshold=-0.0025727381747869993 0.22565407533237566 0.050159416926641005 -0.0042444289136071992 0.32166977290672644 0.48716550370451833 0.5639200163667154 0.68940124644912404 0.0065026547809707005 0.51745438176915581 0.50821756397929307 0.66280463733206674 9.4570130520747266 -0.44523117734666678 5.3637931845811346 -0.0012681834983797999 0.62488519804449594 0.42986509590558214 -0.29798767035349732 10.154119713181382 -0.082128591576991233 0.3967471425625283 -1.3860406775647001 0.48922933474973346 48.496419076664431
decision_type=2 2 2 2 2 2 2 2 2 2 2 2 2 2 2 2 2 2 2 2 2 2 2 2 2
left_child=1 2 11 -3 12 7 24 8 -6 10 -8 21 13 16 15 -15 -2 -14 19 -19 -20 22 -1 -10 -7
right_child=4 3 -4 -5 5 6 9 -9 23 -11 -12 -13 17 14 -16 -17 -18 18 20 -21 -22 -23 -24 -25 -26
leaf_value=-0.069335643609262837 -0.020999034306233306 0.093303077623093936 -0.06365719842110934 0.01761996249899506 0.093528300406067133 -0.10357511891790305 -0.036025600993905588 -0.024138235637402777 -0.020046546951292935 -0.072762283057414043 0.045587672089007381 0.058822735261666752 0.051812488155007455 -0.041867030380676143 -0.072317448655749045 0.022034207117927595 -0.099533720934898595 0.033258102728147623 -0.049681928411813077 -0.032827590525117481 0.0044897927320922551 0.027662065031261708 0.014637810174550578 0.033116292421136589 -0.067568036959465103
leaf_weight=12.01871398091316 20.523831844329834 15.370124980807303 14.293488949537275 22.70317430794239 12.451109215617178 14.813415080308916 20.240541756153107 23.794733673334122 12.349405884742739 14.648272499442099 14.506291359663008 17.372763633728027 20.467330172657967 17.371678441762924 12.609345868229864 78.233518674969673 11.946046605706213 82.842688173055649 26.565644130110741 18.733126655220985 114.21385672688484 21.408968091011047 12.252620950341226 15.032472282648085 13.578928038477896
leaf_count=50 85 62 60 94 52 66 85 99 51 65 61 70 86 72 54 323 50 342 111 79 477 87 50 61 63
internal_value=-3.68106e-06 0.0163263 0.000649965 0.0481731 -0.00346254 -0.0194116 -0.0460937 0.0132085 0.035518 -0.0229519 -0.00195326 0.0152277 0.00212704 -0.0109136 0.000782124 0.0104232 -0.0498929 0.00910749 0.00550098 0.0210702 -0.00573262 -0.00135195 -0.0269443 0.0091395 -0.0863544
internal_weight=660.342 115.42 77.3466 38.0733 544.922 141.415 77.7874 63.6277 39.833 49.3951 34.7468 63.0531 403.507 140.684 108.215 95.6052 32.4699 262.823 242.355 101.576 140.78 45.6803 24.2713 27.3819 28.3923
internal_count=2755 473 317 156 2282 603 340 263 164 211 146 257 1679 584 449 395 135 1095 1009 421 588 187 100 112 129
is_linear=0
shrinkage=0.08


Tree=18
num_leaves=18
num_cat=0
split_feature=1 24 11 22 28 2 19 4 15 28 11 11 22 15 3 13 22
split_gain=5.10148 10.5216 7.79341 7.26901 6.68618 6.84712 4.43513 4.21386 10.3573 10.1933 9.89858 10.1712 7.28218 6.45881 6.21519 6.19459 5.44472
threshold=0.095375106712907609 0.00060671083921755016 -1.538522739950585 5.2243087984899583 0.0027467762803640504 0.0095496470739411515 0.34876617125437398 -0.0025727381747869993 -0.0013290308935778499 0.0030564730930463502 0.22565407533237566 0.050159416926641005 5.1730456997253222 -0.0011584875777276497 0.0020521030123017005 0.084811059967132965 5.2590508164486858
decision_type=2 2 2 2 2 2 2 2 2 2 2 2 2 2 2 2 2
left_child=2 4 -1 -3 5 -2 -6 10 14 13 11 15 -12 -10 16 -4 -9
right_child=1 3 7 -5 6 -7 -8 8 9 -11 12 -13 -14 -15 -16 -17 -18
leaf_value=0.055002833266173091 -0.035847071876983154 0.068519635048797115 0.063147837485577327 -0.014734994164268858 -0.037235516367685705 0.039169436884893341 -0.097677204963762157 -0.078051178038352223 0.059935316672443915 -0.050362723247887396 0.086320703632287415 -0.062291993180385384 0.011213942025325965 0.0038972170689923055 0.013881696359179298 -0.00027240255527254288 -0.023862004522149739
leaf_weight=17.77560456097126 21.8922970443964 12.855860441923143 12.65826630592346 14.043765813112257 21.006419539451599 12.086081698536871 12.33075776696205 19.770795077085495 13.689772114157675 21.750068351626396 17.907417491078377 14.010172992944716 15.338893577456473 342.29533691704273 14.597424060106276 44.537809506058693 29.682631075382233
leaf_count=74 96 52 51 58 89 51 53 83 56 92 73 59 63 1436 60 183 126
internal_value=-5.67242e-06 -0.0172376 0.00287282 0.025054 -0.0341376 -0.00916376 -0.0595917 0.00117641 -0.00224017 0.00280384 0.015627 -0.0012009 0.0516686 0.00605222 -0.0319868 0.0137634 -0.0455261
internal_weight=658.229 94.2152 564.014 26.8996 67.3156 33.9784 33.3372 546.239 441.786 377.735 104.453 71.2062 33.2463 355.985 64.0509 57.1961 49.4534
internal_count=2755 399 2356 110 289 147 142 2282 1853 1584 429 293 136 1492 269 234 209
is_linear=0
shrinkage=0.08


Tree=19
num_leaves=25
num_cat=0
split_feature=9 12 20 13 24 16 28 4 0 4 26 12 20 20 13 13 26 2 12 12 11 13 15 11
split_gain=5.29148 8.49045 6.80674 7.27598 15.2015 11.1591 8.26461 5.58561 4.96322 7.17481 5.57858 5.92186 6.61733 5.49993 6.46213 5.41822 4.68038 4.45885 11.2418 8.16939 4.21864 4.05261 3.33887 4.89487
threshold=0.50583085258803417 -0.1517891077355781 0.5639200163667154 0.14276824498108667 -8.0877329520477506e-05 1.0000000180025095e-35 0.0028186978239801504 9.2118487811071391e-05 19.06126867063865 -0.0024006642243586999 0.00050201239716845018 0.42776418565801061 0.62852670271046496 0.66731735230948364 0.22347419142744376 0.11783245371510091 0.0020877854764411005 0.011980735512343002 3.4926759790022039 1.0797588576533632 0.14558344634004558 0.12749894141342841 -0.0013290308935778499 0.3591688587647317
decision_type=2 2 2 2 2 2 2 2 2 2 2 2 2 2 2 2 2 2 2 2 2 2 2 2
left_child=8 7 21 6 -5 -6 20 -2 -1 13 11 -11 -13 14 15 -10 -16 18 -12 -19 -4 -3 -23 -24
right_child=1 2 3 4 5 -7 -8 -9 9 10 17 12 -14 -15 16 -17 -18 19 -20 -21 -22 22 23 -25
leaf_value=-0.034791830603509169 -0.0041171239749956861 -0.0063948149264263215 -0.088330014531761772 0.06728042015588942 -0.053858033378093195 0.025881450837584797 0.013142092986984731 0.059515242562467742 0.020221834821225505 0.069459508534276918 -0.0009599057833086863 0.037012505974092003 -0.039474845001410061 0.068553093768151441 0.074377967902800241 -0.050818123491165157 0.011372700194702007 0.00086237896033199179 0.07409703766349042 -0.055693072817385225 -0.024889980957954385 -0.0240951089909359 -0.040538973998743622 -0.11496914864258956
leaf_weight=19.634484246373177 20.117466047406197 12.763972505927084 15.260969027876856 19.657402977347374 24.296683087944984 20.888768553733826 15.232722103595732 15.733280986547468 15.81202055513859 14.842252686619757 242.29057177901268 19.03033430874348 11.683421805500982 17.2015430778265 15.021711543202402 12.151769146323202 15.162291824817656 44.936429783701897 13.481949046254156 25.692359566688538 11.970630809664724 11.478474810719488 11.522484228014948 11.10473822057247
leaf_count=82 84 55 66 79 103 89 63 64 64 61 1006 82 50 71 61 51 63 184 58 108 52 51 52 56
internal_value=-4.89191e-06 -0.0112595 -0.0194138 -0.00830459 0.00855327 -0.0169953 -0.0340465 0.0238083 0.0045753 0.00630331 0.00174309 0.0279677 0.00791694 0.0288146 0.0170589 -0.0106488 0.0427286 -0.00191708 0.0029964 -0.0197106 -0.0604427 -0.044848 -0.059239 -0.077067
internal_weight=656.969 190.028 154.177 107.307 64.8429 45.1855 42.4643 35.8507 466.941 447.307 371.957 45.556 30.7138 75.3493 58.1478 27.9638 30.184 326.401 255.773 70.6288 27.2316 46.8697 34.1057 22.6272
internal_count=2755 814 666 452 271 192 181 148 1941 1859 1549 193 132 310 239 115 124 1356 1064 292 118 214 159 108
is_linear=0
shrinkage=0.08


Tree=20
num_leaves=19
num_cat=0
split_feature=9 15 0 13 24 24 9 23 28 18 13 11 9 11 21 0 13 2
split_gain=4.93213 5.72446 5.12249 10.9859 4.02992 5.04227 12.3626 10.9787 6.73682 6.63876 5.56627 4.7951 8.2851 5.96254 3.9315 6.58845 3.74185 2.27786
threshold=0.46442522842340478 0.0019159439656070002 46.850929952239078 0.17165465264464214 0.00077137143673170015 0.000112465252094 0.5114412514502632 1.4890894222477786 0.0026515477498494006 1.0000000180025095e-35 0.1034852633053349 0.63901898743930607 0.48737812503748873 0.50797250767143154 9.3070144158503485 30.150369853307762 0.099454401982199223 0.0072248012001372005
decision_type=2 2 2 2 2 2 2 2 2 2 2 2 2 2 2 2 2 2
left_child=1 2 14 16 5 7 8 11 -7 17 -10 13 -13 -2 -1 -16 -4 -8
right_child=4 -3 3 -5 -6 6 9 -9 10 -11 -12 12 -14 -15 15 -17 -18 -19
leaf_value=-0.020487952271870707 -0.0025071721357978454 -0.022569182342480478 0.047879231951195519 -0.0031041326605018068 0.035042129796973222 -0.051362961095756471 -0.053108348785468398 0.066676089570106054 -0.027505062272656776 -0.093286157231392955 0.018684189238978088 0.073946644431957656 -0.016265313327878454 -0.047605193419372922 -0.024515176928894298 0.04807075454745191 0.10902799978232486 -0.0016247187652754446
leaf_weight=21.576298445463181 313.64457672834396 22.074465572834015 13.544159010052683 19.276991173624992 16.929986536502838 15.411267474293707 10.75579370558262 15.252000018954275 22.914401099085808 17.045683711767197 61.549628764390945 13.499321892857553 12.594190463423727 19.956565782427788 12.262396976351736 23.040702521800995 12.149837657809256 11.255902111530302
leaf_count=91 1305 92 61 82 70 66 50 62 95 75 259 56 56 84 51 99 51 50
internal_value=-6.47745e-06 0.0143638 0.0223684 0.0425456 -0.00336142 -0.00462664 -0.017645 0.000197169 -0.00272165 -0.055806 0.00615342 -0.00262171 0.0304053 -0.00520501 0.00641559 0.0228583 0.0767945 -0.0267817
internal_weight=654.734 123.925 101.85 44.971 530.809 513.879 138.933 374.947 99.8753 39.0574 84.464 359.695 26.0935 333.601 56.8794 35.3031 25.694 22.0117
internal_count=2755 527 435 194 2228 2158 595 1563 420 175 354 1501 112 1389 241 150 112 100
is_linear=0
shrinkage=0.08


Tree=21
num_leaves=19
num_cat=0
split_feature=9 22 4 20 7 0 3 6 2 9 12 23 19 19 15 3 15 20
split_gain=4.20403 5.97031 7.40623 5.18178 6.39091 4.90238 4.70789 12.3142 7.17755 6.87351 7.29681 6.29589 7.9146 4.57694 4.75138 4.36798 4.10254 2.93766
threshold=0.46442522842340478 5.6037456999072086 9.2118487811071391e-05 0.7451887307804913 -0.69836099919990302 64.018164253168322 0.00084295144115220015 0.00065670877246725009 0.0043945498134509509 0.46888925707901885 3.4117786426974983 0.035731261936759705 0.2203417427788423 0.2562413900545279 0.00046712386545710003 0.0019000596156147503 -0.00082943670315934988 0.60786424152621865
decision_type=2 2 2 2 2 2 2 2 2 2 2 2 2 2 2 2 2 2
left_child=3 6 -3 4 -1 -4 8 -8 11 -9 -11 12 -2 15 16 -6 -15 -13
right_child=1 2 5 -5 13 -7 7 9 -10 10 -12 17 -14 14 -16 -17 -18 -19
leaf_value=0.053247695148972929 -0.071543574759157305 -0.071652168540165456 0.018694422996117559 0.055702777019797936 -0.0057944469912976741 -0.03636961200706626 0.075193441546343526 -0.048591369708442911 -0.06654670599588787 -0.00044856387275456113 0.040939168931568508 0.050701369111140961 0.0084230933748417579 -0.022005188230075818 -0.050592498199030639 0.04582987229167701 0.037982699090718844 -0.002854460327411643
leaf_weight=16.203768312931061 15.109538659453394 17.018571376800537 20.604228168725967 16.045386224985123 22.750235050916672 20.788079142570496 14.697077900171278 17.373530551791191 15.76138862967491 336.0139971524477 29.670067936182022 12.82983021438122 16.649956494569778 18.920987412333492 18.019438490271568 19.463429853320122 11.876007825136183 13.402413323521612
leaf_count=73 67 79 86 70 99 92 60 73 69 1399 126 53 68 79 76 80 50 56
internal_value=-4.53603e-06 -0.00310011 -0.0272259 0.0133018 0.0069574 -0.00895988 -0.000111381 0.00333086 -0.0186756 0.000573649 0.00290946 -0.00566482 -0.0296209 -0.00128248 -0.0179637 0.0180079 0.00112748 0.023339
internal_weight=653.198 529.919 58.4109 123.279 107.234 41.3923 471.508 397.755 73.7531 383.058 365.684 57.9917 31.7595 91.0301 48.8164 42.2137 30.797 26.2322
internal_count=2755 2228 257 527 457 178 1971 1658 313 1598 1525 244 135 384 205 179 129 109
is_linear=0
shrinkage=0.08


Tree=22
num_leaves=16
num_cat=0
split_feature=1 2 11 0 19 12 11 20 12 22 14 12 12 11 8
split_gain=4.40768 9.62242 6.43908 4.43638 6.45293 13.9824 8.94183 8.40963 8.35098 12.8755 5.10404 3.70361 6.51161 8.8785 2.38653
threshold=0.10719292505389426 0.0095496470739411515 -1.538522739950585 19.658366999654955 0.40333748638201755 -0.053233408749633941 -0.77285305186496156 0.72159813690910168 0.94006393127861176 5.4904117109859039 -0.00075195000701164998 1.3951170588645481 0.56154461541132494 0.20251158677688921 -0.0014112343869627497
decision_type=2 2 2 2 2 2 2 2 2 2 2 2 2 2 2
left_child=2 -2 -1 10 5 7 -7 -5 9 -6 -4 12 13 -3 -10
right_child=1 11 3 4 8 6 -8 -9 14 -11 -12 -13 -14 -15 -16
leaf_value=0.049984619980213509 -0.070770649451098164 0.023902906693646121 0.0059164373920941619 0.033775172273522558 0.024038393330023954 -0.046632303706461306 -0.0048998159612073117 -0.023752192588234747 0.037706684092958923 -0.071090846900520463 -0.065477996414028017 -0.043377965908981277 0.050354615938988878 -0.058408636951415141 0.082788814198869201
leaf_weight=17.654985457658768 17.15332368016243 18.840856239199638 12.211257085204126 90.04803740978241 42.035998746752739 36.926579833030701 298.3239814043045 19.847938746213913 19.289334833621982 11.623700037598608 13.486545503139494 11.696582928299902 15.136136859655378 15.115263953804968 12.311861455440519
leaf_count=75 76 78 50 373 174 156 1271 86 79 50 57 52 63 64 51
internal_value=-4.59877e-06 -0.0178551 0.00242029 0.000910237 0.00248302 -0.00137876 -0.00949649 0.0233854 0.0226453 0.00343161 -0.0315523 -0.0029234 0.00671519 -0.0127373 0.0552707
internal_weight=651.702 77.9422 573.76 556.105 530.407 445.147 335.251 109.896 85.2609 53.6597 25.6978 60.7888 49.0923 33.9561 31.6012
internal_count=2755 333 2422 2347 2240 1886 1427 459 354 224 107 257 205 142 130
is_linear=0
shrinkage=0.08


Tree=23
num_leaves=19
num_cat=0
split_feature=19 17 12 4 28 1 1 6 2 19 22 19 20 28 9 20 13 13
split_gain=3.93989 7.48088 9.59891 10.9906 5.3858 8.75296 7.12411 4.75703 12.9046 6.2852 6.5033 5.94531 5.71722 4.95933 4.52872 4.14796 5.66283 8.04549
threshold=0.15695862699841637 0.90000000000000013 0.20103199973751848 -0.00021472294351084997 0.0026172143937318003 0.028352605921860105 -0.00068528726354339991 0.00066678073514320018 0.0037382969518247005 0.25225701673505102 4.3268106262860337 0.26357654622167287 0.61476253118072621 0.0031637907383468005 0.51540386675281014 0.57515135203616696 0.42055851345428064 0.21447018640749424
decision_type=2 2 2 2 2 2 2 2 2 2 2 2 2 2 2 2 2 2
left_child=1 2 3 -1 5 6 -2 8 -6 10 -9 -11 -12 -13 -3 -4 17 -17
right_child=4 14 15 -5 7 -7 -8 9 -10 11 12 13 -14 -15 -16 16 -18 -19
leaf_value=-0.022420326753479252 -0.040874674521023703 -0.014415411928707661 -0.055860267865523935 0.076851977281119158 -0.027383975483227081 -0.08242395757509563 0.034258999737864337 0.069716622038032083 0.070314540190199851 -0.057346954908283378 0.023479996282673766 -0.0067854142524236185 -0.0050610082894769403 0.02550712144283801 -0.082362310842439168 -0.02511215539439764 -0.054627665028394862 0.060708301089701051
leaf_weight=12.383937492966654 15.726290121674536 11.388158187270166 16.198430895805359 16.847741693258286 14.010267525911329 11.94613805413246 16.604945242404938 12.529884889721869 22.626796513795853 13.190775379538534 95.917055010795593 216.80800621211529 84.482080340385437 35.40748330950737 13.990340128540991 16.492876842617992 11.7819856852293 12.135175645351408
leaf_count=54 67 49 78 68 59 53 71 54 96 56 399 915 354 147 64 70 51 50
internal_value=-4.35002e-06 -0.013714 -0.0024325 0.0347955 0.00282322 -0.0239081 -0.0022869 0.00521444 0.0329539 0.00299708 0.013985 -0.00499024 0.0101141 -0.002252 -0.0518723 -0.0216564 -0.00794575 0.0112664
internal_weight=650.468 111.219 85.8401 29.2317 539.25 44.2774 32.3312 494.972 36.6371 458.335 192.929 265.406 180.399 252.215 25.3785 56.6085 40.41 28.6281
internal_count=2755 484 371 122 2271 191 138 2080 155 1925 807 1118 753 1062 113 249 171 120
is_linear=0
shrinkage=0.08


Tree=24
num_leaves=29
num_cat=0
split_feature=1 24 9 12 21 13 0 1 28 9 9 18 12 1 13 16 0 7 9 9 24 1 11 11 19 15 4 20
split_gain=3.93226 6.72971 10.5857 6.2024 13.1226 12.9632 5.6605 5.94821 5.59183 5.38459 11.2011 5.20356 5.07139 8.22952 7.73852 12.0413 9.08528 7.18918 6.99574 6.21783 6.16919 5.93179 5.44234 6.40629 4.5296 8.20926 4.33183 2.70656
threshold=0.049236187434601654 6.4400139334915113e-05 0.50860348973330227 0.52844382180622118 9.9773752544524701 0.14706008862423517 73.018847844082032 0.072035795425371363 0.0026683794001107005 0.4930729533026868 0.47893831702453232 1.0000000180025095e-35 0.25887108056038977 -0.012760458535510048 0.065868828112544756 1.0000000180025095e-35 31.652653468314586 -0.63646753830299752 0.50000000000653422 0.4842607031172052 2.295715090449526e-05 -0.0023903100494989996 0.63901898743930607 -0.31661138159843588 0.17001940835818052 0.0010005614179037501 0.0013515051648155002 0.63622026060931147
decision_type=2 2 2 2 2 2 2 2 2 2 2 2 2 2 2 2 2 2 2 2 2 2 2 2 2 2 2 2
left_child=1 12 9 4 8 -5 7 -7 -2 10 -3 -4 14 22 18 17 -17 -16 19 -1 21 -15 23 -14 -10 -26 -6 -9
right_child=3 2 11 5 26 6 -8 27 24 -11 -12 -13 13 20 15 16 -18 -19 -20 -21 -22 -23 -24 -25 25 -27 -28 -29
leaf_value=-0.0095883820060577649 0.036732414389884741 0.069664693343811743 0.015668789502353765 0.084176408466774683 -0.10826663107371863 0.021439010107221157 0.025056084432216283 -0.025911295822145637 -0.06297112237211494 0.093151453881619078 -0.026126528369013 -0.054767113423983028 0.013765181511453799 -0.055324673670205327 0.093176327722677393 -0.067801209325703896 0.025504676568236805 0.029426688680623425 0.022857810448506505 -0.082172606276118665 -0.07245177890609221 0.0056151532564126362 0.044326722288394828 -0.016598025686135595 0.030771390528870776 -0.042889336484680615 -0.040269851163729331 -0.075517628929387945
leaf_weight=20.52305243909359 14.879173219203947 20.027790546417236 16.476880177855492 11.544459775090216 12.45291715860367 12.687250986695288 22.222321212291718 19.615106493234638 11.589149996638296 12.986409321427343 12.80911612510681 11.327336460351946 79.555869370698929 16.078548207879066 14.245147824287413 13.228578627109529 13.489260569214819 55.162861436605453 21.107041507959366 11.952079460024832 17.726307541131973 28.068293556571007 16.855154380202293 100.84669774770737 19.416505709290504 19.315961614251137 11.564678102731703 10.979308128356932
leaf_count=86 65 86 72 47 57 55 97 86 50 52 53 51 331 70 60 56 55 228 88 50 78 122 72 427 80 81 50 50
internal_value=-5.3841e-06 0.00365096 0.0259153 -0.0106152 -0.0249741 0.00601172 -0.00776407 -0.0246151 -0.00635283 0.0495441 0.0322982 -0.0130265 -0.000358615 -0.00713098 0.0113637 0.0249433 -0.0206931 0.0425105 -0.0129979 -0.0363021 -0.0325866 -0.0165795 0.000853597 -0.00320813 -0.0190923 -0.00596337 -0.0755256 -0.0437133
internal_weight=648.733 482.466 73.6275 166.267 89.2184 77.0484 65.504 43.2817 65.2008 45.8233 32.8369 27.8042 408.839 259.131 149.708 96.1258 26.7178 69.408 53.5822 32.4751 61.8731 44.1468 197.258 180.403 50.3216 38.7325 24.0176 30.5944
internal_count=2755 2037 314 718 383 335 288 191 276 191 139 123 1723 1100 623 399 111 288 224 136 270 192 830 758 211 161 107 136
is_linear=0
shrinkage=0.08


Tree=25
num_leaves=22
num_cat=0
split_feature=20 9 11 6 22 9 11 22 20 11 4 13 6 22 21 6 6 12 4 21 22
split_gain=3.78499 8.36559 10.0565 11.5118 8.9695 7.11978 6.40277 6.87362 7.63899 6.17847 7.16655 9.82839 5.01484 4.77207 9.71909 8.46313 6.78553 6.62512 5.47381 3.3213 3.29067
threshold=0.53686256004504185 0.49290063840122983 -0.53084880956430636 0.0017990713284884001 5.4936260087568352 0.48052948080210894 0.32391733388064536 5.4877104786901763 0.49248859653791482 -1.538522739950585 0.0036439408638741003 0.19068962042047413 0.0012195459722985002 5.4514595185217027 9.8098652829262623 0.00065670877246725009 0.00049849312506905009 -0.35807517768072866 7.8434000118537031e-05 9.8788364090329157 5.1814509965583406
decision_type=2 2 2 2 2 2 2 2 2 2 2 2 2 2 2 2 2 2 2 2 2
left_child=1 2 -1 4 5 -4 7 8 20 -2 13 -12 -8 14 17 16 -15 -11 -17 -16 -3
right_child=9 6 3 -5 -6 -7 12 -9 -10 10 11 -13 -14 15 19 18 -18 -19 -20 -21 -22
leaf_value=-0.046891073314652088 0.051408006814260887 0.0015170406586619235 -0.042588795964356371 0.085086797205086134 0.045027693589668759 0.023625813444460721 -0.10287031564742241 -0.061190940304342391 -0.042901527712883934 -0.05504054638368934 0.0021556526909116969 -0.081956159366265185 -0.02857741066863545 -0.0029519320820928074 0.069793393833376752 -0.036471787985717125 0.069256894606974609 0.0071369927633219126 -0.0011390062763747878 0.027517116949956177 0.060318222854065316
leaf_weight=19.043652832508087 16.778756156563759 12.409173712134363 26.898637294769287 13.520364478230475 22.613414824008942 16.93694880604744 11.36474557220936 14.710048109292982 14.532369256019591 11.585219785571097 22.022046267986298 14.910948187112806 11.907540276646612 19.15095342695713 18.204187959432602 51.223008021712303 14.738751485943792 205.68418182432652 62.060724809765816 34.30528599023819 11.963174447417257
leaf_count=82 72 52 112 55 97 69 54 68 64 49 91 65 58 83 76 224 62 865 264 143 50
internal_value=-6.42724e-06 -0.0100188 0.00535511 0.0177969 0.00410538 -0.0170052 -0.029817 -0.0146072 0.00300637 0.00373549 0.00197318 -0.0318028 -0.0648575 0.004965 0.0112864 -0.00662249 0.0284519 0.00382157 -0.0171153 0.0421736 0.0303796
internal_weight=646.564 175.9 99.013 79.9694 66.449 43.8356 76.8871 53.6148 38.9047 470.664 453.885 36.933 23.2723 416.952 269.779 147.173 33.8897 217.269 113.284 52.5095 24.3723
internal_count=2755 761 415 333 278 181 346 234 166 1994 1922 156 112 1766 1133 633 145 914 488 219 102
is_linear=0
shrinkage=0.08


Tree=26
num_leaves=14
num_cat=0
split_feature=3 6 1 28 12 9 24 9 24 2 6 0 9
split_gain=3.78027 6.54198 3.89504 7.43035 5.49564 5.93255 5.37609 5.38293 5.26013 4.75519 14.4796 8.83831 4.68209
threshold=0.00040989867690480007 0.0004174170924066501 0.046509623911219905 0.0026266259322330504 -0.32529627765673708 0.51192652901404911 6.1223812998988084e-05 0.50860348973330227 0.000112465252094 0.012765023749204052 0.0016299215131200002 44.391276207819303 0.4930729533026868
decision_type=2 2 2 2 2 2 2 2 2 2 2 2 2
left_child=-1 -2 6 -4 -5 -6 9 12 -9 11 -11 -3 -8
right_child=1 2 3 4 5 -7 7 8 -10 10 -12 -13 -14
leaf_value=0.04883900842327174 -0.063624131152283991 0.015625385141765442 -0.075493977563793974 -0.054744025179207408 0.0068636327046480419 -0.033347443247283712 0.025338871718501611 0.029649222891438273 -0.043662873013788961 -0.0945129216827853 -0.0015391260614977819 -0.011944502508924265 0.084116558899524879
leaf_weight=9.9827235341072065 10.425943791866301 190.72576250135899 10.429684951901434 13.435868501663206 116.08829829096794 29.435848146677017 29.182257816195488 13.626352965831758 11.592205464839934 12.946732535958288 62.345014706254005 122.03387176990509 12.341665267944334
leaf_count=44 46 800 48 58 496 136 124 59 53 56 262 523 50
internal_value=-7.98198e-06 -0.000776369 0.000273397 -0.0100817 -0.00578986 -0.00127005 0.00413019 0.0251031 -0.00405012 0.00052297 -0.0175264 0.00486805 0.0428087
internal_weight=644.592 634.61 624.184 169.39 158.96 145.524 454.794 66.7425 25.2186 388.051 75.2917 312.76 41.5239
internal_count=2755 2711 2665 738 690 632 1927 286 112 1641 318 1323 174
is_linear=0
shrinkage=0.08


Tree=27
num_leaves=23
num_cat=0
split_feature=4 25 15 6 6 11 9 12 2 13 25 22 15 9 6 20 4 0 20 0 24 21
split_gain=3.71442 6.8123 6.37402 9.99755 7.99662 7.2714 11.5877 5.89305 7.89483 7.34873 5.75962 5.55847 5.42478 5.76389 5.05378 5.40791 5.29522 6.36894 4.94172 4.84021 3.29399 2.47054
threshold=-0.0025727381747869993 0.00015103157304515003 -0.0013290308935778499 0.0012902280158218502 0.0012832340311870001 0.51555477945814776 0.48832541573325433 0.54576934973598112 0.0070350284674346513 0.30883509291567085 0.0016296530732242004 5.2675555137012262 -0.0011584875777276497 0.46233683141061882 0.0022844575542925005 0.67786700340714356 -0.0032207703908356997 35.249023436458167 0.55830000640038258 40.240079503206182 0.00018725078920105002 10.037134843972312
decision_type=2 2 2 2 2 2 2 2 2 2 2 2 2 2 2 2 2 2 2 2 2 2
left_child=1 14 4 10 11 7 -7 8 -5 -9 12 -2 -4 -14 15 16 17 -1 -3 -6 -21 -13
right_child=2 18 3 5 19 6 -8 9 -10 -11 -12 21 13 -15 -16 -17 -18 -19 -20 20 -22 -23
leaf_value=0.012007741046218353 -0.095859091158407475 -0.061311041335332633 0.063033600389727329 0.027723922357793813 -0.038662526931064756 -0.0060678846486645821 -0.11326753526824983 0.032310110398532751 -0.032705615600490873 -0.019242507365065338 0.064825895448383908 -0.0061796992864010282 0.032967675966589172 0.00015427403736942633 0.059979607797124398 0.053645792032070434 0.045343513723573016 -0.056521667447031514 0.0071316250635295531 0.050115440878114405 -0.0066132587736297587 -0.056355386843731925
leaf_weight=21.987306863069534 11.904162734746931 11.504396229982378 11.028272926807402 17.191320493817329 13.151712164282797 14.922616109251978 11.370847344398497 40.775409936904907 70.901687681674957 31.26631423830986 12.013621315360067 13.487716972827913 41.191204950213432 203.61858004331589 19.685880780220032 16.282200291752815 12.487853676080702 14.340276792645453 16.342370748519897 12.678299173712732 13.554312124848364 11.753025352954863
leaf_count=92 52 50 46 74 55 63 57 169 302 134 50 58 184 875 83 68 51 61 68 52 59 52
internal_value=-9.36266e-06 0.0131861 -0.00280925 0.000788905 -0.024168 -0.0134366 -0.0524273 -0.00703443 -0.0209128 0.00993613 0.01069 -0.0507962 0.0081479 0.00567539 0.0244617 0.0137209 0.000404067 -0.0150442 -0.0211442 0.000946111 0.0208039 -0.0295434
internal_weight=643.439 112.63 530.809 454.28 76.5292 186.428 26.2935 160.135 88.093 72.0417 267.852 37.1449 255.838 244.81 84.7835 65.0976 48.8154 36.3276 27.8468 39.3843 26.2326 25.2407
internal_count=2755 473 2282 1954 328 799 120 679 376 303 1155 162 1105 1059 355 272 204 153 118 166 111 110
is_linear=0
shrinkage=0.08


Tree=28
num_leaves=14
num_cat=0
split_feature=3 6 1 20 6 9 11 24 9 13 13 9 3
split_gain=3.12091 7.50394 3.6769 10.0362 9.14824 8.9141 8.23035 8.21441 6.00032 6.49397 5.79037 4.66254 1.40478
threshold=0.00040989867690480007 0.00039410021437980008 -0.012760458535510048 0.52304679778233298 0.00065670877246725009 0.49857431100900712 -0.49894365080120429 -5.132102941766253e-06 0.46442522842340478 0.15547217227719937 0.034659959716029157 0.46888925707901885 0.0017423092341613002
decision_type=2 2 2 2 2 2 2 2 2 2 2 2 2
left_child=-1 -2 4 5 -3 6 -4 10 9 -5 -6 -10 -9
right_child=1 2 3 8 7 -7 -8 12 11 -11 -12 -13 -14
leaf_value=0.044544908749378019 -0.075100496197727032 0.055215538174715285 -0.07278406106283615 0.060126044364502702 0.051725625447440693 -0.078453945593149693 0.0047114424824912481 0.02804508281053613 -0.054136530369146903 -0.0029897632078449703 -0.0040761471848808975 -0.0010773728886501978 0.066689285013735861
leaf_weight=9.9057271927595121 8.5606962591409665 22.809187456965446 11.645191475749014 21.353582188487053 12.487620860338209 19.729147881269455 35.535622656345367 12.0588346272707 11.22384339570999 20.40062353014946 253.42430178821087 190.52246625721455 12.022483646869658
leaf_count=44 38 98 51 100 51 99 149 50 48 87 1070 820 50
internal_value=-1.1383e-05 -0.000709992 0.000311865 -0.00585663 0.00643319 -0.0332983 -0.014416 0.00259626 0.0016839 0.0292884 -0.00145561 -0.00402924 0.047338
internal_weight=641.679 631.774 623.213 310.41 312.802 66.91 47.1808 289.993 243.501 41.7542 265.912 201.746 24.0813
internal_count=2755 2711 2673 1354 1319 299 200 1221 1055 187 1121 868 100
is_linear=0
shrinkage=0.08


Tree=29
num_leaves=26
num_cat=0
split_feature=4 0 14 28 28 15 6 6 28 5 6 13 15 0 28 22 6 22 18 13 0 13 22 20 22
split_gain=3.23871 6.94947 5.81811 6.7887 7.69806 5.26762 8.27395 6.97835 5.7463 10.2665 8.61234 10.6319 7.11566 5.27023 5.23688 4.90804 4.72356 6.92076 4.65943 4.52953 7.4656 4.78226 3.79584 2.2927 2.16899
threshold=-0.0025727381747869993 46.850929952239078 0.00015103157304515003 0.0032163090052394002 0.0028387225914466006 -0.0013290308935778499 0.0012902280158218502 0.0012832340311870001 0.0028433544745788005 -0.0029159182973611496 0.0022971451436717004 0.080828842725251759 0.0015760259300140501 57.092391962337956 0.0026236095769461005 5.2675555137012262 0.00065670877246725009 5.4652208895690331 1.0000000180025095e-35 0.21219329201211326 60.298324790818675 0.42055851345428064 5.2590508164486858 0.61200966260179268 5.4859115588208036
decision_type=2 2 2 2 2 2 2 2 2 2 2 2 2 2 2 2 2 2 2 2 2 2 2 2 2
left_child=1 2 3 4 22 7 14 15 9 -8 12 -12 -10 -11 19 -2 23 -18 -9 20 -7 -21 -1 -16 -17
right_child=5 -3 -4 -5 -6 6 8 18 10 13 11 -13 -14 -15 16 24 17 -19 -20 21 -22 -23 -24 -25 -26
leaf_value=0.0033663627974362688 -0.089877565224920006 0.051615407735666245 -0.033238196746159819 0.067109529642304447 -0.036302500104263717 -0.0024855483227183557 0.040423795538164047 0.034359539117909642 0.049147583948157658 -0.058261924875955169 0.038602621795219644 -0.047552568487478103 -0.0088790730442598487 -0.014617552502774651 0.025926110235464473 -0.005893361706463084 0.027843209410472067 -0.0044190134449605626 -0.021653526615509292 0.04349626704565699 -0.078384003212713535 -0.01563634970852729 0.058221818346643084 0.075223960546899227 -0.053215663191944138
leaf_weight=19.961663156747818 11.724032685160635 22.932813972234726 22.216044455766678 12.525752663612364 20.911046773195267 24.392367526888847 12.090649604797362 16.121014922857285 29.091950461268425 40.634149849414825 12.493793338537214 34.426448464393616 25.276199579238892 31.383452326059341 12.582551568746569 13.791571795940401 85.584246903657913 84.638987928628922 23.158117443323135 16.33304400742054 12.567775726318358 18.860683038830757 13.555641561746596 11.607491850852965 11.259437426924704
leaf_count=83 52 98 94 53 89 106 50 68 122 178 51 148 109 141 56 59 365 368 98 70 59 82 56 49 51
internal_value=-1.1424e-05 0.0123384 0.00223713 0.0140082 0.00178784 -0.0026334 0.000644398 -0.0221123 -0.0123348 -0.0277907 0.000499534 -0.0246114 0.0221705 -0.0392428 0.00967137 -0.0471566 0.0165025 0.0118017 0.00133546 -0.00873448 -0.0282937 0.0118065 0.0255519 0.0495815 -0.0271629
internal_weight=640.121 112.103 89.1701 66.9541 54.4284 528.018 451.964 76.0542 185.397 84.1083 101.288 46.9202 54.3682 72.0176 266.567 36.775 194.413 170.223 39.2791 72.1539 36.9601 35.1937 33.5173 24.19 25.051
internal_count=2755 473 375 281 228 2282 1954 328 799 369 430 199 231 319 1155 162 838 733 166 317 165 152 139 105 110
is_linear=0
shrinkage=0.08


Tree=30
num_leaves=15
num_cat=0
split_feature=15 13 24 8 1 5 2 24 6 4 12 12 13 13
split_gain=3.06581 6.36267 4.23178 7.0689 4.57007 8.36962 10.5618 12.1862 6.00314 9.70109 5.79726 10.5739 7.29053 3.28699
threshold=-0.0041591661010614489 0.14184439486580966 -0.00050697020363344987 -0.0052729894917434997 -0.012760458535510048 -0.00040803618694359994 0.012765023749204052 -0.00015620110223264996 0.0019546973176809506 0.00054894150427960012 -0.45702942813931141 -0.34811815055988621 0.18207336528748527 0.30286106463714385
decision_type=2 2 2 2 2 2 2 2 2 2 2 2 2 2
left_child=1 -1 3 -2 5 6 7 -4 9 -7 -6 -12 -13 -3
right_child=2 13 4 -5 10 8 -8 -9 -10 -11 11 12 -14 -15
leaf_value=-0.024638329004603738 0.0036191806946153037 0.076366709506566779 0.019432519941663017 -0.070277992341679044 0.052411581720514182 0.053892518378808534 -0.069983261276075792 -0.026500785839948186 0.079957903388293769 -0.010564038941395409 -0.08899204685610991 0.0063014134717989069 -0.018963116222885892 0.017520828560565874
leaf_weight=12.204924672842024 18.791440784931183 11.830856218934061 113.09272044897079 14.817262575030325 10.44251589477062 28.696678951382637 13.167960003018377 54.914396792650223 13.183343186974524 31.182420924305916 10.02822135388851 157.10321471095085 136.71143294870853 12.486860975623129
leaf_count=52 80 50 474 63 44 122 57 235 55 133 45 685 608 52
internal_value=-1.14102e-05 0.0224944 -0.00137651 -0.0289603 0.000254125 0.00822893 -0.000988739 0.00441887 0.0310862 0.0203264 -0.006197 -0.00821127 -0.00545413 0.04615
internal_weight=638.654 36.5226 602.132 33.6087 568.523 254.238 181.175 168.007 73.0624 59.8791 314.285 303.843 293.815 24.3177
internal_count=2755 154 2601 143 2458 1076 766 709 310 255 1382 1338 1293 102
is_linear=0
shrinkage=0.08


Tree=31
num_leaves=21
num_cat=0
split_feature=11 15 14 20 14 1 5 14 11 19 11 3 3 6 21 11 20 20 11 8
split_gain=3.04251 3.52277 6.6911 5.36508 6.03203 8.74267 10.2799 5.26672 5.10748 12.7461 8.24171 9.43913 9.08802 4.2349 9.64121 8.17991 5.01218 4.78415 2.78634 2.27158
threshold=-1.538522739950585 0.0011038068769349001 -0.00031614764936124996 0.53686256004504185 0.0004906181974334001 -0.022669868674149947 -0.0023381054025537998 -0.00030045627991104996 -0.80288140698752108 0.23270923763386811 -0.31661138159843588 0.0011227755235093003 0.0010479268950565003 0.0012902280158218502 9.9137745047192656 0.17954594671543342 0.51765117472940192 0.63327633774834791 0.24501505683676048 -0.00061142043253234989
decision_type=2 2 2 2 2 2 2 2 2 2 2 2 2 2 2 2 2 2 2 2
left_child=-1 3 18 4 5 6 -2 -7 9 -5 12 -12 -10 14 -4 -16 -15 -18 -3 -6
right_child=1 2 13 8 19 7 -8 -9 10 -11 11 -13 -14 16 15 -17 17 -19 -20 -21
leaf_value=0.028561637371298462 -0.0096122189129535466 -0.023939753436515013 0.060432719315651327 -0.088382618373629443 -0.071652605604444392 -0.054902373421869176 0.060894122044651305 -0.0027456728359035332 0.077120976161558372 0.024991658863844232 -0.013853950514712504 0.017343111348067899 0.012491608027155867 0.026985321012795077 -0.058647908833880477 0.023081189007623789 -0.05278477777123234 -0.0072559156348994862 -0.079497411756373065 -0.022194269627919875
leaf_weight=22.992197647690773 33.081889614462852 11.691228047013285 17.947318613529205 11.678568303585054 12.394766569137575 23.741746619343758 22.059732779860497 25.916757121682167 22.659962549805641 13.900014311075209 107.4393063634634 146.99056255817413 36.122528329491615 13.753266051411627 14.002786830067636 17.800521269440651 25.601577714085579 34.916268169879913 11.421226277947424 11.418495818972586
leaf_count=99 141 50 75 51 55 110 94 119 94 59 477 621 151 59 60 78 110 149 53 50
internal_value=-1.02975e-05 -0.00107928 -0.0118749 0.00231907 -0.0115918 -0.0033332 0.0185943 -0.0276818 0.00759998 -0.0267723 0.010407 0.00416938 0.0374055 -0.00451016 0.0135522 -0.0129036 -0.0166092 -0.0265165 -0.0513941 -0.0479373
internal_weight=637.531 614.539 147.134 467.404 128.613 104.8 55.1416 49.6585 338.791 25.5786 313.212 254.43 58.7825 124.022 49.7506 31.8033 74.2711 60.5178 23.1125 23.8133
internal_count=2755 2656 634 2022 569 464 235 229 1453 110 1343 1098 245 531 213 138 318 259 103 105
is_linear=0
shrinkage=0.08


Tree=32
num_leaves=20
num_cat=0
split_feature=0 0 0 4 20 13 22 21 14 20 24 8 6 0 9 1 1 9 14
split_gain=3.26252 5.52326 5.33071 4.64052 7.356 6.64068 6.33429 5.22596 8.54054 7.89756 5.41187 7.49387 6.2765 7.533 5.67131 5.18603 4.9273 4.24443 3.85864
threshold=24.892185276771396 22.171548242829754 19.06126867063865 -0.0025727381747869993 0.67786700340714356 0.21711430229216408 5.0710319301012996 8.72340917773362 -0.00041989463210454994 0.7451887307804913 -0.00015620110223264996 -0.0016944822641604999 0.0011126253549010503 36.185583751700669 0.46218647016546632 -0.0074168437079435495 -0.12711669664589911 0.51204814107975782 7.2316074672532362e-05
decision_type=2 2 2 2 2 2 2 2 2 2 2 2 2 2 2 2 2 2 2
left_child=1 2 -1 4 5 15 -7 8 -5 18 12 -12 13 -9 -13 16 -2 -14 -10
right_child=3 -3 -4 7 -6 6 -8 10 9 -11 11 14 17 -15 -16 -17 -18 -19 -20
leaf_value=-0.025190278955628073 -0.0016251852921683034 -0.059313881950456601 0.038614759376109323 -0.064933677457329961 0.071089467816459057 0.061385289032730911 -0.011423859882211194 0.016959232775558712 0.012888769240265481 0.051165522425138013 -0.063423889123986235 0.025293544771108911 -0.0062292580461372673 0.099802847319959212 -0.0045017122601982975 0.027703984427845069 -0.07442418976427384 0.046605147610130571 -0.042969042749230905
leaf_weight=23.28284327685833 12.204269289970396 15.453878968954085 13.092677295207976 20.541533783078194 14.454973787069319 20.550832018256187 12.17939320206642 17.649373710155491 12.345446541905401 12.573975279927252 12.458515331149099 47.732675418257713 47.086901247501373 11.669303119182585 285.01719001680613 11.818436220288275 11.611624762415888 12.26616097986698 22.054468438029289
leaf_count=99 51 66 55 92 62 87 52 74 54 57 54 215 196 50 1239 50 50 53 99
internal_value=-1.07117e-05 -0.019247 -0.00222487 0.00169586 0.0192391 0.00827594 0.0342919 -0.00120191 -0.0219065 -0.00309082 0.0020199 -0.00250835 0.0196489 0.0499323 -0.000227609 -0.0156198 -0.0371189 0.00468973 -0.0229228
internal_weight=636.044 51.8294 36.3755 584.215 82.8195 68.3646 32.7302 501.396 67.5154 46.9739 433.88 345.208 88.6717 29.3187 332.75 35.6343 23.8159 59.3531 34.3999
internal_count=2755 220 154 2535 352 290 139 2183 302 210 1881 1508 373 124 1454 151 101 249 153
is_linear=0
shrinkage=0.08


Tree=33
num_leaves=7
num_cat=0
split_feature=24 1 11 10 10 24
split_gain=3.21236 8.84275 4.9358 3.06915 7.7229 4.51235
threshold=0.00077137143673170015 0.17001190391705023 -1.5898477510626405 0.52152184284833947 0.50418448466712507 0.00037912563471055003
decision_type=2 2 2 2 2 2
left_child=1 2 -1 4 5 -4
right_child=-2 -3 3 -5 -6 -7
leaf_value=0.042921224459229128 0.034811177808881863 -0.055204364094150984 -0.0023830715931247091 -0.040755638071595462 0.06414223643123268 0.036939295300249968
leaf_weight=17.251160845160484 16.517083004117012 18.638098701834679 538.92951360344887 11.873898848891256 11.888163074851034 19.347337499260902
leaf_count=75 70 82 2337 54 55 82
internal_value=-7.10839e-06 -0.000937793 0.000749913 -0.00050001 0.000338328 -0.00102034
internal_weight=634.445 617.928 599.29 582.039 570.165 558.277
internal_count=2755 2685 2603 2528 2474 2419
is_linear=0
shrinkage=0.08


Tree=34
num_leaves=16
num_cat=0
split_feature=12 12 8 12 21 2 26 0 2 28 1 13 9 17 15
split_gain=2.88136 8.34684 9.24742 7.63838 6.31564 5.4871 5.0147 4.13711 4.55776 6.49955 5.93841 5.41946 4.75563 3.93163 2.65404
threshold=3.4117786426974983 2.1312284864868647 -0.0012916895174968997 4.4911792747602215 9.8574479085391449 0.013552653499191153 0.0010586553545894001 19.658366999654955 0.019206437934716953 0.0030863887051429005 0.10719292505389426 0.12489395118134076 0.48078223587868141 0.50000000000000011 -0.00031443565140949992
decision_type=2 2 2 2 2 2 2 2 2 2 2 2 2 2 2
left_child=1 7 -3 4 -2 6 -5 -1 9 10 -9 -10 -11 -4 -13
right_child=3 2 13 5 -6 -7 -8 8 11 12 -12 14 -14 -15 -16
leaf_value=-0.032315408934870178 0.010830526472970605 0.015903601621950422 -0.095636685800112212 -0.022333809927499681 0.095565472229320964 -0.051988715503145787 0.054318543908506045 0.0051444608105023996 0.061117592186758052 0.0021149466089565496 -0.031164174676517553 0.029830918293170045 -0.061368424767626016 -0.031448910057184094 -0.024519030703095929
leaf_weight=23.022630214691162 11.222368218004705 13.278446584939955 13.633241623640062 10.789925530552866 11.295990377664564 11.403043329715727 11.062586814165114 414.22973132133484 17.818580597639084 12.856550991535189 30.985549435019493 11.370175376534464 18.304273076355457 11.063322782516478 11.633938357233999
leaf_count=98 50 56 66 50 50 49 50 1791 73 54 136 50 83 48 51
internal_value=-6.68595e-06 -0.00168175 -0.0379353 0.0173584 0.0533365 -0.00700352 0.0164706 0.000866698 0.00234377 0.000145339 0.0026175 0.0279981 -0.035176 -0.0668825 0.00234436
internal_weight=633.97 578.196 37.975 55.7739 22.5184 33.2556 21.8525 540.221 517.199 476.376 445.215 40.8227 31.1608 24.6966 23.0041
internal_count=2755 2506 170 249 100 149 100 2336 2238 2064 1927 174 137 114 101
is_linear=0
shrinkage=0.08


Tree=35
num_leaves=15
num_cat=0
split_feature=3 28 6 24 6 19 17 9 26 28 9 22 19 12
split_gain=2.85669 5.23135 5.37563 6.10172 5.58295 5.00857 7.16778 8.09196 5.21328 5.27719 3.79401 3.43679 4.98221 2.86153
threshold=0.00040989867690480007 0.0026140972203211005 0.00066678073514320018 -0.0001373284584458 0.00060802824735860011 0.15085098308099087 0.90000000000000013 0.51512892129752286 0.00050751230168550015 0.0031637907383468005 0.51540386675281014 5.3377037103494631 0.2562413900545279 0.63699770165879499
decision_type=2 2 2 2 2 2 2 2 2 2 2 2 2 2
left_child=-1 11 3 -3 -5 6 7 -4 13 -10 -8 -2 -13 -7
right_child=1 2 5 4 -6 8 10 -9 9 -11 -12 12 -14 -15
leaf_value=0.042909098072513231 -0.065105838148992665 0.073525643452262326 -0.041315097991976406 -0.020564498086708169 0.045867368403327932 0.063299408402653592 -0.022120704259137831 0.018837425088834309 -0.0034408450642521194 0.022212038671609494 -0.08825832501132036 0.018957893843011563 -0.052139519568431936 0.010389416649536224
leaf_weight=9.7730332612991315 11.936560496687887 13.133232176303862 23.589598268270493 18.197781026363373 14.58570723235607 13.100353166460993 10.263334706425669 36.395744882524014 371.58047142624855 59.547457069158554 12.090514801442621 13.995497718453409 11.484184443950651 13.067246109247206
leaf_count=44 54 58 106 80 64 57 46 165 1597 253 60 62 51 58
internal_value=-7.63864e-06 -0.000680911 0.00117224 0.0274499 0.00899171 -0.00106368 -0.0192269 -0.00481792 0.00220672 0.000102335 -0.0578925 -0.0296821 -0.0130871 0.0368779
internal_weight=632.741 622.968 585.551 45.9167 32.7835 539.635 82.3392 59.9853 457.296 431.128 22.3538 37.4162 25.4797 26.1676
internal_count=2755 2711 2544 202 144 2342 377 271 1965 1850 106 167 113 115
is_linear=0
shrinkage=0.08


Tree=36
num_leaves=18
num_cat=0
split_feature=0 16 2 4 20 4 5 4 20 9 1 12 23 20 15 20 5
split_gain=2.50173 6.17218 4.49875 4.08045 6.35812 5.53471 5.48837 4.47479 7.76545 10.8415 5.55489 5.2338 5.23237 4.93047 4.35558 3.8604 3.84592
threshold=24.892185276771396 1.0000000180025095e-35 0.012894307890887002 -0.0025727381747869993 0.65493627521900544 -0.0029617914078079997 -0.0046784478275164994 -0.0010598677243847498 0.66414753311151642 0.48166201826390792 -0.031152808325053596 0.10990425006177482 -1.2711239692736045 0.38437610182553356 -0.0026035758079083998 0.44645861721571983 -0.0016599619015196497
decision_type=2 2 2 2 2 2 2 2 2 2 2 2 2 2 2 2 2
left_child=1 2 -1 4 5 6 -2 8 9 10 -5 -11 -9 -14 -8 -15 -10
right_child=3 -3 -4 7 -6 -7 14 12 16 11 -12 -13 13 15 -16 -17 -18
leaf_value=0.028577371481531496 0.024475860298641097 -0.054116739920058839 -0.031037534489302382 0.069892401899123144 0.057309621361773345 0.053512757388475975 0.0038421742730438769 0.042014476528505422 -0.082562823085637962 0.015339329170144356 0.001403545951721931 -0.048249543701187461 -0.043730278362435981 0.035359816253506898 -0.058659323630693497 0.00025299151037399566 -0.024027030385589985
leaf_weight=19.379202947020531 21.113743349909779 18.361096262931824 13.921153530478476 14.421954259276392 19.956363007426262 12.272740438580511 13.464821919798849 20.404017478227615 13.485069379210474 11.740999788045881 15.973524361848829 28.133823953568935 15.520929411053656 21.295979872345924 15.181384772062307 341.54854921996593 15.372438237071036
leaf_count=81 91 80 59 60 86 51 58 87 59 50 69 129 70 94 66 1496 69
internal_value=-8.22202e-06 -0.0168775 0.00365547 0.00149464 0.0180319 0.00539602 -0.00647144 -0.00122857 -0.01644 -0.00209108 0.0338999 -0.029526 0.00255275 0.000424712 -0.0292812 0.00231347 -0.0513807
internal_weight=631.548 51.6615 33.3004 579.886 81.9891 62.0327 49.76 497.897 99.1278 70.2703 30.3955 39.8748 398.769 378.365 28.6462 362.845 28.8575
internal_count=2755 220 140 2535 352 266 215 2183 436 308 129 179 1747 1660 124 1590 128
is_linear=0
shrinkage=0.08


Tree=37
num_leaves=8
num_cat=0
split_feature=7 28 11 5 1 28 8
split_gain=2.37093 4.58053 2.69668 3.05428 3.99727 6.56354 5.01465
threshold=-0.84186438361912252 0.0026061141167228003 -1.538522739950585 -0.010934801015007049 -0.17244570939495668 0.0029457187648804007 -0.0042896769782201491
decision_type=2 2 2 2 2 2 2
left_child=-1 -2 -3 -4 5 -5 -6
right_child=1 2 3 4 6 -7 -8
leaf_value=0.039192133347213456 -0.03834630318788583 0.028456709297080371 0.042150901187149585 0.0096918145157126809 0.03978221450411891 -0.052507768051984018 -0.0008228396687091497
leaf_weight=9.7227429747581464 19.936931759119034 21.492419347167015 10.59775874018669 19.808514684438705 20.246421650052071 24.029213294386864 504.52302850037813
leaf_count=44 91 95 45 83 86 106 2205
internal_value=-7.26249e-06 -0.000621353 0.000630725 -0.000401808 -0.00119491 -0.0244023 0.000743766
internal_weight=630.357 620.634 600.697 579.205 568.607 43.8377 524.769
internal_count=2755 2711 2620 2525 2480 189 2291
is_linear=0
shrinkage=0.08


Tree=38
num_leaves=15
num_cat=0
split_feature=1 24 21 13 7 12 9 12 8 14 1 7 14 20
split_gain=2.35119 7.43207 7.46149 5.64562 4.83808 3.09992 5.95996 5.7748 6.67879 4.42342 5.3157 8.18218 4.97233 1.97165
threshold=0.10719292505389426 0.00037912563471055003 9.9536645333300857 0.22710676359148133 -0.17888660482554397 3.4117786426974983 0.50000000000653422 2.1312284864868647 -0.0012916895174968997 0.0023506243770806006 -0.21532658012701936 -0.12155276560497059 -0.00060521487104009993 0.60786424152621865
decision_type=2 2 2 2 2 2 2 2 2 2 2 2 2 2
left_child=5 2 -2 4 -3 7 13 9 -9 10 12 -12 -1 -7
right_child=1 3 -4 -5 -6 6 -8 8 -10 -11 11 -13 -14 -15
leaf_value=0.0008355578138663039 -0.093899795762786953 0.051458493938304997 -0.0036240700107221802 -0.042936343832119153 -0.0054966725787374106 0.059632736893604481 -0.019475208814317812 0.013063794378697806 -0.059570142773352708 0.046102697281565103 0.00042671455629162715 0.048999417922066454 -0.06873475353567611 0.018361260691710721
leaf_weight=13.135030239820482 12.219148099422457 16.58767919242382 11.258345633745192 12.579493582248686 22.482790499925613 17.54282079637051 14.968727916479109 13.143778115510939 21.12252776324749 14.30792974680662 410.99164451658726 23.462551414966583 13.164759337902067 12.8232494443655
leaf_count=56 56 70 53 58 96 80 66 56 98 61 1789 101 58 57
internal_value=-6.42018e-06 -0.0132881 -0.0506092 0.00367627 0.0186841 0.00179254 0.0218388 8.23799e-06 -0.0317094 0.00229604 0.000935697 0.00304987 -0.0339889 0.0422043
internal_weight=629.79 75.1275 23.4775 51.65 39.0705 554.663 45.3348 509.328 34.2663 475.062 460.754 434.454 26.2998 30.3661
internal_count=2755 333 109 224 166 2422 203 2219 154 2065 2004 1890 114 137
is_linear=0
shrinkage=0.08


Tree=39
num_leaves=21
num_cat=0
split_feature=24 6 8 26 28 24 8 11 9 9 9 15 14 8 28 17 11 3 6 9
split_gain=2.22245 2.5999 7.1751 6.79636 9.58963 5.64522 7.4378 6.94158 6.64412 7.11522 6.03712 5.34132 8.87345 7.70798 6.24377 5.24448 7.5141 6.22237 4.04011 2.75057
threshold=0.00077137143673170015 0.0012963905970679002 0.0039569970037374004 0.0010069231837666502 0.0027035987887992006 -0.0001373284584458 -0.0027068437791233496 0.36835199406206842 0.46233683141061882 0.43930680405458217 0.49379055345316292 0.0016318284325261003 0.0010467623532761001 0.0027918355550642505 0.0029026013196347005 0.90000000000000013 0.17954594671543342 0.0018667276110655503 0.0012195459722985002 0.49535341980013731
decision_type=2 2 2 2 2 2 2 2 2 2 2 2 2 2 2 2 2 2 2 2
left_child=1 2 5 4 -3 6 7 -1 9 -7 -8 15 13 -13 -14 17 -17 -5 -10 -6
right_child=-2 3 -4 11 19 8 10 -9 18 -11 -12 12 14 -15 -16 16 -18 -19 -20 -21
leaf_value=0.015305277023747472 0.029119859836432074 0.014473228030626544 0.064455675488150205 -0.0070736111015818805 -0.092183406228685497 -0.023437180743742667 0.016468939096237822 -0.054990511735509541 -0.014136210879769691 0.055545340985316341 0.072790628494900547 -0.090658238472017469 -0.031732000347714756 -0.0054665515171500615 0.03648403462321409 -0.039471506132471405 0.016366827597091332 0.031063263180127129 0.025712922658266902 -0.038029314856548209
leaf_weight=28.878946468234062 16.329215735197067 14.235750630497931 12.093567833304403 45.600157558917999 13.551143258810045 11.093446195125578 30.522412031888962 13.0544306486845 179.82147493213415 21.345497354865074 20.26879408955574 16.279169738292698 15.731735855340956 11.669635966420172 18.908608347177505 32.653038248419762 29.231472350656986 68.529536105692387 17.904303267598152 10.775925934314726
leaf_count=121 70 66 51 197 59 49 133 57 795 103 86 74 68 51 81 142 129 293 79 51
internal_value=-7.89905e-06 -0.000784889 0.00395752 -0.00651656 -0.0376776 0.00169161 0.0183574 -0.00657876 -0.0050224 0.028535 0.0389447 -0.00148035 -0.0215528 -0.0550876 0.00550407 0.00565724 -0.013096 0.0158258 -0.0105278 -0.0681953
internal_weight=628.478 612.149 334.983 277.166 38.5628 322.889 92.7246 41.9334 230.165 32.4389 50.7912 238.603 62.5891 27.9488 34.6403 176.014 61.8845 114.13 197.726 24.3271
internal_count=2755 2685 1474 1211 176 1423 397 178 1026 152 219 1035 274 125 149 761 271 490 874 110
is_linear=0
shrinkage=0.08


Tree=40
num_leaves=8
num_cat=0
split_feature=8 1 12 8 11 12 3
split_gain=2.39882 4.85991 3.88906 4.40554 3.78557 3.67032 3.29818
threshold=-0.0098979986877277496 -0.26424153379358722 -0.54551677850277114 -0.0047673962825509992 -1.538522739950585 0.51136727195093779 0.00055586107493920008
decision_type=2 2 2 2 2 2 2
left_child=-1 -2 -3 5 -5 -4 -6
right_child=1 2 3 4 6 -7 -8
leaf_value=0.038511366414738048 -0.040452910005813053 0.047600095048099568 0.063214312279404827 0.03514625938842824 0.030099696823773274 0.004544088433476489 -0.0041512862568631164
leaf_weight=10.179966568946837 19.019739121198654 11.070381000638006 12.411969348788263 17.201874196529388 18.633839577436447 15.15814523398876 523.34766240417957
leaf_count=44 84 47 53 78 85 64 2300
internal_value=-6.42022e-06 -0.000642092 0.000624488 -0.000261809 -0.00180104 0.0309572 -0.0029737
internal_weight=627.024 616.844 597.824 586.753 559.183 27.5701 541.982
internal_count=2755 2711 2627 2580 2463 117 2385
is_linear=0
shrinkage=0.08


Tree=41
num_leaves=12
num_cat=0
split_feature=1 2 13 12 11 11 12 12 12 13 13
split_gain=2.32756 6.87845 3.88104 7.29315 6.65674 3.24439 3.26743 4.77494 4.52668 9.62362 3.49971
threshold=0.10719292505389426 0.0095496470739411515 0.26675817854646167 0.56154461541132494 0.20251158677688921 -1.538522739950585 4.7326720346216939 3.4117786426974983 1.5914453705663008 0.35003201913101917 0.065868828112544756
decision_type=2 2 2 2 2 2 2 2 2 2 2
left_child=5 -2 3 4 -3 -1 7 8 10 -10 -7
right_child=1 2 -4 -5 -6 6 -8 -9 9 -11 -12
leaf_value=0.037042540225423227 -0.05965572138109819 0.022659859236037735 -0.039309663538527974 0.061523686508459234 -0.049949101800255316 -0.011511470799930881 -0.041501144707051803 0.042953439895075676 -0.064255807547133892 -0.000714695530640015 0.0069669609722189619
leaf_weight=16.214254289865494 16.05595825612545 18.175047427415848 12.881090477108954 12.838710457086561 14.550157710909842 80.872688323259354 11.47968779504299 17.316570796072483 20.680276900529861 58.147842884063721 347.27431195229292
leaf_count=75 76 78 61 54 64 354 51 78 91 258 1515
internal_value=-4.97895e-06 -0.0132779 -0.000537083 0.0104241 -0.00962326 0.00178646 0.000719492 0.00164394 0.000232945 -0.0173845 0.00347657
internal_weight=626.487 74.501 58.445 45.5639 32.7252 551.986 535.771 524.292 506.975 78.8281 428.147
internal_count=2755 333 257 196 142 2422 2347 2296 2218 349 1869
is_linear=0
shrinkage=0.08


Tree=42
num_leaves=13
num_cat=0
split_feature=0 16 0 2 14 1 11 5 28 12 15 15
split_gain=2.25657 4.98735 4.11752 3.48085 8.46887 5.85698 7.67992 7.22844 6.88157 5.06952 4.11776 3.29696
threshold=24.892185276771396 1.0000000180025095e-35 21.575344279290189 0.019206437934716953 0.0015964648446324503 0.11936487257023741 -1.5898477510626405 0.0045333809124115014 0.0030863887051429005 -0.54551677850277114 -0.0014354275577900999 -0.00089235273857244995
decision_type=2 2 2 2 2 2 2 2 2 2 2 2
left_child=1 2 -1 5 11 6 -2 -7 9 -8 -10 -5
right_child=3 -3 -4 4 -6 7 8 -9 10 -11 -12 -13
leaf_value=0.024101502742881253 0.070099714704215318 -0.04980355691205255 -0.03435114141562054 0.082730237503882517 -0.024551565473432568 -0.062425821190801138 0.058892429476614654 0.0054239603037212038 -0.0061660593849727366 0.0015854743766535559 -0.07112127741659624 0.02613663981640035
leaf_weight=20.776480823755264 10.399759188294409 18.141187533736229 12.266239821910856 11.575005814433098 14.980029866099356 20.809446588158607 10.102937579154966 19.433986768126488 11.915027156472208 446.5922699123621 13.128405697643755 15.291360750794411
leaf_count=87 50 80 53 51 65 99 43 85 53 1962 60 67
internal_value=-5.39498e-06 -0.016101 0.0024025 0.00142929 0.0236456 -0.000316968 0.00208252 -0.0296604 0.00061417 0.00285321 -0.0402172 0.0505192
internal_weight=625.412 51.1839 33.0427 574.228 41.8464 532.382 492.138 40.2434 481.739 456.695 25.0434 26.8664
internal_count=2755 220 140 2535 183 2352 2168 184 2118 2005 113 118
is_linear=0
shrinkage=0.08


Tree=43
num_leaves=23
num_cat=0
split_feature=9 12 28 9 20 13 26 7 11 22 0 11 15 1 7 18 4 11 18 22 1 4
split_gain=2.17192 6.16031 6.1081 7.64819 5.83059 7.26046 4.27763 5.17277 4.11048 6.32602 8.87774 8.36246 6.01394 4.82305 4.36492 4.11874 4.04061 3.88204 3.77339 2.79563 2.74166 2.59338
threshold=0.50583085258803417 -0.1517891077355781 0.0028433544745788005 0.52325375907966698 0.69918496347804626 0.20201311358281057 0.00050201239716845018 -0.70956844918870932 0.63901898743930607 5.0660402945153118 46.94139516576967 0.44164278019850539 -0.00099400396529719984 0.045020666930398058 -0.58995897334807446 1.0000000180025095e-35 9.2118487811071391e-05 0.16935470178556133 1.0000000180025095e-35 5.169712352943912 0.028352605921860105 -0.00011888737043434999
decision_type=2 2 2 2 2 2 2 2 2 2 2 2 2 2 2 2 2 2 2 2 2 2
left_child=6 16 4 17 19 -6 7 21 9 10 18 12 -11 -12 -10 -13 -2 -4 -8 -3 -21 -1
right_child=1 2 3 -5 5 -7 8 -9 14 11 13 15 -14 -15 -16 -17 -18 -19 -20 20 -22 -23
leaf_value=0.029096250602829554 -0.0014451163758990868 -0.071404135188751758 0.014829478827085889 0.045586142681136463 -0.033011373703593187 0.043754920982653753 0.031149027333924609 0.057590480501899188 -0.011857737493613605 0.018351034792410299 0.061067423580290658 -0.083215405759913652 -0.012074311509857725 0.0088517029424466428 0.048026417066668978 -0.020906237428903664 0.054158319626896677 -0.048306663756203475 -0.013525440497572155 -0.019649317247825423 -0.060157281607516738 -0.022005285696980698
leaf_weight=12.313000857830049 18.842700868844986 13.761243939399717 11.268653869628908 20.632417805492878 17.108857601881031 14.625555649399756 15.213775917887686 19.357643961906433 12.030877485871313 55.880881056189537 28.089596122503281 13.275509983301163 162.45000323653221 18.965226724743843 22.098576679825783 13.896869525313377 15.04064993560314 13.947076193988321 59.125012025237083 38.337671622633934 14.829722233116625 13.137392416596411
leaf_count=55 84 65 49 92 78 63 64 86 57 237 120 59 704 86 97 59 64 69 256 173 77 61
internal_value=-4.47013e-06 -0.00746442 -0.0146629 0.00946437 -0.0258747 0.00236819 0.00298053 0.0264235 0.00036116 -0.0021091 0.0128296 -0.00949583 -0.00428707 0.0400221 0.0269168 -0.0513484 0.023237 -0.0200918 -0.0043826 -0.0392662 -0.030948 0.00271784
internal_weight=624.229 178.395 144.511 45.8481 98.6631 31.7344 445.834 44.808 401.026 366.897 121.394 245.503 218.331 47.0548 34.1295 27.1724 33.8834 25.2157 74.3388 66.9286 53.1674 25.4504
internal_count=2755 814 666 210 456 141 1941 202 1739 1585 526 1059 941 206 154 118 148 118 320 315 250 116
is_linear=0
shrinkage=0.08


Tree=44
num_leaves=26
num_cat=0
split_feature=20 1 19 20 11 4 22 21 7 15 6 8 24 15 20 11 24 13 4 16 11 3 21 13 4
split_gain=2.03568 5.50421 7.59544 6.82445 6.85547 12.4912 9.06839 4.50016 5.56618 4.47735 7.78243 5.17905 5.27728 4.3815 4.46887 6.79374 4.83884 4.3273 4.3167 6.79365 4.21903 3.80773 2.64791 2.60369 1.78797
threshold=0.53686256004504185 -0.012760458535510048 0.40333748638201755 0.51765117472940192 0.32166977290672644 -0.0015328260007960997 5.1254629980561441 10.129795630989237 -0.29282292751215899 0.0011038068769349001 0.0014399966402319001 0.00091859626890210017 0.00010260413336310002 0.00091593094769400012 0.65062516868409392 0.23329044230202262 0.00011627701230835002 0.11887913714092892 -0.0038681313145717999 1.0000000180025095e-35 0.10392358394522762 0.0023909346069777506 9.5981347463503841 0.29376492867962145 0.00062245751930635007
decision_type=2 2 2 2 2 2 2 2 2 2 2 2 2 2 2 2 2 2 2 2 2 2 2 2 2
left_child=1 3 7 4 5 -1 -6 8 22 13 17 -12 -13 14 15 20 -17 -11 -16 -20 -2 -14 -3 -19 -7
right_child=9 2 -4 -5 6 24 -8 -9 -10 10 11 12 21 -15 18 16 -18 23 19 -21 -22 -23 -24 -25 -26
leaf_value=-0.016644079539581559 0.011894869038949849 -0.096761208944682875 0.024956496546638576 -0.042564643672774051 0.036368454155269993 0.079619815452204229 -0.060407823577868232 -0.0018202476297925808 0.00015333706004920524 0.045304610828059977 -0.06371949940722646 0.03315043837338856 -0.066671557786884231 0.051204009419782426 0.035918099462427112 0.059737416643701122 -0.00071953685921343359 -0.021534086719454674 -0.018140731824998341 0.021458943125260702 -0.028305777752071357 -0.009451685879522765 -0.049344426467353701 0.023506408641568798 0.04013792369517958
leaf_weight=20.14483554661274 101.5007940530777 11.935318708419798 16.334955841302872 15.59297865629196 10.913774520158769 18.932571694254879 14.33804467320442 17.059293635189533 10.5234262868762 16.896080434322357 19.78070367872715 11.135604336857794 11.887184567749502 14.000847011804579 15.751546218991278 30.003140315413475 11.807158932089804 21.202209979295731 109.88592405617237 37.08395978808403 20.000312685966492 19.908924132585526 20.455135069787502 13.409108415246008 11.98955152928829
leaf_count=87 440 56 72 71 51 80 64 80 51 73 89 49 55 60 68 130 55 92 487 163 88 85 96 60 53
internal_value=-5.43035e-06 -0.0075233 -0.0234051 0.00566227 0.0155157 0.0323761 -0.0185814 -0.0365774 -0.0503942 0.0027786 -0.0109252 -0.0298502 -0.0142449 0.00738181 0.00549995 0.0148491 0.0426645 0.0121167 -0.0038831 -0.0081488 0.00527744 -0.0308437 -0.0668167 -0.00408451 0.0643114
internal_weight=622.473 168.22 76.3081 91.9118 76.3188 51.067 25.2518 59.9732 42.9139 454.253 114.22 62.7124 42.9317 340.034 326.033 163.311 41.8103 51.5074 162.721 146.97 121.501 31.7961 32.3905 34.6113 30.9221
internal_count=2755 761 355 406 335 220 115 283 203 1994 503 278 189 1491 1431 713 185 225 718 650 528 140 152 152 133
is_linear=0
shrinkage=0.08


Tree=45
num_leaves=25
num_cat=0
split_feature=0 16 2 18 13 23 24 14 1 2 9 1 9 6 13 2 13 14 3 1 20 24 14 5
split_gain=2.03794 4.75764 3.85841 3.06544 6.73576 8.86276 10.8768 8.69333 7.3932 9.43471 9.53912 6.31954 6.34823 6.28724 13.7611 6.02059 5.8848 5.22048 5.03205 4.80351 7.3516 3.7027 3.81536 2.36082
threshold=24.892185276771396 1.0000000180025095e-35 0.012894307890887002 1.0000000180025095e-35 0.11459336448021581 -0.25973622149330283 9.9665448140234071e-05 0.0004906181974334001 0.13005625568447243 0.005638254312928301 0.48166201826390792 -0.044877045098473838 0.46218647016546632 0.00089099211398095018 0.075157091273209561 0.0046818924934386502 0.27423446534609186 -0.00028584566523164994 0.0025321138384104005 -0.11880778325053844 0.58915492653056378 -0.00015620110223264996 0.00041947822119230003 0.00071285580860405001
decision_type=2 2 2 2 2 2 2 2 2 2 2 2 2 2 2 2 2 2 2 2 2 2 2 2
left_child=1 2 -1 11 5 7 -7 17 9 23 -11 19 15 14 -14 -13 -15 -5 -8 20 -2 22 -21 -6
right_child=3 -3 -4 4 8 6 18 -9 -10 10 -12 12 13 16 -16 -17 -18 -19 -20 21 -22 -23 -24 -25
leaf_value=0.025945365848463329 -0.048316585521613158 -0.048300136832076852 -0.029602877915017728 -0.014744923260709013 -0.062482409861140439 0.077445527280213713 -0.017148723050979035 -0.071666221193505991 -0.06800481435887458 0.030752456061449884 -0.01902233803115852 0.077632074048453084 -0.10453642102559174 0.019161686637970785 -0.0088541301718898756 0.0068204874977087779 -0.015900653151558867 0.049904509991093637 0.046904281774795671 0.079795113743577617 0.041607118537755013 0.011697333690101766 0.022354996949959439 -0.018067533675546019
leaf_weight=19.190692260861397 11.376761421561243 18.078527018427849 13.727595284581183 25.980598077177998 21.632291376590729 21.132320404052734 22.986353769898415 12.594218969345091 15.69432772696018 43.049442380666733 57.628074251115322 12.233327716588972 11.235570952296255 82.008397221565247 66.895671769976616 20.665550157427788 48.905408762395382 11.546735361218454 11.92017015814781 19.60133204609156 11.909565314650534 16.909747898578644 11.890357807278631 11.857613071799276
leaf_count=81 52 80 59 111 99 90 106 55 71 188 263 64 53 345 300 92 232 50 50 86 50 73 51 54
internal_value=-6.3343e-06 -0.0153277 0.00278062 0.00136527 -0.00513008 0.0102872 0.0321478 -0.0141541 -0.0160515 -0.00997426 0.00226123 0.00666752 0.000486103 -0.00465468 -0.0226136 0.0331515 0.00606346 0.00514697 0.00472463 0.0275296 -0.00232598 0.0418934 0.0581074 -0.0467566
internal_weight=620.651 50.9968 32.9183 569.654 256.022 106.16 56.0388 50.1216 149.862 134.167 100.678 313.632 241.944 209.045 78.1312 32.8989 130.914 37.5273 34.9065 71.6878 23.2863 48.4014 31.4917 33.4899
internal_count=2755 220 140 2535 1137 462 246 216 675 604 451 1398 1086 930 353 156 577 161 156 312 102 210 137 153
is_linear=0
shrinkage=0.08


Tree=46
num_leaves=12
num_cat=0
split_feature=28 5 4 23 23 1 18 7 12 24 24
split_gain=1.99151 8.73364 6.60052 6.72063 7.56684 5.57859 5.45248 3.91194 3.80517 4.6102 3.27865
threshold=0.0031637907383468005 -0.0069482654502224491 -0.0036071487809204994 0.33737942829723572 1.2495608415685557 0.11936487257023741 1.0000000180025095e-35 -0.12155276560497059 -0.54551677850277114 -0.00015620110223264996 0.00043151612254520007
decision_type=2 2 2 2 2 2 2 2 2 2 2
left_child=1 -1 -2 -4 -5 7 10 8 -3 -10 -7
right_child=2 5 3 4 -6 6 -8 -9 9 -11 -12
leaf_value=-0.051472868331518117 0.050613231958023724 0.049825720662451708 -0.03894138019016026 0.070353906925156307 -0.019449267960249896 -0.036297306953004545 -0.066788298659267956 0.036394972869262181 0.012863200457614606 -0.004839936908392844 0.020954450515751465
leaf_weight=21.555757462978363 20.632306486368179 10.121442735195158 19.686011172831059 11.658303543925287 12.383470892906187 12.023370042443277 14.781222969293593 21.251095101237297 132.00499148666859 328.25680274516344 13.691759034991263
leaf_count=96 93 44 92 52 53 59 67 93 570 1475 61
internal_value=-3.61037e-06 -0.00155188 0.0133161 -0.00428201 0.024098 0.000470336 -0.0280698 0.00282121 0.00130441 0.000237396 -0.00581419
internal_weight=618.047 553.686 64.3601 43.7278 24.0418 532.131 40.4964 491.634 470.383 460.262 25.7151
internal_count=2755 2465 290 197 105 2369 187 2182 2089 2045 120
is_linear=0
shrinkage=0.08


Tree=47
num_leaves=12
num_cat=0
split_feature=8 1 15 3 8 0 2 8 2 5 9
split_gain=1.82537 3.85379 3.0597 3.81096 2.62903 6.10159 8.70952 4.98868 4.31643 3.432 3.12773
threshold=-0.0098979986877277496 -0.28020003670431487 -0.0041591661010614489 0.0022749336720600008 -0.0027068437791233496 35.866007026968283 0.012765023749204052 -0.0018975474509316998 0.0076815280964565016 -0.0028081115376052995 0.48493555532613636
decision_type=2 2 2 2 2 2 2 2 2 2 2
left_child=-1 -2 3 -3 5 6 -4 8 -6 -9 -7
right_child=1 2 4 -5 7 10 -8 9 -10 -11 -12
leaf_value=0.034087290456304327 -0.038541312838154172 -0.003010312863502518 0.018109879210288549 0.061099873756664931 0.046240111481218503 -0.014728854205250197 -0.04920619850707339 -0.032296927491506193 -0.0037849243119870437 0.00062866507253855897 -0.070757494011047348
leaf_weight=9.8912499845027906 16.627655327320099 12.017090901732447 46.083123654127121 11.723235517740248 28.161165222525597 11.416345730423929 16.779923528432846 21.313354924321175 18.156074866652489 410.33090118318796 14.444617852568625
leaf_count=44 75 52 197 52 123 49 73 95 79 1850 66
internal_value=-2.98725e-06 -0.00055845 0.000511229 0.028648 -0.000667513 -0.0133147 0.000141316 0.00168018 0.0266306 -0.000997106 -0.0460236
internal_weight=616.945 607.053 590.426 23.7403 566.686 88.724 62.863 477.961 46.3172 431.644 25.861
internal_count=2755 2711 2636 104 2532 385 270 2147 202 1945 115
is_linear=0
shrinkage=0.08


Tree=48
num_leaves=16
num_cat=0
split_feature=28 7 24 1 7 13 4 13 6 4 12 8 6 2 3
split_gain=1.75583 5.86629 5.22752 4.64169 4.53037 3.6656 6.39193 3.51036 8.56304 8.89892 4.85647 6.26103 5.38972 3.48663 3.12072
threshold=0.0031637907383468005 -0.16302876741505037 -0.00052915010265539985 0.11936487257023741 -0.15820190366779788 0.08163829588831216 -0.0035184440469235995 0.065868828112544756 0.00081436840529380014 0.00042129342246670002 0.25887108056038977 0.0027918355550642505 0.0015235138338309502 0.012330795625627652 0.0037252237163318005
decision_type=2 2 2 2 2 2 2 2 2 2 2 2 2 2 2
left_child=2 -2 -1 7 13 -3 -7 8 -4 -10 12 -12 -9 -5 -8
right_child=1 5 3 4 -6 6 14 10 9 -11 11 -13 -14 -15 -16
leaf_value=-0.04080303959794071 0.061870889288621556 0.038710798378262877 -0.059199396687272941 -0.033170127155831244 -0.069343482464527803 0.031383847306216753 -0.0038530426487048261 0.027503182891060934 0.028035951852779305 -0.038770777570916896 -0.0042427784371422382 0.03606531029295959 -0.012233110901147502 0.022932999360188583 -0.06106169103502479
leaf_weight=20.793206974864006 12.433585271239279 12.292135491967199 19.587374359369278 16.726498879492286 11.170768737792967 14.208167970180506 10.885551430284982 95.128163188695908 33.433526441454887 20.637660399079323 267.2784673422575 27.169775202870369 28.358449473977089 12.304720520973204 13.888724707067011
leaf_count=93 55 53 91 82 50 67 49 420 145 92 1193 122 122 55 66
internal_value=-2.80881e-06 0.0125731 -0.00145269 8.59055e-05 -0.0260499 0.0006189 -0.0113924 0.00222326 -0.0138797 0.00253744 0.00506131 -0.000523409 0.0183778 -0.00939113 -0.0359248
internal_weight=616.297 63.7082 552.589 531.795 40.202 51.2746 38.9824 491.593 73.6586 54.0712 417.935 294.448 123.487 29.0312 24.7743
internal_count=2755 290 2465 2372 187 235 182 2185 328 237 1857 1315 542 137 115
is_linear=0
shrinkage=0.08


Tree=49
num_leaves=27
num_cat=0
split_feature=22 2 3 13 2 3 28 20 3 8 1 28 0 13 13 1 1 4 19 5 7 2 7 14 28 12
split_gain=1.74721 9.66457 9.58952 7.2632 8.52932 7.00336 6.80289 6.75275 6.26908 6.09944 9.99313 4.42817 4.28025 3.42908 5.76014 7.64672 16.1097 5.62847 6.37134 5.23114 4.43468 4.24079 7.88738 3.96011 2.79986 1.78972
threshold=5.4652208895690331 0.0035598069356902007 0.00072977603093285015 0.24042520740459419 0.0060178092107524006 0.00098250712018255041 0.0027172112345696005 0.62589626938925236 0.00080367611230060005 0.0020555838618268002 -0.084957892182593683 0.0026109310362596506 69.259880477029895 0.23422526219081366 0.35003201913101917 -0.10613498529553304 -0.016048069841580945 0.00031149246375805005 0.2203417427788423 -0.00094186841360019999 -0.60411029614482159 0.0039764183009577013 -0.58615821837433291 0.00028455557424585007 0.0028837552559464502 1.421386208417794
decision_type=2 2 2 2 2 2 2 2 2 2 2 2 2 2 2 2 2 2 2 2 2 2 2 2 2 2
left_child=11 2 7 5 -5 8 -6 25 -3 10 -7 -1 -11 19 15 -15 -17 18 -16 20 -13 -21 -23 -22 -19 -2
right_child=1 3 -4 4 6 9 -8 -9 -10 12 -12 13 -14 14 17 16 -18 24 -20 21 23 22 -24 -25 -26 -27
leaf_value=-0.045578580431814987 0.055126214323820907 -0.041854376185648329 0.085721097025541898 -0.038189647938979443 0.069634044329390674 0.0047795637560468195 -0.004996109259047362 -0.041724308890043742 0.029218228230249638 0.024759319765632268 -0.081671125992062915 -0.037682819719107349 -0.041080189322246746 -0.066334873512240794 -0.014175772141471619 0.051765006573186612 -0.049116369371644007 0.0025384919474965946 0.045425746447886522 -0.01963461132608332 0.013408992214412113 0.069980078886821936 0.016142541793621127 -0.020500731593533186 -0.050458864696769301 0.0091553387188868709
leaf_weight=11.700858056545256 10.394527941942217 12.812311500310896 12.435883253812788 15.628596961498259 16.445130050182346 11.465421468019484 14.89944366365671 13.010579481720923 20.899212002754211 11.709131672978403 33.739945784211159 18.976963385939598 13.728853344917296 19.079275161027908 17.794879943132401 17.981867596507072 23.203468315303326 13.904623389244081 32.340193547308445 15.096977904438971 80.827802367508411 20.976274088025093 102.6024371534586 30.305596113204956 11.788816623389719 11.325343593955038
leaf_count=54 50 62 54 73 74 50 72 61 93 51 154 86 61 87 81 77 107 64 143 67 349 95 449 134 57 50
internal_value=-3.36352e-06 -0.00618031 0.0254389 -0.0160355 0.0100877 -0.0277943 0.0341591 0.0038537 0.00220656 -0.0421109 -0.0597447 0.00293986 -0.0107742 0.00434203 -0.00600465 -0.0244664 -0.0050707 0.00866782 0.0242709 0.00958081 -0.00194122 0.0203912 0.0252809 0.00416196 -0.0217781 0.0311557
internal_weight=615.074 198.494 47.1663 151.328 46.9732 104.355 31.3446 34.7305 33.7115 70.6434 45.2054 416.58 25.438 404.879 136.093 60.2646 41.1853 75.8285 50.1351 268.786 130.11 138.676 123.579 111.133 25.6934 21.7199
internal_count=2755 905 215 690 219 471 146 161 155 316 204 1850 112 1796 616 271 184 345 224 1180 569 611 544 483 121 100
is_linear=0
shrinkage=0.08


Tree=50
num_leaves=25
num_cat=0
split_feature=9 9 12 24 11 20 22 7 12 20 4 8 0 9 20 0 13 2 26 2 3 4 0 3
split_gain=1.68079 4.73088 7.12515 8.41961 6.67665 15.0384 5.58142 4.78201 3.59699 5.26599 4.74065 5.60067 5.42321 5.22796 9.4186 4.73817 4.19472 3.70513 3.52152 5.21872 3.50259 5.94337 3.15218 4.98895
threshold=0.50583085258803417 0.5171109922538798 -0.12140591610486258 7.9770733104850077e-05 0.25296201634361221 0.67721557492283047 5.4877104786901763 -0.4613598711078582 -0.25135792846457011 0.65139310504081738 -0.0037755813782770495 -0.0027068437791233496 37.788160569545767 0.49568074171759874 0.55136942093148555 24.892185276771396 0.030246754542761402 0.0077608067038935505 0.0020877854764411005 0.016323816019200854 0.0011335389904372003 -0.0013228199630310998 32.175444489345246 0.0020301914775184005
decision_type=2 2 2 2 2 2 2 2 2 2 2 2 2 2 2 2 2 2 2 2 2 2 2 2
left_child=8 4 6 22 20 -6 -3 -5 9 17 18 12 15 16 -15 -12 -13 -1 -10 -20 -2 -22 -4 -24
right_child=1 2 3 7 5 -7 -8 -9 10 -11 11 13 -14 14 -16 -17 -18 -19 19 -21 21 -23 23 -25
leaf_value=0.032230337602573246 -0.075194993809159616 0.083712889748402991 -0.02783131111096462 -0.077570412082714479 -0.043958407081017351 0.078959578209563841 0.0062268497111823218 -0.010820952568232704 0.065072654255349249 -0.046569182983817674 -0.038501929717031876 -0.047079041881985598 -0.069512119792335778 -0.017090780190211964 0.059539238261957304 0.012808015903731767 0.0046607505018872297 -0.023584953648456111 -0.024619511340531829 0.052374559376573551 -0.061444762357273607 0.012999953207069672 0.00068920215986495751 0.057090682826755529
leaf_weight=15.400240875780584 14.23846150934696 11.138777375221254 10.881812065839766 13.431384220719339 14.885633051395418 11.135448649525641 12.770420245826243 14.059023179113863 13.589144065976141 22.231964662671089 19.455998077988625 10.474971294403074 11.415486469864843 15.961549073457716 28.763933211565018 28.232180178165436 235.25717405229807 15.050279110670088 11.376244828104975 11.162434190511702 14.54880228638649 12.993037059903145 28.985772453248501 15.353722900152205
leaf_count=68 68 49 48 71 78 47 58 66 59 99 85 47 51 73 122 122 1048 66 49 52 66 57 133 73
internal_value=-3.50884e-06 -0.00664567 0.00386083 -0.00725814 -0.0231676 0.00864305 0.0423259 -0.0434337 0.00263932 -0.0169683 0.00531758 0.00246624 -0.019982 0.00703411 0.0321917 -0.0081256 0.00245521 0.00464343 0.0329063 0.0135123 -0.0429796 -0.026325 0.0107509 0.0202197
internal_weight=612.794 174.422 106.621 82.7117 67.8014 26.0211 23.9092 27.4904 438.372 52.6825 385.689 349.561 59.1037 290.458 44.7255 47.6882 245.732 30.4505 36.1278 22.5387 41.7803 27.5418 55.2213 44.3395
internal_count=2755 814 498 391 316 125 107 137 1941 233 1708 1548 258 1290 195 207 1095 134 160 101 191 123 254 206
is_linear=0
shrinkage=0.08


Tree=51
num_leaves=19
num_cat=0
split_feature=15 12 12 2 14 20 14 19 13 22 20 13 15 22 10 12 11 19
split_gain=1.62078 5.67522 6.99119 4.1834 4.91452 3.93197 4.5581 4.90611 4.02683 7.97511 3.78016 3.76782 3.18524 3.54315 6.27802 6.00068 4.93557 2.10443
threshold=0.0011038068769349001 3.4926759790022039 1.9375895443912621 0.004112601206224701 0.0023506243770806006 0.53686256004504185 0.0004906181974334001 0.1462903967217882 0.1641132849865852 5.420852507656222 0.59413538280620959 0.44092744289962932 0.00091593094769400012 5.6187751733119038 0.50418448466712507 0.74163244772485115 0.57220923042886085 0.24865896997816023
decision_type=2 2 2 2 2 2 2 2 2 2 2 2 2 2 2 2 2 2
left_child=5 2 3 -2 10 6 7 -1 9 -9 -5 -10 13 14 16 -15 -7 -8
right_child=1 -3 -4 4 -6 12 17 8 11 -11 -12 -13 -14 15 -16 -17 -18 -19
leaf_value=-0.043857466272089647 0.040024783678082015 0.034786527868222249 -0.073298016605101296 -0.039950065438038758 0.027387120565378273 0.0019609009734700643 -0.018505356735124715 0.00029446853687151088 -0.022271366633372532 0.081493369876464786 -0.0067846329450973169 0.02894463961595577 0.044625775049132503 -0.071671146069606992 0.063842266054512445 0.012294349938337366 0.039594754503525093 -0.066139615787337444
leaf_weight=15.435969367623327 10.872457474470137 18.151574842631817 11.230153709650038 35.076372899115086 17.172243639826775 261.9032469317317 12.432277001440527 25.037253096699715 37.398940160870552 11.20623531937599 58.975477650761604 12.189260847866533 13.728408262133597 9.9536613225936907 12.165994882583616 12.031859293580053 24.378860384225845 11.359139949083326
leaf_count=85 49 88 53 157 75 1159 59 107 174 51 260 55 60 51 54 58 109 51
internal_value=-4.58842e-06 -0.00718045 -0.012894 -0.00733816 -0.011968 0.00236243 -0.00973812 -0.00233527 0.00513208 0.0254006 -0.0191536 -0.00968198 0.00689103 0.00527435 0.00755758 -0.0257199 0.00516568 -0.0412482
internal_weight=610.699 151.478 133.327 122.097 111.224 459.221 125.059 101.268 85.8317 36.2435 94.0519 49.5882 334.162 320.434 298.448 21.9855 286.282 23.7914
internal_count=2755 682 594 541 492 2073 582 472 387 158 417 229 1491 1431 1322 109 1268 110
is_linear=0
shrinkage=0.08


Tree=52
num_leaves=20
num_cat=0
split_feature=22 21 11 13 13 22 3 11 2 6 0 8 21 13 6 19 2 26 24
split_gain=1.64567 7.52869 6.01255 5.20854 7.23682 7.44054 10.7905 6.02849 6.28437 4.90826 4.75103 5.88839 4.27578 3.28282 4.31406 6.77041 3.96692 3.22933 1.16862
threshold=5.4514595185217027 10.063552918775935 -0.3504767364269592 0.11646999981192262 0.23422526219081366 5.6807305344604453 0.00096138905697710011 0.86876698402518626 0.0067813694026371508 0.00056663869641900011 59.86136586325204 -0.00073784752402699988 9.9629076292189342 0.034659959716029157 0.00073306275237190017 0.30661536405352047 0.0050599433637337514 0.0016736166146734501 7.1314582742187867e-05
decision_type=2 2 2 2 2 2 2 2 2 2 2 2 2 2 2 2 2 2 2
left_child=9 2 -2 10 5 6 -5 8 -6 -1 11 -3 13 -11 15 -15 -16 18 -4
right_child=1 3 17 4 7 -7 -8 -9 -10 12 -12 -13 -14 14 16 -17 -18 -19 -20
leaf_value=-0.048776631302546482 0.016244542236071101 -0.0041690845977273502 -0.049122667976800545 -0.0037326208271707922 0.0084590557051079669 0.028053176743352184 -0.085954616786363694 -0.036180278754194467 0.074758802200723826 0.0352290167387138 -0.012865329155112586 0.069478378304301397 0.049448380430872574 -0.0052415349348422799 0.026183638961251927 0.080312033615882281 -0.0039155208631938884 -0.019013091630797493 -0.084894756535870489
leaf_weight=11.393364802002905 12.152316093444822 10.69563187658787 11.788078248500826 20.802557751536369 34.995587036013603 11.780671611428259 20.071018069982529 12.747968345880507 12.389219552278517 19.122301921248436 13.818088933825491 19.829536385834217 13.086153686046599 12.876322135329248 30.875130958855152 10.957920387387274 303.43421497195959 14.707370296120642 11.592436872422693
leaf_count=53 54 47 55 100 158 52 93 66 53 84 65 89 58 59 139 51 1356 67 56
internal_value=-5.77086e-06 -0.00579357 -0.0327511 0.00282573 -0.00630703 -0.0279628 -0.0441078 0.0126555 0.0257938 0.00298174 0.0260549 0.0436732 0.00449243 0.00293305 0.00120868 0.0340922 -0.00113571 -0.0483837 -0.066859
internal_weight=609.116 207.37 50.2402 157.13 112.787 52.6542 40.8736 60.1328 47.3848 401.745 44.3433 30.5252 390.352 377.266 358.144 23.8342 334.309 38.0879 23.3805
internal_count=2755 955 232 723 522 245 193 277 211 1800 201 136 1747 1689 1605 110 1495 178 111
is_linear=0
shrinkage=0.08


Tree=53
num_leaves=20
num_cat=0
split_feature=14 14 13 13 23 1 24 12 13 6 21 6 1 9 5 2 9 4 12
split_gain=1.61059 6.60897 4.00117 4.1584 3.79717 2.83059 7.15424 5.83917 9.90504 5.71312 5.67349 6.49471 5.17414 4.59613 6.15023 4.02067 3.68513 3.39787 3.09694
threshold=-0.0017013631705236998 -0.0013683168929197996 0.18665059431887823 0.3536878282840798 -1.7482326765265703 0.049236187434601654 6.4400139334915113e-05 0.52844382180622118 0.27423446534609186 0.0010898148880916002 9.9773752544524701 0.0016639284935136003 0.009169402305410251 0.47893831702453232 0.0016045668697677003 0.010604708012779801 0.53889467962889392 0.0013515051648155002 0.42776418565801061
decision_type=2 2 2 2 2 2 2 2 2 2 2 2 2 2 2 2 2 2 2
left_child=2 -2 4 -4 -1 6 12 10 15 -10 11 -7 16 -8 -15 -9 -3 -12 -14
right_child=1 5 3 -5 -6 7 13 8 9 -11 17 -13 18 14 -16 -17 -18 -19 -20
leaf_value=-0.0026638544484035667 -0.046961729868355839 0.00062488597869272099 -0.039473098434730909 0.024632558531436498 0.05485309145008057 0.015781800943570661 0.063675714650616666 0.016960196471370211 0.022260826643860056 -0.049420235398879332 -0.092891718795898359 -0.041681985634301595 -0.0023557260365140434 0.041605581601599405 -0.016885674988624751 0.074328545044506172 0.044741270923475941 -0.028850887583378698 -0.050414521565039117
leaf_weight=12.077608913183214 19.590828761458397 282.49417115002871 14.202677905559542 11.904114529490469 18.75066152960062 27.290474489331245 17.203048914670944 21.42785232514143 10.89943900704384 20.501107573509216 10.321759805083277 23.365086004137993 14.93507858365774 25.556720726191998 20.925098299980164 12.310629129409788 12.66119262576103 10.903790608048437 20.172566540539265
leaf_count=53 88 1261 63 54 83 124 81 92 55 106 54 105 69 114 97 52 58 50 96
internal_value=-5.80671e-06 -0.00133045 0.0128034 -0.0102423 0.0323196 0.000353181 0.003798 -0.00955106 0.00779736 -0.024539 -0.0252723 -0.0107236 -0.000936129 0.0283487 0.0152741 0.037893 0.00251733 -0.0599933 -0.0299699
internal_weight=607.494 550.559 56.9351 26.1068 30.8283 530.968 393.948 137.02 65.139 31.4005 71.8811 50.6556 330.263 63.6849 46.4818 33.7385 295.155 21.2256 35.1076
internal_count=2755 2502 253 117 136 2414 1776 638 305 161 333 229 1484 292 211 144 1319 104 165
is_linear=0
shrinkage=0.08


Tree=54
num_leaves=27
num_cat=0
split_feature=9 15 20 2 12 2 12 2 2 9 13 19 9 9 7 22 5 20 12 7 9 15 1 2 22 13
split_gain=1.57264 6.64824 9.27252 7.00751 5.14141 3.51362 8.39842 10.4465 7.16595 5.97317 5.41964 5.29894 5.13378 6.61225 6.86792 5.13714 8.43917 5.03817 4.45082 4.38446 4.13282 3.76234 3.05762 2.54918 1.85158 1.02589
threshold=0.46218647016546632 0.0019159439656070002 0.67015766452087322 0.0066375222499984506 0.38878832137275859 0.0059762303628532005 -0.34811815055988621 0.0077608067038935505 0.0052555697735438009 0.48238424173407474 0.032143746551622457 0.23353044780210755 0.48397389438048083 0.49943364474829444 -0.68761989235620791 5.3508196257708542 -0.00057363702377249981 0.66414753311151642 0.27993820430627969 -0.099512833564214739 0.47531566098074529 0.0037800943987076501 -0.14455072412569328 0.0089622286153733521 5.4331179150784914 0.14115413128915891
decision_type=2 2 2 2 2 2 2 2 2 2 2 2 2 2 2 2 2 2 2 2 2 2 2 2 2 2
left_child=1 2 3 4 -1 8 7 -7 12 11 -11 20 15 14 -14 -2 -17 -15 -10 -13 -8 -12 -5 -24 -20 -4
right_child=5 -3 25 22 -6 6 9 -9 18 10 21 19 13 17 -16 16 -18 -19 24 -21 -22 -23 23 -25 -26 -27
leaf_value=-0.0065984589621007122 0.013288342458216475 -0.037003506551363356 0.08506857956080037 0.014201130490594372 0.06847103032159356 0.011106993798612725 -0.032119741769532167 -0.089417667012766919 -4.4635396442517786e-05 0.062810964540388176 0.00015407294831386024 0.050247814562669468 0.0041270566402717588 -0.021090893939482009 0.081730356993504089 -0.091131437752863753 -0.0087326754967052243 0.02530010135347438 -0.042410437849656916 -0.0060599708186457948 0.026720512182292603 -0.043207111104251843 -0.010463419759106392 -0.06278937368985342 -0.084991897994246612 0.04904850441727928
leaf_weight=10.193097010254862 16.730685546994209 16.394300848245621 9.2897292152047175 11.484987929463385 13.669069200754164 13.043278872966768 14.956616297364237 13.426879674196242 12.575820691883562 8.3898964971303922 186.86265313625336 45.465832337737083 15.633713454008104 43.835417911410332 13.689882025122641 13.082074031233786 20.297514870762825 22.762562856078148 19.029384136199955 10.989520221948622 15.616514608263968 13.748957999050615 12.189014390110971 11.657318592071531 9.9543024227023107 11.115495979785917
leaf_count=51 73 74 51 51 69 57 64 64 57 36 851 197 67 209 58 58 91 102 87 51 67 67 53 51 50 49
internal_value=-6.70702e-06 0.00938712 0.0189418 0.00291049 0.0364039 -0.00177451 0.00328939 -0.0398837 -0.0104802 0.0071498 -0.000183179 0.0247602 -0.00213891 0.0087026 0.0403566 -0.0228918 -0.0410263 -0.00523489 -0.0397897 0.039287 -0.0020646 -0.00281769 -0.0197104 -0.036043 -0.0570348 0.0654471
internal_weight=606.085 95.993 79.5987 59.1935 23.8622 510.092 322.5 26.4702 187.591 296.03 209.002 87.0285 146.032 95.9216 29.3236 50.1103 33.3796 66.598 41.5595 56.4554 30.5731 200.612 35.3313 23.8463 28.9837 20.4052
internal_count=2755 449 375 275 120 2306 1454 121 852 1333 954 379 658 436 125 222 149 311 194 248 131 918 155 104 137 100
is_linear=0
shrinkage=0.08


Tree=55
num_leaves=14
num_cat=0
split_feature=28 5 8 7 13 11 3 13 6 8 22 3 7
split_gain=1.60495 6.21527 4.9468 4.85231 3.14863 4.77744 5.40937 2.84114 5.84703 6.75647 4.30724 7.96465 5.66507
threshold=0.0031637907383468005 -0.0069482654502224491 -0.0051622620970401493 -0.16302876741505037 0.08163829588831216 0.40842160285686591 0.0037859283790511503 0.065868828112544756 0.00081436840529380014 0.0005574413894862501 4.9513507631230391 0.0018159890937359503 -0.30803291589420062
decision_type=2 2 2 2 2 2 2 2 2 2 2 2 2
left_child=1 -1 -3 -2 -5 6 -6 8 -4 -10 11 -9 -12
right_child=3 2 7 4 5 -7 -8 10 9 -11 12 -13 -14
leaf_value=-0.044193590626320445 0.057732287451279812 0.060146179260475469 -0.052664933537063058 0.036613902362003875 0.0043920667509972176 0.027432573849277914 -0.071038466142818446 -0.0018071296611758617 0.018783087803124512 -0.041724564164932039 0.0032592271641108546 0.057882449193055914 -0.021827948598820993
leaf_weight=20.889480426907539 12.054308302700518 8.6950784772634488 19.626605994999409 12.21069550514221 12.840064883232118 13.879891164600847 11.564980849623678 36.426765419542789 35.158841073513031 17.785374268889427 307.83997473865747 23.560832545161247 70.870253309607506
leaf_count=96 55 37 94 53 58 69 55 173 155 83 1405 103 319
internal_value=-4.36633e-06 -0.00140747 0.000311455 0.0121279 0.00124126 -0.0100406 -0.0313527 -0.000706146 -0.0153688 -0.00154305 0.0017194 0.0216367 -0.00143548
internal_weight=603.403 540.853 519.964 62.5499 50.4956 38.2849 24.405 511.269 72.5708 52.9442 438.698 59.9876 378.71
internal_count=2755 2465 2369 290 235 182 113 2332 332 238 2000 276 1724
is_linear=0
shrinkage=0.08


Tree=56
num_leaves=10
num_cat=0
split_feature=8 1 11 12 13 15 12 13 7
split_gain=1.51934 4.00334 2.35966 3.01963 7.15846 5.26742 3.75724 6.1628 3.3338
threshold=-0.0088741437138872992 -0.28020003670431487 -1.538522739950585 1.6093746197908045 0.35003201913101917 -0.00096369014054029989 0.83679572334948704 0.31412425347217204 -0.11674561420394539
decision_type=2 2 2 2 2 2 2 2 2
left_child=-1 -2 -3 6 -5 -6 8 -8 -4
right_child=1 2 3 4 5 -7 7 -9 -10
leaf_value=0.025570791425175522 -0.04612301019858954 0.030058460332856952 -0.0042079087374678782 -0.059248037935719963 0.0283444459661879 -0.015546058677483378 0.026539196123201735 -0.020273457481560002 0.021955548083266975
leaf_weight=14.508444949984549 12.127193003892897 16.587490245699883 317.91742569953203 17.6533587500453 24.197524785995483 63.224979631602764 78.477883026003838 23.354452028870583 34.557624146342278
leaf_count=66 57 79 1446 83 111 299 348 109 157
internal_value=-4.1287e-06 -0.000635065 0.000322694 -0.000559066 -0.0127809 -0.00339768 0.00226769 0.0158031 -0.00164277
internal_weight=602.606 588.098 575.971 559.383 105.076 87.4225 454.307 101.832 352.475
internal_count=2755 2689 2632 2553 493 410 2060 457 1603
is_linear=0
shrinkage=0.08


Tree=57
num_leaves=17
num_cat=0
split_feature=6 6 26 28 8 1 2 2 8 18 0 0 0 12 9 9
split_gain=1.42381 1.94905 5.75789 6.89036 5.33416 4.1269 5.18209 6.55468 3.9184 3.34592 5.00023 9.91915 9.29447 4.77009 4.18133 1.96135
threshold=0.0044861527265714508 0.0012902280158218502 0.0010069231837666502 0.0027035987887992006 0.0039569970037374004 0.10124086853593892 0.0059762303628532005 0.0052820999338526005 -0.0026700905450551494 1.0000000180025095e-35 46.94139516576967 55.360572413880242 33.917108205403999 -0.35807517768072866 0.47462255430941475 0.48702400549358127
decision_type=2 2 2 2 2 2 2 2 2 2 2 2 2 2 2 2
left_child=1 4 3 -3 5 6 7 -1 -8 13 12 -12 -11 -4 -15 -5
right_child=-2 2 9 15 -6 -7 8 -9 -10 10 11 -13 -14 14 -16 -17
leaf_value=0.0031004709257895064 0.024401892680192577 0.010571884456214679 -0.03739162686124084 -0.085186190118795677 0.057761252498168436 -0.038036798085553263 -0.0016752700968244044 -0.035566033553364025 0.032387487685382466 0.0084457519540528589 0.046039795638975499 -0.017265542720940708 -0.050498244761974384 -0.014178967548751977 0.02768156993681669 -0.039214069796762938
leaf_weight=165.66557029634714 14.918452039360998 13.676153145730494 11.584073603153227 11.127133101224901 11.230254843831061 15.918379299342631 34.751625344157219 33.779436133801937 57.171066626906395 31.078892096877098 25.414107799530029 42.051448039710522 38.121231563389301 20.226243823766708 62.343170925974846 12.739525415003298
leaf_count=767 70 67 54 49 49 79 154 158 256 137 116 191 173 90 281 64
internal_value=-4.5127e-06 -0.000624924 -0.00564757 -0.0347034 0.00360684 0.00162769 0.00379469 -0.00344837 0.01951 -0.000921627 -0.00891629 0.00658142 -0.0240255 0.0106828 0.0174274 -0.0606472
internal_weight=601.797 586.878 268.362 37.5428 318.516 307.286 291.368 199.445 91.9227 230.819 136.666 67.4656 69.2001 94.1535 82.5694 23.8667
internal_count=2755 2685 1222 180 1463 1414 1335 925 410 1042 617 307 310 425 371 113
is_linear=0
shrinkage=0.08


Tree=58
num_leaves=23
num_cat=0
split_feature=9 26 20 15 21 7 20 1 28 14 24 24 6 24 20 9 14 13 22 7 7 2
split_gain=1.54893 4.71915 5.05531 4.21045 3.04478 7.34069 3.60054 2.44389 6.18409 4.26604 3.79907 4.57753 3.77274 5.2418 4.33635 3.44218 6.8718 3.83842 3.19897 5.14133 2.94631 1.46967
threshold=0.46269607132467488 0.00052791977837255007 0.6692173409510741 0.00058788573548870012 9.8017572677106859 -0.29812420145675683 0.58915492653056378 0.046509623911219905 0.0029403231113388005 0.00068492482916250011 6.1223812998988084e-05 3.9345862363511015e-05 0.0017057175220830001 0.00017381420656465001 0.52121631762848442 0.47462255430941475 0.00028455557424585007 0.036417192564324304 5.0660402945153118 -0.5226593277542354 -0.73027037120060534 0.019206437934716953
decision_type=2 2 2 2 2 2 2 2 2 2 2 2 2 2 2 2 2 2 2 2 2 2
left_child=1 -1 4 -4 5 -3 -6 10 12 21 11 15 13 -9 -15 16 -2 -17 -12 20 -20 -10
right_child=7 2 3 -5 6 -7 -8 8 9 -11 18 -13 -14 14 -16 17 -18 -19 19 -21 -22 -23
leaf_value=0.062421521963342004 0.001469112825880892 -0.069727848579189192 0.066786655660693833 0.0008411250844688222 -0.010589022415553052 0.0053558712690141451 0.046536372742715777 -0.051063207357293479 0.017681163414622305 -0.016385655230052761 0.056845124688184041 -0.05010177487029871 -0.061655527960523239 -0.045498890103603612 0.009515731160930678 0.044922005037320648 -0.069019257417016797 0.00098705721413795407 6.7974399113707683e-05 -0.021138240568125532 0.052808923693354173 0.056522720131353586
leaf_weight=9.6002940461039525 26.597355633974075 13.808537498116488 12.532007709145548 12.256539165973662 19.401160590350631 21.01760591566563 11.102227024734018 20.057817228138447 14.412999674677851 18.049024641513824 12.015417814254759 12.197481647133825 14.005947127938269 11.858501128852366 40.438660152256489 13.421645373106001 13.266501203179358 245.76028406620026 11.099539592862127 19.361865922808651 17.414981037378311 10.987302765250204
leaf_count=52 117 63 61 59 89 94 52 97 65 82 54 57 65 60 195 58 59 1106 51 91 77 51
internal_value=-4.83493e-06 0.00910054 0.00342025 0.0341803 -0.00825131 -0.0244148 0.0102027 -0.00181735 -0.0112655 0.0133518 0.00148729 -0.00206327 -0.0236508 -0.0162941 -0.00295896 -0.000103873 -0.0219891 0.00326221 0.0199387 0.0106764 0.032279 0.0344827
internal_weight=600.664 99.7184 90.1181 24.7885 65.3295 34.8261 30.5034 500.945 129.81 43.4493 371.135 311.243 86.3609 72.355 52.2972 299.046 39.8639 259.182 59.8918 47.8764 28.5145 25.4003
internal_count=2755 470 418 120 298 157 141 2285 615 198 1670 1397 417 352 255 1340 176 1164 273 219 128 116
is_linear=0
shrinkage=0.08


Tree=59
num_leaves=26
num_cat=0
split_feature=9 12 28 28 11 9 20 2 9 12 9 26 7 22 9 7 13 11 19 13 2 6 19 2 22
split_gain=1.50318 4.67063 4.18829 6.67279 4.58311 7.67572 8.88311 6.57827 4.20716 3.76335 3.41981 2.99944 3.88481 3.43086 4.65033 11.4144 5.91519 4.70498 4.41454 4.40665 4.04426 5.10152 3.23434 2.76211 2.36335
threshold=0.50583085258803417 -0.1517891077355781 0.0028433544745788005 0.0029274867476543503 0.19542490611806171 0.52650115372734274 0.67786700340714356 0.0031229998763975006 0.51745438176915581 0.72218594494428279 0.5171109922538798 0.00050201239716845018 -0.70956844918870932 5.4514595185217027 0.47726537044958844 -0.63863804423547987 0.26247864129665227 0.16576142713874334 0.39835506072217103 0.15835724678511989 0.0034335501308538504 0.00073306275237190017 0.23444599393805188 0.0068155735890247015 5.5021250910797912
decision_type=2 2 2 2 2 2 2 2 2 2 2 2 2 2 2 2 2 2 2 2 2 2 2 2 2
left_child=11 10 4 -4 7 6 -6 -3 -5 -9 -2 12 22 20 17 -16 -17 19 -19 -15 -13 -22 -1 -23 -12
right_child=1 2 3 8 5 -7 -8 9 -10 -11 24 13 -14 14 15 16 -18 18 -20 -21 21 23 -24 -25 -26
leaf_value=0.029236633428565244 -0.016444427158390555 0.012380378359240085 0.055843921767903176 -0.054425573983862101 -0.021901771574398553 -0.056082866049164397 0.069140494927670534 -0.075225865977230438 0.0083047740115667363 -0.027286855743892065 0.065766600717541868 -0.041972752824255825 0.050513281522687276 0.012246441448945707 0.017658255710833518 -0.078905113437269248 -0.0082727272842186075 0.059004333126356993 -0.0087153458704479318 -0.052131482286155696 0.053666725039088689 0.018572873637701097 -0.029185371083525424 -0.00056469827983101804 0.012845367885312976
leaf_weight=12.87728511542082 10.443634197115896 13.10315580666065 12.960514619946478 10.255976840853693 14.322826132178308 11.525218658149241 13.162061661481856 22.145183928310871 20.558491423726082 19.896530762314796 10.804084002971651 11.241382747888563 18.292787492275238 14.695952601730825 21.86016845703125 23.535258769989014 11.199033781886099 14.548604577779772 10.685793593525885 12.672761186957358 14.200912594795225 65.099539376795292 11.463769048452376 186.66557038575411 10.798628434538839
leaf_count=62 48 59 60 51 74 61 59 109 99 94 49 49 86 65 96 111 53 66 50 59 66 290 54 834 51
internal_value=-3.23881e-06 -0.00637019 -0.0127623 0.00768275 -0.0222677 -0.00128252 0.0216969 -0.0371128 -0.0125738 -0.0525384 0.0211419 0.00251921 0.0226567 0.000297351 -0.0117133 -0.0276297 -0.0561318 0.00541078 0.0303277 -0.017563 0.00502858 0.00701515 0.00172195 0.00438375 0.0393127
internal_weight=599.015 169.976 137.93 43.775 94.155 39.0101 27.4849 55.1449 30.8145 42.0417 32.0463 429.039 42.6338 386.405 109.198 56.5945 34.7343 52.6031 25.2344 27.3687 277.207 265.966 24.3411 251.765 21.6027
internal_count=2755 814 666 210 456 194 133 262 150 203 148 1941 202 1739 500 260 164 240 116 124 1239 1190 116 1124 100
is_linear=0
shrinkage=0.08


Tree=60
num_leaves=15
num_cat=0
split_feature=22 26 26 4 13 11 7 7 6 20 2 11 11 12
split_gain=1.50545 6.02076 5.37678 4.97851 3.82369 4.43802 2.22972 5.11407 2.55495 9.57933 5.08677 3.287 5.65607 5.36818
threshold=5.5844008251567567 0.0018412246133487503 0.0012847298802745502 9.2118487811071391e-05 0.11783245371510091 0.40842160285686591 -0.78741500140340015 -0.7616361626410969 0.00071412727296025016 0.68755959775399778 0.0032207983851862006 0.083711962758186764 -0.041578091017926998 -0.34811815055988621
decision_type=2 2 2 2 2 2 2 2 2 2 2 2 2 2
left_child=6 2 3 -2 -5 -6 -1 -8 9 10 -9 12 -10 -13
right_child=1 -3 -4 4 5 -7 7 8 11 -11 -12 13 -14 -15
leaf_value=0.032088664968612381 -0.043890951871309557 0.039650154978522277 -0.071397482335964157 0.0432149500474781 -0.04478514351752854 0.023397069574560524 -0.053811921049577133 -0.034959854814431181 -0.00023114124525886105 0.085857468863096628 0.023411379797082302 -0.065208548605527758 0.029595575965866421 -0.0047044740453011033
leaf_weight=14.875426180660723 18.408452048897743 12.926914244890211 10.898547269403933 12.412052541971205 12.443209752440454 12.003904923796652 10.793458536267279 15.553723596036432 189.23917103558779 10.75990456342697 24.773633748292923 9.8729627281427366 51.835079841315746 189.92061797529459
leaf_count=70 95 58 54 59 60 59 51 71 851 48 121 46 234 878
internal_value=-6.59402e-06 -0.0102862 -0.0200423 -0.00991526 0.0070531 -0.0113066 0.00156413 0.000660967 0.0018561 0.0187923 0.000898374 -0.000106449 0.00618211 -0.00769433
internal_weight=596.717 79.0931 66.1662 55.2676 36.8592 24.4471 517.624 502.749 491.955 51.0873 40.3274 440.868 241.074 199.794
internal_count=2755 385 327 273 178 119 2370 2300 2249 240 192 2009 1085 924
is_linear=0
shrinkage=0.08


Tree=61
num_leaves=12
num_cat=0
split_feature=0 0 11 2 23 13 1 11 11 19 13
split_gain=1.40451 4.20673 5.62093 2.87643 6.1491 6.0076 4.81557 4.97602 3.68571 7.05421 4.50343
threshold=24.892185276771396 22.171548242829754 -0.11708848734722418 0.019206437934716953 1.1717283898631614 0.16932114398453244 0.17001190391705023 -1.538522739950585 -0.77285305186496156 0.23270923763386811 0.065868828112544756
decision_type=2 2 2 2 2 2 2 2 2 2 2
left_child=1 2 -1 6 5 -5 7 -2 9 -9 -10
right_child=3 -3 -4 4 -6 -7 -8 8 10 -11 -12
leaf_value=0.037346674087126046 0.049363095717288544 -0.048825071435611919 -0.027525951016591957 0.083877592420651084 -0.022299390144062556 0.0073666738412194316 -0.046045620666625833 -0.057570137797282137 -0.016533233760337013 0.011409006710526606 0.0051967546516877815
leaf_weight=15.834656372666357 13.178927898406981 14.679400622844694 18.575781926512718 12.714833691716196 13.356335274875162 13.586102254688738 14.413323633372782 19.713981673121452 73.173209808766842 18.292742177844048 368.06891369074583
leaf_count=70 65 66 84 57 61 65 68 91 342 82 1704
internal_value=-7.23575e-06 -0.0129694 0.00232649 0.00115711 0.0219061 0.0443548 -0.000466376 0.000867725 -0.000465855 -0.0243703 0.00159317
internal_weight=595.588 49.0898 34.4104 546.498 39.6573 26.3009 506.841 492.428 479.249 38.0067 441.242
internal_count=2755 220 154 2535 183 122 2352 2284 2219 173 2046
is_linear=0
shrinkage=0.08


Tree=62
num_leaves=22
num_cat=0
split_feature=9 12 28 28 21 4 13 13 6 6 9 4 9 13 28 28 6 19 1 9 22
split_gain=1.36649 4.04348 3.56327 5.6065 4.38223 4.23331 4.01669 5.65653 4.80983 3.57912 3.52157 3.02161 2.38927 2.96154 7.48892 4.04026 7.54955 3.9845 4.1286 3.854 3.16536
threshold=0.50583085258803417 -0.1517891077355781 0.0028433544745788005 0.0029274867476543503 9.8236886313949601 0.00042129342246670002 0.24042520740459419 0.38714569007805671 0.0010003415414557002 0.0010562066409613503 0.52325375907966698 -0.00015467895720454997 0.50313263122339691 0.071952372405684764 0.0028757640900797504 0.0026989890320664 0.0010062269492225001 0.16308112712598397 0.16104549870432547 0.49568074171759874 5.301953626695231
decision_type=2 2 2 2 2 2 2 2 2 2 2 2 2 2 2 2 2 2 2 2 2
left_child=12 11 4 -4 5 9 8 -8 -6 -3 -5 -2 13 14 15 16 -1 -15 19 -19 -20
right_child=1 2 3 10 6 -7 7 -9 -10 -11 -12 -13 -14 17 -16 -17 -18 18 20 -21 -22
leaf_value=-0.045308958052540226 -0.0046388713250961932 -0.057539023222810369 0.05099059504493629 -0.035708878012902227 -0.059207170142139047 -0.074983723598964158 0.056704832506531293 -0.018599561809073448 0.0099907731413930688 0.0020684192786270175 0.018998126914530421 0.044762165764074303 0.032237588777274111 -0.039305138889336767 0.031240748218770174 -0.06452584724293893 0.036320447925955936 0.0052907426512362977 0.003253079740535856 0.035338322877676909 -0.056068046564570477
leaf_weight=19.220874130725864 16.131390713155273 10.656832136213781 12.923609115183352 17.263286791741852 14.047912806272508 14.578336410224436 12.151661753654482 13.449991099536417 11.852919243276117 16.319859556853771 13.357422254979609 15.574560955166815 16.513890624046326 13.02634586393833 16.6752700060606 15.544802382588385 11.6438797339797 280.48827283829451 11.33118672668934 30.267507985234261 11.702174633741377
leaf_count=88 76 54 60 87 75 71 58 67 56 75 63 72 73 62 74 69 57 1275 51 137 55
internal_value=-6.2727e-06 -0.00611007 -0.012084 0.00680447 -0.0209224 -0.0402494 -0.00532835 0.0171432 -0.0275403 -0.0214788 -0.0118445 0.0196278 0.00240293 0.00120096 -0.014743 -0.0312653 -0.0145139 0.00410113 0.00579509 0.00821737 -0.0268852
internal_weight=594.722 168.308 136.602 43.5443 93.0575 41.555 51.5025 25.6017 25.9008 26.9767 30.6207 31.706 426.414 409.9 63.0848 46.4096 30.8648 346.815 333.789 310.756 23.0334
internal_count=2755 814 666 210 456 200 256 125 131 129 150 148 1941 1868 288 214 145 1580 1518 1412 106
is_linear=0
shrinkage=0.08


Tree=63
num_leaves=16
num_cat=0
split_feature=15 12 12 6 14 6 22 9 6 20 15 21 28 13 13
split_gain=1.34562 4.98711 5.30704 3.60519 3.50859 5.34472 4.94679 3.15255 2.97304 2.89974 3.85642 3.74402 6.34628 4.30537 3.41529
threshold=0.0011038068769349001 3.4926759790022039 1.9375895443912621 0.0036360130853471005 0.0023506243770806006 0.0014372390167316502 5.5970753320101574 0.51318575723852555 0.0029462058616109505 0.53686256004504185 0.00091593094769400012 10.074956804560225 0.0026463113963700003 0.17344238384487773 0.070520502199177174
decision_type=2 2 2 2 2 2 2 2 2 2 2 2 2 2 2
left_child=3 2 4 8 5 6 -2 -7 9 11 14 12 -1 -13 -11
right_child=1 -3 -4 -5 -6 7 -8 -9 -10 10 -12 13 -14 -15 -16
leaf_value=-0.062625291711688208 0.019770603348037433 0.033139668127568002 -0.066106156489728674 0.046042061685070641 0.026608450313857581 -0.043589236191806907 -0.033829655477806857 0.0052219092997624937 -0.040262236196627679 -0.01468238710797177 0.049515005452336419 0.059525216815738011 -0.0066174389411408283 -0.0085503940658628371 0.0081644674404945106
leaf_weight=15.648353956639765 38.476108707487583 17.726087518036366 10.686408512294291 11.677478656172751 16.815620623528957 36.731964275240898 15.442500725388525 11.005813747644423 10.896548062562941 50.496290273964405 12.565328523516653 9.9475135579705256 75.031524449586868 14.779874563217161 245.26864667981863
leaf_count=75 173 88 53 56 75 168 72 53 48 240 57 50 353 73 1121
internal_value=-9.24456e-06 -0.006651 -0.012112 0.00217661 -0.00724161 -0.012841 0.00441928 -0.032336 0.000998057 0.00205908 0.00610791 -0.00875807 -0.0162825 0.0188356 0.0042638
internal_weight=593.196 146.885 129.158 446.312 118.472 101.656 53.9186 47.7378 434.634 423.738 308.33 115.407 90.6799 24.7274 295.765
internal_count=2755 682 594 2073 541 466 245 221 2017 1969 1418 551 428 123 1361
is_linear=0
shrinkage=0.08


Tree=64
num_leaves=14
num_cat=0
split_feature=24 8 8 26 12 12 5 12 8 24 11 9 10
split_gain=1.35689 4.54779 3.15042 2.34397 1.92903 5.49563 5.34232 5.24088 4.17672 3.45667 2.76115 7.80337 4.95044
threshold=-0.00050697020363344987 -0.0052729894917434997 -0.0047673962825509992 0.0030685835839659001 3.4117786426974983 4.4911792747602215 0.0013052762196340002 2.1312284864868647 -0.0012406531029123498 7.3971500475221812e-05 0.3591688587647317 0.47700665553486604 0.5013845991263951
decision_type=2 2 2 2 2 2 2 2 2 2 2 2 2
left_child=1 3 -2 -1 7 -6 -7 10 -9 -10 12 -12 -4
right_child=2 -3 4 -5 5 6 -8 8 9 -11 11 -13 -14
leaf_value=0.025099250739909439 0.036051911850285716 -0.051718982278002035 0.0017759960488049817 -0.018603743915551939 0.051500274879020883 0.027794937469495656 -0.048972013511296326 0.0073117366595249677 -0.081691190308157427 -0.017232343494239598 0.024332856050735503 -0.024634291895264192 0.040954114716561178
leaf_weight=15.858001925051214 16.013356655836105 13.744313195347784 333.44203602522612 15.562074631452559 16.967912077903748 12.318608149886133 10.966976605355738 11.22564612329006 11.9096652045846 9.629429101943968 29.103770911693573 73.249634191393852 22.003390237689018
leaf_count=74 71 63 1527 72 82 60 56 50 59 51 130 356 104
internal_value=-9.41526e-06 -0.0133364 0.0010913 0.00345356 3.6632e-05 0.0168724 -0.00836054 -0.00134484 -0.0322534 -0.0528737 0.000867294 -0.0107107 0.00420127
internal_weight=591.995 45.1644 546.83 31.4201 530.817 40.2535 23.2856 490.564 32.7647 21.5391 457.799 102.353 355.445
internal_count=2755 209 2546 146 2475 198 116 2277 160 110 2117 486 1631
is_linear=0
shrinkage=0.08


Tree=65
num_leaves=16
num_cat=0
split_feature=19 2 19 28 1 2 28 11 28 6 9 6 23 7 0
split_gain=1.43064 6.12822 5.43556 4.38595 4.83539 5.12949 5.17679 3.61204 5.68073 4.09178 3.91831 5.47747 3.97051 3.81164 3.59645
threshold=0.25408098570428705 0.019206437934716953 0.26357654622167287 0.0030346395851876505 -0.12482940091791044 0.010125880327343051 0.0028433544745788005 -0.69010009544645634 0.0026212073225108505 0.0011718110562277501 0.48275333707170337 0.00063194208283170008 -1.727991336354503 -0.31559357660475928 47.5633326663202
decision_type=2 2 2 2 2 2 2 2 2 2 2 2 2 2 2
left_child=1 3 -2 4 -1 6 -6 9 -9 -4 12 -12 -10 -11 -5
right_child=2 -3 7 14 5 -7 -8 8 10 13 11 -13 -14 -15 -16
leaf_value=0.052238876486254922 -0.057975067798809031 0.053160770046501778 0.054817033017003032 -0.06480987761642637 -0.00023871023703510159 -0.039196682142696407 0.032526769904122302 -0.047135850278530865 -0.016286141046997743 -0.033897181554471037 0.050338830064785595 -0.016237155025373515 0.020022311283593459 0.028428786805698044 -0.0021494999298274364
leaf_weight=12.736912712454794 11.485296465456484 15.301166608929632 14.259941935539244 11.165122695267202 196.52837893366814 18.194979965686798 36.609615795314312 19.315741032361984 26.529605776071548 11.111891433596609 8.5121744498610479 111.62584567070007 70.496937662363052 14.441626459360124 12.343123517930506
leaf_count=55 55 70 64 58 927 84 164 95 124 50 39 521 324 64 61
internal_value=-1.00719e-05 0.00382772 -0.00404924 0.00120286 0.00415064 0.00171365 0.00490645 -0.00180759 -0.00556076 0.0204851 -0.00186286 -0.01152 0.0100946 0.00132648 -0.0319097
internal_weight=590.658 302.879 287.779 287.578 264.07 251.333 233.138 276.294 236.48 39.8135 217.165 120.138 97.0265 25.5535 23.5082
internal_count=2755 1419 1336 1349 1230 1175 1091 1281 1103 178 1008 560 448 114 119
is_linear=0
shrinkage=0.08


Tree=66
num_leaves=20
num_cat=0
split_feature=14 14 20 19 13 15 14 12 12 13 15 6 2 9 12 19 20 13 9
split_gain=1.35214 6.21008 5.42369 4.22239 4.99122 4.24415 3.66075 3.16581 3.15572 4.29831 4.34036 4.44953 3.21237 2.89685 4.62609 4.19215 3.78141 3.96885 2.64221
threshold=0.00043130256255000007 0.00056895534341965014 0.40032086060102129 0.41964596350123456 0.1641132849865852 -0.00099400396529719984 0.00032399276785215002 0.49044906254812398 1.5914453705663008 0.35003201913101917 -0.00060635465142139992 0.0012329902251694003 0.0084819205580440021 0.46442522842340478 0.80515176483091266 0.41665421507196265 0.39531570632549068 0.20737070752669703 0.48448267894290969
decision_type=2 2 2 2 2 2 2 2 2 2 2 2 2 2 2 2 2 2 2
left_child=6 18 -3 5 -5 -4 8 -7 13 -10 12 -12 -11 14 15 -1 -15 -18 -2
right_child=1 2 3 4 -6 7 -8 -9 9 10 11 -13 -14 16 -16 -17 17 -19 -20
leaf_value=0.026330194664756008 -0.071954025973726743 -0.058756736778310323 -0.02991980455578978 -0.059780615998024214 0.0097173845601181939 0.0011358043987725959 0.035295210795715945 0.028369357478647182 -0.051354926620281953 0.040728955938065907 0.00064087888708574113 -0.0531246670027401 -0.010836435129611301 0.047563622400846994 0.070568812887699825 -0.032388843743591106 -0.0065606043700275445 0.017836340184768148 -0.01809337540416334
leaf_weight=27.824976272881031 11.337917380034925 9.4907091408967954 15.15621607750654 13.382149264216425 13.076065346598623 52.707204006612301 20.756825730204582 56.713420517742634 15.129647955298422 17.477094449102882 23.683149866759777 16.867103792726994 13.866562463343142 10.784903928637503 10.16328603774309 10.802367493510245 182.83493815362453 55.668493054807186 11.997239433228968
leaf_count=140 52 47 69 63 59 239 99 258 73 83 113 86 66 49 50 49 849 253 58
internal_value=-9.26638e-06 -0.00570068 -9.50235e-05 0.00359115 -0.0254336 0.00975556 0.00256904 0.0152511 0.000805115 -0.0125978 -0.00444157 -0.0217232 0.0179162 0.00471806 0.0225447 0.00990906 0.00122903 -0.000866174 -0.0442628
internal_weight=589.72 183.861 160.526 151.035 26.4582 124.577 405.859 109.421 385.103 87.0236 71.8939 40.5503 31.3437 298.079 48.7906 38.6273 249.288 238.503 23.3352
internal_count=2755 845 735 688 122 566 1910 497 1811 421 348 199 149 1390 239 189 1151 1102 110
is_linear=0
shrinkage=0.08


Tree=67
num_leaves=20
num_cat=0
split_feature=9 11 4 9 0 28 21 4 3 16 13 9 13 12 23 11 12 0 9
split_gain=1.32831 4.17549 3.98829 5.29902 6.42187 4.40383 8.14393 6.25442 6.11455 4.59239 2.2661 2.15198 2.26389 9.19633 5.15044 4.58491 6.23938 3.95319 5.26807
threshold=0.50583085258803417 0.60915265844831157 -0.00096364343188159996 0.51745438176915581 42.081553675365008 0.0028433544745788005 9.8203392613600204 0.00017640798945480003 0.0023711124205176505 1.0000000180025095e-35 0.14425914159866193 0.50313263122339691 0.37579701523352543 1.6093746197908045 -1.2711239692736045 -0.66279201408302868 0.83679572334948704 39.908876539222639 0.4796343409626091
decision_type=2 2 2 2 2 2 2 2 2 2 2 2 2 2 2 2 2 2 2
left_child=11 2 3 10 -5 6 7 -4 -7 -8 -2 12 13 15 -14 -1 -17 -16 -19
right_child=1 -3 5 4 -6 8 9 -9 -10 -11 -12 -13 14 -15 17 16 -18 18 -20
leaf_value=-0.04151379818112471 -0.067478990485050752 -0.049656160935022051 0.010911713042705738 0.038723166608328918 -0.037287399897151352 0.082170772540165138 0.0025281248940341563 -0.066784674371687502 -0.0013982030650767866 0.057666570763378784 -0.02061299544609908 0.030753612521800224 0.050765647582952232 -0.060231770191642039 -0.038046947671508173 -0.0023468306846728642 0.026210214401210321 0.039930526237637681 -0.014120392721302038
leaf_weight=15.166481509804724 13.997829288244249 12.968423023819922 10.905841886997225 15.681521043181421 13.019961006939409 10.700854986906053 34.111675329506397 16.915459766983986 11.763096652925013 13.49073391407728 12.499074071645735 16.435548529028893 18.202553257346153 16.305804446339607 12.406136348843573 235.99976903945208 61.785486817359924 23.00838615000248 23.154172539710999
leaf_count=66 66 77 53 69 70 49 168 82 57 62 61 73 84 77 57 1083 277 111 113
internal_value=-8.39415e-06 -0.00607057 -0.0023783 -0.0195739 0.00424221 0.0073182 -0.00194222 -0.036328 0.0384104 0.0181546 -0.0453714 0.00237442 0.00122566 -0.00165884 0.0135968 0.001393 0.00357828 0.00204504 0.0128197
internal_weight=588.519 166.054 153.086 55.1984 28.7015 97.8877 75.4237 27.8213 22.464 47.6024 26.4969 422.464 406.029 329.258 76.7712 312.952 297.785 58.5687 46.1626
internal_count=2755 814 737 266 139 471 365 135 106 230 127 1941 1868 1503 365 1426 1360 281 224
is_linear=0
shrinkage=0.08


Tree=68
num_leaves=18
num_cat=0
split_feature=13 10 7 2 19 4 2 13 13 12 15 20 2 7 4 19 14
split_gain=1.40582 6.01073 4.71249 5.49323 5.832 6.61173 5.46711 4.86024 4.29269 4.15353 4.24936 4.01764 3.84907 3.45431 3.31354 3.65837 1.75798
threshold=0.12169055022200066 0.5013845991263951 -0.22792839614265689 0.012457122678742652 0.15085098308099087 -0.00021472294351084997 0.010536642440437352 0.071952372405684764 0.14276824498108667 0.25887108056038977 0.00025406765165480002 0.40032086060102129 0.019206437934716953 -0.48879403496531504 0.0045150793793918504 0.48585559756039082 -0.00021485903404974997
decision_type=2 2 2 2 2 2 2 2 2 2 2 2 2 2 2 2 2
left_child=1 2 3 4 5 -1 -4 -6 13 10 -10 -11 -8 -2 15 -13 -15
right_child=8 -3 6 -5 7 -7 12 -9 9 11 -12 14 -14 16 -16 -17 -18
leaf_value=-0.088436868880117953 -0.0011562383488613094 0.055312746067716974 0.069093582809457363 -0.053353124002678956 -0.011694404480238745 0.0012296721183939782 -0.023507180025032614 0.019599977516558998 0.060286653694843588 -0.042349608323412551 -0.0065970647405513474 -0.00061086152878125129 0.034609011970929526 -0.024432931356827871 -0.035722571802195076 0.040606705081346152 -0.069812429624413058
leaf_weight=9.5420775637030619 17.142713956534863 14.235104493796824 12.794561475515364 13.539424329996107 55.527721457183361 11.736210778355597 14.182814553380014 74.209680765867233 14.091814011335375 15.467835307121275 10.692216441035269 255.65762019902468 15.015286847949026 10.07113064825535 16.122796982526779 14.566955991089342 11.941990062594412
leaf_count=51 84 67 54 64 258 55 64 343 65 80 50 1198 69 49 78 69 57
internal_value=-8.9189e-06 0.00503212 0.00156682 -0.00453748 -0.00016088 -0.0389806 0.0254875 0.00620595 -0.00305187 -5.09762e-05 0.031432 -0.00263625 0.0063794 -0.0280823 -0.000491023 0.00161105 -0.049051
internal_weight=586.538 220.783 206.548 164.555 151.016 21.2783 41.9927 129.737 365.755 326.599 24.784 301.815 29.1981 39.1558 286.347 270.225 22.0131
internal_count=2755 1025 958 771 707 106 187 601 1730 1540 115 1425 133 190 1345 1267 106
is_linear=0
shrinkage=0.08


Tree=69
num_leaves=15
num_cat=0
split_feature=14 15 8 28 15 15 6 5 20 20 19 6 6 11
split_gain=1.24984 3.64752 5.95084 3.5181 3.82986 5.14209 3.82034 3.6295 3.18742 7.19368 3.16023 2.90439 5.56404 4.99537
threshold=6.6712536612590959e-05 0.0011304166247758003 0.0022151152796700507 0.0032163090052394002 -0.0013290308935778499 -0.0011584875777276497 0.0021765539766679005 0.00091830836264145013 0.40032086060102129 0.43732371714836371 0.18480480754585923 0.00050739178630085011 0.00065670877246725009 0.050159416926641005
decision_type=2 2 2 2 2 2 2 2 2 2 2 2 2 2
left_child=1 3 -3 4 6 -6 10 -7 -2 -10 -1 -11 -13 -14
right_child=8 2 -4 -5 5 7 -8 -9 9 11 -12 12 13 -15
leaf_value=-0.041056181789221081 -0.040563159505542297 -0.051652084435857865 0.015513632439317519 0.039932490154072443 0.060157711249929142 0.016159445709394898 0.032252194329637926 -0.01056315481744899 0.065605111956711509 -0.043591858518996551 -0.0056481355721317216 0.045259665244615228 0.0060326529811758588 -0.018262744344158224
leaf_weight=20.985002346336842 14.467688649892805 18.710030153393745 15.38386060297489 18.65079590678215 12.895743086934088 100.29085356742144 13.182781055569647 48.144244000315666 9.7000221684575063 11.669028364121912 69.761277578771114 14.518427863717077 110.30113614350557 106.4189692363143
leaf_count=107 73 92 75 92 58 472 59 234 45 58 314 70 504 502
internal_value=-9.70297e-06 0.00337881 -0.0213455 0.00634787 0.00398649 0.0117018 -0.00799018 0.00749209 -0.00404438 -0.00195282 -0.0138362 -0.00465061 -0.00268552 -0.00589744
internal_weight=585.08 318.005 34.0939 283.911 265.26 161.331 103.929 148.435 267.075 252.608 90.7463 242.908 231.239 216.72
internal_count=2755 1503 167 1336 1244 764 480 706 1252 1179 421 1134 1076 1006
is_linear=0
shrinkage=0.08


Tree=70
num_leaves=16
num_cat=0
split_feature=19 2 19 8 28 25 11 8 7 11 28 9 25 9 9
split_gain=1.29004 4.95834 4.42423 4.32798 3.99965 4.27157 5.72464 3.97749 3.24601 4.49931 5.48775 4.67836 3.91614 2.64072 1.42334
threshold=0.25408098570428705 0.019206437934716953 0.26357654622167287 0.0030165360992077004 0.0030346395851876505 0.0011865935231728504 -0.77285305186496156 -0.00018556081923664999 -0.049018775260008293 -0.69010009544645634 0.0026212073225108505 0.48275333707170337 0.00016168935847735003 0.48504229075659183 0.49143750512416146
decision_type=2 2 2 2 2 2 2 2 2 2 2 2 2 2 2
left_child=1 3 -2 4 5 6 -1 -7 9 13 -11 -12 -10 -4 -6
right_child=2 -3 8 -5 14 7 -8 -9 12 10 11 -13 -14 -15 -16
leaf_value=-0.036883371203997289 -0.052930978303442171 0.04838342258503471 0.002434473285176745 -0.049058086994643715 -0.010114468686881966 -0.0036811887121187825 0.0063014723874369322 0.056303223255062373 0.0003265972405569411 -0.044307599021079586 0.014584697162910408 -0.010489368058451416 -0.061184712174092722 0.046838961808463003 -0.053026073240605237
leaf_weight=21.762822732329369 11.294725909829138 15.0648146122694 15.105129539966581 10.523744493722914 9.9638244807720202 11.235750600695612 201.93513730913401 19.103738747537136 14.193073540925981 19.062658295035362 85.930492326617241 106.83109845966101 12.421356812119482 19.815602824091911 9.8250730931758863
leaf_count=103 55 70 70 50 49 51 958 84 68 95 398 504 57 89 54
internal_value=-9.13623e-06 0.00365677 -0.00386514 0.00128716 0.00322204 0.00592056 0.00210016 0.0340889 -0.00183783 0.00102525 -0.003361 0.000688309 -0.0283817 0.0276316 -0.0314198
internal_weight=584.069 299.415 284.654 284.35 273.826 254.037 223.698 30.3395 273.359 246.745 211.824 192.762 26.6144 34.9207 19.7889
internal_count=2755 1419 1336 1349 1299 1196 1061 135 1281 1156 997 902 125 159 103
is_linear=0
shrinkage=0.08


Tree=71
num_leaves=19
num_cat=0
split_feature=0 0 11 4 20 13 22 13 15 3 6 13 1 26 13 22 6 1
split_gain=1.32869 3.44781 3.97872 2.0225 5.51063 4.42271 7.26045 4.84721 3.6798 3.39566 2.91609 8.14285 3.76132 3.41526 7.96183 4.40882 2.47445 1.60775
threshold=24.892185276771396 22.171548242829754 -0.11708848734722418 -0.0023426823938815498 0.67786700340714356 0.21447018640749424 5.1254629980561441 0.12749894141342841 -0.0018778079737751998 0.0018354701132592504 0.0025085314518298006 0.078708993133971852 0.097270727663307313 0.0018412246133487503 0.19492398159192528 5.5724011347388549 0.0020387006225570507 -0.067797661047940438
decision_type=2 2 2 2 2 2 2 2 2 2 2 2 2 2 2 2 2 2
left_child=1 2 -1 4 5 7 16 17 9 -5 13 -12 -13 15 -15 -10 -7 -2
right_child=3 -3 -4 8 -6 6 -8 -9 10 -11 11 12 -14 14 -16 -17 -18 -19
leaf_value=0.031243108810437001 -0.014665219822363407 -0.045567742519171651 -0.023967429370095186 -0.056994204705919621 0.055520125490922646 0.079847571112735466 -0.02466211189555537 -0.05368266503672043 0.0043814343521273195 -0.0032149100319658762 0.03488024484238831 -0.01709125239382207 -0.079819049571632578 0.040599354722399651 -0.010588714248665945 -0.018537026937989535 0.025102069697933448 0.027906330717599265
leaf_weight=15.375127553939818 11.498823583126066 14.364945411682127 18.292505688965321 13.917983666062357 15.52963876724243 10.523473739624025 12.44483859837055 13.857379034161566 234.69513483345509 16.330695815384388 11.445343434810637 12.902655377984049 11.634374193847178 43.714541390538216 35.031392022967339 69.665168024599552 10.612875059247015 11.214901864528658
leaf_count=70 51 66 84 68 74 48 58 66 1113 76 52 62 55 193 167 350 52 50
internal_value=-8.86418e-06 -0.0127546 0.00124578 0.00113541 0.0123994 0.00285373 0.0238158 -0.0163946 -0.00101246 -0.0279598 0.000932524 -0.0208422 -0.046834 0.00297766 0.0178275 -0.000864383 0.052359 0.00635448
internal_weight=583.052 48.0326 33.6676 535.019 85.6819 70.1523 33.5812 36.5711 449.337 30.2487 419.089 35.9824 24.537 383.106 78.7459 304.36 21.1363 22.7137
internal_count=2755 220 154 2535 399 325 158 167 2136 144 1992 169 117 1823 360 1463 100 101
is_linear=0
shrinkage=0.08


Tree=72
num_leaves=13
num_cat=0
split_feature=24 8 8 28 23 1 11 20 4 20 19 4
split_gain=1.25133 3.78825 3.3464 2.22545 1.7481 1.74801 5.75902 7.7345 4.55304 4.12852 7.01652 3.81174
threshold=-0.00052915010265539985 -0.0052729894917434997 -0.0047673962825509992 0.0031637907383468005 -2.3146192809988904 -0.012760458535510048 -0.31007693925215729 0.61104509451187028 -0.0032207703908356997 0.52304679778233298 0.40333748638201755 -0.0025727381747869993
decision_type=2 2 2 2 2 2 2 2 2 2 2 2
left_child=1 3 -2 -1 -4 6 7 -6 -8 10 -7 -11
right_child=2 -3 4 -5 5 9 8 -9 -10 11 -12 -13
leaf_value=-0.021751069791270533 0.036749944885259359 -0.053341008973270022 -0.022712135614004831 0.021493352672522323 0.059226833163015143 -0.035069175486947761 -0.052571096818868873 -0.00056761935895732047 0.0021721839104282899 0.035068625084384568 0.029781832617295289 -0.0013829516691744629
leaf_weight=14.361428171396257 16.273677572607994 11.122011259198187 20.979655429720879 16.215732201933861 26.975767247378826 49.963783532381058 10.407587528228758 28.442761242389679 147.91720948368311 20.162880815565586 13.579451359808443 205.31977873295546
leaf_count=68 73 53 95 77 126 253 50 131 679 95 64 991
internal_value=-7.67064e-06 -0.0133601 0.00102337 0.00118239 -8.67088e-05 0.00085741 0.0063427 0.0285382 -0.0014264 -0.00319913 -0.0212102 0.00187658
internal_weight=581.722 41.6992 540.023 30.5772 523.749 502.769 213.743 55.4185 158.325 289.026 63.5432 225.483
internal_count=2755 198 2557 145 2484 2389 986 257 729 1403 317 1086
is_linear=0
shrinkage=0.08


Tree=73
num_leaves=8
num_cat=0
split_feature=23 23 23 14 14 13 22
split_gain=1.22991 2.31099 2.5092 2.65668 5.4075 3.57106 2.01722
threshold=-3.2498853210253844 -2.6646069803786658 -2.3146192809988904 -0.0016655009462268498 -0.0013683168929197996 0.16800022314335958 5.0660402945153118
decision_type=2 2 2 2 2 2 2
left_child=-1 -2 -3 5 -5 -4 -6
right_child=1 2 3 4 6 -7 -8
leaf_value=-0.024906664704357512 0.035488993895585075 -0.030891567494861594 0.045071741663108282 -0.050458695322388003 0.0097505995476329672 -0.0033130152793981104 -0.0023245446141835218
leaf_weight=12.423676669597624 11.855074554681776 16.548230662941933 19.486459761857986 13.669345542788504 116.32480645179749 19.563635759055614 370.714544698596
leaf_count=55 55 77 90 65 560 91 1762
internal_value=-6.33437e-06 0.000538147 -0.000206666 0.000734089 -0.000833305 0.0208316 0.000559491
internal_weight=580.586 568.162 556.307 539.759 500.709 39.0501 487.039
internal_count=2755 2700 2645 2568 2387 181 2322
is_linear=0
shrinkage=0.08


Tree=74
num_leaves=30
num_cat=0
split_feature=6 4 28 7 0 8 12 7 15 15 3 18 6 1 24 2 24 19 6 6 2 1 15 21 20 25 25 25 1
split_gain=1.31484 4.66418 4.2924 6.40503 6.25222 7.24744 5.49168 4.99275 5.46941 8.26049 5.00744 4.49846 4.36492 4.07986 4.45705 3.9368 3.49304 6.62034 5.32397 5.05836 4.96562 5.37462 4.85698 3.39389 3.38741 2.87928 3.94714 2.71821 1.5146
threshold=0.0012902280158218502 0.0024633719329536004 0.0028433544745788005 -0.16302876741505037 39.908876539222639 -0.0051622620970401493 -0.25135792846457011 -0.49729158079075159 -0.0026400077351577994 0.00016032162296810004 0.0011767541778630504 1.0000000180025095e-35 0.0016488829687203003 0.097270727663307313 -0.00017142884590439999 0.022356479619228653 -0.00015620110223264996 0.36593354166536923 0.0012195459722985002 0.00089857729813200011 0.0037093220221940007 -0.0287479171377782 0.00083760726077980018 9.1980169065348658 0.66114783432670554 0.00025721487940215008 -0.00043034521327539995 0.00090449218014365012 -0.034870144691410539
decision_type=2 2 2 2 2 2 2 2 2 2 2 2 2 2 2 2 2 2 2 2 2 2 2 2 2 2 2 2 2
left_child=1 16 7 6 5 -5 -4 10 -9 12 -2 28 -10 14 -6 -15 17 25 20 -19 22 -22 -18 -13 -11 26 -1 -3 -8
right_child=2 27 3 4 13 -7 11 8 9 24 -12 23 -14 15 -16 -17 18 19 -20 -21 21 -23 -24 -25 -26 -27 -28 -29 -30
leaf_value=0.023390167631410334 -0.022297266387979221 0.060893146550004218 -0.020390483355005023 -0.0080784756032129916 -0.005701601798701419 -0.091910864391362354 0.083996271412576234 -0.079749611254087485 -0.013900153578778251 -0.02608321270971941 0.039971733604705018 0.031188955880923328 0.048736837494298267 -0.041408299064900823 0.053749249755055357 0.018331068403134636 -0.0010543559377581494 0.018727748470351555 0.038498797832025582 -0.038799415622495968 -0.055074918631935373 -0.010771537979882281 0.056826806004643758 -0.02094651683808571 -0.077955152414517198 0.010618303380946641 0.091366575175895803 0.0095888243262343027 0.041058287901497216
leaf_weight=10.550382271409033 16.224183335900307 13.460869267582895 16.085319563746452 16.13242015987635 16.579439543187618 11.169547289609907 10.288134329020979 11.09120900928974 16.951568916440014 21.631566822528839 16.848261572420597 27.683652482926846 12.276980727910994 17.929322257637981 15.725920557975767 11.64557798206806 66.578216217458248 21.998223841190338 16.71688761562109 17.616002693772316 21.710949249565601 90.891168937087059 10.780786246061323 11.23399133980274 12.839571245014666 12.603994406759737 11.346427172422411 12.984839171171187 10.752807602286337
leaf_count=49 80 61 76 76 80 53 50 51 79 101 80 128 55 86 76 55 316 98 78 81 102 455 51 52 63 61 53 58 51
internal_value=-5.84173e-06 0.00358424 -0.00404485 0.00405888 -0.0104858 -0.0423753 0.0211165 -0.0164582 -0.0279037 -0.0188764 0.00942474 0.0322517 0.0124095 0.00358402 0.0232385 -0.017885 0.000559249 0.0154595 -0.00478399 -0.00685394 -0.00859295 -0.0193137 0.00701199 0.0161395 -0.0454041 0.04108 0.058614 0.0357027 0.0620532
internal_weight=580.328 307.239 273.089 165.226 89.1822 27.302 76.0439 107.863 74.7909 63.6997 33.0724 59.9586 29.2285 61.8803 32.3054 29.5749 280.793 74.115 206.678 39.6142 189.961 112.602 77.359 38.9176 34.4711 34.5008 21.8968 26.4457 21.0409
internal_count=2755 1463 1292 783 426 129 357 509 349 298 160 281 134 297 156 141 1344 342 1002 179 924 557 367 180 164 163 102 119 101
is_linear=0
shrinkage=0.08


Tree=75
num_leaves=29
num_cat=0
split_feature=14 15 8 9 9 7 15 24 9 4 2 23 24 2 1 26 12 12 11 12 4 4 26 14 19 3 0 15
split_gain=1.21513 3.15372 4.89772 3.21362 4.46897 4.34625 4.34937 6.44407 3.66864 3.18827 2.89175 2.84768 6.08619 5.16242 3.87607 5.23646 6.89946 3.82666 3.65405 3.37804 3.63897 3.36461 4.63591 2.84379 2.25871 2.24911 2.24536 2.00046
threshold=6.6712536612590959e-05 0.0011304166247758003 0.0022151152796700507 0.46233683141061882 0.44151541764201935 -0.38008406731578931 -0.0013290308935778499 -0.0001591117391893 0.47947556623968984 -0.0023426823938815498 0.0067118608893469009 -0.25973622149330283 -0.00013159123045569998 0.0077608067038935505 0.049236187434601654 0.0018412246133487503 0.40828122038968068 0.55314480499945839 -0.70756988828935652 -0.18571413608925061 0.0019025435971788502 0.0019884815219821505 0.00056979569866960004 0.0004906181974334001 0.3967471425625283 0.0015137362646918502 73.018847844082032 -0.00053274257258794993
decision_type=2 2 2 2 2 2 2 2 2 2 2 2 2 2 2 2 2 2 2 2 2 2 2 2 2 2 2 2
left_child=1 3 -3 4 -1 6 9 -8 -7 -5 -6 12 13 23 15 21 -17 19 -15 -16 -21 22 -13 -2 -10 -20 -19 -14
right_child=11 2 -4 5 10 8 7 -9 24 -11 -12 14 27 18 17 16 -18 26 25 20 -22 -23 -24 -25 -26 -27 -28 -29
leaf_value=-0.011009705067658238 0.055768618209439715 -0.047656950755842233 0.01376532474736078 -0.004401620712904725 0.082885138618460238 0.059702981933718813 0.043024235796464028 -0.0051184988972760286 0.0024732339437258471 -0.044110419003333783 0.026556637431541616 -0.034723312156628335 -0.076309502804714088 0.021083207023800319 0.0054277539235962425 0.094172957063671611 0.011150276364569016 -0.0099290929982491817 0.0034013732404252189 -0.018897365102135428 -0.080154977528715282 -0.029642836676656681 0.025336059385625966 0.0012025978536522827 0.036772023196535268 -0.039562683745241613 0.031332598729548265 -0.028223063503076743
leaf_weight=12.558868281543253 11.290543973445894 18.337490595877171 15.191647604107855 26.552291557192802 9.2832352221012133 11.706478014588354 22.067351579666138 91.893113404512405 48.997666299343109 25.243998400866985 15.693548537790774 10.587352029979227 10.775151751935484 11.950643330812452 12.216726958751677 10.381264895200731 16.730485245585442 19.565190330147743 10.329256385564802 14.11363220959902 11.077721796929834 16.887442827224731 36.868595607578754 13.329053744673727 16.401292905211449 31.81996788084507 14.844679638743399 11.389399103820322
leaf_count=60 51 92 75 120 53 55 103 437 233 125 74 55 51 52 56 46 80 95 46 73 53 80 173 62 76 155 70 54
internal_value=-3.75473e-06 0.00336076 -0.0198273 0.00613351 0.0279185 0.00276652 -0.00453267 0.00420388 0.0184579 -0.0237545 0.0474925 -0.00400218 -0.0145692 -0.00414261 0.002527 0.01345 0.0429402 -0.0113826 -0.0179629 -0.0290936 -0.045835 0.00102396 0.0119369 0.0262266 0.011075 -0.0290337 0.00787151 -0.0516
internal_weight=578.084 313.927 33.5291 280.398 37.5357 242.862 165.757 113.96 77.1054 51.7963 24.9768 264.157 100.884 78.7195 163.273 91.4551 27.1118 71.818 54.0999 37.4081 25.1914 64.3434 47.4559 24.6196 65.399 42.1492 34.4099 22.1646
internal_count=2755 1503 167 1336 187 1149 785 540 364 245 127 1252 471 366 781 434 126 347 253 182 126 308 228 113 309 201 165 105
is_linear=0
shrinkage=0.08


Tree=76
num_leaves=24
num_cat=0
split_feature=13 6 6 26 13 13 3 3 22 2 19 19 26 2 6 6 23 7 24 3 6 26 13
split_gain=1.24303 4.47763 8.31343 5.66052 4.41781 3.80046 3.50831 4.79396 3.15324 9.21525 6.0991 5.6154 6.08517 5.02455 8.85392 6.27337 6.49403 5.82535 2.85575 4.44375 7.1573 2.35141 2.28176
threshold=0.27863653001047389 0.0011912221166337502 0.0013862809212660001 0.00091259326040810009 0.25369227038017578 0.37579701523352543 0.00077149387510965005 0.00056794145701200016 5.4683621615341247 0.0035598069356902007 0.22313064839588695 0.15695862699841637 0.00057855255194935002 0.0040797969517172008 0.00075572436480850008 0.0013862809212660001 -2.4676021243734172 -0.47887184446506192 0.00029272639427585008 0.0017170633755778002 0.0020387006225570507 0.0011447055462939502 0.098127553186648009
decision_type=2 2 2 2 2 2 2 2 2 2 2 2 2 2 2 2 2 2 2 2 2 2 2
left_child=4 3 21 6 8 -5 7 -2 13 10 -10 22 -13 14 -1 16 -15 -17 19 -4 -21 -3 -11
right_child=1 2 18 5 -6 -7 -8 -9 9 11 -12 12 -14 15 -16 17 -18 -19 -20 20 -22 -23 -24
leaf_value=-0.071196885152446182 0.0072756575615843238 -0.032254758388604081 -0.030677979469832521 -0.0011627299262547892 0.039689489211809648 0.06025914356640022 0.02292800962526206 -0.062392489667040668 0.069524529700866727 -0.031368484684046828 -0.011196302813880685 0.036205094977511218 -0.021960057625373421 -0.036686365214701949 0.018961608544074547 0.057547946578305087 0.029630327390091322 -0.0070419541141606779 -0.043746489775150686 0.058695409505258533 -0.0084013954579637683 -0.084354943210225533 -0.086632130006508809
leaf_weight=14.189016573131086 12.701694123446943 10.442841462790968 18.330586850643158 10.223876848816873 19.297653965651989 17.453213781118393 13.653011895716189 12.584031850099562 13.587227314710619 9.2433286905288714 10.714898891746996 13.984571628272532 65.090141393244267 10.454840302467344 13.703889593482016 9.6137774512171728 98.362443387508392 126.87352319061756 9.9622951745986921 16.079092465341091 27.708817265927792 11.818463169038294 9.9059216231107694
leaf_count=68 59 52 88 50 90 84 69 60 69 49 52 66 310 46 65 47 456 595 53 77 138 60 52
internal_value=-1.77204e-06 -0.00596947 -0.0171817 0.00990949 0.00231268 0.03757 -0.0097512 -0.0273963 0.000489985 -0.0101734 0.0339344 -0.0210864 -0.0116734 0.00527242 -0.0269017 0.00893084 0.0232588 -0.00249243 -0.0039842 0.0023927 0.0162368 -0.0599146 -0.0599564
internal_weight=575.979 160.958 94.3421 66.6158 415.021 27.6771 38.9387 25.2857 395.724 122.526 24.3021 98.224 79.0747 273.197 27.8929 245.305 108.817 136.487 72.0808 62.1185 43.7879 22.2613 19.1493
internal_count=2755 790 468 322 1965 134 188 119 1875 598 121 477 376 1277 133 1144 502 642 356 303 215 112 101
is_linear=0
shrinkage=0.08


Tree=77
num_leaves=10
num_cat=0
split_feature=0 0 11 11 11 19 3 3 11
split_gain=1.2222 3.42857 3.26421 1.58329 3.0952 4.59792 2.60946 5.98733 3.05297
threshold=24.605328234793323 22.171548242829754 -0.11708848734722418 -1.538522739950585 -0.77285305186496156 0.2203417427788423 0.00055586107493920008 0.00063328057148215008 -0.69010009544645634
decision_type=2 2 2 2 2 2 2 2 2
left_child=1 2 -1 -2 5 -5 -6 -8 -9
right_child=3 -3 -4 4 6 -7 7 8 -10
leaf_value=0.027887674674217884 0.024748403432341571 -0.049737702099916792 -0.022498324687478682 -0.05100084127425919 0.040627501426388872 0.0048609502738010662 -0.05651047031578077 0.038985494256291955 0.0013585154982249865
leaf_weight=15.139592111110685 17.480785340070724 11.782231718301771 18.027174979448318 18.018274500966072 10.946768976747988 19.784244500100613 11.260907299816607 14.250697776675223 437.13725998997688
leaf_count=70 88 55 84 88 55 91 59 65 2100
internal_value=-3.03367e-06 -0.0126676 0.000501309 0.00107331 0.000264045 -0.0217651 0.00202242 0.00110898 0.00254643
internal_weight=573.828 44.949 33.1668 528.879 511.398 37.8025 473.596 462.649 451.388
internal_count=2755 209 154 2546 2458 179 2279 2224 2165
is_linear=0
shrinkage=0.08


Tree=78
num_leaves=16
num_cat=0
split_feature=13 13 9 10 11 12 20 25 25 12 9 17 1 28 9
split_gain=1.2012 4.2113 4.67272 4.13004 4.13791 3.55493 3.51145 3.44757 4.21733 3.35666 5.88999 6.88402 5.13872 6.32282 3.94165
threshold=0.12601791418812364 0.14276824498108667 0.4991180553306207 0.5013845991263951 -0.28997146244246602 0.07960046506454406 0.40032086060102129 0.0028575454494856505 0.00088531398308915011 0.15570212017287458 0.50371308641636359 0.90000000000000013 0.046509623911219905 0.0028125078741628507 0.48702400549358127
decision_type=2 2 2 2 2 2 2 2 2 2 2 2 2 2 2
left_child=3 2 -2 4 -1 -3 -7 8 -8 12 11 -11 14 -14 -6
right_child=1 5 -4 -5 9 6 7 -9 -10 10 -12 -13 13 -15 -16
leaf_value=0.052567483015028407 -0.0073876376599657694 0.046187154906750766 -0.070577546543022798 0.045958509557724299 -0.014049610408618119 -0.038495981513764911 -0.0023433039349564314 -0.045504049759622148 0.024138184458521089 0.05940835987706989 -0.021794702059224142 -0.010421716710723816 -0.068153181442565575 0.0010852008821415735 0.016723786180920342
leaf_weight=9.7617453113198263 20.544140167534351 10.26683399826288 11.786307118833063 14.452212102711199 53.80888557434082 15.722361363470553 237.22861238569021 10.147997818887232 45.942544758319855 24.181281208992004 18.291389681398869 14.425004720687864 17.426844291388988 16.370410069823265 52.754877597093582
leaf_count=46 96 49 64 70 253 83 1145 48 215 115 90 67 90 78 246
internal_value=-3.67384e-06 -0.00291031 -0.030424 0.00461128 0.0017248 -0.000124507 -0.00166305 0.000311251 0.00195313 -0.000791249 0.0155996 0.0333168 -0.00743556 -0.0346161 0.0011849
internal_weight=573.111 351.639 32.3304 221.473 207.02 319.308 309.042 293.319 283.171 197.259 56.8977 38.6063 140.361 33.7973 106.564
internal_count=2755 1700 160 1055 985 1540 1491 1408 1360 939 272 182 667 168 499
is_linear=0
shrinkage=0.08


Tree=79
num_leaves=19
num_cat=0
split_feature=14 14 20 20 26 14 28 14 15 5 9 8 13 13 20 9 1 23
split_gain=1.32814 5.04776 3.82929 3.27543 4.23257 4.29056 3.26271 3.17259 2.43455 4.62409 3.27787 5.13182 4.1345 3.9263 4.8477 2.23759 2.23294 1.5944
threshold=0.00043130256255000007 0.00056895534341965014 0.39531570632549068 0.44645861721571983 0.0025511992965681503 0.0017446389125864001 0.0029026013196347005 0.00031374950184545001 0.0011038068769349001 4.9454621919992906e-05 0.46218647016546632 -0.0022650148911647996 0.19737370357387754 0.85537605264725347 0.64904703695921218 0.48448267894290969 0.072035795425371363 -0.056774736318479992
decision_type=2 2 2 2 2 2 2 2 2 2 2 2 2 2 2 2 2 2
left_child=7 15 -3 -4 5 -5 -6 8 10 -10 11 -1 -13 14 -12 -2 -11 -9
right_child=1 2 3 4 6 -7 -8 17 9 16 13 12 -14 -15 -16 -17 -18 -19
leaf_value=-0.010590410642713462 -0.066563876593632734 -0.055378921295163135 0.050282140405674892 0.0017062369592662058 -0.057282079843476268 0.051463611518393126 -0.0073773931406780832 0.0082828375466080639 -0.054345272691017577 0.018627563984265978 0.010681723391300526 0.067855515250504081 0.0051549271165749399 -0.042900008417051015 -0.011522060134043109 -0.016277708478637395 -0.024328788336901632 0.05118599190740418
leaf_weight=17.950082376599312 11.143220268189909 7.7601577267050734 8.5683230534195882 88.075647592544556 12.246116958558558 12.689133666455744 26.589096695184708 10.097082376480104 14.204517289996145 18.41382193565369 162.59582006931305 17.689468763768676 10.864550054073332 13.025292150676249 102.66626219451427 11.515805371105669 13.366489239037035 12.293116316199301
leaf_count=82 52 41 41 411 58 58 126 50 70 91 778 100 55 66 488 58 70 60
internal_value=-4.15675e-06 -0.00572513 -0.000598032 0.00227106 -0.00067575 0.0079721 -0.0231141 0.00259447 0.000828512 -0.0163996 0.00326772 0.0229278 0.0439985 -1.76379e-05 0.00208804 -0.0410074 0.000560541 0.0318384
internal_weight=571.754 178.588 155.928 148.168 139.6 100.765 38.8352 393.167 370.776 45.9848 324.791 46.5041 28.554 278.287 265.262 22.659 31.7803 22.3902
internal_count=2755 845 735 694 653 469 184 1910 1800 231 1569 237 155 1332 1266 110 161 110
is_linear=0
shrinkage=0.08


Tree=80
num_leaves=17
num_cat=0
split_feature=14 0 6 2 22 6 26 15 8 28 21 9 22 2 19 4
split_gain=1.18416 2.7219 3.0859 4.26186 3.37942 3.93841 3.93014 2.31773 3.889 2.74107 3.11839 5.85323 4.49512 5.36375 3.42025 2.22113
threshold=6.6712536612590959e-05 26.202326768758329 0.00050739178630085011 0.0031229998763975006 5.5970753320101574 0.00065670877246725009 0.0017479740909038001 0.0011304166247758003 0.0022151152796700507 0.0032163090052394002 9.2326760058546977 0.46233683141061882 4.9386632614431258 0.0059762303628532005 0.26004541542231557 -0.0034524549849114495
decision_type=2 2 2 2 2 2 2 2 2 2 2 2 2 2 2 2
left_child=7 -2 -3 -4 5 -5 -6 9 -9 10 12 14 13 -1 -12 -13
right_child=1 2 3 4 6 -7 -8 8 -10 -11 11 15 -14 -15 -16 -17
leaf_value=-0.040622759374694381 -0.038122310740705143 -0.04226891075875433 0.049767195213898011 0.053229412022250795 -0.040128356320274103 -0.00057833359654942877 0.017423616266546104 -0.041856370922995129 0.013282880075340637 0.035892563777685196 0.081432593172786255 -0.025088776629929126 -0.045604667484433405 0.01545227789844913 0.018937355515569295 0.0068936485878552398
leaf_weight=14.797859005630015 14.130707636475561 11.616535402834414 10.507860735058783 9.155086047947405 27.353592924773693 177.42223593592644 10.512439005076883 17.944556854665279 15.054420694708822 18.025058940052986 10.266859121620657 15.348692223429678 17.556795351207256 41.629116468131542 12.341953307390211 146.96785522252321
leaf_count=74 68 59 50 45 140 840 50 92 75 92 58 70 82 198 61 701
internal_value=-2.4531e-06 -0.00397603 -0.00201912 -2.90812e-05 -0.00236041 0.00206194 -0.0241507 0.0033399 -0.0167014 0.00572798 0.00362795 0.00918125 -0.0102527 0.000746714 0.047317 0.00386938
internal_weight=570.632 260.698 246.568 234.951 224.443 186.577 37.866 309.933 32.999 276.934 258.909 184.925 73.9838 56.427 22.6088 162.317
internal_count=2755 1252 1184 1125 1075 885 190 1503 167 1336 1244 890 354 272 119 771
is_linear=0
shrinkage=0.08


Tree=81
num_leaves=9
num_cat=0
split_feature=15 4 6 7 7 24 28 6
split_gain=1.13203 2.29114 2.83877 2.20543 5.0313 6.39988 2.88243 3.36516
threshold=0.0050715318456005512 0.0045150793793918504 0.0037141539248489006 -0.16302876741505037 -0.12155276560497059 -0.00016362277777814998 0.0030081240548889506 0.0023853327263627004
decision_type=2 2 2 2 2 2 2 2
left_child=1 2 3 6 -5 -6 7 -1
right_child=-2 -3 -4 4 5 -7 -8 -9
leaf_value=0.0011380606290573557 0.020333987055944355 -0.02928711313486939 0.03699930217501423 -0.052582869661761802 -0.02630619940888752 0.033420212124018474 0.033272540937288965 -0.044971708777941766
leaf_weight=430.5425520837307 16.997635684907436 17.292320318520069 13.157427184283732 16.511482283473015 27.392180137336254 19.768424652516842 17.37568936496973 10.373838797211645
leaf_count=2083 80 86 68 78 133 94 84 49
internal_value=-9.65094e-07 -0.000626666 0.000299489 -0.000625623 -0.0145769 -0.00127054 0.00131267 5.31944e-05
internal_weight=569.412 552.414 535.122 521.964 63.6721 47.1606 458.292 440.916
internal_count=2755 2675 2589 2521 305 227 2216 2132
is_linear=0
shrinkage=0.08


Tree=82
num_leaves=19
num_cat=0
split_feature=0 13 4 11 20 13 22 28 13 4 20 14 9 24 22 8 21 4
split_gain=1.10841 3.56912 1.6856 5.72211 5.45084 4.76541 4.06946 5.04639 3.04628 2.661 4.02456 4.71574 4.61263 2.44054 5.24406 4.97441 4.7862 4.22791
threshold=19.658366999654955 0.14706008862423517 -0.0024006642243586999 0.23329044230202262 0.61661794139170734 0.10571619620234586 4.9334400516509342 0.0028336728025927008 0.21219329201211326 -0.0013896053533669498 0.66414753311151642 -0.00064130651060559992 0.47700665553486604 -6.7753747659099752e-05 4.424483904417202 -0.00032213456088974992 8.72340917773362 -0.00039714935094899991
decision_type=2 2 2 2 2 2 2 2 2 2 2 2 2 2 2 2 2 2
left_child=1 -1 3 4 8 -6 -5 -8 -2 10 11 -4 -13 14 -11 -15 -16 -17
right_child=2 -3 9 6 5 -7 7 -9 -10 13 -12 12 -14 15 16 17 -18 -19
leaf_value=-0.051522783207064812 -0.044961155525427066 0.011294325711931785 -0.035674122700065952 0.079554221338827155 0.060280069956234118 -0.0079328810791418278 0.054317441132920717 -0.022188715826098448 0.0036304879309026596 0.063587525827513064 -0.046525529901594205 0.061230888031639855 -0.0074647555799423814 -0.04208838451499454 -0.050574480272066964 0.028688827730688173 0.009879508813724968 -0.0040620376437626848
leaf_weight=10.551369383931162 20.17132779955864 12.824753642082213 17.221973545849323 10.189286716282366 12.101203665137293 14.300400108098982 11.775831371545793 10.383005023002623 13.979583427309988 10.768239863216875 19.670297183096409 9.9327417686581629 16.897812217473984 19.565342463552952 9.0675652474164945 28.668521039187908 110.77430555969477 210.12518709152937
leaf_count=51 94 59 86 54 58 65 55 50 66 50 95 48 82 93 49 143 523 1034
internal_value=-1.06013e-06 -0.0170597 0.000729823 0.0105456 -0.00396607 0.0233326 0.03771 0.0184688 -0.0250703 -0.00128455 -0.0164383 -0.00300383 0.0179666 0.00119801 0.0101105 -0.00330758 0.00530539 -0.000130113
internal_weight=568.969 23.3761 545.593 92.9006 60.5525 26.4016 32.3481 22.1588 34.1509 452.692 63.7228 44.0525 26.8306 388.969 130.61 258.359 119.842 238.794
internal_count=2755 110 2645 442 283 123 159 105 160 2203 311 216 130 1892 622 1270 572 1177
is_linear=0
shrinkage=0.08


Tree=83
num_leaves=17
num_cat=0
split_feature=13 13 9 10 21 2 22 3 28 12 12 14 13 13 14 22
split_gain=1.11778 3.53647 4.06576 3.45746 3.78115 6.37985 6.39686 4.79507 3.71437 3.01338 3.00104 4.22168 3.05491 2.98963 2.87518 2.52256
threshold=0.12601791418812364 0.14276824498108667 0.4991180553306207 0.5013845991263951 10.063552918775935 0.0034335501308538504 5.4683621615341247 0.00097360926139870017 0.0026399610381233501 0.25887108056038977 0.45648273523074773 1.2566754030943012e-05 0.17415277135991872 0.22456469269809143 -0.00012621318357844996 4.9575940276411581
decision_type=2 2 2 2 2 2 2 2 2 2 2 2 2 2 2 2
left_child=3 2 -2 4 5 -1 8 -6 -7 14 11 -11 15 -14 -3 -12
right_child=1 9 -4 -5 7 6 -8 -9 -10 10 12 -13 13 -15 -16 -17
leaf_value=-0.066889033130672515 -0.006837941142059295 0.058796619475678019 -0.066482043181206679 0.042475803755531429 0.054019337326134592 0.045440529880984418 -0.046512646848463193 -0.002620002625718067 0.0017227871251364114 0.0023608623213993412 0.053924594658804795 -0.064566082576828193 -0.021599113750394132 0.0013883613337357275 0.0026577877923728739 0.0028942183838891306
leaf_weight=9.5492240786552411 20.373605698347095 10.358636170625688 11.411505222320555 14.325950548052786 18.334121279418468 13.798465378582476 16.584720127284527 20.003296464681625 126.14922734349966 12.681505240499975 11.589997023344042 11.503962904214857 44.22361271828413 199.7916412577033 13.38109766691923 13.329880416393278
leaf_count=47 96 49 64 70 91 72 85 97 593 64 52 57 209 981 66 62
internal_value=4.74462e-07 -0.0028121 -0.0282514 0.00448328 0.00182071 -0.00340676 0.000465965 0.0244667 0.00603324 -0.000260216 -0.00248044 -0.0294733 -5.29584e-05 -0.00277773 0.0271535 0.026628
internal_weight=567.39 348.645 31.7851 218.745 204.419 166.082 156.532 38.3374 139.948 316.86 293.121 24.1855 268.935 244.015 23.7397 24.9199
internal_count=2755 1700 160 1055 985 797 750 188 665 1540 1425 121 1304 1190 115 114
is_linear=0
shrinkage=0.08


Tree=84
num_leaves=14
num_cat=0
split_feature=10 10 9 12 20 13 1 26 12 20 9 4 9
split_gain=1.11652 4.07469 1.42649 3.75153 2.48685 6.26005 3.7082 2.33596 3.53175 2.74456 2.08679 6.53129 5.49691
threshold=0.522869433162785 0.50418448466712507 0.50583085258803417 -0.25670624525093116 0.67786700340714356 0.20201311358281057 -0.046083092023430042 0.00050201239716845018 0.42776418565801061 0.62852670271046496 0.49379055345316292 0.00097745020647350034 0.49102000554442232
decision_type=2 2 2 2 2 2 2 2 2 2 2 2 2
left_child=1 2 7 -4 6 -6 -5 8 -1 -10 12 -12 -9
right_child=-2 -3 3 4 5 -7 -8 10 9 -11 11 -13 -14
leaf_value=0.054202381849968666 -0.02474732125475947 0.046821234983844322 0.026916730506677308 -0.00091026696201186369 -0.022149801305018629 0.043006865898071622 -0.036180952822139595 -9.9734075128655973e-05 0.024828699346231577 -0.027164806893053041 0.027658826575498729 -0.022888992316064321 -0.041908291228024169
leaf_weight=13.137986481189726 11.432870529592035 11.897969096899031 17.501217171549797 33.3654710277915 23.912663072347641 15.589526340365408 44.548609741032124 270.39615916460752 15.911803692579271 10.982250720262526 51.792473673820496 23.913073241710663 21.745045349001884
leaf_count=65 59 67 89 163 120 72 244 1281 83 54 242 114 102
internal_value=-7.24473e-07 0.000509331 -0.000505816 -0.0076366 -0.0127869 0.00356426 -0.0210768 0.00185289 0.020205 0.00359703 -0.000144333 0.0116923 -0.00321168
internal_weight=566.127 554.694 542.796 134.917 117.416 39.5022 77.9141 407.879 40.032 26.8941 367.847 75.7055 292.141
internal_count=2755 2696 2629 688 599 192 407 1941 202 137 1739 356 1383
is_linear=0
shrinkage=0.08


Tree=85
num_leaves=24
num_cat=0
split_feature=13 20 12 13 26 4 13 26 15 2 2 14 9 20 6 8 11 13 1 9 2 19 28
split_gain=1.06215 4.03999 3.91999 3.67783 5.57878 3.84092 3.83746 3.5557 4.31087 4.91696 4.13329 4.16317 3.11695 5.0926 4.31311 3.57157 5.23574 3.63289 5.61652 3.0609 2.52026 1.75036 1.47915
threshold=0.27863653001047389 0.50418681343118166 1.8725282934875345 0.22167340685910977 0.0022945614126222004 0.00069599259839825021 0.18665059431887823 0.0018759650171115002 0.0018836087757801003 0.012655440230294052 0.0070350284674346513 0.00074590133868800005 0.48105498621030274 0.61104509451187028 0.0012640610339945504 0.00095662550874070008 0.53000309085192732 0.50623740064125655 -0.014520062383134249 0.50178165260160157 0.007474093452643351 0.19344057153776617 0.0027467762803640504
decision_type=2 2 2 2 2 2 2 2 2 2 2 2 2 2 2 2 2 2 2 2 2 2 2
left_child=3 2 -2 6 5 22 7 8 9 -1 -9 -12 13 -3 -15 17 -17 18 -14 20 -8 -19 -5
right_child=1 12 -4 4 -6 -7 19 10 -10 -11 11 -13 15 14 -16 16 -18 21 -20 -21 -22 -23 -24
leaf_value=0.0032283524404635475 -0.056122470595352601 0.048980376191988889 -0.0028184979195499844 0.080134584127688355 -0.022272953623957419 0.0076409109958391012 -0.059760294004043681 0.048521546622959086 -0.039627397552121274 -0.048348388200234391 0.022070660007571165 -0.014483105724580137 -0.0049952202278872575 0.030593809749832338 -0.032206225763720363 -0.0019336793199846009 -0.082538775976278678 -0.04886450043536758 0.064290800720376046 0.0099918758194792283 -0.0096516630098651586 -0.002488506821115395 0.038651251599791978
leaf_weight=184.77534012496471 17.618566013872623 19.315248526632786 17.700431697070599 11.08819215744734 13.28695362061262 15.579023525118826 15.913319103419783 18.702093861997128 19.364578828215599 12.638727992773054 47.877089634537697 34.174050979316235 22.285000830888748 12.602076753973963 15.742912679910658 11.904210254549982 9.0999066606163961 9.7896687686443347 11.276901118457316 11.398887403309343 10.772632911801336 11.130654148757456 10.917369827628134
leaf_count=915 95 96 87 53 62 73 74 84 90 65 227 164 105 63 71 58 57 51 52 56 50 55 52
internal_value=-1.34349e-06 -0.00555698 -0.0294087 0.00216447 0.0222839 0.0380357 -0.000713648 0.00216443 -0.00360695 -7.36635e-05 0.014582 0.00684613 0.00128381 0.0173015 -0.00428556 -0.00882938 -0.0368554 0.00197526 0.0182851 -0.0247096 -0.0395324 -0.0241902 0.0595539
internal_weight=564.954 158.466 35.319 406.488 50.8715 37.5846 355.617 317.532 216.779 197.414 100.753 82.0511 123.147 47.6602 28.345 75.4863 21.0041 54.4822 33.5619 38.0848 26.686 20.9203 22.0056
internal_count=2755 790 182 1965 240 178 1725 1545 1070 980 475 391 608 230 134 378 115 263 157 180 124 106 105
is_linear=0
shrinkage=0.08


Tree=86
num_leaves=12
num_cat=0
split_feature=5 2 15 4 6 7 23 5 0 24 20
split_gain=1.21484 2.13555 1.47485 2.31155 5.37203 6.31285 3.05879 2.54654 3.34933 2.21712 2.17714
threshold=0.0077926676480173504 0.020148829790510355 0.0050715318456005512 0.0029553445027312004 0.0011912221166337502 -0.1465942229596823 2.1033873377461738 0.0024899459875387005 71.533464222684259 2.5561772076131792e-05 0.67229729058422605
decision_type=2 2 2 2 2 2 2 2 2 2 2
left_child=2 -2 3 6 -5 9 7 8 -1 -6 -9
right_child=1 -3 -4 4 5 -7 -8 10 -10 -11 -12
leaf_value=-8.7924273059047738e-05 0.045010721739390525 -0.0068637515203910258 0.029402112353883691 0.027366795296725747 -0.026964989276226085 0.019028392788172626 0.038124598509521837 -0.028926554896009316 0.037431700589714179 -0.07674915311688088 0.005718677279867245
leaf_weight=405.56729386746883 10.20906536281109 10.10764769464731 10.206030510365961 12.060165420174597 9.481768883764742 9.8640705123543757 13.321267426013945 34.885976031422615 15.821226328611372 14.450282875448464 17.397847473621368
leaf_count=1969 49 51 48 56 48 48 66 174 82 75 89
internal_value=-3.49975e-06 0.019203 -0.000722048 -0.00129904 -0.0184703 -0.0348272 0.000317839 -0.000745414 0.00132077 -0.0570249 -0.0173981
internal_weight=563.373 20.3167 543.056 532.85 45.8563 33.7961 486.994 473.672 421.389 23.9321 52.2838
internal_count=2755 100 2655 2607 227 171 2380 2314 2051 123 263
is_linear=0
shrinkage=0.08


Tree=87
num_leaves=27
num_cat=0
split_feature=19 19 12 19 20 3 7 3 6 19 13 28 7 19 6 9 9 1 1 20 18 9 20 8 9 1
split_gain=1.06214 3.62947 9.0376 7.32564 8.75988 3.69781 7.10735 4.99249 6.18139 4.46437 3.46883 2.68297 2.64493 4.54242 3.89637 2.49071 2.69614 5.82995 3.55925 7.46128 6.65968 5.57506 4.02504 4.45838 2.26097 1.76009
threshold=0.25408098570428705 0.32488007545736414 -0.036619162081297597 0.29875212956502833 0.58177809434123462 0.0010630263162610502 -0.63646753830299752 0.00087564470104905016 0.0007192916266270501 0.37081866554001824 0.18665059431887823 0.0027379828353032002 -0.42953214268148054 0.3967471425625283 0.00095760560216455015 0.54175309808041117 0.46218647016546632 -0.0074168437079435495 -0.012760458535510048 0.66114783432670554 1.0000000180025095e-35 0.51396290654815824 0.50752915789459851 -2.7103366064771307e-05 0.4876723282049224 0.036631697909939455
decision_type=2 2 2 2 2 2 2 2 2 2 2 2 2 2 2 2 2 2 2 2 2 2 2 2 2 2
left_child=15 2 -2 4 -4 6 7 8 -3 11 -6 -7 14 -14 -11 16 17 -1 19 20 -18 -21 24 -24 -20 -19
right_child=1 5 3 -5 10 9 -8 -9 -10 12 -12 -13 13 -15 -16 -17 18 25 22 21 -22 -23 23 -25 -26 -27
leaf_value=-0.010642774377073764 0.031110532569243756 0.013126727251286661 -0.058881516534575414 -0.080859860016934598 -0.014359503359533557 0.069686309746416167 -0.056045130914530832 0.046441138111268807 -0.058499717795306987 -0.012797155991489761 0.047060878833490562 0.018992963370917361 -0.049376946187185265 0.0026580368708598073 0.038861145731402244 0.037121045809461496 0.045840882117410268 0.074228374698046856 -0.068265033549918405 -0.044211529019156835 -0.00064447035895879733 0.025594828652439238 -0.027026126899979488 0.0081307128383567989 -0.016225472608982418 0.026937608678773435
leaf_weight=18.963528908789158 17.829502373933792 21.058218933641911 17.80491679161787 15.604859411716459 12.116420306265356 10.499328598380091 18.234953731298447 12.366998411715029 12.166210323572157 15.393226504325865 11.442415721714495 18.377041667699814 13.346461497247217 54.91138182580471 23.781028404831886 13.360438644886015 38.90934956073761 10.321495056152346 10.779048755764963 23.522376134991646 40.002951540052891 10.63164286315441 35.650680705904961 65.498636677861214 10.595648668706415 9.837672755122183
leaf_count=93 83 110 88 81 56 50 91 61 57 73 55 91 66 264 110 67 182 64 50 108 200 50 175 318 61 51
internal_value=-4.4956e-06 -0.00356132 -0.0185967 -0.0341536 -0.0165332 0.00205798 -0.0138334 0.00304976 -0.0131016 0.00949913 0.0154721 0.0374249 0.00199305 -0.00751637 0.0185624 0.00339008 0.0017496 0.0211981 -0.00148006 0.00875604 0.0222761 -0.0224818 -0.010926 -0.00426053 -0.0424685 0.0511505
internal_weight=563.006 274.933 74.7981 56.9686 41.3638 200.135 63.8264 45.5914 33.2244 136.308 23.5588 28.8764 107.432 68.2578 39.1743 288.073 274.713 39.1227 235.59 113.066 78.9123 34.154 122.524 101.149 21.3747 20.1592
internal_count=2755 1336 363 280 199 973 319 228 167 654 111 141 513 330 183 1419 1352 208 1144 540 382 158 604 493 111 115
is_linear=0
shrinkage=0.08


Tree=88
num_leaves=9
num_cat=0
split_feature=23 8 1 8 5 8 8 6
split_gain=1.05677 1.97097 3.31902 2.55193 3.00658 2.15365 4.40999 3.08886
threshold=-3.2498853210253844 -0.0088741437138872992 -0.28020003670431487 -0.0047673962825509992 -0.0069482654502224491 -0.0024456187596595493 -0.0018975474509316998 0.0021015645348060508
decision_type=2 2 2 2 2 2 2 2
left_child=-1 -2 -3 4 -4 7 -7 -5
right_child=1 2 3 5 -6 6 -8 -9
leaf_value=-0.023230726333368965 0.033757081182549324 -0.042975271024366254 -0.0048124312717559205 -0.0049816144919591302 0.054679569664391713 0.031896639860152155 -0.0003646531284500125 -0.045584105101133914
leaf_weight=12.262766256928442 11.182556018233297 11.351647570729254 10.016980484128 64.713413797318935 11.889979258179663 29.113018944859505 395.68656084313989 14.718943379819391
leaf_count=55 55 57 49 302 55 140 1966 76
internal_value=-4.09625e-06 0.000515016 -0.00017659 0.000746808 0.0274768 -0.000414508 0.00184633 -0.0125053
internal_weight=560.936 548.673 537.491 526.139 21.907 504.232 424.8 79.4324
internal_count=2755 2700 2645 2588 104 2484 2106 378
is_linear=0
shrinkage=0.08


Tree=89
num_leaves=7
num_cat=0
split_feature=24 1 15 15 24 1
split_gain=1.11228 4.04579 2.21708 2.67136 2.39216 3.75298
threshold=0.00077137143673170015 0.17001190391705023 0.0050715318456005512 0.0037800943987076501 0.00037912563471055003 0.10719292505389426
decision_type=2 2 2 2 2 2
left_child=1 2 3 4 5 -1
right_child=-2 -3 -4 -5 -6 -7
leaf_value=0.0010291238357232801 0.021907029034252071 -0.039973857007427276 0.03593727937410774 -0.038003637845411983 0.028811591988787237 -0.036203090198483195
leaf_weight=470.40646316856146 14.446368157863615 16.192652963101864 11.13735932856798 11.655730552971361 18.702423341572285 17.989409159868956
leaf_count=2302 70 82 53 60 92 96
internal_value=-3.28022e-06 -0.000582906 0.00062082 -0.000137405 0.000732956 -0.000342275
internal_weight=560.53 546.084 529.891 518.754 507.098 488.396
internal_count=2755 2685 2603 2550 2490 2398
is_linear=0
shrinkage=0.08


Tree=90
num_leaves=24
num_cat=0
split_feature=22 21 13 13 21 7 13 2 11 2 6 14 6 15 26 13 23 17 23 14 22 11 21
split_gain=1.08967 6.47206 3.6469 4.92677 4.75062 5.08013 4.08964 4.57739 3.91077 3.98825 3.61805 3.04819 2.90693 5.42594 3.26967 6.97537 2.68915 4.97025 4.80005 2.61777 4.40881 2.07894 2.04233
threshold=5.4652208895690331 10.063552918775935 0.11646999981192262 0.23422526219081366 10.391389415616176 -0.63646753830299752 0.30883509291567085 0.0060178092107524006 -0.036369654324871596 0.0037093220221940007 0.00056663869641900011 0.00027090459656110003 0.0012963905970679002 0.0016039372657228 0.0010139785488905001 0.15027086518528679 -0.53086401789345106 0.90000000000000013 1.0085719858537425 0.00018364742072160003 5.2622423794056639 -0.088520078202519129 9.6537062284206048
decision_type=2 2 2 2 2 2 2 2 2 2 2 2 2 2 2 2 2 2 2 2 2 2 2
left_child=10 11 8 4 5 -4 -5 -8 -3 -10 -1 -2 13 19 15 -14 17 -16 -18 20 -12 -13 -21
right_child=1 2 3 6 -6 -7 7 -9 9 -11 12 21 14 -15 16 -17 18 -19 -20 22 -22 -23 -24
leaf_value=-0.041757483603498881 -0.065017180696449253 0.068786618370240207 -0.009252693990899204 0.043355839927497114 0.023795128561128819 -0.068195124684213543 -0.025563030478473851 0.03238159048403836 0.047735810793204436 -0.012262861769750128 -0.0025730157965667584 0.0066516328902034207 0.016873773784253105 0.065280831274387219 0.0054109399882897652 -0.074839074232442182 0.024957339021922112 -0.030949141802832553 -0.011119466468745499 0.010187236092097001 0.031865168159343718 -0.041761065244976234 -0.026518599890843472
leaf_weight=11.510951980948446 13.720258258283136 9.2042469382286054 19.579454913735386 17.135102830827236 10.351019397377966 17.92669998109341 23.304046139121056 13.946903895586727 11.082625687122347 19.684305377304554 46.085739530622959 11.494142703711987 10.011699236929418 11.515338331460951 66.372955493628979 11.295510128140448 59.567708902060986 37.742710933089256 39.093553714454174 18.176347278058529 49.180551111698151 11.21646474301815 20.806865841150284
leaf_count=58 74 44 102 82 50 92 117 74 57 98 224 56 52 54 311 56 294 186 188 89 237 59 101
internal_value=-3.90716e-06 -0.00515991 0.00254697 -0.0054631 -0.0241839 -0.0374252 0.0110103 -0.00386833 0.0230361 0.0093494 0.00241138 -0.0352451 0.00378607 0.0125798 -0.0019342 -0.0317456 0.0011983 -0.00776986 0.0106623 0.00805936 0.0152055 -0.0172588 -0.0094041
internal_weight=560.005 178.645 142.214 102.243 47.8572 37.5062 54.3861 37.251 39.9712 30.7669 381.36 36.4309 369.849 145.765 224.084 21.3072 202.777 104.116 98.6613 134.25 95.2663 22.7106 38.9832
internal_count=2755 905 716 517 244 194 273 191 199 155 1850 189 1792 705 1087 108 979 497 482 651 461 115 190
is_linear=0
shrinkage=0.08


Tree=91
num_leaves=12
num_cat=0
split_feature=5 3 4 6 3 13 23 2 5 23 11
split_gain=1.10097 2.05844 1.09754 3.25515 5.49338 3.52675 2.42072 2.41883 2.80273 3.19697 2.41315
threshold=0.0077926676480173504 0.0028812057985413003 0.0029553445027312004 0.0011912221166337502 0.0025321138384104005 0.22167340685910977 2.1033873377461738 0.023861616203200604 0.0024899459875387005 1.3239318687513639 0.79597207504847611
decision_type=2 2 2 2 2 2 2 2 2 2 2
left_child=2 -2 6 -4 5 -5 7 8 10 -10 -1
right_child=1 -3 3 4 -6 -7 -8 -9 9 -11 -12
leaf_value=-0.00059719684044535364 0.043318286128155602 -0.0077478956820609844 0.025130652393652194 -0.081457024470680331 0.012876207628083282 -0.019993840100813825 0.034329306867046813 0.034009786224227595 -0.038254969604241365 0.0026883767292648453 0.028340989327073823
leaf_weight=390.67010159790516 10.320924542844297 9.8954775705933553 11.958033487200735 10.528744757175447 16.817560128867626 13.81383230909705 13.171043671667574 12.69117711484432 26.571632102131844 22.57499323785305 19.356352053582668
leaf_count=1912 51 49 56 53 81 74 66 64 134 116 99
internal_value=-5.57912e-06 0.0183225 -0.000694097 -0.0116113 -0.0222858 -0.0465781 0.000501492 -0.000442736 -0.00139498 -0.0194481 0.000768905
internal_weight=558.37 20.2164 538.153 53.1182 41.1601 24.3426 485.035 471.864 459.173 49.1466 410.026
internal_count=2755 100 2655 264 208 127 2391 2325 2261 250 2011
is_linear=0
shrinkage=0.08


Tree=92
num_leaves=16
num_cat=0
split_feature=10 10 9 4 23 11 13 11 28 5 23 5 28 8 4
split_gain=1.04045 3.38738 1.196 3.03752 4.84842 6.22423 4.62683 4.38751 5.4596 1.8441 4.32214 3.5032 5.16059 3.15346 2.49116
threshold=0.522869433162785 0.50418448466712507 0.50583085258803417 -0.00042304147528374994 -1.4933923401550353 -0.013776058922628199 0.13342456232269909 0.53000309085192732 0.0028497211655564006 -0.004604685278171549 -2.3146192809988904 -0.006784039622148649 0.0031637907383468005 -0.0027068437791233496 -0.0023048244257959996
decision_type=2 2 2 2 2 2 2 2 2 2 2 2 2 2 2
left_child=1 2 9 4 5 -4 -6 8 -5 11 -11 12 -1 -12 -13
right_child=-2 -3 3 7 6 -7 -8 -9 -10 10 13 14 -14 -15 -16
leaf_value=-0.033004147411948126 -0.023995100311190183 0.042961882202820628 -0.030041971116916526 -0.00062270965423246263 -0.076003007327177241 0.046834790335743622 -0.014253643037163193 -0.045668990628937534 0.056735938504976352 -0.048183503312044913 -0.021706732366688006 0.057148246385587007 0.034294983584094316 0.003854651814056548 0.0072752472658191578
leaf_weight=16.732081405818466 11.336233973503111 11.760338850319384 15.210904344916345 50.405177161097527 14.134614408016207 12.10355383902788 17.236129850149155 9.9421634711325151 13.455553166568277 11.729414597153662 34.433510452508926 15.406529225409033 12.925449587404726 300.04333878308535 10.976788789033888
leaf_count=81 59 67 71 256 79 58 92 65 67 54 162 74 63 1456 51
internal_value=-6.30189e-06 0.00049131 -0.000442738 -0.00703514 -0.0206193 0.00402358 -0.0420759 0.00376648 0.0114628 0.0017286 -0.000450716 0.0151919 -0.0036736 0.00122317 0.0363986
internal_weight=557.832 546.496 534.735 132.488 58.6852 27.3145 31.3707 73.8029 63.8607 402.247 346.206 56.0408 29.6575 334.477 26.3833
internal_count=2755 2696 2629 688 300 129 171 388 323 1941 1672 269 144 1618 125
is_linear=0
shrinkage=0.08


Tree=93
num_leaves=19
num_cat=0
split_feature=22 21 6 6 20 22 12 2 5 1 11 11 8 15 14 5 9 8
split_gain=1.02608 4.17842 4.81873 5.38692 2.72988 4.01723 3.20077 2.57709 2.22165 4.3112 3.50609 2.71459 1.77858 5.82282 7.4416 6.3095 2.77051 2.5706
threshold=5.5634226575583634 10.169147579610689 0.00083010821699485012 0.00064197162011210009 0.64417418260400428 5.610635111279664 0.83679572334948704 0.0029020296297313504 0.0062243738816668013 0.10719292505389426 0.14917170967469853 0.18167130707097698 -2.7103366064771307e-05 0.00018360926930890002 -0.00024513574268529993 0.0023569425860683504 0.53889467962889392 -0.00084178444601424988
decision_type=2 2 2 2 2 2 2 2 2 2 2 2 2 2 2 2 2 2
left_child=8 -2 3 7 -4 -6 -7 -3 9 12 -11 -10 16 15 -15 -14 17 -1
right_child=1 2 4 -5 5 6 -8 -9 11 10 -12 -13 13 14 -16 -17 -18 -19
leaf_value=0.0007231367022432748 -0.055613781137415615 -0.028992612092565834 0.039233541321339604 -0.067212080162218163 0.042010067996486926 -0.055732526556148139 0.006659701545599004 0.029541205448818737 0.048553124808146664 -0.06193695227070075 -0.0056789557648799184 -0.0039889991383781093 0.044904157883980569 -0.055293295134524863 0.0074579908674083295 -0.025945150549304873 0.038996331699590103 -0.019594124481615439
leaf_weight=211.92722041159868 10.354684360325335 9.5691341161727959 17.633380524814129 12.364819489419459 9.9500555321574229 9.0390965789556521 12.594257500022648 9.6871205717325193 13.768626317381861 12.34386905282736 16.656754046678543 11.591022364795206 41.242108717560768 14.462522156536577 73.879710003733635 9.99398425221443 10.405788868665693 49.086387038230896
leaf_count=1017 60 47 84 67 48 49 66 54 66 64 86 58 207 73 358 51 52 248
internal_value=-7.06913e-06 -0.00776674 -0.00163791 -0.0260058 0.0140181 -6.00057e-05 -0.0194097 0.00045362 0.00151353 0.000186503 -0.0296247 0.0245379 0.00229003 0.00962872 -0.00281503 0.0310845 -0.00148392 -0.00309774
internal_weight=556.551 91.1925 80.8379 31.6211 49.2168 31.5834 21.6334 19.2563 465.358 439.998 29.0006 25.3596 410.998 139.578 88.3422 51.2361 271.419 261.014
internal_count=2755 475 415 168 247 163 115 101 2280 2156 150 124 2006 689 431 258 1317 1265
is_linear=0
shrinkage=0.08


Tree=94
num_leaves=14
num_cat=0
split_feature=10 10 14 4 23 1 14 11 14 14 21 1 1
split_gain=0.974362 2.87098 1.16802 3.68843 4.49783 2.86295 2.66827 3.96721 3.02974 2.80446 1.95232 1.73168 1.40278
threshold=0.522869433162785 0.50418448466712507 0.0014291115406485503 0.0033907712879411504 -0.017111553859411748 -0.13793242242150677 0.00043130256255000007 0.45496168897141626 0.00056895534341965014 0.00030375488662815001 10.323879247731293 0.029590548009700453 -0.017237678879048649
decision_type=2 2 2 2 2 2 2 2 2 2 2 2 2
left_child=1 2 6 4 5 -4 9 8 -8 10 -1 -6 -11
right_child=-2 -3 3 -5 11 -7 7 -9 -10 12 -12 -13 -14
leaf_value=-0.0015681338260839671 -0.023269292185657466 0.039856980327481133 0.027658695587088337 -0.019403335787360025 0.072230298842047486 -0.031162467111444658 -0.048541453556991777 0.024355537755282583 -0.01199233386057545 0.049747027750429364 0.02881955808011263 0.026201149835927751 0.010271928552627398
leaf_weight=328.36168672889471 11.291021466255186 11.594203107059 10.235933095216753 18.824908658862114 10.594182312488558 10.97258038073778 18.174860678613186 15.586226757615803 72.09299473464489 10.668220870196821 14.11271660774946 10.332898892462252 12.525874927639959
leaf_count=1631 59 67 49 91 49 52 89 80 347 54 73 51 63
internal_value=-8.56662e-06 0.000474154 -0.000383361 0.0100371 0.0231902 -0.00277342 -0.00173057 -0.0129158 -0.0193513 0.00150733 -0.000315915 0.0495031 0.0284287
internal_weight=555.368 544.077 532.483 60.9605 42.1356 21.2085 471.523 105.854 90.2679 365.668 342.474 20.9271 23.1941
internal_count=2755 2696 2629 292 201 101 2337 516 436 1821 1704 100 117
is_linear=0
shrinkage=0.08


Tree=95
num_leaves=16
num_cat=0
split_feature=22 21 4 24 13 0 4 5 1 2 24 1 11 9 7
split_gain=0.941152 3.52408 3.70646 3.32842 2.60208 3.42676 2.57736 1.96679 3.67387 5.02672 3.23715 4.40696 2.40657 1.88536 1.04493
threshold=5.5634226575583634 10.169147579610689 0.0015685568034980002 -0.00013971040682379996 0.10224823240357657 57.847181204770628 0.0030759984997516007 0.0062243738816668013 0.1271485558449115 0.015483502868003802 0.00030359228794100008 0.083642290817991224 0.20251158677688921 0.54175309808041117 -0.57478490060487897
decision_type=2 2 2 2 2 2 2 2 2 2 2 2 2 2 2
left_child=7 -2 3 -3 -5 -6 -4 8 10 -10 11 13 -9 -1 -13
right_child=1 2 6 4 5 -7 -8 12 9 -11 -12 14 -14 -15 -16
leaf_value=0.0014275638946536753 -0.05190494187910729 0.034535006527069409 0.048458999208929918 0.0083916694679899567 -0.060329750162462864 -0.0098306898778444049 -0.004500360283418099 0.04480331306847482 -0.074428570613026976 0.0058183245148941678 0.043438374081267231 -0.055636213673836331 -0.0050305259886307963 0.030650436732615693 -0.019442229377287665
leaf_weight=372.04014325886965 10.142020769417284 8.0899180769920331 13.084980353713037 13.882873341441153 15.651996672153471 19.087673809379339 10.682826202362774 14.281898848712446 9.7478067055344599 10.248042896389959 11.617467254400252 9.0962975695729273 10.96249148249626 14.68738232553005 11.634279198944567
leaf_count=1816 60 39 66 74 83 102 51 69 54 52 54 50 55 74 56
internal_value=-7.14049e-06 -0.00746453 -0.0018642 -0.0129785 -0.0208838 -0.0325831 0.0246556 0.00144835 0.000199878 -0.0333014 0.00179836 0.00061112 0.0231627 0.00253741 -0.0353237
internal_weight=554.938 90.6223 80.4803 56.7125 48.6225 34.7397 23.7678 464.316 439.071 19.9958 419.076 407.458 25.2444 386.728 20.7306
internal_count=2755 475 415 298 259 185 117 2280 2156 106 2050 1996 124 1890 106
is_linear=0
shrinkage=0.08


Tree=96
num_leaves=16
num_cat=0
split_feature=0 13 12 0 7 6 13 0 5 5 9 9 14 1 19
split_gain=0.923738 2.89031 1.42497 7.68386 4.17026 7.35649 6.25073 2.25991 2.55085 2.83155 2.2545 4.60528 2.51211 3.5485 3.17248
threshold=19.658366999654955 0.14706008862423517 -0.11714628975421944 73.018847844082032 -0.24303715530583733 0.0016639284935136003 0.11255750664968227 73.018847844082032 0.0025406761239919005 0.0045333809124115014 0.53148583648985825 0.53889467962889392 0.00043130256255000007 0.072035795425371363 0.097903465828746511
decision_type=2 2 2 2 2 2 2 2 2 2 2 2 2 2 2
left_child=1 -1 3 4 5 6 -2 10 -9 -10 12 -12 14 -14 -4
right_child=2 -3 7 -5 -6 -7 -8 8 9 -11 11 -13 13 -15 -16
leaf_value=-0.047060239964287619 0.0076098161907503974 0.0099285467369286881 0.034549035391499401 -0.054764956154386535 0.053765758079379611 -0.044521561677685451 0.069734683422572857 0.046306790131214609 -0.031285114596287543 0.022995498566151268 -0.067577799365442157 -0.00087253920391977427 -0.005847806012713932 -0.047691222333295986 0.00038639435234475518
leaf_weight=10.350008495151998 51.781842611730099 12.66570472717285 18.835111856460571 10.842715874314306 15.856775015592573 13.679845206439493 12.959349922835825 12.758452348411081 9.8212697654962557 16.456382147967815 10.321146517992021 18.491389594972134 96.278268828988075 14.990488789975641 227.86206052824855
leaf_count=51 257 59 99 56 74 67 65 67 53 84 56 99 464 75 1129
internal_value=-8.40017e-06 -0.0156989 0.000671774 0.00901317 0.0163482 0.00878232 0.0200455 -0.00138746 0.0169578 0.00270812 -0.00323898 -0.0247675 -0.00150615 -0.0114851 0.00299468
internal_weight=553.951 23.0157 530.935 105.121 94.2778 78.421 64.7412 425.815 39.0361 26.2777 386.778 28.8125 357.966 111.269 246.697
internal_count=2755 110 2645 519 463 389 322 2126 204 137 1922 155 1767 539 1228
is_linear=0
shrinkage=0.08


Tree=97
num_leaves=14
num_cat=0
split_feature=10 10 9 12 7 26 24 26 7 12 22 22 0
split_gain=0.932036 2.55775 1.12977 3.34693 2.50728 4.41256 3.18728 1.76846 3.00163 3.34918 2.04444 3.82191 2.46484
threshold=0.522869433162785 0.50418448466712507 0.50583085258803417 -0.25670624525093116 -0.38980358751514371 0.0010975045496694502 0.00014613292485660001 0.00050201239716845018 -0.74184477599834076 0.63699770165879499 5.4514595185217027 5.4758396008927415 72.352165064450205
decision_type=2 2 2 2 2 2 2 2 2 2 2 2 2
left_child=1 2 7 -4 5 -5 -6 8 -1 -10 12 -12 -9
right_child=-2 -3 3 4 6 -7 -8 10 9 -11 11 -13 -14
leaf_value=-0.0081786114919251904 -0.022876388995071197 0.037774278385420787 0.02660333298603455 -0.0069207671358195305 0.014711891252601637 -0.049589922711476823 -0.036866981133339388 0.0018168622264527537 0.067525276291312053 0.0060376761223179219 -0.050694795761069285 -0.003743284718139046 0.034832865611278803
leaf_weight=16.359193563461304 11.176076166331766 11.509076885879038 16.738228864967823 46.512210723012686 34.348046220839024 23.271932631731033 9.8710713908076269 244.07480166852474 11.338857993483545 11.339037314057348 12.688854433596132 88.383144937455654 15.383818134665487
leaf_count=87 59 67 89 245 173 122 59 1163 57 58 60 440 76
internal_value=-8.3868e-06 0.000463311 -0.000346433 -0.00680161 -0.0117062 -0.0211503 0.0031979 0.00176575 0.01794 0.0367812 1.44526e-05 -0.00963771 0.00377445
internal_weight=552.994 541.818 530.309 130.741 114.003 69.7841 44.2191 399.568 39.0371 22.6779 360.531 101.072 259.459
internal_count=2755 2696 2629 688 599 367 232 1941 202 115 1739 500 1239
is_linear=0
shrinkage=0.08


Tree=98
num_leaves=15
num_cat=0
split_feature=22 26 21 12 3 14 5 1 2 15 5 23 23 3
split_gain=0.838583 4.24617 3.97815 6.56328 4.87573 5.19123 1.40098 3.73703 3.98771 2.95809 2.05619 2.50819 3.05445 2.82117
threshold=5.5844008251567567 0.0018412246133487503 10.242550061077361 1.3951170588645481 0.00088528442767790011 5.1540647317901068e-05 0.0059599137648139507 0.11936487257023741 0.013925856049980652 0.0014177537408857502 0.0041762744234408516 1.4890894222477786 1.265544016320524 0.0010380567025992501
decision_type=2 2 2 2 2 2 2 2 2 2 2 2 2 2
left_child=6 2 -2 4 -4 -6 7 10 -9 -8 11 12 -1 -13
right_child=1 -3 3 -5 5 -7 9 8 -10 -11 -12 13 -14 -15
leaf_value=0.0024890957934336796 -0.054086033151790995 0.035899797964203464 0.04951131627955882 -0.055375009001917261 0.028772793434615564 -0.051446841647160436 0.053668885982885113 -0.06881278277362006 0.00068442122844094373 -0.0014311925665772124 -0.02691160415936265 -0.0060694275071171908 -0.040609566067075685 0.05039023740849248
leaf_weight=381.66520412266254 13.931499056518076 11.792312145233153 13.742365047335623 12.363674283027647 10.162489846348764 10.49422315508127 9.9115497842431086 10.158228859305384 11.012514442205427 16.814039953052998 15.43177308142185 9.3597536906600016 10.822551190853117 14.345257453620432
leaf_count=1874 74 58 74 71 52 56 49 58 56 84 75 49 54 71
internal_value=-7.65467e-06 -0.00802749 -0.0165621 -0.00538308 0.012585 -0.0119812 0.00120466 0.000154114 -0.032662 0.0190034 0.00176371 0.00282695 0.00130068 0.0280975
internal_weight=552.007 72.4866 60.6943 46.7628 34.3991 20.6567 479.521 452.795 21.1707 26.7256 431.625 416.193 392.488 23.705
internal_count=2755 385 327 253 182 108 2370 2237 114 133 2123 2048 1928 120
is_linear=0
shrinkage=0.08


Tree=99
num_leaves=9
num_cat=0
split_feature=10 10 1 21 5 25 0 1
split_gain=0.849832 2.09559 1.06603 5.62553 3.19052 2.67324 2.33841 2.9933
threshold=0.522869433162785 0.50418448466712507 0.17001190391705023 9.5497612789496031 0.0049288960448064011 0.00068492482916250011 76.694156115552616 0.11936487257023741
decision_type=2 2 2 2 2 2 2 2
left_child=1 2 4 -4 6 -6 7 -1
right_child=-2 -3 3 -5 5 -7 -8 -9
leaf_value=-0.00083370551328337263 -0.021909741119070587 0.034265642185593193 0.013850471555154129 -0.06268875685546775 0.058359271149448062 0.0036819736849454578 0.030157722211434881 -0.041342620941359133
leaf_weight=452.60152038559318 11.110872119665144 11.473866581916807 15.675650365650656 10.109116338193415 10.903635382652284 12.043962158262728 15.054479688405989 11.983355998992918
leaf_count=2232 59 67 78 55 55 59 80 70
internal_value=-9.01497e-06 0.000441736 -0.000292767 -0.0161573 0.000521149 0.0296621 -0.000873054 -0.00187858
internal_weight=550.956 539.846 528.372 25.7848 502.587 22.9476 479.639 464.585
internal_count=2755 2696 2629 133 2496 114 2382 2302
is_linear=0
shrinkage=0.08


Tree=100
num_leaves=17
num_cat=0
split_feature=28 1 14 5 28 13 9 9 9 1 5 2 12 0 5 22
split_gain=0.823728 3.2215 3.81535 2.99394 2.72622 5.12161 3.57505 6.32845 4.4656 3.67053 2.25954 2.11281 2.00435 1.7151 4.35573 3.50886
threshold=0.0026247979500224504 0.029590548009700453 -0.00043034521327539995 7.1522229953329921e-05 0.0026351020821363505 0.17344238384487773 0.52650115372734274 0.52208603887470495 0.53844546968849483 -0.0060525296266077987 0.00073224237166740012 0.0082087659848342522 1.2098569569557533 39.517328499552058 -0.0038522744600585496 4.9513507631230391
decision_type=2 2 2 2 2 2 2 2 2 2 2 2 2 2 2 2
left_child=1 2 -1 12 5 -2 7 13 11 -10 -5 -8 -4 14 -6 -15
right_child=4 -3 3 10 6 -7 8 -9 9 -11 -12 -13 -14 15 -16 -17
leaf_value=-0.040825435607078568 0.0581092986386927 -0.038312772740203331 0.017676592382178471 0.061527145495093978 0.0068230832939815723 -0.010614877523136688 -0.07195031514375097 0.053965342546595116 0.035829138306530714 -0.027770970948220647 0.0088679063688429215 -0.01958227110875561 -0.030106277252452258 0.023125196255834417 -0.022399828654356146 -0.00060469282182422498
leaf_weight=10.900953166186808 14.620250262320043 17.094622433185577 10.423823393881323 9.9473185986280459 67.134583443403244 13.211537167429922 11.592538923025133 14.474313281476496 10.825433515012266 12.529064014554022 10.961771115660666 8.5800834223628026 12.187111549079416 49.04960523545742 63.537696860730648 213.32110457122326
leaf_count=53 76 93 55 49 324 67 71 70 54 68 52 48 61 253 308 1053
internal_value=-9.10218e-06 -0.00801771 0.00149852 0.0120999 0.00118691 0.0254865 -0.000312501 0.0020152 -0.0221054 0.00170938 0.0339201 -0.0496765 -0.00807799 0.000102074 -0.00738618 0.00383156
internal_weight=550.392 71.5156 54.421 43.52 478.876 27.8318 451.044 407.517 43.5271 23.3545 20.9091 20.1726 22.6109 393.043 130.672 262.371
internal_count=2755 363 270 217 2392 143 2249 2008 241 122 101 119 116 1938 632 1306
is_linear=0
shrinkage=0.08


Tree=101
num_leaves=14
num_cat=0
split_feature=24 6 19 8 12 12 12 8 28 5 2 6 7
split_gain=0.829548 3.34429 3.22996 2.50399 1.57278 3.87598 3.68626 3.83172 3.7807 3.62593 2.17625 10.898 3.48241
threshold=-0.00052915010265539985 0.0016299215131200002 0.41665421507196265 -0.0047673962825509992 3.4117786426974983 4.4911792747602215 2.1312284864868647 -0.0012916895174968997 0.0027467762803640504 0.0013052762196340002 0.0030451276018590503 0.00060802824735860011 -0.75383416194884278
decision_type=2 2 2 2 2 2 2 2 2 2 2 2 2
left_child=1 -1 -3 -2 6 -6 10 -8 -9 -7 11 -5 -12
right_child=3 2 -4 4 5 9 7 8 -10 -11 12 -13 -14
leaf_value=-0.05162910879903225 0.032435892665714408 -0.021489431875584986 0.031390858810150288 -0.01386551822460513 0.046135914883686784 0.024171515391859369 0.013309922553604555 -0.079191677845217176 -0.010620867054205729 -0.041381555941707449 -0.044290951167471317 0.082894261391314839 0.00015915036417683039
leaf_weight=9.8278413563966733 15.580619573593138 16.527348063886169 13.374883547425268 21.061771668493748 15.561953164637087 11.666624017059805 9.640422537922861 11.219082228839399 9.5066195800900442 10.054082952439783 11.623353116214274 11.526670813560484 382.03028206527233
leaf_count=52 73 81 65 108 82 61 46 65 49 56 60 55 1902
internal_value=-9.27551e-06 -0.0111431 0.00216324 0.000858974 -0.000137173 0.0156617 -0.00142718 -0.0283577 -0.0477391 -0.0061717 0.000491395 0.0203588 -0.00115332
internal_weight=549.202 39.7301 29.9022 509.471 493.891 37.2827 456.608 30.3661 20.7257 21.7207 426.242 32.5884 393.654
internal_count=2755 198 146 2557 2484 199 2285 160 114 117 2125 163 1962
is_linear=0
shrinkage=0.08


Tree=102
num_leaves=18
num_cat=0
split_feature=6 2 2 22 22 28 17 20 2 0 15 21 6 28 16 20 9
split_gain=0.874139 6.69045 5.22847 5.327 3.31543 5.99897 3.22606 5.28721 4.11224 2.98985 2.75969 2.46474 5.50224 6.95751 2.99727 4.46517 2.73092
threshold=0.00065670877246725009 0.0030451276018590503 0.0029743126386596506 5.4704557074999451 5.4683621615341247 0.0026303130612415006 0.75000000000000011 0.52664168186957838 0.0060178092107524006 50.909230503295163 -1.8287546229883305e-05 9.8017572677106859 0.00089099211398095018 0.0028288907858364507 1.0000000180025095e-35 0.61200966260179268 0.48504229075659183
decision_type=2 2 2 2 2 2 2 2 2 2 2 2 2 2 2 2 2
left_child=2 -2 3 -1 11 -6 8 -8 -7 -4 -5 14 -13 -14 15 -3 -16
right_child=1 4 9 10 5 6 7 -9 -10 -11 -12 12 13 -15 16 -17 -18
leaf_value=-0.062818442317072648 0.061696658040823665 0.011714248686273455 0.054588514416395215 0.039317197305240366 -0.063259517610265326 -0.022156793198143503 -0.078344244368513366 -0.0094082384489601028 0.016916484418928394 0.0067885389607792567 -0.017609805354557192 -0.027246238187656587 0.042677662951155833 -0.024186885702362163 -0.0017531440329613724 -0.010154882204231139 -0.045844452482622304
leaf_weight=10.012894928455351 10.589987568557261 125.08483447134495 16.803231559693813 9.7568987756967545 13.913677707314489 27.591577425599098 9.4407597258687002 28.973202027380466 45.941292971372604 16.696283780038357 12.346930764615536 15.514603249728678 41.728860720992088 13.081928260624407 18.228279948234558 114.40120806545019 17.740273892879486
leaf_count=49 53 618 87 51 72 147 59 147 233 91 63 79 198 63 89 569 87
internal_value=-9.74628e-06 -0.00118852 0.00865333 -0.0144102 -0.00260051 -0.0137181 -0.00756066 -0.0263502 0.0022551 0.0307648 0.00751846 0.00144618 0.0148135 0.0267188 -0.00196659 0.00126748 -0.0234997
internal_weight=547.847 482.23 65.6162 32.1167 471.64 125.861 111.947 38.414 73.5329 33.4995 22.1038 345.78 70.3254 54.8108 275.455 239.486 35.9686
internal_count=2755 2414 341 163 2361 658 586 206 380 178 114 1703 340 261 1363 1187 176
is_linear=0
shrinkage=0.08


Tree=103
num_leaves=15
num_cat=0
split_feature=23 0 23 16 13 21 2 7 22 0 1 10 2 6
split_gain=0.784187 5.90063 3.76378 3.26083 2.69496 3.81181 2.54105 2.3606 2.22439 2.26209 1.90454 1.75169 1.22914 1.17364
threshold=1.4890894222477786 58.942684331411897 1.265544016320524 1.0000000180025095e-35 0.21711430229216408 9.9210558264430251 0.0076294543293866507 -0.21089986533428187 5.6500375403352061 67.308323524253822 0.10719292505389426 0.50418448466712507 0.0075812244685151001 0.0013478203902582502
decision_type=2 2 2 2 2 2 2 2 2 2 2 2 2 2
left_child=2 -2 8 4 5 7 -4 -3 9 10 11 -1 -5 -11
right_child=1 3 6 12 -6 -7 -8 -9 -10 13 -12 -13 -14 -15
leaf_value=0.00029851869064826851 0.06657200829958676 0.038819998811259741 -0.060826520269975357 0.04892795019435827 -0.044894218767015256 -0.03106171241338224 -0.0081191856212318378 -0.0099684696904821651 -0.030928242504466904 0.0083687313547352697 -0.028092609162834133 0.032813683985273581 0.0076960039450323908 0.047755154314995649
leaf_weight=381.76764324307442 9.4757036641240102 14.855278939008711 10.869813553988935 9.3075729012489337 11.469627320766447 16.66344727575779 12.686173766851423 11.081709459424021 14.059936463832853 9.6532998979091662 14.736876726150511 10.906831517815588 9.2017031088471395 9.7148271128535253
leaf_count=1887 45 79 57 51 59 89 64 53 75 51 79 65 50 51
internal_value=-1.04515e-05 0.00719922 -0.00128434 -0.00055228 -0.0104735 -0.00120611 -0.0324408 0.0179749 0.00038048 0.00141192 0.000142021 0.00120165 0.0284299 0.0281245
internal_weight=546.45 82.055 464.395 72.5793 54.0701 42.6004 23.556 25.937 440.839 426.779 407.411 392.674 18.5093 19.3681
internal_count=2755 426 2329 381 280 221 121 132 2208 2133 2031 1952 101 102
is_linear=0
shrinkage=0.08


Tree=104
num_leaves=7
num_cat=0
split_feature=15 24 4 7 28 5
split_gain=0.804088 1.91646 1.96183 1.41763 2.84329 4.80662
threshold=0.0050715318456005512 0.00077137143673170015 0.0045150793793918504 0.035919495933976558 0.0031751187732671506 -0.0065850480774300489
decision_type=2 2 2 2 2 2
left_child=1 2 3 4 5 -1
right_child=-2 -3 -4 -5 -6 -7
leaf_value=-0.037881512370045625 0.0174370280908871 0.034327368448954919 -0.031754139324209625 -0.022999162837523863 0.030676125895499975 0.0009107595382296191
leaf_weight=21.418543227016926 16.398097038269043 9.8942243233323079 13.122404798865317 17.196687646210194 19.041783481836319 448.49961227923632
leaf_count=107 80 50 71 93 96 2258
internal_value=-9.87348e-06 -0.000550521 -0.00121508 -0.000423333 0.000370657 -0.000857365
internal_weight=545.571 529.173 519.279 506.157 488.96 469.918
internal_count=2755 2675 2625 2554 2461 2365
is_linear=0
shrinkage=0.08


Tree=105
num_leaves=19
num_cat=0
split_feature=19 2 19 13 13 5 19 9 22 13 28 2 2 13 9 3 28 26
split_gain=0.775526 3.17667 2.81855 3.26422 5.2623 2.74761 2.56611 3.04133 2.86646 2.19045 5.78714 3.29706 3.79537 3.05567 5.81328 2.08175 3.51701 1.97738
threshold=0.15695862699841637 0.0035598069356902007 0.097903465828746511 0.078708993133971852 0.22710676359148133 0.00089040312018375011 0.17570184930127103 0.49228704665484779 5.1674472963890645 0.071952372405684764 0.0028711800762035006 0.0044842189826776015 0.0072598636714590005 0.085568351164843306 0.48166201826390792 0.0037859283790511503 0.0031637907383468005 0.0013540086559152501
decision_type=2 2 2 2 2 2 2 2 2 2 2 2 2 2 2 2 2 2
left_child=1 -1 3 -3 -5 17 7 8 -2 10 11 -8 -13 14 -11 16 -15 -4
right_child=6 2 5 4 -6 -7 9 -9 -10 13 -12 12 -14 15 -16 -17 -18 -19
leaf_value=0.026829860238784052 -0.027003106802339721 0.044987554902455859 0.013958975368155085 -0.038676444361026859 0.031179921911779439 -0.060982754129428697 -0.064521700821442596 0.052470802007304834 0.02903896121937927 -0.018418037288533539 0.030068114214454822 0.0069536980795565397 -0.04498025009216218 -0.0010323592540368925 0.057468672026316885 -0.030029677572753842 0.033179943202389234 -0.032069603311904477
leaf_weight=14.957585848867891 10.399324454367163 8.6528939977288228 9.7382553890347499 17.439775280654434 11.421299047768114 11.853056311607359 11.691951476037501 13.123234659433363 13.326325505971907 10.61139912158251 14.51600620895624 20.623635798692703 15.987447455525396 294.07421208545566 16.516029193997383 14.27605317533016 20.575958639383316 15.45030967146158
leaf_count=78 52 47 52 93 65 67 61 65 70 56 72 101 81 1460 75 74 104 82
internal_value=-9.05039e-06 -0.00681678 -0.0135671 0.00188941 -0.0110319 -0.0292207 0.00132813 0.021568 0.00447484 -0.000452399 -0.0142254 -0.0275364 -0.015725 0.00197759 0.0277842 -0.000150752 0.00120489 -0.0142743
internal_weight=545.235 89.5132 74.5556 37.514 28.8611 37.0416 455.722 36.8489 23.7256 418.873 62.819 48.303 36.6111 356.054 27.1274 328.926 314.65 25.1886
internal_count=2755 484 406 205 158 201 2271 187 122 2084 315 243 182 1769 131 1638 1564 134
is_linear=0
shrinkage=0.08


Tree=106
num_leaves=20
num_cat=0
split_feature=21 11 3 26 22 11 6 22 1 12 12 11 6 15 12 15 1 3 3
split_gain=0.766522 2.69536 5.44716 5.17873 5.1741 4.94509 3.7233 2.36119 3.81805 3.32974 2.91813 2.73966 5.80091 4.78719 1.92875 1.48171 4.33117 3.07579 1.13119
threshold=9.8017572677106859 -0.28252843126957589 0.0020121700829897507 0.0017479740909038001 5.4652208895690331 -0.082128591576991233 0.00065670877246725009 5.3508196257708542 -0.08151757688616354 -0.35807517768072866 -0.20379818936418462 0.17954594671543342 0.00060802824735860011 -0.0033139416737451495 1.2366188712395834 0.00051719479117355008 0.014732802544401052 0.0011335389904372003 0.0013175926209869002
decision_type=2 2 2 2 2 2 2 2 2 2 2 2 2 2 2 2 2 2 2
left_child=7 4 3 5 14 -3 -7 9 -9 -1 -11 12 -12 -13 -2 16 -6 -17 -5
right_child=1 2 -4 18 15 6 -8 8 -10 10 11 13 -14 -15 -16 17 -18 -19 -20
leaf_value=-0.041814687004309639 0.077138362065468244 -0.046907955672740045 -0.059326568604312985 0.018081384809898494 -0.011336464507856562 0.031836987914316633 -0.00554857843136703 0.016238374575804376 -0.049182362090575589 0.0322519570782938 -0.068632049409594456 0.063012437646653555 -0.003443836827580966 0.0037781927353788725 0.026673332605069822 -0.04156931981505739 0.050112336882508712 0.018544877124792841 0.053444022540627412
leaf_weight=11.987164229154585 9.6070747226476687 15.598454952239988 10.029834799468516 11.185792192816736 17.284627839922909 20.69059569761157 96.870047628879547 8.8033352717757243 16.245286777615547 18.153444267809391 9.2677044421434385 9.8041092455387098 152.42652679234743 79.852727103978395 9.7825782820582372 11.314842373132707 12.760764010250567 10.504499331116675 12.000119790434836
leaf_count=63 50 78 51 58 89 115 499 45 88 89 50 51 748 403 51 56 61 54 56
internal_value=-9.5822e-06 0.00340061 -0.00217523 0.00149114 0.0164199 -0.00458441 0.00103126 -0.00265316 -0.0261903 -0.000558699 0.00127631 -0.000960863 -0.00718018 0.0102555 0.0516775 0.0032388 0.0147618 -0.0126285 0.0363837
internal_weight=544.17 237.629 166.375 156.345 71.2544 133.159 117.561 306.54 25.0486 281.492 269.505 251.351 161.694 89.6568 19.3897 51.8647 30.0454 21.8193 23.1859
internal_count=2755 1218 857 806 361 692 614 1537 133 1404 1341 1252 798 454 101 260 150 110 114
is_linear=0
shrinkage=0.08


Tree=107
num_leaves=16
num_cat=0
split_feature=7 7 24 1 11 2 5 2 24 19 26 21 21 9 24
split_gain=0.774789 4.10339 4.59452 8.82256 5.84387 3.54548 3.37748 2.23487 7.38155 3.86788 3.70283 3.43088 5.48113 2.92052 1.50505
threshold=-0.16302876741505037 -0.12155276560497059 -0.00017142884590439999 0.083642290817991224 0.16576142713874334 0.015790312188948153 -0.0030720024474254494 0.012655440230294052 -0.00036555962094244997 0.41497220652438699 0.0016736166146734501 9.4197609618808595 9.1866125774838938 0.46269607132467488 -0.00072375809416039987
decision_type=2 2 2 2 2 2 2 2 2 2 2 2 2 2 2
left_child=5 -2 6 -4 -5 7 14 8 9 -1 -9 12 -10 -13 -3
right_child=1 2 3 4 -6 -7 -8 10 11 -11 -12 13 -14 -15 -16
leaf_value=0.077308412897192952 -0.04104345916125466 0.016363496469542178 0.074840790165412258 0.039199102010637657 -0.040126216798488497 0.034520527019986758 -0.054600993536108318 -0.05367785891201949 -0.0049805530990048264 0.012366209275295088 0.008863237991134627 0.021203168024479347 -0.052547929446655407 -0.00058553038429348659 -0.02449819491822805
leaf_weight=11.718296095728876 17.92354454100132 13.065139047801493 12.872553825378416 10.206765852868559 14.230594471096991 19.713097862899303 11.517480067908762 12.661792427301409 78.778477296233177 11.759675934910772 11.618060700595377 47.097917817533016 19.302231207489967 239.98319901525974 10.330354332923891
leaf_count=53 90 65 66 50 74 98 58 69 413 54 57 257 93 1205 53
internal_value=-8.66445e-06 -0.00678147 0.00172132 0.0212402 -0.00699437 0.00134021 -0.0191376 -0.000170664 0.00123042 0.0447801 -0.0237516 -0.00142419 -0.0143418 0.00298908 -0.00167911
internal_weight=542.779 90.1464 72.2229 37.3099 24.4374 452.633 34.913 432.92 408.64 23.478 24.2799 385.162 98.0807 287.081 23.3955
internal_count=2755 456 366 190 124 2299 176 2201 2075 107 126 1968 506 1462 118
is_linear=0
shrinkage=0.08


Tree=108
num_leaves=23
num_cat=0
split_feature=19 2 28 1 2 28 0 19 12 19 22 3 11 2 19 22 2 7 2 28 15 14
split_gain=0.792707 3.87778 3.38 3.8956 3.33667 3.5646 3.27552 2.98496 6.70046 6.12879 3.58391 2.71781 6.30041 5.16325 4.97271 4.90338 4.51392 4.19591 4.07641 3.82321 2.20441 1.83779
threshold=0.25408098570428705 0.019206437934716953 0.0030278609361936502 -0.12482940091791044 0.010125880327343051 0.0028433544745788005 47.5633326663202 0.32488007545736414 -0.036619162081297597 0.29875212956502833 5.2590508164486858 0.0010630263162610502 -0.45356710787398852 0.013022981132323351 0.39489731347771034 5.4514595185217027 0.0077080565024448015 -0.63646753830299752 0.014474474686938852 0.0026212073225108505 0.00090336860066325003 1.0000000180025095e-35
decision_type=2 2 2 2 2 2 2 2 2 2 2 2 2 2 2 2 2 2 2 2 2 2
left_child=1 2 3 -1 5 -5 -4 8 -2 10 -10 12 -9 14 16 -16 -13 19 -15 -14 -20 -12
right_child=7 -3 6 4 -6 -7 -8 11 9 -11 21 13 17 18 15 -17 -18 -19 20 -21 -22 -23
leaf_value=0.048800695381707247 0.026481361951152693 0.044045506446607208 -0.062778692112903739 -0.00051144837057538609 -0.033613455119149135 0.02800409845628295 -0.0010070528404396138 0.037409286390911595 -0.038982502261679187 -0.075285197105549623 0.033749188437548976 0.0068167779664369821 -0.046897795436454656 -0.055603934973798667 0.023202108795426789 -0.033928415442302594 0.073890108917768385 -0.058867950634333324 0.013392385583044161 0.011042661305096646 -0.02284521671614952 -0.014425133935322217
leaf_weight=11.589705489575861 17.179567515850067 13.975094318389891 10.077273033559324 180.14746483415365 16.308792099356651 33.231550935655832 12.079254254698752 13.085004478693007 19.645178079605103 14.542292810976504 9.8472754657268542 10.132887504994871 11.050645545125006 10.122810564935206 32.843666344881058 13.594463624060152 17.531832545995712 15.877545297145842 29.953189045190811 21.40962578356266 16.75256834179163 10.442603170871733
leaf_count=54 83 70 59 927 82 162 65 65 96 81 50 51 60 53 156 68 87 83 155 111 84 53
internal_value=-6.51679e-06 0.00297976 0.000801232 0.00354726 0.00126384 0.00392955 -0.0291021 -0.00314434 -0.0170814 -0.030819 -0.0146267 0.00204756 -0.0118361 0.00856072 0.0224729 0.00647752 0.0493228 -0.0251668 -0.00958038 -0.00868236 0.000394568 0.00895528
internal_weight=541.42 277.409 263.434 241.278 229.688 213.379 22.1565 264.011 71.6569 54.4773 39.9351 192.354 61.4228 130.931 74.1029 46.4381 27.6647 48.3378 56.8286 32.4603 46.7058 20.2899
internal_count=2755 1419 1349 1225 1171 1089 124 1336 363 280 199 973 319 654 362 224 138 254 292 171 239 103
is_linear=0
shrinkage=0.08


Tree=109
num_leaves=8
num_cat=0
split_feature=23 23 23 14 14 13 14
split_gain=0.778192 1.59449 1.7691 1.58068 4.04753 3.36022 1.65893
threshold=-3.2498853210253844 -2.6646069803786658 -2.4022148644456034 -0.0016655009462268498 -0.0013683168929197996 0.16800022314335958 -0.00076294482955549991
decision_type=2 2 2 2 2 2 2
left_child=-1 -2 -3 5 -5 -4 -6
right_child=1 2 3 4 6 -7 -8
leaf_value=-0.019984522877050589 0.030693392542074514 -0.03151695064456015 0.039965452295996025 -0.044872109377613309 0.014082775202083042 -0.0071026273155141576 -0.0012384964395953622
leaf_weight=12.197577536106108 10.928965270519255 11.281661890447138 19.081215120851994 12.952514708042143 50.952575676143169 19.759507916867733 402.65825337916613
leaf_count=55 55 55 95 66 258 97 2074
internal_value=-7.36952e-06 0.000454469 -0.000185146 0.000514244 -0.000776623 0.0160204 0.00048249
internal_weight=539.812 527.615 516.686 505.404 466.563 38.8407 453.611
internal_count=2755 2700 2645 2590 2398 192 2332
is_linear=0
shrinkage=0.08


Tree=110
num_leaves=14
num_cat=0
split_feature=0 14 5 5 9 17 5 8 23 3 8 8 15
split_gain=0.799189 2.89339 1.07301 4.55635 4.43063 3.77711 2.6951 1.50184 4.42583 3.9117 3.3909 3.38153 2.18635
threshold=19.658366999654955 -0.00075195000701164998 -0.004604685278171549 -0.0050371120571262489 0.5025149084434507 0.90000000000000013 -0.0040397151802224985 -0.0023869160226065492 -1.0609978192420699 0.0017712757695062004 -0.0018975474509316998 -0.0015958937569290998 -0.00082943670315934988
decision_type=2 2 2 2 2 2 2 2 2 2 2 2 2
left_child=1 -1 3 4 5 -2 -4 8 9 -8 12 -12 -9
right_child=2 -3 6 -5 -6 -7 7 10 -10 -11 11 -13 -14
leaf_value=0.014201741934597823 0.037498970189767049 -0.043407364494243844 -0.033656553998207536 0.060395883625481733 -0.040835453414462215 -0.017450041060440673 -0.021541109631044875 0.0072218632574270417 -0.059425042345083022 0.029574899196101116 -0.034836219389253784 0.0019823170196216888 0.057304415886944848
leaf_weight=11.072500273585321 20.034287706017494 11.247356496751307 15.289597541093825 9.8808443546295148 12.177999973297117 13.334989868104456 23.217962540686131 11.079069033265116 10.255722999572752 16.313688389956951 16.710396952927113 357.7409011349082 11.236547410488127
leaf_count=51 98 59 73 47 64 68 111 53 52 77 81 1862 59
internal_value=-6.84757e-06 -0.0148285 0.000632693 0.0111502 0.000467095 0.0155403 -0.000629569 0.000501243 -0.0125958 -0.000446857 0.0021447 0.00033924 0.0324399
internal_weight=539.592 22.3199 517.272 55.4281 45.5473 33.3693 461.844 446.554 49.7874 39.5317 396.767 374.451 22.3156
internal_count=2755 110 2645 277 230 166 2368 2295 240 188 2055 1943 112
is_linear=0
shrinkage=0.08


Tree=111
num_leaves=29
num_cat=0
split_feature=6 28 15 23 7 26 3 12 14 21 22 26 22 3 21 14 14 24 8 24 9 23 1 15 20 3 11 28
split_gain=0.761102 3.41071 4.85574 6.34284 4.62157 4.63181 4.59157 3.68012 3.39334 3.04764 6.25815 4.68501 2.99184 5.15305 3.12197 2.46621 2.37968 3.85036 5.55971 4.21184 3.79842 3.06971 3.31524 2.55064 2.23622 2.10034 2.01438 1.92963
threshold=0.0012963905970679002 0.0028433544745788005 -0.0029516249662252495 -1.2447379199700284 -0.15407450630391759 0.0030186994338854503 0.0026829558660889006 0.012944238064080052 0.00077573863415725003 9.4570130520747266 4.9513507631230391 0.00099284117834355016 5.1814509965583406 0.0019938462580445003 9.0453136067501791 0.0016296530732242004 0.00043130256255000007 -0.00015620110223264996 -0.0027068437791233496 -0.00031760876314154994 0.46233683141061882 0.77889833167884504 0.05584233410321101 0.0013648951345470502 0.56506714650403966 0.00096138905697710011 0.19033129385009837 0.0026696307487678503
decision_type=2 2 2 2 2 2 2 2 2 2 2 2 2 2 2 2 2 2 2 2 2 2 2 2 2 2 2 2
left_child=15 2 -2 -4 5 12 -6 -8 -9 10 -5 -11 14 -14 -3 16 17 18 19 -1 24 25 -23 -22 -19 -18 -27 -20
right_child=1 4 3 9 6 -7 7 8 -10 11 -12 -13 13 -15 -16 -17 21 20 27 -21 23 22 -24 -25 -26 26 -28 -29
leaf_value=0.027599166756791117 -0.070591382422331941 -0.0028123717310300678 0.039087527025516065 0.0050391508649672489 -0.052016686785132694 0.064295652378019402 0.036549829486229098 0.0049525750043934273 -0.037551458758014383 -0.037189874314535278 -0.069243138853251507 0.01539000760325243 0.029302730113532949 -0.046326365661265537 0.043427757089955048 0.040921868903305118 0.00097664886315090697 0.00767836444175524 0.031507452960807189 -0.03220299611319765 -0.0083819649690318031 0.036871282635035744 -0.018619377289408982 0.031196116209009087 0.063970665885991179 -0.062485306879982397 -0.016001824542505282 0.077955304486341082
leaf_weight=17.383552879095081 9.0667695179581624 16.316010199487209 14.602152667939661 12.423091474920513 13.287850953638552 11.955347239971159 13.634453222155569 33.961884528398514 18.607520170509815 17.968795213848352 17.460678704082966 27.358431100845337 10.386432565748693 12.961069218814371 21.871434137225151 10.470456331968306 10.939156487584112 9.8047581166028994 11.963434584438803 13.307221934199331 130.80113903433084 13.052872963249685 14.595446325838564 11.323430858552454 8.373658072203396 13.093659661710264 10.96157620847225 10.976235888898371
leaf_count=83 44 82 68 70 64 58 71 178 96 97 86 135 51 71 110 52 55 59 65 65 667 66 76 60 53 65 55 53
internal_value=-5.58897e-06 -0.00321517 -0.0147949 -0.00916212 0.00426936 0.0187308 -0.00910024 -0.000486434 -0.0100922 -0.0185298 -0.038363 -0.00545391 0.00987816 -0.0126818 0.0236711 0.00281058 0.00136779 0.00538327 0.0239385 0.00166953 -0.000824504 -0.0123456 0.00757797 -0.00522868 0.0336087 -0.0280869 -0.0413035 0.0537319
internal_weight=538.909 251.862 98.8799 89.8131 152.982 73.4903 79.4917 66.2039 52.5694 75.211 29.8838 45.3272 61.5349 23.3475 38.1874 287.047 276.576 213.933 53.6304 30.6908 160.303 62.6427 27.6483 142.125 18.1784 34.9944 24.0552 22.9397
internal_count=2755 1281 500 456 781 372 409 345 274 388 156 232 314 122 192 1474 1422 1105 266 148 839 317 142 727 112 175 120 118
is_linear=0
shrinkage=0.08


Tree=112
num_leaves=11
num_cat=0
split_feature=0 16 12 11 11 5 11 26 15 15
split_gain=0.789459 2.80306 2.00369 1.28646 1.84819 2.61605 2.19167 1.63997 1.61796 1.59815
threshold=24.605328234793323 1.0000000180025095e-35 0.61157435461634091 -1.538522739950585 -0.77285305186496156 -0.00043518332751864996 -0.71946682499137549 0.00039286286614110009 -0.00010886722984559999 0.0010785384267372501
decision_type=2 2 2 2 2 2 2 2 2 2
left_child=1 2 -1 -2 5 -5 -6 8 -8 -9
right_child=3 -3 -4 4 6 -7 7 9 -10 -11
leaf_value=0.026130618992951798 0.022911430173092193 -0.03840424448623081 -0.017157862065433675 0.0019789204342199529 0.037294287177781785 -0.041521884230494875 0.046601432291985691 0.0026387128651164274 0.001719126012921391 -0.0085248648075230381
leaf_weight=13.826587423682215 16.419161550700665 14.910536788403986 13.549382895231245 19.927374243736267 10.714348390698431 15.913121290504931 9.6376465223729628 297.61031705513597 11.01601881533861 113.32150397449732
leaf_count=64 88 77 68 96 51 83 54 1531 60 583
internal_value=-3.76823e-06 -0.0104953 0.00470554 0.000893292 0.000137197 -0.0173354 0.00155304 0.00066574 0.0226626 -0.000439835
internal_weight=536.846 42.2865 27.376 494.559 478.14 35.8405 442.3 431.585 20.6537 410.932
internal_count=2755 209 132 2546 2458 179 2279 2228 114 2114
is_linear=0
shrinkage=0.08


Tree=113
num_leaves=9
num_cat=0
split_feature=1 1 8 26 24 12 12 19
split_gain=0.877757 2.40867 1.15664 4.42608 1.71315 1.7248 3.63615 3.5004
threshold=-0.37912811823112941 -0.28020003670431487 -0.0047673962825509992 0.0026354770871698505 -0.00045007810435874991 3.4117786426974983 2.1312284864868647 0.19344057153776617
decision_type=2 2 2 2 2 2 2 2
left_child=-1 -2 3 -3 -4 6 -6 -7
right_child=1 2 4 -5 5 7 -8 -9
leaf_value=0.02521120140794559 -0.035291023141688554 0.043411297229936717 -0.029634250929432886 -0.021935284395059252 0.00082947122478182816 -0.024380326416156794 -0.028819414753823366 0.032398208747964917
leaf_weight=8.6924626454710943 12.37928533554077 16.062467031180862 12.56632152199745 11.300803534686564 411.57448162510991 9.4780161231756193 28.292988657951355 26.044277761131525
leaf_count=44 66 78 65 56 2096 51 154 145
internal_value=-3.73779e-06 -0.000419088 0.000418624 0.0164237 -0.000478897 0.000291787 -0.00107759 0.0172486
internal_weight=536.391 527.699 515.319 27.3633 487.956 475.39 439.867 35.5223
internal_count=2755 2711 2645 134 2511 2446 2250 196
is_linear=0
shrinkage=0.08


Tree=114
num_leaves=28
num_cat=0
split_feature=12 9 12 13 26 9 12 12 12 13 1 9 24 9 5 22 23 9 2 21 2 25 20 12 6 3 21
split_gain=0.802907 4.03022 4.41754 4.39744 4.107 3.92633 3.54158 3.28617 3.57397 4.04638 3.21769 4.85241 5.41154 4.26465 3.97333 4.47878 3.35769 4.1251 3.34236 3.01774 2.74354 2.70848 2.70668 2.62658 2.56019 2.36819 2.21294
threshold=0.72218594494428279 0.48166201826390792 1.0797588576533632 0.37579701523352543 0.0020877854764411005 0.46888925707901885 0.58106625174124982 4.4911792747602215 3.3534138513998779 0.30286106463714385 0.049236187434601654 0.46471659395185588 0.00031788762116675008 0.50371308641636359 0.00018295460463765002 5.0660402945153118 -1.2711239692736045 0.50000000000653422 0.0050599433637337514 10.111823514800358 0.0071060869843041505 0.00068492482916250011 0.61853386298209478 0.83679572334948704 0.0012902280158218502 0.0015567681123237001 8.8376917779347526
decision_type=2 2 2 2 2 2 2 2 2 2 2 2 2 2 2 2 2 2 2 2 2 2 2 2 2 2 2
left_child=6 2 23 20 7 25 10 8 9 -3 14 -12 13 -13 16 -16 17 -1 -17 -18 -4 -14 26 -2 -8 -5 -6
right_child=1 4 3 5 22 -7 24 -9 -10 -11 11 12 21 -15 15 18 19 -19 -20 -21 -22 -23 -24 -25 -26 -27 -28
leaf_value=-0.003487578436011717 0.013091230972069058 0.018275645144535332 -0.042805137827971462 0.029933335379140551 -0.039565899912098301 0.05846257591490589 -0.056145466668828636 -0.039590358398871976 0.053013296730085528 -0.016474619496448618 0.030712547226177948 -0.072234201127207978 0.020140895654163278 -0.015744299578425533 0.063398927366862229 0.036636059020221948 -0.022292757868567818 0.037459098174375857 -0.0083432808842881321 0.017562481749153626 0.0095318845035176208 -0.032154283510136855 -0.060360517524224291 0.063669717898516859 -0.0026710665854150378 -0.018084982004619537 0.0073871003532704595
leaf_weight=46.016404539346695 10.945143491029741 47.137839369475842 14.865517944097521 12.403508551418783 11.578293271362783 12.812690958380697 13.083091355860235 10.420764274895189 9.9860729426145536 39.345184050500393 12.717143498361109 17.665678806602955 18.686915934085849 16.580965243279934 13.401747431606053 18.193302109837532 58.154252357780933 23.937310889363289 25.244086779654026 15.372947737574576 11.269982814788817 9.5919215530157071 11.332302205264567 16.442843645811081 10.195454388856886 13.984402708709238 14.431853100657461
leaf_count=223 56 234 72 66 60 67 69 57 52 215 68 91 102 92 72 100 297 117 124 81 50 50 54 84 52 71 79
internal_value=-3.24583e-06 0.00347458 0.0164869 0.00518147 -0.00489079 0.0221281 -0.00276088 0.00308832 0.00769855 0.00246612 -0.00022962 -0.0143349 -0.0234972 -0.0448839 0.0050685 0.0229695 -0.0020229 0.0105239 0.0104959 -0.0139599 -0.0202367 0.00240285 -0.0277304 0.0434569 -0.0327249 0.00448579 -0.0135138
internal_weight=535.798 236.956 92.7241 65.3361 144.232 39.2006 298.841 106.89 96.4691 86.483 275.563 75.2426 62.5255 34.2466 200.32 56.8391 143.481 69.9537 43.4374 73.5272 26.1355 28.2788 37.3424 27.388 23.2785 26.3879 26.0101
internal_count=2755 1217 466 326 751 204 1538 558 501 449 1417 403 335 183 1014 296 718 340 224 378 122 152 193 140 121 137 139
is_linear=0
shrinkage=0.08


Tree=115
num_leaves=16
num_cat=0
split_feature=15 13 11 23 20 23 13 2 28 13 13 19 3 13 7
split_gain=0.8246 1.3939 3.8237 4.48275 5.90025 5.10246 2.18197 3.52815 4.40548 3.01342 2.2533 1.63972 3.71714 1.7848 1.45108
threshold=0.0050715318456005512 0.065868828112544756 0.092074843949859514 0.16387144447773325 0.65493627521900544 -0.6492828184560141 0.085568351164843306 0.0083553036020024025 0.0026813924026567503 0.090339764537788067 0.076268029475261415 0.13662411894289875 0.0022324087301512003 0.12169055022200066 -0.4146403980354581
decision_type=2 2 2 2 2 2 2 2 2 2 2 2 2 2 2
left_child=1 2 3 5 -5 14 7 8 10 -8 -3 12 -11 -13 -1
right_child=-2 6 -4 4 -6 -7 9 -9 -10 11 -12 13 -14 -15 -16
leaf_value=-0.022776455237830576 0.017863301660631985 -0.022443314148923536 -0.045054648499377237 -0.074478144166280028 0.010627392556873158 0.060967979045239915 -0.042687754343737332 -0.018105537852691169 0.062611540071074404 -0.0024016372019919218 0.033917388498421012 0.015385938321114866 -0.056753681070900494 -0.00021325938533978874 0.01624699735250254
leaf_weight=12.835799917578695 16.038691356778145 9.4983966946601885 16.224542833864689 10.073772437870504 10.806189395487307 11.198167026042936 10.691641360521315 12.86352054029703 15.424762725830076 41.670167364180088 8.6965440772473794 56.407540306448936 9.982070215046404 279.75285183265805 11.618656203150751
leaf_count=66 80 53 86 54 61 56 54 64 70 228 50 284 61 1431 57
internal_value=-1.67995e-06 -0.000555101 -0.0108207 -0.000995716 -0.0304327 0.0162441 0.00112336 0.0175258 0.031159 -0.000789891 0.00449513 0.000365195 -0.0129055 0.00240428 -0.00423586
internal_weight=533.783 517.745 72.7571 56.5326 20.88 35.6526 444.987 46.4832 33.6197 398.504 18.1949 387.813 51.6522 336.16 24.4545
internal_count=2755 2675 380 294 115 179 2295 237 173 2058 103 2004 289 1715 123
is_linear=0
shrinkage=0.08


Tree=116
num_leaves=18
num_cat=0
split_feature=6 2 17 2 7 26 2 19 13 8 0 2 6 6 3 19 6
split_gain=0.823266 4.24868 4.32727 3.50938 3.3575 4.49785 3.20314 4.58584 2.94521 2.78332 2.40705 2.37797 3.33757 2.33076 4.32705 2.16554 1.35529
threshold=0.00065670877246725009 0.0029743126386596506 0.75000000000000011 0.0030854673430428001 -0.59413631054829386 0.00086727504658030009 0.0059762303628532005 0.29875212956502833 0.032143746551622457 0.00069357026375610009 50.909230503295163 0.0054670597080245511 0.00087890045945200016 0.00084354257270670017 0.0011695871208147501 0.18967937667661758 0.00093630285368865001
decision_type=2 2 2 2 2 2 2 2 2 2 2 2 2 2 2 2 2
left_child=1 2 15 -2 5 6 7 -5 -6 -8 -3 12 -7 -10 -15 -1 -13
right_child=3 10 -4 4 8 11 9 -9 13 -11 -12 16 -14 14 -16 -17 -18
leaf_value=-0.0017762603551021966 0.042446376672901555 0.050583172595319373 0.029669342449868148 0.00058640932340403768 0.043308100680687439 -0.04588864233294964 0.054213337054593629 -0.063709536648388507 -0.036085406200852765 -0.0021308267574325743 0.0069755135261033146 -0.028782054677022998 0.018599764868931605 0.034417091045448919 -0.0011485563169959679 -0.054523855060149028 -0.069800953301308519
leaf_weight=8.2609111480414885 11.521945960819719 16.236748054623604 10.372997060418131 28.933294415473938 10.437200516462324 10.939906507730486 10.030050426721575 9.4081017002463323 10.985075093805788 12.73577820509672 16.167486853897572 8.5190998539328593 9.6818829849362356 23.559867486357689 309.48890733346343 12.547072939574717 13.055436022579668
leaf_count=49 60 87 47 149 53 57 50 54 61 73 91 47 51 116 1576 67 67
internal_value=-2.0261e-06 0.00854058 -0.0125406 -0.00115947 -0.002257 -0.0149483 -0.0010767 -0.0151903 0.00144162 0.022693 0.0288259 -0.0350366 -0.0156115 0.000171482 0.00136736 -0.0335827 -0.0536039
internal_weight=532.882 63.5852 31.181 469.297 457.775 103.304 61.1072 38.3414 354.471 22.7658 32.4042 42.1963 20.6218 344.034 333.049 20.808 21.5745
internal_count=2755 341 163 2414 2354 548 326 203 1806 123 178 222 108 1753 1692 116 114
is_linear=0
shrinkage=0.08


Tree=117
num_leaves=14
num_cat=0
split_feature=20 1 20 9 6 11 20 22 2 7 26 7 19
split_gain=0.740834 4.08346 1.91424 2.82462 1.5747 5.13988 2.94517 3.59639 2.74057 3.0622 3.86952 2.72499 1.54666
threshold=0.38437610182553356 -0.027257626700794849 0.44645861721571983 0.49806839114831014 0.00065670877246725009 0.053758486583062058 0.65361259044684805 5.4778647113259078 0.0031229998763975006 -0.59413631054829386 0.00086727504658030009 -0.49729158079075159 0.30824071858274721
decision_type=2 2 2 2 2 2 2 2 2 2 2 2 2
left_child=1 -1 3 -2 5 6 7 -4 -6 10 -10 -11 -7
right_child=2 -3 4 -5 8 12 -8 -9 9 11 -12 -13 -14
leaf_value=0.016873989398835131 0.043543643138674017 -0.053871628891316456 -0.055315233092495475 -0.0076537002155121709 0.037268879137464704 0.022726442313016168 0.030457037399776895 0.0054447032212715804 -0.0024441905088471065 0.014696453080837887 -0.035373073371656301 -0.0033560559242726035 0.066710890044686971
leaf_weight=11.707285396754743 15.629326701164247 9.4256958737969381 11.001254692673685 12.343618422746657 10.955407813191412 10.610386207699777 9.9558682292699796 14.389449700713156 55.762593176215887 67.832256592810154 38.683218982070684 253.52659101784229 9.8817545324563962
leaf_count=58 80 54 62 74 56 59 52 77 299 339 205 1289 51
internal_value=-1.97815e-06 -0.0146798 0.000605551 0.0209518 -0.000573782 0.0120596 -0.00642112 -0.0208813 -0.00222678 -0.00326739 -0.0159312 0.000454458 0.0439367
internal_weight=531.705 21.133 510.572 27.9729 482.599 55.8387 35.3466 25.3907 426.76 415.805 94.4458 321.359 20.4921
internal_count=2755 112 2643 154 2489 301 191 139 2188 2132 504 1628 110
is_linear=0
shrinkage=0.08


Tree=118
num_leaves=11
num_cat=0
split_feature=0 14 2 19 6 2 1 13 19 12
split_gain=0.719729 2.62116 1.15474 3.75704 5.01918 2.96077 1.75511 2.55987 4.47795 4.44227
threshold=19.658366999654955 -0.00075195000701164998 0.019206437934716953 0.24865896997816023 0.0022168085202186505 0.016323816019200854 0.16578034200812652 0.59810356345813886 0.1904678229567581 2.1312284864868647
decision_type=2 2 2 2 2 2 2 2 2 2
left_child=1 -1 5 -4 -5 6 7 9 -9 -2
right_child=2 -3 3 4 -6 -7 -8 8 -10 -11
leaf_value=0.013570360232379161 0.0014224569141739465 -0.041801661581024552 0.050935447121554012 0.044507195046586151 -0.027025220797704658 -0.034699767491281286 -0.032578621482212848 -0.02321646838313941 0.036884145307503634 -0.037227403606764166
leaf_weight=10.906645163893701 383.25130089372396 10.978937923908232 12.077176705002783 9.5554832667112368 18.301686093211174 15.662382103502749 9.9333542734384519 10.86818829923868 29.389803119003773 20.02671530470252
leaf_count=51 1964 59 62 51 95 82 55 59 165 112
internal_value=-1.65182e-06 -0.0142071 0.000609064 0.0136684 -0.00248838 -0.000502595 0.000678541 0.00142336 0.0206592 -0.000496888
internal_weight=530.952 21.8856 509.066 39.9343 27.8572 469.132 453.469 443.536 40.258 403.278
internal_count=2755 110 2645 208 146 2437 2355 2300 224 2076
is_linear=0
shrinkage=0.08


Tree=119
num_leaves=17
num_cat=0
split_feature=23 24 23 12 19 28 12 2 22 20 1 19 24 28 24 25
split_gain=0.722831 3.73988 3.01458 3.15126 2.93623 2.84268 5.53682 3.78772 2.11506 1.43576 5.60997 3.26595 2.94734 3.64172 2.94932 1.86913
threshold=1.4890894222477786 0.00011627701230835002 1.265544016320524 0.72218594494428279 0.32166893103283828 0.0029403231113388005 -0.011586156438352297 0.0087556056687527004 5.6500375403352061 0.53686256004504185 -0.012760458535510048 0.24865896997816023 -4.5184123335889e-05 0.0026670758484626505 -6.7753747659099752e-05 -0.00062385186194724993
decision_type=2 2 2 2 2 2 2 2 2 2 2 2 2 2 2 2
left_child=2 -2 8 -4 -3 6 -6 -8 9 10 11 -1 14 -14 -11 -12
right_child=1 4 3 -5 5 -7 7 -9 -10 12 15 -13 13 -15 -16 -17
leaf_value=0.022177932996403863 0.04154811842528406 -0.034018436515422849 -0.055346534871713884 0.0048613113923457922 -0.06049008899515218 0.03916713732482948 0.033988298684642912 -0.029644474797580367 -0.030612599547455408 0.0004278246200419055 -0.060210488416533724 -0.01102855066917045 0.030678106455251739 0.0023621166601923422 -0.040719330045932332 -0.020490382997987496
leaf_weight=38.691777437925339 16.036851547658443 14.011045038700102 13.02316013723612 9.7132245376706106 8.5242734253406471 13.248553633689879 18.467510655522354 8.8586283028125745 13.739535219967363 170.22500499337912 10.826720491051672 37.162447787821293 48.938938062638044 71.593127988278866 11.929975822567938 25.301738373935223
leaf_count=205 79 77 68 53 48 67 105 50 75 850 63 188 262 368 59 138
internal_value=-1.35282e-06 0.00705032 -0.00123847 -0.0296251 -0.00171589 0.00750207 -0.00419979 0.0133597 0.00026806 0.00129125 -0.00644804 0.00590944 0.00415449 0.0138591 -0.00226705 -0.0323934
internal_weight=530.293 79.1469 451.146 22.7364 63.11 49.099 35.8504 27.3261 428.409 414.67 111.983 75.8542 302.687 120.532 182.155 36.1285
internal_count=2755 426 2329 121 347 270 203 155 2208 2133 594 393 1539 630 909 201
is_linear=0
shrinkage=0.08


Tree=120
num_leaves=11
num_cat=0
split_feature=20 1 20 9 20 12 8 24 19 6
split_gain=0.706476 3.42724 1.64343 2.42429 1.32903 2.62438 1.4725 2.15797 3.26115 1.59344
threshold=0.38437610182553356 -0.027257626700794849 0.44645861721571983 0.49806839114831014 0.4804227993487778 0.40828122038968068 -0.0088741437138872992 -0.00052915010265539985 0.40441818573006444 0.0017057175220830001
decision_type=2 2 2 2 2 2 2 2 2 2
left_child=1 -1 3 -2 5 -4 -6 8 -8 -9
right_child=2 -3 4 -5 6 -7 7 9 -10 -11
leaf_value=0.014424398293193823 0.040629408012265542 -0.050736564881224987 -0.049212859469293817 -0.0070626010408130629 0.03069935212750682 0.0020986653299174692 -0.057619868043329858 0.0039267563634485785 0.0062794975498679127 -0.0073468426319461422
leaf_weight=11.676813419908287 15.43534202873707 9.264766223728655 10.415829591453077 12.223279997706411 10.118010975420473 16.46144462376833 10.184701561927797 315.62369434162974 10.26200722157955 107.59251980856061
leaf_count=58 80 54 58 74 51 85 55 1628 53 559
internal_value=-3.30449e-06 -0.0144035 0.000589952 0.0195527 -0.000501226 -0.0177862 0.000522559 -0.000165641 -0.0255494 0.00106072
internal_weight=529.258 20.9416 508.317 27.6586 480.658 26.8773 453.781 443.663 20.4467 423.216
internal_count=2755 112 2643 154 2489 143 2346 2295 108 2187
is_linear=0
shrinkage=0.08


Tree=121
num_leaves=12
num_cat=0
split_feature=7 28 2 19 22 21 28 2 21 11 13
split_gain=1.04718 2.22576 0.953103 3.73702 1.54117 3.63573 3.76218 2.62705 1.91265 7.24 2.23398
threshold=-0.84186438361912252 0.0026048260975296508 0.0030451276018590503 0.20225668043829198 5.4652208895690331 10.074956804560225 0.0026636616950073007 0.0060178092107524006 9.8017572677106859 -0.19154783758857799 0.27863653001047389
decision_type=2 2 2 2 2 2 2 2 2 2 2
left_child=-1 -2 3 -3 8 6 -6 -7 10 -10 -4
right_child=1 2 4 -5 5 7 -8 -9 9 -11 -12
leaf_value=0.028657828111765118 -0.031922761322947787 0.045962391539564211 0.0038703964768794369 -0.018606674936364326 -0.07478136187077089 -0.011527552262899738 -0.014304778908347087 0.014011241183803003 0.052746532114771968 -0.0026859794951844341 -0.012409376197391877
leaf_weight=8.0341385714709741 13.991324953734873 12.4868680536747 200.41246024146676 10.61181655526161 8.9309260919690114 57.439204648137093 25.044864118099213 46.765819869935513 21.689146295189857 49.483477026224136 73.816030133515596
leaf_count=44 80 66 1018 51 47 315 145 243 113 247 386
internal_value=-4.08344e-06 -0.000446346 0.000422834 0.0162986 -0.000335484 -0.00747582 -0.0302017 -6.60837e-05 0.00252107 0.0142065 -0.000511746
internal_weight=528.706 520.672 506.681 23.0987 483.582 138.181 33.9758 104.205 345.401 71.1726 274.228
internal_count=2755 2711 2631 117 2514 750 192 558 1764 360 1404
is_linear=0
shrinkage=0.08


Tree=122
num_leaves=20
num_cat=0
split_feature=22 26 26 4 5 13 22 4 17 11 12 19 15 19 19 19 22 20 6
split_gain=0.712505 4.9502 4.68677 3.12822 2.33341 3.22064 1.35904 1.23138 6.89105 7.45605 4.90599 4.29201 5.46582 3.50876 2.7805 5.59392 4.58013 3.10957 2.33885
threshold=5.5634226575583634 0.0018412246133487503 0.0013733664408977003 0.0015685568034980002 0.0012076515157456002 0.13847424756485277 5.5526438067623909 0.00023581246077730003 0.75000000000000011 0.53587855737148227 0.74163244772485115 0.32695634890964403 0.00081314184487205011 0.10307226594832626 0.2562413900545279 0.23720846636940099 4.9513507631230391 0.4804227993487778 0.00069110881989620004
decision_type=2 2 2 2 2 2 2 2 2 2 2 2 2 2 2 2 2 2 2
left_child=6 2 3 4 5 -2 7 14 11 10 -10 13 -13 -9 15 16 -1 -16 -19
right_child=1 -3 -4 -5 -6 -7 -8 8 9 -11 -12 12 -14 -15 17 -17 -18 18 -20
leaf_value=0.0326215727023592 0.02823425273882358 0.038408483808131659 -0.068245486212215711 0.027026385012317772 -0.043009104882617402 -0.022963255899724696 0.028807729040839614 0.0093927992753258614 0.0055455959216420313 -0.04943788462996717 0.049252528894087801 0.051746431542913661 -0.029643013944854878 -0.045129244509769476 -0.034365519894422478 0.060051242409693506 -0.0028478203653419464 0.031357912247300231 -0.0034951560553645399
leaf_weight=31.624530863016844 12.087880436331032 13.165645785629748 9.2072538658976537 13.480066709220408 14.822615485638378 22.502351462841034 11.192758474498985 9.1750671416521055 52.665093004703522 11.678694192320107 23.893296524882317 9.6335965096950549 11.687406361103056 42.761591084301472 18.821248844265938 13.92554461956024 88.511243347078562 13.992840543389319 103.23092513531446
leaf_count=169 67 68 54 73 91 122 60 48 275 66 118 56 67 217 99 67 455 73 510
internal_value=-3.66937e-06 -0.00670029 -0.0149373 -0.00713316 -0.016452 -0.00507181 0.00128585 0.000572126 -0.00495415 0.0101034 0.0191862 -0.0230906 0.00713167 -0.0354974 0.00387625 0.0120529 0.00648914 -0.00418114 0.000665207
internal_weight=528.06 85.2658 72.1002 62.8929 49.4128 34.5902 442.794 431.601 161.495 88.2371 76.5584 73.2577 21.321 51.9367 270.106 134.061 120.136 136.045 117.224
internal_count=2755 475 407 353 280 189 2280 2220 847 459 393 388 123 265 1373 691 624 682 583
is_linear=0
shrinkage=0.08


Tree=123
num_leaves=15
num_cat=0
split_feature=23 0 23 19 22 20 14 22 8 22 0 1 14 19
split_gain=0.654767 3.9411 2.48723 2.31721 2.10227 2.39 2.15775 2.05697 1.77347 1.70011 1.85532 1.4173 1.58579 1.15175
threshold=1.4890894222477786 59.177222732018457 1.265544016320524 0.32488007545736414 5.5769479057166587 0.60360868555453517 0.0012844081192852003 5.3916569027041357 0.0035743064004469505 5.6500375403352061 67.308323524253822 0.10719292505389426 0.0013068990324581501 0.35699021866843711
decision_type=2 2 2 2 2 2 2 2 2 2 2 2 2 2
left_child=2 -2 9 -3 6 -6 8 -4 -5 10 11 12 -1 -12
right_child=1 3 7 4 5 -7 -8 -9 -10 -11 13 -13 -14 -15
leaf_value=-0.00084361476638524673 0.055633543827064535 -0.026387673065563819 -0.058175434686308487 0.011398424987733149 0.016185651838319139 -0.039665904322997089 -0.0091623472765383837 -0.0082232773604553229 0.056331482068500256 -0.027672368993774326 0.045975569023555519 -0.025045193615987952 0.01657748500163124 0.006196807700606358
leaf_weight=342.65234944224358 9.3003417924046499 16.126119513064623 8.49594594538212 10.896891161799433 9.552511468529703 10.075452610850332 10.623828783631323 13.920428257435558 11.612925529479979 13.574287146329878 9.1687553524971026 14.019427839666603 37.057110831141472 9.4696628972887975
leaf_count=1766 47 88 44 64 53 56 52 77 66 75 48 79 186 54
internal_value=-4.04131e-06 0.00675146 -0.00118212 0.000152021 0.00826364 -0.0124841 0.0205544 -0.0271555 0.0345796 0.000184804 0.0011018 -6.57106e-05 0.000856568 0.0257651
internal_weight=526.546 78.1881 448.358 68.8877 52.7616 19.628 33.1336 22.4164 22.5098 425.942 412.367 393.729 379.709 18.6384
internal_count=2755 426 2329 379 291 109 182 121 130 2208 2133 2031 1952 102
is_linear=0
shrinkage=0.08


Tree=124
num_leaves=20
num_cat=0
split_feature=9 9 12 12 17 0 1 12 6 6 22 26 4 24 19 3 6 6 6
split_gain=0.638442 3.21293 2.13932 1.98432 4.10608 5.66326 2.68977 2.54246 9.00601 2.03019 3.78225 4.70793 3.33843 3.08904 2.7513 1.71125 4.07659 5.09568 4.27646
threshold=0.50583085258803417 0.50821756397929307 -0.25670624525093116 -0.25135792846457011 0.50000000000000011 53.85639994735628 -0.044033887345612692 -0.11714628975421944 0.00098145252128400019 0.0011369440078391002 5.0710319301012996 0.0021652782841591008 0.0018160938987871504 0.00043990901059590002 0.17570184930127103 0.00069442085703870016 0.0010435176268147003 0.00067789132184035018 0.0011817499318920001
decision_type=2 2 2 2 2 2 2 2 2 2 2 2 2 2 2 2 2 2 2
left_child=3 -2 -3 4 -1 6 -6 8 -5 12 11 -11 14 -12 -9 -4 17 -17 -18
right_child=1 2 15 7 5 -7 -8 9 -10 10 13 -13 -14 -15 -16 16 18 -19 -20
leaf_value=-0.059541698735371636 -0.051354549250065169 0.024444134149104322 0.02396345373804306 -0.02928397365143116 -0.0034848237560333069 -0.038285384954304086 0.054597498236098822 0.037039138417460114 0.061480333643008742 0.028513922256148919 -0.0096206960642603208 -0.0099590757364826487 0.042294194269645591 -0.054694018997110093 -0.00043706394847853477 0.016027052714842449 0.043848835952019084 -0.056682481146725777 -0.0071905819807916004
leaf_weight=9.8967643901705724 8.8052751123905164 17.707767121493816 11.497489817440508 11.42776530981064 9.9765359833836538 15.187289260327814 10.445325680077078 14.3437008485198 18.043385580182076 39.399643637239933 82.380137071013451 42.115938015282154 16.993298351764679 11.034609481692312 99.557759795337915 8.9299023598432559 12.505620885640381 19.95077932626009 65.718754947185516
leaf_count=51 49 98 64 58 49 81 52 78 95 197 413 211 86 57 513 52 65 115 371
internal_value=-3.5959e-06 -0.00451887 -0.00149342 0.00171708 -0.0139586 -0.00128981 0.026223 0.00384456 0.0262855 0.00168202 -0.00395631 0.00863642 0.0092172 -0.014945 0.00428234 -0.00536598 -0.00851443 -0.0342007 0.000969018
internal_weight=525.918 145.116 136.31 380.802 45.5059 35.6092 20.4219 335.296 29.4712 305.825 174.93 81.5156 130.895 93.4147 113.901 118.603 107.105 28.8807 78.2244
internal_count=2755 814 765 1941 233 182 101 1708 153 1555 878 408 677 470 591 667 603 167 436
is_linear=0
shrinkage=0.08


Tree=125
num_leaves=12
num_cat=0
split_feature=10 10 14 11 20 6 14 26 13 14 14
split_gain=0.669163 1.83334 0.966094 2.88535 2.92018 4.16192 1.65629 5.03787 4.50416 2.02984 3.41072
threshold=0.522869433162785 0.50418448466712507 0.0014291115406485503 0.47733212553326693 0.50752915789459851 0.0020387006225570507 0.00073482703497295017 0.0019728312722101004 0.16800022314335958 0.00059637472703460016 0.0004906181974334001
decision_type=2 2 2 2 2 2 2 2 2 2 2
left_child=1 2 6 4 -4 -6 9 8 -8 10 -1
right_child=-2 -3 3 -5 5 -7 7 -9 -10 -11 -12
leaf_value=0.00063029527725132662 -0.020049441248754109 0.033113992456303275 0.055973905556619345 -0.02726480094131636 0.031544445593331936 -0.023217912138187021 -0.028106063170411963 -0.055995750467075139 0.022964869914086115 0.02745940211809577 -0.039502598176869734
leaf_weight=356.66342522203922 10.445344679057596 10.737178511917589 10.228153653442858 11.043295629322527 20.268125854432583 15.810539811849592 20.766224481165409 13.979148074984549 23.626583438366652 16.895241297781467 14.088014245033262
leaf_count=1875 59 67 51 59 101 81 109 73 120 84 76
internal_value=-3.47328e-06 0.000403811 -0.000293919 0.00947994 0.0182429 0.00754626 -0.00155066 -0.0141138 -0.000925272 0.000341092 -0.000894696
internal_weight=524.551 514.106 503.369 57.3501 46.3068 36.0787 446.019 58.372 44.3928 387.647 370.751
internal_count=2755 2696 2629 292 233 182 2337 302 229 2035 1951
is_linear=0
shrinkage=0.08


Tree=126
num_leaves=19
num_cat=0
split_feature=19 20 5 14 20 22 9 28 20 26 13 20 19 13 23 19 21 3
split_gain=0.670046 2.91373 3.28659 3.27997 3.37103 2.86972 3.09457 1.50186 3.3967 2.04326 1.60788 1.39816 1.30509 2.97787 2.79866 1.94772 3.48026 3.22611
threshold=0.1462903967217882 0.58457974349993114 -0.0012995926394045998 -0.00041989463210454994 0.51307662264300335 5.2354376415786854 0.51435025051673411 0.0026172143937318003 0.60360868555453517 0.00050201239716845018 0.20502456661294738 0.52026458285456878 0.27013744925596556 0.044245909658946959 -1.0609978192420699 0.32488007545736414 9.8098652829262623 0.0010630263162610502
decision_type=2 2 2 2 2 2 2 2 2 2 2 2 2 2 2 2 2 2
left_child=1 3 -3 -1 -5 -4 -7 8 11 10 -9 -2 13 -11 -15 16 -14 -17
right_child=7 2 5 4 -6 6 -8 9 -10 12 -12 -13 15 14 -16 17 -18 -19
leaf_value=-0.062259638558979966 -0.014793206406317677 -0.035492631556399673 0.049023763700553474 0.024448654504766246 -0.043980233458961897 -0.035969240270369233 0.021371997839424697 0.040338900005747851 -0.041465255304099218 -0.038280370198701244 -0.00071141249466655275 0.028474102570724701 -0.038356838199051155 0.027296037155589987 0.0029044087773447513 -0.020245559808287551 0.0092837262136135617 0.0067317370281148982
leaf_weight=10.627307161688806 8.9941949322819728 10.052223131060599 11.647659733891485 10.172747995704414 8.4220300167798978 9.2455270737409609 17.284027233719826 15.717692237347366 16.293462850153446 9.2343439757823926 9.9866322651505453 10.20121508091688 24.131635177880526 38.739327073097229 135.08477361500263 36.708614483475685 16.54044796153903 124.89495172351599
leaf_count=71 49 55 60 58 53 50 93 87 90 49 56 55 122 192 684 198 90 643
internal_value=-3.32822e-06 -0.00687234 0.00520578 -0.0268066 -0.00654446 0.0159218 0.00138863 0.00118812 -0.0146016 0.0025514 0.0243901 0.00820079 0.00109462 0.00598867 0.00834045 -0.00333447 -0.0189825 0.000603783
internal_weight=523.979 77.4515 48.2294 29.2221 18.5948 38.1772 26.5296 446.527 35.4889 411.038 25.7043 19.1954 385.334 183.058 173.824 202.276 40.6721 161.604
internal_count=2755 440 258 182 111 203 143 2315 194 2121 143 104 1978 925 876 1053 212 841
is_linear=0
shrinkage=0.08


Tree=127
num_leaves=8
num_cat=0
split_feature=15 4 8 1 12 12 15
split_gain=0.663767 1.23721 2.82755 1.80173 1.37211 2.85558 2.40623
threshold=0.0050715318456005512 0.0045150793793918504 0.0063861069291877509 0.17001190391705023 0.83679572334948704 1.0555010709091801 0.0018836087757801003
decision_type=2 2 2 2 2 2 2
left_child=1 2 3 4 6 -6 -1
right_child=-2 -3 -4 -5 5 -7 -8
leaf_value=-0.0011493196551328661 0.016212182442545055 -0.022800801283330192 0.043411243487753208 -0.034202689054697935 0.029176855816983153 0.0012682842249613687 -0.027185749466569615
leaf_weight=262.52873798459768 15.668828427791594 15.444726802408693 9.5018774941563588 10.033886235207317 27.580490719527006 157.20140833035111 24.869128420948982
leaf_count=1381 80 86 52 58 145 823 130
internal_value=-4.87938e-06 -0.000505909 0.000194371 -0.000657205 5.56414e-05 0.00543391 -0.00340231
internal_weight=522.829 507.16 491.716 482.214 472.18 184.782 287.398
internal_count=2755 2675 2589 2537 2479 968 1511
is_linear=0
shrinkage=0.08


Tree=128
num_leaves=9
num_cat=0
split_feature=5 6 1 24 1 9 11 12
split_gain=0.628251 1.34645 1.32055 1.58977 1.77994 2.21686 1.5201 1.75054
threshold=0.0077926676480173504 0.0028432775584607503 0.17001190391705023 0.00037912563471055003 0.10719292505389426 0.47893831702453232 -1.538522739950585 4.7326720346216939
decision_type=2 2 2 2 2 2 2 2
left_child=2 -2 3 4 6 -6 -1 -8
right_child=1 -3 -4 -5 5 -7 7 -9
leaf_value=0.029807140043333305 0.03582005169500653 -0.0074485290257459667 -0.024401903917585663 0.024382280064152068 0.0031803875143291914 -0.055003438638531243 0.00028516179278380256 -0.033752238210698143
leaf_weight=10.871045075356959 9.3453199267387408 9.0700908750295621 14.412256836891173 16.758669435977936 8.2743603661656397 8.4923500902950746 435.30110717564821 9.8900142610073072
leaf_count=63 52 48 82 90 43 58 2268 51
internal_value=-4.43674e-06 0.0145091 -0.00053474 0.000167851 -0.000690391 -0.0262898 0.000250746 -0.000470986
internal_weight=522.415 18.4154 504 489.588 472.829 16.7667 456.062 445.191
internal_count=2755 100 2655 2573 2483 101 2382 2319
is_linear=0
shrinkage=0.08


Tree=129
num_leaves=11
num_cat=0
split_feature=1 24 21 15 28 5 8 8 8 7
split_gain=0.648747 1.75459 1.99316 1.56769 2.1015 1.83988 1.11014 2.43279 2.01173 0.562794
threshold=-0.21532658012701936 -0.00072375809416039987 8.6893464441545962 -0.0041591661010614489 0.0029523150533180506 -0.0065850480774300489 -0.0041076073287896987 -0.0033469656360996997 -0.0029599867808930993 -0.39464725549833451
decision_type=2 2 2 2 2 2 2 2 2 2
left_child=1 2 -1 4 -2 -5 -7 9 -9 -8
right_child=3 -3 -4 5 -6 6 7 8 -10 -11
leaf_value=0.022532070822607993 -0.0022097969325105531 -0.039983927028452312 -0.02636063458306398 -0.034084884248342995 0.049504189670634115 0.022026156815485781 -0.039869318953393962 0.031297265573024868 9.3308646798803056e-05 -0.013469370047961053
leaf_weight=12.298787951469427 10.501427277922632 9.4444770738482458 9.4259667471051198 10.053992979228495 9.6509889066219312 14.851477496325968 10.600770846009256 13.662107177078722 411.41975773125887 10.084153451025484
leaf_count=60 50 51 54 53 51 72 52 68 2193 51
internal_value=-4.7731e-06 -0.0111964 0.00131844 0.000705941 0.022556 -0.000229598 0.000509367 -0.000207501 0.0010962 -0.026999
internal_weight=521.994 31.1692 21.7248 490.825 20.1524 470.672 460.618 445.767 425.082 20.6849
internal_count=2755 165 114 2590 101 2489 2436 2364 2261 103
is_linear=0
shrinkage=0.08


Tree=130
num_leaves=15
num_cat=0
split_feature=10 10 23 11 9 26 6 26 8 28 5 11 26 2
split_gain=0.621434 1.66914 0.882733 2.46445 4.83836 2.60977 3.71853 2.69255 2.41228 3.4998 4.53586 3.14239 4.16043 3.4949
threshold=0.522869433162785 0.50418448466712507 0.63260645498831414 0.55744379371013364 0.49535341980013731 0.0026354770871698505 0.0017057175220830001 0.0036545574311800505 0.00047234857337465004 0.0028433544745788005 0.00091830836264145013 0.58058535780320442 0.00070823994563615005 0.0061403963634359014
decision_type=2 2 2 2 2 2 2 2 2 2 2 2 2 2
left_child=1 2 8 5 -5 6 -4 -7 11 10 -10 12 -1 -13
right_child=-2 -3 3 4 -6 7 -8 -9 9 -11 -12 13 -14 -15
leaf_value=0.016840323326334318 -0.019418698598402995 0.031721435880944358 0.010917176884844037 0.0116145822271534 -0.071371099222979129 0.064173489202243639 -0.02486617681185372 0.0061810300254847008 -0.0097197680122221124 0.012670997768377186 -0.083093024483105349 -0.010334510249464393 -0.0075915778556610606 0.048460603266739462
leaf_weight=55.408784192055464 10.342563949525355 10.65427156537771 93.410403527319431 10.891726911067964 7.6579234115779391 10.098499044775965 23.202890247106552 10.401556514203547 12.364541761577131 11.565893180668352 9.5622801259160024 10.581591278314592 228.81737041845918 16.653919920325279
leaf_count=301 59 67 498 62 56 50 128 53 67 64 53 57 1154 86
internal_value=-4.27588e-06 0.00038846 -0.000278376 0.00472243 -0.0226447 0.00842485 0.00379726 0.0347486 -0.00253502 -0.022936 -0.0417178 -0.000341229 -0.00282867 0.0256174
internal_weight=521.614 511.272 500.617 155.663 18.5497 137.113 116.613 20.5001 344.954 33.4927 21.9268 311.462 284.226 27.2355
internal_count=2755 2696 2629 847 118 729 626 103 1782 184 120 1598 1455 143
is_linear=0
shrinkage=0.08


Tree=131
num_leaves=15
num_cat=0
split_feature=20 1 20 9 20 21 21 6 1 4 24 0 24 11
split_gain=0.641087 2.84059 1.28928 1.97458 1.24797 3.72883 6.25314 5.5634 3.17281 1.68296 1.65358 3.88361 3.68742 1.04505
threshold=0.38437610182553356 -0.027257626700794849 0.44645861721571983 0.49806839114831014 0.53686256004504185 9.1866125774838938 8.7451276965946168 0.0013020460030719002 -0.031937410062170039 0.0048580155270971015 -4.5184123335889e-05 44.270840188878545 -6.7753747659099752e-05 -0.029557043581360399
decision_type=2 2 2 2 2 2 2 2 2 2 2 2 2 2
left_child=1 -1 3 -2 5 6 13 8 -7 10 12 -12 -6 -4
right_child=2 -3 4 -5 9 7 -8 -9 -10 -11 11 -13 -14 -15
leaf_value=0.012407764353692874 0.036799894321993452 -0.047739377078847296 -0.04004840650852956 -0.0067453140425693505 0.0004134535721685803 0.02873947474904711 0.051375484847906112 -0.061801568462262563 -0.01960578363685828 -0.023094310758283516 0.051125109155034883 0.0049585336470081729 -0.044946650159959016 -0.0012659394560672324
leaf_weight=11.489580612629654 15.081703484058382 8.9318166859447938 8.1605210676789284 11.941569462418554 170.02047535404563 12.075714863836764 14.773012310266493 15.603928525000809 30.967875521630049 16.880991227924824 12.519951667636631 170.11124894768 12.29951188713312 9.7713281810283661
leaf_count=58 80 54 44 74 857 59 76 86 172 89 66 920 62 58
internal_value=-5.4567e-06 -0.0138991 0.000561763 0.0175573 -0.000408841 -0.00880833 0.0128356 -0.0208781 -0.00604271 0.00160072 0.002743 0.0081234 -0.00264659 -0.0189153
internal_weight=520.629 20.4214 500.208 27.0233 473.185 91.3524 32.7049 58.6475 43.0436 381.832 364.951 182.631 182.32 17.9318
internal_count=2755 112 2643 154 2489 495 178 317 231 1994 1905 986 919 102
is_linear=0
shrinkage=0.08


Tree=132
num_leaves=13
num_cat=0
split_feature=6 19 6 2 2 7 26 9 24 6 7 20
split_gain=0.630031 3.25188 2.25941 3.8004 2.11382 2.26182 2.84925 3.72705 3.21752 1.82672 3.7507 1.67532
threshold=0.00049849312506905009 0.32973173752332136 0.00065670877246725009 0.0029743126386596506 0.0030854673430428001 -0.59413631054829386 0.00086727504658030009 0.50607182605501821 -8.8882783529205866e-05 0.00084354257270670017 -0.53372956604300081 0.61476253118072621
decision_type=2 2 2 2 2 2 2 2 2 2 2 2
left_child=1 -1 3 -2 -4 6 7 -6 -8 -7 -11 -5
right_child=2 -3 4 11 5 9 8 -9 -10 10 -12 -13
leaf_value=-0.035678895751725656 -0.023307531627186219 0.021985131609084538 0.033616344367544806 0.016924818386472668 0.011379682350217394 -0.02894691505799735 -0.06006539608811208 -0.033094325826377807 -0.012550114090349338 0.024730332932533586 -0.00077998179395069578 0.057497861295536953
leaf_weight=15.348975431174042 9.5070398747920972 10.56868840754032 11.094067640602587 14.042488113045694 42.769062541425228 12.304596982896326 13.777854472398756 16.795409612357616 26.984225321561098 42.21253527700901 292.31334200128913 12.147866398096083
leaf_count=88 51 55 60 80 227 68 67 99 155 215 1523 67
internal_value=-6.52512e-06 -0.0121647 0.000631419 0.0200171 -0.000878708 -0.00173454 -0.0123134 -0.00116067 -0.0286106 0.00132558 0.00243907 0.0357438
internal_weight=519.866 25.9177 493.948 35.6974 458.251 447.157 100.327 59.5645 40.7621 346.83 334.526 26.1904
internal_count=2755 143 2612 198 2414 2354 548 326 222 1806 1738 147
is_linear=0
shrinkage=0.08


Tree=133
num_leaves=11
num_cat=0
split_feature=4 20 4 5 28 5 24 24 26 4
split_gain=0.663648 4.22913 3.653 2.83983 2.71177 1.652 2.49014 2.50899 1.66596 1.61961
threshold=-0.0042544111703696997 0.65715524476170606 -0.0051504443335466483 -0.0065850480774300489 0.0031637907383468005 -0.004604685278171549 -0.00041578387103344993 -0.00036555962094244997 0.0018412246133487503 -0.0010598677243847498
decision_type=2 2 2 2 2 2 2 2 2 2
left_child=1 2 4 -2 -1 8 -7 -8 -5 -9
right_child=3 -3 -4 5 -6 6 7 9 -10 -11
leaf_value=-0.047807012475741699 -0.034582887586402239 0.053821229426072092 0.034234004429834437 -0.00020964145768188669 0.0063856004436168481 -0.03477432841504844 0.038446953598609723 -0.009454310678863341 0.04282602440805313 0.0021310004407010356
leaf_weight=12.331332273781298 15.484645895659922 10.468287110328673 10.841073907911779 11.608583472669126 11.347669929265974 13.42379806935787 10.712580472230909 103.02589150890708 11.420463666319845 308.41336660273373
leaf_count=63 82 52 53 59 63 70 52 546 56 1659
internal_value=-5.98102e-06 0.00927989 -0.00422737 -0.000887157 -0.0218363 0.000250569 -0.000853462 0.000225171 0.0211324 -0.000770004
internal_weight=519.078 44.9884 34.5201 474.089 23.679 458.605 435.576 422.152 23.029 411.439
internal_count=2755 231 179 2524 126 2442 2327 2257 115 2205
is_linear=0
shrinkage=0.08


Tree=134
num_leaves=22
num_cat=0
split_feature=22 26 7 11 4 19 9 5 14 2 12 14 28 12 12 5 13 2 20 4 9
split_gain=0.646229 4.11293 4.36622 4.33912 5.24742 2.42856 2.38816 1.20119 1.76471 1.2982 4.8905 2.79936 3.68334 2.69799 2.4453 4.07616 3.81541 4.47527 4.29239 2.7796 2.03282
threshold=5.5634226575583634 0.0018412246133487503 -0.48218170797257015 -0.088520078202519129 9.2118487811071391e-05 0.34266624183785238 0.48895688570056978 0.0062243738816668013 0.00068492482916250011 0.0099276901322738528 -0.26336496652447944 -0.00071634540174079998 0.0028083123896987003 1.4370357976881187 -0.20379818936418462 -0.00015125483883344997 0.053401963164304907 0.0048185241958680009 0.77852420299051828 0.00073698025142770009 0.48610491962725594
decision_type=2 2 2 2 2 2 2 2 2 2 2 2 2 2 2 2 2 2 2 2 2
left_child=7 2 3 -2 6 -6 -5 9 -9 14 -11 13 -13 -12 15 20 17 -16 -18 -17 -1
right_child=1 -3 -4 4 5 -7 -8 8 -10 10 11 12 -14 -15 16 19 18 -19 -20 -21 -22
leaf_value=0.019581090540761088 -0.048225927698708426 0.035096026400043792 -0.065659560114068247 -0.0024205397656020043 0.043366619878662964 -0.0037985307405866277 -0.059301774116192654 0.040109677661598363 -0.0040624516555945577 -0.057935643146270109 0.02742948012570157 -0.047654010294152352 -0.0017319182661335833 -0.020333413139582857 -0.069570320237302405 0.025507001423412095 9.5578485606001278e-05 0.0013902586602116244 0.042825594076557665 -0.035070998432363373 0.065615720812579326
leaf_weight=12.550018817186357 12.596981272101401 12.886730857193468 9.1343106552958471 10.373444363474848 18.422870688140396 11.255716875195501 8.6739694103598577 12.080586008727552 11.113206624984739 10.907664597034453 29.390714086592197 14.337866336107252 50.727498274296522 10.194359511137007 10.499350346624853 9.062758073210718 213.29339677840471 12.412736043334005 16.187587704509497 10.422826863825319 12.018224656581877
leaf_count=64 67 68 59 60 104 63 54 66 58 60 149 75 271 56 58 47 1108 63 88 57 60
internal_value=-5.13739e-06 -0.00645867 -0.0140591 -0.00637297 0.00444714 0.0254791 -0.0283236 0.00123077 0.0189448 0.000233556 -0.006959 -0.00164573 -0.0118514 0.0151291 0.00303729 0.0204285 1.75547e-06 -0.0311271 0.00310975 -0.00689613 0.0421002
internal_weight=518.543 83.344 70.4573 61.323 48.726 29.6786 19.0474 435.199 23.1938 412.005 115.558 104.65 65.0654 39.5851 296.447 44.0538 252.393 22.9121 229.481 19.4856 24.5682
internal_count=2755 475 407 348 281 167 114 2280 124 2156 611 551 346 205 1545 228 1317 121 1196 104 124
is_linear=0
shrinkage=0.08


Tree=135
num_leaves=11
num_cat=0
split_feature=3 7 9 9 11 15 19 22 7 21
split_gain=0.593801 3.03882 1.62696 5.15662 2.44908 2.261 4.10501 1.31525 3.35734 2.11496
threshold=0.00055586107493920008 -0.7616361626410969 0.52650115372734274 0.52208603887470495 0.41257643940732563 -0.0013740788627404998 0.26221002793053189 4.0138666443128566 -0.48218170797257015 8.6893464441545962
decision_type=2 2 2 2 2 2 2 2 2 2
left_child=-1 -2 3 7 5 -4 -7 8 -3 -9
right_child=1 2 4 -5 -6 6 -8 9 -10 -11
leaf_value=0.01521510832851565 -0.040749891317428934 0.00030555100012602933 -0.038606619640148165 0.049178458430077419 -0.053063999258948329 0.028640341750439436 -0.032329688053530703 -0.021381111151776128 0.054246044215037925 0.00073352883642531107
leaf_weight=15.897040996700524 11.718053944408892 27.76029109582305 9.8134875260293466 14.344470918178557 8.2849907390773279 18.715982642024759 11.355406150221823 29.990211732685566 10.061518281698225 358.85907071083784
leaf_count=88 66 157 57 75 54 109 68 165 54 1862
internal_value=-6.75503e-06 -0.000489847 0.000474551 0.00199931 -0.0134853 -0.0052639 0.00561715 0.000413173 0.014655 -0.000972075
internal_weight=516.801 500.903 489.185 441.016 48.1699 39.8849 30.0714 426.671 37.8218 388.849
internal_count=2755 2667 2601 2313 288 234 177 2238 211 2027
is_linear=0
shrinkage=0.08


Tree=136
num_leaves=10
num_cat=0
split_feature=8 11 17 5 24 1 26 11 26
split_gain=0.670084 4.39651 2.84828 2.06648 1.74955 1.94036 1.37939 5.71485 1.65859
threshold=-0.0047673962825509992 0.18167130707097698 0.90000000000000013 -0.006332473518993049 -0.00041578387103344993 -0.14733836203134126 0.0031506226256978001 0.063685416989905971 0.0028467929766833005
decision_type=2 2 2 2 2 2 2 2 2
left_child=1 2 -1 -2 -5 -6 8 -8 -7
right_child=3 -3 -4 4 5 6 7 -9 -10
leaf_value=0.01671282400646951 -0.041135498942147262 0.056415779303452346 -0.028959217851765612 -0.026166220165445165 0.030013589527202299 -0.00075049833039764874 0.057098755476061074 -0.010258213693424268 -0.0351199410565343
leaf_weight=19.346563063561916 8.0299034938216192 9.8983003795146924 15.938547372817991 16.033516585826874 14.027020111680029 389.3560742046684 12.952101789414881 21.350286811590195 9.1984763443469983
leaf_count=99 43 52 80 85 72 2100 63 116 45
internal_value=-6.56648e-06 0.00929961 -0.00391758 -0.000899415 -0.000201468 0.000730107 -0.000218844 0.0151748 -0.00154373
internal_weight=516.131 45.1834 35.2851 470.947 462.917 446.884 432.857 34.3024 398.555
internal_count=2755 231 179 2524 2481 2396 2324 179 2145
is_linear=0
shrinkage=0.08


Tree=137
num_leaves=12
num_cat=0
split_feature=28 5 23 24 21 0 5 5 23 0 23
split_gain=0.649828 3.03566 2.18909 2.0981 3.32528 2.13689 2.6384 1.86607 1.86536 4.77668 3.75678
threshold=0.0031637907383468005 -0.0065850480774300489 -2.1275217443265011 -0.00035184624707584997 9.4420727027337197 23.822607774579719 -0.004604685278171549 -0.0040397151802224985 -1.1497717021974501 47.265998011970495 1.2495608415685557
decision_type=2 2 2 2 2 2 2 2 2 2 2
left_child=1 2 -1 4 -3 -5 -7 -8 -2 -10 -11
right_child=8 3 -4 5 -6 6 7 -9 9 10 -12
leaf_value=-0.0063035033977740804 0.030734355690521593 0.048514449555078332 -0.057600107932499797 -0.033832347482922083 -0.0020322525172887518 0.038832080030162607 -0.035489444286889757 -0.00029573966993039571 -0.045591620367450417 0.04490332550655117 -0.017496579683661705
leaf_weight=11.331540659070017 16.470361322164536 14.531739898025988 10.043478615581988 12.399512521922587 19.516196861863136 10.832564711570738 9.8970842510461789 374.43194974400103 11.043386273086069 14.087467644363644 10.993643701076506
leaf_count=54 88 73 57 62 95 57 47 2020 68 81 53
internal_value=-4.81649e-06 -0.000962077 -0.0304062 0.000463096 0.0195412 -0.0011307 -0.000104578 -0.00120203 0.00842179 -0.00175125 0.017552
internal_weight=515.579 462.984 21.375 441.609 34.0479 407.561 395.162 384.329 52.5949 36.1245 25.0811
internal_count=2755 2465 111 2354 168 2186 2124 2067 290 202 134
is_linear=0
shrinkage=0.08


Tree=138
num_leaves=8
num_cat=0
split_feature=15 24 4 6 28 22 28
split_gain=0.609381 1.52895 1.27337 0.860308 1.51711 2.71117 2.67518
threshold=0.0050715318456005512 0.00077137143673170015 0.0045150793793918504 0.0036360130853471005 0.0029274867476543503 5.1867103381377797 0.0028433544745788005
decision_type=2 2 2 2 2 2 2
left_child=1 2 3 4 6 -6 -1
right_child=-2 -3 -4 -5 5 -7 -8
leaf_value=-0.0012727878950101119 0.015649562372168302 0.031719376618707044 -0.026748041617148083 0.022159014043373861 -0.0025126836657307899 -0.037800136482898254 0.020056483376508449
leaf_weight=352.23592222109437 15.438690595328806 9.2583831399679166 12.079979687929152 10.535644270479677 54.521348178386688 18.718809563666582 42.135917544364929
leaf_count=1883 80 50 71 60 289 101 221
internal_value=-4.21258e-06 -0.000488058 -0.00109632 -0.000448255 -0.000957614 -0.0115315 0.0010061
internal_weight=514.925 499.486 490.228 478.148 467.612 73.2402 394.372
internal_count=2755 2675 2625 2554 2494 390 2104
is_linear=0
shrinkage=0.08


Tree=139
num_leaves=18
num_cat=0
split_feature=19 2 19 6 15 8 0 19 6 5 28 1 20 28 6 7 19
split_gain=0.580635 2.06186 2.35906 2.59472 2.35903 2.10758 1.69226 1.48849 4.59694 2.90447 1.28574 3.96412 4.47369 3.13729 1.5969 2.02694 0.561173
threshold=0.15695862699841637 0.0035598069356902007 0.097903465828746511 0.0010993549635575004 0.00037391358566765009 -0.0011630762000742498 54.569761216860748 0.17570184930127103 0.0016408663115525504 -0.00043518332751864996 0.0026256956498134504 0.027297237024782803 0.60360868555453517 0.0026351020821363505 0.00066678073514320018 -0.59413631054829386 0.26221002793053189
decision_type=2 2 2 2 2 2 2 2 2 2 2 2 2 2 2 2 2
left_child=1 -1 3 -3 -5 -4 -7 8 9 -2 11 12 16 -12 -15 -16 -9
right_child=7 2 5 4 -6 6 -8 10 -10 -11 13 -13 -14 14 15 -17 -18
leaf_value=0.021750872800329547 0.007508220779962411 -0.030476774289420448 -0.0051225876071064507 0.043868724251963358 -0.0057408684748151305 -0.067295884375677351 -0.018846804027639618 0.013054117249283043 -0.022247205710852674 0.065081413199472735 0.034952031381302477 -0.049747395776202838 -0.031682239740262817 0.028462203153504371 -0.014865672602899347 0.0016714342097602856 0.040110661476780461
leaf_weight=14.133734531700609 10.422000598162413 10.54139858484268 15.675016596913336 11.295665670186283 13.426132768392561 10.00769627094269 8.5609477423131448 9.683766398578884 12.336633436381815 12.140808384865522 17.032246273010969 13.235938332974909 14.630728423595427 11.94746609777212 57.941646037623286 261.59889202564955 9.9438729584217054
leaf_count=78 54 64 89 63 78 61 51 53 64 69 95 82 74 69 315 1346 50
internal_value=-3.95416e-06 -0.00610371 -0.0117677 0.00275587 0.0169263 -0.0267238 -0.0449588 0.00118001 0.0170185 0.0384877 -0.000215782 -0.012564 0.00180202 0.00146696 -0.000253539 -0.00132721 0.0267617
internal_weight=514.555 83.6406 69.5069 35.2632 24.7218 34.2437 18.5686 430.914 34.8994 22.5628 396.015 47.4943 34.2584 348.52 331.488 319.541 19.6276
internal_count=2755 484 406 205 141 201 112 2271 187 123 2084 259 177 1825 1730 1661 103
is_linear=0
shrinkage=0.08


Tree=140
num_leaves=19
num_cat=0
split_feature=19 19 13 2 24 5 15 18 19 13 28 13 3 9 1 13 28 2
split_gain=0.539439 3.43313 3.02512 4.37057 2.47194 3.46507 3.30667 3.06019 1.45614 1.37762 4.04488 2.08925 3.30297 2.9365 2.0556 2.90142 2.01634 3.88
threshold=0.16802269618002166 0.17570184930127103 0.50623740064125655 0.0035598069356902007 -6.7753747659099752e-05 0.00010672187630590001 -3.3280240048183222e-05 1.0000000180025095e-35 0.13944610785669878 0.071952372405684764 0.0028711800762035006 0.12169055022200066 0.00092884695296800008 0.4991180553306207 0.16578034200812652 0.59810356345813886 0.0027221771370026502 0.0044842189826776015
decision_type=2 2 2 2 2 2 2 2 2 2 2 2 2 2 2 2 2 2
left_child=2 -2 3 -1 5 8 7 -6 -5 10 16 12 -11 -14 15 -13 17 -3
right_child=1 9 -4 4 6 -7 -8 -9 -10 11 -12 14 13 -15 -16 -17 -18 -19
leaf_value=0.04101429636001571 0.037260884181288298 -0.053503603469386304 -0.046379570289364541 -0.025927160494420069 0.0287829967588847 0.044840694610630435 -0.047366782899902898 -0.02692932474983167 0.014792477306408989 0.048789420486545873 0.026982469958741043 -0.004002318424222385 -0.0028366572580431348 0.037026808843715037 -0.029986957988408194 0.019555001561784774 -0.051850193779291669 0.0052855301569424296
leaf_weight=13.728354357182978 16.303440555930138 10.45060735568404 10.274828039109705 13.900183916091921 11.298113863915201 11.096481211483477 17.618915669620041 14.291893891990185 9.4358269199728948 13.608517486602066 13.434344865381716 197.3755477629602 55.080279748886824 15.060250476002691 15.599634975194929 40.29161492921412 11.554861165583132 22.991967253386974
leaf_count=77 88 61 61 80 67 61 97 90 50 75 72 1023 279 78 86 228 61 121
internal_value=-4.33005e-06 0.0012841 -0.00522361 -0.000595483 -0.00795282 0.00803778 -0.0206955 -0.00233206 -0.00946233 -0.000199147 -0.0115391 0.00176697 0.0127206 0.00572264 -0.00185513 -8.6558e-06 -0.02304 -0.0130857
internal_weight=513.396 411.751 101.645 91.3698 77.6414 34.4325 43.2089 25.59 23.336 395.448 58.4318 337.016 83.749 70.1405 253.267 237.667 44.9974 33.4426
internal_count=2755 2172 583 522 445 191 254 157 130 2084 315 1769 432 357 1337 1251 243 182
is_linear=0
shrinkage=0.08


Tree=141
num_leaves=13
num_cat=0
split_feature=6 17 6 2 2 13 3 24 3 23 7 28
split_gain=0.580096 2.16918 1.85748 3.59808 3.31602 2.51729 2.49006 4.21278 2.09286 4.70159 3.39066 1.72029
threshold=0.00049849312506905009 0.75000000000000011 0.00065670877246725009 0.0028322851962719504 0.0030451276018590503 0.20502456661294738 0.00084295144115220015 8.4645660061129913e-05 0.00096138905697710011 -0.18206383594048794 -0.59413631054829386 0.0026351020821363505
decision_type=2 2 2 2 2 2 2 2 2 2 2 2
left_child=1 -1 3 -2 -4 -5 7 11 9 -8 -10 -6
right_child=2 -3 4 5 6 -7 8 -9 10 -11 -12 -13
leaf_value=-0.029194868928829928 -0.027687138182343154 0.019357107143360485 0.045368761078655714 0.014593293602525155 -0.023657485626797158 0.066060372027360717 0.060186773688187936 0.022355969007795604 -0.0231089496681318 -0.0085310443164738209 0.0010484066093042028 -0.068298253095056147
leaf_weight=16.387998327612877 8.283542722463606 9.1928719691932219 9.7568276487290841 17.319650907069448 13.819021143019201 9.3739338815212232 11.452632248401644 9.2742894366383535 41.722124483436346 14.364361874759195 341.92575727030635 9.2049007788300496
leaf_count=97 46 46 53 99 76 53 57 56 228 87 1806 51
internal_value=-4.65483e-06 -0.011747 0.000612777 0.0183734 -0.000763054 0.0326669 -0.00178193 -0.0231674 -9.50589e-05 0.0219527 -0.00157873 -0.0415047
internal_weight=512.078 25.5809 486.497 34.9771 451.52 26.6936 441.763 32.2982 409.465 25.817 383.648 23.0239
internal_count=2755 143 2612 198 2414 152 2361 183 2178 144 2034 127
is_linear=0
shrinkage=0.08


Tree=142
num_leaves=15
num_cat=0
split_feature=23 0 16 17 0 11 23 2 0 22 23 23 2 1
split_gain=0.549545 3.16404 2.09872 4.43723 2.29459 3.60794 1.86365 2.12648 1.37073 1.53453 1.44683 2.51301 0.689306 0.597352
threshold=1.4890894222477786 59.177222732018457 1.0000000180025095e-35 0.75000000000000011 75.382345613434055 0.21509134368328897 1.265544016320524 0.0076294543293866507 68.607872241957821 5.6500375403352061 0.9749304329781322 0.63260645498831414 0.0076294543293866507 0.089014102161179665
decision_type=2 2 2 2 2 2 2 2 2 2 2 2 2 2
left_child=6 -2 3 -3 5 -5 8 -8 9 10 11 -1 -4 -10
right_child=1 2 12 4 -6 -7 7 -9 13 -11 -12 -13 -14 -15
leaf_value=-0.00086803117590704794 0.051065742414064051 -0.042451421672800076 0.040392811463799187 0.049445431322164488 -0.022052376705088823 -0.014581158352599384 -0.051146548584083316 -0.0010048332332637678 0.037082023619403812 -0.031145608269613972 -0.022124566526334891 0.024018630602424446 0.0078811985058815023 0.0077464321127887793
leaf_weight=339.43498156964779 8.9108397439122182 16.115603648126125 8.7258418127894419 13.488217953592541 10.724106915295122 9.6716329604387266 9.9557071682065743 11.86333468928933 8.5408987551927584 10.432787410914896 18.113158874213696 28.119381554424763 8.0001978650689107 9.2576828896999341
leaf_count=1798 47 94 52 71 59 55 57 64 47 60 98 151 48 54
internal_value=-3.49939e-06 0.00629109 0.000311683 -0.00789437 0.00854136 0.0227077 -0.00109618 -0.0238838 0.000105087 -0.000870821 -5.18501e-05 0.0010359 0.0248422 0.0218235
internal_weight=511.354 75.6364 66.7256 49.9996 33.884 23.1599 435.718 21.819 413.899 396.1 385.668 367.554 16.726 17.7986
internal_count=2755 426 379 279 185 126 2329 121 2208 2107 2047 1949 100 101
is_linear=0
shrinkage=0.08


Tree=143
num_leaves=24
num_cat=0
split_feature=9 9 20 17 21 5 24 22 0 9 6 13 20 19 24 9 24 15 20 9 14 5 8
split_gain=0.539843 2.51823 2.6945 3.56857 2.59563 1.93891 3.47494 2.18372 1.85834 1.47895 3.5524 4.24233 4.07926 4.00373 3.50912 3.49872 2.70704 1.70494 3.21742 5.75189 3.52123 1.68745 3.24975
threshold=0.50583085258803417 0.50821756397929307 0.55561594816532056 0.75000000000000011 9.6641313345040647 -0.0051022840776534994 -0.0001591117391893 5.1914998983192371 52.762540564282439 0.49379055345316292 0.0019546973176809506 0.31412425347217204 0.54781116370350913 0.28144449986395886 -0.00016362277777814998 0.49102000554442232 -0.00013159123045569998 0.00010731648675585001 0.60974760196848909 0.47638275377535472 0.0010467623532761001 0.0026747934631456507 0.00028200422799545003
decision_type=2 2 2 2 2 2 2 2 2 2 2 2 2 2 2 2 2 2 2 2 2 2 2
left_child=9 -2 3 -3 -5 -4 7 -7 -8 15 11 12 -11 -14 -12 17 -17 21 20 -20 -19 22 -1
right_child=1 2 5 4 -6 6 8 -9 -10 10 14 -13 13 -15 -16 16 -18 18 19 -21 -22 -23 -24
leaf_value=0.0044893466436970019 -0.046832756238117036 -0.057403104869306401 -0.032590852511752526 -0.027239749316062045 0.026766207375697279 0.010110604352627372 -0.015486399551333007 0.064999540768176226 0.01108495157903165 -0.0052851356397642978 -0.054408029228300507 -0.0084501705889310479 0.026292308279380412 0.088863303626133941 0.012500788009205179 -0.065241944268969843 -0.0064947409620413898 -0.0055187692622908572 6.7603597716667864e-05 -0.050045335656259661 0.033789356024240894 -0.023978308223402422 0.039123231665365771
leaf_weight=113.46742893382907 8.3537503257393819 11.387150276452301 7.939748801290988 12.498083069920542 10.464405879378317 8.6984274387359637 27.94235360622406 9.939476013183592 42.415970837697387 10.090395852923391 8.9920741394162196 19.213287092745304 14.514873556792738 11.919320732355116 11.347111150622366 9.1609771326184291 11.105458617210386 45.987579893320799 40.27740566432476 23.045833192765713 21.359229743480682 10.196956157684324 20.466678317636251
leaf_count=588 49 76 44 85 62 46 151 54 247 55 50 97 77 57 63 47 57 244 219 120 106 53 108
internal_value=-3.3077e-06 -0.00424337 -0.0015334 -0.0207865 -0.00262829 0.00528903 0.00866846 0.0393825 0.000532311 0.00159197 0.0115375 0.0219803 0.0379878 0.0545059 -0.01708 -0.000972284 -0.0330501 0.00139344 -0.00522456 -0.0181705 0.00694791 0.00739335 0.0097818
internal_weight=510.784 139.639 131.286 34.3496 22.9625 96.936 88.9962 18.6379 70.3583 371.145 76.0771 55.7379 36.5246 26.4342 20.3392 295.068 20.2664 274.801 130.67 63.3232 67.3468 144.131 133.934
internal_count=2755 814 765 223 147 542 498 100 398 1941 399 286 189 134 113 1542 104 1438 689 339 350 749 696
is_linear=0
shrinkage=0.08


Tree=144
num_leaves=26
num_cat=0
split_feature=14 23 5 0 28 11 13 20 11 11 12 11 20 12 15 9 20 20 11 6 1 1 5 13 9
split_gain=0.62029 1.87193 2.87432 2.73482 4.25452 2.58725 2.37692 4.51297 2.51734 2.24796 2.55854 2.6888 2.55282 1.91744 1.79858 1.76203 3.59997 3.50066 2.60576 2.35003 2.30304 3.55424 1.62752 1.60848 0.96984
threshold=1.0000000180025095e-35 -0.056774736318479992 0.00029339809626770008 52.487180685602972 0.0027917893753293004 -1.0152427171996063 0.08641669463356462 0.66414753311151642 0.53000309085192732 0.55744379371013364 0.54576934973598112 -0.021532307401740499 0.69301441474340575 0.63699770165879499 0.0018836087757801003 0.47818577212586771 0.73534163277115305 0.51307662264300335 -0.67135354170069472 0.0021765539766679005 0.011102758502225602 -0.091632029590051831 -0.00074982892297674995 0.51853715091207497 0.46442522842340478
decision_type=2 2 2 2 2 2 2 2 2 2 2 2 2 2 2 2 2 2 2 2 2 2 2 2 2
left_child=14 2 5 4 13 -2 7 -7 -8 10 12 -12 -5 -3 15 17 18 -1 23 -20 21 -19 -18 -17 -22
right_child=1 3 -4 9 -6 6 8 -9 -10 -11 11 -13 -14 -15 -16 16 22 20 19 -21 24 -23 -24 -25 -26
leaf_value=-0.021671598446243921 0.034685567080544703 0.026910558081802333 -0.050603087433578005 -0.021433915074941929 0.063142305951732702 0.041595071867245301 -0.025250685260888452 -0.031309281908996962 0.018185054458099436 -0.034294673688963002 -0.0013764735655629311 0.039401336518281205 0.0157196694598387 -0.023202325546140847 -0.026242777354490588 0.00036022463914324579 -0.0082720868369460486 0.040616445426878416 0.0050815540040445497 0.038748365159757554 0.06315442227048336 -0.0091703876723477368 -0.050026144424573239 -0.040487212727742319 0.028721701909206622
leaf_weight=13.731216453015803 8.8511264100670797 9.6670736074447685 10.503990069031714 38.145924765616655 11.359024025499819 13.260519947856666 54.737707313150167 9.2074398323893529 10.11784343421459 12.762164514511822 23.934297494590282 18.232039913535118 17.160242609679699 9.8814787082374078 13.041110783815382 12.805772714316847 12.059710793197157 15.622684255242342 111.88107033446431 15.054919131100176 9.5821012854576129 22.242300998419527 11.840742096304892 11.905922293663023 11.540462881326674
leaf_count=74 43 55 57 215 60 71 291 51 54 81 128 96 97 52 79 64 64 78 597 81 55 118 69 66 59
internal_value=-3.32137e-06 -0.00287067 -0.0108682 0.00317405 0.0242047 -0.00652844 -0.0107059 0.0117186 -0.0184745 -0.00272252 0.00141126 0.0162552 -0.009906 0.0015793 0.00271603 0.0042372 -0.000100526 0.0147088 0.00444754 0.00907452 0.0231775 0.0113711 -0.0289578 -0.0193198 0.0443419
internal_weight=509.129 247.821 106.679 141.142 30.9076 96.1746 87.3235 22.468 64.8556 110.235 97.4725 42.1663 55.3062 19.5486 261.308 248.267 175.548 72.7188 151.648 126.936 58.9875 37.865 23.9005 24.7117 21.1226
internal_count=2755 1351 567 784 167 510 467 122 345 617 536 224 312 107 1404 1325 941 384 808 678 310 196 133 130 114
is_linear=0
shrinkage=0.08


Tree=145
num_leaves=9
num_cat=0
split_feature=1 1 8 26 8 13 24 24
split_gain=0.722291 1.6079 1.00862 3.79337 1.08883 2.7706 1.1242 1.59692
threshold=-0.37912811823112941 -0.28020003670431487 -0.0047673962825509992 0.0026354770871698505 -0.0033469656360996997 0.20737070752669703 -0.00036555962094244997 -0.00030557837943129994
decision_type=2 2 2 2 2 2 2 2
left_child=-1 -2 3 -3 5 -4 -6 -8
right_child=1 2 4 -5 6 -7 7 -9
leaf_value=0.023398255264150989 -0.029689851270066479 0.041163610155248574 -0.035196795812833089 -0.020446318851533404 0.022697342904086853 0.0086215173432346755 -0.030898116562234658 0.00063470694326387084
leaf_weight=8.3045513182878476 11.706257477402685 15.379899524152281 18.847971200942993 10.94938652962446 14.228581361472605 18.107363730669022 10.550014309585093 399.67780003510416
leaf_count=44 66 78 95 56 73 95 56 2192
internal_value=-1.27827e-06 -0.000390354 0.000312863 0.0155423 -0.000556166 -0.0137267 0.000590529 -0.000176237
internal_weight=507.752 499.447 487.741 26.3293 461.412 36.9553 424.456 410.228
internal_count=2755 2711 2645 134 2511 190 2321 2248
is_linear=0
shrinkage=0.08


Tree=146
num_leaves=15
num_cat=0
split_feature=14 14 4 15 6 15 15 14 20 20 24 22 20 7
split_gain=0.531572 1.80456 3.03282 2.27358 2.18754 1.98094 3.08325 3.26616 1.70444 2.40845 1.43287 2.30238 2.6233 2.11992
threshold=1.0000000180025095e-35 -0.00011997014340029998 -0.00028277649914604995 0.0010542159230916002 0.0013685873929012503 0.0006270505122888501 0.00026596802907345008 -0.00053043491081639982 0.40032086060102129 0.44645861721571983 -0.00050697020363344987 5.088147003968424 0.48216823377201273 -0.32621604124206899
decision_type=2 2 2 2 2 2 2 2 2 2 2 2 2 2
left_child=1 3 -3 5 -5 6 7 -1 -2 -10 -11 13 -13 -12
right_child=8 2 -4 4 -6 -7 -8 -9 9 10 11 12 -14 -15
leaf_value=-0.003451949956761507 -0.030234414195048014 -0.0040545186658460597 0.051442005966066233 0.0090632967332170099 -0.039776735875398386 0.030310124992233237 -0.035610153144548372 0.019984359607169148 0.034677090827573379 -0.028045381325200604 -0.00078684453650136458 -0.047693468920930765 -0.0030338997467361018 0.035934938283307266
leaf_weight=125.571592643857 13.558930426836012 12.998818561434748 12.233357861638067 9.1629547849297541 16.328143965452909 15.810784205794333 13.780661415308712 54.607406426221132 11.476960029453037 13.619930833578108 22.236253254115582 8.8887574858963472 158.87259914539754 18.375708654522896
leaf_count=662 82 76 67 50 99 84 75 291 65 78 128 49 853 96
internal_value=-1.07822e-06 0.00252019 0.022852 0.000339575 -0.0222208 0.00308109 0.000861497 0.00365096 -0.00265977 -0.00105835 -0.00290586 -0.00126267 -0.00540017 0.0158287
internal_weight=507.523 260.494 25.2322 235.262 25.4911 209.77 193.96 180.179 247.029 233.47 221.993 208.373 167.761 40.612
internal_count=2755 1404 143 1261 149 1112 1028 953 1351 1269 1204 1126 902 224
is_linear=0
shrinkage=0.08


Tree=147
num_leaves=14
num_cat=0
split_feature=8 26 21 8 2 24 12 12 26 15 3 13 3
split_gain=0.552617 3.42707 1.62478 1.36263 3.07363 2.14849 1.08601 2.77757 2.78671 2.49183 1.64101 2.79318 2.76445
threshold=-0.0047673962825509992 0.0031216240499144002 8.769577174039382 -0.0033469656360996997 0.0121624699367115 -0.00032804421683719993 3.4117786426974983 2.1312284864868647 0.0011695392556147503 0.00031972700483300006 0.00063328057148215008 0.37579701523352543 0.00055586107493920008
decision_type=2 2 2 2 2 2 2 2 2 2 2 2 2
left_child=1 2 -1 4 5 -2 7 10 -9 -8 12 -12 -5
right_child=3 -3 -4 6 -6 -7 9 8 -10 -11 11 -13 -14
leaf_value=0.054551082089778193 0.022058129180308739 -0.017991646475098398 0.012563471806729423 0.011136918851804798 -0.050996150882395223 -0.023126381131172616 -0.0074730517420896559 -0.05380080904359727 -0.00038345014916900465 0.036732653299763114 0.0008809306445850168 0.03722654962395839 -0.048372612348383345
leaf_weight=9.0657129809260386 13.313201978802679 18.277768522500992 16.882722724229097 9.2118556573987025 10.992203131318091 13.630256719887258 16.418910378590226 12.221120931208135 12.793539397418497 16.226109515875578 332.83616303652525 14.105909273028372 10.916126057505606
leaf_count=46 65 94 91 54 63 70 95 74 72 98 1797 72 64
internal_value=-1.03463e-06 0.00854251 0.0272329 -0.000817713 -0.0153448 -0.000799978 0.000479804 -0.000687458 -0.0264809 0.0144993 0.00107029 0.00235866 -0.0211372
internal_weight=506.892 44.2262 25.9484 462.665 37.9357 26.9435 424.73 392.085 25.0147 32.645 367.07 346.942 20.128
internal_count=2755 231 137 2524 198 135 2326 2133 146 193 1987 1869 118
is_linear=0
shrinkage=0.08


Tree=148
num_leaves=10
num_cat=0
split_feature=1 1 2 19 26 22 14 18 26
split_gain=0.671726 1.34324 0.76017 2.86573 1.99834 1.89155 1.78689 1.8526 1.74647
threshold=-0.37912811823112941 -0.28020003670431487 0.018387084281943505 0.24600927355101329 0.0041136352870114511 5.1511129249717209 0.0017949602485223502 1.0000000180025095e-35 0.0032641489375348008
decision_type=2 2 2 2 2 2 2 2 2
left_child=-1 -2 4 -4 6 -5 8 -8 -3
right_child=1 2 3 5 -6 -7 7 -9 -10
leaf_value=0.022639462227770041 -0.027251000508119849 -0.0017589083877468051 0.051688926986307455 0.021065489941938811 -0.03356214596577662 -0.027965735334303497 0.044792364635928249 -0.0016311351932752564 0.027700594278660579
leaf_weight=8.2493120282888395 11.625684935599564 410.76605716906488 8.5542632862925547 10.018497668206694 11.426521919667719 10.124508254230021 11.470665521919727 10.572197921574116 13.296163238584993
leaf_count=44 66 2236 49 54 62 56 60 59 69
internal_value=-2.21083e-06 -0.000377377 0.000265169 0.0128955 -0.000527031 -0.00357915 0.00031913 0.0225267 -0.000835227
internal_weight=506.104 497.855 486.229 28.6973 457.532 20.143 446.105 22.0429 424.062
internal_count=2755 2711 2645 159 2486 110 2424 119 2305
is_linear=0
shrinkage=0.08


Tree=149
num_leaves=12
num_cat=0
split_feature=3 3 19 9 9 28 12 11 3 3 11
split_gain=0.537266 3.45054 1.46421 1.42021 4.63081 2.14059 5.22331 2.62238 1.3981 3.71314 1.81574
threshold=0.00058095467894690017 0.00063328057148215008 0.24392534598218873 0.52650115372734274 0.52208603887470495 0.0028433544745788005 -0.053233408749633941 -0.38012522576605795 0.00096138905697710011 0.00087564470104905016 0.58058535780320442
decision_type=2 2 2 2 2 2 2 2 2 2 2
left_child=2 -2 -1 4 8 6 -5 -8 9 -3 -10
right_child=1 3 -4 5 -6 -7 7 -9 10 -11 -12
leaf_value=-0.0096594901271060962 -0.048791814742763492 -0.0014647478610761552 0.034199597490870905 0.026288859328174704 0.04731491465463418 0.012360386227281656 -0.0059543168484004587 -0.064088871953238674 -0.0038162365756443692 0.036622431425907397 0.015869360785875773
leaf_weight=9.4224322028458136 9.2973806336522085 54.388919398188591 10.086198799312113 9.2048377506434935 13.87751157954335 14.731774441897867 7.3585912585258511 15.273321337997912 305.42165816947818 23.442808024585247 33.251932270824909
leaf_count=54 55 308 56 54 74 86 46 101 1600 130 191
internal_value=-1.36978e-06 -0.000523643 0.0130162 0.000417265 0.00185325 -0.012854 -0.0245214 -0.0451869 0.000338512 0.0100071 -0.00188345
internal_weight=505.757 486.249 19.5086 476.951 430.383 46.5685 31.8368 22.6319 416.505 77.8317 338.674
internal_count=2755 2645 110 2590 2303 287 201 147 2229 438 1791
is_linear=0
shrinkage=0.08


end of trees

feature_importances:
Column_9=186
Column_13=171
Column_12=147
Column_20=142
Column_2=137
Column_6=133
Column_11=130
Column_1=126
Column_28=107
Column_22=105
Column_19=104
Column_24=91
Column_15=87
Column_4=85
Column_0=84
Column_14=80
Column_3=75
Column_8=75
Column_5=74
Column_7=72
Column_26=63
Column_23=62
Column_21=59
Column_10=24
Column_17=19
Column_25=17
Column_16=14
Column_18=14

parameters:
[boosting: gbdt]
[objective: binary]
[metric: binary_logloss]
[tree_learner: serial]
[device_type: cpu]
[data_sample_strategy: bagging]
[data: ]
[valid: ]
[num_iterations: 150]
[learning_rate: 0.08]
[num_leaves: 31]
[num_threads: 1]
[seed: 42]
[deterministic: 0]
[force_col_wise: 0]
[force_row_wise: 0]
[histogram_pool_size: -1]
[max_depth: 6]
[min_data_in_leaf: 50]
[min_sum_hessian_in_leaf: 0.001]
[bagging_fraction: 0.8]
[pos_bagging_fraction: 1]
[neg_bagging_fraction: 1]
[bagging_freq: 0]
[bagging_seed: 400]
[bagging_by_query: 0]
[feature_fraction: 0.8]
[feature_fraction_bynode: 1]
[feature_fraction_seed: 30056]
[extra_trees: 0]
[extra_seed: 12879]
[early_stopping_round: 0]
[early_stopping_min_delta: 0]
[first_metric_only: 0]
[max_delta_step: 0]
[lambda_l1: 0]
[lambda_l2: 0]
[linear_lambda: 0]
[min_gain_to_split: 0]
[drop_rate: 0.1]
[max_drop: 50]
[skip_drop: 0.5]
[xgboost_dart_mode: 0]
[uniform_drop: 0]
[drop_seed: 17869]
[top_rate: 0.2]
[other_rate: 0.1]
[min_data_per_group: 100]
[max_cat_threshold: 32]
[cat_l2: 10]
[cat_smooth: 10]
[max_cat_to_onehot: 4]
[top_k: 20]
[monotone_constraints: ]
[monotone_constraints_method: basic]
[monotone_penalty: 0]
[feature_contri: ]
[forcedsplits_filename: ]
[refit_decay_rate: 0.9]
[cegb_tradeoff: 1]
[cegb_penalty_split: 0]
[cegb_penalty_feature_lazy: ]
[cegb_penalty_feature_coupled: ]
[path_smooth: 0]
[interaction_constraints: ]
[verbosity: -1]
[saved_feature_importance_type: 0]
[use_quantized_grad: 0]
[num_grad_quant_bins: 4]
[quant_train_renew_leaf: 0]
[stochastic_rounding: 1]
[linear_tree: 0]
[max_bin: 255]
[max_bin_by_feature: ]
[min_data_in_bin: 3]
[bin_construct_sample_cnt: 200000]
[data_random_seed: 175]
[is_enable_sparse: 1]
[enable_bundle: 1]
[use_missing: 1]
[zero_as_missing: 0]
[feature_pre_filter: 1]
[pre_partition: 0]
[two_round: 0]
[header: 0]
[label_column: ]
[weight_column: ]
[group_column: ]
[ignore_column: ]
[categorical_feature: ]
[forcedbins_filename: ]
[precise_float_parser: 0]
[parser_config_file: ]
[objective_seed: 16083]
[num_class: 1]
[is_unbalance: 0]
[scale_pos_weight: 1]
[sigmoid: 1]
[boost_from_average: 1]
[reg_sqrt: 0]
[alpha: 0.9]
[fair_c: 1]
[poisson_max_delta_step: 0.7]
[tweedie_variance_power: 1.5]
[lambdarank_truncation_level: 30]
[lambdarank_norm: 1]
[label_gain: ]
[lambdarank_position_bias_regularization: 0]
[eval_at: ]
[multi_error_top_k: 1]
[auc_mu_weights: ]
[num_machines: 1]
[local_listen_port: 12400]
[time_out: 120]
[machine_list_filename: ]
[machines: ]
[gpu_platform_id: -1]
[gpu_device_id: -1]
[gpu_use_dp: 0]
[num_gpu: 1]

end of parameters

pandas_categorical:null
