tree
version=v4
num_class=1
num_tree_per_iteration=1
label_index=0
max_feature_idx=40
objective=binary sigmoid:1
feature_names=Column_0 Column_1 Column_2 Column_3 Column_4 Column_5 Column_6 Column_7 Column_8 Column_9 Column_10 Column_11 Column_12 Column_13 Column_14 Column_15 Column_16 Column_17 Column_18 Column_19 Column_20 Column_21 Column_22 Column_23 Column_24 Column_25 Column_26 Column_27 Column_28 Column_29 Column_30 Column_31 Column_32 Column_33 Column_34 Column_35 Column_36 Column_37 Column_38 Column_39 Column_40
feature_infos=[4.4667274378964095:95.4736841964626] [-7.2966523657032667:7.1124979590404109] [-0.48373982276451888:1.4928929159500339] [0.00028789572644880002:0.0078249081527591996] [0:1] [0:1] [-0.0027216424837756999:0.0018499146749027999] [-0.0041578962639487998:0.0031473116158815999] [-0.0053949597491907003:0.0050783773022101001] [0.00011951958862317836:0.0010835804854594647] [-0.0024404755222773001:0.0019550713433462001] [-1:1] [-0.0024404755222773001:0.0019550713433462001] [-0.0040240769815595998:0.0024574681833690001] [-0.0046867624249778:0.0032064903321842001] [-0.0046218761310217998:0.0046437293896522003] [0:1] [0:1] [-1:1] [-11.173835395236409:11.609579825128961] [0.0025826522828124002:0.0027031624215284999] [-0.0043921846318073004:0.0037433222657252] [-3:3] [-0.90386550727600323:10] [0:0.44999999999925] [0.20000000000000001:1] [0.020205940556627704:81.645365077359273] [0:1] [0:0.98972375517131939] [0:0.24502982782316368] [0:0.42901719810949546] [0.38999671413105919:2.9432323077240974] [0:0.0010054519639895625] [-0.68421052631578949:0.57894736842105265] [0:0.55960561696878952] [0:2.4993949171035048] [0.10000000000000001:0.90000000000000002] [0:0.65072478682482582] [0:0.99999999987651711] [0:0.66434682246322507] [0.18075528221177328:0.7501201806283162]
tree_sizes=1507 1642 1541 1754 1638 1426 1633 1638 1756 1530 1636 1622 1532 1423 1539 1759 1754 1644 1749 1528 1424 1757 1753 1750 1749 1529 1738 1648 1210 1538 1542 1746 1637 1746 1311 1322 1217 1548 1310 1326 1314 1552 1430 1558 1101 1311 1427 1633 1331 1549 1418 1544 1104 1333 1429 1108 1223 1437 1755 1313 1112 1650 1760 1549 1646 1751 1753 1108 1106 1647 1225 1536 1648 1424 1755 1517 1539 1542 1322 1540 1750 1441 1533 1001 1012 1009 1104 802 1436 1750 1219 1228 1106 1109 1763 1112 1212 1318 1749 1314 800 1532 1761 1109 1103 1109 1745 1008 1326 1105 1754 1758 1412 1112 1003 1768 794 1014 1123 1646 1654 1756 1324 1529 792 1219 1433 1312 1526 1429 1117 902 1521 1108 1120 1757 1636 1105 1756 1537 792 1781 1008 1748 1325 899 1651 1534 790 1321 1321 1757 1101 1646 791 791 1533 789 1123 1536 691 790 1014 1758 1537 1435 1760 1764 1665 1747 1652 1633 687 1111 1773 1760 1769 1124 1008 1220 791 1324 802 1745 1746 692 1113 1217 1105 1432 1419 1653 786 1771 1429 1756 1427 1421 796 1657 1755 1750 1321 1116 1528 1660 791 1648 1751 1009 1123 1113 1227 794 1761 1434 900 1099 1750 1641 797 1011 1426 1531 1760 1220 1315 1761 1003 1534 1754 797 1762 1323 1655 1111 1753 1757 796 1436 1759 1749 685 1751 1536 1439 1755 1108 1661 1207 1660 1437 1002 1115 800 1001 1431 804 1530 1430 1207 800 689 1749 1771 1542 789 1121 1213 1763 1646 1332 1758 1758 1757 1642 1551 1769 1318 1560 1761 1109 1124 686 1650 1323 1009 1547 1326 803 1757 1759 794 1752 1768 1759 1648 1543 1207 1656

Tree=0
num_leaves=13
num_cat=0
split_feature=40 9 28 31 22 1 40 32 32 6 3 34
split_gain=581.986 26.0378 23.8949 17.3238 14.7983 15.4304 14.5977 14.2719 18.3347 12.8401 11.6171 7.43472
threshold=0.49997579716648471 0.00079490047729686476 0.94922026239624413 1.3534571464077503 -0.42242549934388951 -2.4880062287111282 0.47146007809432716 0.00049630499877009531 0.00038446841079608617 -3.5771745716032552e-06 0.0025894840564497004 0.20569115948550631
decision_type=2 2 2 2 2 2 2 2 2 2 2 2
left_child=2 7 3 6 9 -6 -1 8 -2 -4 -9 -3
right_child=1 11 4 -5 5 -7 -8 10 -10 -11 -12 -13
leaf_value=0.12201872795583493 0.046586680226983923 0.13761562933808683 0.10199640818830741 0.050819366306440468 0.16136177677127309 0.093154757548291264 0.10837541984349566 0.017336230383034654 0.064789877718127872 0.032435682826962867 0.046770992940732781 0.073204204425569075
leaf_weight=192.15592086315155 240.81878393888474 6.7379348874092084 6.7379348874092129 7.2370411753654471 5.7397223114967337 70.373986601829529 361.60250562429428 34.438333868980408 139.9993137717247 11.479444622993467 56.898116827011108 4.9910628795623779
leaf_count=770 965 27 27 29 23 282 1449 138 561 46 228 20
internal_value=0.0846068 0.0513353 0.109174 0.112306 0.0905474 0.0982982 0.11311 0.0498729 0.0532787 0.0581636 0.0356726 0.110207
internal_weight=1139.21 483.884 655.327 560.995 94.3311 76.1137 553.758 472.155 380.818 18.2174 91.3365 11.729
internal_count=4565 1939 2626 2248 378 305 2219 1892 1526 73 366 47
is_linear=0
shrinkage=1


Tree=1
num_leaves=14
num_cat=0
split_feature=25 28 1 39 9 35 23 8 23 19 22 19 28
split_gain=58.5212 52.7424 48.8978 33.9993 32.4474 26.0108 25.8792 20.0426 19.9958 17.1957 19.1706 2.40469 0.00136039
threshold=0.90000000000000013 0.9502791319860503 -0.32246794940192547 0.051246970478673229 0.00023748452741767986 0.7616398627902029 -0.045227640786376241 0.00075394546261220018 -0.41138017368750307 -2.348646810822395 0.11248123204800792 -0.88242607286876051 0.93566875728299237
decision_type=2 2 2 2 2 2 2 2 2 2 2 2 2
left_child=1 2 4 -4 -1 11 8 -8 -7 -3 -11 -2 -13
right_child=5 9 3 -5 -6 6 7 -9 -10 10 -12 12 -14
leaf_value=-0.039090624842272333 0.046250904978328532 0.035995285407542911 0.016532704794237695 -0.0074566945848445788 -0.0052819566257050182 -0.02577501184437463 -0.00045000144700987232 0.047302720638803065 0.056860565071144079 -0.039463469987772032 -0.013599207199858973 0.075583693072535707 0.076436695035386221
leaf_weight=54.666781038045883 6.7285293638706234 7.7390837073326102 316.95413684844971 134.69720560312271 268.50766678154469 5.4849421828985205 96.52838397026062 16.461156204342842 32.13165108859539 81.171922579407692 105.37472300231457 7.4743043780326825 4.9877073168754578
leaf_count=219 27 31 1271 540 1076 22 387 66 129 325 422 30 20
internal_value=8.69071e-07 -0.00379446 0.000878273 0.00937828 -0.0110009 0.0216627 0.0160742 0.00650697 0.0448113 -0.0224297 -0.0248535 0.0655208 0.0759251
internal_weight=1138.91 969.112 774.826 451.651 323.174 169.797 150.606 112.99 37.6166 194.286 186.547 19.1905 12.462
internal_count=4565 3884 3106 1811 1295 681 604 453 151 778 747 77 50
is_linear=0
shrinkage=0.04


Tree=2
num_leaves=13
num_cat=0
split_feature=40 9 25 28 22 8 31 32 32 23 8 37
split_gain=527.033 23.8792 21.1286 38.4202 23.9856 19.4646 18.4709 13.2764 16.0828 12.9123 12.9031 8.65809
threshold=0.49997579716648471 0.00079490047729686476 0.90000000000000013 0.9502791319860503 -0.10534073247448693 -0.00079856782317274993 1.3044445419139556 0.00049630499877009531 0.00038446841079608617 0.088720935537487125 0.00068425635355420008 0.11375339202443341
decision_type=2 2 2 2 2 2 2 2 2 2 2 2
left_child=2 7 3 5 -5 -1 10 8 -2 -9 -4 -3
right_child=1 11 6 4 -6 -7 -8 9 -10 -11 -12 -13
leaf_value=-0.0031862574631479246 -0.036000042927721791 0.061450776729537422 0.036115047529580939 -0.039732826640806039 0.0090991047535934119 0.026736387181470606 -0.029847368521018828 -0.070402065071464848 -0.018959596504264393 -0.037174504484173525 0.071959994047493744 -0.0074702149377821794
leaf_weight=37.892933785915375 241.1526694893837 5.4834091961383802 94.243345588445663 23.984578937292099 48.919770628213882 423.78938889503479 5.9891543686389914 26.241068616509438 140.10091452300549 65.219883635640144 19.37046280503273 6.2294928431510925
leaf_count=152 965 22 379 96 196 1701 24 105 561 261 78 25
internal_value=1.29183e-06 -0.0316235 0.0234194 0.0200192 -0.00696596 0.0242805 0.0386173 -0.0330214 -0.0297381 -0.0467078 0.0422264 0.0247952
internal_weight=1138.62 484.427 654.19 534.587 72.9043 461.682 119.603 472.715 381.254 91.461 113.614 11.7129
internal_count=4565 1939 2626 2145 292 1853 481 1892 1526 366 457 47
is_linear=0
shrinkage=0.04


Tree=3
num_leaves=15
num_cat=0
split_feature=33 30 39 28 2 13 39 36 20 23 23 20 18 33
split_gain=40.3959 27.2272 26.3677 28.8257 31.0556 17.465 13.4342 12.9541 14.987 12.5985 12.1372 10.5725 14.9212 7.75979
threshold=0.10526315789473685 0.045130172775813902 0.083588336263113142 0.95960776251659741 0.3263287156718549 -0.00063098385742389989 0.20454377274756305 0.63708850867647737 0.0026047687213895001 0.46933688917229138 0.67688186467366773 0.0026133665886710002 1.0000000180025095e-35 0.2105263157894737
decision_type=2 2 2 2 2 2 2 2 2 2 2 2 2 2
left_child=2 11 3 4 -1 -5 10 8 -3 -8 -4 12 -2 -9
right_child=1 7 6 5 -6 -7 9 13 -10 -11 -12 -13 -14 -15
leaf_value=-0.0081738943583638379 0.0087589443060595244 0.00524924301483527 -0.012258818569646088 0.034112557283539312 0.012208910750198448 -0.026071281225132383 -0.03965980673999446 0.02079102054918406 0.040532087249078412 0.0037458929409387486 -0.036792509499663652 0.040847220797660927 -0.016236432170053879 0.046201867132534408
leaf_weight=213.48860391974449 79.190995320677757 88.842439517378807 61.092910960316658 8.4618532210588437 271.95308868587017 87.393689572811127 12.970509752631186 36.581538662314415 24.594676718115807 61.094993457198143 68.370465770363808 9.2003054618835431 73.845567986369133 40.532506451010704
leaf_count=856 318 357 245 34 1092 350 52 147 99 245 274 37 296 163
internal_value=2.04741e-06 0.0112445 -0.00505156 -0.000713219 0.00324492 -0.0207584 -0.0174422 0.021498 0.012899 -0.00385541 -0.0252152 -0.000798537 -0.00330221 0.0341474
internal_weight=1137.61 352.788 784.826 581.297 485.442 95.8555 203.529 190.551 113.437 74.0655 129.463 162.237 153.037 77.114
internal_count=4565 1417 3148 2332 1948 384 816 766 456 297 519 651 614 310
is_linear=0
shrinkage=0.04


Tree=4
num_leaves=14
num_cat=0
split_feature=40 9 40 28 13 22 22 33 31 32 32 33 37
split_gain=478.596 21.8199 19.0683 17.027 19.2221 15.3104 16.0766 15.6026 14.0237 12.7437 22.0938 13.309 8.0045
threshold=0.49997579716648471 0.00079490047729686476 0.45479808938102467 0.9502791319860503 -0.00038134372525984998 0.41457532085674959 -0.20951146106648796 0.10526315789473685 1.3044445419139556 0.00046145877511393857 0.00038446841079608617 0.10526315789473685 0.11375339202443341
decision_type=2 2 2 2 2 2 2 2 2 2 2 2 2
left_child=2 9 5 8 -5 6 -1 -7 -4 10 -2 -11 -3
right_child=1 12 3 4 -6 7 -8 -9 -10 11 -12 -13 -14
leaf_value=0.022523141641443482 -0.034220027142838338 0.059224991937363192 0.022720780530467381 0.036267715865815335 -0.010873871882698402 -0.01763516562178009 0.050375332980503819 0.056056217769168429 -0.025868915601700192 -0.036210172222397682 -0.012358891510247985 -0.069904446927305228 -0.0071181204516193213
leaf_weight=55.098848566412926 241.19257694482803 5.4600624442100507 407.95173133909702 18.395891353487968 55.87154795229435 15.928769737482073 83.271713852882385 6.4620763212442389 9.7304252833127958 101.94791369140148 106.68632641434669 22.985511377453804 6.2298033684492111
leaf_count=222 965 22 1641 74 224 64 336 26 39 408 427 92 25
internal_value=2.30483e-06 -0.0301164 0.0223592 0.0184509 0.000803002 0.034319 0.0392847 0.00363242 0.0215888 -0.0314511 -0.0275157 -0.0424093 0.0238692
internal_weight=1137.21 484.502 652.711 491.95 74.2674 160.761 138.371 22.3908 417.682 472.812 347.879 124.933 11.6899
internal_count=4565 1939 2626 1978 298 648 558 90 1680 1892 1392 500 47
is_linear=0
shrinkage=0.04


Tree=5
num_leaves=12
num_cat=0
split_feature=40 25 28 1 22 32 31 8 32 32 23
split_gain=441.569 19.0456 32.3927 23.3711 21.7641 16.9254 16.479 11.7713 8.74921 20.396 18.7517
threshold=0.49997579716648471 0.90000000000000013 0.9502791319860503 -1.1848811388936153 -0.10534073247448693 0.00080055969173903156 1.3044445419139556 0.00068425635355420008 0.00046145877511393857 0.00038446841079608617 0.083497673977934658
decision_type=2 2 2 2 2 2 2 2 2 2 2
left_child=1 2 3 -1 -4 8 7 -3 9 -2 -10
right_child=5 6 4 -5 -6 -7 -8 -9 10 -11 -12
leaf_value=-0.004661362759665391 -0.032866107625188913 0.033592485947523759 -0.037711437167311276 0.025233380170565024 0.0088118702039994817 0.039612258982080734 -0.028632869158353405 0.068043325398130586 -0.06562655289137162 -0.011861866348665123 -0.030084671586673748
leaf_weight=46.555656775832176 241.08511391282082 93.651350528001785 23.980493620038033 413.23541484773159 48.887507095932961 5.6976289153099051 5.9940942078828803 19.106337159872055 31.183766558766365 106.70981453359127 99.644133523106575
leaf_count=187 965 379 96 1666 196 23 24 78 125 427 399
internal_value=2.9252e-06 0.021509 0.0182795 0.0222064 -0.00649872 -0.0289227 0.0359945 0.03943 -0.0297386 -0.0264216 -0.0385563
internal_weight=1135.73 651.411 532.659 459.791 72.868 484.32 118.752 112.758 478.623 347.795 130.828
internal_count=4565 2626 2145 1853 292 1939 481 457 1916 1392 524
is_linear=0
shrinkage=0.04


Tree=6
num_leaves=14
num_cat=0
split_feature=40 9 40 23 31 39 38 32 32 23 37 35 35
split_gain=407.596 19.3287 17.2942 15.1768 14.9727 13.7158 11.3464 11.0484 18.8549 14.508 7.26315 7.06866 6.94378
threshold=0.49997579716648471 0.00079490047729686476 0.45479808938102467 -0.053595732794893894 1.3044445419139556 0.052252074816422502 0.42862533655790575 0.00046145877511393857 0.00038446841079608617 0.083497673977934658 0.11375339202443341 0.94760469516585 1.114947331032196
decision_type=2 2 2 2 2 2 2 2 2 2 2 2 2
left_child=2 7 3 12 6 -5 -4 8 -2 -9 -3 -6 -1
right_child=1 10 4 5 11 -7 -8 9 -10 -11 -12 -13 -14
leaf_value=0.06154964483425461 -0.031582939000046072 0.056964546177414442 0.067940822659412661 0.033651356205474568 -0.057061402967937075 0.0037678334476849082 0.017285622864554557 -0.063070165456356561 -0.011385768614233181 -0.031441371223420979 -0.0063498727281070819 0.0067875766863365397 0.023858092696254475
leaf_weight=32.553396135568619 240.84930405020714 5.4205794185399991 7.182796284556388 81.71346840262413 6.2391109317541105 35.142843812704086 471.74458135664463 30.824334979057312 106.72469992935658 93.859398439526558 6.2316590994596481 4.9956129640340805 10.293125987052916
leaf_count=133 965 22 29 331 25 142 1904 124 427 376 25 20 42
internal_value=3.42248e-06 -0.0277899 0.0206992 0.032131 0.0169746 0.0246643 0.0180453 -0.0290457 -0.0253813 -0.0392606 0.0231038 -0.0286704 0.0524949
internal_weight=1133.77 483.91 649.865 159.703 490.162 116.856 478.927 472.258 347.574 124.684 11.6522 11.2347 42.8465
internal_count=4565 1939 2626 648 1978 473 1933 1892 1392 500 47 45 175
is_linear=0
shrinkage=0.04


Tree=7
num_leaves=14
num_cat=0
split_feature=40 9 40 28 28 23 39 31 32 15 40 37 35
split_gain=376.339 17.8374 16.1173 14.4419 14.6465 14.2611 12.7345 12.7068 10.2787 15.0896 11.4842 6.759 6.54661
threshold=0.49997579716648471 0.00079490047729686476 0.45479808938102467 0.94922026239624413 0.96313292193476829 -0.053595732794893894 0.052252074816422502 1.3044445419139556 0.00049630499877009531 -0.0017123230127340998 0.50056964088701927 0.11375339202443341 1.114947331032196
decision_type=2 2 2 2 2 2 2 2 2 2 2 2 2
left_child=2 8 5 7 -5 12 -7 -4 9 -2 -10 -3 -1
right_child=1 11 3 4 -6 6 -8 -9 10 -11 -12 -13 -14
leaf_value=0.05967014685406305 0.028501224842280272 0.055101167555331301 0.020390246371545784 -0.016966552444191926 0.017743737337236602 0.032433537246769881 0.003618441312156215 -0.026435404443701814 0.0084507890397998216 -0.026220321601421893 -0.044172666887644214 -0.0060943968670951363 0.022982942287706143
leaf_weight=32.241848841309547 8.2411112487316114 5.3805332481861097 402.07211308181286 38.611900642514229 39.195924267172813 81.396810099482536 35.130271136760712 9.4911971390247327 7.2063130289316168 372.43635915219784 83.744314253330231 6.2331419140100479 10.258379429578779
leaf_count=133 33 22 1627 155 158 331 142 38 29 1493 337 25 42
internal_value=3.72951e-06 -0.0267161 0.0199176 0.0163226 0.00051886 0.0309805 0.0237464 0.0193104 -0.0279221 -0.0250357 -0.0400031 0.0222571 0.0508149
internal_weight=1131.64 483.242 648.398 489.371 77.8078 159.027 116.527 411.563 471.628 380.677 90.9506 11.6137 42.5002
internal_count=4565 1939 2626 1978 313 648 473 1665 1892 1526 366 47 175
is_linear=0
shrinkage=0.04


Tree=8
num_leaves=15
num_cat=0
split_feature=25 28 15 39 23 28 32 33 23 13 23 22 32 23
split_gain=40.1384 30.3537 31.237 21.8889 18.5538 17.7016 16.5154 14.7842 14.3908 13.2561 12.8289 11.439 4.54103 3.25882
threshold=0.90000000000000013 0.9502791319860503 -0.00021630456204234998 0.052252074816422502 0.10376580142869417 0.94972658297846346 0.00047783386836907884 0.10526315789473685 0.18819565120886936 -0.0004897644325363499 -0.39630697230100503 0.18288994321938315 0.00039615305998445994 1.7906487503833268
decision_type=2 2 2 2 2 2 2 2 2 2 2 2 2 2
left_child=1 2 11 -4 10 7 8 -6 -3 -8 -2 -1 -12 -7
right_child=4 6 3 -5 5 13 9 -9 -10 -11 12 -13 -14 -15
leaf_value=-0.0030401316723678794 -0.007173510031141965 0.0087473488251524952 0.012556536923270186 -0.0063534174190429541 -0.0071930077467086311 0.054728360817922053 0.0018103322727366512 0.026072735608618038 -0.01877235684180301 -0.049338931417108371 0.013848023028861598 -0.018848368712989116 0.054405860210148899 0.019319031100779739
leaf_weight=176.22026512026787 7.8032656610012046 43.046550899744034 327.60816514492035 139.70734594762325 69.719117611646652 14.050061613321306 10.425248965620993 30.827424943447113 103.51186496019363 36.456656336784363 5.0875221490859976 125.32472175359726 33.511995926499367 5.9069290161132804
leaf_count=710 32 173 1327 564 282 57 42 126 416 147 21 505 139 24
internal_value=4.13583e-06 -0.00313662 0.000426743 0.00690327 0.0181122 0.00983638 -0.0172998 0.00300622 -0.0106894 -0.0379647 0.0396038 -0.00961017 0.0490602 0.0442478
internal_weight=1129.21 962.301 768.86 467.316 166.906 120.504 193.44 100.547 146.558 46.8819 46.4028 301.545 38.5995 19.957
internal_count=4565 3884 3106 1891 681 489 778 408 589 189 192 1215 160 81
is_linear=0
shrinkage=0.04


Tree=9
num_leaves=13
num_cat=0
split_feature=40 25 1 1 3 3 22 22 36 32 15 40
split_gain=343.26 15.4954 24.7931 18.5393 14.5403 14.107 13.1581 12.7153 12.4393 10.2719 14.0007 12.4499
threshold=0.49997579716648471 0.90000000000000013 -1.1848811388936153 0.95927135157626264 0.00087618661519415011 0.0051742488332322005 0.88120562476238828 -0.64283064174227678 0.65500596699991342 0.00049630499877009531 -0.0017123230127340998 0.50056964088701927
decision_type=2 2 2 2 2 2 2 2 2 2 2 2
left_child=1 2 6 -4 -3 9 -1 -7 -6 10 -2 -11
right_child=5 4 3 -5 8 7 -8 -9 -10 11 -12 -13
leaf_value=-0.0022256909323257906 0.027650596152347939 -0.033279881926429965 0.023874290410198454 0.0058593595217307504 0.043737267242372091 0.052686382904262821 -0.06497805829089906 -0.021731468799135362 0.014168124924483888 0.010288433260908354 -0.02505195523137544 -0.043742880998268008
leaf_weight=50.713040813803673 8.2438315600156766 5.1768403053283683 348.77532112598419 123.85869348049164 79.723844617605209 6.8824759125709534 5.9763297587633124 7.8792133629322034 31.860468685626984 7.4610551297664633 371.88718447089195 79.829709902405739
leaf_count=204 33 21 1415 502 329 28 24 32 131 30 1493 323
internal_value=4.36805e-06 0.0190646 0.0161551 0.0191533 0.0322541 -0.0255347 -0.0088412 0.012965 0.0352944 -0.0267505 -0.023909 -0.0391246
internal_weight=1128.27 646.085 529.323 472.634 116.761 482.183 56.6894 14.7617 111.584 467.422 380.131 87.2908
internal_count=4565 2626 2145 1917 481 1939 228 60 460 1879 1526 353
is_linear=0
shrinkage=0.04


Tree=10
num_leaves=14
num_cat=0
split_feature=40 9 40 22 22 28 30 31 31 32 32 35 34
split_gain=317.093 14.9479 14.0396 13.0213 13.5138 12.6814 16.7999 11.716 10.9388 9.20696 17.2033 10.8317 6.47062
threshold=0.49997579716648471 0.00079490047729686476 0.45479808938102467 0.41457532085674959 -0.20951146106648796 0.9502791319860503 0.019782480794902604 1.0660422933312954 1.3534571464077503 0.00046145877511393857 0.00038446841079608617 0.65769591451041187 0.20569115948550631
decision_type=2 2 2 2 2 2 2 2 2 2 2 2 2
left_child=2 9 3 4 -1 8 -7 -5 -4 10 -2 -11 -3
right_child=1 12 5 7 -6 6 -8 -9 -10 11 -12 -13 -14
leaf_value=0.017969512360351343 -0.028269063889668863 0.046428773578091401 0.018563803970349079 -0.01516854174106947 0.04377491584030991 0.015117807021189915 -0.023916111456542648 0.054809639075719077 -0.032815325748808466 0.020003859913787881 -0.0089570663531635258 -0.03758919838022487 -0.014207280715903922
leaf_weight=54.276885598897934 239.5756683498621 6.5819366127252561 406.48989579081535 17.269540667533878 80.814255893230438 44.759744942188263 29.118647068738937 4.9182282090187064 6.7399669289588919 5.4668408483266822 106.66153548657894 118.05285169184208 4.9211186617612839
leaf_count=222 965 27 1653 70 336 181 117 20 27 22 427 478 20
internal_value=4.65062e-06 -0.0245614 0.0183518 0.0287424 0.0334068 0.0149968 -0.000267137 0.000343097 0.0177258 -0.0256646 -0.0223198 -0.0350402 0.0204881
internal_weight=1125.65 481.26 644.387 157.279 135.091 487.108 73.8784 22.1878 413.23 469.757 346.237 123.52 11.5031
internal_count=4565 1939 2626 648 558 1978 298 90 1680 1892 1392 500 47
is_linear=0
shrinkage=0.04


Tree=11
num_leaves=14
num_cat=0
split_feature=40 9 40 22 33 22 31 28 0 28 28 35 37
split_gain=293.031 13.81 13.1222 12.1374 14.1735 12.7202 11.9404 11.7416 8.84546 16.3042 9.18971 6.57171 6.26625
threshold=0.49997579716648471 0.00079490047729686476 0.45479808938102467 0.41457532085674959 0.10526315789473685 -0.20951146106648796 1.3044445419139556 0.94922026239624413 24.211001677360198 0.91295778147904783 0.94659279120434681 0.94760469516585 0.11375339202443341
decision_type=2 2 2 2 2 2 2 2 2 2 2 2 2
left_child=2 8 3 5 -5 -1 7 -4 9 -2 -10 -8 -3
right_child=1 12 6 4 -6 -7 11 -9 10 -11 -12 -13 -14
leaf_value=0.017296521870369973 0.021122748513298584 0.051801214868720774 0.018133133339073421 -0.01991378725410118 0.050843175718922169 0.04239580253311992 -0.053700472837663424 0.00096200700448003914 -0.030057253614105956 -0.03279145975149788 -0.017285154683006811 0.0078703615597136949 -0.0075399678104772537
leaf_weight=54.136093646287918 18.094474732875824 5.2698971778154355 399.0555694103241 15.830682322382929 6.3450893759727469 80.119493097066879 6.2401961982250196 75.822595849633217 304.77098275721073 17.806023314595222 127.98813305795193 4.9928355067968369 6.1931977272033691
leaf_count=222 73 22 1627 64 26 336 25 306 1228 72 519 20 25
internal_value=4.85661e-06 -0.0236362 0.01767 0.0277467 0.000331698 0.032275 0.0144273 0.0153915 -0.0246971 -0.00561776 -0.0262799 -0.0263336 0.0197408
internal_weight=1122.67 480.123 642.543 156.431 22.1758 134.256 486.111 474.878 468.66 35.9005 432.759 11.233 11.4631
internal_count=4565 1939 2626 648 90 558 1978 1933 1892 145 1747 45 47
is_linear=0
shrinkage=0.04


Tree=12
num_leaves=13
num_cat=0
split_feature=40 40 9 23 39 32 3 31 38 31 34 23
split_gain=271.384 13.8586 13.3765 11.631 12.3333 10.9045 11.0227 10.7861 10.1119 9.72994 6.11125 5.31837
threshold=0.50038454555806866 0.45479808938102467 0.00079490047729686476 -0.075026844332110182 0.052252074816422502 0.00049630499877009531 0.0024099457451828006 1.3534571464077503 0.42862533655790575 0.87055567687013202 0.20569115948550631 -0.41138017368750307
decision_type=2 2 2 2 2 2 2 2 2 2 2 2
left_child=1 3 5 11 -5 9 -7 8 -3 -2 -4 -1
right_child=2 7 10 4 -6 6 -8 -9 -10 -11 -12 -13
leaf_value=0.0068846007184699834 -0.030743554107792379 0.059834856639571277 0.044457139560141148 0.029210129306892072 0.0011567536753626538 -0.060676958361530302 -0.02859711401843832 -0.032991834051978135 0.013180410276395878 -0.016992537964233202 -0.014681926768616056 0.052205313494363637
leaf_weight=4.7539780437946311 126.71749113500118 7.5470995903015128 6.5066884905099851 82.524437829852104 36.018094107508659 24.07690355181694 59.458817720413208 7.9788780957460395 491.90667755901814 235.03978541493416 4.9020625948905945 32.230774432420731
leaf_count=20 511 31 27 342 147 99 243 32 2005 949 20 139
internal_value=5.17903e-06 0.0163501 -0.0237215 0.0267963 0.0206864 -0.0248172 -0.0378433 0.0131483 0.0138854 -0.0218093 0.0190465 0.0463798
internal_weight=1119.66 662.96 456.702 155.527 118.543 445.293 83.5357 507.433 499.454 361.757 11.4088 36.9848
internal_count=4565 2716 1849 648 489 1802 342 2068 2036 1460 47 159
is_linear=0
shrinkage=0.04


Tree=13
num_leaves=12
num_cat=0
split_feature=40 25 28 1 32 31 9 8 0 28 35
split_gain=251.004 13.7462 24.2217 19.0187 15.9456 12.2164 12.0067 11.7481 9.14359 13.7793 9.02092
threshold=0.49997579716648471 0.90000000000000013 0.9502791319860503 -1.1848811388936153 0.00054827660835392214 1.3044445419139556 0.00081215660186525465 0.00068425635355420008 24.211001677360198 0.91295778147904783 1.1551214705065418
decision_type=2 2 2 2 2 2 2 2 2 2 2
left_child=1 2 3 -1 -4 7 8 -3 9 -2 -10
right_child=6 5 4 -5 -6 -7 -8 -9 10 -11 -12
leaf_value=-0.0071756893185937701 0.021222949642789431 0.026139619828491986 0.0016762389065478141 0.019885217921758232 -0.044946642227483499 -0.026806185772418351 0.024704987524067929 0.061438896454967223 -0.021408808401293628 -0.028080467489869802 -0.035540471172583035
leaf_weight=46.297960340976715 18.089372113347054 90.267060324549675 57.876144275069237 405.57907505333424 14.722896233201025 5.9549061655998221 8.6752020567655546 18.112314611673355 341.13173879683018 18.189760640263557 91.703138276934624
leaf_count=187 73 379 233 1666 59 24 36 78 1384 74 372
internal_value=5.24251e-06 0.0164067 0.0136671 0.0171126 -0.00777876 0.028974 -0.0219238 0.0320388 -0.0227861 -0.00349697 -0.0244028
internal_weight=1116.6 638.81 524.476 451.877 72.599 114.334 477.789 108.379 469.114 36.2791 432.835
internal_count=4565 2626 2145 1853 292 481 1939 457 1903 147 1756
is_linear=0
shrinkage=0.04


Tree=14
num_leaves=13
num_cat=0
split_feature=40 25 8 15 39 3 9 36 32 15 3 37
split_gain=232.777 14.2696 17.2342 22.9576 15.6738 12.7303 11.5788 11.4864 10.3805 10.9291 10.415 5.94985
threshold=0.50038454555806866 0.90000000000000013 -0.00088189741468559996 -0.00093865044444059985 0.052252074816422502 0.00087618661519415011 0.00079490047729686476 0.65500596699991342 0.00049630499877009531 -0.0015536787994539999 0.0024099457451828006 0.11375339202443341
decision_type=2 2 2 2 2 2 2 2 2 2 2 2
left_child=1 2 3 -1 -4 -3 8 -7 9 -2 -10 -8
right_child=6 5 4 -5 -6 7 11 -9 10 -11 -12 -13
leaf_value=0.016287862673214661 0.017502992012947947 -0.033645343582143994 0.01893703073073786 -0.04263405951831796 0.003153548035635177 0.039271995848183749 0.049539904498909215 0.010747689080452139 -0.058216107548338045 -0.021404811377272744 -0.026829484438807869 -0.0086365396280285844
leaf_weight=22.038791850209236 11.947659000754355 5.1132607012987128 363.08859723806381 20.349188208580017 139.28435675799847 77.240357339382172 5.1694330722093564 31.923114225268364 23.713617980480194 348.19529198110104 59.007648557424545 6.1698424369096756
leaf_count=89 48 21 1493 82 568 329 22 134 99 1412 243 25
internal_value=5.4925e-06 0.0151902 0.0124944 -0.0119988 0.014561 0.0280411 -0.0220271 0.0309305 -0.023049 -0.0201141 -0.0358271 0.0178854
internal_weight=1113.24 659.038 544.761 42.388 502.373 114.277 454.203 109.163 442.864 360.143 82.7213 11.3393
internal_count=4565 2716 2232 171 2061 484 1849 463 1802 1460 342 47
is_linear=0
shrinkage=0.04


Tree=15
num_leaves=15
num_cat=0
split_feature=25 15 32 35 28 8 23 28 23 34 31 13 6 22
split_gain=26.7581 20.3169 21.0621 20.0121 14.4795 13.8905 13.6451 15.9656 13.9135 10.8825 18.3894 11.6059 2.08427 0.0933333
threshold=0.90000000000000013 -0.00020121938998714998 0.00016615352407029106 0.7616398627902029 0.9502791319860503 -2.2920214516867405e-05 1.0000000180025095e-35 0.94972658297846346 -0.41138017368750307 0.13387482704851722 0.92801402869362593 7.13532377904717e-05 -0.00014693336953024998 -0.18803627405935333
decision_type=2 2 2 2 2 2 2 2 2 2 2 2 2 2
left_child=1 9 5 12 -4 -3 8 -8 -5 11 -11 -1 -2 -14
right_child=3 2 4 6 -6 -7 7 -9 -10 10 -12 -13 13 -15
leaf_value=0.00093302169917160497 0.036469399831994251 -0.0061488741544967864 0.0038423076882562993 -0.028382380237948656 -0.011939171087597797 0.054270526779619417 -0.0037406062600354424 0.03770538236987369 0.042281165150000258 -0.028579400400203181 0.00082458805421438733 -0.020210387067301633 0.068972460155935916 0.061757054331427148
leaf_weight=169.23180033266544 6.326817154884341 8.8003822118043917 427.71287508308887 5.2394644916057578 118.87285700440407 19.754321128129959 90.595819696784019 17.79141440987587 29.901606842875481 96.428028866648674 52.591579347848892 55.050485759973526 5.2350613325834283 6.3447521626949284
leaf_count=692 27 36 1758 22 484 82 376 74 132 393 214 225 22 28
internal_value=5.4971e-06 -0.00255688 0.00215969 0.0150597 0.000410111 0.0356496 0.0100852 0.00306262 0.0317454 -0.00982364 -0.0182022 -0.00425667 0.0549318 0.065019
internal_weight=1109.88 948.442 575.14 161.435 546.586 28.5547 143.528 108.387 35.1411 373.302 149.02 224.282 17.9066 11.5798
internal_count=4565 3884 2360 681 2242 118 604 450 154 1524 607 917 77 50
is_linear=0
shrinkage=0.04


Tree=16
num_leaves=15
num_cat=0
split_feature=25 1 32 35 37 29 3 19 8 23 13 10 19 22
split_gain=24.7603 19.2098 28.932 18.8107 15.8983 14.3513 16.2542 15.8246 13.3181 14.004 4.90713 2.87509 1.92634 0.0892917
threshold=0.90000000000000013 -0.16453088758362347 0.00016615352407029106 0.7616398627902029 0.40830508533265381 0.019955037476433821 0.00083508563807830011 -2.348646810822395 0.00081021699093940009 1.0000000180025095e-35 -1.2249010213826515e-05 0.00031731343607380001 -0.88242607286876051 -0.18803627405935333
decision_type=2 2 2 2 2 2 2 2 2 2 2 2 2 2
left_child=1 5 10 12 -4 7 -7 -1 9 -5 -3 -10 -2 -14
right_child=3 2 4 8 -6 6 -8 -9 11 -11 -12 -13 13 -15
leaf_value=0.034296201600804273 0.035740572039837146 0.027275394753904565 -0.00034003439526083086 0.02847687544451102 0.052933149387163855 -0.027315173057628542 -0.0017671401283918026 -0.029029276394511944 0.054176139552424209 -0.0025288601978493059 0.063479803110290695 0.020570001560270511 0.067521958112588043 0.060321737352665182
leaf_weight=6.8904468417167655 6.3112781196832684 11.806038320064546 485.83815094828606 30.94480849802494 9.1314791589975339 45.93243071436882 300.63805133104324 75.453453525900841 11.391863808035852 94.430778622627258 12.159047618508337 6.3401088416576377 4.7036477327346811 6.6543870270252201
leaf_count=28 27 49 1994 136 38 188 1227 309 50 391 51 27 20 30
internal_value=5.97547e-06 -0.00245602 0.00272101 0.0145205 0.000642779 -0.00871961 -0.00515313 -0.0237303 0.00971292 0.00512388 0.0456442 0.0421602 0.0534584 0.0633035
internal_weight=1108.63 947.849 518.935 160.777 494.97 428.914 346.57 82.3439 143.108 125.376 23.9651 17.732 17.6693 11.358
internal_count=4565 3884 2132 681 2032 1752 1415 337 604 527 100 77 77 50
is_linear=0
shrinkage=0.04


Tree=17
num_leaves=14
num_cat=0
split_feature=40 33 25 32 39 3 32 3 32 8 24 3 1
split_gain=208.83 12.86 23.8256 33.6833 17.6195 16.5258 12.9764 10.2291 11.2431 10.3232 9.86795 9.35422 5.77974
threshold=0.50038454555806866 0.10526315789473685 0.50000000000000011 0.00036812006662803896 0.054276252461718223 0.0037732857508580501 0.000581524371500312 0.0051742488332322005 0.00049630499877009531 -0.00079856782317274993 0.14166666666643057 0.0024099457451828006 -0.70587368993665212
decision_type=2 2 2 2 2 2 2 2 2 2 2 2 2
left_child=1 4 3 -3 5 -1 -6 8 9 -2 -9 -10 -4
right_child=7 2 12 -5 6 -7 -8 10 11 -11 -12 -13 -14
leaf_value=0.016583504880895907 -0.0054787973400449311 -0.024596856391689199 0.056857193100309615 0.024137778383370424 -0.0077628793996865125 -0.054509218507144679 0.03653688306180073 0.037607238636454758 -0.056742214404574283 -0.022402757448746181 -0.030995287633057315 -0.026666393379273911 0.029024342406835081
leaf_weight=284.836565554142 72.196379706263542 36.047011941671371 13.050489589571951 61.243684723973274 103.22749210894108 5.3294567465782157 11.787791207432745 9.0798366367816907 23.626907765865326 286.55724014341831 5.3206695169210425 55.208995416760445 139.97233165800571
leaf_count=1180 294 148 55 252 421 22 50 38 100 1166 22 229 588
internal_value=6.46094e-06 0.0144299 0.021558 0.00608119 0.0100262 0.0152778 -0.00322264 -0.0209109 -0.0220026 -0.0189969 0.0122601 -0.03568 0.0313981
internal_weight=1107.48 655.495 250.314 97.2907 405.181 290.166 115.015 451.99 437.59 358.754 14.4005 78.8359 153.023
internal_count=4565 2716 1043 400 1673 1202 471 1849 1789 1460 60 329 643
is_linear=0
shrinkage=0.04


Tree=18
num_leaves=15
num_cat=0
split_feature=40 33 25 32 39 9 1 0 28 31 9 15 35 9
split_gain=193.106 11.0389 20.9461 32.6283 16.9328 16.2574 12.782 9.41643 13.5702 12.2204 11.6012 8.99096 10.3715 6.29316
threshold=0.49997579716648471 0.10526315789473685 0.50000000000000011 0.00036812006662803896 0.022799043107490782 0.00021888268676519885 -0.23402036804964146 41.559165057842733 0.94659279120434681 1.0158636506747498 0.0003725417490609142 0.00010137579999265 0.79913182106453873 0.00024985585831083511
decision_type=2 2 2 2 2 2 2 2 2 2 2 2 2 2
left_child=1 4 3 -3 5 -1 -6 11 9 -9 -10 12 -2 -4
right_child=7 2 13 -5 6 -7 -8 8 10 -11 -12 -13 -14 -15
leaf_value=-0.0075825103039689106 -0.036272174857807697 -0.023535847248397537 0.046804709585568913 0.024599026699647777 0.010563131219754973 0.020172777660125436 -0.015361975843529826 -0.026133267727221843 0.0007551963526159542 -0.055103140303652376 -0.027859177555966914 0.026595177048181911 -0.010575111607306188 0.026303470486726838
leaf_weight=39.805888175964355 29.752362444996834 36.162696287035942 29.844988584518433 59.77636082470417 62.361007273197174 222.53822277486324 59.422944515943527 152.65968322753906 52.127782717347145 27.49340808391571 40.11690279841423 8.8841437548398954 161.75588873028755 121.42768006026745
leaf_count=165 122 148 126 247 257 926 243 622 214 113 168 36 664 514
internal_value=6.53403e-06 0.0144826 0.0210758 0.00645535 0.0102394 0.0159614 -0.0020867 -0.019324 -0.0241659 -0.0305544 -0.0116891 -0.0127425 -0.0145674 0.0303482
internal_weight=1104.13 631.34 247.212 95.9391 384.128 262.344 121.784 472.79 272.398 180.153 92.2447 200.392 191.508 151.273
internal_count=4565 2626 1035 395 1591 1091 500 1939 1117 735 382 822 786 640
is_linear=0
shrinkage=0.04


Tree=19
num_leaves=13
num_cat=0
split_feature=40 40 35 36 9 3 33 32 15 3 37 25
split_gain=179.141 11.1493 11.802 11.9792 9.65658 9.46049 9.64121 9.33119 9.89382 9.24579 5.4234 4.77508
threshold=0.50038454555806866 0.40195201152304721 1.0214986575532261 0.64050054706191262 0.00079490047729686476 0.00040177023238160004 0.10526315789473685 0.00049630499877009531 -0.0015536787994539999 0.0024099457451828006 0.11375339202443341 0.50000000000000011
decision_type=2 2 2 2 2 2 2 2 2 2 2 2
left_child=1 2 11 -4 7 -3 -7 8 -2 -9 -6 -1
right_child=4 5 3 -5 10 6 -8 9 -10 -11 -12 -13
leaf_value=0.0069168101406034055 0.018220482716151964 0.055407034002155769 0.02746166235350038 -0.026169686314207363 0.04779805984328183 0.0069454613125267406 0.017643597196255283 -0.054174663901939243 -0.01882564791110556 -0.024149403231950927 -0.0080574360347088307 0.047670863735090149
leaf_weight=5.2846589088439933 11.933409407734869 7.7749570459127417 19.621357217431072 10.090429872274397 5.0771866440772992 356.89634901285172 216.57213889062405 22.864569425582886 345.03977690637112 58.12188246846199 6.1510200351476669 35.506620720028877
leaf_count=22 48 33 85 42 22 1471 906 99 1412 243 25 157
internal_value=6.65693e-06 0.0134019 0.0284237 0.0092479 -0.0194291 0.0115798 0.0109856 -0.0203682 -0.0175872 -0.0326263 0.0171994 0.042391
internal_weight=1100.93 651.747 70.5031 29.7118 449.188 581.243 573.468 437.96 356.973 80.9865 11.2282 40.7913
internal_count=4565 2716 306 127 1849 2410 2377 1802 1460 342 47 179
is_linear=0
shrinkage=0.04


Tree=20
num_leaves=12
num_cat=0
split_feature=40 40 39 32 9 31 25 24 0 31 13
split_gain=165.68 10.4763 14.9568 17.8092 8.99747 8.95982 10.6126 8.06209 13.5448 7.32303 3.79194
threshold=0.50038454555806866 0.40195201152304721 0.008686145014950129 0.00055356731185604525 0.00081215660186525465 1.3534571464077503 0.90000000000000013 0.25833333333290281 24.211001677360198 0.98510824833643162 -0.00013897223966299999
decision_type=2 2 2 2 2 2 2 2 2 2 2
left_child=1 2 10 -4 7 6 -3 8 -2 -9 -1
right_child=4 5 3 -5 -6 -7 -8 9 -10 -11 -12
leaf_value=0.027727712330227063 0.0085850348612575809 0.0096179231450866254 -0.019345131424258873 0.046161030859642349 0.022078040065975399 -0.028079763811782264 0.025589389849682426 -0.059769490600762726 -0.020248548789557685 -0.0064352678771175779 0.052502790045560362
leaf_weight=16.219294652342796 27.928660795092583 493.94914208352566 17.761981576681141 10.605389907956122 8.4837295114994031 9.1724212914705259 76.933915942907333 14.21377705037594 391.10246604681015 5.7998245805501929 25.307286292314529
leaf_count=72 114 2041 74 48 36 37 332 59 1616 24 112
internal_value=6.57326e-06 0.012903 0.0275328 0.00514492 -0.018723 0.0111401 0.0117703 -0.0195114 -0.0183268 -0.0443135 0.0428262
internal_weight=1097.48 649.949 69.894 28.3674 447.528 580.055 570.883 439.045 419.031 20.0136 41.5266
internal_count=4565 2716 306 122 1849 2410 2373 1813 1730 83 184
is_linear=0
shrinkage=0.04


Tree=21
num_leaves=15
num_cat=0
split_feature=25 35 15 8 1 8 8 31 10 31 22 10 19 22
split_gain=18.8961 16.7271 15.5458 14.378 14.1113 11.6358 13.5344 10.6344 10.3645 10.104 4.9363 2.69627 2.56085 0.107325
threshold=0.90000000000000013 0.7688859455048902 -0.00021630456204234998 -0.00063899088382474991 0.99394424969204931 0.00081021699093940009 1.1590737068940706e-05 0.7989238595292153 -0.00027692633316274998 0.91308284014585939 0.18288994321938315 0.00031731343607380001 -0.88242607286876051 -0.28141742278718401
decision_type=2 2 2 2 2 2 2 2 2 2 2 2 2 2
left_child=2 12 8 7 -5 6 -3 -4 10 -10 -1 -7 -2 -14
right_child=1 5 3 4 -6 11 -8 -9 9 -11 -12 -13 13 -15
leaf_value=0.01248275071443429 0.028950004212102511 0.012425862951889494 0.029489452256385006 0.0081190194828350132 -0.0054466559038353892 0.051255920611838486 -0.016883828954336398 -0.035118559622966651 -0.018566458464872079 -0.0035290567779408793 -0.0094330986945764892 0.017819834598612909 0.065463156821249063 0.05754508863923613
leaf_weight=47.494170546531677 6.3140895366668728 86.573616087436676 4.849808722734454 356.61010965704918 187.03719028830528 10.847912162542345 35.562816083431244 25.555616706609726 163.65076637268066 126.95798462629318 25.152441099286079 5.9893102496862403 4.5307819843292245 6.9255550652742359
leaf_count=196 28 373 20 1484 775 50 151 106 675 524 104 26 20 33
internal_value=6.63755e-06 0.0128617 -0.00214308 0.00195477 0.00345187 0.00818906 0.00389168 -0.0248133 -0.00861891 -0.0119971 0.00489482 0.0393621 0.0494036 0.0606765
internal_weight=1094.05 156.744 937.308 574.053 543.647 138.974 122.136 30.4054 363.255 290.609 72.6466 16.8372 17.7704 11.4563
internal_count=4565 681 3884 2385 2259 600 524 126 1499 1199 300 76 81 53
is_linear=0
shrinkage=0.04


Tree=22
num_leaves=15
num_cat=0
split_feature=25 35 1 32 37 29 3 2 8 22 13 10 19 32
split_gain=17.4744 15.8298 14.7194 24.7633 13.89 12.89 14.8228 14.7006 11.0796 12.5561 4.47153 2.45556 1.85031 0.0812727
threshold=0.90000000000000013 0.7616398627902029 -0.16453088758362347 0.00016615352407029106 0.40830508533265381 0.019955037476433821 0.00083508563807830011 0.027879129838651002 0.00081021699093940009 -0.89886155048781091 -1.2249010213826515e-05 0.00031731343607380001 -0.88242607286876051 0.000581524371500312
decision_type=2 2 2 2 2 2 2 2 2 2 2 2 2 2
left_child=2 12 5 10 -5 7 -7 -1 9 -3 -4 -10 -2 -14
right_child=1 8 3 4 -6 6 -8 -9 11 -11 -12 -13 13 -15
leaf_value=0.032199387345808947 0.031657152616153691 -0.040956960047723256 0.025149304396961485 -0.00033400864145653823 0.050062898663319644 -0.02545158786847531 -0.00092933540257735718 -0.027259666319198652 0.050047160003286545 0.0074836060389197609 0.060182741754568107 0.018338450424670704 0.056448661022643676 0.063562236518670628
leaf_weight=7.3116833269596091 6.0327899008989361 9.2599214315414411 11.585680410265924 480.35297183692455 8.9124767780303937 45.462276622653008 297.69192415475845 73.856423303484917 10.669151678681375 113.53491985797882 11.732137307524679 6.1659430712461463 6.1399820744991285 4.4193486273288727
leaf_count=30 27 39 49 1994 38 188 1227 307 50 488 51 27 30 20
internal_value=6.84205e-06 0.012392 -0.00205829 0.00250337 0.000584023 -0.0075688 -0.00417813 -0.0219036 0.00800278 0.00383072 0.042776 0.0384337 0.0493293 0.0594259
internal_weight=1093.13 156.222 936.906 512.583 489.265 424.322 343.154 81.1681 139.63 122.795 23.3178 16.8351 16.5921 10.5593
internal_count=4565 681 3884 2132 2032 1752 1415 337 604 527 100 77 77 50
is_linear=0
shrinkage=0.04


Tree=23
num_leaves=15
num_cat=0
split_feature=40 22 33 28 37 39 33 23 0 22 24 23 28 6
split_gain=149.919 9.87933 15.5595 16.3456 15.2089 9.95798 14.3918 11.2347 8.7543 17.1144 24.1486 18.7267 13.0445 13.8877
threshold=0.49997579716648471 -0.20951146106648796 0.10526315789473685 0.9502791319860503 0.26537671184841655 0.055289577764998314 0.10526315789473685 0.39250830220317218 41.559165057842733 0.055778255554061906 0.25833333333290281 0.46933688917229138 0.94659279120434681 -0.00039400776618419994
decision_type=2 2 2 2 2 2 2 2 2 2 2 2 2 2
left_child=1 2 4 -4 -1 7 -7 -3 9 10 -2 -11 13 -10
right_child=8 5 3 -5 -6 6 -8 -9 12 11 -12 -13 -14 -15
leaf_value=-0.0016280827316230088 0.0071478325743222918 0.028293738762427009 0.023702707016980483 -0.019872359515777979 -0.068297165091120007 -0.0037265462573745395 0.02524006103641999 0.012813188119769135 0.017410047042477058 -0.048082608303900057 -0.054480751311378056 -0.010350309695490634 -0.0095025591659338767 -0.030850231927767192
leaf_weight=96.372468993067741 92.981454700231552 143.93702226877213 85.427618131041527 16.421043023467064 5.8045404851436606 77.096572160720825 42.61177396774292 156.63195849955082 10.114685401320456 31.816976249217987 11.422714054584501 62.162617057561874 91.09613861143589 168.05301456153393
leaf_count=400 385 616 364 68 24 318 180 656 42 132 48 257 382 693
internal_value=7.25721e-06 0.0128349 0.00561304 0.0166771 -0.00541546 0.0163409 0.0065845 0.0202265 -0.0171175 -0.0107415 0.000405135 -0.0231247 -0.0218151 -0.0281105
internal_weight=1091.95 624.303 204.026 101.849 102.177 420.277 119.708 300.569 467.648 198.384 104.404 93.9796 269.264 178.168
internal_count=4565 2626 856 432 424 1770 498 1272 1939 822 433 389 1117 735
is_linear=0
shrinkage=0.04


Tree=24
num_leaves=15
num_cat=0
split_feature=40 40 1 7 8 25 33 0 36 28 23 9 10 15
split_gain=139.068 9.34747 12.3492 12.0243 8.71666 15.3145 14.6987 8.26964 12.9878 10.1929 16.3312 12.9052 6.52417 4.4799
threshold=0.50038454555806866 0.47146007809432716 2.4030757235518654 0.00053048135684705014 0.00097131760679060005 0.90000000000000013 0.10526315789473685 24.211001677360198 0.63075255333467062 0.94659279120434681 0.024356013684696452 0.00025303126509578389 -0.00015937793466284995 -0.0012288018539960497
decision_type=2 2 2 2 2 2 2 2 2 2 2 2 2 2
left_child=1 2 3 -1 6 -6 -3 8 13 10 -9 -11 -10 -2
right_child=7 4 -4 -5 5 -7 -8 9 12 11 -12 -13 -14 -15
leaf_value=0.019955877769014366 0.00026421110850639076 0.0059566395780856875 0.053272361012163962 -0.010645263989610266 -0.012419658780513829 0.053480558693808071 0.023487395013291945 -0.048895254759410513 0.0016028188242538939 -0.051369492145709891 -0.019480735114253064 -0.0055836891371324653 0.06058353607765788 -0.034971285779083802
leaf_weight=164.47628654539585 12.324255928397177 274.87714746594429 15.507116764783857 23.477506995201111 53.985521852970123 6.3007235229015341 106.04646861553192 34.413992047309875 5.3382955938577652 10.757274374365805 246.67150375247002 116.74685946106911 6.8526926040649396 10.861411958932878
leaf_count=713 51 1135 66 103 222 29 448 145 22 45 1022 491 28 45
internal_value=7.04302e-06 0.0118712 0.0189641 0.0161335 0.00860041 -0.0055322 0.0108371 -0.0172206 0.00133239 -0.018827 -0.023082 -0.00944655 0.0347565 -0.016242
internal_weight=1088.64 644.671 203.461 187.954 441.21 60.2862 380.924 443.966 35.3767 408.59 281.085 127.504 12.191 23.1857
internal_count=4565 2716 882 816 1834 251 1583 1849 146 1703 1167 536 50 96
is_linear=0
shrinkage=0.04


Tree=25
num_leaves=13
num_cat=0
split_feature=40 40 39 9 3 9 3 9 15 3 24 9
split_gain=128.6 9.09301 14.0137 12.8563 8.48172 8.49597 7.97311 9.85029 11.5211 9.6672 8.1689 2.95216
threshold=0.50038454555806866 0.40195201152304721 0.008686145014950129 0.000576502089287564 0.00040177023238160004 0.00021888268676519885 0.0051742488332322005 0.00052323897691691496 -0.0015536787994539999 0.0024099457451828006 0.14166666666643057 0.000576502089287564
decision_type=2 2 2 2 2 2 2 2 2 2 2 2
left_child=1 2 11 -4 -3 -6 7 8 -2 -9 -8 -1
right_child=6 4 3 -5 5 -7 10 9 -10 -11 -12 -13
leaf_value=0.045700530899376035 0.022231560593032513 0.052049589328900678 -0.019586690810993731 0.035395739327803384 -0.0040739349015253817 0.011033454310657246 0.036096894354246518 -0.055658824897610544 -0.016336592010055464 -0.02199750074303617 -0.02691603039053457 0.018320517519294345
leaf_weight=32.369413137435913 12.848658844828604 7.5002600848674765 16.21390271186829 11.724899232387541 67.620455503463745 499.65370820462704 8.9570061266422254 19.197000503540039 349.00175543129444 47.249472513794899 5.2043412625789633 7.8236339688301078
leaf_count=147 52 33 69 53 285 2092 38 85 1451 201 22 37
internal_value=6.8283e-06 0.0114292 0.0252462 0.00348744 0.00979134 0.00923262 -0.0165902 -0.0175666 -0.0149671 -0.0317226 0.0129394 0.040371
internal_weight=1085.36 642.906 68.1318 27.9388 574.774 567.274 442.458 428.297 361.85 66.4465 14.1613 40.193
internal_count=4565 2716 306 122 2410 2377 1849 1789 1503 286 60 184
is_linear=0
shrinkage=0.04


Tree=26
num_leaves=15
num_cat=0
split_feature=40 22 21 25 39 3 38 24 0 22 34 31 37 29
split_gain=119.143 9.56563 12.9766 14.2313 9.07065 11.6226 11.2436 7.93995 13.4159 16.4759 10.7655 6.54647 6.29794 0.739098
threshold=0.49997579716648471 -0.20951146106648796 0.0011661655414602504 0.25000000000000006 0.055289577764998314 0.00066372449481225018 0.5988367007910278 0.25833333333290281 24.211001677360198 0.21702709186521907 0.31362757650656986 0.98510824833643162 0.2061017310375409 0.024026060791213444
decision_type=2 2 2 2 2 2 2 2 2 2 2 2 2 2
left_child=1 2 3 -1 6 -6 -3 8 9 -2 -10 13 -4 -9
right_child=7 4 12 -5 5 -7 -8 11 10 -11 -12 -13 -14 -15
leaf_value=-0.03162768681576119 0.034840157826149895 0.054275350293179141 0.061725774559035974 0.0050980062810798924 -0.042162807111981185 0.0088921494630661031 0.016988759566918161 -0.045838410649443315 -0.017045030082323376 -0.026308795271114033 0.028042044915443612 -0.0038686470097635422 0.010971861166478445 -0.064072243477737295
leaf_weight=18.770297065377235 18.573899388313297 13.557519525289534 8.7819225341081601 167.81415921449661 7.6221451461315146 111.45170110464096 283.91002063453197 7.4842563718557376 404.47201454639435 11.363130047917364 8.6545281857252103 5.7251619398593894 7.0539386868476859 6.7781211584806442
leaf_count=77 76 59 38 711 31 467 1213 32 1695 47 36 24 30 29
internal_value=6.68252e-06 0.0114872 0.00435392 0.00140342 0.0149536 0.00562402 0.0186882 -0.0153393 -0.0142268 0.01163 -0.0161005 -0.0400001 0.0391179 -0.0545039
internal_weight=1082.01 618.962 202.42 186.584 416.541 119.074 297.468 463.051 443.064 29.937 413.127 19.9875 15.8359 14.2624
internal_count=4565 2626 856 788 1770 498 1272 1939 1854 123 1731 85 68 61
is_linear=0
shrinkage=0.04


Tree=27
num_leaves=14
num_cat=0
split_feature=40 33 22 22 15 21 1 23 3 22 9 15 3
split_gain=110.362 8.62396 17.3151 18.3131 12.6291 35.6198 13.7321 11.1404 7.39674 9.91623 9.21836 10.2375 9.3315
threshold=0.50038454555806866 0.10526315789473685 -0.10534073247448693 0.4280486149025961 -0.00027579052409059995 -0.00040163675611889994 0.97295222467846554 1.7484596598272899 0.0051742488332322005 -0.64283064174227678 0.00052323897691691496 -0.0015536787994539999 0.0024099457451828006
decision_type=2 2 2 2 2 2 2 2 2 2 2 2 2
left_child=1 2 7 -4 5 -3 -6 -1 10 -10 11 -2 -12
right_child=8 4 3 -5 6 -7 -8 -9 9 -11 12 -13 -14
leaf_value=-0.013464576129038251 0.021184491360765615 0.030966480086631609 0.020995273072673272 -0.00014970854171661622 0.0310314967244469 -0.047401686658944342 0.01028876907520457 0.012443698886517494 0.049306242365954704 -0.018035193541890388 -0.054000056479491056 -0.015159335129159868 -0.020613248000254498
leaf_weight=85.449431329965591 12.860826224088667 20.332491397857666 165.1538014113903 108.64511300623417 100.39284078776836 17.07062990963459 103.92975074052811 38.528248772025108 6.5071661472320557 7.5673318952321988 18.764340236783028 346.77525052428246 46.803825423121452
leaf_count=356 52 88 708 449 437 72 446 160 28 32 85 1451 201
internal_value=6.53989e-06 0.0106101 0.00698904 0.0126048 0.0165688 -0.00480043 0.0204806 -0.00541312 -0.0154301 0.0130993 -0.0163745 -0.0138597 -0.0301679
internal_weight=1078.78 639.502 397.777 273.799 241.726 37.4031 204.323 123.978 439.279 14.0745 425.204 359.636 65.5682
internal_count=4565 2716 1673 1157 1043 160 883 516 1849 60 1789 1503 286
is_linear=0
shrinkage=0.04


Tree=28
num_leaves=10
num_cat=0
split_feature=40 31 25 28 30 20 32 31 15
split_gain=102.088 8.62431 9.97717 17.1785 9.17711 7.3033 8.67728 12.1817 9.34171
threshold=0.50038454555806866 1.3534571464077503 0.90000000000000013 0.9502791319860503 0.020648868557568738 0.0026394521373400504 0.00049630499877009531 0.81325872375045272 -0.0017123230127340998
decision_type=2 2 2 2 2 2 2 2 2
left_child=1 2 3 -1 -4 6 8 -8 -2
right_child=5 -3 4 -5 -6 -7 7 -9 -10
leaf_value=0.011475776012462 0.032163190963200958 -0.028354720366065213 0.056420160419216589 -0.0093353876681187709 0.01801683825278318 0.022539952234128226 0.006337050142791417 -0.034489011162705835 -0.013794354524939179
leaf_weight=452.76455260813236 7.2267051339149466 9.1423945277929288 11.18168458342552 73.807036101818085 90.833447679877281 8.1923476159572584 14.16616342961788 67.00145235657692 340.99446298182011
leaf_count=1911 29 37 51 300 417 35 61 296 1428
internal_value=6.72326e-06 0.0102159 0.0107769 0.00855877 0.0222262 -0.0148721 -0.0155859 -0.0273636 -0.0128406
internal_weight=1075.31 637.729 628.587 526.572 102.015 437.581 429.389 81.1676 348.221
internal_count=4565 2716 2679 2211 468 1849 1814 357 1457
is_linear=0
shrinkage=0.04


Tree=29
num_leaves=13
num_cat=0
split_feature=40 3 9 9 22 33 9 24 22 22 9 12
split_gain=94.5938 8.62349 10.5231 24.011 12.4007 7.62753 22.007 12.9073 13.558 6.61329 3.76184 1.15272
threshold=0.49997579716648471 0.00040177023238160004 0.00021888268676519885 0.00017849567362683742 -0.20951146106648796 0.2105263157894737 0.00031834770258723028 0.25833333333290281 0.055778255554061906 0.13505160435513727 0.00035005535663069979 -0.00023153172737709997
decision_type=2 2 2 2 2 2 2 2 2 2 2 2
left_child=1 -1 3 -3 -4 7 9 8 -2 -7 -8 -9
right_child=5 2 4 -5 -6 6 10 11 -10 -11 -12 -13
leaf_value=0.054254857320379206 -0.0028131873633937873 0.02033776617691329 0.0032452631207082216 -0.027994475137313325 0.015995675621648789 -0.011312007423975453 -0.022875023035469351 -0.032584229010250675 -0.017537186083927611 0.053018909363385172 -0.055731638386160853 -0.056288755806194135
leaf_weight=7.0514204353094092 184.7584617882967 30.991283521056175 186.14098219573498 35.040461897850037 354.42402566969395 5.2040871828794462 7.3982741683721569 4.8575454950332633 218.26980590820312 5.0262410491704941 22.62791308760643 10.121691077947615
leaf_count=32 782 134 792 147 1521 22 31 21 921 21 97 44
internal_value=6.46676e-06 0.010275 0.00976379 -0.00531026 0.0116051 -0.0137439 -0.030373 -0.0121424 -0.0107873 0.0202943 -0.047636 -0.0486017
internal_weight=1071.91 613.648 606.597 66.0317 540.565 458.264 40.2565 418.008 403.028 10.2303 30.0262 14.9792
internal_count=4565 2626 2594 281 2313 1939 171 1768 1703 43 128 65
is_linear=0
shrinkage=0.04


Tree=30
num_leaves=13
num_cat=0
split_feature=40 40 33 25 22 0 22 24 23 25 22 6
split_gain=87.5736 8.51935 8.79773 18.9236 14.7331 7.06908 16.7489 20.7041 15.4183 13.5929 16.5529 15.4095
threshold=0.50038454555806866 0.2555297309609284 0.10526315789473685 0.50000000000000011 -0.053775478359819294 41.876529857442179 0.055778255554061906 0.25833333333290281 0.46933688917229138 0.50000000000000011 -0.54581650039467977 -0.00042732963590494995
decision_type=2 2 2 2 2 2 2 2 2 2 2 2
left_child=1 -1 4 -4 -3 6 7 -2 -8 10 -7 -11
right_child=5 2 3 -5 -6 9 8 -9 -10 11 -12 -13
leaf_value=0.052123719242481562 0.0092632562730605647 -0.0054902868743559544 0.0011389910144095545 0.024198992058837934 0.010901497691431519 -0.042450000046493221 -0.043663639231667092 -0.049105147346169831 -0.0085562470675394613 0.039376581634606944 -0.0045356099353605515 -0.032941912858444236
leaf_weight=7.4089720845222464 90.88190683722496 133.59657321870327 94.455638587474823 143.35046900808811 255.55632181465626 21.746049925684929 30.737306863069534 10.888394147157667 57.378087088465691 4.9540613293647757 120.60444295406342 97.376554369926453
leaf_count=36 382 558 398 638 1086 93 132 48 243 21 516 414
internal_value=6.06139e-06 0.00948214 0.00897823 0.0150397 0.00527418 -0.0138268 -0.00803566 0.00301843 -0.0208028 -0.0183211 -0.0103276 -0.0294408
internal_weight=1068.93 634.368 626.959 237.806 389.153 434.567 189.886 101.77 88.1154 244.681 142.35 102.331
internal_count=4565 2716 2680 1036 1644 1849 805 430 375 1044 609 435
is_linear=0
shrinkage=0.04


Tree=31
num_leaves=15
num_cat=0
split_feature=25 35 20 0 23 8 38 29 28 23 5 38 14 28
split_gain=12.6472 13.8918 11.3443 14.1922 15.5505 15.0984 12.438 14.2157 10.6113 12.0915 6.62378 6.14437 1.2268 0.141656
threshold=0.90000000000000013 0.74396375819334426 0.0025932760938483005 67.796236752321235 0.070569130085656559 0.0012996357305960502 0.5988367007910278 0.0086162688275127023 0.94972658297846346 1.0000000180025095e-35 1.0000000180025095e-35 0.99999999979450926 -0.00029072336047434997 0.93492656019402642
decision_type=2 2 2 2 2 2 2 2 2 2 2 2 2 2
left_child=2 12 6 5 -5 -4 10 -8 9 -3 -1 -10 -2 -14
right_child=1 8 3 4 -6 -7 7 -9 11 -11 -12 -13 13 -15
leaf_value=0.043505426159357534 0.032543956821833003 0.026538669550667304 -0.0092220868813267624 -0.033507516699639507 0.019868397183711629 -0.050064402604308889 -0.029552606402229436 0.0016791649459491143 0.040743653074577751 -0.0050656142928543818 0.0021947739608826804 -0.0098559707769298819 0.054217470515379194 0.064440875149215607
leaf_weight=16.84074093401432 4.0284842550754538 24.830578565597534 256.82305459678173 10.674480944871901 48.02082222700119 15.347533732652662 24.383514329791069 533.71576592326164 19.763261154294018 88.05982269346714 9.837963819503786 4.7656514942646018 4.4007103741168958 4.2752093821763992
leaf_count=74 20 124 1087 45 204 66 103 2264 88 385 41 21 23 20
internal_value=5.45626e-06 0.0107668 -0.00175891 -0.007678 0.0101613 -0.0115252 0.0015901 0.00031464 0.00706706 0.00188584 0.0282718 0.0309128 0.0507853 0.0592552
internal_weight=1065.77 150.124 915.644 330.866 58.6953 272.171 584.778 558.099 137.419 112.89 26.6787 24.5289 12.7044 8.67592
internal_count=4565 681 3884 1402 249 1153 2482 2367 618 509 115 109 63 43
is_linear=0
shrinkage=0.04


Tree=32
num_leaves=14
num_cat=0
split_feature=40 28 25 22 2 8 22 29 21 0 28 28 23
split_gain=79.7955 8.67246 20.9299 15.6123 10.6545 10.0004 8.10944 6.96881 7.23515 7.15455 11.3831 8.35903 6.62622
threshold=0.49997579716648471 0.9502791319860503 0.90000000000000013 -0.10534073247448693 -0.047950851613403143 0.0017581193501435002 0.15695113087034482 0.13355123401423605 -0.00033989241760969997 24.211001677360198 0.91295778147904783 0.94659279120434681 1.7697460059463663
decision_type=2 2 2 2 2 2 2 2 2 2 2 2 2
left_child=1 4 3 -3 6 -6 -1 9 -9 10 -2 -11 -4
right_child=7 2 12 -5 5 -7 -8 8 -10 11 -12 -13 -14
leaf_value=0.0018608442600776252 0.028639552648577333 -0.037696545025893133 0.058063564775995329 0.0019309843550736757 0.011260048086900351 0.043438284894739713 -0.066154594201404612 -0.0099798723963171725 -0.065318134274808232 -0.017147694541672646 -0.016851179818158687 -0.0047547438935583762 -0.00017555910672786612
leaf_weight=6.6952559947967512 17.331763103604317 23.824202075600624 10.522891342639921 47.868294656276703 495.55777080357075 15.950331956148146 4.8267866671085358 7.1291333585977545 8.0472784191369993 277.5488997399807 17.881108745932579 126.89526133239269 4.4466051757335654
leaf_count=28 71 96 50 196 2146 69 21 30 34 1180 77 547 20
internal_value=5.78639e-06 0.00946472 -0.00225521 -0.0112377 0.0114066 0.0122635 -0.026632 -0.0126737 -0.0393229 -0.0117538 0.00553934 -0.0132594 0.040764
internal_weight=1064.53 609.692 86.662 71.6925 523.03 511.508 11.522 454.833 15.1764 439.657 35.2129 404.444 14.9695
internal_count=4565 2626 362 292 2264 2215 49 1939 64 1875 148 1727 70
is_linear=0
shrinkage=0.04


Tree=33
num_leaves=15
num_cat=0
split_feature=25 35 20 0 1 23 38 29 28 23 5 38 19 22
split_gain=11.196 13.1333 10.2786 12.6623 14.5142 14.2753 11.3836 13.0688 9.81318 10.1096 6.22646 5.72179 2.46188 0.116169
threshold=0.90000000000000013 0.7688859455048902 0.0025932760938483005 67.796236752321235 0.97295222467846554 0.070569130085656559 0.5988367007910278 0.0086162688275127023 0.94972658297846346 1.0000000180025095e-35 1.0000000180025095e-35 0.99999999979450926 -0.88242607286876051 -0.28141742278718401
decision_type=2 2 2 2 2 2 2 2 2 2 2 2 2 2
left_child=2 12 6 4 -4 -5 10 -8 9 -3 -1 -10 -2 -14
right_child=1 8 3 5 -6 -7 7 -9 11 -11 -12 -13 13 -15
leaf_value=0.042106502961750857 0.023760801332823902 0.024277651458273809 -0.0063339549865732607 -0.032308031209267722 -0.029541903710733099 0.018941703580750598 -0.028399874372278946 0.0016291705173542023 0.038940622170491886 -0.0054116246746122492 0.0019297388394195539 -0.010205324995495103 0.061498223513062403 0.052792091040492192
leaf_weight=16.6181570738554 5.8415708094835272 23.36527843773365 217.49576619267464 10.633529052138327 53.776840046048164 47.727119818329811 24.244865104556084 532.24253307282925 19.215883001685146 85.508081719279289 9.8181425184011477 4.7216735184192649 4.1578194200992575 5.9779220372438422
leaf_count=74 28 118 923 45 230 204 103 2264 87 374 41 21 20 33
internal_value=5.78716e-06 0.0101802 -0.0016531 -0.0072984 -0.0109347 0.00960381 0.00153921 0.000320875 0.0060583 0.000959982 0.0271853 0.0292466 0.0444434 0.0563635
internal_weight=1061.35 148.788 912.557 329.633 271.273 58.3606 582.924 556.487 132.811 108.873 26.4363 23.9376 15.9773 10.1357
internal_count=4565 681 3884 1402 1153 249 2482 2367 600 492 115 108 81 53
is_linear=0
shrinkage=0.04


Tree=34
num_leaves=11
num_cat=0
split_feature=40 29 31 31 38 28 20 2 9 15
split_gain=73.1326 8.12471 8.83706 8.80391 6.99228 7.6679 7.91116 6.86155 5.49495 3.78012
threshold=0.50038454555806866 0.14575586917009456 1.3534571464077503 0.99912555776963508 0.99999999986185462 0.71791149284798694 0.0026394521373400504 0.34736253392553312 0.0003204474524153623 -0.00053246518642869982
decision_type=2 2 2 2 2 2 2 2 2 2
left_child=1 2 3 -1 5 7 -7 -2 -3 -10
right_child=4 8 -4 -5 -6 6 -8 -9 9 -11
leaf_value=0.0058680621186369478 -0.014968393867090875 0.0006915968952418294 -0.031838392909268903 0.017704032574677789 0.02213215092453627 -0.01297578772107068 0.02812783374423157 -0.060302850244499336 0.011643067538888434 0.05551886693947844
leaf_weight=469.61831833422184 11.108873620629312 6.4258370250463512 8.8611384779214841 127.9462081938982 9.0314143598079664 392.69274261593819 7.6377513110637656 10.289593577384947 4.2220769971609178 12.278814196586604
leaf_count=2026 47 28 36 551 38 1687 33 44 20 55
internal_value=6.17227e-06 0.00869798 0.00781429 0.00840229 -0.0126928 -0.0134386 -0.0121916 -0.0367678 0.0320721 0.0442924
internal_weight=1060.11 629.352 606.426 597.565 430.76 421.729 400.33 21.3985 22.9267 16.5009
internal_count=4565 2716 2613 2577 1849 1811 1720 91 103 75
is_linear=0
shrinkage=0.04


Tree=35
num_leaves=11
num_cat=0
split_feature=40 40 29 33 24 21 33 31 9 14
split_gain=67.6041 7.95764 7.94115 8.47458 6.48895 10.796 8.24393 6.06929 5.19208 0.845621
threshold=0.50038454555806866 0.2555297309609284 0.14575586917009456 0.10526315789473685 0.25833333333290281 -0.0020619986182872996 0.2105263157894737 0.98510824833643162 0.0003204474524153623 5.8110947006743136e-05
decision_type=2 2 2 2 2 2 2 2 2 2
left_child=1 -1 3 -3 5 -2 -7 9 -4 -6
right_child=4 2 8 -5 7 6 -8 -9 -10 -11
leaf_value=0.050474915983561519 0.038709919793028819 0.0033184749157349159 0.00066406139765738767 0.013152831551054341 -0.056692507423416034 -0.010267728967939259 -0.030751226072034378 2.2202522387390528e-05 0.043132455358825532 -0.035366101835909401
leaf_weight=7.1003974676132193 6.8277038484811774 373.85761757194996 6.4246142953634289 224.32166422903538 8.9871668815612811 369.14799112081528 34.363841667771339 5.5719716101884833 16.272314190864563 4.446709692478179
leaf_count=36 29 1588 28 989 41 1586 149 24 75 20
internal_value=5.90108e-06 0.00836914 0.00788762 0.00700643 -0.0122265 -0.0111682 -0.0120121 -0.0350757 0.0311113 -0.0496333
internal_weight=1057.32 627.977 620.876 598.179 429.345 410.34 403.512 19.0058 22.6969 13.4339
internal_count=4565 2716 2680 2577 1849 1764 1735 85 103 61
is_linear=0
shrinkage=0.04


Tree=36
num_leaves=10
num_cat=0
split_feature=40 40 33 25 9 38 24 20 19
split_gain=62.4997 7.56608 7.34786 16.7284 15.0755 6.43433 7.44663 8.85141 7.38003
threshold=0.50038454555806866 0.2555297309609284 0.10526315789473685 0.50000000000000011 0.00021888268676519885 0.99999999986185462 1.0000000180025095e-35 0.0025847778594853504 -1.2145109918717465
decision_type=2 2 2 2 2 2 2 2 2
left_child=1 -1 4 -4 -3 6 8 -8 -2
right_child=5 2 3 -5 -6 -7 7 -9 -10
leaf_value=0.049578741505089577 0.0060150332203097925 -0.015924463247092454 0.00011505490680734234 0.021947448382445788 0.0073048349353156709 0.021583541557262984 0.013120127415605507 -0.012711346244165209 -0.048324782015105816
leaf_weight=6.942790836095809 5.2688278704881695 51.601667135953903 93.794127345085144 139.92064666748047 334.27353742718697 9.0541822016239148 22.499429032206535 374.51079247891903 16.591348931193352
leaf_count=36 23 218 398 638 1426 38 97 1619 72
internal_value=5.68144e-06 0.00805384 0.00758853 0.0131857 0.00419847 -0.0117778 -0.0124989 -0.0112474 -0.0352276
internal_weight=1054.46 626.533 619.59 233.715 385.875 427.925 418.87 397.01 21.8602
internal_count=4565 2716 2680 1036 1644 1849 1811 1716 95
is_linear=0
shrinkage=0.04


Tree=37
num_leaves=13
num_cat=0
split_feature=40 3 9 8 22 33 9 24 22 22 9 12
split_gain=57.9008 8.52139 9.25448 22.7375 11.1851 6.51258 20.7712 11.2612 12.0905 5.72337 3.78464 1.16203
threshold=0.49997579716648471 0.00040177023238160004 0.00021888268676519885 -1.0618860082344223e-05 -0.20951146106648796 0.2105263157894737 0.00031834770258723028 0.25833333333290281 0.055778255554061906 0.13505160435513727 0.00042084613060238763 -0.00023153172737709997
decision_type=2 2 2 2 2 2 2 2 2 2 2 2
left_child=1 -1 3 -3 -4 7 9 8 -2 -7 -8 -9
right_child=5 2 4 -5 -6 6 10 11 -10 -11 -12 -13
leaf_value=0.05251659715395951 -0.00054860293420148335 -0.033666039326736508 0.0013481825674702592 0.013969850953569713 0.013562400235963707 -0.0071049665569053793 -0.030761765259394731 -0.027926768165674846 -0.014577545428977391 0.05319540333640678 -0.059894704435810374 -0.052332981360270592
leaf_weight=6.8341418057680121 181.9002190977335 28.22628715634346 183.22804549336433 37.110762625932693 347.39413487911224 5.0521891415119153 15.998416721820833 4.6309630423784247 213.84077589213848 5.0216730684041977 12.877658993005751 9.5747570097446424
leaf_count=32 782 117 792 164 1521 22 69 21 921 21 59 44
internal_value=5.62589e-06 0.00810492 0.00759563 -0.00660935 0.00934473 -0.0108704 -0.0265009 -0.00938529 -0.00812922 0.0229539 -0.043754 -0.0443767
internal_weight=1051.69 602.793 595.959 65.337 530.622 448.897 38.9499 409.947 395.741 10.0739 28.8761 14.2057
internal_count=4565 2626 2594 281 2313 1939 171 1768 1703 43 128 65
is_linear=0
shrinkage=0.04


Tree=38
num_leaves=11
num_cat=0
split_feature=29 38 31 30 25 30 26 35 34 2
split_gain=10.0682 12.2896 10.3665 8.64575 8.20172 14.3643 11.5456 7.59123 5.94475 1.64222
threshold=0.0086162688275127023 0.57508916136138 0.71582587707627254 0.058796841884657697 0.90000000000000013 0.032030176253574287 0.020210648966589532 1.1737684221297602 0.25091303841406626 0.3867810206405351
decision_type=2 2 2 2 2 2 2 2 2 2
left_child=1 -1 3 -2 6 -6 -4 8 -3 -5
right_child=2 7 4 9 5 -7 -8 -9 -10 -11
leaf_value=0.036762941862753341 -0.010947268594133282 -0.047032290871778029 0.0028028766099036846 0.029894982856785535 0.031694164065656845 0.001954570776218066 -0.0066492822355336224 0.0068793751935307644 -0.0066060251151261211 0.059585094072126754
leaf_weight=5.5630135238170615 5.590301766991618 21.921484261751178 485.63248823583126 4.7149637788534156 34.351701691746712 106.69996780157089 360.06559565663338 8.3337954580783826 7.9237682223319998 8.1041491925716382
leaf_count=25 24 94 2089 20 158 500 1548 37 35 35
internal_value=5.16237e-06 -0.018781 0.000822689 0.0305627 0.00026784 0.00919735 -0.00122149 -0.0268742 -0.0362993 0.0486649
internal_weight=1048.9 43.7421 1005.16 18.4094 986.75 141.052 845.698 38.179 29.8453 12.8191
internal_count=4565 191 4374 79 4295 658 3637 166 129 55
is_linear=0
shrinkage=0.04


Tree=39
num_leaves=11
num_cat=0
split_feature=40 40 39 35 22 29 21 22 26 25
split_gain=52.9148 7.15585 7.51321 13.2033 11.634 6.19447 6.72546 6.68504 22.5996 17.5393
threshold=0.50038454555806866 0.2555297309609284 0.054276252461718223 1.5507727725969824 0.06182272790587471 0.13355123401423605 -0.00033989241760969997 0.023775787386603051 0.0202070564210261 0.50000000000000011
decision_type=2 2 2 2 2 2 2 2 2 2
left_child=1 -1 4 -4 -3 7 -7 8 -2 -9
right_child=5 2 3 -5 -6 6 -8 9 -10 -11
leaf_value=0.048460875625596832 0.051146981657951153 0.0032696456710371406 -0.0034273045905772125 0.034592435803106371 0.016287473646420178 -0.0080060152192806371 -0.061998433416127895 -0.0048702670059753445 -0.0078517190912293575 -0.02741734450350649
leaf_weight=6.7262910008430472 11.047595784068106 219.55564485490322 161.02247287333012 16.073347166180611 219.81762017309666 7.0432384759187698 7.7562170028686506 128.02213895320892 174.01881654560566 97.047148197889328
leaf_count=36 47 964 685 68 963 30 34 557 758 423
internal_value=5.16503e-06 0.00742664 0.00697892 2.33951e-05 0.00978244 -0.0108789 -0.0363028 -0.00996151 -0.00432977 -0.0145923
internal_weight=1048.13 623.195 616.469 177.096 439.373 424.935 14.7995 410.136 185.066 225.069
internal_count=4565 2716 2680 753 1927 1849 64 1785 805 980
is_linear=0
shrinkage=0.04


Tree=40
num_leaves=11
num_cat=0
split_feature=29 38 31 39 1 20 35 34 1 9
split_gain=9.32535 11.313 9.55076 10.9907 15.0627 9.13621 7.07493 5.65361 4.24042 3.08836
threshold=0.0086162688275127023 0.57508916136138 0.71582587707627254 0.082946274970282244 1.8595458167069412 0.0026167320925526007 1.1737684221297602 0.25091303841406626 -0.94464600434639567 0.0003247675897456108
decision_type=2 2 2 2 2 2 2 2 2 2
left_child=1 -1 8 5 -5 -4 7 -3 -2 -10
right_child=2 6 3 4 -6 -7 -8 -9 9 -11
leaf_value=0.035497208128329578 -0.00049184992834880347 -0.045569739641153115 0.002178523509821203 -0.010147054299517023 0.021954909209177628 0.037021345687048929 0.0066744240085471127 -0.0060530769899310452 0.016826184865556863 0.057180630317840722
leaf_weight=5.4978098273277274 5.3420238941907909 21.752455577254299 716.03794980049133 229.54832237958908 26.038943439722061 12.24685727059841 8.3307464867830259 7.8953024595975867 4.8854252696037284 8.0083320736885053
leaf_count=25 22 94 3135 990 116 54 37 35 21 36
internal_value=4.74021e-06 -0.0181314 0.000791573 0.000259936 -0.00687654 0.00276444 -0.0258947 -0.0350463 0.0294749 0.0418904
internal_weight=1045.58 43.4763 1002.11 983.872 255.587 728.285 37.9785 29.6478 18.2358 12.8938
internal_count=4565 191 4374 4295 1106 3189 166 129 79 57
is_linear=0
shrinkage=0.04


Tree=41
num_leaves=13
num_cat=0
split_feature=40 3 26 5 29 0 22 40 23 25 6 22
split_gain=48.5448 8.07942 7.61637 16.7803 8.62087 6.62761 13.0546 19.3777 17.4006 10.5069 14.2991 13.1211
threshold=0.49997579716648471 0.00040177023238160004 0.020207518868558288 1.0000000180025095e-35 0.015401544859228735 41.559165057842733 0.055778255554061906 0.51016399487340636 0.46933688917229138 0.50000000000000011 -0.00039400776618419994 -0.54581650039467977
decision_type=2 2 2 2 2 2 2 2 2 2 2 2
left_child=1 -1 3 -3 -4 6 7 -2 -8 11 -11 -7
right_child=5 2 4 -5 -6 9 8 -9 -10 10 -12 -13
leaf_value=0.051233566910860284 0.027959500179715616 0.0082346406402208725 -0.0046938830443638349 -0.029405324033880579 0.010832756336146167 -0.035395111543980215 -0.040472901357578604 -0.0081812614391774847 -0.0029969201855036876 0.036968862741648047 -0.027300022687421054 -0.0023015061514906334
leaf_weight=6.6649452596902838 38.239217534661293 58.093451619148254 65.751954168081284 28.125190123915672 440.72137978672981 22.602943062782288 29.724834203720093 62.589719027280807 59.511448919773102 5.8605387806892386 100.93278776109219 126.17999248206615
leaf_count=32 163 255 281 118 1940 100 132 270 257 25 441 551
internal_value=4.64132e-06 0.00743866 0.00694618 -0.00404381 0.00881704 -0.0099936 -0.00433701 0.00552507 -0.0154803 -0.0142003 -0.0237731 -0.00732905
internal_weight=1045 599.357 592.692 86.2186 506.473 445.641 190.065 100.829 89.2363 255.576 106.793 148.783
internal_count=4565 2626 2594 373 2221 1939 822 433 389 1117 466 651
is_linear=0
shrinkage=0.04


Tree=42
num_leaves=12
num_cat=0
split_feature=40 31 31 29 22 24 3 34 31 22 14
split_gain=44.925 7.51265 7.54682 14.5222 10.8405 5.97895 10.2855 8.33909 5.53479 5.41113 0.847569
threshold=0.50038454555806866 1.3534571464077503 0.99912555776963508 0.0088292874025685999 -0.83722190574452882 0.25833333333290281 0.0051742488332322005 0.31362757650656986 0.98510824833643162 -0.64283064174227678 5.8110947006743136e-05
decision_type=2 2 2 2 2 2 2 2 2 2 2
left_child=1 2 3 -1 -4 6 7 -2 10 -8 -7
right_child=5 -3 4 -5 -6 8 9 -9 -10 -11 -12
leaf_value=-0.036423131224408899 -0.011032031978441211 -0.029232517205753518 -0.027309599524980094 0.0062453102588601586 0.019030439118266455 -0.054023407306285652 0.057769499018632237 0.025231137664963935 0.0011259118337271486 -0.00077104148367870189 -0.032240741556416229
leaf_weight=13.120373293757437 383.1797629147768 9.0946516543626768 8.6533032208681089 468.04749327898026 121.30747438967228 8.5691995471715945 5.4607701897621155 10.422253608703612 5.5204999297857276 4.701401621103285 4.2883593440055838
leaf_count=56 1676 37 38 2054 531 41 24 44 24 20 20
internal_value=3.97815e-06 0.00685491 0.00739195 0.00508184 0.0159449 -0.0100616 -0.00904599 -0.0100718 -0.0323746 0.0306865 -0.0467583
internal_weight=1042.37 620.223 611.129 481.168 129.961 422.142 403.764 393.602 18.3781 10.1622 12.8576
internal_count=4565 2716 2679 2110 569 1849 1764 1720 85 44 61
is_linear=0
shrinkage=0.04


Tree=43
num_leaves=13
num_cat=0
split_feature=40 3 9 9 1 35 8 20 14 33 10 10
split_gain=41.639 7.63537 8.45806 21.7119 11.021 6.26212 13.4789 14.4491 12.5219 12.4416 11.2945 5.97049
threshold=0.49997579716648471 0.00040177023238160004 0.00021888268676519885 0.00017849567362683742 0.62022258001161401 1.1591071632136385 -0.00042436996412064992 0.0025926259684289506 0.00014496276687360002 -0.10526315789473688 0.00035220851847540005 -0.00021844320590109998
decision_type=2 2 2 2 2 2 2 2 2 2 2 2
left_child=1 -1 3 -3 -4 8 7 -7 10 -10 -2 -8
right_child=5 2 4 -5 -6 6 11 -9 9 -11 -12 -13
leaf_value=0.050034041937948796 -0.010336276879527054 0.017671445955189602 0.012311733459095793 -0.028698717365517872 0.00012218539334522583 0.030583927083394854 0.00076137492523703683 -0.017877497758370602 0.025231960726139455 -0.0042003549808355056 -0.056787423112016254 -0.037755715891830105
leaf_weight=6.4946629405021659 224.1935480684042 30.133288472890854 344.21830803155899 34.831315562129021 181.1234659999609 14.520202353596686 7.5319783240556708 30.565858602523804 32.087075650691986 80.965066030621529 8.7002078294754011 44.376134797930717
leaf_count=32 982 134 1513 147 800 64 33 134 138 353 39 196
internal_value=3.81647e-06 0.00689994 0.00642537 -0.0071903 0.00810911 -0.00928777 -0.0182699 -0.00227024 -0.00676941 0.00415329 -0.0120716 -0.0321668
internal_weight=1039.74 596.801 590.306 64.9646 525.342 442.94 96.9942 45.0861 345.946 113.052 232.894 51.9081
internal_count=4565 2626 2594 281 2313 1939 427 198 1512 491 1021 229
is_linear=0
shrinkage=0.04


Tree=44
num_leaves=9
num_cat=0
split_feature=20 1 15 39 34 0 24 35
split_gain=8.38635 11.3943 10.2239 12.6433 9.44998 6.45152 2.16355 0.284064
threshold=0.0026394521373400504 -3.8265029169542677 -0.0014916088755377499 0.13959487995263911 0.22820584232021454 33.719342281621188 0.24166666666626388 1.2864871120603896
decision_type=2 2 2 2 2 2 2 2
left_child=1 6 5 -4 7 -3 -1 -2
right_child=4 2 3 -5 -6 -7 -8 -9
leaf_value=-0.062876604331815619 0.049125174972455818 0.029407530473442672 0.0011886920121844998 -0.011017235101385855 -0.0070069707229122626 -0.0037772616232267372 -0.025635124389826208 0.063447824518144791
leaf_weight=4.6385237127542478 4.4701685160398466 29.778958350419998 805.03899525105953 163.32797905802727 6.5962565988302222 13.679429888725279 5.4034903645515442 4.3928743004798889
leaf_count=20 20 129 3549 712 28 61 26 20
internal_value=3.37223e-06 -0.000438999 -1.82092e-05 -0.00087 0.0292443 0.0189619 -0.0428374 0.056224
internal_weight=1037.33 1021.87 1011.83 968.367 15.4593 43.4584 10.042 8.86304
internal_count=4565 4497 4451 4261 68 190 46 40
is_linear=0
shrinkage=0.04


Tree=45
num_leaves=11
num_cat=0
split_feature=40 31 35 25 28 8 38 28 28 2
split_gain=38.4916 6.95653 8.87694 8.00323 13.076 12.0168 5.8052 6.77023 6.86311 6.13415
threshold=0.50038454555806866 1.3044445419139556 0.96346304746378808 0.90000000000000013 0.9502791319860503 0.00068425635355420008 0.99999999986185462 0.71791149284798694 0.87002086806453971 0.34736253392553312
decision_type=2 2 2 2 2 2 2 2 2 2
left_child=1 3 -3 4 -1 -5 7 9 -9 -2
right_child=6 2 -4 5 -6 -7 -8 8 -10 -11
leaf_value=0.0076207843336447111 -0.011811545498507188 -0.049654967782503875 0.017224586300583062 0.011578752064266912 -0.010679076780709878 0.051129631966587298 0.022423175836550895 -0.0008115548438259551 -0.012364352569324055 -0.055618697905612184
leaf_weight=438.338797301054 10.862571433186533 7.7986237257719022 5.3563437610864639 78.770841270685196 72.857909321784973 14.563722938299177 9.0033131986856443 117.98571293056011 271.82769045233727 9.6644816249608976
leaf_count=1903 47 32 22 381 299 79 38 515 1205 44
internal_value=3.36e-06 0.00635299 -0.0224234 0.00697919 0.00501261 0.0177502 -0.00934954 -0.0100467 -0.00886764 -0.0324367
internal_weight=1037.03 617.686 13.155 604.531 511.197 93.3346 419.344 410.34 389.813 20.5271
internal_count=4565 2716 54 2662 2202 460 1849 1811 1720 91
is_linear=0
shrinkage=0.04


Tree=46
num_leaves=12
num_cat=0
split_feature=40 28 25 40 2 8 27 38 36 30 40
split_gain=35.6933 6.87428 14.0034 11.9761 9.60352 8.34705 6.27736 8.80597 7.89257 5.41537 4.36596
threshold=0.49997579716648471 0.94873804107777582 0.90000000000000013 0.49982097638380424 -0.047950851613403143 0.0017581193501435002 0.28660211733551905 0.99999999986185462 0.53617174061323924 0.020648868557568738 0.49449874268793642
decision_type=2 2 2 2 2 2 2 2 2 2 2
left_child=1 4 3 -3 10 -6 7 8 -2 -4 -1
right_child=6 2 9 -5 5 -7 -8 -9 -10 -11 -12
leaf_value=-0.049135656454176412 -0.016262874130702626 -0.014887219880281997 0.048063412608360431 0.046290747175904305 0.0081657039257740701 0.038823065618531764 -0.04232345124301639 0.036830500932521715 -0.0047588685855454284 -0.0053289590564705403 0.0010084333207610635
leaf_weight=6.6082008481025678 144.72067807614803 71.380759298801422 10.264670699834822 5.5152663290500632 476.4607951939106 14.646464228630064 8.6708600074052793 6.9139617979526511 280.10450102388859 4.3179882615804663 4.7933885306119919
leaf_count=29 638 293 52 23 2122 66 37 29 1235 21 20
internal_value=3.37654e-06 0.00640145 -0.00368403 -0.0104993 0.00823745 0.00908001 -0.0086258 -0.00794904 -0.00867782 0.0322537 -0.0280544
internal_weight=1034.4 593.988 91.4787 76.896 502.509 491.107 440.41 431.739 424.825 14.5827 11.4016
internal_count=4565 2626 389 316 2237 2188 1939 1902 1873 73 49
is_linear=0
shrinkage=0.04


Tree=47
num_leaves=14
num_cat=0
split_feature=40 29 31 31 19 15 34 0 9 36 40 15 35
split_gain=32.987 6.77771 7.26133 7.76815 5.72728 7.18275 9.31407 8.59443 4.81971 4.01816 4.20035 3.70051 3.65577
threshold=0.50038454555806866 0.14575586917009456 1.3534571464077503 0.99912555776963508 1.9722608596146083 0.00069145893057970004 0.102146287560984 41.876529857442179 0.0003204474524153623 0.55739813357391832 0.5078090274355419 -0.00053246518642869982 1.0240714454674673
decision_type=2 2 2 2 2 2 2 2 2 2 2 2 2
left_child=1 2 3 -1 5 7 -7 -2 -3 10 -6 -10 -11
right_child=4 8 -4 -5 9 6 -8 -9 11 12 -12 -13 -14
leaf_value=0.0032337985083529907 -0.003450658885876391 -0.0016557830665658081 -0.030904754055762568 0.01449877103370441 0.01139281021532753 0.029095519085286341 -0.0080852453047100346 -0.016065140700673476 0.0066552633053264835 -0.017536909554615537 -0.033136265891642307 0.051353913160804981 -0.061078206380997035
leaf_weight=459.69126437604427 183.33388614654541 6.3112172931432751 8.8338040560483915 124.4623855650425 6.5557265579700488 18.771360337734222 25.322328731417656 163.4708993434906 3.9941896051168451 5.2890485078096372 7.0174227207899094 11.483082652091976 7.4047591686248779
leaf_count=2026 805 28 36 551 29 83 113 732 20 23 31 55 33
internal_value=3.5672e-06 0.00589471 0.00508964 0.00563396 -0.0086782 -0.00746327 0.00774318 -0.00939666 0.0278052 -0.0267586 -0.0116291 0.0398186 -0.0429361
internal_weight=1031.94 614.776 592.987 584.154 417.165 390.898 44.0937 346.805 21.7885 26.267 13.5731 15.4773 12.6938
internal_count=4565 2716 2613 2577 1849 1733 196 1537 103 116 60 75 56
is_linear=0
shrinkage=0.04


Tree=48
num_leaves=11
num_cat=0
split_feature=20 39 33 35 14 33 23 34 20 8
split_gain=7.82528 9.05188 11.1735 10.7435 9.6729 12.2607 10.6716 8.658 7.21487 0.279959
threshold=0.0026394521373400504 0.091021063820065196 -0.31578947368421051 1.5507727725969824 0.00012660131664770003 1.0000000180025095e-35 0.23266173393930686 0.22820584232021454 0.0025964525296227506 -0.0003989964572489499
decision_type=2 2 2 2 2 2 2 2 2 2
left_child=1 4 8 -4 6 -6 -1 9 -3 -2
right_child=7 2 3 -5 5 -7 -8 -9 -10 -11
leaf_value=0.0068649960128882226 0.047722752293340838 -0.067538534545804024 -0.006922649187357157 0.025537599845158621 0.017675060587775761 0.0010939222964479517 -0.0061349371339227418 -0.0061918880048520766 -0.018913049026236205 0.06211642217523216
leaf_weight=149.22055579721928 4.4272937774658194 6.9672015309333828 205.32785330712795 17.722177162766457 113.28513965010643 192.76234221458435 312.87638469040394 6.5552771240472785 16.314931243658066 4.2257283180952063
leaf_count=678 20 31 899 78 496 866 1375 28 74 20
internal_value=3.24373e-06 -0.000423706 -0.00709591 -0.00434356 0.00171597 0.00723152 -0.00193699 0.0284831 -0.0334643 0.0547519
internal_weight=1029.68 1014.48 246.332 223.05 768.144 306.047 462.097 15.2083 23.2821 8.65302
internal_count=4565 4497 1082 977 3415 1362 2053 68 105 40
is_linear=0
shrinkage=0.04


Tree=49
num_leaves=13
num_cat=0
split_feature=40 3 9 33 22 0 22 40 23 28 6 9
split_gain=30.3828 7.30656 7.83787 20.1308 10.3302 5.89642 12.2667 17.5182 16.8597 11.0226 12.1372 10.8709
threshold=0.49997579716648471 0.00040177023238160004 0.00021888268676519885 0.10526315789473685 -0.20951146106648796 41.559165057842733 0.055778255554061906 0.51016399487340636 0.46933688917229138 0.94659279120434681 -0.00039400776618419994 0.0003725417490609142
decision_type=2 2 2 2 2 2 2 2 2 2 2 2
left_child=1 -1 3 -3 -4 6 7 -2 -8 10 -7 -11
right_child=5 2 4 -5 -6 9 8 -9 -10 11 -12 -13
leaf_value=0.048774491346560957 0.028304141657800774 -0.022689159242112792 -0.00065172671205710581 0.025486670406094425 0.011193268683282527 0.025404901323998343 -0.038487156351530258 -0.0062025733981181906 -0.0012046164322181791 0.012005288374870988 -0.020713262496658325 -0.016918881624487143
leaf_weight=6.2972843796014777 38.097542658448219 44.527130961418152 180.25385966897011 20.161646649241447 340.02279107272625 9.6988752037286741 28.98695869743824 61.60348829627037 58.721872135996819 48.894063100218773 155.80039462447166 36.170531868934631
leaf_count=32 163 187 792 94 1521 42 132 270 257 214 693 168
internal_value=3.25401e-06 0.00591819 0.00545684 -0.00767413 0.00708948 -0.00798189 -0.00261536 0.00698306 -0.0135262 -0.0119958 -0.0180106 -0.000293631
internal_weight=1029.24 591.263 584.965 64.6888 520.277 437.974 187.41 99.701 87.7088 250.564 165.499 85.0646
internal_count=4565 2626 2594 281 2313 1939 822 433 389 1117 735 382
is_linear=0
shrinkage=0.04


Tree=50
num_leaves=12
num_cat=0
split_feature=29 38 31 39 3 24 30 31 31 36 13
split_gain=7.81147 9.77604 7.95758 8.31948 14.9745 9.25016 7.75897 6.13414 4.26344 3.47232 1.54792
threshold=0.0086162688275127023 0.57508916136138 0.71582587707627254 0.054276252461718223 0.0026473978135586503 0.30833333333281948 0.058796841884657697 1.0158636506747498 0.8894113242275945 0.59211461231231133 -0.00026827696693004994
decision_type=2 2 2 2 2 2 2 2 2 2 2
left_child=1 -1 6 5 -5 -4 -2 8 -3 -9 -8
right_child=2 7 3 4 -6 -7 10 9 -10 -11 -12
leaf_value=0.03379023827711404 -0.012283024509572761 -0.0169296638769908 0.0031649497405753543 -0.010381682074195738 0.01114706827842968 -0.042256440919680602 0.026635004543972014 0.026237012780967368 -0.049774229006642585 -0.018191420433350168 0.056022402389940266
leaf_weight=5.3475554585456839 5.4750203788280514 11.485520437359812 668.23960496485233 223.91419692337513 67.209548786282539 7.2516383826732627 4.5876937359571466 4.7705184966325742 14.069510608911513 6.8648788928985596 7.6494772583246204
leaf_count=25 24 52 2979 978 304 34 20 21 63 30 35
internal_value=2.74396e-06 -0.0167795 0.000727995 0.000241151 -0.0054115 0.00267733 0.0272968 -0.0240509 -0.0350125 2.42584e-05 0.0450051
internal_weight=1026.87 42.538 984.327 966.615 291.124 675.491 17.7122 37.1904 25.555 11.6354 12.2372
internal_count=4565 191 4374 4295 1282 3013 79 166 115 51 55
is_linear=0
shrinkage=0.04


Tree=51
num_leaves=13
num_cat=0
split_feature=40 40 33 25 22 32 31 23 32 35 8 30
split_gain=27.744 6.7147 6.59751 15.3741 12.6658 5.65997 12.737 13.3296 12.1806 15.6313 12.9287 3.89942
threshold=0.50038454555806866 0.2555297309609284 0.10526315789473685 0.50000000000000011 -0.053775478359819294 0.00046145877511393857 0.99291269916157754 0.083497673977934658 0.00038446841079608617 1.1551214705065418 0.0011334469137522501 0.024662159323081561
decision_type=2 2 2 2 2 2 2 2 2 2 2 2
left_child=1 -1 4 -4 -3 8 7 -7 10 -10 -2 -8
right_child=5 2 3 -5 -6 6 11 -9 9 -11 -12 -13
leaf_value=0.046430317576965481 -0.014049375307862799 -0.0083132076331683229 -0.0022186081742161111 0.018974438020409261 0.0070732267623658729 -0.041701663588502219 -0.014474324860713157 -0.0015364474440402896 0.01474671390435724 -0.027702744086437275 0.017318359271852872 -0.051600207421478639
leaf_weight=6.3203800767660132 184.93609403073788 130.85983030498028 92.160785600543022 134.98290719091892 247.50232774019241 16.118390053510666 6.1312359571456936 73.524808168411255 75.568538397550583 17.002106949687004 23.720211997628212 17.295022740960121
leaf_count=36 827 558 398 638 1086 80 29 330 322 74 105 82
internal_value=2.55988e-06 0.00541492 0.00498679 0.0103756 0.0017517 -0.00799032 -0.0156214 -0.0087584 -0.0051259 0.00695018 -0.0104835 -0.0418834
internal_weight=1026.12 611.826 605.506 227.144 378.362 414.296 113.069 89.6432 301.227 92.5706 208.656 23.4263
internal_count=4565 2716 2680 1036 1644 1849 521 410 1328 396 932 111
is_linear=0
shrinkage=0.04


Tree=52
num_leaves=9
num_cat=0
split_feature=40 31 31 31 21 27 38 36
split_gain=25.672 6.56279 7.0494 7.74977 7.47344 6.08423 7.83426 7.65703
threshold=0.49997579716648471 0.48842378010498194 0.71582587707627254 0.72155151470444434 -0.00048547029338569996 0.28660211733551905 0.99999999986185462 0.53617174061323924
decision_type=2 2 2 2 2 2 2 2
left_child=1 -1 4 -4 -3 6 7 -2
right_child=5 2 3 -5 -6 -7 -8 -9
leaf_value=-0.053128207015850422 -0.01491360652810389 -0.01070758175670314 -0.059897253822886153 0.0053552464705415737 0.049529115731190024 -0.040767105089341109 0.035454781411240137 -0.0035107602227816303
leaf_weight=3.0442684888839713 142.82330456376076 4.65085844695568 2.9272045493125907 566.46892915666103 11.30811460316181 8.5530598163604719 6.9410475045442572 276.8903421163559
leaf_count=13 638 20 13 2528 52 37 29 1235
internal_value=2.04945e-06 0.00545003 0.00575468 0.00501979 0.0319746 -0.0073636 -0.00669397 -0.00739101
internal_weight=1023.61 588.399 585.355 569.396 15.959 435.208 426.655 419.714
internal_count=4565 2626 2613 2541 72 1939 1902 1873
is_linear=0
shrinkage=0.04


Tree=53
num_leaves=11
num_cat=0
split_feature=40 40 29 33 29 32 23 22 21 9
split_gain=23.7744 6.39237 6.44704 6.62349 5.55147 6.55931 12.1842 10.5261 6.38823 4.51711
threshold=0.50038454555806866 0.2555297309609284 0.14575586917009456 0.10526315789473685 0.13355123401423605 0.00046145877511393857 0.083497673977934658 0.023775787386603051 -0.00033989241760969997 0.0003204474524153623
decision_type=2 2 2 2 2 2 2 2 2 2
left_child=1 -1 3 -3 5 7 -7 -2 -6 -4
right_child=4 2 9 -5 8 6 -8 -9 -10 -11
leaf_value=0.045612582945723394 0.0063018592683566285 0.00053488155122889019 -0.0022702612266062854 0.0093647005725096665 -0.004399891435607978 -0.040627050378866283 -0.0079896320938707792 -0.0094235587626469372 -0.058252869963494637 0.038136322813150741
leaf_weight=6.1441782563924781 110.82952463626862 365.91946187615395 6.2772563099861172 216.25879557430744 6.8574960976839066 23.152430012822151 87.346373200416565 176.67007796466351 7.2509323656558973 15.015283986926077
leaf_count=36 485 1588 28 989 30 116 398 786 34 75
internal_value=2.03774e-06 0.00501883 0.00460552 0.00381485 -0.00741912 -0.00654502 -0.014828 -0.0033615 -0.0320773 0.0262241
internal_weight=1021.72 609.615 603.471 582.178 412.107 397.998 110.499 287.5 14.1084 21.2925
internal_count=4565 2716 2680 2577 1849 1785 514 1271 64 103
is_linear=0
shrinkage=0.04


Tree=54
num_leaves=12
num_cat=0
split_feature=40 40 3 26 19 15 34 0 36 40 35
split_gain=21.9694 6.08056 6.05753 6.87227 5.41697 6.58527 8.52628 7.77591 3.90764 4.06685 3.46218
threshold=0.50038454555806866 0.2555297309609284 0.00040177023238160004 0.020207518868558288 1.9722608596146083 0.00069145893057970004 0.102146287560984 41.876529857442179 0.55739813357391832 0.5078090274355419 1.0240714454674673
decision_type=2 2 2 2 2 2 2 2 2 2 2
left_child=1 -1 -3 -4 5 7 -7 -2 9 -6 -10
right_child=4 2 3 -5 8 6 -8 -9 10 -11 -12
leaf_value=0.044922585833073278 -0.0021477994502047855 0.043276570965385418 -0.0063834435542969694 0.0057882012259851106 0.012839174899373439 0.029054476199433358 -0.0066449756101980978 -0.014240941863192509 -0.016347434657445651 -0.031328277904070327 -0.059140857125100088
leaf_weight=5.9920958802103987 181.17609046399593 6.354380950331687 86.880772605538368 509.31775070726871 6.4818604141473788 18.741344973444939 24.960805490612984 160.38260123133659 5.2353219687938672 6.8719223886728287 7.1645807325839996
leaf_count=36 805 33 381 2266 29 83 113 732 23 31 33
internal_value=1.73693e-06 0.00482727 0.00442854 0.00401449 -0.00714291 -0.00595564 0.00866447 -0.00782627 -0.0249039 -0.00988961 -0.0410732
internal_weight=1019.56 608.545 602.553 596.199 411.015 385.261 43.7022 341.559 25.7537 13.3538 12.3999
internal_count=4565 2716 2680 2647 1849 1733 196 1537 116 60 56
is_linear=0
shrinkage=0.04


Tree=55
num_leaves=9
num_cat=0
split_feature=20 1 15 39 34 0 29 30
split_gain=7.13742 9.94378 10.0632 10.4961 7.85047 6.05574 2.32095 0.363083
threshold=0.0026394521373400504 -3.8265029169542677 -0.0014916088755377499 0.13959487995263911 0.22820584232021454 33.719342281621188 0.017823801318383955 0.053730067578333367
decision_type=2 2 2 2 2 2 2 2
left_child=1 6 5 -4 7 -3 -1 -2
right_child=4 2 3 -5 -6 -7 -8 -9
leaf_value=-0.018371313118402257 0.061461663169940207 0.029131002935980189 0.0010259842616870676 -0.010206258439616631 -0.0054200378973929776 -0.0033058165476519338 -0.057680967706567679 0.044816050586449101
leaf_weight=4.2584840655326825 4.1593415439128858 29.377878129482269 790.05187304317951 160.08300660550594 6.5299099683761588 13.413712769746779 5.5160302817821503 4.2278224527835846
leaf_count=20 20 129 3549 712 28 61 26 20
internal_value=1.4879e-06 -0.000407108 -1.18881e-05 -0.000866475 0.0274666 0.0189632 -0.0405548 0.0530709
internal_weight=1017.62 1002.7 992.926 950.135 14.9171 42.7916 9.77451 8.38716
internal_count=4565 4497 4451 4261 68 190 46 40
is_linear=0
shrinkage=0.04


Tree=56
num_leaves=10
num_cat=0
split_feature=40 3 9 8 1 27 3 9 8
split_gain=20.3808 6.68742 6.83976 20.1357 10.4197 5.77158 7.61215 13.7543 11.815
threshold=0.49997579716648471 0.00040177023238160004 0.00021888268676519885 0.00026785321120725007 0.62022258001161401 0.28660211733551905 0.0028592598201553506 0.00048535793340325303 0.0017581193501435002
decision_type=2 2 2 2 2 2 2 2 2
left_child=1 -1 3 -3 -4 6 7 -2 -8
right_child=5 2 4 -5 -6 -7 8 -9 -10
leaf_value=0.04694148730756835 -0.0053633426705984736 -0.019403756024190099 0.01009992807072045 0.035442718481001827 -0.0018668964486868668 -0.039352973973847988 0.010276242989787075 -0.028948511881707925 -0.045516690892486701
leaf_weight=5.9818467050790778 301.0658351033926 50.867348209023476 337.14205560088158 13.566361472010611 177.818553827703 8.4347957968711835 70.218762889504433 45.547379747033119 6.6478252559900275
leaf_count=32 1336 217 1513 64 800 37 315 219 32
internal_value=1.53864e-06 0.00486482 0.00443041 -0.00785596 0.00596772 -0.00658969 -0.00593712 -0.0084626 0.00545098
internal_weight=1017.29 585.376 579.394 64.4337 514.961 431.915 423.48 346.613 76.8666
internal_count=4565 2626 2594 281 2313 1939 1902 1555 347
is_linear=0
shrinkage=0.04


Tree=57
num_leaves=12
num_cat=0
split_feature=40 31 31 29 8 34 29 32 31 23 21
split_gain=18.8779 6.01851 7.29896 12.9753 10.7517 5.67796 5.19171 6.22031 11.6825 9.97066 6.16571
threshold=0.50038454555806866 1.3044445419139556 0.99912555776963508 0.0088292874025685999 -0.00098174753391034979 0.063196377577031962 0.13355123401423605 0.00046145877511393857 0.99291269916157754 2.224223397700746 -0.00033989241760969997
decision_type=2 2 2 2 2 2 2 2 2 2 2
left_child=1 2 3 -1 -4 -3 7 9 -9 -2 -8
right_child=6 5 4 -5 -6 -7 10 8 -10 -11 -12
leaf_value=-0.036649322599926377 -0.0059116350205752621 -0.050238296829996816 -0.031923103270401494 0.0039266802387225973 0.016849666639463908 0.0025279527271200165 -0.0035943778043040393 -0.0072677872055024921 -0.039670328320414179 0.014667306336464004 -0.056966574258022824
leaf_weight=12.96644616127014 241.20266896486282 6.1723894476890546 7.7184585183858863 458.06875921785831 114.67160634696484 6.921998918056488 6.8169140815734863 86.629751861095428 22.408334031701088 44.64229379594326 7.0393176823854429
leaf_count=56 1073 25 34 2054 518 29 30 404 110 198 34
internal_value=1.46418e-06 0.00447911 0.005071 0.00280972 0.0137738 -0.0223448 -0.00664282 -0.00579836 -0.0139268 -0.00269769 -0.0307088
internal_weight=1015.26 606.52 593.425 471.035 122.39 13.0944 408.739 394.883 109.038 285.845 13.8562
internal_count=4565 2716 2662 2110 552 54 1849 1785 514 1271 64
is_linear=0
shrinkage=0.04


Tree=58
num_leaves=15
num_cat=0
split_feature=40 22 21 8 38 32 9 37 33 9 24 3 29 35
split_gain=17.4623 6.46458 11.5743 11.3914 7.49169 13.8126 12.3226 6.65293 5.81916 19.3636 10.3666 10.0133 8.66561 3.83428
threshold=0.49997579716648471 -0.20951146106648796 0.0011661655414602504 0.00036120613688015005 0.84179352503987226 0.00020254170993922867 0.00021888268676519885 0.2061017310375409 0.2105263157894737 0.00034442774554596081 0.25833333333290281 0.0028592598201553506 0.019955037476433821 1.2517668886026463
decision_type=2 2 2 2 2 2 2 2 2 2 2 2 2 2
left_child=1 2 3 -1 5 -3 -6 -4 10 12 11 -2 -10 -11
right_child=8 4 7 -5 6 -7 -8 -9 9 13 -12 -13 -14 -15
leaf_value=0.0011783172660329332 -0.0064668125330194729 0.050425482414395199 0.057118427567871242 -0.022994301732412469 -0.0077500221474119946 -0.0031581245720160508 0.01562469173769403 0.0028538911714806547 0.039650259524438174 -0.055208054878381846 -0.039644993857798447 0.010658231673387641 -0.02029644453520453 -0.013780220161065318
leaf_weight=137.76978093385696 313.94976060092449 8.179447799921034 8.046373173594473 40.321692064404488 43.645151451230049 130.55216744542122 208.32464569061995 6.5638091415166846 8.5196845084428769 16.583289638161663 13.124636784195898 66.139585375785828 7.0516479909420005 4.5567349046468726
leaf_count=610 1410 38 38 178 194 578 960 30 37 80 65 293 32 22
internal_value=1.1023e-06 0.00450873 -0.00148678 -0.00429461 0.00746583 1.09992e-06 0.0115758 0.0327394 -0.00611569 -0.021346 -0.00469375 -0.00348687 0.0125027 -0.0462783
internal_weight=1013.33 583.403 192.702 178.091 390.701 138.732 251.97 14.6102 429.925 36.7114 393.214 380.089 15.5713 21.14
internal_count=4565 2626 856 788 1770 616 1154 68 1939 171 1768 1703 69 102
is_linear=0
shrinkage=0.04


Tree=59
num_leaves=11
num_cat=0
split_feature=29 38 35 7 9 9 34 23 19 35
split_gain=6.68087 8.63187 6.45344 6.41612 5.89863 6.65934 5.10581 4.80943 5.9503 4.57476
threshold=0.0086162688275127023 0.57508916136138 1.1737684221297602 0.0011897006387093501 0.00014208465409696738 0.00021888268676519885 0.25091303841406626 0.031156332759493203 2.0456066405663882 0.92217705905261138
decision_type=2 2 2 2 2 2 2 2 2 2
left_child=1 -1 6 4 9 -6 -3 -5 -9 -2
right_child=3 2 -4 7 5 -7 -8 8 -10 -11
leaf_value=0.032505269488632887 0.060871142198993589 -0.041676070321821641 0.0091123314054260274 -0.016615142360550988 -0.010133577483541814 0.00092475676462681379 -0.003464385752239675 0.064837381026743024 0.016239299709370922 0.0080833867926747398
leaf_weight=5.2114163041114798 4.3971160650253278 20.89110125601292 8.0491420328617078 4.9030691087245968 97.310861155390739 832.88183499127626 7.6413582414388648 5.1696373671293285 18.302968204021454 6.5242627114057541
leaf_count=25 22 94 37 23 432 3757 35 24 84 32
internal_value=1.05098e-06 -0.0156578 -0.0225191 0.000676077 0.00011104 -0.000232096 -0.0314425 0.0194162 0.0269426 0.0293366
internal_weight=1011.28 41.793 36.5816 969.49 941.114 930.193 28.5325 28.3757 23.4726 10.9214
internal_count=4565 191 166 4374 4243 4189 129 131 108 54
is_linear=0
shrinkage=0.04


Tree=60
num_leaves=9
num_cat=0
split_feature=20 1 15 39 34 8 29 30
split_gain=6.63553 9.09371 9.25829 9.36891 7.28734 6.15192 2.25905 0.367586
threshold=0.0026394521373400504 -3.8265029169542677 -0.0014916088755377499 0.13959487995263911 0.22820584232021454 -0.00083018685250964991 0.017823801318383955 0.053730067578333367
decision_type=2 2 2 2 2 2 2 2
left_child=1 6 5 -4 7 -3 -1 -2
right_child=4 2 3 -5 -6 -7 -8 -9
leaf_value=-0.017034682870473945 0.06017668774733019 0.009671656466168875 0.00095681473097944869 -0.0096833592155183851 -0.004957788285798145 0.045248212868967012 -0.056151273296740793 0.043269893370915129
leaf_weight=4.1843517422676069 4.0824456512927991 32.303992405533791 784.61368028074503 159.28770871460438 6.5193604081869116 10.242638200521467 5.424731120467186 4.1483872383832932
leaf_count=20 20 143 3549 712 28 47 26 20
internal_value=1.13382e-06 -0.000393251 -1.60333e-05 -0.000838764 0.0266333 0.0182363 -0.0391176 0.0516556
internal_weight=1010.81 996.057 986.448 943.901 14.7502 42.5466 9.60908 8.23083
internal_count=4565 4497 4451 4261 68 190 46 40
is_linear=0
shrinkage=0.04


Tree=61
num_leaves=14
num_cat=0
split_feature=40 29 29 32 23 22 22 36 29 21 14 38 31
split_gain=16.0556 6.57072 6.44213 6.90501 12.5496 10.2966 6.20184 10.4486 8.02927 4.32009 4.10159 6.46396 1.66173
threshold=0.50067672376727679 0.14575586917009456 0.13355123401423605 0.00046145877511393857 0.083497673977934658 0.023775787386603051 -0.42242549934388951 0.54985338275725126 0.010632802034281382 -0.00033989241760969997 -9.5391785084135094e-05 0.99999999971303921 0.92547651498535244
decision_type=2 2 2 2 2 2 2 2 2 2 2 2 2
left_child=1 6 3 5 -5 -2 7 -1 -8 -4 11 -3 -12
right_child=2 10 9 4 -6 -7 8 -9 -10 -11 12 -13 -14
leaf_value=-0.020851452914754244 0.0076961112789690443 -0.025606635045615025 -0.009590456134148986 -0.041474352299648028 -0.0071174612551087599 -0.0081684613704979987 -0.015061045280418394 0.003750809314657056 0.0066560256550608748 -0.055873714149886899 0.053414021796626986 0.043799574548127398 0.024454431605802528
leaf_weight=42.330557882785797 106.73822718858719 4.9289567172527331 6.1063493639230728 21.3246238976717 84.088549181818962 169.2509484142065 29.02045114338398 79.479813247919083 443.76841945946217 6.8424944728612882 6.9443306773900968 3.8038089275360107 5.833333283662796
leaf_count=184 470 23 27 112 390 762 126 356 1998 34 34 21 28
internal_value=1.21882e-06 0.00403513 -0.00630111 -0.0053591 -0.0140677 -0.00203287 0.00324944 -0.00479877 0.005323 -0.0340477 0.0257534 0.00462525 0.0401932
internal_weight=1010.46 616.11 394.351 381.402 105.413 275.989 594.599 121.81 472.789 12.9488 21.5104 8.73277 12.7777
internal_count=4565 2770 1795 1734 502 1232 2664 540 2124 61 106 44 62
is_linear=0
shrinkage=0.04


Tree=62
num_leaves=15
num_cat=0
split_feature=40 20 9 33 22 21 28 32 23 23 18 30 31 40
split_gain=14.882 6.36519 9.35836 19.0313 9.03573 9.02676 5.68445 16.3314 15.455 13.6597 13.2906 8.27332 5.4136 0.454922
threshold=0.49997579716648471 0.0025833973559620002 0.00021888268676519885 0.10526315789473685 -0.41344234854113121 -0.00011048908551034999 0.94659279120434681 0.0002745696318461036 2.5687596642677648 -0.053595732794893894 1.0000000180025095e-35 0.073848838671795466 0.98253601586354489 0.47872270502607428
decision_type=2 2 2 2 2 2 2 2 2 2 2 2 2 2
left_child=1 5 3 -3 -4 -1 9 12 -9 11 -11 -2 -8 -7
right_child=6 2 4 -5 -6 13 7 8 -10 10 -12 -13 -14 -15
leaf_value=-0.015534696953338348 -0.054350201328174301 -0.028312341401796091 -0.0045165799355818747 0.021326682342322267 0.0081206860244829298 0.042593119522104692 -0.046659122957602654 0.013313858499340558 -0.028425004705417062 0.0017456003368850927 -0.016302309853989581 -0.012491910791895306 0.0046129447776715963 0.060550735557563913
leaf_weight=4.5168498605489722 15.674083188176157 37.620784521102905 117.56565888226032 18.402932807803154 393.61251439154148 3.7861281335353834 13.507522836327555 94.555237427353859 16.701201066374779 155.67645779252052 112.43631453812122 14.585253089666365 4.3579587489366522 5.5892413705587387
leaf_count=20 78 157 527 88 1787 21 63 433 77 693 508 67 20 26
internal_value=9.76528e-07 0.00416848 0.0035133 -0.0120067 0.00521425 0.0309186 -0.00566392 0.0013477 0.00704825 -0.00869823 -0.00582301 -0.0341742 -0.0341522 0.0532988
internal_weight=1008.59 581.094 567.202 56.0237 511.178 13.8922 427.494 129.122 111.256 298.372 268.113 30.2593 17.8655 9.37537
internal_count=4565 2626 2559 245 2314 67 1939 593 510 1346 1201 145 83 47
is_linear=0
shrinkage=0.04


Tree=63
num_leaves=13
num_cat=0
split_feature=40 29 31 32 29 32 23 22 21 14 38 31
split_gain=13.8351 6.17871 6.14311 6.78773 6.01047 6.54578 11.7212 9.50109 4.17753 3.86612 6.04887 1.62939
threshold=0.50067672376727679 0.14575586917009456 1.3534571464077503 0.00059621188212239599 0.13355123401423605 0.00046145877511393857 0.083497673977934658 0.023775787386603051 -0.00033989241760969997 -9.5391785084135094e-05 0.99999999971303921 0.92547651498535244
decision_type=2 2 2 2 2 2 2 2 2 2 2 2
left_child=1 2 3 -1 5 7 -7 -2 -6 10 -3 -11
right_child=4 9 -4 -5 8 6 -8 -9 -10 11 -12 -13
leaf_value=0.0022657488167002492 0.0076134295269193533 -0.024468445275776653 -0.030217641103832654 0.018690504297205614 -0.0089459947973838574 -0.040373153265622595 -0.0068109530268229438 -0.0076400699760597844 -0.05484941467221318 0.052386797912740417 0.043006155041685937 0.023478823594656788
leaf_weight=540.66733977198601 106.75004798173904 4.9655627012252825 8.7814170718193036 43.496188923716545 6.0738097131252289 20.776650786399841 83.804749220609665 168.41399116814137 6.6398642063140851 6.8013348728418332 3.7170071452856064 5.7631618231534958
leaf_count=2419 470 23 36 209 27 112 390 762 34 34 21 28
internal_value=4.9334e-07 0.00374898 0.00298953 0.00348872 -0.00586583 -0.00496009 -0.0134786 -0.00172247 -0.0329196 0.0249431 0.00441742 0.0391271
internal_weight=1006.65 614.192 592.945 584.164 392.459 379.745 104.581 275.164 12.7137 21.2471 8.68257 12.5645
internal_count=4565 2770 2664 2628 1795 1734 502 1232 61 106 44 62
is_linear=0
shrinkage=0.04


Tree=64
num_leaves=14
num_cat=0
split_feature=40 27 19 27 15 29 8 29 32 23 23 21 23
split_gain=12.7824 6.09717 12.869 12.9503 5.80795 6.30063 6.25742 5.6547 6.08602 11.1537 9.26802 4.03926 3.25319
threshold=0.50067672376727679 0.17002421148387833 -0.9190760370611033 0.48088010637886897 -0.0014916088755377499 0.010773070311581728 -0.0014209173133087998 0.13355123401423605 0.00046145877511393857 0.083497673977934658 2.0754522970620486 -0.00033989241760969997 9.9299990633465214
decision_type=2 2 2 2 2 2 2 2 2 2 2 2 2
left_child=1 4 3 -3 6 -6 -1 8 10 -10 -2 -9 -4
right_child=7 2 12 -5 5 -7 -8 11 9 -11 -12 -13 -14
leaf_value=-0.0014752588379070401 -0.0051073228285821812 0.03123433265500717 0.058956424563398689 -0.059454035345068261 -0.015792734499227891 0.0029781031429253371 0.044068708432069822 -0.0086121076868273822 -0.039563392762617465 -0.006551560367844377 0.013966600134565896 -0.054062948814032848 0.025657099807738649
leaf_weight=8.5893275439739245 225.20046210289001 4.9438842236995715 8.6977683454751968 5.1374391168355942 30.229232162237167 534.54935527592897 11.018565163016317 6.057260125875473 20.362263739109039 83.641273885965347 49.76665697991848 6.4704248160123807 10.198024123907089
leaf_count=40 1011 23 41 21 132 2415 53 27 112 390 221 34 45
internal_value=2.03249e-07 0.00360449 0.0215142 -0.0149804 0.00271643 0.00197341 0.024118 -0.00564666 -0.00477262 -0.0130148 -0.00165511 -0.032087 0.0409848
internal_weight=1004.86 613.364 28.9771 10.0813 584.386 564.779 19.6079 391.498 378.971 104.004 274.967 12.5277 18.8958
internal_count=4565 2770 130 44 2640 2547 93 1795 1734 502 1232 61 86
is_linear=0
shrinkage=0.04


Tree=65
num_leaves=15
num_cat=0
split_feature=40 28 25 40 2 8 28 28 32 23 33 29 3 32
split_gain=11.9215 9.58157 16.4158 13.5054 9.48617 8.11091 7.63459 7.44241 18.9827 18.3077 13.2488 11.0598 6.24455 4.22715
threshold=0.49912859723228747 0.94873804107777582 0.75000000000000011 0.45479808938102467 -0.047950851613403143 0.0020494465582420007 0.95294288448969655 0.94659279120434681 0.0002745696318461036 2.5687596642677648 0.2105263157894737 0.021914004789506603 0.0014200326374220003 0.00031375437255530715
decision_type=2 2 2 2 2 2 2 2 2 2 2 2 2 2
left_child=1 4 3 -3 12 -6 -4 10 -9 -10 11 -2 -1 -12
right_child=7 2 6 -5 5 -7 -8 8 9 -11 13 -13 -14 -15
leaf_value=-0.065530177030725723 -0.033312324940283564 0.029746681713521416 -0.035736097674470967 -0.031326354355095523 0.0063549683044313004 0.044571531437927484 0.02151281170337601 -0.033660926306766988 0.015703559408620418 -0.028611349740745473 -0.006535500010062755 -0.0039374551111728169 -0.0024954269832145872 -0.0519745330295351
leaf_weight=4.7385439425706846 22.101396203041077 6.7011737525463095 4.3103847205638912 42.762083232402802 440.87759631127119 9.0683529675006849 27.542755022644997 19.3196861743927 100.33137147128582 17.52084419131279 4.289942771196368 284.37969297170639 5.357636958360672 13.855936899781225
leaf_count=20 102 29 19 175 2027 43 129 90 459 81 20 1279 24 68
internal_value=8.15214e-08 0.00402748 -0.00862995 -0.0230523 0.00626479 0.0071252 0.0137659 -0.00472116 0.00309062 0.00911535 -0.00802205 -0.00605578 -0.0320802 -0.0412321
internal_weight=1003.16 541.359 81.3164 49.4633 460.042 449.946 31.8531 461.799 137.172 117.852 324.627 306.481 10.0962 18.1459
internal_count=4565 2466 352 204 2114 2070 148 2099 630 540 1469 1381 44 88
is_linear=0
shrinkage=0.04


Tree=66
num_leaves=15
num_cat=0
split_feature=40 15 3 15 23 33 19 14 35 2 37 40 37 0
split_gain=11.0784 5.75184 8.12245 7.64112 12.569 9.20637 5.5237 6.20452 13.4037 8.72068 5.15316 3.92395 6.34547 2.15034
threshold=0.50067672376727679 -0.0014916088755377499 0.0041334656606087008 -0.00021630456204234998 0.70973252019393318 0.2105263157894737 2.0456066405663882 0.00014496276687360002 1.1178316594304463 0.21732631732688582 0.17943089701811588 0.50697067600304846 1.0000000180025095e-35 70.884545545533925
decision_type=2 2 2 2 2 2 2 2 2 2 2 2 2 2
left_child=1 2 10 4 -3 -5 7 9 -9 -2 -1 12 -8 -13
right_child=6 3 -4 5 -6 -7 11 8 -10 -11 -12 13 -14 -15
leaf_value=0.048780252955859603 -0.00040106688517208342 0.0064098268833672209 -0.020745898374079693 0.0021583270005679769 -0.014722544513149563 0.016034738033618785 0.02784023072574188 0.012408568916084019 -0.018927169053005923 -0.015092376007899271 -0.00066213858381981557 -0.059378819411583475 -0.036783448011314966 -0.02450581692960483
leaf_weight=13.082329735159879 133.58092702925205 89.126733750104904 5.2264113873243323 306.49894382059574 91.022383496165276 101.94236805289984 4.5633205473423022 79.811095580458641 30.068999171257019 125.27426485717297 4.544468253850936 5.4210592806339246 5.2029114365577698 5.9170378595590591
leaf_count=64 607 404 24 1386 395 477 21 361 142 587 20 25 24 28
internal_value=-2.01919e-07 0.00335938 0.0230481 0.00259493 -0.00426754 0.00562172 -0.00526954 -0.00413044 0.00383346 -0.007511 0.0360332 -0.0251719 -0.00658771 -0.0411796
internal_weight=1001.28 611.444 22.8532 588.59 180.149 408.441 389.84 368.735 109.88 258.855 17.6268 21.1043 9.76623 11.3381
internal_count=4565 2770 108 2662 799 1863 1795 1697 503 1194 84 98 45 53
is_linear=0
shrinkage=0.04


Tree=67
num_leaves=9
num_cat=0
split_feature=20 1 8 8 34 20 24 28
split_gain=6.24109 7.8234 8.77255 8.46314 6.61141 3.20828 2.21119 0.354879
threshold=0.0026394521373400504 -3.8265029169542677 -0.0020876884250603995 -0.0015366749939814998 0.22820584232021454 0.0026035665578936005 0.24166666666626388 0.89184831516060792
decision_type=2 2 2 2 2 2 2 2
left_child=1 6 5 -4 7 -3 -1 -2
right_child=4 2 3 -5 -6 -7 -8 -9
leaf_value=-0.056991227879619695 0.042057575742296967 0.059912743598938757 -0.020567420663776592 0.00025769994099340517 -0.0039260682136086078 0.016371092720819772 -0.018059202244448326 0.058906572253395552
leaf_weight=4.5005254894494993 4.0429948568344098 4.8284759223461133 32.304800450801849 932.50602938234806 6.4957713633775702 6.1641807854175568 4.8491599410772324 3.9583032131195068
leaf_count=20 20 22 150 4250 28 29 26 20
internal_value=-2.74791e-07 -0.000383677 -3.47591e-05 -0.000439588 0.0260539 0.0354966 -0.0367994 0.0503929
internal_weight=999.65 985.153 975.803 964.811 14.4971 10.9927 9.34969 8.0013
internal_count=4565 4497 4451 4400 68 51 46 40
is_linear=0
shrinkage=0.04


Tree=68
num_leaves=9
num_cat=0
split_feature=20 1 15 39 34 0 29 28
split_gain=5.81798 7.26803 8.18131 8.51449 6.26642 5.64089 2.20626 0.351977
threshold=0.0026394521373400504 -3.8265029169542677 -0.0014916088755377499 0.13959487995263911 0.22820584232021454 33.719342281621188 0.017823801318383955 0.89184831516060792
decision_type=2 2 2 2 2 2 2 2
left_child=1 6 5 -4 7 -3 -1 -2
right_child=4 2 3 -5 -6 -7 -8 -9
leaf_value=-0.01327077401745024 0.041001336877561467 0.027221682177848955 0.00091382448787345652 -0.0092809314994020137 -0.0037693960756924748 -0.0044921120100090304 -0.052637885850934985 0.05794607095030016
leaf_weight=4.0153224915266019 3.9824966341257078 28.668398201465607 776.2685264274478 157.70591093599796 6.495144858956337 13.062470726668833 5.2636809945106506 3.8648496270179749
leaf_count=20 20 129 3549 712 28 61 26 20
internal_value=-1.58445e-07 -0.000368449 -3.33714e-05 -0.000807607 0.0252925 0.0172947 -0.0356025 0.0493467
internal_weight=999.327 984.984 975.705 933.974 14.3425 41.7309 9.279 7.84735
internal_count=4565 4497 4451 4261 68 190 46 40
is_linear=0
shrinkage=0.04


Tree=69
num_leaves=14
num_cat=0
split_feature=40 27 22 30 22 23 24 26 32 31 6 34 38
split_gain=10.2622 9.26132 9.75362 13.0884 11.9527 7.02823 6.13629 8.14796 5.27073 5.24469 5.06282 5.78262 0.269927
threshold=0.47146007809432716 0.17002421148387833 -0.15306297414908226 0.084386153644145645 0.41457532085674959 7.8241551852150781 0.22499999999962497 0.020217887120222652 0.00046781842482638701 0.72155151470444434 7.4818899056133958e-05 0.098697970935159307 0.93101521897223172
decision_type=2 2 2 2 2 2 2 2 2 2 2 2 2
left_child=1 2 3 -1 -4 6 7 -2 -8 -3 11 -7 -11
right_child=5 9 4 -5 -6 10 8 -9 -10 12 -12 -13 -14
leaf_value=0.0040409493240332736 -0.0020574521197930236 0.0011415464806723231 0.020863605737092512 -0.039197940138555903 -0.0089751658750920667 -0.0013183663899507543 -0.0075837455498564176 0.010844986503070236 -0.040550129738035359 0.062570122448756427 0.0079986005528564705 -0.055764769843724138 0.049239354138958136
leaf_weight=42.840520173311234 670.71096256375313 3.9046459794044486 81.386216573417187 15.166467130184172 29.180908679962158 4.6264628320932415 27.074804186820984 88.663689807057381 10.877214148640631 4.9489406794309598 5.2239407002925864 9.59205713868141 4.7752854228019714
leaf_count=200 3009 19 420 69 128 20 123 410 56 22 23 42 24
internal_value=-4.04326e-08 0.00858369 0.00601948 -0.00726426 0.0129885 -0.00191488 -0.00133546 -0.000550979 -0.0170321 0.0403001 -0.0256765 -0.0380488 0.0560238
internal_weight=998.972 182.203 168.574 58.007 110.567 816.769 797.327 759.375 37.952 13.6289 19.4425 14.2185 9.72423
internal_count=4565 882 817 269 548 3683 3598 3419 179 65 85 62 46
is_linear=0
shrinkage=0.04


Tree=70
num_leaves=10
num_cat=0
split_feature=40 3 27 7 22 27 3 32 8
split_gain=9.84121 6.16045 6.04816 12.5912 7.6003 5.50714 7.06008 12.0324 10.0533
threshold=0.49997579716648471 0.00040177023238160004 0.17002421148387833 -8.5627834232413969e-05 -0.42242549934388951 0.28660211733551905 0.0028592598201553506 0.00049630499877009531 0.0017581193501435002
decision_type=2 2 2 2 2 2 2 2 2
left_child=1 -1 4 -4 -3 6 7 -2 -8
right_child=5 2 3 -5 -6 -7 8 -9 -10
leaf_value=0.045066108065537236 -0.0039033473513159218 -0.0071813794468413373 -0.0070482473430328761 0.046507232591416592 0.0044823109682019281 -0.037075444148088776 0.011517888652758721 -0.028765713282678837 -0.042034186670850023
leaf_weight=5.622778818011283 304.63622552156448 112.91533002257347 13.38120783865452 14.78432187438011 429.00078807026148 8.2114239633083326 68.58755961060524 34.691546618938446 6.1084181964397422
leaf_count=32 1375 504 60 69 1961 37 315 180 32
internal_value=4.39811e-07 0.00340225 0.00299131 0.0210635 0.00205203 -0.00463782 -0.00399447 -0.00644518 0.00713856
internal_weight=997.94 575.704 570.082 28.1655 541.916 422.235 414.024 339.328 74.696
internal_count=4565 2626 2594 129 2465 1939 1902 1555 347
is_linear=0
shrinkage=0.04


Tree=71
num_leaves=13
num_cat=0
split_feature=40 29 40 33 29 26 3 9 21 14 38 31
split_gain=9.15731 5.77879 5.66066 5.5981 5.3651 5.97343 18.7425 12.1424 3.96471 3.6422 5.16575 1.61187
threshold=0.50067672376727679 0.14575586917009456 0.2555297309609284 0.10526315789473685 0.13355123401423605 0.020207914997065222 0.0016282965640361002 0.00027242160553826245 -0.00033989241760969997 -9.5391785084135094e-05 0.99999999969217923 0.92547651498535244
decision_type=2 2 2 2 2 2 2 2 2 2 2 2
left_child=1 2 -1 -4 5 6 -2 -7 -6 10 -3 -11
right_child=4 9 3 -5 8 7 -8 -9 -10 11 -12 -13
leaf_value=0.04274565969263474 -0.0020241424393897143 -0.025666727664174011 -0.0010274466637042201 0.007116482769938942 -0.0076441721871709726 -0.037027890652046293 0.055200140565422794 -0.0043557191963452578 -0.053143830018958012 0.051186482883702915 0.036652385497264656 0.022084957588082165
leaf_weight=5.4920644685626021 63.924229249358177 4.5116534084081668 369.95815600454807 212.68967074155807 6.0094082802534103 19.459821492433548 10.688986912369726 281.08149047195911 6.2521515786647779 6.5995906740426999 4.0284515619277954 5.6542061865329742
leaf_count=36 294 21 1632 996 27 90 46 1304 34 34 23 28
internal_value=3.62481e-07 0.0030591 0.00232641 0.00194541 -0.0048073 -0.00395631 0.00617373 -0.00647122 -0.0308444 0.0237827 0.00372981 0.0377583
internal_weight=996.35 608.934 588.14 582.648 387.416 375.155 74.6132 300.541 12.2616 20.7939 8.5401 12.2538
internal_count=4565 2770 2664 2628 1795 1734 340 1394 61 106 44 62
is_linear=0
shrinkage=0.04


Tree=72
num_leaves=14
num_cat=0
split_feature=40 1 21 28 21 40 15 22 6 10 25 10 22
split_gain=8.67665 11.9293 12.1282 9.70306 9.47837 6.18509 11.5329 6.56819 10.8939 8.23031 5.16249 1.64078 0.233277
threshold=0.47146007809432716 2.4030757235518654 0.00084488046542125015 0.97437206078636029 0.00121051980787445 0.54442175798176839 -0.0015536787994539999 1.0931708504323761 2.9372170048106014e-05 0.00035220851847540005 0.50000000000000011 0.00027507231168965007 -0.028095440051313897
decision_type=2 2 2 2 2 2 2 2 2 2 2 2 2
left_child=1 2 3 -1 -4 7 -7 9 -9 -2 -8 12 -3
right_child=5 11 4 -5 -6 6 10 8 -10 -11 -12 -13 -14
leaf_value=0.010292081335497439 0.0017454177839694629 0.045775571557192168 -0.055314761573947858 -0.042334791740122182 0.012381971553993582 0.030031532345248572 -0.031024436589695767 -0.031465326422194059 0.0090487992893215387 -0.012521129337056125 -0.0080318519600072642 0.023425049751308723 0.058647144417660099
leaf_weight=147.04116991907358 626.09700071811676 3.8121425211429587 8.9707110077142698 5.82765108346939 5.2433657348155966 8.7414777874946576 29.914407446980476 27.068380862474442 17.474628806114197 72.155509322881699 32.707893401384354 4.2635443657636634 5.5076325982809058
leaf_count=723 2833 20 43 24 26 39 136 119 80 327 149 20 26
internal_value=2.21284e-07 0.00793032 0.00499966 0.00828584 -0.0303424 -0.00175951 -0.0130075 -0.000678866 -0.0155713 0.000271152 -0.0190153 0.0439792 0.0533822
internal_weight=994.826 180.666 167.083 152.869 14.2141 814.159 71.3638 742.796 44.543 698.253 62.6223 13.5833 9.31978
internal_count=4565 882 816 747 69 3683 324 3359 199 3160 285 66 46
is_linear=0
shrinkage=0.04


Tree=73
num_leaves=12
num_cat=0
split_feature=29 31 36 31 30 31 15 31 34 32 28
split_gain=5.48424 7.75291 6.59569 6.07662 6.78386 6.69274 5.40649 4.34706 4.4071 1.81078 1.64434
threshold=0.0086162688275127023 0.99912555776963508 0.56019070726495956 0.71582587707627254 0.058796841884657697 0.72155151470444434 0.0018378148921172502 0.94895763879931427 0.11430317185088598 0.00034052161888677694 0.73821995462356027
decision_type=2 2 2 2 2 2 2 2 2 2 2
left_child=1 7 -3 4 -2 -5 -7 8 -1 -4 -6
right_child=3 2 9 5 10 6 -8 -9 -10 -11 -12
leaf_value=0.0057043874767132201 -0.012914854744026479 0.037845430226123432 0.0036358957387719317 -0.052775064345414083 0.021475896147058183 -0.00011496433071177859 0.018245128489903437 -0.061823465249496286 -0.033905354190116456 -0.031324159834634442 0.053198273056951184
leaf_weight=6.9249444603920045 5.2864955514669445 6.6279850751161602 4.6562713235616666 3.8018327206373206 4.0599915385246259 906.09140940755606 26.40967869758606 4.9807397723197928 12.804933324456213 4.8288811445236206 7.3429718166589737
leaf_count=34 24 32 21 17 21 4151 127 24 58 22 34
internal_value=5.20287e-07 -0.0143561 0.00723062 0.000615523 0.0245395 0.000189082 0.000405018 -0.0284323 -0.0200028 -0.0141622 0.0419036
internal_weight=993.816 40.8238 16.1131 952.992 16.6895 936.303 932.501 24.7106 19.7299 9.48515 11.403
internal_count=4565 191 75 4374 79 4295 4278 116 92 43 55
is_linear=0
shrinkage=0.04


Tree=74
num_leaves=15
num_cat=0
split_feature=40 28 25 40 2 8 28 28 32 2 33 18 31 36
split_gain=8.00174 8.73269 15.4594 11.7218 8.79434 7.29567 7.23353 6.87634 17.9323 10.4694 10.2068 9.47604 6.49759 4.60435
threshold=0.49912859723228747 0.94873804107777582 0.75000000000000011 0.45479808938102467 -0.047950851613403143 0.0021656955975816504 0.95294288448969655 0.94922026239624413 0.0002745696318461036 -0.019085569341133698 0.2105263157894737 1.0000000180025095e-35 0.99291269916157754 0.64050054706191262
decision_type=2 2 2 2 2 2 2 2 2 2 2 2 2 2
left_child=1 4 3 -3 -1 -6 -4 10 12 -10 11 -2 -9 -12
right_child=7 2 6 -5 5 -7 -8 8 9 -11 13 -13 -14 -15
leaf_value=-0.031527098249111526 0.00095345328268267918 0.027137054892587564 -0.034964355052110548 -0.030427977746584133 0.0056290819772918414 0.045455089757001958 0.02075990823262298 -0.044861039600586808 0.070256943784234319 0.0076388135462917752 -0.048391992131070191 -0.013162105588320627 0.010833137760382498 -0.0064401442478445522
leaf_weight=10.056635141372679 174.88730874657631 6.5239719152450553 4.3211361318826702 42.725799962878227 438.03442230820656 7.4853152781724921 27.116543263196945 14.533063635230066 4.4535652101039878 104.84935817122459 13.237984761595728 134.70449315011501 4.3562336713075629 6.1215029507875434
leaf_count=44 789 29 19 175 2033 37 129 70 20 485 66 619 20 30
internal_value=5.15343e-07 0.00331507 -0.00881385 -0.0228025 0.00546324 0.00629821 0.0131006 -0.00388771 0.00397093 0.0101902 -0.00695022 -0.00518828 -0.0320169 -0.0351267
internal_weight=993.407 536.264 80.6875 49.2498 455.576 445.52 31.4377 457.144 128.192 109.303 328.951 309.592 18.8893 19.3595
internal_count=4565 2466 352 204 2114 2070 148 2099 595 505 1504 1408 90 96
is_linear=0
shrinkage=0.04


Tree=75
num_leaves=13
num_cat=0
split_feature=40 1 15 19 21 27 15 29 31 38 34 3
split_gain=7.55062 11.0594 11.4354 9.26269 6.13569 6.02377 6.64158 6.26286 6.83807 6.49442 3.02446 1.72524
threshold=0.47146007809432716 2.4030757235518654 0.00096118604561485005 -2.3169777120899009 0.00121051980787445 0.32406314181090823 8.6951486690723138e-05 0.0086162688275127023 0.7009836618777493 0.57508916136138 0.14844459420580644 0.0045518362386005014
decision_type=2 2 2 2 2 2 2 2 2 2 2 2
left_child=1 2 3 -1 -4 7 10 9 -9 -2 -7 -3
right_child=5 11 4 -5 -6 6 -8 8 -10 -11 -12 -13
leaf_value=-0.041358049496657737 0.02711519627292332 0.028146774058184613 -0.04272258197656912 0.010048105169904745 0.012704456649954768 -0.061546122945732452 0.014372283246089985 0.044430145377970992 -0.00073946652197608674 -0.024940999296312178 -0.0187257173736343 0.057052318895682838
leaf_weight=5.8348187059164038 4.4163014590740195 6.5871849656105024 11.625273525714876 144.42340587079525 4.4068424701690665 6.251892223954199 4.4960558861494055 5.4006260037422171 757.93094015866518 29.109986737370491 4.5671146363019943 6.62791408598423
leaf_count=28 22 33 55 711 22 27 20 27 3428 139 20 33
internal_value=2.56828e-07 0.00742449 0.00462558 0.0080519 -0.027487 -0.00164064 -0.0264892 -0.00116306 -0.000419888 -0.0180838 -0.04347 0.0426441
internal_weight=991.678 179.505 166.29 150.258 16.0321 812.173 15.3151 796.858 763.332 33.5263 10.819 13.2151
internal_count=4565 882 816 739 77 3683 67 3616 3455 161 47 66
is_linear=0
shrinkage=0.04


Tree=76
num_leaves=13
num_cat=0
split_feature=40 23 1 36 35 13 40 10 21 36 37 21
split_gain=7.25849 8.43257 10.0359 7.31112 6.89303 7.39072 7.51967 5.46978 7.85628 7.7614 4.45093 0.692827
threshold=0.54442175798176839 0.19657199105054568 0.75634617163677842 0.4406632181409133 0.74203682907131852 0.00047524064138345008 0.43379560854138782 0.00026664743156490004 0.0011345953258588002 0.50289939174733378 0.081256269648511278 0.00055145716720355015
decision_type=2 2 2 2 2 2 2 2 2 2 2 2
left_child=4 10 3 -3 5 6 -1 8 -6 -9 -2 -4
right_child=1 2 11 -5 7 -7 -8 9 -10 -11 -12 -13
leaf_value=0.043579563068033671 -0.0034281764839196854 -0.050666811785827534 -0.03989745584624578 -0.0044696596171144038 0.00025357020454659955 0.053724336994383282 0.0045913443140482317 0.008185499306246069 0.021953732150419559 -0.013669483198156874 0.051901778364778925 -0.060502857559036317
leaf_weight=8.6606036946177465 4.8495012074708921 6.2559499889612189 4.2942726910114271 44.257819414138794 653.70620725303888 5.9785104244947425 91.939461275935173 35.630579493939877 27.830282442271709 96.181295216083527 4.4707569777965546 6.660079151391983
leaf_count=51 22 28 20 204 2998 29 424 164 135 440 20 30
internal_value=7.38368e-07 -0.0123418 -0.0177177 -0.010191 0.000950496 0.0105156 0.00794782 -0.000302891 0.00113969 -0.00776178 0.0231126 -0.0524252
internal_weight=990.715 70.7884 61.4681 50.5138 919.927 106.579 100.6 813.348 681.536 131.812 9.32026 10.9544
internal_count=4565 324 282 232 4241 504 475 3737 3133 604 42 50
is_linear=0
shrinkage=0.04


Tree=77
num_leaves=13
num_cat=0
split_feature=40 31 35 39 32 23 31 32 35 23 7 39
split_gain=6.92208 5.28981 5.84884 8.15704 5.13523 10.6214 10.9917 10.3553 13.1547 12.1359 5.28161 4.36325
threshold=0.50067672376727679 0.48842378010498194 1.5507727725969824 0.054276252461718223 0.00046145877511393857 0.083497673977934658 0.99291269916157754 0.00037914804575910375 1.1591071632136385 -0.22143888040372192 -0.0010539564967231997 0.2028275331281634
decision_type=2 2 2 2 2 2 2 2 2 2 2 2
left_child=1 -1 3 -3 7 10 -7 9 -9 -2 -6 -4
right_child=4 2 11 -5 5 6 -8 8 -10 -11 -12 -13
leaf_value=-0.04975269088749671 0.022280476991629276 0.0051548634549918185 -0.0033577671582800768 -0.005438148015269444 0.0013272965646566851 0.0010601831161444343 -0.037309821193868574 0.016555680932310735 -0.022413501999592321 -0.010337112160419796 -0.049183188356729274 0.039411387317412817
leaf_weight=3.0644666403532019 20.473521366715431 424.42406345158815 5.6166408360004452 160.21417243778706 4.2198486775159862 68.781209543347359 14.456043317914007 76.450288891792297 16.928998067975044 168.13661970198154 15.400260642170904 11.908193469047545
leaf_count=13 92 1970 26 707 22 322 74 333 77 785 90 54
internal_value=6.76557e-07 0.00266771 0.00293449 0.00225196 -0.00419363 -0.0118442 -0.00560364 -0.00140303 0.00949085 -0.00679649 -0.0383195 0.025704
internal_weight=990.074 605.228 602.163 584.638 384.847 102.857 83.2373 281.989 93.3793 188.61 19.6201 17.5248
internal_count=4565 2770 2757 2677 1795 508 396 1287 410 877 112 80
is_linear=0
shrinkage=0.04


Tree=78
num_leaves=11
num_cat=0
split_feature=40 15 23 1 35 13 40 29 31 3
split_gain=6.65459 10.3961 6.38937 6.83716 6.28668 6.87608 7.12662 6.06004 6.41016 6.0913
threshold=0.54442175798176839 -0.0015536787994539999 0.19657199105054568 0.75634617163677842 0.74203682907131852 0.00047524064138345008 0.43379560854138782 0.0086162688275127023 1.0243269819272454 0.0023561831495958006
decision_type=2 2 2 2 2 2 2 2 2 2
left_child=4 -2 -3 -4 5 6 -1 8 -6 -9
right_child=1 2 3 -5 7 -7 -8 9 -10 -11
leaf_value=0.042766546375930289 0.028970373501992316 0.014825417811720245 -0.015542921588825667 -0.051257530396072157 -0.030897683506031864 0.052001842140601238 0.0043574783846570229 -0.0017380260950890572 0.0090179228458939793 0.00625333950584367
leaf_weight=8.4403410479426366 8.7443951964378339 8.3852523565292341 42.580422028899193 10.739489093422888 20.041407689452175 5.9076572358608237 91.740087047219276 574.77035558968782 9.4833374917507154 207.78133104741573
leaf_count=51 39 38 197 50 94 29 424 2625 44 974
internal_value=-8.4542e-08 -0.0118476 -0.0176321 -0.0227364 0.000908962 0.0100664 0.0075935 -0.000287352 -0.0180768 0.000383823
internal_weight=988.614 70.4496 61.7052 53.3199 918.165 106.088 100.18 812.076 29.5247 782.552
internal_count=4565 324 285 247 4241 504 475 3737 138 3599
is_linear=0
shrinkage=0.04


Tree=79
num_leaves=13
num_cat=0
split_feature=40 1 7 27 3 27 15 6 28 14 34 3
split_gain=6.39031 10.419 10.9003 9.36066 6.87865 5.57319 6.14433 5.78162 9.48857 7.57147 2.85187 1.67437
threshold=0.47146007809432716 2.4030757235518654 0.00053048135684705014 0.17002421148387833 0.0026473978135586503 0.32406314181090823 8.6951486690723138e-05 -0.00044768918554014995 0.87872590232280945 8.2454652729163682e-05 0.14844459420580644 0.0045518362386005014
decision_type=2 2 2 2 2 2 2 2 2 2 2 2
left_child=1 2 3 -1 -4 7 10 8 -2 -9 -7 -3
right_child=5 11 4 -5 -6 6 -8 9 -10 -11 -12 -13
leaf_value=0.0050626049530399439 0.027154965528670076 0.027121852075734282 -0.038399693703987652 0.042401876274590189 0.010377345339849735 -0.059567305496080865 0.013881887364362721 -0.0060282660786696333 -0.0011954615792940122 0.0022427233053813746 -0.017815251029080534 0.055942923551531416
leaf_weight=132.44857613742352 29.510064333677292 6.4743901938199979 14.329236559569837 11.690391279757021 6.8311352133750907 6.1941494196653348 4.4730486124753943 383.39337648451328 52.479654014110565 329.09090010821819 4.5332112610340118 6.4264467805624008
leaf_count=655 129 33 68 58 35 27 20 1748 243 1496 20 33
internal_value=-1.75169e-07 0.00685741 0.00415537 0.00809101 -0.0226532 -0.00150945 -0.0255016 -0.00105042 0.00900854 -0.00220796 -0.0419236 0.0414788
internal_weight=987.875 178.2 165.299 144.139 21.1604 809.674 15.2004 794.474 81.9897 712.484 10.7274 12.9008
internal_count=4565 882 816 713 103 3683 67 3616 372 3244 47 66
is_linear=0
shrinkage=0.04


Tree=80
num_leaves=15
num_cat=0
split_feature=40 19 31 38 13 35 25 8 29 34 26 10 25 10
split_gain=6.10005 7.72962 9.26373 8.34934 10.352 5.83805 8.21534 6.52071 5.66717 6.25855 4.9563 4.57166 3.30869 2.81903
threshold=0.54442175798176839 -1.6019879451683001 0.85210703799611454 0.88846408991362513 -7.8026280194004285e-05 0.74203682907131852 0.90000000000000013 -0.00019095414596639998 0.0086162688275127023 0.27013919462251973 0.020212089922682284 0.00032446288731320005 0.75000000000000011 -0.00029914248334749995
decision_type=2 2 2 2 2 2 2 2 2 2 2 2 2 2
left_child=5 2 10 4 -3 6 7 -1 9 -7 -2 -10 -5 -4
right_child=1 3 13 12 -6 8 -8 -9 11 -11 -12 -13 -14 -15
leaf_value=-0.010023788014591221 -0.05108034095781986 -0.038215463809386951 0.055010330981644449 -0.048202890101080184 0.013429716747463372 -0.029070479584194446 0.044113685340677798 0.01286534477990499 0.0015011154303611243 0.011979650046966429 0.0084005141612057549 -0.0078704201256411845 -0.014684480887125585 0.015383544311813211
leaf_weight=28.274967342615128 4.4938563853502291 9.6622416973114031 5.0882053226232529 15.584911450743677 17.380097925662994 21.12769249081612 10.050821915268896 67.343615412712097 687.33738579601049 8.2678862661123258 4.471868097782135 94.7695676907897 6.7541436254978171 6.5958760529756528
leaf_count=129 21 45 22 74 81 99 62 313 3164 39 20 435 31 30
internal_value=2.43095e-07 -0.0113787 0.00917152 -0.0199722 -0.00502313 0.000869091 0.00971289 0.0060969 -0.0002825 -0.0175246 -0.0214129 0.000365546 -0.0380687 0.0326403
internal_weight=987.203 70.0312 20.6498 49.3814 27.0423 917.172 105.669 95.6186 811.503 29.3956 8.96572 782.107 22.3391 11.6841
internal_count=4565 324 93 231 126 4241 504 442 3737 138 41 3599 105 52
is_linear=0
shrinkage=0.04


Tree=81
num_leaves=12
num_cat=0
split_feature=40 31 35 31 8 29 29 26 22 9 13
split_gain=5.84531 5.29281 8.24636 6.15734 9.25519 9.05824 5.18643 5.93956 22.7884 10.142 3.67768
threshold=0.50067672376727679 1.3044445419139556 0.96346304746378808 0.99912555776963508 -0.00098174753391034979 0.0088292874025685999 0.13355123401423605 0.020207224050608954 0.23689350852723012 0.00027242160553826245 -0.00022439984860929995
decision_type=2 2 2 2 2 2 2 2 2 2 2
left_child=1 3 -3 5 -5 -1 7 8 -2 -9 -8
right_child=6 2 -4 4 -6 -7 10 9 -10 -11 -12
leaf_value=-0.032160271910285435 0.044456526567425526 -0.049343633294438131 0.015833522201945237 -0.031562836434286451 0.013910090387727829 0.0018635299403112105 -0.0084897692619272189 -0.023913465549030757 -0.015919240752107315 -0.0022291788304326537 -0.052819296718897145
leaf_weight=12.872853636741636 18.300924971699715 7.6583905369043332 5.224951833486557 7.6433749198913565 113.57575353980064 456.52590122818947 6.2436393350362778 39.145829394459724 22.059023901820183 291.45031240582466 5.7538986802101117
leaf_count=56 81 32 22 34 528 2098 29 185 105 1363 32
internal_value=-1.05843e-07 0.00245268 -0.0229105 0.00300593 0.0110428 0.000930457 -0.00386548 -0.00302832 0.0114577 -0.00479681 -0.0297498
internal_weight=986.455 603.501 12.8833 590.618 121.219 469.399 382.954 370.956 40.3599 330.596 11.9975
internal_count=4565 2770 54 2716 562 2154 1795 1734 186 1548 61
is_linear=0
shrinkage=0.04


Tree=82
num_leaves=13
num_cat=0
split_feature=40 1 15 28 23 24 21 22 32 23 8 31
split_gain=5.65844 9.87706 10.1911 8.92462 8.72618 5.2449 5.87555 7.49261 5.07726 6.1531 2.13594 1.63352
threshold=0.47146007809432716 2.4030757235518654 0.00096118604561485005 0.97437206078636029 0.45019366381527109 0.22499999999962497 -0.0020619986182872996 -1.1580092827721378 0.00046781842482638701 0.71995309727199308 -0.0024686431615478497 0.93832301213153657
decision_type=2 2 2 2 2 2 2 2 2 2 2 2
left_child=1 2 3 -1 -4 6 -2 -8 9 -7 -10 -3
right_child=5 11 4 -5 -6 8 7 -9 10 -11 -12 -13
leaf_value=0.009109182898184548 0.037021017067973561 0.025806461662736049 0.014347751652330286 -0.041460134862151617 -0.047687286004183232 0.013631942057009919 -0.04039343065089885 -0.00063543847420197217 -0.015729139195990557 -0.024839444000104821 -0.05294175867850507 0.054568303015453012
leaf_weight=142.70389321446419 6.547086924314498 6.1681454479694349 5.5255832597613361 5.8112651258707038 10.564590156078337 12.561615973711016 7.6609165817499152 756.34422707557678 3.8806412369012833 14.138669297099112 6.7791276723146421 6.4771702066063881
leaf_count=715 29 31 29 24 48 57 36 3439 20 66 36 35
internal_value=-4.94711e-07 0.00647157 0.00385445 0.00713045 -0.0263836 -0.00142042 -0.000710764 -0.0010341 -0.0160571 -0.00673991 -0.0393947 0.0405388
internal_weight=985.163 177.251 164.605 148.515 16.0902 807.912 770.552 764.005 37.3601 26.7003 10.6598 12.6453
internal_count=4565 882 816 739 77 3683 3504 3475 179 123 56 66
is_linear=0
shrinkage=0.04


Tree=83
num_leaves=8
num_cat=0
split_feature=40 40 15 23 39 0 40
split_gain=5.65334 5.26933 9.0408 5.79909 5.57651 9.68427 8.8659
threshold=0.2555297309609284 0.54442175798176839 -0.0015536787994539999 0.19657199105054568 0.054276252461718223 77.954976071274203 0.40195201152304721
decision_type=2 2 2 2 2 2 2
left_child=-1 4 -3 -4 6 -6 -2
right_child=1 2 3 -5 5 -7 -8
leaf_value=0.041610389150547863 0.022723600573387456 0.027282066774025435 0.01457413392376352 -0.021241418403083058 -0.0054766625403754304 0.039225721838130986 0.0015360755792303597
leaf_weight=5.1965799480676642 33.350739397108555 8.7076743543148023 8.3917178362607938 52.398844942450523 266.3824667930603 7.9864678531885138 601.83565586060286
leaf_count=36 185 39 38 247 1211 38 2771
internal_value=-2.30306e-07 -0.000221089 -0.0108371 -0.0162973 0.000590071 -0.00417544 0.00264854
internal_weight=984.25 979.054 69.4982 60.7906 909.555 274.369 635.186
internal_count=4565 4529 324 285 4205 1249 2956
is_linear=0
shrinkage=0.04


Tree=84
num_leaves=8
num_cat=0
split_feature=40 34 23 20 6 22 21
split_gain=5.35472 5.06379 8.66345 8.24389 6.97719 9.42384 9.2688
threshold=0.2555297309609284 0.12664700257163947 -0.55317891637436289 0.0026349677429147005 2.7138131752623229e-05 1.3794573285814835 -0.00011048908551034999
decision_type=2 2 2 2 2 2 2
left_child=-1 2 -2 -4 5 -3 -6
right_child=1 4 3 -5 6 -7 -8
leaf_value=0.041038056076998071 -0.044042304130440225 -0.0071099151691677021 0.0021987165466350869 0.051718869129444116 0.024142416491122479 -0.053256035765846858 -0.0016718417798361554
leaf_weight=5.0610435083508483 6.4248322546482077 201.36012864857912 572.49442578107119 5.4298478066921225 25.86745023727417 7.3387887328863135 159.35118392109871
leaf_count=36 31 925 2648 28 117 33 747
internal_value=-8.73687e-08 -0.000212397 0.00215045 0.00266398 -0.00371752 -0.00873262 0.00193335
internal_weight=983.328 978.267 584.349 577.924 393.918 208.699 185.219
internal_count=4565 4529 2707 2676 1822 958 864
is_linear=0
shrinkage=0.04


Tree=85
num_leaves=8
num_cat=0
split_feature=40 40 15 37 39 33 40
split_gain=5.07246 4.8717 8.42123 5.55807 5.18027 10.9897 8.28161
threshold=0.2555297309609284 0.54442175798176839 -0.0015536787994539999 0.043249906432609612 0.054276252461718223 -0.31578947368421051 0.40195201152304721
decision_type=2 2 2 2 2 2 2
left_child=-1 4 -3 -4 6 -6 -2
right_child=1 2 3 -5 5 -7 -8
leaf_value=0.040478241078357229 0.02207675383801122 0.026307489928241726 -0.026247697405873339 -0.0017296663205667738 -0.029330619411385709 -0.0014860536190630408 0.0014899523599740951
leaf_weight=4.9284881278872481 32.97857078909874 8.7193784415721876 34.531366065144539 25.881414800882339 24.949265748262405 249.25019466131926 601.6671926677227
leaf_count=36 185 39 166 119 116 1133 2771
internal_value=8.6583e-08 -0.000203902 -0.0104401 -0.0157439 0.000574728 -0.00401962 0.00255972
internal_weight=982.906 977.977 69.1322 60.4128 908.845 274.199 634.646
internal_count=4565 4529 324 285 4205 1249 2956
is_linear=0
shrinkage=0.04


Tree=86
num_leaves=9
num_cat=0
split_feature=20 1 8 8 34 20 24 30
split_gain=5.00329 6.57177 7.37131 7.72282 5.41943 2.75238 2.18508 0.411943
threshold=0.0026394521373400504 -3.8265029169542677 -0.0020876884250603995 -0.0015366749939814998 0.22820584232021454 0.0026035665578936005 0.24166666666626388 0.053730067578333367
decision_type=2 2 2 2 2 2 2 2
left_child=1 6 5 -4 7 -3 -1 -2
right_child=4 2 3 -5 -6 -7 -8 -9
leaf_value=-0.054293865304387873 0.05642866316397014 0.055573002587877424 -0.019844133102490082 0.0002736358639497519 -0.0030551515973920246 0.014977865292027482 -0.015031854066277306 0.037621326897862767
leaf_weight=4.435457304120062 3.7384720593690854 4.7533328384160978 31.582688085734844 916.5503137409687 6.4343328177928925 6.1037099212408066 4.6411870121955872 3.7151308357715607
leaf_count=20 20 22 150 4250 28 29 26 20
internal_value=1.33404e-07 -0.000341853 -2.12229e-05 -0.000396495 0.0238385 0.0327509 -0.0342179 0.0470544
internal_weight=981.955 968.067 958.99 948.133 13.8879 10.857 9.07664 7.4536
internal_count=4565 4497 4451 4400 68 51 46 40
is_linear=0
shrinkage=0.04


Tree=87
num_leaves=6
num_cat=0
split_feature=40 3 9 6 32
split_gain=4.80723 4.76502 4.69413 12.1306 10.3394
threshold=0.2555297309609284 0.00040177023238160004 0.00023748452741767986 0.00012971113803580001 0.0002469267206095704
decision_type=2 2 2 2 2
left_child=-1 -2 3 -3 -4
right_child=1 2 4 -5 -6
leaf_value=0.039924480864203769 0.034706432991217166 -0.012899315825751729 0.022297350117456486 0.016609178810212781 -0.00019413047459170883
leaf_weight=4.8018870577216139 6.2186955213546744 114.23136328160763 34.106182813644409 27.693641871213913 794.56391999870539
leaf_count=36 36 521 155 127 3690
internal_value=2.36583e-07 -0.000196026 -0.000419649 -0.00714136 0.000731568
internal_weight=981.616 976.814 970.595 141.925 828.67
internal_count=4565 4529 4493 648 3845
is_linear=0
shrinkage=0.04


Tree=88
num_leaves=12
num_cat=0
split_feature=40 15 37 3 27 3 40 9 33 32 20
split_gain=4.66015 7.72106 5.17236 12.4663 4.86204 7.66066 8.72473 6.05117 12.2615 8.52992 4.71436
threshold=0.54442175798176839 -0.0015536787994539999 0.043249906432609612 0.0021820120921595505 0.17521396603351416 0.0043550249411501507 0.47872270502607428 0.00023027528044563034 1.0000000180025095e-35 0.00023808662487974626 0.0026016070318007505
decision_type=2 2 2 2 2 2 2 2 2 2 2
left_child=4 -2 10 -4 7 6 -6 8 -1 -9 -3
right_child=1 2 3 -5 5 -7 -8 9 -10 -11 -12
leaf_value=-0.020136720043954663 0.025188521060687998 -0.031474403966039372 0.038240659492163057 -0.021010592880851719 0.048695625075037337 -0.033106306708565597 0.0053297295286592909 0.025383566142181214 0.007029592761340523 0.00067707403349688317 0.010878240548558569
leaf_weight=62.897290721535683 8.6890551745891553 29.215285807847977 8.4384333193302172 17.390051871538162 12.204492799937727 4.5759280472993842 18.946306943893433 23.050387129187584 46.042287893593311 744.89194653183222 4.9121978729963294
leaf_count=284 39 142 38 81 62 22 86 105 222 3460 24
internal_value=4.4454e-07 -0.0100505 -0.0151575 -0.0016526 0.000756462 0.0152209 0.0223199 0.000167139 -0.00865513 0.00141866 -0.0253783
internal_weight=981.254 68.645 59.956 25.8285 912.609 35.7267 31.1508 876.882 108.94 767.942 34.1275
internal_count=4565 324 285 119 4241 170 148 4071 506 3565 166
is_linear=0
shrinkage=0.04


Tree=89
num_leaves=15
num_cat=0
split_feature=32 1 9 22 8 24 33 20 22 25 23 22 13 22
split_gain=4.68842 13.3998 11.1284 12.4319 8.84597 6.64287 7.65626 6.23436 5.78163 4.64697 3.97664 3.13931 5.88089 1.47065
threshold=0.0001738218932144925 -0.29721739345768577 0.00021888268676519885 -0.40415657519710574 0.00028159404148550001 0.024999999999958254 1.0000000180025095e-35 0.0026394521373400504 0.29407422390669419 0.75000000000000011 4.9326471548558279 -0.033105112588833897 -1.2249010213826515e-05 0.12551477186218818
decision_type=2 2 2 2 2 2 2 2 2 2 2 2 2 2
left_child=1 8 3 9 -5 6 -4 -7 -1 -2 -10 12 -3 -13
right_child=2 11 5 4 -6 7 -8 -9 10 -11 -12 13 -14 -15
leaf_value=-0.048666651762139281 -0.0046291354992732967 -0.015810554141945314 0.01499475667716379 -0.032737082604109943 0.0080690438165382586 -0.0017820762586125596 -0.00080004567976634325 0.028773971381740329 0.024671889489103618 0.049286781036717908 -0.022426651820329435 0.064579763412372232 0.041439048812890407 0.035806364111010257
leaf_weight=5.4327727407217052 4.8944571465253812 5.2018231898546219 97.756014451384544 42.457207083702087 10.627556085586546 667.24916421622038 98.660153441131115 10.857442170381544 5.810488283634184 5.3573887050151825 5.6644939929246902 3.9515839517116538 6.4068630114197749 10.123066827654837
leaf_count=23 25 24 451 188 51 3101 467 54 26 24 26 21 34 50
internal_value=2.8224e-07 0.0129801 -0.000589173 -0.0167799 -0.0245677 0.000583424 0.007061 -0.00129283 -0.0146722 0.0235461 0.00142223 0.0311842 0.0157856 0.0438848
internal_weight=980.45 42.5911 937.859 63.3366 53.0848 874.523 196.416 678.107 16.9078 10.2518 11.475 25.6833 11.6087 14.0747
internal_count=4565 204 4361 288 239 4073 918 3155 75 49 52 129 58 71
is_linear=0
shrinkage=0.04


Tree=90
num_leaves=10
num_cat=0
split_feature=40 34 35 26 32 25 30 31 22
split_gain=4.54911 4.56774 11.5685 14.2851 10.7399 5.68557 8.33618 7.82768 2.51147
threshold=0.27426634215569673 0.070870970291075558 0.83415085494645391 0.020207583584825013 0.00019058940736424893 0.90000000000000013 0.02490990834222705 0.92801402869362593 0.14347933374152819
decision_type=2 2 2 2 2 2 2 2 2
left_child=8 2 3 -2 -4 7 -7 -3 -1
right_child=1 5 4 -5 -6 6 -8 -9 -10
leaf_value=0.048667354062198687 -0.010788087283670422 -0.0076740455622686431 0.029436191665678246 0.02460076048121676 -0.0033438978917802523 0.033104982995021334 0.0011369161365579513 0.0020399934988539607 0.0023835093953471858
leaf_weight=4.7377141639590254 24.69110631942749 325.75028149783611 17.183695033192635 69.962689578533173 230.5647839307785 16.419025637209415 63.630639091134071 223.98763721436262 3.105305477976799
leaf_count=34 114 1490 84 334 1062 85 320 1022 20
internal_value=5.93478e-07 -0.000244183 0.00347428 0.0153693 -0.00107029 -0.00226584 0.0076939 -0.00371611 0.0303421
internal_weight=980.033 972.19 342.402 94.6538 247.748 629.788 80.0497 549.738 7.84302
internal_count=4565 4511 1594 448 1146 2917 405 2512 54
is_linear=0
shrinkage=0.04


Tree=91
num_leaves=10
num_cat=0
split_feature=9 9 6 10 23 24 20 23 35
split_gain=4.36011 4.81572 10.748 12.4481 7.78031 6.19457 8.34502 6.82856 4.61019
threshold=0.00014208465409696738 0.00023748452741767986 0.00012971113803580001 9.8475361900264105e-05 3.2071196733322793 0.024999999999958254 0.0025937121609676504 -0.55317891637436289 0.92217705905261138
decision_type=2 2 2 2 2 2 2 2 2
left_child=8 2 3 -2 -4 6 -3 -7 -1
right_child=1 5 4 -5 -6 7 -8 -9 -10
leaf_value=0.059252709094070405 -0.0073295904040575456 0.01501414299497029 0.0059230122896626117 -0.045994844590177955 0.064114765003416355 -0.034087379583608808 -0.0020341129059486497 -0.00046591956924829647 0.0041899337275551427
leaf_weight=4.0369138717651349 94.445176988840103 101.73468774557114 22.768705770373348 15.510294720530508 4.3839818686246863 9.8142468929290754 83.764610216021538 636.90788258612156 6.1229573786258698
leaf_count=22 436 470 105 69 20 47 401 2963 32
internal_value=9.54345e-07 -0.000272269 -0.00721839 -0.0127837 0.0153185 0.000872103 0.00731578 -0.000976138 0.0260685
internal_weight=979.489 969.33 137.108 109.955 27.1527 832.221 185.499 646.722 10.1599
internal_count=4565 4511 630 505 125 3881 871 3010 54
is_linear=0
shrinkage=0.04


Tree=92
num_leaves=9
num_cat=0
split_feature=40 32 9 22 34 30 28 39
split_gain=4.3196 4.29026 9.56097 11.3943 6.53505 8.52393 6.5733 6.10389
threshold=0.2555297309609284 0.0001738218932144925 0.00021888268676519885 -0.40415657519710574 0.11360171120888629 0.10712929007364212 0.8993171690929348 0.082946274970282244
decision_type=2 2 2 2 2 2 2 2
left_child=-1 4 3 -3 5 -2 -6 -4
right_child=1 2 7 -5 6 -7 -8 -9
leaf_value=0.038881827218387843 0.03544131540135486 0.022941045899658351 0.0023997433197094306 -0.02320444402329859 0.0099202814465272886 -0.026683195316883689 -0.044125197390516194 -0.0051283883819997688
leaf_weight=4.5506194308400145 21.17708615958691 10.208983913064001 632.40846635401249 53.053821533918381 11.393710851669313 4.2414950728416434 5.264339104294776 236.87275628745556
leaf_count=36 106 49 2948 239 55 20 23 1089
internal_value=1.02658e-06 -0.000180512 -0.000744241 -0.0157578 0.0123134 0.0250749 -0.00715937 0.000348383
internal_weight=979.171 974.621 932.544 63.2628 42.0766 25.4186 16.658 869.281
internal_count=4565 4529 4325 288 204 126 78 4037
is_linear=0
shrinkage=0.04


Tree=93
num_leaves=9
num_cat=0
split_feature=20 1 8 8 34 26 24 30
split_gain=4.29341 6.10461 6.63196 7.27351 5.12402 2.77652 1.98049 0.425945
threshold=0.0026394521373400504 -3.8265029169542677 -0.0020876884250603995 -0.0015366749939814998 0.22820584232021454 0.020216655532963732 0.24166666666626388 0.053730067578333367
decision_type=2 2 2 2 2 2 2 2
left_child=1 6 5 -4 7 -3 -1 -2
right_child=4 2 3 -5 -6 -7 -8 -9
leaf_value=-0.052418335464945551 0.055287688227736755 0.053496017955593438 -0.019307996876186385 0.00028957641142701181 -0.0036124497230059366 0.012698960706460472 -0.014888187814357266 0.035795547157565499
leaf_weight=4.3682838976383191 3.5920617878437024 4.8857993930578214 31.340137511491776 914.03411866724491 6.4316484779119492 5.8828595876693726 4.6387916654348373 3.5828283876180649
leaf_count=20 20 23 150 4250 28 28 26 20
internal_value=1.24155e-06 -0.000313316 -4.55533e-06 -0.000360103 0.0223137 0.0312088 -0.0330897 0.0455542
internal_weight=978.757 965.15 956.143 945.374 13.6065 10.7687 9.00708 7.17489
internal_count=4565 4497 4451 4400 68 51 46 40
is_linear=0
shrinkage=0.04


Tree=94
num_leaves=15
num_cat=0
split_feature=40 8 25 32 36 3 35 25 15 29 34 3 1 14
split_gain=4.275 7.35005 7.00212 6.67706 6.14141 5.66542 4.8312 7.66805 6.37592 5.08668 5.80597 5.33566 0.833773 0.0104241
threshold=0.54442175798176839 0.00044287975773955006 0.90000000000000013 0.00038332574921717485 0.4406632181409133 0.0036558974068713001 0.74203682907131852 0.90000000000000013 -0.00072460499387399992 0.0086162688275127023 0.27013919462251973 0.0023561831495958006 -0.45394866717469989 0.00048046514433085008
decision_type=2 2 2 2 2 2 2 2 2 2 2 2 2 2
left_child=6 2 4 -3 -2 -4 7 8 -1 10 -8 -11 -9 -5
right_child=1 3 5 13 -6 -7 9 12 -10 11 -12 -13 -14 -15
leaf_value=-0.022606919091308068 -0.04693393977482261 -0.00019091107571434719 -0.0039557585778814295 -0.055232459765374831 -0.0035429525098491666 0.059740716319821197 -0.027926901926862091 0.030667825463249785 0.0092093253742338912 -0.0016991276615780594 0.011705546720370259 0.0058146962014846383 0.054234319397879802 -0.058001299560852093
leaf_weight=11.462365508079527 6.0275201350450507 5.3797548562288275 4.2703091800212842 3.9405874013900739 38.908893644809723 4.6857544332742691 20.922966584563259 4.6480409651994705 83.430121637880802 570.97492576390505 8.2446021884679777 205.68339870125055 4.9709080010652524 4.8569433689117432
leaf_count=53 28 25 20 20 185 23 99 28 389 2625 39 974 34 23
internal_value=1.30067e-06 -0.00966793 -0.00292638 -0.0352948 -0.00936318 0.0293698 0.00072431 0.00881574 0.00536614 -0.000325106 -0.0167243 0.000290768 0.0428466 -0.0567611
internal_weight=978.407 68.0698 53.8925 14.1773 44.9364 8.95606 910.337 104.511 94.8925 805.826 29.1676 776.658 9.61895 8.79753
internal_count=4565 324 256 68 213 43 4241 504 442 3737 138 3599 62 43
is_linear=0
shrinkage=0.04


Tree=95
num_leaves=9
num_cat=0
split_feature=34 20 23 39 2 34 40 31
split_gain=4.19709 8.25304 7.78735 7.73612 7.53427 7.06664 10.1862 7.94703
threshold=0.14461440298649478 0.0026349677429147005 -0.55317891637436289 0.14073567748712545 -0.10524606517230124 0.23917616226589836 0.50697067600304846 0.95031600152034501
decision_type=2 2 2 2 2 2 2 2
left_child=1 2 -1 -4 -2 7 -7 -6
right_child=4 -3 3 -5 5 6 -8 -9
leaf_value=-0.041373812969626493 0.040110120369603007 0.049090061464345518 0.0039341772699468935 -0.0076013733447489297 -0.013865561680573228 0.011613529704514488 -0.014963961917243489 0.0030622836687839161
leaf_weight=6.7283862829208365 6.1664890050888053 5.8671683222055426 523.80189318954945 113.10296823829412 148.35970511287451 77.359922647476196 32.879356518387794 63.308284007012844
leaf_count=33 27 33 2452 517 690 357 159 297
internal_value=1.1912e-06 0.00186394 0.00143344 0.00188567 -0.00368657 -0.00452555 0.00368667 -0.00880257
internal_weight=977.574 649.5 643.633 636.905 328.074 321.907 110.239 211.668
internal_count=4565 3035 3002 2969 1530 1503 516 987
is_linear=0
shrinkage=0.04


Tree=96
num_leaves=10
num_cat=0
split_feature=40 32 1 9 22 26 32 40 22
split_gain=4.0571 4.01588 11.8222 8.84126 10.4909 5.90484 5.64458 3.43012 2.51761
threshold=0.27426634215569673 0.0001738218932144925 -0.32246794940192547 0.00021888268676519885 -0.40415657519710574 0.020206826159327278 0.00016315348653265683 0.50010714648199761 0.14347933374152819
decision_type=2 2 2 2 2 2 2 2 2
left_child=8 2 6 4 -3 -5 -2 -4 -1
right_child=1 3 7 5 -6 -7 -8 -9 -10
leaf_value=0.048138211325373083 -0.03315975301288137 0.021870041934315188 0.034644805423336304 0.043273712362248182 -0.022363725044050944 2.8992906975723789e-05 0.018669047913848245 -0.0029411277413411113 0.0010200420247069668
leaf_weight=4.5168226286768904 10.261737793684004 10.23440261185169 21.902050644159321 5.0818696916103354 53.02884016931057 859.13093462586403 5.0003798454999915 4.7225544154644004 3.0325643494725227
leaf_count=34 45 49 115 23 239 3996 23 21 20
internal_value=1.2569e-06 -0.000226228 0.0118887 -0.000773363 -0.0152078 0.000283287 -0.0161789 0.027978 0.029211
internal_weight=976.912 969.363 41.8867 927.476 63.2632 864.213 15.2621 26.6246 7.54939
internal_count=4565 4511 204 4307 288 4019 68 136 54
is_linear=0
shrinkage=0.04


Tree=97
num_leaves=11
num_cat=0
split_feature=31 31 23 30 34 32 2 22 8 22
split_gain=4.02408 6.86638 10.5135 7.16764 5.94623 7.96748 6.74718 4.84332 6.14469 3.74537
threshold=1.3044445419139556 1.120823071301208 1.2152307609757862 0.021231497968823013 0.12664700257163947 0.00016930137528147968 -0.10524606517230124 -0.6563825900891479 -2.2920214516867405e-05 1.163528556554889
decision_type=2 2 2 2 2 2 2 2 2 2
left_child=1 4 3 -3 5 -1 -6 -2 -9 -4
right_child=7 2 9 -5 6 -7 -8 8 -10 -11
leaf_value=0.024532789156699455 -0.054987927416337311 0.044621283377170563 0.040576656118766333 -0.011835888620510802 0.037925928617773864 0.0011725201605563616 -0.0050496464109291194 -0.034056257256990061 0.01726303572331727 0.0032104432700299957
leaf_weight=24.481006592512131 4.3920814245939281 4.2675701677799251 20.313866548240188 22.931104779243469 5.9407907873392096 510.4671892374754 363.23878434300423 7.1373261511325845 7.8264226317405674 5.4417159855365744
leaf_count=123 19 20 98 107 26 2385 1696 31 35 25
internal_value=1.51809e-06 0.000366694 0.0143662 -0.00297755 -0.000453251 0.00224156 -0.00435809 -0.0180552 -0.00721496 0.0326818
internal_weight=976.438 957.082 52.9543 27.1987 904.128 534.948 369.18 19.3558 14.9637 25.7556
internal_count=4565 4480 250 127 4230 2508 1722 85 66 123
is_linear=0
shrinkage=0.04


Tree=98
num_leaves=15
num_cat=0
split_feature=40 29 30 19 40 6 32 1 0 6 38 38 38 36
split_gain=3.90169 6.05691 8.81093 6.89729 10.3664 8.25855 6.54878 6.48149 5.71811 10.324 7.37938 7.97891 6.72735 3.96984
threshold=0.49912859723228747 0.015401544859228735 0.019782480794902604 -2.3169777120899009 0.49009557411139243 -0.0005229926446500998 0.00055032478184719759 0.43834569166710941 41.559165057842733 0.00016145290205690004 0.66072675844800177 0.76585012521199092 0.91754887975857879 0.61053047031545049
decision_type=2 2 2 2 2 2 2 2 2 2 2 2 2 2
left_child=1 2 6 4 -3 -5 -1 -4 9 12 13 -12 -2 -10
right_child=8 3 7 5 -6 -7 -8 -9 10 -11 11 -13 -14 -15
leaf_value=0.01409025508392495 0.0076732921701023384 -0.052264657209804097 -0.0088488407276676503 0.039484116113992933 0.0078836431715613269 0.0039948421775052 -0.02394088651772891 -0.050582237830008064 -0.013192837708168856 0.047275320940538233 0.015249945635333519 -0.0073282304879093863 -0.0076640556788059632 -0.047925968731322842
leaf_weight=24.878242030739784 98.7545051202178 8.5803027153015154 12.663450524210932 10.748380675911902 9.8449671268463117 438.63676646351814 10.220537699759005 11.238520614802836 11.38738287985325 7.8962975144386283 28.476906344294548 207.67656855285168 85.264894038438797 9.7929646819829923
leaf_count=114 455 40 54 55 42 2064 48 49 57 35 135 975 395 47
internal_value=1.60424e-06 0.00233702 -0.00974012 0.0038602 -0.0201263 0.00484367 0.00301583 -0.0284716 -0.00273701 0.00248858 -0.00663418 -0.00460561 0.000566773 -0.0292521
internal_weight=976.061 526.811 59.0008 467.81 18.4253 449.385 35.0988 23.902 449.25 191.916 257.334 236.153 184.019 21.1803
internal_count=4565 2466 265 2201 82 2119 162 103 2099 885 1214 1110 850 104
is_linear=0
shrinkage=0.04


Tree=99
num_leaves=11
num_cat=0
split_feature=35 31 8 22 31 23 34 3 3 3
split_gain=3.93803 5.45781 6.38583 8.24452 5.32329 8.5319 6.07398 4.9942 6.31509 4.20637
threshold=1.5507727725969824 1.3044445419139556 -2.2920214516867405e-05 -0.44619660711855785 1.120823071301208 1.2152307609757862 0.12664700257163947 0.0011306381674561503 0.0022733830883756505 0.0039330632404810514
decision_type=2 2 2 2 2 2 2 2 2 2
left_child=1 4 -3 -4 6 -6 -1 -2 -9 -10
right_child=7 2 3 -5 5 -7 -8 8 9 -11
leaf_value=0.0020194819931251538 0.052660468142142251 -0.054575701632370022 -0.036983510440664995 0.031788004800546957 -0.0034945146882352268 0.029736305390010608 -0.0047423441382696257 -0.021646832850131782 0.041547935457966444 -0.0062869083658156121
leaf_weight=526.21335954964161 4.7299049794673946 6.3456012010574367 5.8760056793689737 5.309225142002103 25.253534808754921 24.21564956754446 356.58724450320005 7.6658859103918102 8.1530305147171003 4.6012440621852866
leaf_count=2470 21 28 27 22 118 116 1665 35 39 24
internal_value=1.5833e-06 -0.000412094 -0.0225238 -0.00434016 3.70502e-06 0.0127723 -0.000711804 0.0156242 0.00704558 0.024291
internal_weight=974.951 949.801 17.5308 11.1852 932.27 49.4692 882.801 25.1501 20.4202 12.7543
internal_count=4565 4446 77 49 4369 234 4135 119 98 63
is_linear=0
shrinkage=0.04


Tree=100
num_leaves=6
num_cat=0
split_feature=40 40 10 15 34
split_gain=3.84372 3.73482 3.86799 6.51174 6.20851
threshold=0.2555297309609284 0.65956914723275706 0.00032446288731320005 0.0017339445573623501 0.0077255539825203581
decision_type=2 2 2 2 2
left_child=-1 2 3 -2 -4
right_child=1 -3 4 -5 -6
leaf_value=0.037763309570005212 0.00045161060499771108 -0.029446805444606167 -0.047949528822783236 0.024050857062846438 -0.0047168005618759175
leaf_weight=4.2938764095306388 827.70623465627432 6.919926553964614 5.5821240842342368 19.140322029590607 110.9533651843667
leaf_count=36 3859 32 26 97 515
internal_value=1.55777e-06 -0.000165549 4.47766e-05 0.000984998 -0.00678768
internal_weight=974.596 970.302 963.382 846.847 116.535
internal_count=4565 4529 4497 3956 541
is_linear=0
shrinkage=0.04


Tree=101
num_leaves=13
num_cat=0
split_feature=40 1 25 35 27 26 40 9 32 37 36 20
split_gain=3.68088 10.4845 6.11436 6.16831 4.97387 8.0541 14.1963 5.16506 8.83983 8.57438 3.15936 0.705169
threshold=0.54853695873468467 0.73173413169843127 0.90000000000000013 1.2989431735657615 0.17521396603351416 0.020210648966589532 0.47872270502607428 0.0002438946029156516 0.0002469267206095704 0.30647307880347768 0.60225631188336215 0.0025973846380956006
decision_type=2 2 2 2 2 2 2 2 2 2 2 2
left_child=4 2 3 -2 7 10 -7 9 -9 -1 -6 -3
right_child=1 11 -4 -5 5 6 -8 8 -10 -11 -12 -13
leaf_value=-0.0088767366817814903 -0.014326551741721791 -0.055798883627049954 0.030410044775388282 0.02955446649904379 0.018723243331840531 0.030455954936791155 -0.031185887069836701 0.026247948576661257 0.0005992466810563913 0.047106452247217705 0.061687865659153865 -0.033883915261534656
leaf_weight=134.01152341067791 36.454856157302856 6.0287202298641187 7.7841027528047553 5.9639832824468604 4.7709542363882047 13.100531764328482 10.994810044765471 22.163182154297829 718.23475141078234 4.5251184999942771 6.4277503192424774 3.8492207676172256
leaf_count=624 173 30 38 29 22 67 50 101 3355 24 32 20
internal_value=1.58647e-06 -0.00958903 -0.00217707 -0.00815699 0.000631859 0.0153552 0.00232851 4.06346e-05 0.00136702 -0.00704812 0.0433838 -0.0472591
internal_weight=974.31 60.0809 50.2029 42.4188 914.229 35.294 24.0953 878.935 740.398 138.537 11.1987 9.87794
internal_count=4565 290 240 202 4275 171 117 4104 3456 648 54 50
is_linear=0
shrinkage=0.04


Tree=102
num_leaves=15
num_cat=0
split_feature=24 36 23 39 6 21 23 10 28 36 39 3 40 4
split_gain=3.69537 7.89628 14.6607 12.2197 6.68938 6.2395 6.08789 5.38449 8.81337 9.17186 7.27774 9.72637 8.76909 4.12311
threshold=0.024999999999958254 0.74570963645172783 0.15155850314529107 0.17254901672605097 0.00013803304658795002 -0.00018979063678749999 1.061908240123391 0.00038606856327570005 0.87147781587986861 0.62445274746696311 0.060893798597737553 0.0026630319715945003 0.43379560854138782 1.0000000180025095e-35
decision_type=2 2 2 2 2 2 2 2 2 2 2 2 2 2
left_child=1 4 13 -4 5 -1 -6 10 9 -9 12 -12 -2 -3
right_child=7 2 3 -5 6 -7 -8 8 -10 -11 11 -13 -14 -15
leaf_value=0.011740479226381334 0.020150974004730152 0.0099501220714941635 -0.033393255815536114 0.029548320711373883 0.0085830142682483505 -0.0046892538242899644 0.035962501469336869 0.032312242400907167 -0.021796769924066366 -0.020435833494071912 -0.011766778096866696 0.0098756888940806156 0.00067564538630522457 0.063808977108752857
leaf_weight=71.129785589873791 40.498091630637646 5.1146416515111905 29.283220194280148 5.9355636686086646 32.153783284127712 77.040293619036674 21.805826097726822 12.015929296612741 47.032901048660278 9.4006047397851926 147.97270475327969 42.844246990978718 427.25340408831835 4.0950716733932495
leaf_count=333 225 24 136 27 149 372 102 57 219 44 678 209 1970 20
internal_value=1.4499e-06 0.00423317 -0.0110353 -0.0227855 0.00758921 0.00319792 0.0196474 -0.00143368 -0.0121113 0.00915892 -0.000323881 -0.00690738 0.00236183 0.0338983
internal_weight=973.576 246.558 44.4285 35.2188 202.13 148.17 53.9596 727.018 68.4494 21.4165 658.568 190.817 467.751 9.20971
internal_count=4565 1163 207 163 956 705 251 3402 320 101 3082 887 2195 44
is_linear=0
shrinkage=0.04


Tree=103
num_leaves=9
num_cat=0
split_feature=29 38 35 31 22 8 14 34
split_gain=3.65712 5.69475 6.14034 4.95884 4.33048 12.785 6.88609 4.1196
threshold=0.0086162688275127023 0.57508916136138 1.1737684221297602 0.6815458827811941 -0.42242549934388951 0.00047886872196700004 0.00012660131664770003 0.25091303841406626
decision_type=2 2 2 2 2 2 2 2
left_child=1 -1 7 -2 5 -5 -6 -3
right_child=3 2 -4 4 6 -7 -8 -9
leaf_value=0.028984376495874088 0.04095479244561586 -0.036114531304840998 0.014155217539427943 0.0002113078790344315 -0.0013495589278213064 -0.024091092841941029 0.006706708361650277 -0.00066730224714227836
leaf_weight=4.7686826810240737 4.8238302692770949 19.640416398644451 7.5678387433290473 172.3429074883461 434.84381031990051 43.346764497458935 278.46354630589485 7.1574817150831214
leaf_count=25 25 94 37 804 2033 208 1304 35
internal_value=1.74002e-06 -0.0119777 -0.0176617 0.000503771 0.000293729 -0.0046727 0.00179548 -0.0266469
internal_weight=972.955 39.1344 34.3657 933.821 928.997 215.69 713.307 26.7979
internal_count=4565 191 166 4374 4349 1012 3337 129
is_linear=0
shrinkage=0.04


Tree=104
num_leaves=9
num_cat=0
split_feature=40 23 23 36 38 9 1 23
split_gain=3.59117 3.59622 9.2796 9.5875 9.30946 7.38489 12.9871 9.1166
threshold=0.2555297309609284 1.2617674059275015 0.70153071063902506 0.63895129136215911 0.99999999967619568 0.0002787738764400694 -0.32246794940192547 1.7299683099394112
decision_type=2 2 2 2 2 2 2 2
left_child=-1 2 3 -2 -4 6 -3 -7
right_child=1 5 4 -5 -6 7 -8 -9
leaf_value=0.0371441646544498 -0.0036480023006346964 -0.022330888628767264 -0.017346930550638514 0.0084529314198098088 0.0027405109843274245 0.01903144962756043 0.004895008794746975 0.0019950335933935151
leaf_weight=4.1472156643867484 276.22582150995731 44.224400401115417 104.49370060861111 168.76009610295296 57.078378111124039 71.432935364544392 76.566893458366394 169.5322572439909
leaf_count=36 1312 200 478 790 269 329 362 789
internal_value=1.63422e-06 -0.000157444 -0.00204 0.000941255 -0.0102507 0.00299903 -0.005073 0.00704539
internal_weight=972.462 968.314 606.558 444.986 161.572 361.756 120.791 240.965
internal_count=4565 4529 2849 2102 747 1680 562 1118
is_linear=0
shrinkage=0.04


Tree=105
num_leaves=9
num_cat=0
split_feature=3 20 20 40 34 1 22 23
split_gain=3.6391 3.55231 6.94249 8.27745 7.55803 6.09539 6.94956 5.64133
threshold=0.00040177023238160004 0.0026059436276438005 0.0026007489400452005 0.39677141050380244 0.26552481271056255 -3.2763164314519595 -0.053775478359819294 -0.55317891637436289
decision_type=2 2 2 2 2 2 2 2
left_child=-1 2 3 -2 -4 6 -3 -7
right_child=1 5 4 -5 -6 7 -8 -9
leaf_value=0.031913631378782045 0.022354551281693866 -0.026581573456062747 -0.016775314395295657 -0.00076387222879078284 0.027482650322743052 -0.080248379751973714 0.028420636046891389 0.010903982659925641
leaf_weight=5.6840412840247145 25.638878174126148 15.83899522572756 68.005853086709976 739.67220113426447 6.7901206091046324 1.0977531671524037 4.7861531376838675 104.48586174845695
leaf_count=36 141 80 328 3405 32 6 22 515
internal_value=1.58346e-06 -0.000186129 -0.00112614 1.06239e-05 -0.0127575 0.00607105 -0.0138181 0.00995627
internal_weight=972 966.316 840.107 765.311 74.796 126.209 20.6251 105.584
internal_count=4565 4529 3906 3546 360 623 102 521
is_linear=0
shrinkage=0.04


Tree=106
num_leaves=15
num_cat=0
split_feature=6 28 28 9 34 19 35 35 14 35 23 0 35 28
split_gain=3.66921 7.17921 6.91389 6.21671 6.02168 5.84739 7.43516 5.62961 5.28677 10.0891 11.6588 10.4672 7.40434 10.8776
threshold=-0.00044768918554014995 0.883250440098166 0.94347909732860502 0.00045291662331887751 0.2323344143942016 -2.2381540893910321 0.97537181858082789 1.0038510588571226 0.00014934142196000003 1.1294975498672073 0.34048954886312743 39.119736475625068 1.231659440090451 0.79885020235406412
decision_type=2 2 2 2 2 2 2 2 2 2 2 2 2 2
left_child=1 5 3 -3 -4 6 -1 -7 12 11 -11 -10 -2 -14
right_child=8 2 4 -5 -6 7 -8 -9 9 10 -12 -13 13 -15
leaf_value=0.049606858615445289 -0.0052495061061967052 0.0056751206256812018 0.030136951502760047 -0.028325149947376768 -0.012537937321166537 0.011718503704795618 -0.0059116600916282883 0.058040591457817391 0.034469522071815473 -0.026499802525646522 0.0018538439415957744 0.0047030285934615357 -0.020914935379435201 0.018770651328331802
leaf_weight=5.018876031041148 446.81464648246765 15.795215785503386 15.229074239730837 18.899837583303452 8.1066302806138975 7.3530729115009335 16.708189241588116 9.7826134040951711 20.506700932979584 34.993979632854462 68.869034245610237 241.47438903152943 14.409305579960344 47.410163134336472
leaf_count=23 2109 70 72 91 41 35 75 46 97 164 329 1130 67 216
internal_value=1.66718e-06 0.00738718 -0.00152305 -0.0128462 0.015312 0.0206921 0.00691292 0.0381634 -0.000816659 0.00285055 -0.00769919 0.00703302 -0.00345436 0.00952046
internal_weight=971.372 96.8935 58.0308 34.6951 23.3357 38.8628 21.7271 17.1357 874.478 365.844 103.863 261.981 508.634 61.8195
internal_count=4565 453 274 161 113 179 98 81 4112 1720 493 1227 2392 283
is_linear=0
shrinkage=0.04


Tree=107
num_leaves=8
num_cat=0
split_feature=3 20 1 15 34 29 30
split_gain=3.44273 3.47046 5.31237 5.93326 4.43386 2.08326 0.460579
threshold=0.00040177023238160004 0.0026394521373400504 -3.8265029169542677 -0.0014916088755377499 0.22820584232021454 0.017823801318383955 0.053730067578333367
decision_type=2 2 2 2 2 2 2
left_child=-1 2 5 -4 6 -2 -3
right_child=1 4 3 -5 -6 -7 -8
leaf_value=0.031247732638229723 -0.0092236528828182045 0.053562629293803274 0.014771309701158664 -0.00084538475758305718 -0.0035471870275141154 -0.04851689264037521 0.032542367700660123
leaf_weight=5.6094216108322135 3.8211005181074125 3.352489769458769 40.679055139422417 903.05371628701687 6.3733835369348526 4.9627925902605057 3.3189411833882332
leaf_count=36 20 20 190 4225 28 26 20
internal_value=1.72965e-06 -0.000179794 -0.000460432 -0.000172236 0.020312 -0.0314239 0.0431054
internal_weight=971.171 965.561 952.517 943.733 13.0448 8.78389 6.67143
internal_count=4565 4529 4461 4415 68 46 40
is_linear=0
shrinkage=0.04


Tree=108
num_leaves=11
num_cat=0
split_feature=12 39 30 36 6 15 38 40 8 27
split_gain=3.41605 5.54478 6.39663 7.55912 5.38046 4.26615 5.34825 4.60635 9.47479 5.31967
threshold=0.00038606856327570005 0.22382038761723391 0.091736332558408754 0.60590848892326943 2.9372170048106014e-05 0.0020998477425644003 0.72855873104768454 0.54853695873468467 -0.00023970123040444998 0.18106056703601567
decision_type=2 2 2 2 2 2 2 2 2 2
left_child=5 2 4 -4 -2 7 -7 9 -9 -1
right_child=1 -3 3 -5 -6 6 -8 8 -10 -11
leaf_value=0.00049390215344849995 -0.051789690078687126 0.024865601115024016 0.039650269998407144 -0.01535514522630434 -0.012707938009483674 -0.0022976587140553389 0.050199906871112157 -0.001754944358296503 -0.042092555817265467 0.017164583501057661
leaf_weight=788.86681457608938 6.2741883099079123 7.6438557505607596 7.8680678680539122 8.1257772445678693 55.434226624667645 6.1943820491433126 6.2254572436213493 40.233452722430229 12.124523207545279 31.863603472709656
leaf_count=3689 31 36 37 38 259 31 35 192 62 155
internal_value=1.80075e-06 -0.00764095 -0.0108387 0.0117044 -0.0166816 0.000738416 0.0240168 0.000407277 -0.0110959 0.00114112
internal_weight=970.854 85.3461 77.7023 15.9938 61.7084 885.508 12.4198 873.088 52.358 820.73
internal_count=4565 401 365 75 290 4164 66 4098 254 3844
is_linear=0
shrinkage=0.04


Tree=109
num_leaves=9
num_cat=0
split_feature=29 38 35 31 39 35 6 36
split_gain=3.44668 5.30125 5.76862 4.56445 4.21933 9.2959 5.09178 3.81944
threshold=0.0086162688275127023 0.57508916136138 1.1737684221297602 0.6815458827811941 0.13959487995263911 0.93089489098237921 2.9372170048106014e-05 0.481759491261253
decision_type=2 2 2 2 2 2 2 2
left_child=1 -1 7 -2 6 -6 -5 -3
right_child=3 2 -4 4 5 -7 -8 -9
leaf_value=0.028137342972078896 0.039782493607761961 0.0082390406478594479 0.013673600197048335 -0.001373035171538185 -0.030950361012835454 -0.0019693260474809523 0.0052122620878432713 -0.032686729270413294
leaf_weight=4.701284058392047 4.7059731408953658 4.3674142807722118 7.5512962788343421 423.53512637317181 20.161705881357193 145.54248654097319 337.61200401186943 22.168409779667854
leaf_count=25 25 21 37 1984 93 676 1596 108
internal_value=1.73323e-06 -0.0116812 -0.0171729 0.000488189 0.000288677 -0.00549553 0.00154792 -0.0259509
internal_weight=970.346 38.7884 34.0871 931.557 926.851 165.704 761.147 26.5358
internal_count=4565 191 166 4374 4349 769 3580 129
is_linear=0
shrinkage=0.04


Tree=110
num_leaves=15
num_cat=0
split_feature=24 28 1 9 15 34 38 6 10 28 2 20 1 34
split_gain=3.41073 5.79395 8.50491 8.29893 12.2595 6.57702 5.96564 4.99714 4.975 9.97324 5.35269 5.29573 5.03732 4.32597
threshold=0.024999999999958254 0.91295778147904783 -0.67710218118327237 0.00046726123762537718 0.00086298394729580018 0.0077255539825203581 0.61979408162568961 1.0000000180025095e-35 0.00039830149315745004 0.87147781587986861 0.31883083585451993 0.0026394521373400504 1.3978970265816317 0.102146287560984
decision_type=2 2 2 2 2 2 2 2 2 2 2 2 2 2
left_child=1 2 7 5 -5 -3 -4 -1 11 12 -11 13 -10 -2
right_child=8 3 6 4 -6 -7 -8 -9 9 10 -12 -13 -14 -15
leaf_value=0.0052910248229447775 0.0026928765300307913 0.067816591899054701 0.022700605055386115 -0.017545817608529992 0.047835386529831138 0.015892703146346381 -0.0089213362725148408 0.039473373709724778 0.00042597231717422199 -0.057359939086016977 -0.017127886435541442 0.03280813439351847 0.047996118630982854 -0.0038320349376916541
leaf_weight=18.125186868011955 310.0515952706337 4.1457190215587607 10.511049591004847 25.605274923145775 5.5905298739671698 66.706151694059372 103.91637616604567 10.993136271834372 16.243447177112106 6.1522824987769118 37.800629794597626 7.6217917501926413 4.5619247555732718 341.79491303116083
leaf_count=85 1453 19 53 128 27 308 494 49 77 30 174 41 22 1605
internal_value=1.62133e-06 0.00407511 -0.00110507 0.0113618 -0.005829 0.0189309 -0.00601661 0.018196 -0.00137975 -0.0119593 -0.0227593 -0.000340854 0.0108565 -0.000728453
internal_weight=969.82 245.593 143.546 102.048 31.1958 70.8519 114.427 29.1183 724.227 64.7583 43.9529 659.468 20.8054 651.847
internal_count=4565 1163 681 482 155 327 547 134 3402 303 204 3099 99 3058
is_linear=0
shrinkage=0.04


Tree=111
num_leaves=15
num_cat=0
split_feature=6 30 30 34 2 20 2 40 1 35 15 20 21 15
split_gain=3.37227 6.68667 8.65587 8.22846 6.14706 6.69583 5.8674 5.66787 8.47494 5.6068 6.74132 5.54494 5.28669 5.23227
threshold=-0.00044768918554014995 0.054006431449054169 0.033901326567728533 0.28946584746463128 0.054416387127382809 0.0025932760938483005 0.20727928634020848 0.54853695873468467 0.73173413169843127 0.74203682907131852 0.00099451865454970004 0.0025978441742303005 -0.0012298642434804997 -0.0015827785643451498
decision_type=2 2 2 2 2 2 2 2 2 2 2 2 2 2
left_child=1 2 3 -1 5 -3 -6 9 11 10 -2 -9 -11 -4
right_child=7 4 13 -5 6 -7 -8 8 -10 12 -12 -13 -14 -15
leaf_value=0.019130217084756096 0.0062623531414425695 0.033350618809502186 0.0071323700365812015 -0.041510610490065256 0.049520877830118409 -0.0067413042132790793 -0.0041028458376426089 -0.01774568655834987 -0.049303221169481486 -0.038242795639144581 0.049854128782431707 0.014519292252214818 -0.00092005898891075804 -0.037578652613138995
leaf_weight=25.128930911421779 92.169420249760151 10.029591709375383 6.0494236499071148 4.1750416010618201 13.389922298491003 19.869258649647236 4.3174530267715445 23.362517014145851 8.9886259287595731 6.123796433210372 6.0486793890595427 13.416271463036535 722.83284199237823 13.607948079705237
leaf_count=119 448 43 29 22 62 93 21 115 48 30 31 66 3374 64
internal_value=1.71095e-06 0.00709459 -0.00328439 0.0104905 0.017769 0.00670756 0.0364462 -0.000782925 -0.0144854 -2.47721e-05 0.00894692 -0.00597598 -0.0012336 -0.0238191
internal_weight=969.51 96.5676 48.9613 29.304 47.6062 29.8989 17.7074 872.942 45.7674 827.175 98.2181 36.7788 728.957 19.6574
internal_count=4565 453 234 141 219 136 83 4112 229 3883 479 181 3404 93
is_linear=0
shrinkage=0.04


Tree=112
num_leaves=12
num_cat=0
split_feature=35 39 35 33 0 38 29 1 39 38 33
split_gain=3.2957 5.55629 8.19813 7.59934 6.71189 6.57414 7.60149 6.90776 3.33669 5.14024 4.07399
threshold=1.5507727725969824 0.13959487995263911 0.93089489098237921 0.10526315789473685 39.119736475625068 0.5988367007910278 0.0086162688275127023 -1.5885070663007352 0.23140022799117374 0.61356951100297297 0.10526315789473685
decision_type=2 2 2 2 2 2 2 2 2 2 2
left_child=1 5 4 -4 -3 7 -7 -1 10 -10 -2
right_child=8 2 3 -5 -6 6 -8 -9 9 -11 -12
leaf_value=-0.021236315364027602 -0.027934663521948972 0.010795254724071553 -0.010059097584896801 0.010542346801077025 -0.043220392794619394 -0.02010840446861363 0.0011384729356792135 0.034024934552687548 0.0056871702278544723 0.053358262470935974 0.022797274848766681
leaf_weight=4.5681549608707455 5.209730416536333 4.7876458838582066 92.64900878816843 41.472240701317787 15.918595939874647 27.961009673774242 739.20977777987719 17.422987468540668 8.2673100084066373 6.4367353096604338 4.9287024885416031
leaf_count=19 24 23 424 200 73 137 3479 91 39 31 25
internal_value=1.3924e-06 -0.00037707 -0.00730539 -0.00368883 -0.030731 0.000982212 0.00036409 0.0225457 0.0143826 0.0265553 -0.00327182
internal_weight=968.832 943.989 154.827 134.121 20.7062 789.162 767.171 21.9911 24.8425 14.704 10.1384
internal_count=4565 4446 720 624 96 3726 3616 110 119 70 49
is_linear=0
shrinkage=0.04


Tree=113
num_leaves=9
num_cat=0
split_feature=40 24 36 23 22 39 6 9
split_gain=3.34144 3.43509 7.04322 12.9945 6.69326 5.69587 5.60114 2.72627
threshold=0.65956914723275706 0.024999999999958254 0.74570963645172783 0.15155850314529107 1.5073964217908398 0.14073567748712545 0.00013803304658795002 0.00029060163346697791
decision_type=2 2 2 2 2 2 2 2
left_child=1 2 6 -4 5 -3 -1 -6
right_child=-2 4 3 -5 7 -7 -8 -9
leaf_value=0.0034545399727597187 -0.028066208213318816 -2.1462747232320946e-05 0.032330779463483991 -0.021363682012537862 0.011412000666504423 -0.0095277169986306923 0.018610342594660659 0.052862868862165541
leaf_weight=146.49312015622854 6.7391868829727164 585.93080604821444 9.1009405404329282 34.733464732766151 5.3723416030406934 121.81219502538443 53.178809329867363 4.8133808970451355
leaf_count=701 32 2759 44 161 24 572 249 23
internal_value=1.44092e-06 0.000198181 0.00430358 -0.0102156 -0.00119428 -0.00165762 0.007491 0.0310001
internal_weight=968.174 961.435 243.506 43.8344 717.929 707.743 199.672 10.1857
internal_count=4565 4533 1155 205 3378 3331 950 47
is_linear=0
shrinkage=0.04


Tree=114
num_leaves=8
num_cat=0
split_feature=40 32 1 3 31 32 22
split_gain=3.33 3.31863 10.0253 7.26904 5.97005 3.65434 2.77151
threshold=0.2555297309609284 0.0001738218932144925 -0.29721739345768577 0.00052426261449360016 0.94766591155858937 0.00020783186957348652 -0.033105112588833897
decision_type=2 2 2 2 2 2 2
left_child=-1 2 4 -3 -2 -5 -4
right_child=1 3 6 5 -6 -7 -8
leaf_value=0.036471685669956774 -0.037752820732594054 -0.050124290122993867 0.012875358674979463 -0.013567439126009148 0.010041360262090595 9.4181689777326604e-05 0.040048228663895041
leaf_weight=3.9892761483788481 8.0008846968412417 4.7260372489690772 11.168307743966581 32.476027488708496 8.7601231485605222 885.7773405611515 12.992281645536421
leaf_count=36 37 23 58 150 38 4152 71
internal_value=1.48288e-06 -0.000149456 0.0109972 -0.000643657 -0.0127732 -0.000388991 0.0274875
internal_weight=967.89 963.901 40.9216 922.979 16.761 918.253 24.1606
internal_count=4565 4529 204 4325 75 4302 129
is_linear=0
shrinkage=0.04


Tree=115
num_leaves=15
num_cat=0
split_feature=6 30 23 13 13 13 30 13 36 2 38 20 13 29
split_gain=3.21755 6.33495 7.31522 5.80195 5.36602 5.30753 7.78402 9.57653 6.74569 6.87878 6.13422 4.86862 4.69305 3.51547
threshold=-0.00044768918554014995 0.078553113284384968 0.60019321416879567 -0.00090592954550979996 -0.00037392546871969993 -0.00015429286539829997 0.15945917165158005 -0.00028821600829224996 0.87566140545011084 0.58914064267196153 0.833688857583469 0.0025865517433803502 -0.0004647964360456499 0.061575391281170809
decision_type=2 2 2 2 2 2 2 2 2 2 2 2 2 2
left_child=1 4 13 -4 12 6 7 -2 10 -10 -7 -8 -1 -3
right_child=5 2 3 -5 -6 8 11 -9 9 -11 -12 -13 -14 -15
leaf_value=-0.0010254570056437962 -0.0012240626676537851 0.019949387465232785 -0.013357133984363855 0.032433949912113152 0.028440823379713251 -0.0055568842529811636 -0.013638190964380622 -0.017765015850419705 0.045863848286315387 0.0031422258271134608 0.0031792474625724899 0.036537515319763472 -0.043587036253998859 0.066112315679006065
leaf_weight=53.480261228978634 150.52686927467585 4.3298114985227603 10.067909121513368 7.9020484760403624 9.2771583870053274 188.89533467590809 4.3337641060352317 89.182004854083061 10.707801789045336 13.804407626390455 402.88329660892487 10.817101806402205 4.4934244602918616 6.7609975934028625
leaf_count=254 711 21 45 36 45 882 20 421 50 66 1907 55 22 30
internal_value=1.60917e-06 0.00693926 0.0225451 0.00677888 0.000195585 -0.000765396 -0.00562054 -0.00737801 0.00124239 0.0218045 0.00039068 0.0221852 -0.00432432 0.0480905
internal_weight=967.462 96.3116 29.0608 17.97 67.2508 871.151 254.86 239.709 616.291 24.5122 591.779 15.1509 57.9737 11.0908
internal_count=4565 453 132 81 321 4112 1207 1132 2905 116 2789 75 276 51
is_linear=0
shrinkage=0.04


Tree=116
num_leaves=6
num_cat=0
split_feature=40 3 35 3 31
split_gain=3.14802 3.14544 3.16865 4.79343 4.53564
threshold=0.2555297309609284 0.00040177023238160004 1.5507727725969824 0.0011306381674561503 1.3044445419139556
decision_type=2 2 2 2 2
left_child=-1 -2 4 -4 -3
right_child=1 2 3 -5 -6
leaf_value=0.035955540658634676 0.030139502425505855 -0.00030583133791661565 0.050181521546657615 0.0052710084233933904 -0.020971622577163607
leaf_weight=3.8807709887623778 5.4568636342883101 915.95519120246172 4.7013879418373135 19.888262026011944 17.313601642847061
leaf_count=36 36 4298 21 97 77
internal_value=1.58629e-06 -0.000143256 -0.000315775 0.0138576 -0.000689214
internal_weight=967.196 963.315 957.858 24.5896 933.269
internal_count=4565 4529 4493 118 4375
is_linear=0
shrinkage=0.04


Tree=117
num_leaves=8
num_cat=0
split_feature=40 12 34 37 21 23 21
split_gain=3.0821 3.37319 5.7996 7.02215 5.24334 12.9862 6.58982
threshold=0.65956914723275706 0.00032446288731320005 0.0077255539825203581 0.30226344080795764 0.0011345953258588002 0.070569130085656559 0.00097575254489265008
decision_type=2 2 2 2 2 2 2
left_child=1 4 -3 -4 6 -6 -1
right_child=-2 2 3 -5 5 -7 -8
leaf_value=0.00099993410144486494 -0.027056930421623701 -0.046074522054582373 -0.0014261940762377288 -0.040874050334263286 -0.026021863549612417 0.031026364962872643 -0.022258575618748062
leaf_weight=790.52495121210814 6.6886990517377845 5.5577343404293051 102.73760972172022 7.7658688426017752 8.5589632987976056 25.128171816468239 19.983494535088539
leaf_count=3727 32 26 481 35 41 129 94
internal_value=1.64692e-06 0.000190124 -0.00620376 -0.00419848 0.00106917 0.016532 0.000426484
internal_weight=966.945 960.257 116.061 110.503 844.196 33.6871 810.508
internal_count=4565 4533 542 516 3991 170 3821
is_linear=0
shrinkage=0.04


Tree=118
num_leaves=9
num_cat=0
split_feature=13 10 13 29 15 22 8 22
split_gain=3.15878 4.41857 4.72822 6.81991 4.33767 3.67077 12.757 10.3889
threshold=0.0014736541258501502 0.00038606856327570005 -0.00053452307121129984 0.081094171835330561 0.0020998477425644003 -0.42242549934388951 0.00040779381335965002 -0.40415657519710574
decision_type=2 2 2 2 2 2 2 2
left_child=1 5 -3 -4 -2 6 -1 -7
right_child=4 2 3 -5 -6 7 -8 -9
leaf_value=0.00085422049149183306 0.044797597279446912 -0.054346844718480114 -0.011979846893227212 0.023949995040420384 -0.008155361608480384 0.052333551442619232 -0.02447564457354269 0.0014845715269859432
leaf_weight=159.21674547344446 5.807819761335848 3.5726714879274359 63.905439533293247 9.7409575879573804 4.3133389204740524 6.4906448721885672 39.756622307002544 673.89344245195389
leaf_count=752 30 17 297 48 21 29 193 3178
internal_value=1.66896e-06 -0.000233527 -0.00940758 -0.00722753 0.0222306 0.000572075 -0.00420691 0.00196965
internal_weight=966.698 956.577 77.2191 73.6464 10.1212 879.357 198.973 680.384
internal_count=4565 4514 362 345 51 4152 945 3207
is_linear=0
shrinkage=0.04


Tree=119
num_leaves=14
num_cat=0
split_feature=25 30 3 9 20 40 23 1 40 7 24 1 32
split_gain=3.06853 10.9973 8.39067 9.25814 6.15111 9.27174 7.99075 10.2045 8.76554 7.93552 3.93543 3.7727 1.33427
threshold=0.90000000000000013 0.031305105066315363 0.00087618661519415011 0.00042084613060238763 0.0025932760938483005 0.37863602083259651 0.070569130085656559 2.5567707009658993 0.49350129976126111 0.0010116754869316004 0.15833333333306943 -0.73153110153407386 0.00033207155825230536
decision_type=2 2 2 2 2 2 2 2 2 2 2 2 2
left_child=4 10 -3 -4 5 12 8 -8 -6 -7 11 -2 -1
right_child=1 2 3 -5 6 9 7 -9 -10 -11 -12 -13 -14
leaf_value=0.022880328055957341 0.046011531621349779 -0.061429715634221164 0.024166081072325978 -0.0057104197510867453 0.0070955907529787815 0.0015870226519757752 -0.0050056364909129101 0.022400015915496858 -0.028102470389235103 -0.03804085415332193 -0.0093431395408842873 0.016834871428718916 0.053158816078879616
leaf_weight=3.9712633565068227 13.987785965204241 3.548603579401969 21.627429760992527 71.323785856366158 15.396621137857435 519.28590124845505 217.84495798498392 24.148209318518639 42.758908525109291 8.2131322175264341 4.4234369844198218 14.381286442279814 5.629601314663887
leaf_count=24 72 17 112 380 69 2390 997 122 214 37 24 76 31
internal_value=1.70191e-06 0.005737 -0.00106351 0.0012411 -0.000883972 0.00167904 -0.00547034 -0.00227086 -0.0187838 0.000970019 0.0257491 0.0312209 0.0406345
internal_weight=966.541 129.292 96.4998 92.9512 837.249 537.1 300.149 241.993 58.1555 527.499 32.7925 28.3691 9.60086
internal_count=4565 681 509 492 3884 2482 1402 1119 283 2427 172 148 55
is_linear=0
shrinkage=0.04


Tree=120
num_leaves=14
num_cat=0
split_feature=20 20 40 39 8 34 34 38 14 35 14 9 11
split_gain=2.99764 6.41453 6.94096 10.344 6.99775 6.81743 7.76746 5.37098 7.25333 9.05219 8.65719 5.24877 3.98193
threshold=0.0026059436276438005 0.0026007489400452005 0.39677141050380244 0.052252074816422502 -0.0020052868068623996 0.26552481271056255 0.15201883585916229 0.99313475779447435 -0.00032974293474679993 1.1178316594304463 -0.00096268642777304987 0.00059789631334141097 1.0000000180025095e-35
decision_type=2 2 2 2 2 2 2 2 2 2 2 2 2
left_child=1 2 3 -1 -4 6 -3 8 10 -10 -2 -9 -13
right_child=7 5 4 -5 -6 -7 -8 11 9 -11 -12 12 -14
leaf_value=0.033950908445941161 0.013235405919131955 -0.0081887706992372356 0.048277766914416542 -0.03015710052910665 -0.00077600813299818442 0.026471578960108339 -0.039763243878706896 0.014587134428132078 0.033583111045524798 0.0030079185499011043 -0.021689781496539204 -0.053731986856719392 -0.0050806194634679912
leaf_weight=19.90574881434441 24.410166747868061 51.141967408359051 4.6825677603483191 5.0483237802982321 737.03683736175299 6.6805109456181517 16.484003037214279 6.094959348440173 30.395726226270199 31.599629335105419 21.23418527841568 5.9669129550456983 4.9037756845355034
leaf_count=119 118 251 23 22 3418 32 77 34 151 160 105 30 25
internal_value=2.08645e-06 -0.0008558 0.000231771 0.0209816 -0.000466325 -0.0120771 -0.0158851 0.00579209 0.00908908 0.0179986 -0.00301212 -0.0151259 -0.0317853
internal_weight=965.585 840.98 766.673 24.9541 741.719 74.3065 67.626 124.605 107.64 61.9954 45.6444 16.9656 10.8707
internal_count=4565 3942 3582 141 3441 360 328 623 534 311 223 89 55
is_linear=0
shrinkage=0.04


Tree=121
num_leaves=15
num_cat=0
split_feature=6 22 28 23 10 38 6 40 1 20 35 25 37 8
split_gain=3.0296 7.20622 8.29347 7.84849 7.54426 7.06951 5.87606 5.02581 7.97156 5.04913 4.9408 8.51492 5.08018 0.201501
threshold=-0.00044768918554014995 0.17584749779529543 0.86027897266732878 0.58552277987702495 -9.8077459097133766e-05 0.99999999979968557 -0.00064840719588574994 0.54853695873468467 0.73173413169843127 0.0026005537530716504 0.74203682907131852 0.90000000000000013 0.41665588729685304 0.00094936982452210005
decision_type=2 2 2 2 2 2 2 2 2 2 2 2 2 2
left_child=1 2 3 -1 5 -3 -4 10 9 -9 11 -2 -12 -10
right_child=7 4 6 -5 -6 -7 -8 8 13 -11 12 -13 -14 -15
leaf_value=0.069341971910861555 0.0047616512725561005 -0.029938056147587613 -0.0096375672692940815 0.016667730903100478 0.038338776956527688 0.022988966962621937 0.018434906302028459 -0.015033751576802087 -0.040872049823984041 0.017837517357445345 -0.0014924726633281499 0.046589472743152623 0.03319944519598432 -0.053282331553204748
leaf_weight=7.1162898167967823 89.111764445900917 19.144556865096099 23.013762257993221 12.433871284127234 4.3664464652538291 5.1171843111515036 24.771358720958233 25.885842829942703 3.5344929248094541 10.513083480298517 719.44656132906675 8.532617121934889 6.8177153542637816 5.1338493525981903
leaf_count=32 422 87 112 57 21 25 119 129 20 52 3370 57 34 28
internal_value=2.33697e-06 0.00674689 0.0138941 0.0358412 -0.0100638 -0.0187749 0.00491494 -0.000742483 -0.0137492 -0.00553956 -3.10237e-05 0.00841676 -0.00116681 -0.0482221
internal_weight=964.939 95.9635 67.3353 19.5502 28.6282 24.2617 47.7851 868.976 45.0673 36.3989 823.909 97.6444 726.264 8.66834
internal_count=4565 453 320 89 133 112 231 4112 229 181 3883 479 3404 48
is_linear=0
shrinkage=0.04


Tree=122
num_leaves=11
num_cat=0
split_feature=20 1 9 6 10 32 1 23 24 35
split_gain=2.92404 7.87619 4.63169 9.34306 8.78828 6.7095 12.2118 4.74233 4.33291 2.07019
threshold=0.0025833973559620002 -0.32246794940192547 0.00023325628867020901 0.00012971113803580001 9.8475361900264105e-05 0.0002469267206095704 0.77546676903739364 2.2002698860863137 0.041666666666597151 0.89915219132080282
decision_type=2 2 2 2 2 2 2 2 2 2
left_child=1 -1 3 4 -2 6 -4 -5 -7 -3
right_child=2 9 5 7 -6 8 -8 -9 -10 -11
leaf_value=-0.017804126911432835 -0.0083636859047890727 0.014551603559970828 0.024363419786400546 0.0063303887516203 -0.043159670782639915 0.0038434125868411465 -0.043912843003512288 0.053034503348024079 -0.0023123315069316815 0.051374095249128844
leaf_weight=6.6213198006153133 79.095012947916985 3.8557740300893766 36.397481769323349 19.054813325405124 13.612264230847357 287.84380946308374 4.7368813008069983 4.2554303705692282 502.06224717199802 6.6667006313800812
leaf_count=29 370 22 168 89 61 1371 22 20 2374 39
internal_value=2.20315e-06 0.0163742 -0.000294166 -0.00778087 -0.0134728 0.000751017 0.016501 0.0148565 -6.91624e-05 0.0378811
internal_weight=964.202 17.1438 947.058 116.018 92.7073 831.04 41.1344 23.3102 789.906 10.5225
internal_count=4565 90 4475 540 431 3935 190 109 3745 61
is_linear=0
shrinkage=0.04


Tree=123
num_leaves=13
num_cat=0
split_feature=29 31 36 31 31 30 7 7 3 23 30 32
split_gain=2.931 5.12227 5.00049 4.06232 3.92755 5.73353 3.93959 4.49295 3.7497 3.72882 1.88886 1.71524
threshold=0.0086162688275127023 0.99912555776963508 0.56019070726495956 0.94895763879931427 0.71582587707627254 0.058796841884657697 0.0011897006387093501 0.0010116754869316004 0.0015521609761784004 0.031156332759493203 0.099950926552187028 0.00034052161888677694
decision_type=2 2 2 2 2 2 2 2 2 2 2 2
left_child=1 3 -3 8 5 -2 7 -6 -1 -8 -7 -4
right_child=4 2 11 -5 6 10 9 -9 -10 -11 -12 -13
leaf_value=0.010916396030675717 -0.013982858500971602 0.035439630822075276 0.0061784780797551541 -0.057230866312072907 5.1935131756424845e-05 0.060066778549740435 -0.017449453213037595 -0.021251042760053903 -0.027252526517082567 0.022712032537726853 0.024590452926364827 -0.02858623970034168
leaf_weight=6.1695918589830461 5.1686025559902182 6.0332193523645392 4.456488832831381 4.4202736914157859 868.66055623441935 3.7947017103433591 4.4914670959115055 16.134808197617531 12.384666346013544 20.961360700428486 6.5394245907664299 4.6297987923026085
leaf_count=31 24 32 21 24 4088 19 23 78 61 106 36 22
internal_value=2.35106e-06 -0.0108715 0.00720929 -0.0227704 0.000449802 0.0204139 0.000109788 -0.000336538 -0.0145607 0.015625 0.0376174 -0.0115354
internal_weight=963.845 38.094 15.1195 22.9745 925.751 15.5027 910.248 884.795 18.5543 25.4528 10.3341 9.08629
internal_count=4565 191 75 116 4374 79 4295 4166 92 129 55 43
is_linear=0
shrinkage=0.04


Tree=124
num_leaves=6
num_cat=0
split_feature=22 38 27 40 27
split_gain=2.96313 5.45331 5.33295 5.68597 5.65313
threshold=-2.1989927020585065 0.99999999986951693 0.09242917829186563 0.4694518739864712 0.074361757550902643
decision_type=2 2 2 2 2
left_child=-1 2 4 -4 -2
right_child=1 -3 3 -5 -6
leaf_value=-0.025645007821930674 -0.00050719510771142615 0.044692570662023361 0.035050818214420104 0.0050456649223539441 -0.037973816290164039
leaf_weight=7.1540305018424979 886.53930768370628 4.3862624317407599 12.957638010382651 45.898561984300613 6.490646466612815
leaf_count=36 4192 19 70 218 30
internal_value=2.29362e-06 0.000194165 -1.0882e-05 0.0116515 -0.000779507
internal_weight=963.426 956.272 951.886 58.8562 893.03
internal_count=4565 4529 4510 288 4222
is_linear=0
shrinkage=0.04


Tree=125
num_leaves=10
num_cat=0
split_feature=40 34 35 26 35 31 33 25 9
split_gain=2.89041 2.94894 9.55233 12.9351 7.52961 4.92084 7.37066 7.28868 1.67972
threshold=0.27426634215569673 0.070870970291075558 0.83415085494645391 0.020207583584825013 0.84422723284928758 0.92801402869362593 -0.2105263157894737 0.90000000000000013 0.00059248120569778482
decision_type=2 2 2 2 2 2 2 2 2
left_child=8 2 3 -2 -4 7 -7 -3 -1
right_child=1 5 4 -5 -6 6 -8 -9 -10
leaf_value=0.0067465242053636829 -0.011244169550165778 -0.006875906076926082 -0.046871411866863458 0.022684681742237461 -0.00023810589327422047 0.016675643538559139 -0.00080375360635824859 0.010705988967020933 0.04667914687583663
leaf_weight=3.4794761314988127 24.396214731037617 320.96136377006769 5.6717257201671591 68.342383019626141 238.3033609688282 47.358152441680431 208.68610731512308 42.7505968734622 3.2686765119433403
leaf_count=25 114 1490 26 334 1120 219 986 222 29
internal_value=2.3493e-06 -0.0001817 0.00283157 0.0137592 -0.0013222 -0.00181881 0.00242925 -0.00480934 0.0260891
internal_weight=963.218 956.47 336.714 92.7386 243.975 619.756 256.044 363.712 6.74815
internal_count=4565 4511 1594 448 1146 2917 1205 1712 54
is_linear=0
shrinkage=0.04


Tree=126
num_leaves=12
num_cat=0
split_feature=32 8 3 22 31 32 23 22 34 8 31
split_gain=2.90258 7.57794 6.63252 5.32415 4.11603 3.42863 10.6897 3.64629 2.96606 2.13757 0.234762
threshold=0.0001738218932144925 -1.0618860082344223e-05 0.00052426261449360016 -0.15306297414908226 0.94650896915597971 0.00020783186957348652 1.692168023512638 -0.42242549934388951 0.063196377577031962 0.00026038325163115004 0.99291269916157754
decision_type=2 2 2 2 2 2 2 2 2 2 2
left_child=1 3 -2 -1 -5 6 -4 -7 10 -10 -3
right_child=2 8 5 4 -6 7 -8 -9 9 -11 -12
leaf_value=-0.039486486966096142 -0.047725815152553558 0.054585549057074426 -0.027566798350476374 -0.014663084117407226 0.023493584792534307 -0.0043690966711318977 0.023233292164952579 0.0016795374204121956 -0.0059168929255443807 0.03337326149610749 0.040448546647384946
leaf_weight=5.2851484119892147 4.7250965237617484 4.7393010184168842 23.10377362370491 8.3091198503971118 9.9278417974710447 208.61140844970942 9.2936422228813154 676.82168494910002 4.1089862734079343 4.8077806457877159 3.1146333962678909
leaf_count=24 23 27 107 39 45 995 43 3193 20 27 22
internal_value=2.44031e-06 0.0105113 -0.000456537 -0.00413605 0.00610865 -0.000213189 -0.0129941 0.000254456 0.0310553 0.0152677 0.0489792
internal_weight=962.848 40.2928 922.556 23.5221 18.237 917.831 32.3974 885.433 16.7707 8.91677 7.85393
internal_count=4565 204 4361 108 84 4338 150 4188 96 47 49
is_linear=0
shrinkage=0.04


Tree=127
num_leaves=11
num_cat=0
split_feature=31 31 23 36 34 1 6 22 36 34
split_gain=2.84664 5.59156 8.72872 6.41182 4.31203 8.02667 6.95977 3.79982 3.70148 1.69785
threshold=1.3044445419139556 1.120823071301208 1.2152307609757862 0.65312959436068507 0.083056436239497974 1.2561133609428909 -0.00046508618160854995 1.163528556554889 0.56019070726495956 0.1177014961905521
decision_type=2 2 2 2 2 2 2 2 2 2
left_child=1 4 3 -3 5 -1 -6 -4 -2 -10
right_child=8 2 7 -5 6 -7 -8 -9 9 -11
leaf_value=0.0018016791594263021 0.003106158301004705 0.013604753843510566 0.038108356170523744 -0.02594381836725668 0.0098038160245921303 0.03420558216943325 -0.0044026669228162882 7.1086448805776089e-05 -0.048602576230542337 -0.0154698232704096
leaf_weight=348.04222522675991 9.0835414826869982 15.888134792447092 19.772969812154773 11.170497149229048 62.548716209828854 12.676442287862299 468.02610348910093 5.3360854238271704 5.0145393311977369 4.8855433166027069
leaf_count=1660 39 74 98 53 297 62 2211 25 23 23
internal_value=2.57571e-06 0.000311154 0.0130396 -0.00272191 -0.000433843 0.00294042 -0.00272788 0.0300248 -0.0153334 -0.0322521
internal_weight=962.445 943.461 52.1677 27.0586 891.293 360.719 530.575 25.1091 18.9836 9.90008
internal_count=4565 4480 250 127 4230 1722 2508 123 85 46
is_linear=0
shrinkage=0.04


Tree=128
num_leaves=13
num_cat=0
split_feature=35 39 3 9 40 38 35 6 3 38 3 36
split_gain=2.82862 4.67283 8.10478 7.65361 6.12105 7.91449 6.45353 5.55359 4.37865 5.09805 7.06719 2.74275
threshold=1.5507727725969824 0.13959487995263911 0.0033080053300611006 0.00061968819638489865 0.40195201152304721 0.60578937859577964 1.114947331032196 -0.00014693336953024998 0.0011306381674561503 0.61356951100297297 0.0022733830883756505 0.60316041937192588
decision_type=2 2 2 2 2 2 2 2 2 2 2 2
left_child=1 4 7 -4 6 -6 -1 -3 -2 11 -11 -10
right_child=8 2 3 -5 5 -7 -8 -9 9 10 -12 -13
leaf_value=0.024900691789912274 0.048232139120095163 0.0022257359706888504 0.054393037406031776 -0.0007698136630160656 0.02405594616152126 -0.00062267809075511446 -0.01379598455651772 -0.015337138341702484 -0.040449236985405534 -0.017883744304013956 0.046330388741913524 0.0060463970988459742
leaf_weight=30.741326257586479 4.6765261590480831 41.338354229927063 6.2477357536554363 11.308235161006449 21.408159956336021 722.69118069857359 8.8895893767476064 95.03159599006176 4.4063033312559146 4.3974523991346341 7.2853999733924866 3.76393723487854
leaf_count=194 21 195 29 56 109 3376 47 440 22 19 37 20
internal_value=2.52639e-06 -0.000348259 -0.00671996 0.0188613 0.000903154 8.73399e-05 0.0162207 -0.0100132 0.0134115 0.00520922 0.02216 -0.0190292
internal_weight=962.186 937.656 153.926 17.556 783.73 744.099 39.6309 136.37 24.5296 19.8531 11.6829 8.17024
internal_count=4565 4446 720 85 3726 3485 241 635 119 98 56 42
is_linear=0
shrinkage=0.04


Tree=129
num_leaves=12
num_cat=0
split_feature=0 8 26 32 35 37 32 31 40 24 38
split_gain=2.91397 7.23347 6.60886 8.59916 5.24234 5.11609 7.10263 4.40213 6.24861 4.33553 2.01573
threshold=67.484932343607355 0.0013703381233137503 0.020206826159327278 0.00023808662487974626 0.82043115893018514 0.19253982193758443 0.00049630499877009531 1.3044445419139556 0.49484677562856655 0.19166666666634719 0.88681047895469189
decision_type=2 2 2 2 2 2 2 2 2 2 2
left_child=1 7 -2 10 -5 6 -3 9 -9 -1 -4
right_child=2 5 3 4 -6 -7 -8 8 -10 -11 -12
leaf_value=0.00070222696627234818 0.053468433997302611 -0.042971338482760441 -0.053208672516142752 0.025687532288552736 0.0029659027493071565 -0.058989923367693473 0.029254142239987364 -0.046216992839986031 0.0046494576244252156 -0.012921076168404462 -0.015144795558421884
leaf_weight=762.34600325673819 4.4513832926750174 4.7707483023405057 4.4145829081535322 19.508404910564423 97.173700727522373 5.5736997649073592 4.0093047544360161 7.9549319148063642 7.5137694925069809 39.303348131477833 4.4900731891393661
leaf_count=3611 22 22 21 98 461 28 22 33 35 191 21
internal_value=2.82387e-06 -0.000868013 0.00557101 0.0038733 0.0067648 -0.0290174 -0.00999045 -0.000373532 -0.0215091 3.43022e-05 -0.0340154
internal_weight=961.51 831.472 130.038 125.587 116.682 14.3538 8.78005 817.118 15.4687 801.649 8.90466
internal_count=4565 3942 623 601 559 72 44 3870 68 3802 42
is_linear=0
shrinkage=0.04


Tree=130
num_leaves=9
num_cat=0
split_feature=13 15 13 19 38 10 29 39
split_gain=2.81745 4.16544 4.12037 3.77893 3.71475 3.60235 2.72447 1.39213
threshold=0.0014736541258501502 0.0020998477425644003 0.0010836246238530502 2.0456066405663882 0.99999999986951693 0.00035220851847540005 0.041008471434673996 0.029304855674621006
decision_type=2 2 2 2 2 2 2 2
left_child=2 -2 4 7 5 -1 -5 -4
right_child=1 -3 3 6 -6 -7 -8 -9
leaf_value=0.00070811602675866577 0.043530907625371727 -0.0086937137865075748 -0.055322930571624254 -0.021996644423616266 0.031567101032104285 -0.0081354407161085881 0.022040952528432939 -0.022849784269241155
leaf_weight=846.90259037911892 5.7013501375913602 4.2765212059020996 4.1204256415367144 4.8215471878647786 5.9797313511371604 80.721727304160595 4.2108845710754395 4.3340672329068184
leaf_count=4021 30 21 20 23 28 380 21 21
internal_value=2.63756e-06 0.0211474 -0.000219192 -0.0194564 0.000141132 -6.14489e-05 -0.00146649 -0.0386761
internal_weight=961.069 9.97787 951.091 17.4869 933.604 927.624 9.03243 8.45449
internal_count=4565 51 4514 85 4429 4401 44 41
is_linear=0
shrinkage=0.04


Tree=131
num_leaves=7
num_cat=0
split_feature=22 13 37 10 22 15
split_gain=2.84296 3.45964 4.48318 3.91607 5.73279 4.53387
threshold=-2.1989927020585065 0.0014736541258501502 0.10262138598597216 0.00035220851847540005 -0.6563825900891479 0.0018378148921172502
decision_type=2 2 2 2 2 2
left_child=-1 3 -3 5 -5 -2
right_child=1 2 -4 4 -6 -7
leaf_value=-0.025221425363522423 0.00040333482635492268 0.057589059270544037 0.0015667703757657251 0.018483090298697456 -0.011767629294490574 0.022823474327084994
leaf_weight=7.0964908078312865 838.86026684939861 3.8373853713273984 5.651522696018219 11.472317174077032 79.363452062010765 14.684152625501154
leaf_count=36 3973 20 29 54 374 79
internal_value=2.57197e-06 0.000190231 0.0242226 -5.12409e-05 -0.00794704 0.000789045
internal_weight=960.966 953.869 9.48891 944.38 90.8358 853.544
internal_count=4565 4529 49 4480 428 4052
is_linear=0
shrinkage=0.04


Tree=132
num_leaves=13
num_cat=0
split_feature=29 31 36 31 31 27 22 1 22 34 40 29
split_gain=2.81828 4.59223 4.47705 3.92336 3.65477 5.54086 3.71355 17.0393 5.26426 3.54702 1.62494 1.12353
threshold=0.0086162688275127023 0.99912555776963508 0.56019070726495956 0.94895763879931427 0.71582587707627254 0.1505388009747044 1.5073964217908398 -0.34869561859431991 1.0931708504323761 0.11430317185088598 0.50089519383272429 0.052204169022002866
decision_type=2 2 2 2 2 2 2 2 2 2 2 2
left_child=1 3 -3 9 5 11 8 -8 -6 -1 -4 -2
right_child=4 2 10 -5 6 -7 7 -9 -10 -11 -12 -13
leaf_value=0.0098145442047367828 0.052525460997312465 0.033398089842758105 0.0050588871899040827 -0.056421325208727932 0.00030915475291361358 -0.017458926267198856 -0.043743024254345432 0.041909895977635413 -0.017065015069867514 -0.026917451297807784 -0.028855080737029644 0.025667585078526969
leaf_weight=6.4842222705483499 3.8967482894659025 5.9572512656450263 4.7003931403160077 4.3044297844171515 860.4347760528326 4.503414958715438 5.1641476750373867 13.252654269337652 28.838084161281586 11.973022148013113 4.3547237366437912 6.9134097024798393
leaf_count=34 19 32 21 24 4077 24 22 63 133 58 22 36
internal_value=2.59145e-06 -0.0107063 0.00646691 -0.0220329 0.000440856 0.0198193 0.000113923 0.0178925 -0.000254269 -0.0140131 -0.0112508 0.0353491
internal_weight=960.777 37.774 15.0124 22.7617 923.003 15.3136 907.69 18.4168 889.273 18.4572 9.05512 10.8102
internal_count=4565 191 75 116 4374 79 4295 85 4210 92 43 55
is_linear=0
shrinkage=0.04


Tree=133
num_leaves=9
num_cat=0
split_feature=40 24 36 38 22 6 39 28
split_gain=2.79421 3.03094 6.49002 8.54462 5.65745 5.44092 4.97532 2.93963
threshold=0.65956914723275706 0.024999999999958254 0.74570963645172783 0.87838033895969569 1.5073964217908398 0.00013803304658795002 0.14073567748712545 0.78128367540426991
decision_type=2 2 2 2 2 2 2 2
left_child=1 2 5 -4 6 -1 -3 -6
right_child=-2 4 3 -5 7 -7 -8 -9
leaf_value=0.0031394052157532933 -0.026048643267313269 -2.2060327344496113e-05 0.010656885208251442 -0.02521791229260454 0.0047418350407025366 0.018157474368661875 -0.0089391424008143268 0.04820941427111583
leaf_weight=145.15657024085522 6.5426701903343192 581.5002434104681 18.501050025224686 24.945563726127148 4.5248016715049726 52.579034857451916 120.9348134174943 5.5336858481168747
leaf_count=701 32 2759 89 116 21 249 572 26
internal_value=2.51883e-06 0.000181242 0.00405708 -0.0099412 -0.00113075 0.0071328 -0.00155727 0.0286556
internal_weight=960.218 953.676 241.182 43.4466 712.494 197.736 702.435 10.0585
internal_count=4565 4533 1155 205 3378 950 3331 47
is_linear=0
shrinkage=0.04


Tree=134
num_leaves=9
num_cat=0
split_feature=3 14 22 33 22 35 23 29
split_gain=2.77725 2.96006 11.0508 7.96596 7.82284 7.37445 6.99829 6.75562
threshold=0.00040177023238160004 0.00014934142196000003 0.58781412768650843 1.0000000180025095e-35 0.69884788117156116 1.2864871120603896 0.22369098414554497 0.081094171835330561
decision_type=2 2 2 2 2 2 2 2
left_child=-1 5 3 -3 -4 6 -2 -7
right_child=1 2 4 -5 -6 7 -8 -9
leaf_value=0.029028034268439206 0.0035880828911415657 0.0083177811210660424 0.049345259362464082 -0.0051200386696458764 0.011656409374274685 0.018715860931954514 -0.0064003255107438683 -0.013361047212834288
leaf_weight=5.2455885261297217 160.63023918122053 110.30486398935318 10.987649112939833 196.00467917323112 44.494947105646133 46.203763641417027 372.49670172482729 13.596451967954634
leaf_count=36 789 515 48 953 206 212 1741 65
internal_value=2.48328e-06 -0.000156994 0.00269431 -0.000280957 0.0191202 -0.0018968 -0.00339084 0.0114227
internal_weight=959.965 954.719 361.792 306.31 55.4826 592.927 533.127 59.8002
internal_count=4565 4529 1722 1468 254 2807 2530 277
is_linear=0
shrinkage=0.04


Tree=135
num_leaves=15
num_cat=0
split_feature=23 23 40 3 38 18 40 40 9 1 7 40 23 38
split_gain=2.75737 8.03119 9.26787 10.3245 8.27862 13.2921 10.5695 8.11972 6.41614 10.2596 10.8364 10.6561 7.76434 11.5267
threshold=1.2617674059275015 0.70153071063902506 0.44135695872939762 0.0013230306018033502 0.99999999967619568 1.0000000180025095e-35 0.4242201205607104 0.47604265605111806 0.0002787738764400694 -0.32246794940192547 0.00030802110542765007 0.48605252272548799 1.7299683099394112 0.99999999964099728
decision_type=2 2 2 2 2 2 2 2 2 2 2 2 2 2
left_child=1 2 3 -1 6 -6 -3 -4 9 11 -11 -2 13 -10
right_child=8 4 7 -5 5 -7 -8 -9 12 10 -12 -13 -14 -15
leaf_value=-0.0092974632174791724 -0.062368343364371311 -0.07222464435675191 -0.018035301100960022 0.030052660220058997 -0.011932535806818838 0.028031815710503949 -0.013143022021253378 0.0010171045973110275 0.027963566080951574 0.012548885696022973 -0.023283212241790318 -0.010960688844702726 0.0018939784531279158 -0.007817684451264734
leaf_weight=15.658231683075426 7.8774173259735099 5.0955135077238074 39.823897264897823 33.477624922990799 35.803126692771912 21.200689792633057 98.437370397150517 353.32737377285957 50.291332818567753 57.52995689958334 17.646003663539886 35.641826912760735 167.80989845097065 20.187246970832348
leaf_count=82 33 22 193 202 169 107 457 1647 234 279 83 167 795 95
internal_value=2.48686e-06 -0.00164736 0.00113421 0.0175129 -0.00931073 0.00293089 -0.0160508 -0.000912791 0.00278852 -0.00480962 0.00413804 -0.020266 0.00657328 0.0177147
internal_weight=959.808 602.824 442.287 49.1359 160.537 57.0038 103.533 393.151 356.984 118.695 75.176 43.5192 238.288 70.4786
internal_count=4565 2879 2124 284 755 276 479 1840 1686 562 362 200 1124 329
is_linear=0
shrinkage=0.04


Tree=136
num_leaves=14
num_cat=0
split_feature=32 1 9 22 14 22 38 26 39 25 35 13 19
split_gain=2.76334 8.17403 6.89908 9.46965 8.0407 5.94621 6.8213 4.96278 4.03991 3.82984 2.79138 3.78744 1.38765
threshold=0.0001738218932144925 -0.29721739345768577 0.00021888268676519885 -0.40415657519710574 0.00033974734644215003 0.15695113087034482 0.99999999981723686 0.020206826159327278 0.082946274970282244 0.75000000000000011 0.97876820107195073 -1.2249010213826515e-05 -0.53837019389008067
decision_type=2 2 2 2 2 2 2 2 2 2 2 2 2
left_child=1 5 3 9 -5 -1 -7 -4 -9 -2 11 -3 -12
right_child=2 10 7 4 -6 6 -8 8 -10 -11 12 -13 -14
leaf_value=-0.051642548128469801 -0.0035073858220152948 -0.013158689328955031 0.040239834032682158 -0.026249364262112402 0.019881080242418067 0.032410387333223219 -0.027255566814964483 0.0019548387135123841 -0.0042151923483110957 0.045772903029047324 0.057489116257996707 0.036024050769112553 0.02920665862526832
leaf_weight=4.2974312007427242 4.8425139188766462 5.3758574426174164 4.9967003762722006 45.429601460695267 6.9736047834157935 6.2267411500215513 6.0390515476465225 617.79873771220446 234.14225322008133 5.2682815194129944 3.9738107696175566 4.6914195418357867 9.2056793794035894
leaf_count=18 25 28 23 208 31 29 28 2946 1104 24 22 30 49
internal_value=3.1055e-06 0.0103207 -0.00044362 -0.0132722 -0.0201105 -0.0111522 0.00303391 0.000492228 0.000259105 0.0221704 0.02562 0.0097608 0.0377342
internal_weight=959.262 39.81 919.452 62.514 52.4032 16.5632 12.2658 856.938 851.941 10.1108 23.2468 10.0673 13.1795
internal_count=4565 204 4361 288 239 75 57 4073 4050 49 129 58 71
is_linear=0
shrinkage=0.04


Tree=137
num_leaves=9
num_cat=0
split_feature=20 1 8 8 34 29 29 30
split_gain=2.75488 4.67233 5.23 6.80728 3.87915 2.56757 1.94317 0.586122
threshold=0.0026394521373400504 -3.8265029169542677 -0.0020876884250603995 -0.0015366749939814998 0.22820584232021454 0.03441150056711214 0.017823801318383955 0.05664914998766208
decision_type=2 2 2 2 2 2 2 2
left_child=1 6 5 -4 7 -3 -1 -2
right_child=4 2 3 -5 -6 -7 -8 -9
leaf_value=-0.0080938126446015776 0.05232235883260198 0.044701189431804698 -0.018827285872932635 0.00034133964809889103 -0.0034098128935918914 0.0044124239691715542 -0.046607213960669663 0.027529267061736192
leaf_weight=3.7295584529638273 3.4080483391880971 6.1624801605939847 30.655620247125626 896.73645287752151 6.2932958602905273 4.2947013825178146 4.785735197365284 2.7620645686984062
leaf_count=20 22 31 150 4250 28 20 26 18
internal_value=3.13869e-06 -0.000242915 2.48972e-05 -0.000292293 0.0186864 0.0281548 -0.029739 0.0412237
internal_weight=958.828 946.365 937.849 927.392 12.4634 10.4572 8.51529 6.17011
internal_count=4565 4497 4451 4400 68 51 46 40
is_linear=0
shrinkage=0.04


Tree=138
num_leaves=15
num_cat=0
split_feature=0 19 35 34 10 15 34 5 2 23 6 8 37 2
split_gain=2.75436 7.98903 9.40232 8.67499 7.4677 7.28214 10.1393 9.74526 8.57927 7.20344 6.59277 4.42687 4.23659 3.75448
threshold=40.326955008005974 -0.81402389611038073 0.81089787585416662 0.13861315677249933 -5.5403995376172373e-05 -0.00027579052409059995 0.16739288250560916 1.0000000180025095e-35 0.20418405243901383 3.287727967827911 -0.00013175522975079996 -0.00053225484751144993 0.052645377356025015 0.45960864502300552
decision_type=2 2 2 2 2 2 2 2 2 2 2 2 2 2
left_child=1 2 10 -4 12 6 7 -2 -7 -10 -1 -6 -3 -8
right_child=5 4 3 -5 11 8 13 -9 9 -11 -12 -13 -14 -15
leaf_value=-0.0097694974813987857 0.0060980431269621162 0.013855015731280479 0.012990994504431608 -0.0039124659419065662 0.047745843881368703 -0.039016758916164344 -0.024815665028622327 -0.01736985339309172 -0.0001751750986238691 0.01613438008920403 -0.052031581224682058 0.017654612587473577 -0.034494494051914917 -0.066009387026168279
leaf_weight=28.820894330739975 55.404810473322868 5.9758407026529294 88.816240347921848 107.22320090979338 11.511177882552145 8.5985700711607915 8.9647995755076391 57.89656550437212 494.44101426750422 47.490359082818031 7.4280304461717597 24.410035170614719 5.6330506354570389 5.8501665592193595
leaf_count=136 265 31 411 506 53 42 44 277 2366 229 34 116 27 28
internal_value=3.12083e-06 0.0033425 0.00028519 0.0037457 0.0182841 -0.00137377 -0.00996303 -0.00589396 0.00062508 0.00125406 -0.0184297 0.0272975 -0.0096059 -0.0410823
internal_weight=958.465 279.818 232.288 196.039 47.5301 678.646 128.116 113.301 550.53 541.931 36.2489 35.9212 11.6089 14.815
internal_count=4565 1314 1087 917 227 3251 614 542 2637 2595 170 169 58 72
is_linear=0
shrinkage=0.04


Tree=139
num_leaves=13
num_cat=0
split_feature=29 31 36 31 31 30 28 32 28 3 13 40
split_gain=2.75096 4.3509 4.02094 3.70317 3.42121 5.37227 3.62526 9.94179 7.31043 3.26901 2.00682 1.53213
threshold=0.0086162688275127023 0.99912555776963508 0.56019070726495956 0.94895763879931427 0.71582587707627254 0.058796841884657697 0.96313292193476829 0.00028476354968104439 0.95960776251659741 0.0015521609761784004 -0.00032060294918159993 0.50089519383272429
decision_type=2 2 2 2 2 2 2 2 2 2 2 2
left_child=1 3 -3 9 5 -2 8 -8 -6 -1 -7 -4
right_child=4 2 11 -5 6 10 7 -9 -10 -11 -12 -13
leaf_value=0.0097288177828704098 -0.013988846113885098 0.031788556529578002 0.0051049144483815102 -0.055636713529563959 -3.8450689306747247e-05 0.013175857679715077 -0.020246005669877807 0.014591664887767876 -0.02237628311062876 -0.025982263086697523 0.050130499378746307 -0.027975777893383191
leaf_weight=6.1824521124363008 5.1398870050907126 5.9074994027614585 4.6874425783753377 4.1896426379680625 796.14913481473923 3.7580728679895392 16.180050536990166 68.996203854680061 24.152365081012249 12.184390500187872 6.2806312665343276 4.2905140072107315
leaf_count=31 24 32 21 24 3785 19 75 322 113 61 36 22
internal_value=2.88357e-06 -0.0106255 0.00615966 -0.0217023 0.000435126 0.0192683 0.000119424 0.00797391 -0.00069615 -0.0139616 0.0362962 -0.0107042
internal_weight=958.098 37.4419 14.8855 22.5565 920.656 15.1786 905.478 85.1763 820.301 18.3668 10.0387 8.97796
internal_count=4565 191 75 116 4374 79 4295 397 3898 92 55 43
is_linear=0
shrinkage=0.04


Tree=140
num_leaves=6
num_cat=0
split_feature=22 38 29 31 31
split_gain=2.5669 4.61076 3.30402 5.047 4.86324
threshold=-2.1989927020585065 0.99999999986951693 0.0086162688275127023 0.71582587707627254 0.99912555776963508
decision_type=2 2 2 2 2
left_child=-1 2 4 -4 -2
right_child=1 -3 3 -5 -6
leaf_value=-0.024046033387902767 -0.023722743274491191 0.041238842153679352 0.025889536747182966 0.00011788446463374547 0.0059390175316820712
leaf_weight=7.0491619333624831 21.939012035727501 4.3561756908893576 12.325199306011198 897.19215085357428 14.817181639373301
leaf_count=36 114 19 65 4256 75
internal_value=2.65635e-06 0.000180984 -8.02657e-06 0.000467125 -0.0117655
internal_weight=957.679 950.63 946.274 909.517 36.7562
internal_count=4565 4529 4510 4321 189
is_linear=0
shrinkage=0.04


Tree=141
num_leaves=15
num_cat=0
split_feature=6 22 28 12 38 18 6 13 13 30 22 8 12 15
split_gain=2.57429 6.93119 7.57568 6.92335 6.38302 5.99159 5.27365 4.74404 7.20359 8.39108 6.83835 9.31184 6.91837 6.43824
threshold=-0.00044768918554014995 0.17584749779529543 0.86027897266732878 -9.8077459097133766e-05 0.99999999979968557 1.0000000180025095e-35 -0.00064840719588574994 -0.00015429286539829997 -0.00032684421597489998 0.15945917165158005 -0.42242549934388951 0.0005322506290846501 0.00035220851847540005 -0.0013321239784400498
decision_type=2 2 2 2 2 2 2 2 2 2 2 2 2 2
left_child=1 2 5 4 -3 -1 -4 8 13 -10 11 -9 -12 -2
right_child=7 3 6 -5 -6 -7 -8 10 9 -11 12 -13 -14 -15
leaf_value=0.050659181261741792 0.04180121519537263 -0.029240532946371675 -0.0092573783875524677 0.036223553873048424 0.021398800030522851 0.004201575425711898 0.017496929033387114 -0.00058098662190373817 -0.015202735389185802 0.034194565429107232 0.0054729425895743179 -0.024744952528344223 -0.0081584766037540342 -0.00096068843141278073
leaf_weight=12.610107824206354 5.8847597539424887 19.064861357212074 22.690382421016693 4.3393493294715872 5.0342866778373709 6.8569297268986693 24.533972062170506 99.899730585515499 108.84914961457253 5.7950678393244734 405.84868116676807 34.269483670592308 69.820420667529106 131.90434499084949
leaf_count=58 28 87 112 21 25 31 119 477 521 30 1930 167 331 628
internal_value=2.54673e-06 0.00624715 0.0132977 -0.0102872 -0.018662 0.0342953 0.00464201 -0.000686388 -0.00529793 -0.0127058 0.00122249 -0.00675294 0.00347207 0.000865606
internal_weight=957.402 95.1299 66.6914 28.4385 24.0991 19.467 47.2244 862.272 252.433 114.644 609.838 134.169 475.669 137.789
internal_count=4565 453 320 133 112 89 231 4112 1207 551 2905 644 2261 656
is_linear=0
shrinkage=0.04


Tree=142
num_leaves=8
num_cat=0
split_feature=40 23 23 31 40 35 9
split_gain=2.68112 2.80467 7.5265 8.2361 7.26831 6.1416 5.83689
threshold=0.2555297309609284 1.2617674059275015 0.70153071063902506 0.92801402869362593 0.44135695872939762 0.51967445370622911 0.0002787738764400694
decision_type=2 2 2 2 2 2 2
left_child=-1 2 4 -4 -2 -3 -7
right_child=1 5 3 -5 -6 6 -8
leaf_value=0.034604275589763415 0.015827167828957617 -0.062072013537657247 -0.016459014233211243 0.0022293415120545148 -0.00087106648286358211 -0.0041817619383579911 0.0067456522778619786
leaf_weight=3.5695636570453635 46.664469942450523 2.3275811225175849 97.790043644607067 61.435022942721844 392.61581616848707 117.0879484936595 235.55104527622461
leaf_count=36 262 12 454 293 1840 556 1112
internal_value=2.46581e-06 -0.000127075 -0.00179781 -0.00924834 0.000902777 0.00268993 0.00311739
internal_weight=957.041 953.472 598.505 159.225 439.28 354.967 352.639
internal_count=4565 4529 2849 747 2102 1680 1668
is_linear=0
shrinkage=0.04


Tree=143
num_leaves=15
num_cat=0
split_feature=0 22 19 40 29 8 30 34 20 37 32 24 34 0
split_gain=2.63369 7.98331 8.95955 7.58797 6.67788 6.61965 5.48481 5.2728 4.79968 4.658 6.5573 3.80495 7.59108 5.49416
threshold=67.484932343607355 0.25031574660636563 2.4358295867552964 0.50455703163047871 0.0069549211615597259 0.0013703381233137503 0.13771760644772582 0.10104069971297487 0.0025933678064785008 0.19253982193758443 0.00049630499877009531 0.19166666666634719 0.19638695139688631 40.326955008005974
decision_type=2 2 2 2 2 2 2 2 2 2 2 2 2 2
left_child=5 3 4 6 -3 11 -2 -4 -5 10 -7 13 -13 -1
right_child=1 2 7 8 -6 9 -8 -9 -10 -11 -12 12 -14 -15
leaf_value=0.005205090141215795 0.0063851630852867769 -0.021173750154119719 0.027692073243567084 -0.047540601702947514 0.034583381842303522 -0.041725764793076048 -0.039384431557677423 -0.025571102051876831 -8.3097925067680248e-05 -0.056943425664195912 0.028112634393037541 -0.037572935743591503 -0.00014533389340290145 -0.0020372115216614919
leaf_weight=245.44016435742378 60.956418104469776 3.8535264879465094 4.2900868356227866 8.6910625398159009 31.782881513237953 4.6990914791822416 4.4983015060424796 9.6919941753149015 5.6111678704619399 5.4533563181757918 3.9670582935214043 12.951490014791487 26.230484053492546 528.44226779788733
leaf_count=1148 297 20 20 43 148 22 20 46 29 28 22 62 130 2530
internal_value=2.52118e-06 0.00530967 0.0179073 -0.00252757 0.0285541 -0.000827542 0.0032397 -0.0092285 -0.0289217 -0.0279813 -0.0097562 -0.000355997 -0.0125169 0.000259716
internal_weight=956.559 129.375 49.6185 79.757 35.6364 827.184 65.4547 13.9821 14.3022 14.1195 8.66615 813.064 39.182 773.882
internal_count=4565 623 234 389 168 3942 317 66 72 72 44 3870 192 3678
is_linear=0
shrinkage=0.04


Tree=144
num_leaves=11
num_cat=0
split_feature=26 27 40 33 3 34 23 25 36 26
split_gain=2.6137 10.6966 9.07375 7.79976 7.79436 6.37822 9.26378 7.20863 2.41229 0.883314
threshold=0.020210648966589532 0.18106056703601567 0.37863602083259651 -0.42105263157894735 0.0013230306018033502 0.2677692317675141 -0.016833440730623848 0.90000000000000013 0.60225631188336215 0.020208520933198037
decision_type=2 2 2 2 2 2 2 2 2 2
left_child=1 2 9 -2 -4 7 -7 -5 -3 -1
right_child=3 8 4 5 -6 6 -8 -9 -10 -11
leaf_value=0.024920639624025687 -0.044407127677390149 0.019980256084111733 -0.0039710925391116389 -0.0058656280977597555 0.006379988140576393 -0.028100963886857993 0.02244091421947695 0.0067378513081778517 0.059039960623563648 0.051708274456348721
leaf_weight=3.0826837718486768 6.8892348557710639 4.4277256280183774 273.79085612297058 319.89826299250126 202.46525785326958 7.0241605788469306 33.358193203806877 93.928769491612911 5.9020296335220337 5.4543898850679398
leaf_count=19 33 21 1284 1499 932 37 163 511 31 35
internal_value=2.09651e-06 0.00202022 0.00116201 -0.00216495 0.000429343 -0.00152424 0.0136496 -0.00300494 0.0422975 0.0420354
internal_weight=956.222 495.123 484.793 461.099 476.256 454.209 40.3824 413.827 10.3298 8.53707
internal_count=4565 2322 2270 2243 2216 2210 200 2010 52 54
is_linear=0
shrinkage=0.04


Tree=145
num_leaves=7
num_cat=0
split_feature=40 26 33 3 31 15
split_gain=2.59428 2.6252 4.97688 4.61461 3.08795 2.83012
threshold=0.65956914723275706 0.020206397364164321 -0.10526315789473688 0.00052426261449360016 1.3044445419139556 -0.00015404613467194996
decision_type=2 2 2 2 2 2
left_child=1 2 -1 -3 -5 -4
right_child=-2 3 5 4 -6 -7
leaf_value=-0.019267445362023409 -0.025335134346808313 -0.035332242221740751 0.0092670543323892449 0.00041939552913443232 -0.01623125609467567 0.044330538799934996
leaf_weight=5.1582576930522945 6.4222228005528441 5.9216156601905814 7.5452732369303712 905.19266185164452 18.178718462586403 7.195476517081258
leaf_count=24 32 28 38 4316 82 45
internal_value=2.25388e-06 0.000173686 0.0145492 -0.000134138 9.15886e-05 0.0263828
internal_weight=955.614 949.192 19.899 929.293 923.371 14.7407
internal_count=4565 4533 107 4426 4398 83
is_linear=0
shrinkage=0.04


Tree=146
num_leaves=14
num_cat=0
split_feature=24 36 23 39 22 6 35 21 34 34 22 28 15
split_gain=2.58858 5.84675 11.6681 10.1608 5.01706 4.89497 8.77092 5.65701 4.57638 5.13382 3.64743 2.65158 1.86643
threshold=0.024999999999958254 0.74570963645172783 0.15155850314529107 0.17254901672605097 1.5073964217908398 0.00013803304658795002 0.95166093577409183 -0.00018979063678749999 0.0061406301713010378 0.102146287560984 0.38090177482664384 0.78128367540426991 -5.1298696152173013e-05
decision_type=2 2 2 2 2 2 2 2 2 2 2 2 2
left_child=1 5 12 -4 8 7 -7 -1 10 -10 -2 -6 -3
right_child=4 2 3 -5 11 6 -8 -9 9 -11 -12 -13 -14
leaf_value=0.010929016586890534 -0.0083424943924054994 0.010134746090776059 -0.030010708060983163 0.027395511271566503 0.0042217203139454911 0.037086498899305424 0.0037040517170509189 -0.0048772401550591328 0.0027986754996448255 -0.0041748060026053583 -0.043294614862485703 0.045724659076071712 0.047055081316086364
leaf_weight=69.750031150877476 14.797982193529608 3.8560911566019058 28.751061797142029 5.9550222754478446 4.4875338524579984 20.889663979411125 31.707046642899513 75.381919160485268 307.67852230370045 374.51927728205919 7.0543184578418723 5.4595067203044891 5.0728892982006055
leaf_count=333 71 20 136 27 21 103 148 372 1467 1785 32 26 24
internal_value=2.26048e-06 0.00358339 -0.00966913 -0.0201607 -0.00120832 0.00650797 0.0169624 0.0027192 -0.00160687 -0.00102969 -0.0196257 0.0270009 0.0311106
internal_weight=955.361 241.364 43.6351 34.7061 713.997 197.729 52.5967 145.132 704.05 682.198 21.8523 9.94704 8.92898
internal_count=4565 1163 207 163 3402 956 251 705 3355 3252 103 47 44
is_linear=0
shrinkage=0.04


Tree=147
num_leaves=13
num_cat=0
split_feature=32 1 9 21 27 26 31 26 24 35 9 31
split_gain=2.53021 7.58023 6.18467 8.92592 10.79 8.20041 4.94168 4.44634 3.84456 2.63365 2.38676 1.60121
threshold=0.0001738218932144925 -0.29721739345768577 0.00021888268676519885 0.00020503953892465004 0.03459209447181455 0.020207122640974181 0.94766591155858937 0.020206826159327278 0.041666666666597151 0.97876820107195073 0.00014208465409696738 0.8058004195824956
decision_type=2 2 2 2 2 2 2 2 2 2 2 2
left_child=1 6 3 4 -2 -5 -1 -4 -9 10 -3 -11
right_child=2 9 7 5 -6 -7 -8 8 -10 11 -12 -13
leaf_value=-0.033978802445510055 -0.033733870137887256 0.031930583374380241 0.038149349718334787 0.035588250296400378 0.0098260172704029095 -0.02161136443066038 0.0098304030119860508 0.0037672352933878594 -0.0018146651854699476 0.01676221936729946 -0.0076612699745025846 0.046613789688751892
leaf_weight=7.7567734569311169 33.060464330017567 4.2689913660287875 4.9798218160867682 9.9220790266990679 12.553235679864882 6.7305181473493567 8.7860027998685819 312.59080984443426 535.86602429300547 4.304188832640647 5.6745986044406891 8.6582488790154439
leaf_count=37 155 27 23 46 56 31 38 1498 2552 20 31 51
internal_value=2.39722e-06 0.00992127 -0.000424911 -0.0125952 -0.0217459 0.0124698 -0.0107114 0.000463025 0.000241834 0.0248222 0.00933634 0.0367015
internal_weight=955.152 39.4488 915.703 62.2663 45.6137 16.6526 16.5428 853.437 848.457 22.906 9.94359 12.9624
internal_count=4565 204 4361 288 211 77 75 4073 4050 129 58 71
is_linear=0
shrinkage=0.04


Tree=148
num_leaves=6
num_cat=0
split_feature=22 38 27 40 22
split_gain=2.4673 4.17728 4.16447 5.26238 4.44929
threshold=-2.1989927020585065 0.99999999986951693 0.094352974878053636 0.4694518739864712 1.0931708504323761
decision_type=2 2 2 2 2
left_child=-1 2 4 -4 -2
right_child=1 -3 3 -5 -6
leaf_value=-0.023647720814817103 -0.00014605243460368025 0.039381400172728148 0.033463739851832798 0.0040304342279116785 -0.015890137420639265
leaf_weight=7.0060848593711844 857.01498397439718 4.328741803765296 12.470777384936808 44.046850457787514 29.715231075882912
leaf_count=36 4090 19 70 212 138
internal_value=2.4016e-06 0.000177263 -2.65195e-06 0.010525 -0.000673653
internal_weight=954.583 947.577 943.248 56.5176 886.73
internal_count=4565 4529 4510 282 4228
is_linear=0
shrinkage=0.04


Tree=149
num_leaves=11
num_cat=0
split_feature=35 3 38 3 36 20 40 38 25 6
split_gain=2.46011 4.06413 4.24557 6.2614 4.17282 3.47278 4.30794 3.81089 9.86507 6.2966
threshold=1.5507727725969824 0.0011172341742637002 0.61356951100297297 0.0022733830883756505 0.61623501309982986 0.0026394521373400504 0.51016399487340636 0.8551448890372656 0.75000000000000011 2.9372170048106014e-05
decision_type=2 2 2 2 2 2 2 2 2 2
left_child=5 -2 4 -4 -3 7 -7 8 -1 -9
right_child=1 2 3 -5 -6 6 -8 9 -10 -11
leaf_value=-0.0091837656327211983 0.048424748494734146 -0.041555323485322523 -0.016536172014091747 0.044207110376947113 0.014849069181320864 0.046769897204528378 -0.0073841887653023578 -0.0022534223352819105 0.0052556102632662621 0.0060816477971337036
leaf_weight=211.73090811818838 4.1888701468706158 4.6976676285266894 4.4006683081388456 7.0889507383108139 3.7930106222629547 5.4948372319340688 4.1070295795798302 335.67554686963558 117.83802904188633 255.30666924268007
leaf_count=982 19 24 19 37 20 31 22 1609 574 1228
internal_value=2.43362e-06 0.0126014 0.00509109 0.0209417 -0.016358 -0.00032494 0.0236064 -0.000574558 -0.00402094 0.00134736
internal_weight=954.322 24.1692 19.9803 11.4896 8.49068 930.153 9.60187 920.551 329.569 590.982
internal_count=4565 119 100 56 44 4446 53 4393 1556 2837
is_linear=0
shrinkage=0.04


Tree=150
num_leaves=11
num_cat=0
split_feature=26 27 40 3 33 34 23 34 36 36
split_gain=2.42575 9.53005 8.51029 7.26509 7.15478 5.92607 8.47958 6.48567 2.18387 0.889564
threshold=0.020210648966589532 0.18106056703601567 0.37863602083259651 0.0013230306018033502 -0.42105263157894735 0.2677692317675141 -0.016833440730623848 0.14461440298649478 0.60225631188336215 0.47059102630011357
decision_type=2 2 2 2 2 2 2 2 2 2
left_child=1 2 9 -4 -2 7 -7 -6 -3 -1
right_child=4 8 3 -5 5 6 -8 -9 -10 -11
leaf_value=0.023771773183302886 -0.042736201891508188 0.018891116023687739 -0.0038167320940954903 0.006185558684832523 0.00044416615972138522 -0.026888688359788974 0.021589698454561383 -0.010411128576942007 0.056278088219185118 0.051062553078493618
leaf_weight=2.9794722944498044 6.8254593685269347 4.383685573935507 272.96093036234379 202.298031039536 285.55520395189524 6.9853062108159056 33.262495651841164 127.32993183284998 5.8168883770704269 5.3290428519248962
leaf_count=19 33 21 1284 932 1387 37 163 623 31 35
internal_value=2.53587e-06 0.00194955 0.00114245 0.000440828 -0.0020876 -0.00147531 0.0131759 -0.00290351 0.0402111 0.041276
internal_weight=953.726 493.768 483.567 475.259 459.958 453.133 40.2478 412.885 10.2006 8.30852
internal_count=4565 2322 2270 2216 2243 2210 200 2010 52 54
is_linear=0
shrinkage=0.04


Tree=151
num_leaves=15
num_cat=0
split_feature=0 22 31 32 7 28 1 37 22 39 37 32 3 26
split_gain=2.39873 13.618 12.0523 11.0668 10.7936 9.89632 9.873 10.7929 10.071 11.8838 10.8814 9.28248 7.18557 4.33297
threshold=40.326955008005974 0.17584749779529543 0.87861336141186641 0.0002469267206095704 -5.5998635023878989e-05 0.90243837139597283 -1.2567359218237468 0.0060092529351247108 0.11248123204800792 0.14515339879267239 0.19119646403700954 0.00038332574921717485 0.0022733830883756505 0.020218254002314296
decision_type=2 2 2 2 2 2 2 2 2 2 2 2 2 2
left_child=1 2 3 -1 11 -4 7 12 10 -10 -8 -3 -2 -9
right_child=6 4 5 -5 -6 -7 8 13 9 -11 -12 -13 -14 -15
leaf_value=0.042286619596734604 -0.030676833180445257 -0.020282241913916449 0.034284517412881382 -0.0081478398136062453 0.035510010385506066 0.0085676171275547112 -0.0020215339506017534 -0.064932051622710235 0.0086241969384384821 -0.010991483272940477 -0.022337260125532953 0.0050073618068864189 0.017839696885871521 -0.016072548871306592
leaf_weight=7.8473336249589911 8.7599156498909014 66.103422656655312 41.099240005016327 61.65002379566431 8.503564238548277 57.350518941879272 272.86266202479601 9.4276711940765363 257.61582148820162 61.145031496882439 49.897181414067745 35.797684617340565 11.039773918688295 4.1968698203563681
leaf_count=33 44 305 189 299 41 276 1326 44 1232 286 237 171 60 22
internal_value=2.65442e-06 0.00312711 0.0103005 -0.002453 -0.00778511 0.0193035 -0.00128589 -0.0224805 -0.000181619 0.0048615 -0.00516225 -0.011398 -0.00362532 -0.0498815
internal_weight=953.297 278.352 167.947 69.4974 110.405 98.4498 674.945 33.4242 641.521 318.761 322.76 101.901 19.7997 13.6245
internal_count=4565 1314 797 332 517 465 3251 170 3081 1518 1563 476 104 66
is_linear=0
shrinkage=0.04


Tree=152
num_leaves=9
num_cat=0
split_feature=13 13 28 15 35 31 3 28
split_gain=2.41342 3.75603 6.43188 3.51872 2.96495 3.624 3.39059 2.59332
threshold=0.0014736541258501502 0.0010836246238530502 0.86705861040812204 0.0020998477425644003 1.5507727725969824 1.3044445419139556 0.0011172341742637002 0.94513754904241964
decision_type=2 2 2 2 2 2 2 2
left_child=1 4 -3 -2 5 -1 -6 -4
right_child=3 2 7 -5 6 -7 -8 -9
leaf_value=0.00013490619834126137 0.040901634912405102 0.022108558095937404 -0.047323682293587147 -0.0074808336344867297 0.047137816574278395 -0.018787726253843676 0.007069269527582152 -0.010321912477020365
leaf_weight=887.11057244986296 5.5075309276580793 4.5733679234981564 7.9082210361957532 4.2695315927267075 4.1638726294040707 16.49478367716074 17.926175072789192 4.9136278480291367
leaf_count=4247 30 23 37 21 19 75 88 25
internal_value=2.3632e-06 -0.000202606 -0.0186174 0.0197736 0.000143436 -0.000210515 0.014622 -0.0331438
internal_weight=952.868 943.091 17.3952 9.77706 925.695 903.605 22.09 12.8218
internal_count=4565 4514 85 51 4429 4322 107 62
is_linear=0
shrinkage=0.04


Tree=153
num_leaves=14
num_cat=0
split_feature=20 26 7 40 35 6 35 1 22 8 39 3 26
split_gain=2.41939 5.84354 9.60889 7.35542 6.41546 9.08512 7.86232 4.80932 5.77341 5.50004 5.01866 4.7047 4.2113
threshold=0.0026059436276438005 0.020211861168450151 0.0010116754869316004 0.37863602083259651 1.0948518916329435 -0.00055289979449249982 1.1060031748949151 -3.2763164314519595 -0.053775478359819294 -0.0027788514326152996 0.38694202398047234 0.0021044469162947508 0.020210097404259355
decision_type=2 2 2 2 2 2 2 2 2 2 2 2 2
left_child=1 2 3 -1 5 -3 -6 8 9 -2 11 -9 -4
right_child=7 4 12 -5 6 -7 -8 10 -10 -11 -12 -13 -14
leaf_value=0.035740552959153418 0.0088202640588046933 0.027150787411298487 -0.068437874152885422 0.0014808449397597607 -0.065603706861846661 -0.0044666546787557257 -0.012059809577261585 -0.014059642283215068 0.025893427883658508 -0.042466967670699782 -0.031358640877763549 0.013779835874086604 -0.01522335900211544
leaf_weight=10.20892523229122 5.0649076402187356 16.087217211723328 4.1628665477037412 561.88864117860794 4.6545453369617453 151.29858335107565 76.577002212405205 10.933192536234854 4.6729334443807593 9.8553589954972267 4.7668305560946456 86.987873651087284 5.5541087538003922
leaf_count=66 27 80 19 2625 22 750 354 51 22 53 22 448 26
internal_value=2.35186e-06 -0.000771147 0.00142226 0.0020922 -0.00590416 -0.00142795 -0.0151279 0.00525531 -0.0129052 -0.0250567 0.00872041 0.0106715 -0.0380211
internal_weight=952.713 830.432 581.815 572.098 248.617 167.386 81.2315 122.281 19.5932 14.9203 102.688 97.9211 9.71698
internal_count=4565 3942 2736 2691 1206 830 376 623 102 80 521 499 45
is_linear=0
shrinkage=0.04


Tree=154
num_leaves=6
num_cat=0
split_feature=36 36 38 36 20
split_gain=2.98303 3.652 6.77672 3.69768 3.27424
threshold=0.17909814815073424 0.26051457015976548 0.8317862130171777 0.2836135742677402 0.0026489225868845004
decision_type=2 2 2 2 2
left_child=-1 2 -2 -3 -5
right_child=1 3 -4 4 -6
leaf_value=0.034525581738916969 -0.062593308555205368 0.028259063870826547 0.0015886393184273463 -0.00027462969287863584 0.031538503901938186
leaf_weight=3.9877829551696768 4.2554548978805524 7.4169612005352965 6.9002402946352959 924.28660745173693 5.2054271623492232
leaf_count=18 20 36 34 4425 32
internal_value=2.32207e-06 -0.000142891 -0.0228942 0.000128007 -9.64668e-05
internal_weight=952.052 948.065 11.1557 936.909 929.492
internal_count=4565 4547 54 4493 4457
is_linear=0
shrinkage=0.04


Tree=155
num_leaves=6
num_cat=0
split_feature=36 36 38 36 22
split_gain=2.7445 3.37104 6.27535 3.42017 3.21686
threshold=0.17909814815073424 0.26051457015976548 0.8317862130171777 0.2836135742677402 -0.42242549934388951
decision_type=2 2 2 2 2
left_child=-1 2 -2 -3 -5
right_child=1 3 -4 4 -6
leaf_value=0.033089306612343071 -0.060306058728240491 0.027225351586692509 0.001525333936270567 -0.0044277052659377134 0.0011848476487292293
leaf_weight=3.9943000674247733 4.2404710426926595 7.3911608681082717 6.899173229932785 211.53848243504763 717.89333825558424
leaf_count=18 20 36 34 1025 3432
internal_value=2.26607e-06 -0.000137148 -0.0220117 0.000122959 -9.25682e-05
internal_weight=951.957 947.963 11.1396 936.823 929.432
internal_count=4565 4547 54 4493 4457
is_linear=0
shrinkage=0.04


Tree=156
num_leaves=13
num_cat=0
split_feature=29 31 35 35 7 14 26 27 33 40 10 26
split_gain=2.38481 3.86169 3.76318 4.00195 3.31402 3.58108 3.50285 8.59335 6.32692 3.35866 3.05033 3.04995
threshold=0.0086162688275127023 1.0158636506747498 0.79064730899421487 0.99944838494783872 0.0011897006387093501 0.0014804076245568502 0.020210648966589532 0.18106056703601567 -0.42105263157894735 0.49080572589091553 4.2770567613665263e-05 0.020217425835647219
decision_type=2 2 2 2 2 2 2 2 2 2 2 2
left_child=1 2 -1 -4 6 9 7 -2 -8 -6 -3 -7
right_child=4 10 3 -5 5 11 8 -9 -10 -11 -12 -13
leaf_value=0.010856806032286838 0.0015498743759675187 0.026656967259594568 -0.045050423409506671 -0.008316275113611122 0.054969854183955953 -0.027265744375142766 -0.041100429672799255 0.038855357722238859 -0.0020531545718189613 0.012961479340258176 -0.012697492167189878 0.013931597420101543
leaf_weight=5.1917386204004314 464.81335992366076 6.6297321617603284 9.9688676893711108 9.0556532070040685 5.0519735440611857 4.4079395979642859 6.7492713406682006 10.094093471765516 407.987264059484 7.6661155596375465 6.0059574991464615 8.2690121382474882
leaf_count=30 2177 32 52 48 30 21 33 52 1981 37 29 43
internal_value=2.1651e-06 -0.00997443 -0.0193277 -0.027565 0.000403959 0.0146519 -2.75047e-06 0.0023428 -0.0026886 0.0296484 0.00795113 -0.00039325
internal_weight=951.891 36.8519 24.2163 19.0245 915.039 25.395 889.644 474.907 414.737 12.7181 12.6357 12.677
internal_count=4565 191 130 100 4374 131 4243 2229 2014 67 61 64
is_linear=0
shrinkage=0.04


Tree=157
num_leaves=6
num_cat=0
split_feature=36 36 5 36 36
split_gain=2.5215 3.12674 5.35464 3.14942 3.12098
threshold=0.17909814815073424 0.26051457015976548 1.0000000180025095e-35 0.2836135742677402 0.33066802027440639
decision_type=2 2 2 2 2
left_child=-1 2 -2 -3 -5
right_child=1 3 -4 4 -6
leaf_value=0.031707338138170081 0.0074418298782146794 0.026178297759016506 -0.048112325492965645 -0.016647342303281118 0.00023683883104363014
leaf_weight=3.9965786337852469 5.3802201971411687 7.3618595302104941 5.735051766037941 17.860067635774612 911.0476880967617
leaf_count=18 28 36 26 90 4367
internal_value=2.10498e-06 -0.000131645 -0.021222 0.000118737 -8.77926e-05
internal_weight=951.381 947.385 11.1153 936.27 928.908
internal_count=4565 4547 54 4493 4457
is_linear=0
shrinkage=0.04


Tree=158
num_leaves=9
num_cat=0
split_feature=3 9 1 40 8 37 26 33
split_gain=2.3265 2.57874 8.16343 10.2825 7.02866 4.5244 5.38427 4.70493
threshold=0.00040177023238160004 0.00023748452741767986 -0.32246794940192547 0.50303613807914405 -0.00013836440586434997 0.30226344080795764 0.020207882412350282 1.0000000180025095e-35
decision_type=2 2 2 2 2 2 2 2
left_child=-1 2 3 -2 -4 7 -7 -3
right_child=1 5 4 -5 -6 6 -8 -9
leaf_value=0.027346464223371586 -0.032338926106514072 0.0047033281631858369 0.035319854927300935 0.0043469559397443826 -0.0016481030744664395 -0.059968744364064561 -0.0071770914179108301 -0.0016165000515141875
leaf_weight=4.9524247869849196 30.976529747247696 375.28799837827682 9.2204866260290128 20.192981079220772 76.518294110894203 3.2854449152946463 52.262685008347034 378.64284281432629
leaf_count=36 137 1777 42 105 364 15 250 1839
internal_value=2.0247e-06 -0.000141068 -0.00521819 -0.0178616 0.00232749 0.000717632 -0.0102995 0.00152935
internal_weight=951.34 946.387 136.908 51.1695 85.7388 809.479 55.5481 753.931
internal_count=4565 4529 648 242 406 3881 265 3616
is_linear=0
shrinkage=0.04


Tree=159
num_leaves=13
num_cat=0
split_feature=0 23 22 15 31 19 8 37 32 31 3 28
split_gain=2.35385 7.94471 9.1201 9.0797 8.08998 6.52304 6.03289 4.22778 6.02259 3.65042 4.53606 3.81111
threshold=67.484932343607355 -0.30334258529992758 0.14955818952074193 0.0009170304192798502 1.0660422933312954 2.4358295867552964 0.0013703381233137503 0.19253982193758443 0.00049630499877009531 1.3044445419139556 0.0010212473968347503 0.97275825437927177
decision_type=2 2 2 2 2 2 2 2 2 2 2 2
left_child=6 3 4 -2 -3 -4 9 8 -8 11 -11 -1
right_child=1 2 5 -5 -6 -7 7 -9 -10 10 -12 -13
leaf_value=0.00066946320616390357 0.017216960499216977 -0.0086403305047311075 0.029354753939518235 -0.056022470273658087 0.029411392276003791 -0.00098066873635543721 -0.040409562224303544 -0.055003862671624638 0.026960516766489456 -0.0005878785457158627 -0.044595110779633712 -0.012097662375942357
leaf_weight=754.32011450827122 4.4890514314174634 52.55082169175148 37.665072746574879 6.8274790346622467 10.772090598940848 16.227947205305099 4.6352488696575147 5.3055903390049926 3.9173852279782295 8.6195547729730588 6.6302625238895407 39.361904315650463
leaf_count=3609 20 254 181 32 58 78 22 28 22 38 30 193
internal_value=1.92614e-06 0.00503605 0.00812603 -0.0269698 -0.00216721 0.0202203 -0.000784482 -0.0269531 -0.00955187 -0.000336174 -0.0197212 3.62898e-05
internal_weight=951.323 128.532 117.216 11.3165 63.3229 53.893 822.79 13.8582 8.55263 808.932 15.2498 793.682
internal_count=4565 623 571 52 312 259 3942 72 44 3870 68 3802
is_linear=0
shrinkage=0.04


Tree=160
num_leaves=5
num_cat=0
split_feature=27 27 38 29
split_gain=2.36154 6.24117 3.05049 3.18285
threshold=0.62603847040849259 0.50312918078915969 0.99999999986951693 0.0086162688275127023
decision_type=2 2 2 2
left_child=1 2 3 -1
right_child=-2 -3 -4 -5
leaf_value=-0.012117156627895403 0.022332900031094477 -0.045506971924600084 0.031947345982299022 0.00034822111656099817
leaf_weight=34.012658074498177 7.5169831216335288 4.8347011208534232 4.7748858034610739 899.7343090698123
leaf_count=179 36 22 22 4306
internal_value=1.65967e-06 -0.000176283 5.72333e-05 -0.000105843
internal_weight=950.874 943.357 938.522 933.747
internal_count=4565 4529 4507 4485
is_linear=0
shrinkage=0.04


Tree=161
num_leaves=6
num_cat=0
split_feature=36 36 38 20 35
split_gain=2.32305 2.87065 5.66097 3.0683 2.94596
threshold=0.17909814815073424 0.26051457015976548 0.8317862130171777 0.0026489225868845004 1.5507727725969824
decision_type=2 2 2 2 2
left_child=-1 2 -2 4 -3
right_child=1 3 -4 -5 -6
leaf_value=0.030426431911641703 -0.056987043879865688 -0.00040500438316240652 0.0019351219778050075 0.030877293760081477 0.014526232739707757
leaf_weight=3.9984504282474509 4.1964557543396932 908.80819658190012 6.8960597217082977 5.158457249402999 21.646033868193626
leaf_count=18 20 4355 34 32 106
internal_value=1.58084e-06 -0.00012692 -0.020356 0.000112913 -5.76449e-05
internal_weight=950.704 946.705 11.0925 935.613 930.454
internal_count=4565 4547 54 4493 4461
is_linear=0
shrinkage=0.04


Tree=162
num_leaves=8
num_cat=0
split_feature=40 10 34 37 21 23 21
split_gain=2.30744 2.53529 4.96017 5.61379 4.26246 10.32 5.57398
threshold=0.65956914723275706 0.00032446288731320005 0.0077255539825203581 0.30226344080795764 0.0011345953258588002 0.070569130085656559 0.00091713676273135012
decision_type=2 2 2 2 2 2 2
left_child=1 4 -3 -4 6 -6 -1
right_child=-2 2 3 -5 5 -7 -8
leaf_value=0.00098534436774621735 -0.024141464603984693 -0.042739208037358624 -0.0010642462122445735 -0.036627128375837301 -0.022830311129085769 0.028448398718187527 -0.017281277694123985
leaf_weight=769.87831655144691 6.2919132411479941 5.429614044725894 101.03499385714531 7.6389892846345893 8.4885768070816976 24.129653289914131 27.689445711672306
leaf_count=3687 32 26 481 35 41 129 134
internal_value=1.54185e-06 0.00016241 -0.00542821 -0.00356406 0.000930803 0.0151036 0.000351176
internal_weight=950.582 944.29 114.104 108.674 830.186 32.6182 797.568
internal_count=4565 4533 542 516 3991 170 3821
is_linear=0
shrinkage=0.04


Tree=163
num_leaves=15
num_cat=0
split_feature=14 35 23 40 40 31 34 35 28 26 23 26 14 8
split_gain=2.32888 8.60955 9.64766 8.14606 7.49325 7.52076 6.87348 6.26499 7.76302 6.07219 5.78884 7.59986 6.1808 5.56977
threshold=0.00014934142196000003 1.1551214705065418 0.34048954886312743 0.49912859723228747 0.56285490915839576 1.3534571464077503 0.073922102698473838 1.2864871120603896 0.75489439515078527 0.020208712790599399 0.22369098414554497 0.020210498059209814 -0.00018277015489249996 -0.00034097380820554991
decision_type=2 2 2 2 2 2 2 2 2 2 2 2 2 2
left_child=7 4 6 -4 5 -2 -3 10 -9 -10 11 -1 -12 -6
right_child=1 2 3 -5 13 -7 -8 8 9 -11 12 -13 -14 -15
leaf_value=0.011222290438625982 0.0083848726281939342 0.0030701144304275808 0.013676206622985406 -0.01584320138175804 0.0069569175360741989 -0.041402474770396255 -0.039887293477519015 -0.024390528012889094 0.053429158003127232 0.011534548984534317 -0.0013312066028586583 -0.0063169318691301615 -0.011798704534800808 -0.05366196909791774
leaf_weight=89.179430738091469 253.9484548419714 8.4333264380693453 34.370484873652458 26.481347307562828 4.2088731229305267 4.9490956217050543 20.317722260951996 8.5722051188349706 6.3265362381935111 44.265437766909599 219.00550185143948 70.996624425053596 153.52891773730516 5.7224781513214094
leaf_count=422 1215 39 168 130 22 21 98 42 28 207 1026 375 741 31
internal_value=1.53458e-06 0.0025461 -0.00819191 0.000830025 0.00612517 0.00743314 -0.0272869 -0.00153942 0.0108093 0.0167735 -0.0029109 0.00344818 -0.00564507 -0.0279719
internal_weight=950.306 358.432 89.6029 60.8518 268.829 258.898 28.751 591.875 59.1642 50.592 532.71 160.176 372.534 9.93135
internal_count=4565 1724 435 298 1289 1236 137 2841 277 235 2564 797 1767 53
is_linear=0
shrinkage=0.04


Tree=164
num_leaves=13
num_cat=0
split_feature=24 36 23 39 22 36 22 39 3 34 4 13
split_gain=2.3196 5.39199 10.4174 9.15232 4.66747 4.96989 4.41077 4.23775 8.71583 5.76115 3.64691 1.7775
threshold=0.024999999999958254 0.74570963645172783 0.15155850314529107 0.17254901672605097 -0.95843441741243784 0.53092761073944961 1.5073964217908398 0.14073567748712545 0.0026473978135586503 0.13664908825639865 1.0000000180025095e-35 -7.0188099973128029e-05
decision_type=2 2 2 2 2 2 2 2 2 2 2 2
left_child=1 4 10 -4 -1 -6 7 9 -9 -2 -3 -8
right_child=6 2 3 -5 5 -7 11 8 -10 -11 -12 -13
leaf_value=0.043782702407907326 0.0031366537861987989 0.0064116777706982736 -0.028728623917157973 0.0258193577768089 -0.0024530473656899205 0.010632452001673943 0.0084332590410647126 -0.014828556864416103 0.0095865738736659132 -0.0050098260963120653 0.05814038859358741 0.042546970699309211
leaf_weight=5.1535471081733695 349.17703007906675 4.9116927087306959 28.507869586348534 5.948352873325347 79.336350060999393 111.99585548788309 4.8747445940971375 88.284214362502098 31.828547962009907 230.64019764959812 3.9217677339911461 4.9006800651550275
leaf_count=26 1671 24 136 27 389 541 23 414 161 1109 20 24
internal_value=1.37497e-06 0.0034028 -0.00937646 -0.0193117 0.00621832 0.00520652 -0.0011478 -0.00152047 -0.00835882 -0.00010386 0.0293775 0.0255354
internal_weight=949.481 239.775 43.2897 34.4562 196.486 191.332 709.705 699.93 120.113 579.817 8.83346 9.77542
internal_count=4565 1163 207 163 956 930 3402 3355 575 2780 44 47
is_linear=0
shrinkage=0.04


Tree=165
num_leaves=12
num_cat=0
split_feature=0 23 9 8 39 26 32 38 36 13 26
split_gain=2.2512 8.13837 5.37383 5.05364 6.43089 4.53559 9.7898 3.79121 3.22834 10.3426 3.17099
threshold=68.717798156875347 -0.30334258529992758 0.00031309936212675849 0.0013703381233137503 0.11003816741604384 0.020206887729698229 0.00022964854844993666 0.81144171847324242 0.83996141918332545 -3.5701575468712284e-05 0.020210648966589532
decision_type=2 2 2 2 2 2 2 2 2 2 2
left_child=3 2 -2 8 7 -3 -7 -5 10 -10 -1
right_child=1 5 -4 4 -6 6 -8 -9 9 -11 -12
leaf_value=0.0015307728227369963 -0.00084422668638514805 0.050365587178428026 -0.05928275026025822 -0.060400265468251398 0.017568136326851495 -0.043035588992457983 0.01016047597427577 -0.016289672437477407 -0.0083205016946864604 0.027190135076096116 -0.0036203614411067955
leaf_weight=401.95772347599268 5.229753226041792 4.0129211395978919 4.8550055474042892 5.9215596243739146 4.7324111685156813 5.886814907193183 92.677299685776234 6.5836411044001579 26.395658902823925 26.09777570515871 364.69098740816116
leaf_count=1897 23 21 24 31 24 28 455 34 127 126 1775
internal_value=1.45735e-06 0.00530955 -0.0289777 -0.000713551 -0.0221475 0.00868046 0.0069833 -0.0371773 -0.000262507 0.00933406 -0.000919596
internal_weight=949.042 112.662 10.0848 836.38 17.2376 102.577 98.5641 12.5052 819.142 52.4934 766.649
internal_count=4565 551 47 4014 89 504 483 65 3925 253 3672
is_linear=0
shrinkage=0.04


Tree=166
num_leaves=15
num_cat=0
split_feature=0 22 31 7 28 1 37 22 39 23 38 23 21 22
split_gain=2.28197 12.5623 10.9168 10.0227 9.05986 8.99774 10.0786 8.67226 10.9616 9.97078 8.23153 6.54796 4.66119 4.03407
threshold=40.326955008005974 0.17584749779529543 0.87861336141186641 -8.5627834232413969e-05 0.90243837139597283 -1.2567359218237468 0.0060092529351247108 0.11248123204800792 0.14073567748712545 0.070569130085656559 0.99999999985053833 0.70153071063902506 -0.00015671392358614997 0.23322116424300063
decision_type=2 2 2 2 2 2 2 2 2 2 2 2 2 2
left_child=1 2 11 10 -4 6 13 9 -9 -7 -3 -1 -5 -2
right_child=5 3 4 12 -6 7 -8 8 -10 -11 -12 -13 -14 -15
leaf_value=0.016188006918814633 0.0058545322145336885 -0.014078707178461512 0.03289216562270135 -0.0020039970101737832 0.0082439508077799678 -0.019236376414208212 -0.048294105293783432 0.0081783321629168172 -0.010511818299940323 -0.0013877006805536891 0.039592554545415194 -0.010446528897508292 0.050810921333146783 -0.039012612345833898
leaf_weight=21.37663409858942 15.631594777107241 94.159080944955349 40.973770089447498 4.5869735926389694 57.125663243234158 62.068790957331657 13.437148824334143 254.39498014003038 62.553018994629383 259.19174771755934 4.8054533600807181 47.774401053786278 6.4097207710146886 4.0337006002664557
leaf_count=105 84 441 189 22 276 310 66 1224 294 1253 23 227 31 20
internal_value=1.34535e-06 0.00305449 0.00995887 -0.00744705 0.0185389 -0.00125942 -0.0215931 -0.000204758 0.00448963 -0.00483613 -0.0114726 -0.002213 0.0287806 -0.00334851
internal_weight=948.523 277.212 167.25 109.961 98.0994 671.311 33.1024 638.209 316.948 321.261 98.9645 69.151 10.9967 19.6653
internal_count=4565 1314 797 517 465 3251 170 3081 1518 1563 464 332 53 104
is_linear=0
shrinkage=0.04


Tree=167
num_leaves=15
num_cat=0
split_feature=25 30 8 31 20 9 23 23 0 7 38 23 14 12
split_gain=2.30214 10.0814 7.61615 7.82416 4.28352 6.90656 9.07433 6.42614 7.79033 6.39307 5.27148 3.48438 3.0766 2.20903
threshold=0.90000000000000013 0.032030176253574287 0.00075394546261220018 0.99697227554961021 0.0025932760938483005 0.00040104681109406535 1.6797138661441766 0.070569130085656559 67.796236752321235 0.0010116754869316004 0.80763374518717757 -0.27428991775887285 -0.00030398977230184997 0.00028051460849020006
decision_type=2 2 2 2 2 2 2 2 2 2 2 2 2 2
left_child=4 11 3 -3 5 9 -7 10 -9 -1 -6 -2 -13 -4
right_child=1 2 13 -5 7 6 -8 8 -10 -11 -12 12 -14 -15
leaf_value=0.00048620207777650673 -0.021326264706950791 0.00045042354166448169 0.041363467421961141 -0.029782048242649455 -0.032437915740287968 0.0030884896789270489 0.038708848275479393 -0.0050516472147607364 0.014092830613641107 -0.036624890543357817 -0.0073104654838304388 0.0087232971388425985 0.036535031357166584 0.0061393431675763992
leaf_weight=469.87414354085922 2.4788208156824103 63.61587380617857 7.4943676590919477 17.454483985900879 21.297687582671642 32.954623140394688 17.529917046427727 196.32873514294624 41.13391275703907 7.5464287847280493 35.835053667426109 9.1719340831041354 20.788250915706158 4.5953985676169395
leaf_count=2215 15 343 50 86 107 154 79 915 204 34 176 50 111 26
internal_value=1.23435e-06 0.00504521 -0.00164202 -0.00605864 -0.000769002 0.00138739 0.0154571 -0.00463318 -0.00173539 -0.000100401 -0.0166774 0.02425 0.0280208 0.0279745
internal_weight=948.1 125.599 93.1601 81.0704 822.501 527.905 50.4845 294.595 237.463 477.421 57.1327 32.439 29.9602 12.0898
internal_count=4565 681 505 429 3884 2482 233 1402 1119 2249 283 176 161 76
is_linear=0
shrinkage=0.04


Tree=168
num_leaves=14
num_cat=0
split_feature=6 22 40 40 9 35 10 7 32 31 9 14 14
split_gain=2.32613 5.87037 6.88575 6.33397 5.22491 5.20098 4.58841 3.80114 4.20602 7.06535 4.52918 2.84081 1.19743
threshold=-0.00044768918554014995 0.14955818952074193 0.50361266506974867 0.49473577155938914 0.00049652398179550375 0.85650757757822127 -0.00017596939477054999 -0.00090110748278754991 0.00065362978933826237 0.93343159206136672 0.00061318145291458005 -0.00032974293474679993 -0.00059019127529154987
decision_type=2 2 2 2 2 2 2 2 2 2 2 2 2
left_child=1 2 3 -1 -4 -3 -7 11 10 -10 -9 12 -2
right_child=7 5 4 -5 -6 6 -8 8 9 -11 -12 -13 -14
leaf_value=0.006500935084801077 -0.021214731979678082 -0.047098445254296191 0.014276263779690608 0.040774864685452571 -0.019190786259902594 -0.012918263901737033 0.024440097839111052 -0.00023620906306462953 0.03075864702137357 -0.012331810337822309 -0.015742943378342308 -7.0799366964515006e-05 -0.052876619293309446
leaf_weight=16.115351460874081 3.6622332558035851 4.7627961486578014 16.012964323163036 18.566531501710415 13.980259470641611 17.135945506393917 7.5902337208390191 782.26801145076752 17.033676750957969 9.4747302085161191 31.344486393034458 5.5070427581667882 3.9970530867576599
leaf_count=81 20 24 71 88 74 79 36 3737 86 51 169 29 20
internal_value=1.44604e-06 0.00596772 0.0127116 0.0248491 -0.00132319 -0.00882299 -0.00145031 -0.000656959 -0.00032274 0.0153571 -0.000833607 -0.0219829 -0.0377377
internal_weight=947.451 94.1641 64.6751 34.6819 29.9932 29.489 24.7262 853.287 840.121 26.5084 813.612 13.1663 7.65929
internal_count=4565 453 314 169 145 139 115 4112 4043 137 3906 69 40
is_linear=0
shrinkage=0.04


Tree=169
num_leaves=15
num_cat=0
split_feature=15 8 23 34 34 35 13 13 29 22 36 22 23 3
split_gain=2.26733 6.70864 3.87924 5.10706 4.36753 3.86882 3.52384 6.44976 7.04316 6.09992 8.54184 6.0302 4.7012 2.835
threshold=-0.0014665802540437998 -0.0011377919021394497 1.0158999083207874 0.23366569886148403 0.21506713793086538 1.136728365373427 -0.00015429286539829997 -0.00032684421597489998 0.10729639562028634 -0.42242549934388951 0.60316041937192588 -0.40415657519710574 -0.61855938920833597 0.0026990797103953507
decision_type=2 2 2 2 2 2 2 2 2 2 2 2 2 2
left_child=1 2 4 -4 -1 13 7 12 -9 10 -8 -11 -2 -3
right_child=6 5 3 -5 -6 -7 9 8 -10 11 -12 -13 -14 -15
leaf_value=-0.032689128282280537 -0.08644571524740427 0.030171942005823581 0.030148479210847654 -0.011040586387366552 0.0068232181526097493 0.062428731600397129 -0.017004225283225104 -0.014459444976576481 0.022208797990835884 0.043635904069425767 0.0035429144463094272 0.00290629458059118 0.0010872044337293183 -0.0093502076881300383
leaf_weight=10.007486261427404 0.98706087470054527 9.3970151022076625 10.226575359702112 9.1043705940246564 8.0979223027825338 4.0658857822418204 62.65624774992466 104.68633408099413 9.1106222942471486 5.8905029594898215 66.975402645766735 460.40907075256109 181.27254675328732 4.2027496770024291
leaf_count=50 6 47 49 45 41 21 300 505 46 27 328 2213 867 20
internal_value=1.42066e-06 0.00787582 -0.00171181 0.0107495 -0.0150166 0.0281936 -0.000485016 -0.00405199 -0.0115238 0.00128704 -0.00638835 0.00342081 0.000613154 0.0179584
internal_weight=947.09 55.102 37.4364 19.3309 18.1054 17.6657 891.988 296.057 113.797 595.931 129.632 466.3 182.26 13.5998
internal_count=4565 273 185 94 91 88 4292 1424 551 2868 628 2240 873 67
is_linear=0
shrinkage=0.04


Tree=170
num_leaves=14
num_cat=0
split_feature=20 20 34 34 14 12 39 1 22 8 34 29 32
split_gain=2.2461 5.04362 5.91053 6.3173 5.13156 6.70674 5.92791 4.35243 5.23157 5.09728 4.45588 6.43434 1.81494
threshold=0.0026059436276438005 0.0026007489400452005 0.26552481271056255 0.15201883585916229 -0.00059019127529154987 -5.9817199186432891e-05 0.1493518577344406 -3.2763164314519595 -0.053775478359819294 -0.0027788514326152996 0.27267730366242032 0.0076789541677107715 0.00045924353398774635
decision_type=2 2 2 2 2 2 2 2 2 2 2 2 2
left_child=1 4 3 -3 5 -1 -6 8 9 -2 11 -9 -12
right_child=7 2 -4 -5 6 -7 -8 10 -10 -11 12 -13 -14
leaf_value=0.0023554828694641651 0.0086515716048064135 -0.0073881033734944099 0.025897729516734497 -0.036264518971999275 0.00036987498465268498 0.026429247770420678 -0.011430737401921616 -0.056318694467909873 0.024835351934840332 -0.041223317211527027 0.015943249328733599 0.0075106619713090437 0.051169062812418245
leaf_weight=66.324874058365822 4.9864408373832712 50.099648758769035 6.3949931785464278 15.990736171603201 584.1604130640626 25.686789870262146 77.099647045135498 2.6000262945890418 4.5894966423511496 9.573026604950428 4.4121010303497297 89.806208312511444 4.9835962653160095
leaf_count=311 27 251 32 77 2798 118 355 13 22 53 22 461 25
internal_value=1.43843e-06 -0.000744228 -0.0108218 -0.0143748 0.00022551 0.00907613 -0.00100602 0.00509226 -0.0124033 -0.0241418 0.00838317 0.0057147 0.0346275
internal_weight=946.708 825.757 72.4854 66.0904 753.272 92.0117 661.26 120.951 19.149 14.5595 101.802 92.4062 9.3957
internal_count=4565 3942 360 328 3582 429 3153 623 102 80 521 474 47
is_linear=0
shrinkage=0.04


Tree=171
num_leaves=14
num_cat=0
split_feature=32 1 9 22 14 22 31 40 26 24 35 9 31
split_gain=2.22345 6.52747 6.0449 8.89917 6.79646 5.08127 5.82951 4.0502 3.80207 3.74255 3.12686 2.63781 1.79458
threshold=0.0001738218932144925 -0.28704016228721224 0.00021888268676519885 -0.40415657519710574 0.00033974734644215003 0.15695113087034482 0.94766591155858937 0.50399295568427271 0.020206826159327278 0.041666666666597151 0.97876820107195073 0.00014208465409696738 0.8058004195824956
decision_type=2 2 2 2 2 2 2 2 2 2 2 2 2
left_child=1 5 3 7 -5 -1 -7 -2 -4 -10 11 -3 -12
right_child=2 10 8 4 -6 6 -8 -9 9 -11 12 -13 -14
leaf_value=-0.046363662787614786 0.041619595277818978 0.030172107943602259 0.035486218135628848 -0.024856753552469881 0.01770278603789447 -0.023779435572766391 0.030757194112234831 -0.01123081277765197 0.0037708951483410493 -0.0017616148702523917 0.016010936195010813 -0.01236527236800208 0.048012560919476498
leaf_weight=4.3804212287068394 6.2898577302694303 4.186621345579626 4.9358457624912253 44.80320367962122 6.9325099587440482 6.2289862483739835 6.3155998736619949 3.6759793907403946 309.75446978211403 531.0004260763526 4.2746276259422293 5.2668293565511703 8.148179426789282
leaf_count=19 29 27 23 208 31 31 28 20 1498 2552 20 29 50
internal_value=1.30277e-06 0.00937818 -0.000399664 -0.0124866 -0.0191538 -0.00927409 0.00367715 0.0221253 0.000482195 0.000276696 0.0238089 0.00647313 0.037001
internal_weight=946.194 38.8013 907.392 61.7016 51.7357 16.925 12.5446 9.96584 845.691 840.755 21.8763 9.45345 12.4228
internal_count=4565 204 4361 288 239 78 59 49 4073 4050 126 56 70
is_linear=0
shrinkage=0.04


Tree=172
num_leaves=5
num_cat=0
split_feature=27 27 38 27
split_gain=2.24814 5.57327 3.50749 2.96307
threshold=0.62603847040849259 0.47778311339452956 0.99999999986951693 0.094352974878053636
decision_type=2 2 2 2
left_child=1 2 3 -1
right_child=-2 -3 -4 -5
leaf_value=-0.00060819100197647487 0.021844360451650426 -0.03676143096029235 0.036197852041316259 0.009594578127758116
leaf_weight=879.31846761703491 7.479510784149169 6.6139825955033293 4.2839165031909934 48.031108565628529
leaf_count=4229 36 32 19 249
internal_value=1.43687e-06 -0.00017269 8.70656e-05 -7.97492e-05
internal_weight=945.727 938.247 931.633 927.35
internal_count=4565 4529 4497 4478
is_linear=0
shrinkage=0.04


Tree=173
num_leaves=9
num_cat=0
split_feature=13 15 13 28 20 1 26 24
split_gain=2.15171 3.41738 3.24282 5.81805 2.84032 6.37336 3.97856 2.38657
threshold=0.0014736541258501502 0.0020998477425644003 0.0010836246238530502 0.86705861040812204 0.0026070909067139503 -3.2763164314519595 0.020211861168450151 0.058333333333236058
decision_type=2 2 2 2 2 2 2 2
left_child=2 -2 4 -4 6 -6 -1 -5
right_child=1 -3 3 7 5 -7 -8 -9
leaf_value=0.0011873646342955141 0.040015344036429576 -0.0081991784806352726 0.021400835638084533 -0.016660182000538211 -0.015647364846443797 0.011261261681002353 -0.0048872254010944626 -0.051878698462383833
leaf_weight=574.42625830322504 5.3676294684410077 4.1867593824863434 4.5514357015490559 7.3931565135717374 17.055496536195278 80.815582655370235 246.5530032813549 5.2752613797783852
leaf_count=2717 30 21 23 36 90 413 1209 26
internal_value=1.40037e-06 0.0188876 -0.00019137 -0.0173893 0.00013093 0.00657203 -0.00063693 -0.0313255
internal_weight=945.625 9.55439 936.07 17.2199 918.85 97.8711 820.979 12.6684
internal_count=4565 51 4514 85 4429 503 3926 62
is_linear=0
shrinkage=0.04


Tree=174
num_leaves=15
num_cat=0
split_feature=25 8 8 22 15 20 32 33 35 15 14 8 40 22
split_gain=2.22744 7.9657 10.2493 11.9966 6.22461 3.95403 6.91767 9.84411 7.7762 5.76124 8.6746 5.38508 3.35122 0.0698263
threshold=0.90000000000000013 0.00081021699093940009 -0.00016296541277939998 -0.76519412032758083 -0.00063495261701474988 0.0025932760938483005 0.00037726158301270527 0.31578947368421056 0.99682074562251066 -0.0014665802540437998 9.3143639687515292e-05 -0.0007555958423284499 0.49358814863643735 -0.19331983378607073
decision_type=2 2 2 2 2 2 2 2 2 2 2 2 2 2
left_child=5 2 4 -4 -2 6 8 -8 -1 11 -11 -7 13 -3
right_child=1 12 3 -5 -6 9 7 -9 -10 10 -12 -13 -14 -15
leaf_value=-0.0052969130663755842 -0.00048781589354965365 0.055514857434815483 -0.049575861330042707 -0.001158682369176977 0.02338954962986358 0.0042904132142573392 0.016019187252220145 -0.037608562109969178 0.0053437364329156946 -0.013899198079950386 0.00060438311312505685 0.048859120369382759 0.010707143378328144 0.047868280206616341
leaf_weight=250.68342604488134 36.895618692040443 3.5290166437625885 11.230235062539576 30.225479386746883 33.176349706947803 23.767980821430687 74.801320604979992 5.909338265657424 195.65416368842125 126.51611401885748 137.89768820255995 5.3059582114219657 5.6021844148635864 4.1668734923005086
leaf_count=1194 203 21 52 157 184 112 342 29 917 603 663 24 31 33
internal_value=1.42659e-06 0.00497949 0.00149031 -0.0142748 0.0108172 -0.000755872 0.00131618 0.0120928 -0.000632535 -0.00447688 -0.00633526 0.0124241 0.0342423 0.0513747
internal_weight=945.362 124.826 111.528 41.4557 70.072 820.536 527.048 80.7107 446.338 293.488 264.414 29.0739 13.2981 7.69589
internal_count=4565 681 596 209 387 3884 2482 371 2111 1402 1266 136 85 54
is_linear=0
shrinkage=0.04


Tree=175
num_leaves=15
num_cat=0
split_feature=0 22 31 7 25 1 37 22 40 38 3 37 22 21
split_gain=2.14965 11.5326 9.91742 9.10655 8.46184 8.40991 9.39653 7.99713 7.91872 7.49831 6.27468 5.88779 5.67678 4.34119
threshold=40.326955008005974 0.17584749779529543 0.87861336141186641 -8.5627834232413969e-05 0.50000000000000011 -1.2567359218237468 0.0060092529351247108 0.56367645770878505 0.49876202874393311 0.99999999985053833 0.0022733830883756505 0.0074538392416747369 0.46664005148662602 -0.00015671392358614997
decision_type=2 2 2 2 2 2 2 2 2 2 2 2 2 2
left_child=1 2 4 9 -1 6 10 12 -9 -3 -2 -4 -7 -5
right_child=5 3 11 13 -6 7 -8 8 -10 -11 -12 -13 -14 -15
leaf_value=-0.019995503103687778 -0.028860636230038521 -0.013459815123391764 0.009761014925715886 -0.0021019922841930285 0.0089345922290186442 -0.0011178863323442574 -0.047088609232863517 0.020988844901908017 -0.00071507764880667565 0.037759558499114089 0.016827918833639523 0.029795199867483572 -0.017664574806348751 0.049005888982492876
leaf_weight=26.065936163067818 8.6213731840252894 93.658554926514626 58.557699427008629 4.5840061753988266 42.637048125267029 493.08730423077941 13.188028275966643 51.829190567135811 55.912185505032539 4.8079021573066703 10.877557024359701 39.171364307403564 35.567051723599434 6.3330515548586828
leaf_count=124 44 441 284 22 208 2408 66 248 259 23 60 181 166 31
internal_value=1.76352e-06 0.0029733 0.00960419 -0.00711589 -0.0020415 -0.00122319 -0.0210108 -0.000206851 0.00972563 -0.0109589 -0.00337309 0.017791 -0.00223112 0.027546
internal_weight=944.898 275.816 166.432 109.384 68.703 669.083 32.687 636.396 107.741 98.4665 19.4989 97.7291 528.654 10.9171
internal_count=4565 1314 797 517 332 3251 170 3081 507 464 104 465 2574 53
is_linear=0
shrinkage=0.04


Tree=176
num_leaves=15
num_cat=0
split_feature=6 22 28 23 38 34 6 13 13 30 23 22 1 12
split_gain=2.1238 5.20841 6.62088 6.30049 4.90669 5.26934 4.81518 3.68985 6.43564 7.39965 6.14766 5.3518 6.90316 5.78637
threshold=-0.00044768918554014995 0.14955818952074193 0.86027897266732878 0.58552277987702495 0.99999999979247944 0.065171708598217817 -0.00064840719588574994 -0.00015429286539829997 -0.00032684421597489998 0.15945917165158005 0.52279840141819534 -0.42242549934388951 0.80420925665703191 0.00035220851847540005
decision_type=2 2 2 2 2 2 2 2 2 2 2 2 2 2
left_child=1 2 3 -1 5 -3 -4 8 10 -10 -2 12 -9 -13
right_child=7 4 6 -5 -6 -7 -8 11 9 -11 -12 13 -14 -15
leaf_value=0.062661846141419161 -0.008946077501232233 -0.056174006329403475 -0.0093970778789705719 0.014379047016821276 0.022358245844608132 -0.0075566155349090303 0.016591580620386671 -0.0008404572825111285 -0.014126189223558626 0.03278152797492441 0.0082986946619764673 0.0049154404523597704 -0.022105169596147327 -0.0076353194440064486
leaf_weight=6.8671515211463001 56.576526448130608 4.4254215508699479 22.267010912299156 11.677638843655584 6.5205899700522414 18.386822834610939 23.387784689664841 99.93628703802824 107.36812762916088 5.6646280810236922 79.62996468693018 400.21748384088278 32.326962657272816 68.891200006008148
leaf_count=31 276 20 112 55 32 87 116 482 521 30 380 1930 162 331
internal_value=1.69837e-06 0.00572283 0.0121031 0.0322582 -0.00824151 -0.0169881 0.00391625 -0.000627392 -0.00471964 -0.0117754 0.00113568 0.00106865 -0.00603785 0.00307229
internal_weight=944.144 93.5324 64.1996 18.5448 29.3328 22.8122 45.6548 850.611 249.239 113.033 136.206 601.372 132.263 469.109
internal_count=4565 453 314 86 139 107 228 4112 1207 551 656 2905 644 2261
is_linear=0
shrinkage=0.04


Tree=177
num_leaves=9
num_cat=0
split_feature=40 24 36 23 40 14 14 32
split_gain=2.15711 2.31899 4.99646 9.43077 4.8388 4.00737 6.22344 6.13529
threshold=0.65956914723275706 0.024999999999958254 0.74570963645172783 0.15155850314529107 0.52481438756738397 -0.00057860264047419994 0.00012660131664770003 0.00033528178727967753
decision_type=2 2 2 2 2 2 2 2
left_child=1 2 4 -4 -1 7 -7 -3
right_child=-2 5 3 -5 -6 6 -8 -9
leaf_value=0.0044611585763135201 -0.023611510765897879 0.021860658639674378 0.028243199772440858 -0.018370169299735492 0.027978375478154415 -0.0065843776424167923 0.0017386417089770216 0.00070727582852064602
leaf_weight=179.05995896458626 6.1495475545525542 28.30582894384861 8.7335957810282689 33.902085714042187 15.185846269130705 286.93953759223223 288.03680001571774 97.515321664512157
leaf_count=878 32 131 44 161 72 1376 1392 479
internal_value=1.69154e-06 0.000156553 0.00357802 -0.00882177 0.0062997 -0.000999962 -0.00241493 0.00546613
internal_weight=943.829 937.679 236.881 42.6357 194.246 700.797 574.976 125.821
internal_count=4565 4533 1155 205 950 3378 2768 610
is_linear=0
shrinkage=0.04


Tree=178
num_leaves=8
num_cat=0
split_feature=9 3 7 35 36 22 31
split_gain=2.06202 3.05447 3.94811 2.79941 2.73207 8.59591 3.32523
threshold=0.00014208465409696738 0.00052426261449360016 -6.7102776362790755e-05 0.93302060891580452 0.83996141918332545 0.46243175910117545 1.120823071301208
decision_type=2 2 2 2 2 2 2
left_child=3 2 -2 -1 6 -6 -3
right_child=1 4 -4 -5 5 -7 -8
leaf_value=0.04567167157871807 -0.047571802653948891 -0.0011928095981639437 0.0031702121473432161 -4.2165516896587815e-05 0.017557675050450351 -0.018518841131241054 0.0083241542987190099
leaf_weight=3.7145124077796918 4.9412629157304764 805.31789854541421 4.8729451298713666 5.0672232583165169 42.451334550976753 14.069547787308691 63.363308563828468
leaf_count=23 25 3881 28 31 206 68 303
internal_value=1.55528e-06 -0.00017964 -0.0223774 0.0192939 5.58257e-05 0.00857727 -0.000498624
internal_weight=943.798 935.016 9.81421 8.78174 925.202 56.5209 868.681
internal_count=4565 4511 53 54 4458 274 4184
is_linear=0
shrinkage=0.04


Tree=179
num_leaves=10
num_cat=0
split_feature=40 22 36 31 3 40 10 40 22
split_gain=2.11446 2.47816 2.22031 7.16252 12.7533 6.44619 5.40449 7.61258 5.54924
threshold=0.27426634215569673 0.14347933374152819 0.5344949955904289 0.87055567687013202 0.0021213818363768006 0.46705804743813245 0.00035220851847540005 0.33971648629252732 -0.73717030764866542
decision_type=2 2 2 2 2 2 2 2 2
left_child=1 -1 3 5 -5 -2 7 -4 -8
right_child=2 -3 6 4 -6 -7 8 -9 -10
leaf_value=0.045832877563221061 0.008548850818316198 -0.0055622992810001604 -0.031992904687683156 -0.0042045061763223068 0.018333958421067765 -0.014205191000292841 0.019515184797427965 0.0032323779791360919 -0.014721057301636156
leaf_weight=3.4486941844224921 24.434490710496902 2.6580061092972755 10.001034334301947 146.55129691958427 55.337171271443367 107.83832447975874 8.8268797099590284 531.11019918322563 53.409663610160351
leaf_count=34 127 20 54 696 276 507 44 2551 256
internal_value=1.56163e-06 0.0234626 -0.000151258 -0.00276694 0.00197324 -0.0100019 0.00129742 0.00258133 -0.0098654
internal_weight=943.616 6.1067 937.509 334.161 201.888 132.273 603.348 541.111 62.2365
internal_count=4565 54 4511 1606 972 634 2905 2605 300
is_linear=0
shrinkage=0.04


Tree=180
num_leaves=6
num_cat=0
split_feature=36 36 38 36 20
split_gain=2.15978 2.53835 5.18923 2.90266 2.86614
threshold=0.17909814815073424 0.26051457015976548 0.8317862130171777 0.2836135742677402 0.0026489225868845004
decision_type=2 2 2 2 2
left_child=-1 2 -2 -3 -5
right_child=1 3 -4 4 -6
leaf_value=0.029431094160157746 -0.054655218803460165 0.025194117953327898 0.0020805500970383769 -0.0002612598356058418 0.029996978004540487
leaf_weight=3.9731460064649573 4.1304938271641713 7.3191090747714034 6.8684077262878418 916.02680048346519 5.036299265921115
leaf_count=18 20 36 34 4425 32
internal_value=1.71972e-06 -0.000122753 -0.0192258 0.000103569 -9.58102e-05
internal_weight=943.354 939.381 10.9989 928.382 921.063
internal_count=4565 4547 54 4493 4457
is_linear=0
shrinkage=0.04


Tree=181
num_leaves=11
num_cat=0
split_feature=8 9 20 1 23 1 40 28 25 14
split_gain=2.07452 8.6513 7.11631 7.73881 7.08371 6.31748 6.01429 4.13193 3.61928 3.26226
threshold=-0.0015366749939814998 0.00035262873311838724 0.0026024254788737005 -2.5953576201045503 1.0158999083207874 -2.1816378810167403 0.65956914723275706 0.88494503053467766 0.50000000000000011 -0.00059019127529154987
decision_type=2 2 2 2 2 2 2 2 2 2
left_child=1 -1 4 -4 -3 7 9 -2 -9 -7
right_child=5 2 3 -5 -6 6 -8 8 -10 -11
leaf_value=-0.053381394613793612 -0.0039930500287870272 -0.010661227540017065 -0.0036974298735197239 -0.055675276973080452 0.045594792624337216 0.0066685453305349862 -0.048140217084078049 0.015330085619422928 0.056442519765648833 -0.00074791169827507456
leaf_weight=5.8852913156151763 6.3689756393432644 6.2996883764863005 28.378088988363739 5.4658144712448147 8.2995157092809659 108.51369062811136 4.1406671553850165 7.1653400510549528 6.5651614665985107 756.15595668554306
leaf_count=29 32 35 151 26 37 517 22 34 33 3649
internal_value=1.67122e-06 -0.00758626 -0.00202267 -0.0120919 0.0213198 0.000465431 -4.74696e-05 0.0226358 0.0349878 0.000182834
internal_weight=943.238 54.3284 48.4431 33.8439 14.5992 888.91 868.81 20.0995 13.7305 864.67
internal_count=4565 278 249 177 72 4287 4188 99 67 4166
is_linear=0
shrinkage=0.04


Tree=182
num_leaves=6
num_cat=0
split_feature=3 3 9 3 22
split_gain=2.06003 2.57185 5.00268 2.58161 2.35138
threshold=0.00040177023238160004 0.00052426261449360016 0.00016629844293560668 0.00056081502698620016 -0.45595829177800212
decision_type=2 2 2 2 2
left_child=-1 2 -2 -3 -5
right_child=1 3 -4 4 -6
leaf_value=0.026222279278609921 0.0019650090284900738 0.023467007244489455 -0.054069505834342238 -0.0039687054283928849 0.00095946488805290675
leaf_weight=4.7697529569268218 6.6358598694205266 7.4997769668698302 4.1394678056240082 197.16180966794491 722.80396235361695
leaf_count=36 33 36 21 966 3473
internal_value=1.39928e-06 -0.0001319 -0.0195613 9.38312e-05 -9.67124e-05
internal_weight=943.011 938.241 10.7753 927.466 919.966
internal_count=4565 4529 54 4475 4439
is_linear=0
shrinkage=0.04


Tree=183
num_leaves=15
num_cat=0
split_feature=0 22 40 24 34 40 8 30 20 37 32 24 38 0
split_gain=2.09201 6.17051 6.62451 6.06908 6.62668 5.55932 5.12723 4.74192 4.42663 3.55342 5.58915 3.178 8.01181 4.16529
threshold=67.484932343607355 0.25031574660636563 0.50455703163047871 0.14166666666643057 0.20853433935835797 0.49216967378531679 0.0013703381233137503 0.13771760644772582 0.0025899037263962502 0.19253982193758443 0.00049630499877009531 0.19166666666634719 0.99999999985053833 40.326955008005974
decision_type=2 2 2 2 2 2 2 2 2 2 2 2 2 2
left_child=6 2 7 5 -5 -3 11 -2 -4 10 -8 13 -13 -1
right_child=1 3 8 4 -6 -7 9 -9 -10 -11 -12 12 -14 -15
leaf_value=0.0045674960864092538 0.0061586333051836606 0.034637317975349878 -0.050166841428592762 0.068150114524758165 0.014136677784203106 -0.0026828049568419017 -0.039335799441335972 -0.036258053951237733 -0.004708781769274732 -0.05192237909984513 0.026311754228770003 -0.018356696998791097 0.037605156529896412 -0.0017802146142752956
leaf_weight=242.12913087755442 59.865427911281586 8.5068807303905469 6.8588696718215925 6.3543096333742133 8.4898275062441808 25.620652630925179 4.5408443957567197 4.5365258604288092 6.8509318381547928 5.0152177140116683 3.8212778940796852 33.723043486475945 4.6586981490254393 521.9251935556531
leaf_count=1148 297 43 35 29 42 120 22 20 37 28 22 169 23 2530
internal_value=1.37722e-06 0.00477514 -0.00220381 0.0159069 0.0372581 0.00661988 -0.000742257 0.00317077 -0.027451 -0.0253021 -0.00933653 -0.000332821 -0.0115642 0.000231378
internal_weight=942.897 127.083 78.1118 48.9717 14.8441 34.1275 815.813 64.402 13.7098 13.3773 8.36212 802.436 38.3817 764.054
internal_count=4565 623 389 234 71 163 3942 317 72 72 44 3870 192 3678
is_linear=0
shrinkage=0.04


Tree=184
num_leaves=15
num_cat=0
split_feature=29 38 3 24 34 0 28 32 38 28 7 40 29 28
split_gain=2.03505 3.1343 7.58982 5.17474 3.52782 3.32459 2.89532 8.77004 9.52335 6.59602 6.48992 4.80241 4.35016 2.66165
threshold=0.0086162688275127023 0.74832364748241686 0.0023321388811436005 0.074999999999874958 0.17268441042594837 66.644503537725981 0.96313292193476829 0.00028476354968104439 0.99999999982325039 0.95960776251659741 0.00061727034556240004 0.50487992014454175 0.012243400090274427 0.97516293589485226
decision_type=2 2 2 2 2 2 2 2 2 2 2 2 2 2
left_child=1 2 -1 5 -5 -3 9 12 -9 11 -11 -2 -8 -4
right_child=6 3 13 4 -6 -7 7 8 -10 10 -12 -13 -14 -15
leaf_value=0.038562752528470114 0.0019292100329339377 -0.053304489027345005 -0.036234181463644689 0.027691564958935731 -0.024064713932789611 -0.0082277427266778409 -0.037026414949912663 0.021641174856747228 -0.01442802041860178 -0.031614856568386876 0.021288165388606881 -0.0055131699934568672 0.0055482400303952326 0.0054125078347602475
leaf_weight=6.1918002814054516 620.18983656913042 7.4322343468666094 5.5582788437604886 4.561494052410124 3.9163103327155113 4.0414464622735977 9.2631118893623334 53.075069300830364 15.028524652123449 18.899778559803966 4.6164642125368109 178.69657830893993 6.558813862502574 4.3982118368148804
leaf_count=33 2977 41 27 23 23 21 44 256 66 90 23 887 31 23
internal_value=1.12928e-06 -0.00931238 0.00378855 -0.019916 0.00378282 -0.0374268 0.000372094 0.00744928 0.0136817 -0.000350128 -0.0212295 0.000264483 -0.0193775 -0.017837
internal_weight=942.428 36.0998 16.1483 19.9515 8.4778 11.4737 906.328 83.9255 68.1036 822.403 23.5162 798.886 15.8219 9.95649
internal_count=4565 191 83 108 46 62 4374 397 322 3977 113 3864 75 50
is_linear=0
shrinkage=0.04


Tree=185
num_leaves=5
num_cat=0
split_feature=27 27 38 27
split_gain=2.03342 5.13743 3.18593 2.70251
threshold=0.62603847040849259 0.47778311339452956 0.99999999986951693 0.094352974878053636
decision_type=2 2 2 2
left_child=1 2 3 -1
right_child=-2 -3 -4 -5
leaf_value=-0.00057939117087485632 0.020891958876418561 -0.035409858197667024 0.034638675846568129 0.0091958081626551565
leaf_weight=875.52628910541534 7.3958878368139258 6.5705794170498839 4.2498264908790579 47.718167193233967
leaf_count=4229 36 32 19 249
internal_value=6.31541e-07 -0.000164785 8.48989e-05 -7.41571e-05
internal_weight=941.461 934.065 927.494 923.244
internal_count=4565 4529 4497 4478
is_linear=0
shrinkage=0.04


Tree=186
num_leaves=9
num_cat=0
split_feature=13 13 28 20 39 9 37 28
split_gain=2.01575 2.93739 5.39826 2.52741 6.06433 3.79294 2.45123 2.24547
threshold=0.0014736541258501502 0.0010836246238530502 0.86705861040812204 0.0026070909067139503 0.38694202398047234 0.00058143521620694324 0.10262138598597216 0.94513754904241964
decision_type=2 2 2 2 2 2 2 2
left_child=1 3 -3 5 -5 -1 -2 -4
right_child=6 2 7 4 -6 -7 -8 -9
leaf_value=9.4264106837352601e-06 0.042111316944971729 0.020876296496298803 -0.043210957753440041 0.0083321959047858163 -0.041164741826526838 -0.012733745882124049 0.00086820337134012164 -0.0085030629696982423
leaf_weight=778.382164478302 4.0098781287670118 4.5340626165270832 7.8320840373635274 92.962192256003618 4.1367026790976515 39.256313718855381 5.4251762628555298 4.8165707066655159
leaf_count=3721 22 23 37 484 19 205 29 25
internal_value=6.25386e-07 -0.00018562 -0.0165709 0.000122167 0.00622348 -0.000602397 0.0183964 -0.0299943
internal_weight=941.355 931.92 17.1827 914.737 97.0989 817.638 9.43505 12.6487
internal_count=4565 4514 85 4429 503 3926 51 62
is_linear=0
shrinkage=0.04


Tree=187
num_leaves=10
num_cat=0
split_feature=40 22 36 34 39 38 33 22 0
split_gain=1.96881 2.39732 2.13237 6.96816 8.24144 7.91587 5.34265 9.90331 5.95111
threshold=0.27426634215569673 0.14347933374152819 0.5344949955904289 0.044464418813892966 1.0000000180025095e-35 0.99999999986431154 -0.2105263157894737 0.10458660675490601 42.025003071005806
decision_type=2 2 2 2 2 2 2 2 2
left_child=1 -1 3 4 -2 -5 7 -4 -8
right_child=2 -3 6 5 -6 -7 8 -9 -10
leaf_value=0.045556429652026054 0.017112481014326168 -0.0054103296877165202 0.011175257639185037 -0.0068316963121556763 -0.010836832071077227 0.045390635468973414 0.01016284316177 -0.016259256334738847 0.00032011186354234623
leaf_weight=3.3189497217535964 51.178506664931774 2.6601555831730366 31.14339816570282 251.9838687479496 25.188221782445908 4.7313513159751883 133.51099436730146 64.975093506276608 372.51152111589909
leaf_count=34 255 20 150 1212 119 20 628 310 1817
internal_value=6.42903e-07 0.0228809 -0.000145636 -0.00271371 0.00789389 -0.00586922 0.00127493 -0.00737019 0.00291706
internal_weight=941.202 5.97911 935.223 333.082 76.3667 256.715 602.141 96.1185 506.023
internal_count=4565 54 4511 1606 374 1232 2905 460 2445
is_linear=0
shrinkage=0.04


Tree=188
num_leaves=9
num_cat=0
split_feature=20 1 8 8 34 29 24 2
split_gain=1.96785 3.70902 4.37909 5.66272 3.43258 2.23193 1.94657 0.408631
threshold=0.0026394521373400504 -3.8265029169542677 -0.0020876884250603995 -0.0015366749939814998 0.22820584232021454 0.03441150056711214 0.24166666666626388 0.47617878798079449
decision_type=2 2 2 2 2 2 2 2
left_child=1 6 5 -4 7 -3 -1 -2
right_child=4 2 3 -5 -6 -7 -8 -9
leaf_value=-0.046573640565005112 0.029587597847263062 0.041953307935598295 -0.017412755030608209 0.00032185455017405497 -0.0043544365601759349 0.0036379948022356389 -0.0072141279295405026 0.051486461428799361
leaf_weight=4.0943917483091337 3.1345615908503515 5.9449162036180478 29.780629694461823 881.36124420911074 6.1070315390825272 4.117155596613884 3.949955128133297 2.4127702116966248
leaf_count=20 22 31 150 4250 28 20 26 18
internal_value=7.27667e-07 -0.000204135 3.20172e-05 -0.0002578 0.0163352 0.0262756 -0.0272472 0.0391123
internal_weight=940.903 929.248 921.204 911.142 11.6544 10.0621 8.04435 5.54733
internal_count=4565 4497 4451 4400 68 51 46 40
is_linear=0
shrinkage=0.04


Tree=189
num_leaves=12
num_cat=0
split_feature=34 31 24 39 34 23 38 31 10 20 37
split_gain=1.98016 5.58972 6.38822 6.04371 3.23138 6.48452 5.72405 6.82393 5.75711 5.27885 2.47293
threshold=0.29979978157893961 0.82652846424693005 0.17499999999970828 1.0000000180025095e-35 0.14461440298649478 -0.55317891637436289 0.99999999985139654 0.94766591155858937 -0.00027692633316274998 0.0026349677429147005 0.106927300913547
decision_type=2 2 2 2 2 2 2 2 2 2 2
left_child=4 -2 10 -4 5 -1 8 -8 -6 -7 -3
right_child=1 2 3 -5 6 9 7 -9 -10 -11 -12
leaf_value=-0.038596337647748537 -0.023052866359626015 0.021437865743864984 -0.015028339455654583 0.034427919288002436 0.008130997562200263 0.0012837970240149358 -0.0020115200756691655 0.04383408114272213 -0.0083965745350967798 0.044005274745952533 0.054489459051275065
leaf_weight=6.4869005084037772 7.337625339627265 8.8704571276903135 13.090357623994352 5.6641650497913352 40.161323264241219 615.87945548817515 13.568425782024862 8.4172271043062192 210.30039078742266 4.6627484634518614 6.1215504184365264
leaf_count=33 36 41 65 32 196 2969 66 40 1024 33 30
internal_value=7.92645e-07 0.00858846 0.0154683 -9.17603e-05 -0.000391454 0.00118891 -0.00402861 0.0155405 -0.00574639 0.00160481 0.0349335
internal_weight=940.561 41.0842 33.7465 18.7545 899.476 627.029 272.447 21.9857 250.462 620.542 14.992
internal_count=4565 204 168 97 4361 3035 1326 106 1220 3002 71
is_linear=0
shrinkage=0.04


Tree=190
num_leaves=12
num_cat=0
split_feature=0 23 8 37 3 34 1 3 31 40 28
split_gain=2.0046 7.44709 4.50573 5.98076 5.61028 4.41603 5.45112 5.44835 3.02989 4.84759 3.46205
threshold=68.717798156875347 -0.51223029256047259 0.0013703381233137503 0.19253982193758443 0.0022389961220097006 0.08108125948607757 0.4267089706095249 0.0032551387262415004 1.3044445419139556 0.49484677562856655 0.97275825437927177
decision_type=2 2 2 2 2 2 2 2 2 2 2
left_child=2 -2 8 4 -4 6 -3 -7 10 -10 -1
right_child=1 5 3 -5 -6 7 -8 -9 9 -11 -12
leaf_value=0.00068867473349455591 -0.049289833402448573 -0.013087685191622997 -0.038187644690098888 -0.053056966601692443 0.020914261662993767 -0.00345981511738361 0.037922153342961153 0.017606526652524723 -0.038966366264929858 0.0058193639217211587 -0.011479229335612387
leaf_weight=757.3616749458015 3.8952592462301245 4.4698022603988674 4.3424100279808062 6.0372722446918479 6.2953780815005302 60.429366953670979 13.403021007776259 29.103130422532558 8.167450860142706 7.3440040349960318 39.357144929468632
leaf_count=3659 19 23 21 33 35 286 65 158 35 35 196
internal_value=9.47778e-07 0.00504136 -0.000675849 -0.0212582 -0.0032115 0.00701178 0.0251651 0.00338794 -0.000253293 -0.0177623 8.7592e-05
internal_weight=940.206 111.301 828.905 16.6751 10.6378 107.405 17.8728 89.5325 812.23 15.5115 796.719
internal_count=4565 551 4014 89 56 532 88 444 3925 70 3855
is_linear=0
shrinkage=0.04


Tree=191
num_leaves=14
num_cat=0
split_feature=25 30 3 40 20 40 23 40 40 32 23 14 32
split_gain=1.91776 8.9956 6.99022 7.74525 3.58965 6.43709 5.70103 9.87281 8.56453 5.4182 3.48561 2.75343 1.43301
threshold=0.90000000000000013 0.032030176253574287 0.0010659830894890001 0.50199374301396926 0.0025932760938483005 0.37863602083259651 0.070569130085656559 0.49428385676363595 0.49547609542930754 0.0003921389526553533 -0.30334258529992758 -0.00030398977230184997 0.00033207155825230536
decision_type=2 2 2 2 2 2 2 2 2 2 2 2 2
left_child=4 10 -3 -4 5 12 8 -8 -6 -7 -2 -12 -1
right_child=1 2 3 -5 6 9 7 -9 -10 -11 11 -13 -14
leaf_value=0.016473829349956212 -0.024212107608870659 -0.039095410270654891 0.0091622398840833074 -0.017745995640042991 0.004223147664096788 -0.00073639463118665765 -0.01427306767812969 0.0037427096644530784 -0.027880291049954216 0.012281151551706726 0.0084432540738359971 0.035008977276583024 0.05027218397893049
leaf_weight=3.4251039773225767 2.3118334189057377 7.3507498428225508 60.677532125264406 23.839803114533424 21.449215710163116 458.69933503121138 68.756366178393364 166.5906792730093 34.978603720664978 57.580283626914024 9.0301352590322548 20.220528289675709 4.84824238717556
leaf_count=24 14 37 346 122 96 2167 326 793 187 260 51 111 31
internal_value=7.45371e-07 0.00464771 -0.00168175 0.00157223 -0.000701886 0.00127637 -0.0042584 -0.00152058 -0.0156772 0.000715443 0.0230707 0.0268077 0.0362799
internal_weight=939.758 123.431 91.8681 84.5173 816.328 524.553 291.775 235.347 56.4278 516.28 31.5625 29.2507 8.27335
internal_count=4565 681 505 468 3884 2482 1402 1119 283 2427 176 162 55
is_linear=0
shrinkage=0.04


Tree=192
num_leaves=6
num_cat=0
split_feature=36 36 38 36 36
split_gain=2.00361 2.37419 4.7489 2.66559 2.84317
threshold=0.17909814815073424 0.26051457015976548 0.8317862130171777 0.2836135742677402 0.33679582315522877
decision_type=2 2 2 2 2
left_child=-1 2 -2 -3 -5
right_child=1 3 -4 4 -6
leaf_value=0.028389426443092353 -0.052906997115379904 0.024227488243417247 0.001685722767964275 -0.01452887252862565 0.00025199952403811866
leaf_weight=3.9610823392868033 4.0661041885614377 7.2685442566871634 6.8348724022507668 21.317595809698105 895.67017572000623
leaf_count=18 20 36 34 108 4349
internal_value=9.96242e-07 -0.00011925 -0.0186776 9.9633e-05 -9.16176e-05
internal_weight=939.118 935.157 10.901 924.256 916.988
internal_count=4565 4547 54 4493 4457
is_linear=0
shrinkage=0.04


Tree=193
num_leaves=15
num_cat=0
split_feature=24 36 23 39 6 13 21 34 10 34 31 24 36 6
split_gain=1.90757 4.83272 8.90077 8.1871 4.54409 5.19455 5.06728 3.78747 3.92014 3.84932 8.60027 4.78707 3.28416 1.97888
threshold=0.024999999999958254 0.74570963645172783 0.15155850314529107 0.17254901672605097 0.00013803304658795002 0.00041747832120015007 -0.00018979063678749999 0.0061406301713010378 0.00022642363891345002 0.102146287560984 0.98616719804458641 0.17499999999970828 0.48475502945596477 5.6123076604180448e-05
decision_type=2 2 2 2 2 2 2 2 2 2 2 2 2 2
left_child=1 4 13 -4 6 -6 -1 8 12 11 -11 -9 -2 -3
right_child=7 2 3 -5 5 -7 -8 9 -10 10 -12 -13 -14 -15
leaf_value=0.0099254818278971396 -0.041393157294292895 0.044934312423845428 -0.027234650772130754 0.024637547004041364 0.029224187769960799 0.0037886408593682248 -0.0051450605301651747 0.0035529937271165015 -0.051337229254584615 -0.0065144449454579024 0.0081206758388889435 -0.029757862335953639 1.2129972399037795e-05 0.0064865577595011187
leaf_weight=68.825878094881773 3.9194846972823205 4.6497410386800748 28.180923879146576 5.8849849998950949 24.650101341307163 26.828190855681896 74.163090445101261 301.20077741518617 4.3486108481883994 288.67612778022885 82.635624140501022 7.0645905807614318 14.059357427060602 3.9712297469377518
leaf_count=333 20 24 136 27 120 131 372 1457 20 1405 401 33 66 20
internal_value=9.36342e-07 0.00310247 -0.00908507 -0.0182736 0.00577772 0.0159683 0.00210895 -0.00104699 -0.0172575 -0.000514394 -0.00325739 0.0027896 -0.00901445 0.0272234
internal_weight=939.059 237.154 42.6869 34.0659 194.467 51.4783 142.989 701.905 22.3275 679.577 371.312 308.265 17.9788 8.62097
internal_count=4565 1163 207 163 956 251 705 3402 106 3296 1806 1490 86 44
is_linear=0
shrinkage=0.04


Tree=194
num_leaves=12
num_cat=0
split_feature=29 23 10 10 7 31 27 28 23 23 38
split_gain=1.97592 3.47791 3.45409 4.66985 3.01363 2.9168 4.85012 2.99936 11.6349 5.9869 1.31654
threshold=0.0086162688275127023 -1.0000000180025095e-35 8.253586091947664e-05 -5.094315912056393e-05 0.00017088474716175003 0.71582587707627254 0.1505388009747044 0.96313292193476829 0.23266173393930686 -0.55317891637436289 0.9999999997572192
decision_type=2 2 2 2 2 2 2 2 2 2 2
left_child=1 -1 3 -3 -4 6 10 9 -9 -7 -2
right_child=5 2 4 -5 -6 7 -8 8 -10 -11 -12
leaf_value=-0.040814046996943888 0.022522819621589609 -0.010917826286817606 0.0027007248179986053 0.02821997373681881 -0.040147071534190226 -0.033893001420521686 -0.017375918785038313 0.026701470315249071 -0.00420859713842051 -0.0003158991163846663 0.052500033814062562
leaf_weight=4.8245614767074576 6.6949408948421461 11.587951369583608 4.4690655171871168 8.4238214194774645 6.3695755898952484 8.5880201682448369 4.3442019820213309 31.034534715116024 52.352559335529804 796.45510283112526 3.6069609820842743
leaf_count=26 34 63 25 44 33 44 24 147 250 3854 21
internal_value=1.0423e-06 -0.00923211 -0.00429315 0.00555697 -0.0224798 0.000365787 0.018071 7.39097e-05 0.00729534 -0.000674092 0.0330186
internal_weight=938.751 35.675 30.8504 20.0118 10.8386 903.076 14.6461 888.43 83.3871 805.043 10.3019
internal_count=4565 191 165 107 58 4374 79 4295 397 3898 55
is_linear=0
shrinkage=0.04


Tree=195
num_leaves=15
num_cat=0
split_feature=3 26 35 28 31 1 32 24 35 24 29 30 24 2
split_gain=1.93247 9.17785 9.28505 7.18811 8.19479 9.84095 7.51268 7.08315 8.175 6.87757 6.79468 6.1544 5.71174 5.44491
threshold=0.0013052062859748501 0.020208195231850554 1.0038510588571226 0.88494503053467766 0.8510588793630548 -0.052162210242840894 0.00031470000154562686 0.12499999999979165 0.85966101921099025 0.19166666666634719 0.033399076288087491 0.076906134122141256 0.074999999999874958 0.66598752904168601
decision_type=2 2 2 2 2 2 2 2 2 2 2 2 2 2
left_child=3 2 9 7 6 -6 -5 8 -1 -2 11 -3 -12 -4
right_child=1 10 13 4 5 -7 -8 -9 -10 -11 12 -13 -14 -15
leaf_value=-0.026397768292371598 0.014914261709086177 -0.00375319739987109 0.066031357850955513 0.040523113689020375 -0.011914803095111099 0.0094420936273907942 -0.006516859235346774 0.021406500004266821 -0.0051667114280821479 -0.032140337732187975 0.0087934940505188883 -0.037257318554544665 -0.0020453753159762338 0.016224359509589052
leaf_weight=40.245486401021481 28.370241358876228 248.15151003748178 8.2940168082714063 16.186034701764587 64.112826138734818 74.791294746100903 8.1763714998960477 11.594544649124144 104.01398453116417 6.0254949778318396 170.02146000042558 9.0936738029122335 143.39777729660273 6.0906808376312247
leaf_count=193 136 1230 36 78 304 366 38 55 496 26 831 47 701 28
internal_value=9.28641e-07 0.00130368 0.0179568 -0.00252783 0.0033376 -0.000415433 0.0247358 -0.00867223 -0.0110897 0.00667117 -0.000119838 -0.00493758 0.00383442 0.0449424
internal_weight=938.565 619.445 48.7804 319.121 163.267 138.904 24.3624 155.854 144.259 34.3957 570.664 257.245 313.419 14.3847
internal_count=4565 3035 226 1530 786 670 116 744 689 162 2809 1277 1532 64
is_linear=0
shrinkage=0.04


Tree=196
num_leaves=12
num_cat=0
split_feature=0 32 8 39 36 36 38 28 40 28 30
split_gain=1.96715 4.46328 4.04973 5.37376 3.94378 4.48929 3.21434 2.71029 6.48105 3.74445 1.10762
threshold=68.717798156875347 0.00059118388475904143 0.0013703381233137503 0.11003816741604384 0.36731512576602804 0.61345307229549884 0.81144171847324242 0.97275825437927177 0.49235434663698147 0.96272735770548956 0.047668101398544376
decision_type=2 2 2 2 2 2 2 2 2 2 2
left_child=2 4 7 6 -2 -6 -4 9 -9 -1 -3
right_child=1 10 3 -5 5 -7 -8 8 -10 -11 -12
leaf_value=-0.00047219187768526274 0.03244365764616209 0.04428469481929783 -0.056798455247249198 0.016615498683178676 -0.0080946511379077855 0.0092069520344213972 -0.015135280521339558 -0.043615248699455718 -0.002556281861250283 0.010981294695025351 0.014200031209203798
leaf_weight=722.52562234923244 6.6731304675340644 5.2554294168949109 5.5199648439884204 4.5620898120105258 47.517239607870579 48.473225355148315 6.3957138955593109 7.6271898299455634 31.78241715580225 48.751773156225681 3.1207293942570686
leaf_count=3493 32 32 31 24 228 240 34 33 164 235 19
internal_value=1.02402e-06 0.00500006 -0.000670054 -0.0203016 0.00270939 0.000642305 -0.0344358 -0.000271029 -0.0105027 0.000251773 0.033076
internal_weight=938.205 111.04 827.165 16.4778 102.664 95.9905 11.9157 810.687 39.4096 771.277 8.37616
internal_count=4565 551 4014 89 500 468 65 3925 197 3728 51
is_linear=0
shrinkage=0.04


Tree=197
num_leaves=12
num_cat=0
split_feature=35 3 20 38 39 35 28 0 38 14 37
split_gain=1.9451 3.37047 3.65356 6.12933 2.89576 6.05968 6.59611 5.65053 4.98309 8.18447 4.87444
threshold=1.5507727725969824 0.0011172341742637002 0.0025934636416131006 0.61979408162568961 0.13959487995263911 0.93089489098237921 0.96115523887726861 39.119736475625068 0.5988367007910278 -0.00036594959713009994 0.29821715137198501
decision_type=2 2 2 2 2 2 2 2 2 2 2
left_child=4 -2 -3 -4 8 7 -7 -6 9 -1 -10
right_child=1 2 3 -5 5 6 -8 -9 10 -11 -12
leaf_value=-0.027345132421686982 0.044298533380209774 -0.032165823005983314 -0.0131048478389456 0.036891331203111423 0.013389962316726053 -0.0048437212972151922 0.028792974492135692 -0.037551621929506805 0.00089667943507648184 0.033544813655878858 -0.014266108984655761
leaf_weight=4.5298677235841778 4.1059684008359936 3.566262915730479 7.6068659499287596 8.1022371128201467 4.5092342495918301 120.23712638765574 10.11233853548765 15.321329437196253 708.20079907029867 16.033488765358925 35.629007168114185
leaf_count=21 19 16 41 43 23 573 51 73 3445 89 171
internal_value=9.71608e-07 0.0113934 0.00438403 0.0126815 -0.000290278 -0.00536818 -0.00223423 -0.0259681 0.000707375 0.0201315 0.000170391
internal_weight=937.955 23.3813 19.2754 15.7091 914.573 150.18 130.349 19.8306 764.393 20.5634 743.83
internal_count=4565 119 100 84 4446 720 624 96 3726 110 3616
is_linear=0
shrinkage=0.04


Tree=198
num_leaves=6
num_cat=0
split_feature=3 3 20 3 31
split_gain=1.91697 2.33426 3.99994 3.79618 2.23762
threshold=0.00040177023238160004 0.00052426261449360016 0.0025832971928200004 0.00055096385234605009 1.3044445419139556
decision_type=2 2 2 2 2
left_child=-1 2 -2 -3 -5
right_child=1 3 -4 4 -6
leaf_value=0.025541418968049567 0.01446234234197262 0.040694185850237957 -0.036738324224977144 0.00020325656811423425 -0.014146656611815567
leaf_weight=4.6785252615809432 3.7689033374190313 3.6691145971417418 6.9305958449840546 900.80295506864786 17.728529430925846
leaf_count=36 20 18 34 4374 83
internal_value=1.05719e-06 -0.000127029 -0.0187029 8.84909e-05 -7.37104e-05
internal_weight=937.579 932.9 10.6995 922.201 918.531
internal_count=4565 4529 54 4475 4457
is_linear=0
shrinkage=0.04


Tree=199
num_leaves=14
num_cat=0
split_feature=15 8 28 29 10 20 21 23 36 22 22 8 22
split_gain=1.96416 6.18067 6.32373 8.97191 4.22151 4.06149 3.25845 5.48776 4.62265 3.87401 3.47654 6.27361 5.01236
threshold=-0.0014916088755377499 -0.00083018685250964991 0.88158834143448062 0.072390694976679354 9.5999407151473127e-05 0.0025987877119899505 -0.00089723336128119983 0.14308554153520767 0.50979580137614 -0.1437596134767444 -0.42242549934388951 0.00047886872196700004 -0.40415657519710574
decision_type=2 2 2 2 2 2 2 2 2 2 2 2 2
left_child=1 2 3 -1 -4 -3 7 9 -9 -2 11 -8 -12
right_child=6 5 4 -5 -6 -7 10 8 -10 -11 12 -13 -14
leaf_value=0.052579105354293131 0.046550740810608525 0.0042988056052345866 -0.0022117291736072041 -0.0074250806904450932 -0.040215396809830689 0.057286571209556526 -0.00053334427506983415 0.0028389929788158676 -0.024198832043399329 -0.00057972187747153082 0.034781143344318026 -0.018338374246091728 0.0011901668827251903
leaf_weight=7.440529182553294 3.9250394925475112 3.8214341327548009 18.494758367538456 8.5896957330405694 6.2594769671559325 5.8692392110824585 131.79615038633347 14.670517317950724 32.598686583340168 9.6536422669887525 7.1866373568773261 41.675119876861572 645.45321451127529
leaf_count=34 21 18 95 42 33 33 641 71 154 53 33 213 3124
internal_value=1.05276e-06 0.00767627 0.000853375 0.0204262 -0.0118215 0.0363913 -0.000435729 -0.009369 -0.0158073 0.0130438 0.000222258 -0.00481086 0.00156006
internal_weight=937.434 50.4751 40.7845 16.0302 24.7542 9.69067 886.959 60.8479 47.2692 13.5787 826.111 173.471 652.64
internal_count=4565 255 204 76 128 51 4310 299 225 74 4011 854 3157
is_linear=0
shrinkage=0.04


Tree=200
num_leaves=15
num_cat=0
split_feature=23 23 36 40 31 28 31 9 20 1 23 40 29 22
split_gain=1.89682 6.18307 8.55087 9.03741 8.42408 7.19992 9.93315 5.19112 8.18599 7.03272 6.52071 9.50108 8.96225 2.22791
threshold=1.2617674059275015 0.70153071063902506 0.63895129136215911 0.44135695872939762 0.85611759022104683 0.97577088313964155 0.92801402869362593 0.0002787738764400694 0.0025892121663339505 -0.32246794940192547 1.7299683099394112 0.53978185436703263 0.03712956156362214 -0.30055546224525592
decision_type=2 2 2 2 2 2 2 2 2 2 2 2 2 2
left_child=1 2 3 -1 -4 6 -3 8 9 -2 11 -9 -12 -10
right_child=7 5 4 -5 -6 -7 -8 10 13 -11 12 -13 -14 -15
leaf_value=0.016684755163041142 -0.014793157089934767 -0.013825650915753905 0.023861192172744267 -0.0059807935953263246 0.0030001475970436826 -0.041947900288489486 0.0077745094999234054 0.021088404143107621 -0.058497895744350513 0.0064739818101035877 -0.0082324453261667131 -0.028513504634345686 0.010496887636781598 -0.018312938315039252
leaf_weight=31.935833994299173 39.781189724802971 94.108433894813061 41.556184358894825 237.24623420834541 121.60535042732954 9.4920653551816923 53.388461351394653 61.81921748071909 5.1321217566728592 66.411100901663303 79.1035241112113 6.8648104369640341 84.593625225126743 3.8735708519816381
leaf_count=201 186 448 202 1132 589 48 259 287 25 331 381 42 414 20
internal_value=1.1791e-06 -0.00138102 0.00108787 -0.00329175 0.00831332 -0.00818028 -0.00600719 0.00234474 -0.00459817 -0.001493 0.00578654 0.0161308 0.00144629 -0.0412134
internal_weight=936.912 589.333 432.344 269.182 163.162 156.989 147.497 347.579 115.198 106.192 232.381 68.684 163.697 9.00569
internal_count=4565 2879 2124 1333 791 755 707 1686 562 517 1124 329 795 45
is_linear=0
shrinkage=0.04


Tree=201
num_leaves=15
num_cat=0
split_feature=32 1 9 22 27 22 31 40 37 32 33 35 13 23
split_gain=1.87846 5.73395 5.33668 8.22938 6.68717 4.75848 5.20913 3.53631 3.22 6.14432 4.70352 3.05888 2.85754 1.73185
threshold=0.0001738218932144925 -0.28704016228721224 0.00021888268676519885 -0.40415657519710574 0.084395116000884271 0.15695113087034482 0.94766591155858937 0.50399295568427271 0.30226344080795764 0.00044361823561078843 1.0000000180025095e-35 0.97876820107195073 -3.3355610107268771e-05 1.2483327964340794
decision_type=2 2 2 2 2 2 2 2 2 2 2 2 2 2
left_child=1 5 3 7 -5 -1 -7 -2 10 -10 -4 12 -3 -13
right_child=2 11 8 4 -6 6 -8 -9 9 -11 -12 13 -14 -15
leaf_value=-0.044683916788548786 0.039917867625420482 -0.017905213177970419 0.0042256546419038596 -0.025348870263177954 0.011171561974807879 -0.022446564194918136 0.029388785104266523 -0.0098787995911593408 0.00068519751325878131 -0.02731407606504363 -0.0019829031360023178 0.022615427962488017 0.026626711262139065 0.053264794277024567
leaf_weight=4.3680356368422535 6.2411581277847272 4.4477668777108192 391.41644876077771 41.186188608407974 9.9626499563455564 6.1122026294469816 6.2983325570821762 3.5967126190662384 37.005318745970726 18.967716090381145 389.53472993522882 6.8668652623891813 4.7867567241191882 5.1710756048560143
leaf_count=19 29 24 1880 194 45 31 28 20 176 98 1919 37 32 33
internal_value=1.06964e-06 0.008706 -0.000367822 -0.0117915 -0.0182355 -0.00877778 0.00385982 0.0217123 0.00046462 -0.00880298 0.00112886 0.0224963 0.00517811 0.0357813
internal_weight=935.962 38.051 897.911 60.9867 51.1488 16.7786 12.4105 9.83787 836.924 55.973 780.951 21.2725 9.23452 12.0379
internal_count=4565 204 4361 288 239 78 59 49 4073 274 3799 126 56 70
is_linear=0
shrinkage=0.04


Tree=202
num_leaves=11
num_cat=0
split_feature=34 31 35 35 34 23 2 2 38 32
split_gain=1.93431 5.0857 5.00269 4.87276 2.67632 5.49843 5.43343 5.86158 4.35217 2.15951
threshold=0.29979978157893961 0.84174343929179185 0.82329724394521375 0.94487965232228555 0.14461440298649478 -0.55317891637436289 -0.13025733990803592 0.2934365485766805 0.99999999984277954 0.00035811777365667114
decision_type=2 2 2 2 2 2 2 2 2 2
left_child=4 9 -3 -4 5 -1 -6 -8 -7 -2
right_child=1 2 3 -5 6 8 7 -9 -10 -11
leaf_value=-0.035682364017929201 -0.036294559475751449 0.06159699429919293 -0.018027551888822612 0.020153032988184466 0.044535423819938059 0.0022993091842911746 -0.012138977812352115 0.00014670324331720951 -0.011658867727453224 0.003088905289375271
leaf_weight=6.4511917233467093 4.8178376853466016 3.4385626167058971 7.156791806221011 21.163785926997662 3.6846408545970908 579.44258785620332 98.281909618526697 168.94220339134336 38.090668119490147 4.1435104459524155
leaf_count=33 24 17 32 109 17 2815 481 828 187 22
internal_value=1.18329e-06 0.00852735 0.0160363 0.0105046 -0.000386784 0.00105456 -0.00370664 -0.00437183 0.00143834 -0.0180846
internal_weight=935.614 40.7205 31.7591 28.3206 894.893 623.984 270.909 267.224 617.533 8.96135
internal_count=4565 204 158 141 4361 3035 1326 1309 3002 46
is_linear=0
shrinkage=0.04


Tree=203
num_leaves=9
num_cat=0
split_feature=13 22 13 28 20 39 9 24
split_gain=1.90712 3.04682 2.64637 4.85782 2.26064 5.3406 3.24989 2.12365
threshold=0.0014736541258501502 -1.0000000180025095e-35 0.0010836246238530502 0.86705861040812204 0.0026070909067139503 0.38694202398047234 0.00058143521620694324 0.058333333333236058
decision_type=2 2 2 2 2 2 2 2
left_child=2 -2 4 -4 6 -6 -1 -5
right_child=1 -3 3 7 5 -7 -8 -9
leaf_value=-6.676334984421945e-06 -0.0095363357667851423 0.036956651867186149 0.019834690113955864 -0.014644942138209443 0.007915235242476875 -0.038684469296534345 -0.011877646511250122 -0.047986906305398654
leaf_weight=774.11634526401758 3.8094096705317497 5.5277696996927244 4.5099656060338047 7.3253306895494443 91.856963951140642 4.1111034974455825 38.746053233742714 5.2448895201086998
leaf_count=3721 21 30 23 36 484 19 205 26
internal_value=1.1785e-06 0.0179883 -0.000180209 -0.0157792 0.000112951 0.00591899 -0.00057252 -0.0285568
internal_weight=935.248 9.33718 925.911 17.0802 908.83 95.9681 812.862 12.5702
internal_count=4565 51 4514 85 4429 503 3926 62
is_linear=0
shrinkage=0.04


Tree=204
num_leaves=13
num_cat=0
split_feature=0 23 31 22 31 23 7 6 22 22 23 36
split_gain=1.8784 5.83382 7.62615 6.97791 7.01681 6.53853 4.28563 4.05658 3.33275 3.07835 12.8487 5.99814
threshold=67.484932343607355 -0.30334258529992758 1.00645180628348 0.14955818952074193 1.0660422933312954 1.8824854339781643 0.00069546842620350009 0.00075556335718220005 0.4023639098699468 0.41457532085674959 1.4812356102619055 0.39773188411598837
decision_type=2 2 2 2 2 2 2 2 2 2 2 2
left_child=6 2 -2 4 -3 -5 9 8 -8 11 -11 -1
right_child=1 3 -4 5 -6 -7 7 -9 -10 10 -12 -13
leaf_value=-0.010462020362002215 -0.052479382220099423 -0.007964841534968143 0.01460352509741477 0.025871605876602567 0.028157417598685203 -0.0068665951420349416 -0.034533933157099198 0.01223244699679198 0.0050947824044382658 -0.014285293953168528 0.0060322470766482617 0.0026805104209742183
leaf_weight=62.174595803022385 6.2201023772358877 51.369006723165512 4.8068346530199051 40.001322872936726 10.335338585078715 12.911524213850496 15.145337961614137 5.8867491111159316 4.3767277449369422 103.11254853010178 96.322575204074383 522.42721838131547
leaf_count=313 30 254 22 194 58 65 79 31 21 478 456 2564
internal_value=1.18518e-06 0.00455159 -0.0232368 0.00722501 -0.00191444 0.017883 -0.000705139 -0.0168729 -0.0256494 -0.00018118 -0.00447239 0.00128275
internal_weight=935.09 125.644 11.0269 114.617 61.7043 52.9128 809.446 25.4088 19.5221 784.037 199.435 584.602
internal_count=4565 623 52 571 312 259 3942 131 100 3811 934 2877
is_linear=0
shrinkage=0.04


Tree=205
num_leaves=14
num_cat=0
split_feature=15 35 31 22 13 21 23 40 21 9 13 26 22
split_gain=1.83117 5.54446 5.28144 9.51278 6.98324 4.56339 13.5367 14.4841 4.88712 4.9558 4.27368 4.62057 2.53627
threshold=0.00065184140782380013 0.79716407408940138 0.81498801287791578 0.57628161439596726 -9.1644508150840503e-05 0.00024053931302505004 -0.45774462671274402 0.45479808938102467 0.00021707935378460002 0.00023027528044563034 4.4570341776878319e-05 0.020208712790599399 0.2985257442026476
decision_type=2 2 2 2 2 2 2 2 2 2 2 2 2
left_child=5 10 4 -4 -3 8 -7 -8 9 -1 -2 -12 -10
right_child=1 2 3 -5 -6 6 7 -9 12 -11 11 -13 -14
leaf_value=-0.0082357303799981893 -0.013822601385850982 0.022630054883965217 0.00096919227063846901 0.036882397936738726 -0.021903494648098282 0.056344295788821191 0.020931965669502652 -0.015424736419587318 0.0093735098188402633 0.0017281382440760859 -0.0039755993129498204 0.041438419092883788 0.050031402209003616
leaf_weight=94.791807912290096 4.3845650255680111 7.0702286213636389 111.63819124177098 13.195909477770327 27.730395965278149 5.1351990997791281 20.723267253488302 113.86750742793083 5.2009886130690557 507.33559146896005 4.7932168245315578 14.215386278927324 4.6493192613124847
leaf_count=471 22 38 550 63 133 23 118 545 27 2457 21 75 22
internal_value=1.1503e-06 0.00358909 0.000924002 0.00476549 -0.0128559 -0.000872456 -0.00739489 -0.00982681 0.000616738 0.000159545 0.0217756 0.0299868 0.0285639
internal_weight=934.732 183.028 159.635 124.834 34.8006 751.704 139.726 134.591 611.978 602.127 23.3932 19.0086 9.85031
internal_count=4565 902 784 613 171 3663 686 663 2977 2928 118 96 49
is_linear=0
shrinkage=0.04


Tree=206
num_leaves=6
num_cat=0
split_feature=36 36 9 20 36
split_gain=1.8836 2.0796 4.40012 2.56758 2.47951
threshold=0.17909814815073424 0.26051457015976548 0.00043028831846810049 0.0026489225868845004 0.2836135742677402
decision_type=2 2 2 2 2
left_child=-1 2 -2 4 -3
right_child=1 3 -4 -5 -6
leaf_value=0.02757241652632032 -0.039879140373374727 0.023306392134396968 0.011661566130479443 0.029152159377710523 -0.00024989044701188167
leaf_weight=3.9479106664657584 6.1226503401994687 7.2062280252575865 4.6729486957192421 4.8381476253271094 907.53347783535719
leaf_count=18 29 36 25 32 4425
internal_value=1.48877e-06 -0.000115505 -0.0175694 8.93994e-05 -6.43164e-05
internal_weight=934.321 930.373 10.7956 919.578 914.74
internal_count=4565 4547 54 4493 4461
is_linear=0
shrinkage=0.04


Tree=207
num_leaves=14
num_cat=0
split_feature=10 31 40 34 37 37 10 36 35 0 36 33 9
split_gain=1.85641 4.77715 6.50611 5.09236 4.82443 5.13748 4.15938 8.72982 7.50844 6.29068 3.85131 5.91995 4.92151
threshold=0.00032446288731320005 0.96946339431043937 0.47251468400658064 0.17659950282526485 0.30226344080795764 0.03637066208543565 0.00018597689426145004 0.69793179055358634 0.77193422592924266 55.134629432429811 0.69365877904614115 0.2105263157894737 0.00038137533926804745
decision_type=2 2 2 2 2 2 2 2 2 2 2 2 2
left_child=6 4 -3 -4 5 -2 10 8 -8 -9 12 -12 -1
right_child=1 2 3 -5 -6 -7 7 9 -10 -11 11 -13 -14
leaf_value=-0.0055320142294749608 -0.0036489232895733355 0.022384512789276511 -0.013279602294874678 -0.048719186593329356 -0.039990902240237325 0.019685175794800679 0.052977786990740947 -0.029118413674818988 0.011179494348582232 0.011132243152025467 0.0010358343263824753 0.018805027321991057 0.0021834130297170382
leaf_weight=297.88966432213783 50.273803181946278 5.7319175377488127 21.361915484070781 9.3165677785873395 4.3568621128797522 21.576089590787888 7.7296499684453002 14.29653871804476 62.282596774399281 10.986965879797934 153.15489882230759 37.305878072977066 237.9421515725553
leaf_count=1427 243 30 102 45 20 105 42 70 302 54 744 193 1188
internal_value=1.45994e-06 -0.0048147 -0.0167333 -0.024042 0.00087983 0.00335817 0.000661623 0.00851879 0.0157942 -0.0116275 -0.000369304 0.00451632 -0.00210589
internal_weight=934.205 112.617 36.4104 30.6785 76.2068 71.8499 821.588 95.2958 70.0122 25.2835 726.293 190.461 535.832
internal_count=4565 545 177 147 368 348 4020 468 344 124 3552 937 2615
is_linear=0
shrinkage=0.04


Tree=208
num_leaves=15
num_cat=0
split_feature=32 1 9 22 27 22 31 32 1 9 25 22 6 28
split_gain=1.88949 5.23153 4.69956 7.71685 6.16311 4.35933 4.79992 3.04604 13.8239 3.81999 2.63809 2.56331 4.816 2.08745
threshold=0.0001738218932144925 -0.28704016228721224 0.00021888268676519885 -0.40415657519710574 0.084395116000884271 0.15695113087034482 0.94766591155858937 0.00023656989948427079 0.46571244637334536 0.0002438946029156516 0.75000000000000011 -0.033105112588833897 -9.393079772007452e-06 0.90787113025373223
decision_type=2 2 2 2 2 2 2 2 2 2 2 2 2 2
left_child=1 5 3 10 -5 -1 -7 8 -4 -9 -2 12 -3 -13
right_child=2 11 7 4 -6 6 -8 9 -10 -11 -12 13 -14 -15
leaf_value=-0.042419589512425901 -0.00030023024380824959 -0.024849821846662578 0.023534927839306205 -0.024221869925002609 0.010848978121694709 -0.021307114400973309 0.028610973538199098 -0.014788732549042638 -0.037570196533507724 0.00041121668531033826 0.041303741914634255 0.04951586800382235 0.030699646544246308 0.013183429554324872
leaf_weight=4.3441615700721767 4.6661725193262082 4.2511175125837326 30.190407052636147 40.972176820039749 9.9677338004112226 6.0374022275209409 6.2961799055337906 27.395164623856544 7.3697554767131797 770.35222281515598 5.1081947684288025 6.657746456563471 6.0524352714419383 4.0811008363962173
leaf_count=19 25 21 143 194 45 31 28 134 35 3761 24 40 37 28
internal_value=1.55205e-06 0.00877138 -0.000367635 -0.0111126 -0.0173593 -0.00796135 0.00417561 0.000413366 0.0115454 -0.000110759 0.0214425 0.0220334 0.00778063 0.0357084
internal_weight=933.742 37.7201 896.022 60.7143 50.9399 16.6777 12.3336 835.308 37.5602 797.747 9.77437 21.0424 10.3036 10.7388
internal_count=4565 204 4361 288 239 78 59 4073 178 3895 49 126 58 68
is_linear=0
shrinkage=0.04


Tree=209
num_leaves=8
num_cat=0
split_feature=40 8 9 29 15 14 34
split_gain=1.95589 1.91883 6.95881 6.59706 5.32112 4.3 3.51917
threshold=0.2555297309609284 -0.0015366749939814998 0.00035262873311838724 0.012243400090274427 -0.0014916088755377499 -0.0013692846195258498 0.2677692317675141
decision_type=2 2 2 2 2 2 2
left_child=-1 2 -2 -4 5 -3 -6
right_child=1 4 3 -5 6 -7 -8
leaf_value=0.031979457244716056 -0.049553064789833047 0.060628776340420992 0.035419651582297179 -0.0084221761232070366 -0.00085433677956595208 0.012107778721318298 0.0093250407833567975
leaf_weight=3.0503358766436568 5.6290234774351111 3.462059602141383 6.3515914827585211 40.55498530715704 797.21157573163509 18.744939990341663 58.314674273133278
leaf_count=36 29 19 37 204 3861 92 287
internal_value=1.69526e-06 -0.000103159 -0.00752871 -0.00248558 0.000341288 0.0196722 -0.000160487
internal_weight=933.319 930.269 52.5356 46.9066 877.733 22.207 855.526
internal_count=4565 4529 270 241 4259 111 4148
is_linear=0
shrinkage=0.04


Tree=210
num_leaves=9
num_cat=0
split_feature=40 10 29 29 29 10 23 3
split_gain=1.81257 1.96771 4.15309 7.50302 4.4097 3.72623 7.89508 3.1155
threshold=0.65956914723275706 0.00032446288731320005 0.019955037476433821 0.024218494666182172 0.013741516939405099 0.00018597689426145004 -0.426847185339082 0.0013230306018033502
decision_type=2 2 2 2 2 2 2 2
left_child=1 5 4 -4 -3 7 -7 -1
right_child=-2 2 3 -5 -6 6 -8 -9
leaf_value=-0.0035500956313761945 -0.022141167728850851 -0.0043153893947335525 0.033101807848914019 -0.0047072628731371505 -0.037109234481658766 -0.041671451266792267 0.010939848445567191 0.0018827948592691933
leaf_weight=270.38352210819721 5.8776395693421355 15.059082210063936 9.4433174803853017 75.847956493496895 11.625236891210077 4.8072018027305594 90.102649942040443 449.88066139817238
leaf_count=1306 32 74 46 364 58 23 444 2218
internal_value=1.67118e-06 0.000142045 -0.00482993 -0.000521101 -0.0186023 0.000825016 0.00827508 -0.000156685
internal_weight=933.027 927.15 111.976 85.2913 26.6843 815.174 94.9099 720.264
internal_count=4565 4533 542 410 132 3991 467 3524
is_linear=0
shrinkage=0.04


Tree=211
num_leaves=9
num_cat=0
split_feature=40 36 13 10 38 31 22 35
split_gain=1.84164 2.01808 7.78769 8.75939 8.5099 2.74697 5.36729 4.06262
threshold=0.2555297309609284 0.83996141918332545 -3.5701575468712284e-05 0.00013025956018745003 0.99999999967619568 1.120823071301208 -0.89886155048781091 1.1272388972437535
decision_type=2 2 2 2 2 2 2 2
left_child=-1 5 4 -4 -3 7 -7 -2
right_child=1 2 3 -5 -6 6 -8 -9
leaf_value=0.031456157609337759 0.0004673398982597514 0.0037934268849970326 0.038221698165015965 -0.0047677293440556894 -0.048995744615156565 -0.038074472334540775 0.010388791028263622 -0.0060035001677611818
leaf_weight=2.9687511250376692 597.93868932873011 20.885573424398903 18.571189351379875 12.81753823161125 6.3781287074089041 3.8948687538504592 59.710433654487133 209.67827263474464
leaf_count=36 2915 104 94 62 29 19 290 1016
internal_value=1.59221e-06 -9.88308e-05 0.00708306 0.020667 -0.00855618 -0.00058233 0.00742114 -0.00121266
internal_weight=932.843 929.875 58.6524 31.3887 27.2637 871.222 63.6053 807.617
internal_count=4565 4529 289 156 133 4240 309 3931
is_linear=0
shrinkage=0.04


Tree=212
num_leaves=10
num_cat=0
split_feature=32 1 10 3 40 38 9 7 32
split_gain=1.82937 5.77389 4.38926 4.0998 2.75422 3.29446 2.55237 6.52088 5.94909
threshold=0.00016930137528147968 -0.32246794940192547 -4.2559102484572061e-05 0.00052426261449360016 0.50010714648199761 0.99999999982637833 0.00023027528044563034 8.0965422933085981e-05 0.00023808662487974626
decision_type=2 2 2 2 2 2 2 2 2
left_child=1 2 -1 -2 5 -3 7 -5 -8
right_child=3 4 -4 6 -6 -7 8 -9 -10
leaf_value=0.01900528844488255 -0.03676324576296354 0.038532134627519449 -0.029152514907176987 -0.015533634766462511 -0.0071867364292378475 -0.0055221232633216547 0.019997283604518669 0.0079460425588277848 -6.7042879506247385e-05
leaf_weight=4.7553923130035392 4.9180121645331374 13.22996418178082 8.337046727538107 51.440215907990932 4.079028293490409 3.4175894409418097 24.375320971012115 29.940712481737137 788.09942084550858
leaf_count=22 26 84 39 246 18 23 113 145 3849
internal_value=1.69586e-06 0.0091346 -0.0116608 -0.000341957 0.0222705 0.0294882 -0.000141566 -0.00689527 0.000534914
internal_weight=932.593 33.819 13.0924 898.774 20.7266 16.6476 893.856 81.3809 812.475
internal_count=4565 186 61 4379 125 107 4353 391 3962
is_linear=0
shrinkage=0.04


Tree=213
num_leaves=6
num_cat=0
split_feature=27 27 13 37 12
split_gain=1.79347 4.50241 2.40824 3.57879 2.57797
threshold=0.62603847040849259 0.50312918078915969 0.0014736541258501502 0.10262138598597216 0.00035220851847540005
decision_type=2 2 2 2 2
left_child=1 2 4 -4 -1
right_child=-2 -3 3 -5 -6
leaf_value=0.0005401634861774237 0.019794537624557202 -0.039376641374402131 0.052430873999973086 0.0002487282504654982 -0.006655233928572069
leaf_weight=823.17461033165455 7.2677655145525923 4.6590047590434542 3.4770960509777051 5.320731483399868 88.20541238039732
leaf_count=4030 36 22 20 29 428
internal_value=1.77868e-06 -0.000153761 4.48303e-05 0.0208723 -0.000156223
internal_weight=932.105 924.837 920.178 8.79783 911.38
internal_count=4565 4529 4507 49 4458
is_linear=0
shrinkage=0.04


Tree=214
num_leaves=15
num_cat=0
split_feature=0 22 31 7 1 37 22 39 33 35 28 22 20 31
split_gain=1.79021 10.5512 8.79216 7.81317 6.94781 10.429 7.46524 10.3567 9.28335 6.77852 5.67974 5.49859 3.90065 3.87409
threshold=41.183931154762085 0.17584749779529543 0.87861336141186641 -3.5739131081556435e-05 -1.2567359218237468 1.0000000180025095e-35 0.11248123204800792 0.13772959988190431 1.0000000180025095e-35 1.0816830852612287 0.89661507667428586 0.25454857178028073 0.0026066323821695007 0.91561612512146484
decision_type=2 2 2 2 2 2 2 2 2 2 2 2 2 2
left_child=1 2 9 11 5 -2 8 -8 -6 -1 -4 -3 -7 -5
right_child=4 3 10 13 6 12 7 -9 -10 -11 -12 -13 -14 -15
leaf_value=-0.013137225669915216 0.00018667463283572719 -0.030307385772343171 0.028443132783616824 0.056318297240435654 0.0056260938300621852 -0.068324605448643688 0.0077953667567497364 -0.010608924336669738 -0.0093462574047377713 0.011393497714134487 0.0089884444862967788 -0.0056830799038886694 -0.018412901853352696 0.0021900065494137974
leaf_weight=39.0163449421525 15.151037987321617 17.277075298130512 38.867319241166115 4.3946986719965917 96.088824201375246 7.190572537481783 244.58193024992943 61.154289245605469 213.43563234806061 33.496912080794573 62.813920371234417 90.566304720938206 3.8448200151324272 4.0795750468969345
leaf_count=191 85 84 182 21 455 36 1194 291 1078 166 307 431 22 22
internal_value=1.77253e-06 0.0026068 0.00883603 -0.00672196 -0.00117805 -0.0213568 -0.000319206 0.00411408 -0.00469824 -0.00180546 0.0164249 -0.00962802 -0.050935 0.0302606
internal_weight=931.959 290.512 174.194 116.318 641.447 26.1864 615.261 305.736 309.524 72.5133 101.681 107.843 11.0354 8.47427
internal_count=4565 1404 846 558 3161 143 3018 1485 1533 357 489 515 58 43
is_linear=0
shrinkage=0.04


Tree=215
num_leaves=12
num_cat=0
split_feature=24 34 22 35 34 29 28 29 35 0 29
split_gain=1.75642 4.83014 8.86237 10.4434 8.32472 7.99189 5.51687 5.47708 4.67142 3.78319 3.97509
threshold=0.074999999999874958 0.099831008762687037 0.49286533709414998 0.99284966494258298 0.23709228140015737 0.033399076288087491 0.64784447967772951 0.058094417843621841 1.6772319859659641 77.954976071274203 0.0086162688275127023
decision_type=2 2 2 2 2 2 2 2 2 2 2
left_child=8 2 6 -4 7 -6 -2 -3 9 10 -1
right_child=1 4 3 -5 5 -7 -8 -9 -10 -11 -12
leaf_value=-0.016787719112520673 -0.040659401681891215 -0.015664947739978358 0.0027442207175947266 -0.043703128530286864 -0.0051675539806599041 0.022956297522194517 0.010704899782722687 0.0017182170191253666 0.042817522734846625 0.038330728000503793 0.0014246372439579436
leaf_weight=19.878215163946152 3.4553571417927733 111.66872895509005 20.804681941866875 12.338922463357447 41.879116334021091 26.331379070878029 105.44953505694866 39.174769427627325 4.3206711411476126 4.3259322345256797 541.98946545645595
leaf_count=109 19 542 96 56 211 132 516 193 21 21 2649
internal_value=1.61704e-06 -0.00218148 0.00356341 -0.0145475 -0.00590683 0.00568913 0.0090752 -0.0111505 0.00138339 0.0010672 0.000780306
internal_weight=931.617 361.102 142.048 33.1436 219.054 68.2105 108.905 150.843 570.514 566.194 561.868
internal_count=4565 1765 687 152 1078 343 535 735 2800 2779 2758
is_linear=0
shrinkage=0.04


Tree=216
num_leaves=7
num_cat=0
split_feature=36 36 5 20 3 1
split_gain=1.8052 1.91157 4.25767 2.32225 4.41236 4.27566
threshold=0.17909814815073424 0.26051457015976548 1.0000000180025095e-35 0.0025833973559620002 0.00052426261449360016 -0.32246794940192547
decision_type=2 2 2 2 2 2
left_child=-1 2 -2 5 -5 -3
right_child=1 3 -4 4 -6 -7
leaf_value=0.027053722523869381 0.0088994514848256441 -0.010272369338973748 -0.041487580933739727 -0.032141425644389682 6.9725121645980629e-05 0.033398591734054926
leaf_weight=3.9301239401102057 5.2421609088778478 6.0201652497053137 5.4967149496078491 6.8563594296574584 894.83393717557192 8.8753347992897016
leaf_count=18 28 27 26 36 4369 61
internal_value=1.64616e-06 -0.000113004 -0.0168913 8.35727e-05 -0.000175205 0.0157485
internal_weight=931.255 927.325 10.7389 916.586 901.69 14.8955
internal_count=4565 4547 54 4493 4405 88
is_linear=0
shrinkage=0.04


Tree=217
num_leaves=9
num_cat=0
split_feature=40 36 35 23 31 31 35 35
split_gain=1.73761 1.80075 7.34578 7.13987 3.90052 2.56328 5.03253 3.68895
threshold=0.2555297309609284 0.83996141918332545 1.076841618791557 0.11524106703089181 0.83542206158406562 1.120823071301208 1.136728365373427 1.1272388972437535
decision_type=2 2 2 2 2 2 2 2
left_child=-1 5 3 -3 -4 7 -7 -2
right_child=1 2 4 -5 -6 6 -8 -9
leaf_value=0.030961608215360134 0.00044147885783192965 0.026990098484536932 -0.0052214568092528359 -0.012145386171800386 0.038728416121670522 0.0004627516230826867 0.026043055149647557 -0.0057297167920590773
leaf_weight=2.8914864696562281 597.00071476399899 9.842975512146948 4.2496986687183407 30.7934215888381 13.477452754974363 46.82181204855442 16.692349076271057 209.32451777905226
leaf_count=36 2915 48 22 155 64 229 80 1016
internal_value=1.65435e-06 -9.47904e-05 0.00670685 -0.00266596 0.0281924 -0.00055116 0.00718559 -0.00116058
internal_weight=931.094 928.203 58.3635 40.6364 17.7272 869.839 63.5142 806.325
internal_count=4565 4529 289 203 86 4240 309 3931
is_linear=0
shrinkage=0.04


Tree=218
num_leaves=15
num_cat=0
split_feature=40 28 25 15 22 28 13 3 28 23 23 9 33 0
split_gain=1.72404 6.24202 13.231 8.46011 6.77768 6.40871 9.76392 9.39467 5.56013 11.8187 10.0637 10.776 7.59065 7.40424
threshold=0.49912859723228747 0.9502791319860503 0.75000000000000011 0.0012220803028714002 0.84468661689644431 0.91380298397516868 -0.00018466639701469995 0.00083508563807830011 0.94922026239624413 0.075842475604741708 2.5687596642677648 0.0002978849098145233 0.2105263157894737 27.460019152424874
decision_type=2 2 2 2 2 2 2 2 2 2 2 2 2 2
left_child=1 5 3 -3 -4 7 -7 -1 9 13 11 -10 -11 -2
right_child=8 2 4 -5 -6 6 -8 -9 10 12 -12 -13 -14 -15
leaf_value=-0.016406334991049664 0.012997822661546104 -0.03329410352775157 0.024077808131221304 0.0094693839479278157 -0.022575888948673049 -0.0055539479741690701 0.017628255451950292 0.0031483986991657827 -0.01017945836528625 0.00019558910250447618 -0.02563440178965478 0.018061137550986265 -0.030200851454829515 -0.030308515009792925
leaf_weight=46.674981854856014 7.5404648631811133 32.519946873188019 20.006331771612171 9.5833127051591855 6.6345182955265036 41.894727356731892 94.9559066593647 249.1039302945137 30.521498404443264 249.94162015616894 14.593192368745802 74.114533931016922 13.874460831284521 38.925606660544872
leaf_count=226 33 139 110 46 31 198 472 1244 152 1194 75 368 71 206
internal_value=1.72238e-06 0.001595 -0.00960149 -0.0235605 0.0124594 0.00337411 0.0105314 6.2591e-05 -0.00185813 -0.0046793 0.00548366 0.00982358 -0.001403 -0.0232808
internal_weight=930.885 501.374 68.7441 42.1033 26.6409 432.63 136.851 295.779 429.511 310.282 119.229 104.636 263.816 46.4661
internal_count=4565 2466 326 185 141 2140 670 1470 2099 1504 595 520 1265 239
is_linear=0
shrinkage=0.04


Tree=219
num_leaves=14
num_cat=0
split_feature=32 8 22 9 22 30 32 40 26 24 3 20 38
split_gain=1.77368 4.4815 5.16163 3.96908 7.03691 5.8836 3.29902 3.16628 3.03757 2.99138 2.64594 3.42667 0.24702
threshold=0.0001738218932144925 -1.0618860082344223e-05 -0.15306297414908226 0.00021888268676519885 -0.40415657519710574 0.16228258221243258 0.00016315348653265683 0.50399295568427271 0.020206826159327278 0.041666666666597151 0.00058498320042840008 0.0025840310123270505 0.9999999997496074
decision_type=2 2 2 2 2 2 2 2 2 2 2 2 2
left_child=1 2 -1 4 7 -6 -4 -2 -5 -10 12 -12 -3
right_child=3 10 6 8 5 -7 -8 -9 9 -11 11 -13 -14
leaf_value=-0.038198377191435019 0.038257993879349451 0.051760759350468304 -0.005855601886549394 0.031894486240565553 -0.020363703247927904 0.029073096768713197 0.030047280473408981 -0.0091570795983332044 0.0033293393103831655 -0.0016575615623567472 -0.016996611646771045 0.034519859520477543 0.035409477114942516
leaf_weight=5.0585612505674389 6.1608437746763212 3.8607600480318061 10.846704475581648 4.8598317354917517 46.362791776657104 4.2007902115583411 6.5785005390644065 3.5529011636972427 304.55851574987173 522.85607217997313 3.7907913699746114 4.5400220528244972 2.3954432234168053
leaf_count=24 29 25 53 23 219 20 31 20 1498 2552 23 26 22
internal_value=1.46762e-06 0.0085747 -0.00262753 -0.000354609 -0.0102662 -0.0162565 0.00769874 0.0209154 0.000363239 0.00017804 0.0258413 0.0110782 0.0455
internal_weight=929.623 37.0708 22.4838 892.552 60.2773 50.5636 17.4252 9.71374 832.274 827.415 14.587 8.33081 6.2562
internal_count=4565 204 108 4361 288 239 84 49 4073 4050 96 49 47
is_linear=0
shrinkage=0.04


Tree=220
num_leaves=6
num_cat=0
split_feature=27 27 0 22 1
split_gain=1.71848 4.09605 2.21746 8.63659 6.07956
threshold=0.62603847040849259 0.50312918078915969 41.183931154762085 0.17584749779529543 -1.2567359218237468
decision_type=2 2 2 2 2
left_child=1 2 3 -1 -4
right_child=-2 -3 4 -5 -6
leaf_value=0.0085884073811627014 0.019443083969445382 -0.037764339560467805 -0.020333896809657307 -0.0056781714813779029 -0.00047334220849338084
leaf_weight=172.46014735102654 7.2180685624480239 4.6090880297124377 25.704739067703485 111.97320537269115 607.28810878843069
leaf_count=840 36 22 142 540 2985
internal_value=1.61924e-06 -0.000150576 3.83926e-05 0.00297207 -0.00127984
internal_weight=929.253 922.035 917.426 284.433 632.993
internal_count=4565 4529 4507 1380 3127
is_linear=0
shrinkage=0.04


Tree=221
num_leaves=8
num_cat=0
split_feature=40 8 9 15 29 22 1
split_gain=1.73839 1.95337 6.08972 5.97816 5.83035 3.79228 2.97376
threshold=0.65956914723275706 -0.0015366749939814998 0.00035262873311838724 -0.0014916088755377499 0.012243400090274427 -0.017968655626588996 -2.1816378810167403
decision_type=2 2 2 2 2 2 2
left_child=1 2 -1 5 -4 -3 -5
right_child=-2 3 4 6 -6 -7 -8
leaf_value=-0.048262520989637424 -0.021818505956934943 0.039742901573961258 0.033207675691438163 0.017927712253492784 -0.0084066489117396344 0.0059362398564900875 -0.00025264806063849716
leaf_weight=5.2491604760289183 5.805454619228839 9.8269233107566851 6.2262175008654586 14.647558465600012 39.95440585911274 11.54777669534087 835.83543133363128
leaf_count=27 32 50 36 73 207 60 4080
internal_value=1.50396e-06 0.000138704 -0.00743659 0.000585561 -0.00279607 0.0214787 6.04657e-05
internal_weight=929.093 923.287 51.4298 871.858 46.1806 21.3747 850.483
internal_count=4565 4533 270 4263 243 110 4153
is_linear=0
shrinkage=0.04


Tree=222
num_leaves=12
num_cat=0
split_feature=22 1 15 15 36 2 14 0 23 22 0
split_gain=1.71032 6.13275 7.85661 6.69421 6.0573 6.00066 5.91808 5.54648 3.76191 7.86013 7.40426
threshold=-0.45595829177800212 0.78945441376936298 0.00056177386344870013 0.0014780800228164502 0.64050054706191262 -0.17524669256627598 0.00070083458019880014 46.441076640334451 1.4812356102619055 0.46664005148662602 62.967975476187611
decision_type=2 2 2 2 2 2 2 2 2 2 2
left_child=1 2 7 4 -3 -2 -4 -1 9 -7 -10
right_child=5 3 6 -5 -6 8 -8 -9 10 -11 -12
leaf_value=0.0027967038959350694 -0.04220744465285891 -0.043014517464487992 0.038730449116796788 0.022732892569552784 -0.0084144708534915191 0.0018166522753227052 -0.006700507349269259 -0.013754547620383152 0.010531049187806046 -0.010648234691689185 -0.010894576291767171
leaf_weight=88.632111400365829 5.131503462791442 15.271663434803484 13.50129219889641 5.5850454270839682 17.228312112390995 459.68392515927553 6.9489705562591544 51.055531680583954 135.69484855234623 98.240017138421535 31.867464043200016
leaf_count=437 23 75 70 35 89 2294 33 251 646 456 156
internal_value=1.41836e-06 -0.00329389 0.000137266 -0.017721 -0.024673 0.000895464 0.0232931 -0.00325274 0.00120034 -0.000378182 0.00645626
internal_weight=928.841 198.223 160.138 38.085 32.5 730.618 20.4503 139.688 725.486 557.924 167.562
internal_count=4565 990 791 199 164 3575 103 688 3552 2750 802
is_linear=0
shrinkage=0.04


Tree=223
num_leaves=13
num_cat=0
split_feature=0 23 31 22 31 23 7 22 14 31 33 31
split_gain=1.73792 5.49437 6.9142 6.31202 6.1414 6.00318 3.94235 3.94324 4.90289 2.86594 8.88799 6.87041
threshold=67.484932343607355 -0.30334258529992758 1.00645180628348 0.14955818952074193 1.0660422933312954 1.8824854339781643 0.00069546842620350009 0.454058928007326 0.00090124545163260009 0.78780601940440975 -0.2105263157894737 0.8740949357261586
decision_type=2 2 2 2 2 2 2 2 2 2 2 2
left_child=6 2 -2 4 -3 -5 9 8 -8 10 -1 -11
right_child=1 3 -4 5 -6 -7 7 -9 -10 11 -12 -13
leaf_value=-0.020438189726433877 -0.050695648624541748 -0.0073867783551041944 0.013403296810520809 0.024849060442455963 0.026813845248710527 -0.006573762084916366 -0.043940645020954829 0.019623596421680323 -0.0052202405670293481 -0.0073712113675040618 0.010839677938474299 0.0014843116226696607
leaf_weight=17.292247429490089 6.158838175237177 50.966482162475586 4.7840005457401276 39.735457502305508 10.058745868504046 12.881182774901388 9.8018718101084286 4.0971109345555297 11.223418865352867 199.62983100861311 91.202547460794449 470.67436673119664
leaf_count=83 30 254 22 194 58 65 53 20 58 975 457 2296
internal_value=1.34612e-06 0.00439734 -0.0226728 0.00700399 -0.00174951 0.0171564 -0.000679907 -0.0162759 -0.0232715 -0.000176814 0.00585451 -0.00115304
internal_weight=928.506 124.585 10.9428 113.642 61.0252 52.6166 803.921 25.1224 21.0253 778.799 108.495 670.304
internal_count=4565 623 52 571 312 259 3942 131 111 3811 540 3271
is_linear=0
shrinkage=0.04


Tree=224
num_leaves=15
num_cat=0
split_feature=15 35 15 15 22 6 20 13 28 0 6 2 3 22
split_gain=1.68311 4.92197 4.99337 5.36325 5.26573 4.34154 4.61905 4.26536 6.1782 6.8611 5.25224 10.2199 5.78022 4.91394
threshold=0.00065184140782380013 0.79716407408940138 0.00078972033026770006 0.00072146621736800004 0.57628161439596726 8.6779617606585886e-05 0.0025907442095049003 0.00041099476750735008 0.90737356169612604 44.670695918968612 0.00012692719193375005 0.67874688129813665 0.0015166926807881501 -0.75568337977452449
decision_type=2 2 2 2 2 2 2 2 2 2 2 2 2 2
left_child=7 5 3 -3 -4 -2 -7 10 9 -9 11 -1 -12 -10
right_child=1 2 4 -5 -6 6 -8 8 13 -11 12 -13 -14 -15
leaf_value=0.00035349301399920682 -0.025490110158168322 -0.0011197584183862226 -0.005734194987436542 0.032230329767607521 0.01817626024232195 0.0011652304081017498 0.041259075696329604 0.0056013925834323963 0.042523609646116081 -0.029853235933786068 0.00089374849214274592 -0.020590945985488274 0.02288944990479545 -0.0028907483633533143
leaf_weight=544.77448816597462 2.8510550856590298 15.594215765595438 110.61800513416529 15.270472571253775 17.001815788447857 7.0702665932476547 13.145047210156916 12.156898424029349 4.274280071258544 31.008475836366415 46.652004614472389 40.013743080198765 32.385597206652164 35.254090331494808
leaf_count=2673 14 75 552 74 83 33 71 58 21 149 225 196 163 178
internal_value=1.32345e-06 0.00345552 0.000942899 0.0153804 -0.00254879 0.0207192 0.0272363 -0.000838724 -0.00940531 -0.019868 0.000228429 -0.00107962 0.00990647 0.00202
internal_weight=928.07 181.551 158.485 30.8647 127.62 23.0664 20.2153 746.52 82.6937 43.1654 663.826 584.788 79.0376 39.5284
internal_count=4565 902 784 149 635 118 104 3663 406 207 3257 2869 388 199
is_linear=0
shrinkage=0.04


Tree=225
num_leaves=10
num_cat=0
split_feature=26 7 27 3 33 34 34 30 36
split_gain=1.72834 7.18855 6.84205 7.67727 5.04518 4.318 6.88408 6.58777 2.05466
threshold=0.020210648966589532 0.0010116754869316004 0.18106056703601567 0.0013230306018033502 -0.42105263157894735 0.23709228140015737 0.14461440298649478 0.067384596251243614 0.60225631188336215
decision_type=2 2 2 2 2 2 2 2 2
left_child=1 2 3 -1 -2 6 -6 -7 -4
right_child=4 -3 8 -5 5 7 -8 -9 -10
leaf_value=-0.0028332693446675894 -0.036836242606398166 -0.041964298109353017 0.014440662297945179 0.0075710959721411921 0.00042321928792049096 0.0012199346704840576 -0.011715107847111047 0.032460359482870474 0.05173743588827466
leaf_weight=271.1765735372901 6.4777968376874915 5.9682033807039252 4.1677158474922162 195.12290752306581 278.82333520054817 44.326343681663275 102.14202475175261 14.279088258743284 5.4585190564393997
leaf_count=1315 33 28 21 927 1387 235 517 71 31
internal_value=1.59637e-06 0.00166244 0.00220953 0.00152043 -0.00179272 -0.00127629 -0.00283123 0.0088316 0.0355897
internal_weight=927.943 481.894 475.926 466.299 446.049 439.571 380.965 58.6054 9.62623
internal_count=4565 2322 2294 2242 2243 2210 1904 306 52
is_linear=0
shrinkage=0.04


Tree=226
num_leaves=11
num_cat=0
split_feature=31 31 23 36 22 36 28 40 29 3
split_gain=1.69775 3.62151 6.84919 5.32464 3.59521 3.44168 3.37554 8.86117 3.58602 1.56651
threshold=1.3044445419139556 1.120823071301208 1.2152307609757862 0.65312959436068507 1.163528556554889 0.56019070726495956 0.72427257703584902 0.51016399487340636 0.14284699756287697 0.0015890762228790002
decision_type=2 2 2 2 2 2 2 2 2 2
left_child=1 6 3 -3 -4 -2 7 -1 -8 -7
right_child=5 2 4 -5 -6 9 8 -9 -10 -11
leaf_value=-0.0037758156317816822 0.0059800521533903417 0.011679023096471041 0.034419616700399447 -0.024813913204658679 -0.0034173993626161639 -0.047297123429735091 9.7453840491359687e-05 -0.050729979511988821 0.033012148410182192 -0.014304870296486413
leaf_weight=52.326526187360287 8.6613747626543063 15.555785968899729 18.645912021398548 10.865711644291876 5.1216804906725875 4.1626476496458036 794.42249846085906 7.3318247869610778 5.331605836749076 5.1533149778842926
leaf_count=268 39 74 98 53 25 20 3893 39 30 26
internal_value=1.55592e-06 0.000242135 0.0106863 -0.00332852 0.0262661 -0.0121711 -0.000367799 -0.00954634 0.000316882 -0.0290468
internal_weight=927.579 909.602 50.1891 26.4215 23.7676 17.9773 859.412 59.6584 799.754 9.31596
internal_count=4565 4480 250 127 123 85 4230 307 3923 46
is_linear=0
shrinkage=0.04


Tree=227
num_leaves=15
num_cat=0
split_feature=14 35 23 40 40 33 34 35 29 1 23 1 14 26
split_gain=1.67277 7.18181 7.67878 6.85966 6.57735 6.50062 5.98369 5.24114 6.84624 6.52667 5.26803 6.53334 6.13938 5.13702
threshold=0.00014934142196000003 1.1551214705065418 0.34048954886312743 0.49912859723228747 0.56285490915839576 1.0000000180025095e-35 0.11660790344927076 1.231659440090451 0.081094171835330561 0.49841354810314448 0.22369098414554497 -0.23402036804964146 -0.00018277015489249996 0.020208750319454637
decision_type=2 2 2 2 2 2 2 2 2 2 2 2 2 2
left_child=7 4 6 -4 5 -2 -3 10 13 -10 11 -1 -12 -9
right_child=1 2 3 -5 -6 -7 -8 8 9 -11 12 -13 -14 -15
leaf_value=-0.0050212007732836931 0.014751147808112748 -0.0031928084185541424 0.012487179764316559 -0.015038912641895755 -0.027360709176916284 0.0015951848723138949 -0.040678341379002461 0.040838185542691301 -0.026239146654749097 0.031472275174522328 -0.0010471355560818392 0.011670965835387593 -0.011809009334269108 0.0095157314425225199
leaf_weight=74.078182723373175 98.320881683379412 11.701230213046076 33.05434500426054 25.785570338368416 9.4028261452913267 154.56266236305237 16.310741111636162 10.030546024441717 14.043962024152281 4.0365368723869315 203.6612342223525 76.01550654321909 145.34128059819341 50.837721697986126
leaf_count=387 466 56 168 130 53 770 81 46 69 20 974 381 720 244
internal_value=1.39038e-06 0.00218753 -0.00778204 0.000424348 0.00548879 0.00671021 -0.0250198 -0.00131903 0.00825757 -0.0133549 -0.00283389 0.00343261 -0.00552889 0.0146774
internal_weight=927.183 349.138 86.8519 58.8399 262.286 252.884 28.012 578.045 78.9488 18.0805 499.096 150.094 349.003 60.8683
internal_count=4565 1724 435 298 1289 1236 137 2841 379 89 2462 768 1694 290
is_linear=0
shrinkage=0.04


Tree=228
num_leaves=8
num_cat=0
split_feature=36 20 1 8 34 3 19
split_gain=1.73247 1.79036 2.84487 3.7268 2.81306 2.0601 0.413612
threshold=0.17909814815073424 0.0026394521373400504 -3.8265029169542677 -0.0020876884250603995 0.22820584232021454 0.0051742488332322005 -0.21474048356618766
decision_type=2 2 2 2 2 2 2
left_child=-1 2 5 -4 6 -2 -3
right_child=1 4 3 -5 -6 -7 -8
leaf_value=0.026605831706721698 -0.042731957301080488 0.027403938086167971 0.024527245803916662 -0.0003670685569555809 -0.0031095626647211477 -0.00067412703631735391 0.050249847080362925
leaf_weight=3.8998162001371375 4.3383500948548308 2.8611404597759247 9.7264297008514387 894.29969133064151 5.8042216747999191 3.266478955745697 2.2769953086972219
leaf_count=18 26 21 51 4384 27 19 19
internal_value=1.33783e-06 -0.000111122 -0.000304175 -9.92303e-05 0.0159725 -0.024667 0.0375282
internal_weight=926.473 922.573 911.631 904.026 10.9424 7.60483 5.13814
internal_count=4565 4547 4480 4435 67 45 40
is_linear=0
shrinkage=0.04


Tree=229
num_leaves=13
num_cat=0
split_feature=0 23 31 22 31 23 0 3 23 30 13 26
split_gain=1.65522 4.95685 6.49036 5.74542 6.10633 5.7471 3.72794 10.8413 9.19825 3.76397 6.43623 4.02539
threshold=67.484932343607355 -0.30334258529992758 1.00645180628348 0.25031574660636563 1.0660422933312954 1.8824854339781643 58.250589084971828 0.0035794846304678008 -0.426847185339082 0.011002128322406934 -7.8026280194004285e-05 0.020210648966589532
decision_type=2 2 2 2 2 2 2 2 2 2 2 2
left_child=6 2 -2 4 -3 -5 9 8 -8 10 -1 -11
right_child=1 3 -4 5 -6 -7 7 -9 -10 11 -12 -13
leaf_value=0.0076405224575601116 -0.048918175717787359 -0.0052320803028289009 0.013395093327600584 0.027696683633711871 0.027870423175966465 -0.0044377226356021966 0.051242284961147293 -0.053961690698860476 -0.006058520553743698 0.0042083948285283048 -0.032789424282984155 -0.0021407636256653728
leaf_weight=11.494538359344007 6.0816899910569173 59.610730543732643 4.7735739201307297 30.420176550745964 10.48435542732477 12.590482093393801 4.6496193259954444 7.3429878279566756 124.5790462307632 333.98920569941401 13.941034898161886 306.28967865556479
leaf_count=59 30 300 22 146 61 64 21 39 606 1610 74 1533
internal_value=1.33906e-06 0.00430311 -0.0215161 0.00678109 -0.000280829 0.01829 -0.000663326 -0.00668329 -0.00399685 0.000571672 -0.0145188 0.00117115
internal_weight=926.247 123.961 10.8553 113.106 70.0951 43.0107 802.286 136.572 129.229 665.714 25.4356 640.279
internal_count=4565 623 52 571 361 210 3942 666 627 3276 133 3143
is_linear=0
shrinkage=0.04


Tree=230
num_leaves=15
num_cat=0
split_feature=24 31 1 40 31 29 14 34 3 26 28 20 29 31
split_gain=1.67233 6.45408 6.82263 12.4577 10.6945 4.85337 6.88777 5.39935 4.80816 9.93397 9.637 8.81348 7.42845 6.90175
threshold=0.074999999999874958 0.822323659945012 1.2073851672612366 0.50472021983321069 0.80004983641836025 0.059031402325066741 0.00020734577285065001 0.098697970935159307 0.0013627246290281003 0.020209443141428161 0.91295778147904783 0.0025981188314554505 0.029869829529913103 0.85737473620759996
decision_type=2 2 2 2 2 2 2 2 2 2 2 2 2 2
left_child=8 2 4 -4 -2 7 -7 -3 10 -10 11 -1 -11 -12
right_child=1 5 3 -5 -6 6 -8 -9 9 12 13 -13 -14 -15
leaf_value=-0.0068908388680084618 -0.0095421443735095555 0.0069629939004301703 -0.015055410618980556 0.055726633873778603 -0.049678595990522267 0.0010469390916707283 0.0290507613429993 -0.006489145225884777 0.020420420403671657 -0.0067841166099913757 0.03514522444139092 -0.060261423274074161 0.0068674130596349551 0.0032639776673713443
leaf_weight=156.70758561789989 46.225293379276991 70.537651896476746 11.419771354645492 6.1054148972034445 13.790907815098761 41.784547545015812 21.174013983458281 147.70701983571053 52.953745491802692 105.70953895151615 12.760737352073191 5.1121640205383292 160.76996569335461 73.111307337880135
leaf_count=762 231 341 56 30 67 203 105 732 255 538 63 24 798 360
internal_value=1.18469e-06 -0.00213625 -0.0123534 0.0096036 -0.018765 0.000681102 0.0104651 -0.00214135 0.00135326 0.00459647 -0.00282932 -0.00857691 0.001452 0.00800159
internal_weight=925.87 358.745 77.5414 17.5252 60.0162 281.203 62.9586 218.245 567.125 319.433 247.692 161.82 266.48 85.872
internal_count=4565 1765 384 86 298 1381 308 1073 2800 1591 1209 786 1336 423
is_linear=0
shrinkage=0.04


Tree=231
num_leaves=6
num_cat=0
split_feature=3 3 9 3 31
split_gain=1.64249 2.04019 4.22271 3.49976 2.12765
threshold=0.00040177023238160004 0.00052426261449360016 0.00016629844293560668 0.00055096385234605009 1.3044445419139556
decision_type=2 2 2 2 2
left_child=-1 2 -2 -3 -5
right_child=1 3 -4 4 -6
leaf_value=0.024465926911213569 0.0020698013272931765 0.039480884028431577 -0.050885034447682512 0.00019958746748377113 -0.013932339344350187
leaf_weight=4.37003369629383 6.4065824747085554 3.5936665758490554 3.8616037294268608 889.89781176671386 17.378691844642162
leaf_count=36 33 18 21 4374 83
internal_value=1.13148e-06 -0.000114934 -0.0178452 8.49383e-05 -7.11066e-05
internal_weight=925.508 921.138 10.2682 910.87 907.277
internal_count=4565 4529 54 4475 4457
is_linear=0
shrinkage=0.04


Tree=232
num_leaves=15
num_cat=0
split_feature=25 30 8 31 23 32 40 31 40 10 35 10 40 14
split_gain=1.61042 7.44909 6.30772 6.55658 3.70565 3.28876 7.36231 11.8706 10.67 4.06017 8.42747 6.28706 3.23215 2.62778
threshold=0.90000000000000013 0.032030176253574287 0.00075394546261220018 0.99697227554961021 -0.32522563056178655 0.0005044105822783288 0.48923952387957242 1.0471908233810281 0.50056964088701927 -0.00027692633316274998 0.70428324488170446 -0.00025820928461354993 0.49358814863643735 -0.00030398977230184997
decision_type=2 2 2 2 2 2 2 2 2 2 2 2 2 2
left_child=5 4 3 -3 -2 9 7 -7 -8 10 -1 -11 -4 -6
right_child=1 2 12 -5 13 6 8 -9 -10 11 -12 -13 -14 -15
leaf_value=-0.040929049307021674 -0.029195859040915827 0.00061434704129465531 0.045029884190923693 -0.027284951371665134 0.0071306877938892097 -0.0403939709345289 0.013829187471512371 0.019807796683170502 -0.015144586319622809 -0.031307438602477582 0.012234684317294282 -0.00020056942087623542 0.001634031041807449 0.03331813959246295
leaf_weight=5.0954910367727271 2.1599779427051571 61.725960500538349 6.4514687284827215 17.242319382727146 8.9138874188065582 20.483323529362682 39.569470968097448 7.0421974882483473 41.839302930980921 10.577481262385843 74.856125235557556 604.98335192725062 4.781238742172718 19.637052565813061
leaf_count=24 13 343 49 86 52 98 182 39 241 50 347 2903 27 111
internal_value=1.09307e-06 0.00430526 -0.00148793 -0.00547732 0.0213204 -0.000645842 -0.0071083 -0.0249918 -0.00106162 0.000366338 0.00884644 -0.000735094 0.0265583 0.0251422
internal_weight=925.359 120.912 90.201 78.9683 30.7109 804.447 108.934 27.5255 81.4088 695.512 79.9516 615.561 11.2327 28.5509
internal_count=4565 681 505 429 176 3884 560 137 423 3324 371 2953 76 163
is_linear=0
shrinkage=0.04


Tree=233
num_leaves=11
num_cat=0
split_feature=32 8 28 28 3 38 0 15 1 23
split_gain=1.61309 5.91751 4.11731 8.42822 3.36337 3.23549 1.83105 9.01783 6.51928 1.1979
threshold=0.00016930137528147968 -1.0618860082344223e-05 0.85153645051343496 0.90154792459840005 0.00052426261449360016 0.99999999982724508 44.670695918968612 -2.000591324913135e-05 -1.2567359218237468 0.26401781919145667
decision_type=2 2 2 2 2 2 2 2 2 2
left_child=1 2 -1 -4 -2 9 7 -6 -8 -3
right_child=4 5 3 -5 6 -7 8 -9 -10 -11
leaf_value=-0.030485794515780484 -0.033802875902320111 0.02315458802213612 0.045051573106153757 -0.019048112229359093 -0.00032079452026018954 -0.0086558098794007922 -0.030281706271272121 0.019156151743253438 -0.00092066185830486633 0.051047756111021969
leaf_weight=6.7240396291017559 4.7747719287872306 4.0866520777344686 5.6527929678559286 7.8256581574678421 301.47408494353294 2.7814188450574866 12.38291274756193 43.526078037917614 529.15026953443885 6.2021451555192471
leaf_count=34 26 27 27 36 1468 19 69 214 2602 43
internal_value=1.41266e-06 0.00864884 -0.00491942 0.00783497 -0.000321398 0.0296212 -0.00014107 0.00213647 -0.00159204 0.0399687
internal_weight=924.581 33.2727 20.2025 13.4785 891.308 13.0702 886.533 345 541.533 10.2888
internal_count=4565 186 97 63 4379 89 4353 1682 2671 70
is_linear=0
shrinkage=0.04


Tree=234
num_leaves=14
num_cat=0
split_feature=6 13 29 23 29 21 31 31 28 0 21 6 40
split_gain=1.62216 5.06506 5.28953 5.53748 4.46744 3.26621 6.79845 4.50484 4.15925 3.54635 9.13115 5.30515 2.90986
threshold=-0.00044768918554014995 -0.00037392546871969993 0.050209206324189445 0.0071895968767896005 0.017593009633435328 -0.00087813731534619997 0.8740949357261586 0.89705227036496715 0.96272735770548956 41.183931154762085 -0.00033989241760969997 1.6441789825688282e-05 0.50361266506974867
decision_type=2 2 2 2 2 2 2 2 2 2 2 2 2
left_child=1 2 4 -4 -1 6 8 -8 -2 11 -11 -7 -3
right_child=5 12 3 -5 -6 9 7 -9 -10 10 -12 -13 -14
leaf_value=0.012955397812813968 -0.041890899330845464 0.045620180838765505 0.052164476430913639 0.0068785192180114011 -0.013793432282382712 0.0013606670993475626 0.039311816518928268 -0.0063162192421042209 0.0054353125334366719 -0.01942590256961187 -0.00011905172465465713 0.018227761227202325 0.0038466923281098215
leaf_weight=13.783807918429373 12.938276369124653 7.1386830285191518 5.2453477457165745 24.494771160185337 36.297077536582947 138.35769085586071 4.3531004637479809 16.913847222924232 3.8569199070334426 42.053664460778236 576.43956908583641 38.038475722074509 4.2602826729416847
leaf_count=74 72 36 31 114 176 659 21 83 19 219 2852 187 22
internal_value=1.5157e-06 0.00506554 0.00150364 0.0148657 -0.00643133 -0.000553066 -0.0119997 0.00302332 -0.0310227 -4.95855e-06 -0.0014318 0.00499793 0.0300076
internal_weight=924.172 91.22 79.821 29.7401 50.0809 832.952 38.0621 21.2669 16.7952 794.889 618.493 176.396 11.399
internal_count=4565 453 395 145 250 4112 195 104 91 3917 3071 846 58
is_linear=0
shrinkage=0.04


Tree=235
num_leaves=9
num_cat=0
split_feature=40 24 31 1 3 28 26 29
split_gain=1.60009 1.83474 5.41847 6.13172 4.95414 9.26897 8.83067 4.7191
threshold=0.65956914723275706 0.074999999999874958 0.822323659945012 1.2073851672612366 0.0013627246290281003 0.91295778147904783 0.020209443141428161 0.059031402325066741
decision_type=2 2 2 2 2 2 2 2
left_child=1 4 3 -3 5 -1 -6 -4
right_child=-2 2 7 -5 6 -7 -8 -9
leaf_value=-0.0083426675653774825 -0.021117711904153475 -0.017632757055293914 -0.0023142472732998708 0.0092168251444488675 0.01984438936399403 0.0079721742358080591 0.0018838278167168584 0.010158371056505331
leaf_weight=160.98914483189583 5.7045163735747328 59.525404423475266 216.57534754276276 17.642562471330166 52.548933662474155 85.205520000308752 263.07516654208302 62.55497470125556
leaf_count=783 32 295 1067 86 254 420 1321 307
internal_value=1.49052e-06 0.00013271 -0.00211267 -0.0114943 0.0015567 -0.00269626 0.00487412 0.00048095
internal_weight=923.822 918.117 356.298 77.168 561.819 246.195 315.624 279.13
internal_count=4565 4533 1755 381 2778 1203 1575 1374
is_linear=0
shrinkage=0.04


Tree=236
num_leaves=15
num_cat=0
split_feature=23 23 36 31 40 28 31 9 20 1 23 38 29 22
split_gain=1.66905 5.46452 7.1945 8.06311 7.9082 6.57937 8.65854 4.30509 7.09762 6.106 5.74573 9.93662 7.94589 2.01761
threshold=1.2617674059275015 0.70153071063902506 0.63895129136215911 0.88310282307825994 0.44135695872939762 0.97577088313964155 0.92801402869362593 0.0002787738764400694 0.0025892121663339505 -0.32246794940192547 1.7299683099394112 0.99047115500789251 0.03712956156362214 -0.30055546224525592
decision_type=2 2 2 2 2 2 2 2 2 2 2 2 2 2
left_child=1 2 4 -4 -1 6 -3 8 9 -2 11 -9 -12 -10
right_child=7 5 3 -5 -6 -7 -8 10 13 -11 12 -13 -14 -15
leaf_value=0.015914804426702713 -0.013762045337531021 -0.013000796236937052 0.019947821635770635 0.0011596278293062989 -0.0055210178792867758 -0.040492332860860021 0.0072740807958853876 0.025765962517927978 -0.055838764829006425 0.0062323786989452942 -0.0079159474753389501 -0.0070604228638335301 0.009846318823882913 -0.0169230173709095
leaf_weight=31.198428995907307 39.140562370419502 93.075138870626688 56.111598879098892 104.81809505820274 234.6425484791398 9.2246867939829809 52.830826051533222 45.717816472053528 4.9070705100893974 65.055112529546022 77.883449859917164 21.784358941018581 83.497286889702082 3.7687026709318143
leaf_count=201 186 448 274 517 1132 48 259 224 25 331 381 105 414 20
internal_value=1.52516e-06 -0.00130156 0.00103546 0.00771054 -0.00300536 -0.0077308 -0.0056595 0.00222027 -0.00417279 -0.00127842 0.00537295 0.0151722 0.00127413 -0.038934
internal_weight=923.656 581.901 426.771 160.93 265.841 155.131 145.906 341.754 112.871 104.196 228.883 67.5022 161.381 8.67577
internal_count=4565 2879 2124 791 1333 755 707 1686 562 517 1124 329 795 45
is_linear=0
shrinkage=0.04


Tree=237
num_leaves=15
num_cat=0
split_feature=31 33 1 21 1 31 40 3 8 28 15 15 22 21
split_gain=1.64345 7.17061 7.62153 9.01393 6.6746 5.53418 11.823 7.56289 6.13012 5.28188 3.46917 3.20283 8.15466 5.37029
threshold=0.79383685759925171 -0.2105263157894737 0.24172197259167658 -0.00066975007406474987 -0.67710218118327237 0.82121783618316002 0.50430274826787458 0.0011238451941086001 2.4977351923860101e-05 0.96232510361512336 -0.00055281915607759992 0.00065184140782380013 0.5137658288285637 0.00024053931302505004
decision_type=2 2 2 2 2 2 2 2 2 2 2 2 2 2
left_child=1 4 3 -3 10 6 7 -2 -8 -4 -1 13 -13 -7
right_child=5 2 9 -5 -6 11 8 -9 -10 -11 -12 12 -14 -15
leaf_value=-0.016417155406694056 0.017954107801237743 -0.010389250875204094 -0.0085287600551706977 0.023837658506241116 -0.053733001801396646 0.00082405649709433248 -0.0009548814831897176 -0.028289933809287564 0.049582807604220402 0.036319990112422179 0.025931852312327603 0.0018764122679011308 0.030084301810428097 -0.0091130940429628177
leaf_weight=10.005341753363609 6.5510454401373854 15.88231163099408 44.859399110078812 54.752471406012774 5.9179822951555243 473.82289582490921 10.789569996297361 41.528303563594818 5.9623782932758322 4.6357128769159308 4.4811667054891595 117.886444889009 19.047184072434902 106.58966400101781
leaf_count=53 34 83 224 273 26 2330 59 203 28 23 20 590 92 527
internal_value=1.4393e-06 0.00398404 0.00770782 0.0161417 -0.0179394 -0.000714117 -0.0119061 -0.021989 0.0170326 -0.00432823 -0.00331718 0.000297374 0.00580007 -0.00100085
internal_weight=922.712 140.534 120.13 70.6348 20.4045 782.177 64.8313 48.0793 16.7519 49.4951 14.4865 717.346 136.934 580.413
internal_count=4565 702 603 356 99 3863 324 237 87 247 73 3539 682 2857
is_linear=0
shrinkage=0.04


Tree=238
num_leaves=6
num_cat=0
split_feature=27 27 13 15 0
split_gain=1.61106 3.78571 2.1669 3.11647 2.15099
threshold=0.62603847040849259 0.50312918078915969 0.0014736541258501502 0.0020998477425644003 40.326955008005974
decision_type=2 2 2 2 2
left_child=1 2 4 -4 -1
right_child=-2 -3 3 -5 -6
leaf_value=0.0028900271535560245 0.018949369644151674 -0.036576921349596961 0.041743806240624882 -0.0067549214858686236 -0.0014071246932901504
leaf_weight=263.06530931591988 7.1243821308016768 4.5411393269896498 4.7390453591942769 3.8358193933963776 639.35347059369087
leaf_count=1286 36 22 29 20 3172
internal_value=1.55271e-06 -0.000145893 3.57093e-05 0.0200487 -0.000154456
internal_weight=922.659 915.535 910.994 8.57486 902.419
internal_count=4565 4529 4507 49 4458
is_linear=0
shrinkage=0.04


Tree=239
num_leaves=12
num_cat=0
split_feature=10 34 8 29 35 34 38 10 23 28 0
split_gain=1.61207 4.08532 4.26796 3.95384 6.0389 4.75381 3.61721 3.21195 6.93766 3.28792 2.45849
threshold=0.00032446288731320005 0.017399233075731543 0.00047886872196700004 0.019955037476433821 0.95166093577409183 0.13772651930151672 0.42862533655790575 0.00018597689426145004 -0.426847185339082 0.71791149284798694 53.918641912314236
decision_type=2 2 2 2 2 2 2 2 2 2 2
left_child=6 2 -2 5 -5 -3 10 9 -9 -8 -1
right_child=1 3 -4 4 -6 -7 7 8 -10 -11 -12
leaf_value=0.0017396492169651223 -0.051791097830460812 0.0037927204789966057 0.0010900320637503606 0.017335866814496011 -0.0061034879747391144 -0.031255067180556081 -0.010740333594278902 -0.039750054921563603 0.0099340217818527123 0.0001704627841648829 0.046778281272876268
leaf_weight=3.3883060440421096 5.6582344174385053 11.042630083858969 4.2960260435938835 27.677185975015163 48.239146463572979 14.097030594944952 47.340309523046017 4.7404868677258483 87.457044288516045 664.15438587591052 4.5341174453496933
leaf_count=21 26 55 22 138 231 73 245 23 436 3271 24
internal_value=1.53552e-06 -0.00451944 -0.0289688 -0.00211112 0.00244191 -0.0158603 0.000619902 0.000354773 0.00737943 -0.000555503 0.0275159
internal_weight=922.625 111.01 9.95426 101.056 75.9163 25.1397 811.615 803.692 92.1975 711.495 7.92242
internal_count=4565 545 48 497 369 128 4020 3975 459 3516 45
is_linear=0
shrinkage=0.04


Tree=240
num_leaves=15
num_cat=0
split_feature=40 28 25 15 22 2 28 28 23 32 23 18 32 31
split_gain=1.58328 5.41396 11.3387 7.80673 6.48452 6.39425 5.90583 5.03774 11.0567 10.4493 13.427 10.0511 8.66253 6.27963
threshold=0.49912859723228747 0.9502791319860503 0.75000000000000011 0.0012220803028714002 0.84468661689644431 -0.047950851613403143 0.91380298397516868 0.94922026239624413 0.075842475604741708 0.0002745696318461036 2.5687596642677648 1.0000000180025095e-35 0.00023288546627131505 1.0127667347214424
decision_type=2 2 2 2 2 2 2 2 2 2 2 2 2 2
left_child=1 5 3 -3 -4 -1 -7 8 12 13 -11 -10 -2 -9
right_child=7 2 4 -5 -6 6 -8 9 11 10 -12 -13 -14 -15
leaf_value=-0.029221287730668802 0.024039976714850062 -0.031341465906204201 0.023210958607744754 0.010062808143971751 -0.022792383202343561 0.00069496625925465321 0.010893526580368448 -0.038195746255932667 0.0053316040644130385 0.015727328651863416 -0.026545087127711128 -0.010555825271372662 -0.029116200936758336 0.021461444687598225
leaf_weight=9.5201058238744718 5.5874419063329688 32.141515776515007 19.562006391584877 9.4220482483506185 6.5420496091246596 286.35681444406509 133.06625624001026 12.473291367292406 152.29944638907909 88.118459090590477 13.921615228056906 109.53591146320105 40.173084925860167 3.6489998698234549
leaf_count=44 25 139 110 46 31 1435 661 72 729 432 73 536 214 18
internal_value=1.4851e-06 0.00153596 -0.00897927 -0.0219555 0.0116819 0.00319478 0.00393056 -0.00178835 -0.00448513 0.00523181 0.00995998 -0.00131473 -0.0226257 -0.0246934
internal_weight=922.369 496.611 67.6676 41.5636 26.1041 428.943 419.423 425.758 307.596 118.162 102.04 261.835 45.7605 16.1223
internal_count=4565 2466 326 185 141 2140 2096 2099 1504 595 505 1265 239 90
is_linear=0
shrinkage=0.04


Tree=241
num_leaves=15
num_cat=0
split_feature=23 23 36 31 40 36 28 8 40 8 25 23 1 23
split_gain=1.5921 5.15411 6.64916 7.43126 7.31105 6.35702 7.48531 6.15402 4.06531 7.73901 11.7864 5.20756 5.20761 2.47363
threshold=1.2617674059275015 0.70153071063902506 0.63895129136215911 0.85611759022104683 0.44135695872939762 0.75551726560467269 0.97577088313964155 -0.00070036681175419989 0.51416227951259663 -0.00030398328124944996 0.75000000000000011 1.2915529600726188 2.4030757235518654 2.0754522970620486
decision_type=2 2 2 2 2 2 2 2 2 2 2 2 2 2
left_child=1 2 4 -4 -1 6 -3 -7 11 10 -10 -2 -13 -11
right_child=8 5 3 -5 -6 7 -8 -9 9 13 -12 12 -14 -15
leaf_value=0.015390033394552406 0.039549842772186018 -0.0018040118768538804 0.022139126575378167 0.0023937407370000943 -0.0053048888478179033 0.020738015187818103 -0.042331788502533024 -0.036279902879929653 -0.014244938185832581 -0.057178626895370607 0.041538794995483609 0.0019203011793887577 0.028565035138420014 -0.021323453095010554
leaf_weight=30.918680716305971 6.3877000063657752 124.54451033100486 40.908505447208881 119.82126612216234 234.22162362188101 3.6054648756980923 7.7450716868042937 18.932896606624126 20.871180385351185 4.9983502626419059 8.5398044288158399 279.30812225863338 12.251207217574118 8.0154690444469434
leaf_count=201 31 601 202 589 1132 18 41 95 109 27 46 1354 74 45
internal_value=8.86077e-07 -0.00127232 0.000999881 0.00741928 -0.0028916 -0.00752226 -0.00417677 -0.0271587 0.00217307 -0.00941175 0.00195249 0.00382264 0.0030399 -0.0350947
internal_weight=921.07 580.698 425.87 160.73 265.14 154.828 132.29 22.5384 340.372 42.4248 29.411 297.947 291.559 13.0138
internal_count=4565 2879 2124 791 1333 755 642 113 1686 227 155 1459 1428 72
is_linear=0
shrinkage=0.04


Tree=242
num_leaves=5
num_cat=0
split_feature=36 36 36 36
split_gain=1.58498 3.70234 2.25259 2.48393
threshold=0.22113455268263424 0.26051457015976548 0.2836135742677402 0.33066802027440639
decision_type=2 2 2 2
left_child=-1 -2 -3 -4
right_child=1 2 3 -5
leaf_value=0.018516410482313138 -0.028802960815080058 0.022598685233709528 -0.015172413448681723 0.00019501688205769398
leaf_weight=7.3381460532546035 7.157839596271514 7.0510967746376982 17.156528502702713 881.44344406574965
leaf_count=36 36 36 90 4367
internal_value=7.01058e-07 -0.000148148 7.83259e-05 -9.83859e-05
internal_weight=920.147 912.809 905.651 898.6
internal_count=4565 4529 4493 4457
is_linear=0
shrinkage=0.04


Tree=243
num_leaves=15
num_cat=0
split_feature=6 22 40 3 29 10 38 40 1 38 35 25 37 30
split_gain=1.57003 4.25258 5.74886 5.42533 5.26948 4.67846 5.14773 2.87532 6.66863 4.13019 3.1083 6.81948 3.90527 0.23098
threshold=-0.00044768918554014995 0.14955818952074193 0.50361266506974867 0.0016180816234929003 0.053289100059220475 -9.8077459097133766e-05 0.99999999979968557 0.54853695873468467 0.73173413169843127 0.89262087166492854 0.74203682907131852 0.90000000000000013 0.41665588729685304 0.037589248010200478
decision_type=2 2 2 2 2 2 2 2 2 2 2 2 2 2
left_child=1 2 4 -4 -1 6 -3 10 9 -9 11 -2 -12 -10
right_child=7 5 3 -5 -6 -7 -8 8 13 -11 12 -13 -14 -15
leaf_value=0.011656192663515332 0.0036594752663936187 -0.024233313959316868 0.041736583394554883 -0.0090419901392468759 0.046243928896801824 0.029309284370877133 0.021236125510981533 0.0093376869972008492 -0.03639515522397014 -0.018917417173029385 -0.001207817876569873 0.043506410866593168 0.030769864725077874 -0.050762582916323663
leaf_weight=23.0257797986269 85.015830531716347 19.115872330963619 3.8925091773271587 24.914993539452553 10.156212981790302 4.5870359465479842 5.0325934141874304 18.571367584168911 2.9738131985068312 14.933439567685125 689.7360451631248 7.4762902334332457 6.1651203706860533 4.4987660348415375
leaf_count=116 422 90 17 128 53 23 26 98 20 83 3370 57 34 28
internal_value=6.78221e-07 0.00499652 0.0108927 -0.00218072 0.0222427 -0.00772304 -0.0147574 -0.000545818 -0.0108765 -0.00325591 -8.87339e-06 0.00688037 -0.000924522 -0.0450449
internal_weight=920.096 90.725 61.9895 28.8075 33.182 28.7355 24.1485 829.371 40.9774 33.5048 788.393 92.4921 695.901 7.47258
internal_count=4565 453 314 145 169 139 116 4112 229 181 3883 479 3404 48
is_linear=0
shrinkage=0.04


Tree=244
num_leaves=13
num_cat=0
split_feature=10 27 36 35 27 21 32 21 34 2 20 29
split_gain=1.5478 4.83873 4.50863 5.31212 3.38321 3.33057 7.06045 5.68001 5.20386 4.75948 4.33346 3.10812
threshold=0.00035220851847540005 0.024782414899034638 0.52208894446358733 0.77669737132141614 0.11564727403132512 0.0011345953258588002 0.00030711018953947562 0.00091713676273135012 0.091895242985225986 1.075565853596461 0.0025966690276976001 0.050694775887467826
decision_type=2 2 2 2 2 2 2 2 2 2 2 2
left_child=5 2 11 -4 -3 7 -7 9 -9 -1 -8 -2
right_child=1 4 3 -5 -6 6 10 8 -10 -11 -12 -13
leaf_value=0.00044574612948654688 -0.0034422939253512469 0.048189094651855627 0.020882164196817134 -0.01824413909603784 -0.0034614541435069725 -0.046800653894707493 0.044450532206839456 0.02710502413596454 -0.024678423621540522 0.0432007121823016 0.0097685759320845274 0.025023960618420715
leaf_weight=760.12219858914614 19.926601737737659 4.4387860372662526 6.2200129926204673 51.696934476494789 3.737646110355854 2.8774445801973334 7.79375942796469 3.5730303227901485 23.704992644488811 4.1888326406478873 22.13694129884243 8.8682887665927392
leaf_count=3753 99 21 32 255 22 13 41 18 120 20 127 44
internal_value=7.12847e-07 -0.00483715 -0.00761087 -0.0140422 0.0245784 0.000557552 0.0130461 3.99542e-05 -0.0178955 0.000680066 0.0187995 0.00532478
internal_weight=919.285 94.8883 86.7118 57.9169 8.17643 824.397 32.8081 791.589 27.278 764.311 29.9307 28.7949
internal_count=4565 473 430 287 43 4092 181 3911 138 3773 168 143
is_linear=0
shrinkage=0.04


Tree=245
num_leaves=12
num_cat=0
split_feature=24 36 39 18 22 14 22 34 22 34 28
split_gain=1.54658 4.77922 5.99812 5.73939 4.08441 4.27059 3.68515 3.41515 3.37222 2.90986 2.2275
threshold=0.024999999999958254 0.74570963645172783 0.17254901672605097 -1.0000000180025095e-35 -0.95843441741243784 -0.00028463518086039994 1.5073964217908398 0.0061406301713010378 0.38090177482664384 0.102146287560984 0.78128367540426991
decision_type=2 2 2 2 2 2 2 2 2 2 2
left_child=1 4 3 -3 -1 -6 7 8 -2 -9 -8
right_child=6 2 -4 -5 5 -7 10 9 -10 -11 -12
leaf_value=0.041187537299703411 -0.0059510847198553565 -0.029340881427140558 0.025979927821649557 0.003716973351573376 -0.0056970818283902346 0.0081581629714428654 0.0027936406141514042 0.0021317399326598418 -0.039872517902585225 -0.0032144250849670958 0.041773567082403755
leaf_weight=5.000442996621131 14.312274836003782 20.864598765969273 6.4414745122194281 14.069331154227259 48.123682852834463 136.71115715429187 4.3394731730222684 298.55350819975138 6.9739162474870673 358.49414690956473 5.1050095930695534
leaf_count=26 71 108 30 69 237 693 21 1467 32 1785 26
internal_value=8.53125e-07 0.00283102 -0.00948731 -0.0160271 0.00551585 0.00455081 -0.000950565 -0.00129605 -0.0170646 -0.0007852 0.0238634
internal_weight=918.989 231.211 41.3754 34.9339 189.835 184.835 687.778 678.334 21.2862 657.048 9.44448
internal_count=4565 1163 207 177 956 930 3402 3355 103 3252 47
is_linear=0
shrinkage=0.04


Tree=246
num_leaves=15
num_cat=0
split_feature=15 30 10 28 32 40 20 21 31 36 19 0 22 1
split_gain=1.51984 5.04225 5.43089 4.64817 3.3662 4.49296 3.78051 2.88705 6.00429 9.17379 3.63538 3.04769 6.59893 5.83482
threshold=-0.0014916088755377499 0.048696300635994165 0.00010918100984095001 0.93796838479266642 0.00057335499380067867 0.50255574074263942 0.0025988875259811005 -0.00089723336128119983 0.8231875378222101 0.45266548166924886 -1.9782523849445168 40.326955008005974 0.055778255554061906 -1.2567359218237468
decision_type=2 2 2 2 2 2 2 2 2 2 2 2 2 2
left_child=1 2 3 -1 6 -6 -3 8 10 -10 -2 12 -9 -13
right_child=7 4 -4 -5 5 -7 -8 11 9 -11 -12 13 -14 -15
leaf_value=-0.021588478787848038 -0.0073653352733976897 0.0034993487471038863 -0.040467992015800411 0.021349971799115221 0.031829631438649593 -0.024664283399188844 0.04310610815956599 0.013803559044124863 0.037983216824732685 -0.010023900152546467 -0.049877661467809496 -0.019450500485060775 -0.0020801016969669559 -0.00023182005006736682
leaf_weight=6.6439165100455346 5.4340735115110874 5.907217323780066 5.7676055729389182 10.267542265355585 3.9163052290678007 5.3015294820070267 11.104352131485937 75.60484603792429 7.6368537023663512 38.35615462064743 7.8933228552341443 26.359032511711121 93.73488550260663 614.90234151482582
leaf_count=34 29 27 32 56 21 26 59 361 39 188 43 141 456 3053
internal_value=9.50946e-07 0.00686199 -0.00695019 0.00448097 0.0188046 -0.000662181 0.0293528 -0.000384788 -0.00890301 -0.00205262 -0.0325438 0.000238582 0.00501145 -0.0010218
internal_weight=918.83 48.9085 22.6791 16.9115 26.2294 9.21783 17.0116 869.922 59.3204 45.993 13.3274 810.601 169.34 641.261
internal_count=4565 255 122 90 133 47 86 4310 299 227 72 4011 817 3194
is_linear=0
shrinkage=0.04


Tree=247
num_leaves=9
num_cat=0
split_feature=20 34 1 8 8 26 3 22
split_gain=1.51636 3.13817 2.86063 3.39791 3.8057 2.16119 2.07467 2.03845
threshold=0.0026394521373400504 0.27734573843977961 -3.8265029169542677 -0.0020876884250603995 -0.0015366749939814998 0.020216655532963732 0.0051742488332322005 -0.071728838831971578
decision_type=2 2 2 2 2 2 2 2
left_child=2 7 6 5 -5 -4 -1 -2
right_child=1 -3 3 4 -6 -7 -8 -9
leaf_value=-0.042618352419898316 0.04674619293805287 -0.016310044880130957 0.045191708796924648 -0.014604461024005356 0.00025016392891966127 0.0068138090397745574 -0.00017239400317173794 0.003772172783071123
leaf_weight=4.3627200797200194 4.4416773617267609 3.5058398842811584 4.2128445506095868 28.50776880979538 861.90382385253906 5.303038977086544 3.1893985196948051 2.9317992180585843
leaf_count=27 33 17 23 150 4250 28 19 18
internal_value=8.98088e-07 0.0148456 -0.000177068 2.86647e-05 -0.000225428 0.0238044 -0.0246926 0.0296591
internal_weight=918.359 10.8793 907.48 899.927 890.412 9.51588 7.55212 7.37348
internal_count=4565 68 4497 4451 4400 51 46 51
is_linear=0
shrinkage=0.04


Tree=248
num_leaves=14
num_cat=0
split_feature=20 20 31 3 14 10 39 38 14 35 39 34 9
split_gain=1.52388 4.09048 5.36736 5.14122 4.21098 6.16628 4.5142 3.60989 5.63399 8.09732 6.16277 4.19013 4.47556
threshold=0.0026059436276438005 0.0026007489400452005 0.75195224882873812 0.0022013560994734505 -0.00059019127529154987 -5.9817199186432891e-05 0.1493518577344406 0.99313475779447435 -0.00032974293474679993 1.0948518916329435 0.020398909508280806 0.050534861394656884 0.00059789631334141097
decision_type=2 2 2 2 2 2 2 2 2 2 2 2 2
left_child=1 4 -3 -4 5 -1 -6 8 10 -10 -2 -9 -13
right_child=7 2 3 -5 6 -7 -8 11 9 -11 -12 12 -14
leaf_value=0.0018254590698913583 0.032644282338314727 0.021602545806361454 -0.029135805007221075 -0.0051402564221433248 0.00035237689606297675 0.025166693834520953 -0.010071123834383236 -0.055270677488145167 0.031565993462723874 0.0013041815117417492 -0.010274952683591061 0.027045903335524032 -0.022096005827635431
leaf_weight=64.394622407853603 6.2843753546476355 7.7068744227290145 22.344684921205044 39.615118362009525 568.5791250616312 25.194156773388386 75.2788475304842 3.0908533781766883 26.400586489588022 30.481044556945562 36.116139531135559 4.8054953813552839 7.7433302365243435
leaf_count=311 30 39 113 208 2798 118 355 14 142 169 193 30 45
internal_value=9.26299e-07 -0.000615553 -0.0098781 -0.0137938 0.000264252 0.00838948 -0.000866322 0.0043091 0.00712284 0.0153497 -0.0039137 -0.0135528 -0.00327741
internal_weight=918.035 803.113 69.6667 61.9598 733.447 89.5888 643.858 114.922 99.2821 56.8816 42.4005 15.6397 12.5488
internal_count=4565 3942 360 321 3582 429 3153 623 534 311 223 89 75
is_linear=0
shrinkage=0.04


Tree=249
num_leaves=10
num_cat=0
split_feature=31 31 23 36 36 15 13 36 34
split_gain=1.50603 3.23002 6.39196 4.84355 3.41164 3.13285 3.51124 3.07903 1.44456
threshold=1.3044445419139556 1.120823071301208 1.2152307609757862 0.65312959436068507 0.61053047031545049 0.0027735250948948504 0.0014736541258501502 0.56019070726495956 0.1177014961905521
decision_type=2 2 2 2 2 2 2 2 2
left_child=1 5 3 -3 -4 6 -1 -2 -9
right_child=7 2 4 -5 -6 -7 -8 8 -10
leaf_value=-0.00039058972298327643 0.0055901770197119786 0.010970967932045972 0.012736329639502102 -0.023950740511007079 0.043904978666808522 -0.033345549372848421 0.030199551437105225 -0.04362446659083162 -0.011670614710553058
leaf_weight=839.79952742904425 8.5847844704985636 15.468731835484506 13.81562387943268 10.785369075834749 9.4705361351370794 4.5795062631368628 6.0469103902578345 4.5837288945913297 4.4722613096237183
leaf_count=4169 39 74 69 53 54 25 36 23 23
internal_value=9.567e-07 0.000227835 0.0101565 -0.00337512 0.0254127 -0.000350541 -0.000171902 -0.0115735 -0.0278442
internal_weight=917.607 899.966 49.5403 26.2541 23.2862 850.426 845.846 17.6408 9.05599
internal_count=4565 4480 250 127 123 4230 4205 85 46
is_linear=0
shrinkage=0.04


Tree=250
num_leaves=14
num_cat=0
split_feature=6 13 22 38 29 13 13 30 23 22 38 22 40
split_gain=1.50517 4.58082 4.85819 5.54387 5.39468 2.93763 5.58822 6.44166 5.6292 4.32785 5.44979 4.62888 2.45556
threshold=-0.00044768918554014995 -0.00037392546871969993 0.17584749779529543 0.99999999979968557 0.045196994928690601 -0.00015429286539829997 -0.00032684421597489998 0.15945917165158005 0.52279840141819534 -0.42242549934388951 0.754527669406586 -0.40415657519710574 0.50361266506974867
decision_type=2 2 2 2 2 2 2 2 2 2 2 2 2
left_child=1 2 4 -4 -1 6 8 -8 -2 10 -7 -11 -3
right_child=5 12 3 -5 -6 9 7 -9 -10 11 -12 -13 -14
leaf_value=-0.0016506768441293268 -0.0084723622025425147 0.043511112941421126 -0.023944080585874744 0.023193807867227689 0.024169815971180064 -0.022845560954011801 -0.013103103149107547 0.031413870775454676 0.0082034274071655575 0.038911597686990311 -0.0015643918833511783 0.0023770021095972085 0.0046383388209594338
leaf_weight=34.64121437817812 55.369584787636995 6.9501645565032941 18.392394311726097 5.0986704751849166 20.672782391309738 23.633449610322714 104.67643200606108 5.4726579412817946 78.036653697490692 5.6178134530782691 103.88713471218944 450.71751506626606 4.1540541052818298
leaf_count=179 276 36 89 26 101 121 521 30 380 27 523 2234 22
internal_value=1.00828e-06 0.00491631 0.00152712 -0.0137129 0.00799935 -0.000533105 -0.00422332 -0.0108913 0.00128223 0.00100627 -0.00550844 0.00282677 0.0289689
internal_weight=917.321 89.9093 78.8051 23.4911 55.314 827.411 243.555 110.149 133.406 583.856 127.521 456.335 11.1042
internal_count=4565 453 395 115 280 4112 1207 551 656 2905 644 2261 58
is_linear=0
shrinkage=0.04


Tree=251
num_leaves=12
num_cat=0
split_feature=32 8 10 13 40 3 38 38 14 20 23
split_gain=1.51595 5.55848 3.9433 5.30819 4.66156 3.14897 3.04193 1.70837 6.8546 3.22206 1.1576
threshold=0.00016930137528147968 -1.0618860082344223e-05 -4.2559102484572061e-05 -1.0000000180025095e-35 0.50143254022042316 0.00052426261449360016 0.99999999982724508 0.99999999980557297 0.00051537277920625014 0.0026059436276438005 0.26401781919145667
decision_type=2 2 2 2 2 2 2 2 2 2 2
left_child=1 2 4 -4 -1 -2 10 9 -9 -7 -3
right_child=5 6 3 -5 -6 7 -8 8 -10 -11 -12
leaf_value=-0.014234546127358373 -0.032885963658755485 0.022774154458812687 -0.042050939406636977 0.014475186353173632 0.043873614639817163 -0.0021879969212116588 -0.0079183803203794218 -1.6475348629048065e-05 0.021275212764693699 0.0054633946280486338 0.050503589605238208
leaf_weight=4.3457932919263822 4.7232098802924147 4.0354661345481855 6.9406585246324521 4.3078725263476407 4.4922513514757156 590.84984096139669 2.7877914533019057 156.32779947295785 28.621950037777424 103.48158321157098 5.97567043825984
leaf_count=21 26 27 34 21 21 2882 19 768 146 557 43
internal_value=1.05531e-06 0.00843379 -0.00469334 -0.020403 0.015301 -0.000312647 0.0290354 -0.000137674 0.00327853 -0.00104765 0.0393259
internal_weight=916.89 32.8855 20.0866 11.2485 8.83804 884.004 12.7989 879.281 184.95 694.331 10.0111
internal_count=4565 186 97 55 42 4379 89 4353 914 3439 70
is_linear=0
shrinkage=0.04


Tree=252
num_leaves=8
num_cat=0
split_feature=36 36 38 40 10 36 35
split_gain=1.62891 1.7303 5.8581 6.37739 4.57635 5.099 4.83291
threshold=0.17909814815073424 0.5344949955904289 0.99999999986431154 0.49951026262727743 0.00035220851847540005 0.53882503594992948 0.77669737132141614
decision_type=2 2 2 2 2 2 2
left_child=-1 2 3 -2 5 -3 -6
right_child=1 4 -4 -5 6 -7 -8
leaf_value=0.025959568880807995 0.0017613368378663298 0.031896737847602073 0.04211629845336496 -0.0096984844969822872 0.023229161363043201 0.0018450008421819048 -0.013219950959206913
leaf_weight=3.8515232652425757 182.53377414494753 9.1931685209274274 4.6480655819177619 135.2816009297967 6.5279741138219824 520.81548767536879 53.700798593461514
leaf_count=18 915 48 20 676 34 2586 268
internal_value=1.17254e-06 -0.00010837 -0.00246466 -0.00311666 0.00117894 0.00236626 -0.00926937
internal_weight=916.552 912.701 322.463 317.815 590.237 530.009 60.2288
internal_count=4565 4547 1611 1591 2936 2634 302
is_linear=0
shrinkage=0.04


Tree=253
num_leaves=9
num_cat=0
split_feature=40 14 32 37 22 14 22 23
split_gain=1.49157 1.71277 7.72285 9.23089 8.1344 5.30692 8.07361 4.32428
threshold=0.65956914723275706 -0.00059019127529154987 0.00034281223103249458 0.29320728406401969 0.18288994321938315 -0.00045915644929799996 0.46243175910117545 2.2533319267562293
decision_type=2 2 2 2 2 2 2 2
left_child=1 2 4 -4 -1 6 -3 -7
right_child=-2 5 3 -5 -6 7 -8 -9
leaf_value=0.0347439827926454 -0.020579873247533381 -0.0041748624302528131 0.0023929440718241201 -0.03941168265553012 -0.004895332787535801 -0.0011036948043718854 -0.040238893269203352 0.0071694926765802879
leaf_weight=22.662758991122246 5.5997462272644034 43.219333235174417 97.445548702031374 9.2536684423685056 13.054419025778769 589.84904569014907 12.895515099167822 121.99145023152232
leaf_count=106 32 208 502 44 62 2936 61 614
internal_value=1.0844e-06 0.000127679 0.0041566 -0.00123263 0.020256 -0.000619479 -0.0124626 0.00031412
internal_weight=915.971 910.372 142.416 106.699 35.7172 767.955 56.1148 711.84
internal_count=4565 4533 714 546 168 3819 269 3550
is_linear=0
shrinkage=0.04


Tree=254
num_leaves=6
num_cat=0
split_feature=3 3 9 3 31
split_gain=1.49266 1.78552 3.66749 3.21869 1.86947
threshold=0.00040177023238160004 0.00052426261449360016 0.00016629844293560668 0.00055096385234605009 1.3044445419139556
decision_type=2 2 2 2 2
left_child=-1 2 -2 -3 -5
right_child=1 3 -4 4 -6
leaf_value=0.023787160903713151 0.0017454408753948896 0.038013068814718366 -0.048238469420865383 0.00018180773036438266 -0.013178626558745384
leaf_weight=4.2017972022294989 6.3037869930267316 3.5645328015089026 3.7434657216072083 880.85860552638769 17.082034967839718
leaf_count=36 33 18 21 4374 83
internal_value=9.83486e-07 -0.000108659 -0.0168779 7.82336e-05 -7.23554e-05
internal_weight=915.754 911.552 10.0473 901.505 897.941
internal_count=4565 4529 54 4475 4457
is_linear=0
shrinkage=0.04


Tree=255
num_leaves=8
num_cat=0
split_feature=22 27 40 40 38 14 38
split_gain=1.48447 2.62317 7.43519 5.90623 2.41936 2.28843 0.922173
threshold=-2.1989927020585065 0.17521396603351416 0.47872270502607428 0.48827443173116331 0.99999999986951693 -0.00059019127529154987 0.86913859815624461
decision_type=2 2 2 2 2 2 2
left_child=-1 4 6 -4 5 -2 -3
right_child=1 2 3 -5 -6 -7 -8
leaf_value=-0.019097559615277104 0.004338783628314604 0.052949487279254477 -0.044120756621097081 0.0094227444497257049 0.030434402559182581 -0.001280748129197283 0.027105126396937098
leaf_weight=6.4656988307833663 137.5484109595418 5.2320504337549227 4.1497217863798168 16.026306912302971 4.0909439176321021 738.2703406624496 3.8232329674065113
leaf_count=36 687 32 20 83 19 3661 27
internal_value=9.47275e-07 0.000136774 0.0119251 -0.00158986 -0.000254844 -0.000398194 0.0420377
internal_weight=915.607 909.141 29.2313 20.176 879.91 875.819 9.05528
internal_count=4565 4529 162 103 4367 4348 59
is_linear=0
shrinkage=0.04


Tree=256
num_leaves=12
num_cat=0
split_feature=22 2 1 15 15 36 31 30 35 32 35
split_gain=1.45829 5.48466 5.15248 6.77909 5.813 5.66731 5.27928 5.18583 3.30906 7.05674 4.40892
threshold=-0.45595829177800212 -0.17524669256627598 0.78945441376936298 0.00056177386344870013 0.0014780800228164502 0.64050054706191262 0.89299263547214169 0.084386153644145645 0.6256073148220983 0.0002745696318461036 0.77897979108467674
decision_type=2 2 2 2 2 2 2 2 2 2 2
left_child=2 -2 3 7 5 -4 -5 -1 9 -3 -10
right_child=1 8 4 6 -6 -7 -8 -9 10 -11 -12
leaf_value=0.0019192849790042161 -0.040525673254104742 0.031126602762581147 -0.041003256932923463 0.0032628407387646076 0.022139030575934211 -0.0070672471485722001 0.044696967443328489 -0.0151659623278985 0.0095031114690434446 -0.028506437015487426 0.00029353680662333746
leaf_weight=97.190203756093979 5.0948485881090155 4.0595975704491165 14.871198475360872 10.929815761744978 5.3255108296871176 16.733059868216515 8.9482913613319379 40.174175266176462 96.530578441917896 14.571736857295035 600.96505938470364
leaf_count=485 23 27 75 59 35 89 44 203 493 70 2962
internal_value=1.09683e-06 0.000829491 -0.00307584 8.19079e-05 -0.0165212 -0.0230356 0.0219147 -0.00307754 0.00112371 -0.0155129 0.0015681
internal_weight=915.394 721.222 194.172 157.242 36.9298 31.6043 19.8781 137.364 716.127 18.6313 697.496
internal_count=4565 3575 990 791 199 164 103 688 3552 97 3455
is_linear=0
shrinkage=0.04


Tree=257
num_leaves=6
num_cat=0
split_feature=13 40 24 31 3
split_gain=1.47885 2.20007 1.83405 4.99108 4.42459
threshold=-0.0015693533869460998 0.65956914723275706 0.074999999999874958 0.822323659945012 0.0013627246290281003
decision_type=2 2 2 2 2
left_child=-1 2 4 -4 -2
right_child=1 -3 3 -5 -6
leaf_value=0.018078490853826869 -0.0025834399297098181 -0.026266695239777548 -0.011362665673121854 0.00024839086993243189 0.0046211748832874705
leaf_weight=7.1837067380547515 244.22994661331177 5.1285286992788306 75.568311627954245 274.03693356737494 308.87090791389346
leaf_count=36 1203 30 377 1363 1556
internal_value=1.05459e-06 -0.000141992 6.42944e-06 -0.00226138 0.00143987
internal_weight=915.018 907.835 902.706 349.605 553.101
internal_count=4565 4529 4499 1740 2759
is_linear=0
shrinkage=0.04


Tree=258
num_leaves=13
num_cat=0
split_feature=29 36 10 10 36 38 31 27 28 23 23 38
split_gain=1.43733 3.28036 3.99403 5.06638 3.04758 2.96284 2.62076 4.27406 2.77096 9.03229 4.67852 1.29057
threshold=0.0086162688275127023 0.57497881635727766 8.253586091947664e-05 -5.094315912056393e-05 0.62134466725515625 0.84391716817473073 0.71582587707627254 0.1505388009747044 0.96313292193476829 0.23266173393930686 -0.55317891637436289 0.9999999997572192
decision_type=2 2 2 2 2 2 2 2 2 2 2 2
left_child=1 2 3 -1 -3 -6 7 11 10 -10 -8 -2
right_child=6 4 -4 -5 5 -7 8 -9 9 -11 -12 -13
leaf_value=-0.0079290845345129299 0.021208610226679223 -0.054931950864332828 -0.026267497055836829 0.039901107962120506 0.0063893500796907291 -0.0356805059451459 -0.030460506597768899 -0.016393653824566659 0.024256602247153917 -0.0032912513420246467 -0.00037175903086225176 0.051514798225537554
leaf_weight=7.8432835042476645 6.4745095558464509 3.5195079222321501 5.5615128390491 6.4632277712225941 6.0920678675174695 4.7800968661904335 8.3573014400899392 4.2040587961673728 30.527575045824051 50.621011711657047 777.04748491942883 3.4441918656229973
leaf_count=46 34 19 31 34 34 27 44 24 147 250 3854 21
internal_value=1.00176e-06 -0.00803721 0.00249712 0.0136791 -0.0225801 -0.0121072 0.000313701 0.0174061 3.51354e-05 0.00707207 -0.000691926 0.0317322
internal_weight=914.936 34.2597 19.868 14.3065 14.3917 10.8722 880.676 14.1228 866.553 81.1486 785.405 9.9187
internal_count=4565 191 111 80 80 61 4374 79 4295 397 3898 55
is_linear=0
shrinkage=0.04


Tree=259
num_leaves=12
num_cat=0
split_feature=26 40 7 27 37 3 14 0 35 9 26
split_gain=1.46374 6.58086 6.12621 5.90403 4.58509 6.22169 5.1386 5.09287 4.92514 4.67266 1.07938
threshold=0.020210648966589532 0.37863602083259651 0.0010116754869316004 0.18106056703601567 0.30647307880347768 0.0017951313680417004 0.00090124545163260009 73.4546342964952 1.0794517065785338 0.00037744638277443761 0.020208466447676005
decision_type=2 2 2 2 2 2 2 2 2 2 2
left_child=1 10 3 -3 7 -6 -7 9 -9 -2 -1
right_child=4 2 -4 -5 5 6 -8 8 -10 -11 -12
leaf_value=0.017278920676860626 -0.011945069907450864 0.00081038863376206713 -0.039770185692038593 0.033193373501671355 0.029177473041841567 -0.034799342423761204 0.0052590216804553674 0.027706931359384179 -0.0064258239321731718 0.00014264804427587273 0.049316155062896085
leaf_weight=2.5306972190737715 60.971594866365194 453.47067834064364 5.8406710624694815 9.1907057315111143 4.0789616256952312 18.940291382372383 7.0236419588327399 18.875804249197248 10.541152969002722 318.21567247062922 5.0209845267236233
leaf_count=18 291 2188 28 49 22 94 39 105 56 1636 39
internal_value=8.70557e-07 0.00153684 0.000939747 0.00145367 -0.00166608 -0.016748 -0.0239629 -0.00055717 0.0154759 -0.001801 0.0385799
internal_weight=914.701 476.054 468.502 462.661 438.647 30.0429 25.9639 408.604 29.417 379.187 7.55168
internal_count=4565 2322 2265 2237 2243 155 133 2088 161 1927 57
is_linear=0
shrinkage=0.04


Tree=260
num_leaves=10
num_cat=0
split_feature=35 3 38 3 20 39 34 38 40
split_gain=1.44218 2.84834 3.35289 5.06458 2.27319 2.71112 5.3823 4.47971 1.91836
threshold=1.5507727725969824 0.0011306381674561503 0.61979408162568961 0.0023139694840288005 0.0026419491762253505 0.13959487995263911 0.27734573843977961 0.5988367007910278 0.50047944844246584
decision_type=2 2 2 2 2 2 2 2 2
left_child=4 -2 8 -4 5 7 -7 -1 -3
right_child=1 2 3 -5 -6 6 -8 -9 -10
leaf_value=0.019405796399604141 0.038765757082678522 0.0014168045894695791 -0.011102502578188013 0.045235906310323336 0.023977197233410189 -0.007110521302060936 0.031880271892480938 3.618565626408813e-05 -0.03836102264723399
leaf_weight=19.62189906463027 4.4257479012012508 4.2439229935407665 4.9365310966968519 5.2876012213528156 6.1531950384378424 135.98219038173556 5.9107454866170874 724.0208294056356 3.5730459839105606
leaf_count=110 21 23 23 31 38 662 29 3607 21
internal_value=1.03067e-06 0.0100101 0.00295596 0.018034 -0.000251157 -0.000419509 -0.00548631 0.000547276 -0.0167652
internal_weight=914.156 22.4668 18.0411 10.2241 891.689 885.536 141.893 743.643 7.81697
internal_count=4565 119 98 54 4446 4408 691 3717 44
is_linear=0
shrinkage=0.04


Tree=261
num_leaves=6
num_cat=0
split_feature=13 40 6 29 6
split_gain=1.39789 2.00922 1.78073 4.01092 3.06073
threshold=-0.0015693533869460998 0.65956914723275706 -0.0007654181132926999 0.020373385050911807 -0.00044768918554014995
decision_type=2 2 2 2 2
left_child=-1 2 3 -2 -4
right_child=1 -3 4 -5 -6
leaf_value=0.017615972158500616 0.023554885988472853 -0.025293029240600961 0.0087422731432023233 -0.022528473710184772 -0.0003976026756547742
leaf_weight=7.1519281193613997 3.8593392521142986 5.0520240291953078 63.132378544658422 13.925716206431387 820.64703483507037
leaf_count=36 24 30 313 73 4089
internal_value=1.11339e-06 -0.000137843 3.11703e-06 -0.0125284 0.0002553
internal_weight=913.768 906.616 901.564 17.7851 883.779
internal_count=4565 4529 4499 97 4402
is_linear=0
shrinkage=0.04


Tree=262
num_leaves=5
num_cat=0
split_feature=27 27 38 29
split_gain=1.39608 3.54117 2.16939 2.04002
threshold=0.62603847040849259 0.47778311339452956 0.99999999986951693 0.0086162688275127023
decision_type=2 2 2 2
left_child=1 2 3 -1
right_child=-2 -3 -4 -5
leaf_value=-0.010042857315908401 0.017916313657341344 -0.030431293252413224 0.029234139793891792 0.0003033963684557209
leaf_weight=31.6063835285604 6.9069683328270903 6.1313037648797026 4.0627565532922736 864.97833466529846
leaf_count=179 36 32 19 4299
internal_value=1.03754e-06 -0.000135424 7.08202e-05 -6.13295e-05
internal_weight=913.686 906.779 900.647 896.585
internal_count=4565 4529 4497 4478
is_linear=0
shrinkage=0.04


Tree=263
num_leaves=15
num_cat=0
split_feature=31 33 26 40 1 31 40 23 6 3 40 15 22 13
split_gain=1.40569 6.2751 7.00405 7.48169 6.09588 4.99704 10.7955 6.24804 5.5619 4.89861 3.09183 2.88378 8.30213 6.16419
threshold=0.79383685759925171 -0.2105263157894737 0.020209888766199793 0.50019584097586056 -0.67710218118327237 0.82121783618316002 0.50574757333352383 1.3721963463736098 -0.00010294013474119998 0.0012189143055709502 0.50760235488233352 0.0006766700504164001 0.5137658288285637 0.00042686715007805002
decision_type=2 2 2 2 2 2 2 2 2 2 2 2 2 2
left_child=1 4 3 -3 10 6 7 -2 -8 -4 -1 13 -13 -7
right_child=5 2 9 -5 -6 11 8 -9 -10 -11 -12 12 -14 -15
leaf_value=0.013355254657428933 -0.030595166893593921 0.034171084873891859 -0.033395140372008046 -0.013517867746052625 -0.051147074866101802 0.00045746963889876615 -0.0074780770349327924 -0.00045342635961723057 0.041182673644908963 0.0040257139739846405 -0.024410650644062466 0.0016606928534418856 0.031097192571208035 -0.01340965902957489
leaf_weight=8.1292797550559062 32.590043775737286 23.90843199193478 6.0069142878055564 6.7495895251631728 5.8982318788766852 524.20749795436859 7.1047463864088058 16.61218698322773 7.9788982868194562 82.048190470784903 6.0495825484395018 111.60160138085485 17.770873107016087 56.851193994283676
leaf_count=37 164 120 28 33 26 2606 38 81 41 422 36 567 87 279
internal_value=9.86608e-07 0.00370815 0.00720592 0.023672 -0.0169737 -0.00066315 -0.0113426 -0.0204184 0.0182623 0.00147295 -0.00275802 0.000303216 0.00570415 -0.0008993
internal_weight=913.507 138.79 118.713 30.658 20.0771 774.717 64.2859 49.2022 15.0836 88.0551 14.1789 710.431 129.372 581.059
internal_count=4565 702 603 153 99 3863 324 245 79 450 73 3539 654 2885
is_linear=0
shrinkage=0.04


Tree=264
num_leaves=15
num_cat=0
split_feature=0 22 32 32 1 31 32 15 6 8 9 21 19 21
split_gain=1.39103 7.84157 7.93962 15.9764 7.97967 7.59255 8.00396 5.99016 6.54892 9.07756 8.81217 5.71115 7.02404 5.28434
threshold=41.183931154762085 0.17584749779529543 0.00038332574921717485 0.00042449739255944727 -0.28704016228721224 0.87861336141186641 0.0002469267206095704 -0.00027579052409059995 -0.00040284647482469996 -0.00037965314221604995 0.0004603750913664757 -0.00033989241760969997 -0.10795700324227384 -0.00016296624119849996
decision_type=2 2 2 2 2 2 2 2 2 2 2 2 2 2
left_child=1 5 4 -4 -3 6 -1 8 10 -10 -2 -9 -13 -7
right_child=7 2 3 -5 -6 13 -8 11 9 -11 -12 12 -14 -15
leaf_value=0.03485905553496603 0.048204626809060215 -0.019088095366815907 0.047776426685580173 -0.0078259882215847738 0.01738422848646717 0.017023985435213593 -0.0071689260505298806 -0.024963046927072158 -0.028372724340727067 -0.0033424551937193811 -0.014888677069333365 0.012660586353660217 -0.00053920475733392436 -0.024370952712390363
leaf_weight=8.2039484530687314 6.9257040023803693 62.892544813454151 11.749215394258497 27.907169170677662 11.326459512114523 94.513326298445463 62.36205917969346 13.44845289736986 38.155762277543545 59.074291430413723 7.2492826357483864 75.940394431352615 428.23221050575376 5.2059775069355956
leaf_count=35 31 305 53 142 58 462 322 74 193 294 42 382 2145 27
internal_value=1.18524e-06 0.00232393 -0.00580163 0.00864765 -0.0135221 0.00775776 -0.00228279 -0.00104811 -0.00946203 -0.013165 0.0159378 0.000762779 0.001449 0.0148629
internal_weight=913.187 284.161 113.875 39.6564 74.219 170.285 70.566 629.026 111.405 97.2301 14.175 517.621 504.173 99.7193
internal_count=4565 1404 558 195 363 846 357 3161 560 487 73 2601 2527 489
is_linear=0
shrinkage=0.04


Tree=265
num_leaves=13
num_cat=0
split_feature=36 34 2 31 39 40 3 31 36 35 9 38
split_gain=1.39547 5.40811 7.30234 6.50798 6.37976 10.8166 5.7207 4.68996 4.08519 7.15051 4.33597 1.43121
threshold=0.5344949955904289 0.044464418813892966 -0.047950851613403143 0.88070025990581269 1.0000000180025095e-35 0.50559398329185046 0.0020203754725156005 0.6815458827811941 0.57636193921485102 0.6936958842078742 0.00048377089576416267 0.94462917764891008
decision_type=2 2 2 2 2 2 2 2 2 2 2 2
left_child=1 4 11 -4 6 -6 -1 -2 9 -9 -10 -3
right_child=7 2 3 -5 5 -7 -8 8 10 -11 -12 -13
leaf_value=0.0098673830114737477 0.046956760339764377 -0.025088326943957379 -0.010725127946811268 0.0025204572450630387 -0.022409169982541794 0.044291631651544025 0.047601834260541848 -0.033256908778725613 0.0014803110226847089 0.011245658399140395 -0.0074276699693358074 -0.05471319211517834
leaf_weight=42.011715039610863 3.5566863119602194 6.4838742613792402 108.20817022770643 131.44712001830339 19.753824181854728 4.8438622727990142 7.5895343273878089 6.1711828112602225 373.8053367882967 90.392588265240192 114.11784177646041 4.3662625849246979
leaf_count=212 23 30 548 655 95 24 44 33 1814 448 618 21
internal_value=1.00194e-06 -0.00210377 -0.00491327 -0.00346013 0.00738147 -0.00927422 0.0156412 0.00116321 0.00088455 0.0084016 -0.000603131 -0.0370098
internal_weight=912.748 324.704 250.505 239.655 74.1989 24.5977 49.6012 588.044 584.487 96.5638 487.923 10.8501
internal_count=4565 1629 1254 1203 375 119 256 2936 2913 481 2432 51
is_linear=0
shrinkage=0.04


Tree=266
num_leaves=6
num_cat=0
split_feature=36 36 38 20 36
split_gain=1.45968 1.61411 4.02817 1.98524 1.99508
threshold=0.17909814815073424 0.26051457015976548 0.8317862130171777 0.0026489225868845004 0.2836135742677402
decision_type=2 2 2 2 2
left_child=-1 2 -2 4 -3
right_child=1 3 -4 -5 -6
leaf_value=0.024627161414926144 -0.04804252323307049 0.021266677352038178 0.0032570820036974114 0.02681366444553079 -0.00022032107863339208
leaf_weight=3.8349275439977637 3.8825366646051389 6.968322589993476 6.6332246661186218 4.4223881624639025 886.67999810352921
leaf_count=18 20 36 34 32 4425
internal_value=1.03098e-06 -0.00010291 -0.0156833 7.95251e-05 -5.27738e-05
internal_weight=912.421 908.586 10.5158 898.071 893.648
internal_count=4565 4547 54 4493 4461
is_linear=0
shrinkage=0.04


Tree=267
num_leaves=9
num_cat=0
split_feature=40 22 10 7 2 10 28 6
split_gain=1.3847 2.4223 1.58867 4.54474 4.72673 4.30298 5.78565 4.47947
threshold=0.27426634215569673 0.14347933374152819 -0.00011813300002939999 0.00098102000096795031 0.86868795657719633 -8.4226367141406662e-05 0.93262298368120133 -0.00024652901820829994
decision_type=2 2 2 2 2 2 2 2
left_child=1 -1 3 4 -2 6 -4 -7
right_child=2 -3 5 -5 -6 7 -8 -9
leaf_value=0.044895166406291188 -0.0025800795025484485 -0.0088864985057255427 0.0033522816648710687 0.033802160085687649 -0.039688227664958393 0.010714830645656315 0.034791972105257522 -0.0010655876584385808
leaf_weight=2.9186192303895941 268.94475850090384 2.4771858863532543 30.235122788697481 5.3748253360390654 5.6066411882638922 57.268463205546141 13.56770223379135 525.91012264415622
leaf_count=34 1343 20 151 30 26 282 64 2615
internal_value=9.91882e-07 0.0202043 -0.000119211 -0.00262475 -0.00333787 0.000999427 0.0130906 9.1256e-05
internal_weight=912.303 5.39581 906.908 279.926 274.551 626.981 43.8028 583.179
internal_count=4565 54 4511 1399 1369 3112 215 2897
is_linear=0
shrinkage=0.04


Tree=268
num_leaves=10
num_cat=0
split_feature=35 8 34 40 39 20 39 34 38
split_gain=1.36687 2.85161 4.36934 4.04029 3.87136 2.07346 2.40156 4.9338 4.15023
threshold=1.5507727725969824 -0.00042436996412064992 0.22068753147129003 0.49951026262727743 0.17870537887924962 0.0026419491762253505 0.13959487995263911 0.27734573843977961 0.5988367007910278
decision_type=2 2 2 2 2 2 2 2 2
left_child=5 2 -2 4 -3 6 8 -8 -1
right_child=1 3 -4 -5 -6 -7 7 -9 -10
leaf_value=0.01873731440909393 0.05864026481511278 -0.019591911225370694 -0.0013324967735326133 -0.034403792941247333 0.03116370749790074 0.023082280540908908 -0.0067355299424801257 0.030607427506004904 1.6477176813007193e-05
leaf_weight=19.457023825496435 3.9764000251889255 3.7944847941398603 3.802276499569416 4.0850447416305533 6.5635829567909241 6.0558589249849311 135.67885448783636 5.9073565974831572 722.90413990244269
leaf_count=110 20 21 20 21 37 38 662 29 3607
internal_value=1.07517e-06 0.00980002 0.0293251 -0.000715681 0.0125703 -0.000243587 -0.000403391 -0.00517748 0.000507144
internal_weight=912.225 22.2218 7.77868 14.4431 10.3581 890.003 883.947 141.586 742.361
internal_count=4565 119 40 79 58 4446 4408 691 3717
is_linear=0
shrinkage=0.04


Tree=269
num_leaves=15
num_cat=0
split_feature=24 31 1 40 31 29 29 35 3 26 35 28 20 3
split_gain=1.39678 4.54644 5.95897 10.1537 8.93877 4.10965 8.86592 5.16665 3.86158 8.20835 8.67982 7.94224 7.56772 6.6826
threshold=0.074999999999874958 0.822323659945012 1.2073851672612366 0.50472021983321069 0.80004983641836025 0.062807826184122964 0.075051965442025872 0.65093509869901556 0.0013627246290281003 0.020209443141428161 0.61894831814705653 0.91295778147904783 0.0025981188314554505 0.0010017760733490504
decision_type=2 2 2 2 2 2 2 2 2 2 2 2 2 2
left_child=8 2 4 -4 -2 7 -7 -3 11 -10 -11 12 -1 -13
right_child=1 5 3 -5 -6 6 -8 -9 9 10 -12 13 -14 -15
leaf_value=-0.0061970732944113599 -0.0082153478514032895 0.027097806975484268 -0.012657627608234898 0.050979798252161548 -0.045333075288585656 0.034534433760581587 -0.00029708844642504796 -0.0033181294426666381 0.018689229590092588 -0.043384829098532911 0.0024835291445936048 0.018020016431134211 -0.056139670538368582 -0.0045325971171533228
leaf_weight=155.03636191040277 45.324867427349091 9.3296319767832738 11.346005551517012 6.2057793363928786 13.464771986007689 16.678746242076159 39.108343943953514 211.60356032475829 52.041273839771748 6.7759369872510424 255.55793427303433 44.662839110940695 5.0113977044820777 39.714898057281971
leaf_count=762 231 48 56 30 67 83 196 1054 255 40 1296 228 24 195
internal_value=1.18587e-06 -0.00196834 -0.0106103 0.00984264 -0.0167165 0.000415788 0.0101165 -0.00203372 0.00124557 0.00417757 0.00129878 -0.0025255 -0.00776087 0.00740496
internal_weight=911.862 353.062 76.3414 17.5518 58.7896 276.72 55.7871 220.933 558.801 314.375 262.334 244.425 160.048 84.3777
internal_count=4565 1765 384 86 298 1381 279 1102 2800 1591 1336 1209 786 423
is_linear=0
shrinkage=0.04


Tree=270
num_leaves=14
num_cat=0
split_feature=31 33 1 21 38 23 36 31 10 21 13 2 36
split_gain=1.42612 5.71499 6.91796 8.4108 6.9049 4.94065 4.21645 4.15028 5.10562 5.76267 2.74427 5.51178 5.03667
threshold=0.79383685759925171 -0.2105263157894737 0.24172197259167658 -0.00066975007406474987 0.76842924896313602 0.18819565120886936 0.63252877748943115 0.82121783618316002 -0.00027692633316274998 -0.00031900177897869992 -0.00015429286539829997 0.66598752904168601 0.88997139069917786
decision_type=2 2 2 2 2 2 2 2 2 2 2 2 2
left_child=1 4 3 -3 -1 -4 -6 8 -2 -10 11 -9 -12
right_child=7 2 5 -5 6 -7 -8 10 9 -11 12 -13 -14
leaf_value=0.01674718995726901 0.02398279498975539 -0.010770828207776185 0.020896481439951611 0.022681891375693129 -0.014748474278992389 -0.010810142428909639 -0.061117597237194822 -0.0013298786009846525 -0.032643029052469699 -0.0055305714058822321 0.0013352139165909516 -0.02253040129287591 0.026165511637089897
leaf_weight=6.7706731408834484 6.2392029836773863 15.4831370934844 9.8432737663388234 53.84476551041007 7.9854381531476957 39.091294165700674 5.1685250699520111 231.75430130586028 18.336641043424606 39.699402011930943 442.51541008427739 21.435698501765728 13.468536250293253
leaf_count=33 32 83 50 273 40 197 26 1151 95 197 2209 109 70
internal_value=1.08011e-06 0.00374399 0.00708291 0.0152108 -0.0160741 -0.0044323 -0.0329681 -0.000667641 -0.0104004 -0.0140968 0.00021448 -0.00312477 0.00206863
internal_weight=911.636 138.187 118.262 69.3279 19.9246 48.9346 13.154 773.449 64.2752 58.036 709.174 253.19 455.984
internal_count=4565 702 603 356 99 247 66 3863 324 292 3539 1260 2279
is_linear=0
shrinkage=0.04


Tree=271
num_leaves=11
num_cat=0
split_feature=29 23 36 15 31 21 28 23 28 10
split_gain=1.40757 3.10689 4.84633 3.81071 2.41801 8.25548 2.3085 7.94924 5.59485 2.26346
threshold=0.0086162688275127023 -1.0000000180025095e-35 0.49131004316344823 0.00024095907590350005 0.71582587707627254 -0.00064816147781604993 0.96272735770548956 0.23266173393930686 0.95960776251659741 -6.4276969952523823e-05
decision_type=2 2 2 2 2 2 2 2 2 2
left_child=1 -1 -3 -4 5 -2 8 -8 -6 -7
right_child=4 2 3 -5 6 9 7 -9 -10 -11
leaf_value=-0.038583941009226116 -0.042049037436391636 0.037282134196246632 -0.025071043707484437 0.0059912525339545332 -9.4839490784013843e-05 0.056113223461530345 0.022287717435653477 -0.0031485878513098408 -0.021899869939157268 0.018613242085026398
leaf_weight=4.5927125513553611 2.984057765454053 4.0740240141749409 12.794002030044796 12.48637832701206 760.02418363839388 4.1888592019677153 31.359432809054852 52.682140067219734 19.305843867361546 6.6857076063752165
leaf_count=26 15 20 78 67 3785 25 151 261 98 39
internal_value=1.02045e-06 -0.00799086 -0.00320434 -0.00972889 0.000310291 0.016886 4.4222e-05 0.00634276 -0.000635002 0.0330582
internal_weight=911.177 33.9471 29.3544 25.2804 877.23 13.8586 863.372 84.0416 779.33 10.8746
internal_count=4565 191 165 145 4374 79 4295 412 3883 64
is_linear=0
shrinkage=0.04


Tree=272
num_leaves=15
num_cat=0
split_feature=0 15 22 29 22 37 15 34 37 15 32 37 32 31
split_gain=1.4005 7.35553 7.25955 6.32066 5.65667 12.1149 8.43074 6.92996 6.5524 6.18447 6.0187 5.47138 4.59991 4.58391
threshold=44.670695918968612 0.00010137579999265 0.17584749779529543 0.075051965442025872 0.11248123204800792 0.19119646403700954 0.0006107603387976501 0.019390839305513576 0.1107731371780061 -0.00027579052409059995 0.00069851176477933195 0.033892912716786731 0.00038332574921717485 0.81080670909264374
decision_type=2 2 2 2 2 2 2 2 2 2 2 2 2 2
left_child=1 2 11 13 5 9 -7 8 -6 -2 -9 -1 -4 -3
right_child=4 3 12 -5 7 6 -8 10 -10 -11 -12 -13 -14 -15
leaf_value=0.00040072851651738734 -0.016150390606521646 0.063239098794531962 -0.012300070407178986 -0.019314043853012594 -0.022626674498089347 -0.046702279598981468 -0.010380319246462766 0.0043374890602582272 0.025486442745112133 0.0011464207901212343 0.051593853649743879 0.014563959370292753 0.0033407227054441657 0.0206888984492502
leaf_weight=129.8051036670804 39.66655832156539 5.1787099055945935 87.735863566398621 5.050993710756301 26.891196101903915 17.015929944813251 25.618253283202648 234.89777794852853 5.4461214393377295 199.01266665011644 4.3928747922182074 65.744028672575951 45.785059683024883 18.601276896893978
leaf_count=658 197 27 429 27 125 86 129 1178 28 1019 21 321 228 92
internal_value=9.42979e-07 0.00195051 0.000253161 0.0213237 -0.00126095 -0.00523646 -0.0248769 0.00285632 -0.0145237 -0.00172817 0.00520502 0.00516244 -0.00693676 0.0299553
internal_weight=910.842 357.901 329.07 28.831 552.941 281.313 42.6342 271.628 32.3373 238.679 239.291 195.549 133.521 23.78
internal_count=4565 1782 1636 146 2783 1431 215 1352 153 1216 1199 979 657 119
is_linear=0
shrinkage=0.04


Tree=273
num_leaves=15
num_cat=0
split_feature=25 8 8 9 30 32 29 36 36 31 20 33 30 10
split_gain=1.37279 6.95808 7.30876 10.9852 5.54615 3.05598 11.5806 4.85207 3.36997 7.98927 4.66985 3.12484 1.42762 1.72081
threshold=0.90000000000000013 0.00081021699093940009 -0.00016296541277939998 0.00043454228589829121 0.031305105066315363 0.00054827660835392214 0.042743781520634051 0.69793179055358634 0.5344949955904289 0.87055567687013202 0.0026070909067139503 0.31578947368421056 0.051873588527211419 0.00031189825363920004
decision_type=2 2 2 2 2 2 2 2 2 2 2 2 2 2
left_child=5 2 4 -4 -2 8 11 -8 9 -1 -10 -7 -3 -14
right_child=1 12 3 -5 -6 6 7 -9 10 -11 -12 -13 13 -15
leaf_value=-0.012417657769211736 0.02527845012781825 0.049171206328609655 0.010985901078594144 -0.031000136591502182 0.00070263479273203349 -0.022022652704332561 0.024956694541406803 -0.025711291497152702 0.0014180599079296392 0.0022366015394671827 0.022825679872210437 0.00923669681112484 0.038623810023309883 -0.0011668933448793122
leaf_weight=98.573955208063126 22.160655532032251 4.9967351071536523 17.738066390156746 22.769048996269703 43.5979407094419 46.275848612189293 17.816204231232408 3.642180308699607 452.87804528698325 150.26313263177872 16.912559818476439 5.7527458220720282 3.9797840602695942 3.0884452573955059
leaf_count=476 135 36 94 115 252 249 91 20 2202 727 87 32 30 19
internal_value=1.02073e-06 0.00401968 0.000751376 -0.0126145 0.00898469 -0.00059931 -0.00836872 0.0163567 0.000195191 -0.00356852 0.00218874 -0.0185663 0.0328062 0.0212374
internal_weight=910.445 118.331 106.266 40.5071 65.7586 792.115 73.487 21.4584 718.628 248.837 469.791 52.0286 12.065 7.06823
internal_count=4565 681 596 209 387 3884 392 111 3492 1203 2289 281 85 49
is_linear=0
shrinkage=0.04


Tree=274
num_leaves=15
num_cat=0
split_feature=37 40 23 32 40 39 31 21 21 19 10 15 28 22
split_gain=1.34238 5.26252 8.86167 5.45472 9.28158 5.17052 4.73942 3.68054 3.79694 3.53554 8.1626 4.85568 2.78111 1.53811
threshold=0.19639910076189962 0.52086629980106036 0.10376580142869417 0.00028976131684791973 0.48537780197475883 0.070348087250140856 0.90676400409961022 0.0014473372782563003 0.0017053587586628503 1.6703011054604859 9.2668367435253665e-05 0.00051826904703210013 0.89070836874456016 0.2205292693808257
decision_type=2 2 2 2 2 2 2 2 2 2 2 2 2 2
left_child=7 3 -3 4 -2 -4 -5 9 13 11 -11 -1 -10 -9
right_child=1 2 5 6 -6 -7 -8 8 12 10 -12 -13 -14 -15
leaf_value=-0.00018546654288189129 0.041049835918749659 0.061246788464068294 -0.014031139595801276 0.00079260302821800477 -0.0085520562282052608 0.038363349570865395 -0.018341534388002543 0.020196914661591476 0.023493025451359562 -0.02595248367643024 0.0011535415480612202 0.009732025157543886 -0.017400862975757544 0.054898213608296248
leaf_weight=581.28336510807276 9.375536113977434 5.0210093334317234 11.230034567415712 32.056677918881178 16.945280633866787 4.1188900098204604 58.528058633208275 3.8620457276701945 5.1478503309190256 26.383134387433529 54.481556989252567 91.410413421690464 5.5077257677912712 4.3406356573104858
leaf_count=2904 54 22 59 157 83 20 298 24 28 132 267 464 32 21
internal_value=1.27365e-06 -0.00364358 0.0151186 -0.00691275 0.00911625 2.89424e-05 -0.0115702 0.000649044 0.0181032 0.000212245 -0.00769014 0.00116219 0.00235552 0.0385599
internal_weight=909.692 137.275 20.3699 116.906 26.3208 15.3489 90.5847 772.417 18.8583 753.558 80.8647 672.694 10.6556 8.20268
internal_count=4565 693 101 592 137 79 455 3872 105 3767 399 3368 60 45
is_linear=0
shrinkage=0.04


Tree=275
num_leaves=14
num_cat=0
split_feature=10 31 2 31 27 1 34 38 36 34 36 9 18
split_gain=1.34958 5.11328 6.46138 5.41701 3.68576 3.8008 3.28938 2.95428 3.29713 5.47232 4.51214 2.80117 2.52504
threshold=0.00035220851847540005 0.96946339431043937 0.71275481660959861 1.120823071301208 0.0027876518061681304 -0.26511594832663826 0.17659950282526485 0.42862533655790575 0.5344949955904289 0.040932419713051518 0.53882503594992948 0.00052036253326120539 -1.0000000180025095e-35
decision_type=2 2 2 2 2 2 2 2 2 2 2 2 2
left_child=7 4 3 -3 5 -2 -4 12 9 -9 -10 -6 -1
right_child=1 2 6 -5 11 -7 -8 8 10 -11 -12 -13 -14
leaf_value=0.0035257971860430744 0.011894161089917799 -0.057090549293222013 0.0083454313307824452 -0.0016434442081168493 0.052248873528964797 -0.0097007323825610958 -0.030020945639765192 0.0073843789915887074 0.030148044658173844 -0.00606801947416785 0.0016846401867048021 0.0033612080706806129 0.049135331729741209
leaf_weight=4.1185300648212433 20.918380178511143 8.8266058489680308 12.906665824353697 4.1421575024723998 3.8278581798076621 34.626583978533745 4.9454763978719702 61.697165708988905 9.0686389580368978 224.20193362236023 512.77635170891881 3.6762388646602631 3.6751886680722228
leaf_count=22 109 43 66 21 18 169 25 309 48 1126 2563 22 24
internal_value=1.3894e-06 -0.00454052 -0.017893 -0.039381 0.00198673 -0.00156804 -0.00228299 0.000524171 0.000287689 -0.00316499 0.00217928 0.0282989 0.0250333
internal_weight=909.408 93.87 30.8209 12.9688 63.0491 55.545 17.8521 815.538 807.744 285.899 521.845 7.5041 7.79372
internal_count=4565 473 155 64 318 278 91 4092 4046 1435 2611 40 46
is_linear=0
shrinkage=0.04


Tree=276
num_leaves=13
num_cat=0
split_feature=40 40 14 8 26 5 1 22 22 21 33 31
split_gain=1.38285 6.99936 7.02782 6.73208 4.31497 11.8237 12.0508 5.79024 4.55364 7.65108 6.83912 1.17075
threshold=0.50084788751003517 0.50104085478384908 0.0011673893627513502 0.00097131760679060005 0.020207518868558288 1.0000000180025095e-35 0.97295222467846554 -0.25547034769262461 -0.20951146106648796 0.0011661655414602504 0.31578947368421056 0.84622089629838915
decision_type=2 2 2 2 2 2 2 2 2 2 2 2
left_child=4 -2 3 -3 5 6 -1 -7 9 -6 -10 -4
right_child=1 2 11 -5 8 7 -8 -9 10 -11 -12 -13
leaf_value=0.0093812536031854816 -0.041743262991294917 -0.0024576298083948058 -0.019760203394337993 0.01422016740116659 -0.0049380971104805715 -0.053679402831323893 -0.060297426057794076 -0.015543686772697777 0.007270953291519896 0.028915363654087832 -0.014745999123222256 -0.047345879721078434
leaf_weight=50.436798933893442 6.9454037062823764 283.02681943401694 4.6356180161237699 44.863448321819305 156.39993104711175 9.2697849720716494 4.3107456862926474 20.365038990974426 287.70244108140469 11.464594822376965 24.495884023606777 5.2487834915518761
leaf_count=269 36 1439 27 228 748 42 19 91 1446 68 123 29
internal_value=1.41513e-06 -0.00199478 -0.00117747 -0.000175697 0.00122054 -0.00712128 0.00389485 -0.0274726 0.00268681 -0.00262602 0.00554345 -0.0344087
internal_weight=909.165 344.72 337.775 327.89 564.445 84.3824 54.7475 29.6348 480.063 167.865 312.198 9.8844
internal_count=4565 1759 1723 1667 2806 421 288 133 2385 816 1569 56
is_linear=0
shrinkage=0.04


Tree=277
num_leaves=15
num_cat=0
split_feature=0 6 13 9 6 15 14 8 21 19 8 23 36 23
split_gain=1.37007 5.60731 7.41119 6.1481 6.10447 5.03098 8.33361 10.9819 5.29637 6.39753 5.1567 4.39749 3.78425 2.98078
threshold=41.183931154762085 1.6441789825688282e-05 0.00020311187590475003 0.00037378883936952051 -2.2228123267372046e-05 -0.00027579052409059995 -0.00059019127529154987 -0.0010763763341189497 -0.00033989241760969997 -0.10795700324227384 -0.00037965314221604995 5.4611772388135327 0.68621838320330064 0.46933688917229138
decision_type=2 2 2 2 2 2 2 2 2 2 2 2 2 2
left_child=1 4 -3 -4 11 6 7 -2 13 -10 -8 -1 -6 -7
right_child=5 2 3 -5 12 8 10 -9 9 -11 -12 -13 -14 -15
leaf_value=0.0028619006307714595 -0.051826995590009056 0.042828642817739564 -0.017538261888165044 0.021579419008177263 -0.042354583769886746 0.00098873439136072227 -0.028125022076991517 0.02061879595216902 0.012013037940025671 -0.0006185165964417874 -0.0074865383600736159 -0.021660049792390963 0.0047918121071595559 -0.038405850188629763
leaf_weight=219.62415286898613 3.9021153301000622 11.860429901629685 11.296963192522528 14.91732359677553 8.45659042149782 4.7972344718873492 30.632686469703913 23.571964919567108 75.517084784805775 426.3255058452487 52.685438953340054 12.35923585295677 4.0183214098215094 8.5505781024694425
leaf_count=1091 23 62 55 75 41 31 157 116 382 2145 264 60 20 43
internal_value=1.46388e-06 0.00231359 0.0165922 0.00472178 8.96697e-05 -0.0010421 -0.00877486 0.0103294 0.000620841 0.00128227 -0.0150745 0.00155546 -0.0271682 -0.0242473
internal_weight=908.516 282.533 38.0747 26.2143 244.458 625.983 110.792 27.4741 515.19 501.843 83.3181 231.983 12.4749 13.3478
internal_count=4565 1404 192 130 1212 3161 560 139 2601 2527 421 1151 61 74
is_linear=0
shrinkage=0.04


Tree=278
num_leaves=11
num_cat=0
split_feature=29 35 38 36 23 31 21 31 27 21
split_gain=1.34988 2.94406 3.66827 3.18884 2.84211 2.3055 6.02938 4.44348 2.50024 1.99776
threshold=0.0086162688275127023 1.1737684221297602 0.60578937859577964 0.45487129163064094 0.43845108524176163 0.71582587707627254 -0.00063613021995329987 0.72155151470444434 0.094352974878053636 0.00013767902942885004
decision_type=2 2 2 2 2 2 2 2 2 2
left_child=1 2 -1 -4 -3 6 -2 -7 -9 -8
right_child=5 4 3 -5 -6 7 9 8 -10 -11
leaf_value=0.026753894596530131 -0.031044419562816322 -0.0096673849527483396 0.016052749631177029 -0.025876093226864766 0.039486729228966011 -0.044268430372290168 0.045768226817839368 -0.00029874454860161751 0.0090334634177657545 0.010091634942884984
leaf_weight=3.0856533572077778 3.2431727051734915 3.8805556669831267 3.4049236029386547 19.656223177909851 3.6545969769358635 3.605358123779296 6.2334357127547246 808.52064412459731 48.700716681778431 4.2056336030364037
leaf_count=22 16 19 18 110 22 17 36 4012 266 27
internal_value=1.34629e-06 -0.00785647 -0.014205 -0.0196854 0.0141727 0.000303992 0.0165947 4.5063e-05 0.00023144 0.031395
internal_weight=908.191 33.682 26.1468 23.0611 7.53515 874.509 13.6822 860.827 857.221 10.4391
internal_count=4565 191 150 128 41 4374 79 4295 4278 63
is_linear=0
shrinkage=0.04


Tree=279
num_leaves=13
num_cat=0
split_feature=24 23 1 20 6 6 21 15 15 23 39 15
split_gain=1.33371 3.81469 5.22425 4.17302 3.93418 2.41868 7.52397 6.07146 5.33351 4.89611 4.5537 4.16638
threshold=0.024999999999958254 -0.426847185339082 -0.97126512922022801 0.0025937121609676504 -0.00064840719588574994 -0.00023897349166324998 -0.00036377219777824994 -0.00028537594278449998 0.00023002856057230005 1.3262968734750189 0.14073567748712545 -0.00026162057116614997
decision_type=2 2 2 2 2 2 2 2 2 2 2 2
left_child=1 -1 4 -4 -3 6 11 9 -8 -7 -9 -2
right_child=5 2 3 -5 -6 7 8 10 -10 -11 -12 -13
leaf_value=0.039796441580354704 0.0014467604820282615 -0.029155655912416169 0.0028358648415564105 -0.010590673838786485 0.018667597866509164 -0.0042182612896940787 0.033539291408711765 0.0019531866573299847 -0.010099724007369183 -0.021585317984073132 -0.0096021867164308248 -0.027393874174096076
leaf_weight=4.338615544140338 133.79606876894832 2.9751781001687041 132.71881881356239 51.374457485973835 36.73996702209115 72.532147943973541 19.356864035129551 334.01051732525229 5.830939568579196 40.461489737033844 65.219797041267157 8.5250167138874513
leaf_count=22 675 16 676 265 184 365 92 1676 28 196 327 43
internal_value=1.33104e-06 0.00264762 0.00192748 -0.000911046 0.015085 -0.000886877 0.00328557 -0.00225136 0.0234369 -0.0104372 6.54565e-05 -0.00028079
internal_weight=907.88 228.147 223.808 184.093 39.7151 679.733 167.509 512.224 25.1878 112.994 399.23 142.321
internal_count=4565 1163 1141 941 200 3402 838 2564 120 561 2003 718
is_linear=0
shrinkage=0.04


Tree=280
num_leaves=15
num_cat=0
split_feature=23 23 36 31 40 23 38 39 23 36 14 14 38 14
split_gain=1.38283 4.41797 5.9627 7.11881 6.57781 5.95368 7.54102 4.06004 4.05932 5.20635 4.48683 10.183 5.29166 4.42673
threshold=1.2617674059275015 0.70153071063902506 0.63895129136215911 0.85611759022104683 0.44135695872939762 0.7290941549519262 0.99999999967619568 0.062961066216655967 1.3262968734750189 0.54354789232225997 0.00027474235405475006 0.00040183402298900008 0.99999999984048926 -4.4792133941558888e-05
decision_type=2 2 2 2 2 2 2 2 2 2 2 2 2 2
left_child=1 2 4 -4 -1 7 -7 -3 9 -2 12 -12 -10 -11
right_child=8 5 3 -5 -6 6 -8 -9 10 13 11 -13 -14 -15
leaf_value=0.014736490861758156 -0.0081258143414742016 -0.057211351073970053 0.021548136343333305 0.002095873169892357 -0.0050818177053892416 -0.011718491079382269 0.0075511397736576624 -0.0087297231410564599 0.00030033532294273006 0.077396154607290851 0.031269410037404105 0.0005888156165150298 -0.019425416481570652 0.017971350221795017
leaf_weight=30.303610872477293 5.0682902708649626 6.0792117044329625 40.344492949545383 118.56104633584619 231.49221308529377 90.578246556222439 50.672135375440121 5.0675250291824341 208.85439465194941 3.5119403377175322 23.682457510381937 64.313815843313932 24.289912074804306 4.6765167713165274
leaf_count=201 26 29 202 589 1132 443 258 25 1048 17 116 334 120 25
internal_value=1.23347e-06 -0.00119149 0.000922282 0.0070346 -0.00278779 -0.00702668 -0.00480571 -0.0351707 0.00204535 0.0237366 0.00114993 0.00884589 -0.00175477 0.043458
internal_weight=907.496 573.098 420.701 158.906 261.796 152.397 141.25 11.1467 334.397 13.2567 321.141 87.9963 233.144 8.18846
internal_count=4565 2879 2124 791 1333 755 701 54 1686 68 1618 450 1168 42
is_linear=0
shrinkage=0.04


Tree=281
num_leaves=9
num_cat=0
split_feature=35 3 9 38 20 38 25 37
split_gain=1.35938 2.57735 3.35201 3.17731 1.95218 1.87536 5.76876 5.01851
threshold=1.5507727725969824 0.0011172341742637002 0.00029925956588470055 0.61979408162568961 0.0026419491762253505 0.8551448890372656 0.75000000000000011 0.12898726862339424
decision_type=2 2 2 2 2 2 2 2
left_child=4 -2 -3 -4 5 6 -1 -7
right_child=1 2 3 -5 -6 7 -8 -9
leaf_value=-0.0068985359887968932 0.039438148996695038 -0.03791741891644957 -0.0083978517950077432 0.027984448859105764 0.02257480647522964 0.00036950377847470492 0.0044344288916836139 0.024264454334666407
leaf_weight=202.48508682474494 3.8750047087669399 2.6666268706321743 7.332719385623931 8.0644869245588762 5.9590297490358344 550.72250094264746 111.40309260040522 14.431659154593943
leaf_count=988 19 13 42 45 38 2768 579 73
internal_value=1.28486e-06 0.00983701 0.00348705 0.0106579 -0.000242539 -0.000397218 -0.00287632 0.00097968
internal_weight=906.94 21.9388 18.0638 15.3972 885.001 879.042 313.888 565.154
internal_count=4565 119 100 87 4446 4408 1567 2841
is_linear=0
shrinkage=0.04


Tree=282
num_leaves=9
num_cat=0
split_feature=13 22 13 28 28 20 14 9
split_gain=1.40145 2.51136 2.15583 4.14644 1.89354 1.74078 5.00224 3.06415
threshold=0.0014736541258501502 -1.0000000180025095e-35 0.0010836246238530502 0.86705861040812204 0.94513754904241964 0.0026059436276438005 -0.00032974293474679993 0.00061318145291458005
decision_type=2 2 2 2 2 2 2 2
left_child=2 -2 5 -4 -5 7 -7 -1
right_child=1 -3 3 4 -6 6 -8 -9
leaf_value=-0.00011695348776237022 -0.0099189563760054538 0.034011037620700763 0.019012781660308002 -0.038622144598461562 -0.0060300726177541474 -0.004641359684968962 0.013278921479222931 -0.016035886228143253
leaf_weight=761.20683759823442 3.5212513357400894 5.0945416092872602 4.3610552027821567 7.6292539872229082 4.5549977086484432 45.972195129841566 54.431310132145882 19.85102916508913
leaf_count=3768 21 30 23 37 25 251 299 111
internal_value=1.31823e-06 0.016057 -0.000152725 -0.0144578 -0.0264378 0.000115786 0.00507368 -0.000521542
internal_weight=906.622 8.61579 898.007 16.5453 12.1843 881.461 100.404 781.058
internal_count=4565 51 4514 85 62 4429 550 3879
is_linear=0
shrinkage=0.04


Tree=283
num_leaves=5
num_cat=0
split_feature=36 36 36 36
split_gain=1.32703 3.00087 1.80794 2.164
threshold=0.22113455268263424 0.26051457015976548 0.2836135742677402 0.33679582315522877
decision_type=2 2 2 2
left_child=-1 -2 -3 -4
right_child=1 2 3 -5
leaf_value=0.01702163368880236 -0.026319628372179393 0.020431335850088734 -0.012911232340070793 0.00021350748624009811
leaf_weight=7.2705446481704703 6.9494157843291751 6.9216226302087298 20.578308444470167 864.68471006676555
leaf_count=36 36 36 108 4349
internal_value=1.31712e-06 -0.000136312 6.76355e-05 -9.15826e-05
internal_weight=906.405 899.134 892.185 885.263
internal_count=4565 4529 4493 4457
is_linear=0
shrinkage=0.04


Tree=284
num_leaves=14
num_cat=0
split_feature=0 15 22 29 6 1 22 37 39 36 22 31 37
split_gain=1.31975 6.43011 6.83049 5.7204 5.69249 5.18923 5.16435 10.8665 6.73858 4.64468 4.44592 4.33698 1.3052
threshold=44.670695918968612 0.00010137579999265 0.17584749779529543 0.075051965442025872 1.9144142046695033e-05 -1.2567359218237468 0.11248123204800792 0.19119646403700954 0.13484709937717673 0.52025867054440333 0.25454857178028073 0.81080670909264374 0.001061033308886583
decision_type=2 2 2 2 2 2 2 2 2 2 2 2 2
left_child=1 2 4 11 -1 9 7 -7 -8 -2 -4 -3 -11
right_child=5 3 10 -5 -6 6 8 -9 -10 12 -12 -13 -14
leaf_value=0.0024767617406440301 0.0086763523339223603 0.061067131656794386 -0.024229797107768115 -0.018531455715782907 0.023021339605968451 -0.0011011119660488519 0.0066003069773508628 -0.023180848326086637 -0.0090372976231251328 -0.027199742093684157 -0.0036285555792341367 0.019362518077704501 -0.059657271792148081
leaf_weight=169.95912502706051 3.8479024618864042 5.0927481986582341 19.668995454907417 5.0486803948879233 24.717007745057344 230.29231899604201 209.95293550938368 42.198372937738895 55.811333045363426 3.6518564149737358 113.35888688266277 18.420164652168751 4.3358844965696335
leaf_count=853 22 27 101 27 126 1177 1051 214 272 22 556 92 25
internal_value=1.26953e-06 0.00189792 0.000311446 0.0201005 0.0050852 -0.00122709 -0.000650995 -0.00452042 0.00331636 -0.0274265 -0.00667458 0.0283955 -0.0448183
internal_weight=906.356 356.266 327.704 28.5616 194.676 550.091 538.255 272.491 265.764 11.8356 133.028 23.5129 7.98774
internal_count=4565 1782 1636 146 979 2783 2714 1391 1323 69 657 119 47
is_linear=0
shrinkage=0.04


Tree=285
num_leaves=11
num_cat=0
split_feature=0 26 32 2 0 3 34 19 21 35
split_gain=1.35342 4.53177 5.66318 3.65795 3.37686 9.23655 6.1964 3.31485 3.63756 1.85035
threshold=67.484932343607355 0.020206826159327278 0.00023808662487974626 0.90569921486475524 58.250589084971828 0.0035794846304678008 0.016118517407120961 2.0797832713286568 0.00082288880104060009 1.114947331032196
decision_type=2 2 2 2 2 2 2 2 2 2
left_child=4 -2 9 -4 7 6 -6 8 -1 -3
right_child=1 2 3 -5 5 -7 -8 -9 -10 -11
leaf_value=0.00063260139803168779 0.04657786972953528 -0.047044848999436444 0.011705791449959107 -0.0029968312657703169 -0.031229249089789215 -0.051129593950720593 -0.0010682057405047378 0.035021466162906571 -0.031388872668367061 -0.0090959830744056797
leaf_weight=640.36727890372276 3.8606045097112647 4.419786334037779 58.945181488990784 50.076241545379162 12.037629295140503 6.9962314516305915 115.16956873983145 4.4420651942491522 5.7268307507038108 3.8435317426919937
leaf_count=3222 22 23 307 252 59 39 568 23 31 19
internal_value=1.21486e-06 0.00393626 0.00253265 0.00495251 -0.000606264 -0.00638333 -0.00392235 0.000585526 0.00034877 -0.0293936
internal_weight=905.885 121.145 117.285 109.021 784.74 134.203 127.207 650.536 646.094 8.26332
internal_count=4565 623 601 559 3942 666 627 3276 3253 42
is_linear=0
shrinkage=0.04


Tree=286
num_leaves=8
num_cat=0
split_feature=13 15 13 28 38 10 28
split_gain=1.35074 2.45492 1.93339 3.8218 1.76973 1.79615 1.75892
threshold=0.0014736541258501502 0.0020998477425644003 0.0010836246238530502 0.86705861040812204 0.99999999986951693 0.00035220851847540005 0.94513754904241964
decision_type=2 2 2 2 2 2 2
left_child=2 -2 4 -4 5 -1 -5
right_child=1 -3 3 6 -6 -7 -8
leaf_value=0.00052108581527827557 0.035428775694742121 -0.0075598619137919191 0.018452872974440468 -0.037019959697902886 0.022787260437364676 -0.0059181118246161716 -0.005571681487490771
leaf_weight=799.20410912111402 4.657027140259741 3.9099156707525253 4.3504659086465862 7.5962370224297029 5.4692234024405471 75.892233707010746 4.5500700995326042
leaf_count=4021 30 21 23 37 28 380 25
internal_value=1.20671e-06 0.0158089 -0.000149757 -0.0137169 0.000104415 -3.73499e-05 -0.0252393
internal_weight=905.629 8.56694 897.062 16.4968 880.566 875.096 12.1463
internal_count=4565 51 4514 85 4429 4401 62
is_linear=0
shrinkage=0.04


Tree=287
num_leaves=13
num_cat=0
split_feature=40 40 14 29 26 5 1 22 29 34 32 26
split_gain=1.33616 6.53246 6.48145 6.85222 4.14803 10.7801 10.8393 5.24712 4.80188 5.55454 4.8215 1.44941
threshold=0.50084788751003517 0.50104085478384908 0.0011673893627513502 0.13355123401423605 0.020207518868558288 1.0000000180025095e-35 0.97295222467846554 -0.25547034769262461 0.14284699756287697 0.099831008762687037 0.00030959820423576921 0.020221501315196681
decision_type=2 2 2 2 2 2 2 2 2 2 2 2
left_child=4 -2 3 -3 5 6 -1 -7 10 -10 -6 -4
right_child=1 2 11 -5 8 7 -8 -9 9 -11 -12 -13
leaf_value=0.0088517020837595023 -0.040691754040610643 0.00081120104323828307 -0.045039097600216953 -0.032658566584982743 0.0090144111969886181 -0.051259126313344644 -0.05691566603295059 -0.01500716368970894 0.010241860709427477 0.061691512130192694 -0.00049485099848812944 -0.01285316690545331
leaf_weight=50.042702361941338 6.8302493579685679 316.84288177639246 6.1924732811748964 10.098863974213598 113.16310877725482 9.3157235309481639 4.3588572740554801 20.327892646193504 13.76388916373253 4.4405811429023734 346.63057751208544 3.5060665309429169
leaf_count=269 36 1611 35 56 542 42 19 91 80 27 1736 21
internal_value=1.19803e-06 -0.00196434 -0.00117858 -0.000222643 0.00120236 -0.00699272 0.00358217 -0.0263996 0.00264328 0.0227919 0.00184554 -0.0334037
internal_weight=905.514 343.471 336.64 326.942 562.043 84.0452 54.4016 29.6436 477.998 18.2045 459.794 9.69854
internal_count=4565 1759 1723 1667 2806 421 288 133 2385 107 2278 56
is_linear=0
shrinkage=0.04


Tree=288
num_leaves=11
num_cat=0
split_feature=7 23 19 7 32 10 40 7 3 7
split_gain=1.32918 4.64982 3.6683 2.90652 6.81918 3.72322 2.68909 2.13795 4.72825 3.90411
threshold=0.0011897006387093501 0.070569130085656559 2.0456066405663882 0.0010116754869316004 0.00036930200876684978 0.00035797713679640005 0.49729797227511907 0.00078521718093315014 0.0028869322223081507 0.00071429557229410012
decision_type=2 2 2 2 2 2 2 2 2 2
left_child=3 -2 -3 7 -5 -6 -4 9 -9 -1
right_child=1 2 6 4 5 -7 -8 8 -10 -11
leaf_value=2.6193767081839144e-05 -0.021140784475144853 0.050007892964604048 0.022680303225668177 -0.049254099923807512 0.025102128991333773 -0.023756883346814032 -0.010131128872882615 5.3484713455971737e-06 0.033561683118406911 -0.020895279451393928
leaf_weight=814.77889749780297 6.4031427502632168 4.4566103033721474 9.6578280627727526 6.38781310617924 5.6519613564014417 4.4682911485433578 6.8176210969686499 22.012380149215463 9.6698623448610288 14.525521621108053
leaf_count=4090 35 29 55 31 34 23 34 109 53 72
internal_value=1.16043e-06 0.00868735 0.0178118 -0.000269427 -0.0168949 0.00352991 0.00910277 4.93409e-05 0.0102472 -0.000340252
internal_weight=904.83 27.3352 20.9321 877.495 16.5081 10.1203 16.4754 860.987 31.6822 829.304
internal_count=4565 153 118 4412 88 57 89 4324 162 4162
is_linear=0
shrinkage=0.04


Tree=289
num_leaves=6
num_cat=0
split_feature=3 3 32 3 3
split_gain=1.30665 1.87194 3.10447 1.6653 1.57435
threshold=0.00040177023238160004 0.00052426261449360016 0.00015684415480014295 0.00056081502698620016 0.00083508563807830011
decision_type=2 2 2 2 2
left_child=-1 2 -2 -3 -5
right_child=1 3 -4 4 -6
leaf_value=0.022678225552702939 0.0073583965469377378 0.019455322042067947 -0.037666225016452441 -0.0052280938180375601 0.00048911361839554365
leaf_weight=4.0472622327506533 4.4561030566692335 7.0499135777354232 5.443276435136795 85.300123877823353 798.19806874543428
leaf_count=36 22 36 32 414 4025
internal_value=1.2799e-06 -0.000100647 -0.0173989 9.16411e-05 -6.28722e-05
internal_weight=904.495 900.447 9.89938 890.548 883.498
internal_count=4565 4529 54 4475 4439
is_linear=0
shrinkage=0.04


Tree=290
num_leaves=15
num_cat=0
split_feature=32 9 22 14 1 15 29 35 33 39 22 40 9 23
split_gain=1.30924 3.40296 6.79019 5.466 3.3112 4.17357 3.72213 3.07289 2.90196 8.26193 6.93141 2.62437 2.24262 1.71654
threshold=0.0001738218932144925 0.00021888268676519885 -0.40415657519710574 0.00033974734644215003 -0.28704016228721224 -0.00031257621042559992 0.054176086596495691 0.97876820107195073 1.0000000180025095e-35 0.077596751522981774 0.11689861365746972 0.50399295568427271 0.00014208465409696738 1.2483327964340794
decision_type=2 2 2 2 2 2 2 2 2 2 2 2 2 2
left_child=4 2 11 -4 5 -1 -7 12 9 -3 -10 -2 -6 -9
right_child=1 8 3 -5 7 6 -8 13 10 -11 -12 -13 -14 -15
leaf_value=0.021963993898526962 0.037499876144757263 0.0064143373680851795 -0.020903324901012689 0.017669897221429066 0.024504758473857129 -0.0013129458189861749 -0.049724972436887026 0.019187731938823713 -0.0064945386956442265 -0.0061921265019202259 0.0040896497216946683 -0.0066045030203907562 -0.017097866156721972 0.051281424235897044
leaf_weight=5.6454586461186436 5.9893876165151578 287.28121139854193 42.400202631950378 6.8238089382648459 3.60540719330311 6.3735765814781171 4.2256861180067062 6.3547387942671758 234.37143516913056 117.07788503915071 171.39486043527722 3.3750500753521919 4.8782303333282471 4.5941651910543442
leaf_count=26 29 1423 208 31 27 28 24 37 1205 583 862 20 29 33
internal_value=1.246e-06 -0.000307179 -0.00961654 -0.015556 0.00751115 -0.00581687 -0.0206137 0.0186528 0.000366077 0.00276427 -0.0020238 0.0216042 0.000582569 0.0326543
internal_weight=904.391 868.714 58.5884 49.224 35.6773 16.2447 10.5993 19.4325 810.125 404.359 405.766 9.36444 8.48364 10.9489
internal_count=4565 4361 288 239 204 78 52 126 4073 2006 2067 49 56 70
is_linear=0
shrinkage=0.04


Tree=291
num_leaves=15
num_cat=0
split_feature=38 4 29 8 23 40 10 38 13 3 3 13 32 8
split_gain=1.33854 7.33789 8.66911 7.20496 6.78068 8.44213 5.40366 5.14499 6.22156 9.94448 5.14419 4.41657 3.33882 3.86107
threshold=0.9999999998322403 1.0000000180025095e-35 0.023032441963172265 -0.00126906474242725 0.15155850314529107 0.49547609542930754 -0.00014929464238264999 0.99999999980970766 -0.00010150133817049999 0.0014669054108165001 0.0010659830894890001 9.004488047092991e-05 0.00016930137528147968 -1.0618860082344223e-05
decision_type=2 2 2 2 2 2 2 2 2 2 2 2 2 2
left_child=7 2 6 -4 5 -3 -2 12 9 -9 -6 -10 13 -1
right_child=1 4 3 -5 10 -7 -8 8 11 -11 -12 -13 -14 -15
leaf_value=0.0011424975728759163 -0.051924894015882565 0.043418433135006929 -0.034075798216305749 0.018001337693532338 -0.057889108355949556 -0.019201894976756787 -0.0048889566946070905 -0.026761162473853479 0.039362945578507419 0.01853248262847771 -0.018121092433048224 0.011536380421163936 -0.00089702335620807307 0.036405012967659203
leaf_weight=12.253575511276724 5.5412814579904106 5.9878013134002677 4.6910714209079734 45.277180537581444 6.4051302745938292 8.1102062538266164 13.258180223405359 14.523751303553583 14.012800116091965 16.643712650984526 27.761562660336494 26.169499661773443 694.90884614735842 8.3562930785119516
leaf_count=58 28 32 29 227 34 38 66 70 73 87 135 130 3496 62
internal_value=1.28952e-06 -0.00399 0.00440103 0.0131123 -0.0159456 0.00739464 -0.0187531 0.000594921 0.0108376 -0.00257394 -0.0255763 0.0212404 -0.000426458 0.0154397
internal_weight=903.901 117.032 68.7677 49.9683 48.2647 14.098 18.7995 786.868 71.3498 31.1675 34.1667 40.1823 715.519 20.6099
internal_count=4565 589 350 256 239 70 94 3976 360 157 169 203 3616 120
is_linear=0
shrinkage=0.04


Tree=292
num_leaves=6
num_cat=0
split_feature=13 40 1 8 9
split_gain=1.33721 1.97565 1.65894 4.05845 3.00099
threshold=-0.0015693533869460998 0.65956914723275706 -3.4181881053555112 -0.0021808087746568996 0.00062341829564015335
decision_type=2 2 2 2 2
left_child=-1 2 4 -4 -2
right_child=1 -3 3 -5 -6
leaf_value=0.017285616136279696 0.020009593851191557 -0.025300066326344288 0.04279853273627069 6.7202642224174772e-05 -0.021507651163628138
leaf_weight=7.1056207716464987 3.550240412354472 4.9640474021434775 3.5707854926586142 871.17666641622782 12.934797972440718
leaf_count=36 20 30 22 4383 74
internal_value=1.60058e-06 -0.000135438 4.72548e-06 0.000241635 -0.0125664
internal_weight=903.302 896.197 891.232 874.747 16.485
internal_count=4565 4529 4499 4405 94
is_linear=0
shrinkage=0.04


Tree=293
num_leaves=15
num_cat=0
split_feature=25 8 8 9 15 40 26 34 30 40 7 40 0 34
split_gain=1.32209 6.45727 6.60714 9.83633 5.31228 3.58942 2.53436 5.38759 7.69231 6.77849 5.24689 4.37812 3.28162 0.517828
threshold=0.90000000000000013 0.00081021699093940009 -0.00016296541277939998 0.00043454228589829121 -0.0006145529268717499 0.49713033762757286 0.020211861168450151 0.26552481271056255 0.064566291300329356 0.48898187680204896 0.0010116754869316004 0.37863602083259651 77.954976071274203 0.076336923352516503
decision_type=2 2 2 2 2 2 2 2 2 2 2 2 2 2
left_child=6 2 4 -4 -2 13 10 9 -9 -8 11 -1 -12 -3
right_child=1 5 3 -5 -6 -7 7 8 -10 -11 12 -13 -14 -15
leaf_value=0.030761579609815116 -0.0019161934976366505 0.028840291372500479 0.01055174023084398 -0.029308256820226666 0.020999598102819907 -0.0090360579923596789 -0.018032703935547383 9.1249839168332919e-06 0.04560765320801418 -0.0020358283548744982 -0.0023450188409168131 0.0010872560577331789 -0.051149157136105294 0.050130765521754522
leaf_weight=8.0823890417814237 34.867278750985861 2.542428143322466 17.590602770447731 22.673157036304474 30.208923753350973 2.6182343363761893 55.644647601991892 22.45577106252313 8.038251765072344 177.8190668746829 3.978649750351904 505.15288019180298 4.9433462470769882 6.5030808411538601
leaf_count=59 207 19 94 115 180 15 275 125 41 895 20 2445 24 51
internal_value=1.54085e-06 0.00396854 0.00084169 -0.0118941 0.00872151 0.0322084 -0.000588899 -0.00378326 0.0120289 -0.00584859 0.0010259 0.00155456 -0.0293856 0.0441466
internal_weight=903.119 117.004 105.34 40.2638 65.0762 11.6637 786.115 263.958 30.494 233.464 522.157 513.235 8.922 9.04551
internal_count=4565 681 596 209 387 85 3884 1336 166 1170 2548 2504 44 70
is_linear=0
shrinkage=0.04


Tree=294
num_leaves=15
num_cat=0
split_feature=23 23 36 7 23 36 31 40 9 15 25 20 15 36
split_gain=1.36056 4.05089 5.85196 6.62751 5.83687 5.47799 6.59217 5.84249 3.86583 6.1621 5.41824 5.1968 7.82672 4.96412
threshold=1.2617674059275015 0.70153071063902506 0.77694514190058717 -0.00017435845516499996 0.7290941549519262 0.63895129136215911 0.85611759022104683 0.44135695872939762 0.0002787738764400694 -0.00077484188711874995 0.75000000000000011 0.0025867090050494001 -0.00016788403645544997 0.62948218465966177
decision_type=2 2 2 2 2 2 2 2 2 2 2 2 2 2
left_child=1 5 4 -4 -3 7 -7 -1 9 -2 -11 12 -10 -13
right_child=8 2 3 -5 -6 6 -8 -9 11 10 -12 13 -14 -15
leaf_value=0.013948368087529788 -0.044527072795612653 -0.033138659647369006 0.0085827003895191725 -0.045836371001699135 -0.0016336034374663678 0.020707265690333387 0.0019491472247243949 -0.0048748672939314935 0.072441407897315346 -0.014436152296286347 0.0047577621648882129 0.0086528711627379511 0.00080757627560601583 -0.0038547102365681335
leaf_weight=29.79216081276536 5.7213633805513373 10.177591517567633 5.1770397424697903 11.612462863326071 124.57665344327688 40.194988593459129 117.90216195955873 230.58186126127839 4.4875274896621704 35.994236089289188 67.963116258382797 129.48078566789627 5.349687308073042 83.520406655967236
leaf_count=201 32 50 28 59 618 202 589 1132 20 172 358 646 25 433
internal_value=2.0248e-06 -0.00118416 -0.00678762 -0.0290563 -0.00401309 0.000845059 0.00671826 -0.0027211 0.00203543 -0.00411221 -0.00188795 0.00506123 0.0334854 0.00374849
internal_weight=902.532 570.015 151.544 16.7895 134.754 418.471 158.097 260.374 332.517 109.679 103.957 222.838 9.83721 213.001
internal_count=4565 2879 755 87 668 2124 791 1333 1686 562 530 1124 45 1079
is_linear=0
shrinkage=0.04


Tree=295
num_leaves=15
num_cat=0
split_feature=15 31 22 32 28 8 31 28 21 40 39 35 21 9
split_gain=1.3346 4.56857 5.99823 5.50154 5.2761 7.60926 5.1436 3.67803 3.60883 9.79589 8.56728 8.48093 4.38212 3.63606
threshold=0.00065184140782380013 0.81498801287791578 0.5137658288285637 0.0004416865762152784 0.80935274562052117 0.0007020099176370001 0.85210703799611454 0.66027259202008493 0.00024053931302505004 0.45479808938102467 0.026650781251665479 0.6256073148220983 0.00021707935378460002 0.00023027528044563034
decision_type=2 2 2 2 2 2 2 2 2 2 2 2 2 2
left_child=8 4 6 -4 7 -6 -3 -2 12 10 -10 -11 13 -1
right_child=1 2 3 -5 5 -7 -8 -9 9 11 -12 -13 -14 -15
leaf_value=-0.0072389668416654816 -0.0074796295021477988 0.021830499543584167 0.040535596570879726 -0.0090319598368648855 -0.019597308372760733 0.020982056719027746 -0.00050361734094490223 -0.057187742991086088 0.036221907746075609 -0.057434955706844093 -0.020311717304867503 -0.0086291579281052092 0.027592643251088629 0.0015051963200800173
leaf_weight=90.013115994632244 4.35718150064349 19.835711311548948 13.804035007953646 4.8384552821516982 15.752101898193361 13.933441538363693 98.07039849460125 5.2529765740036964 14.074141565710308 6.0119210034608832 6.1688099652528754 108.63598667085171 9.4631643146276456 491.82518725469708
leaf_count=471 24 107 67 26 81 73 498 26 93 29 29 535 49 2457
internal_value=1.89785e-06 0.00312859 0.00658731 0.0276709 -0.00889009 -0.000550657 0.00325372 -0.0346504 -0.000755217 -0.006659 0.0189939 -0.0111884 0.000591585 0.000152433
internal_weight=902.037 175.844 136.549 18.6425 39.2957 29.6855 117.906 9.61016 726.192 134.891 20.243 114.648 591.301 581.838
internal_count=4565 902 698 93 204 154 605 50 3663 686 122 564 2977 2928
is_linear=0
shrinkage=0.04


Tree=296
num_leaves=14
num_cat=0
split_feature=39 35 22 23 39 33 14 14 3 38 14 40 9
split_gain=1.33479 5.01275 6.77715 6.34231 4.53308 8.18787 7.07819 6.10163 4.08048 3.68359 7.1881 3.7424 3.30878
threshold=0.2028275331281634 0.93089489098237921 -0.83722190574452882 0.38111194716528224 0.14073567748712545 0.10526315789473685 -0.00055806165747964993 0.00064603112945850005 0.0024485605386826504 0.5988367007910278 -0.00036594959713009994 0.40195201152304721 0.00040639917805447828
decision_type=2 2 2 2 2 2 2 2 2 2 2 2 2
left_child=4 12 8 -4 9 6 -6 -7 -3 10 -1 -11 -2
right_child=1 2 3 -5 5 7 -8 -9 -10 11 -12 -13 -14
leaf_value=-0.026677344630737527 -0.045683163621427839 -0.055109337475796431 -0.013948025464291743 0.018190804726333287 0.0047296839417145511 0.020855939464424128 -0.028320519667724763 -0.029523169910897557 -0.0023366398307806051 0.013107352770381105 0.030068744121992137 -0.00066742528818446059 0.0017900863209269471
leaf_weight=4.6180823445320156 4.88703605532646 3.8487365469336492 11.917270772159098 55.9433548822999 14.506388936191795 17.827506303787235 36.342863723635674 4.9047445096075526 5.9973152875900269 33.075678743422031 15.76118355616927 687.45159259065986 4.5231737047433853
leaf_count=23 23 19 57 285 75 94 175 27 31 234 96 3403 23
internal_value=2.17327e-06 0.00470815 0.00804715 0.0125468 -0.000501173 -0.00997034 -0.0188919 0.00998607 -0.022965 0.000439236 0.0172097 -3.50965e-05 -0.0228644
internal_weight=901.605 87.1169 77.7067 67.8606 814.488 73.5815 50.8493 22.7323 9.84605 740.907 20.3793 720.527 9.41021
internal_count=4565 438 392 342 4127 371 250 121 50 3756 119 3637 46
is_linear=0
shrinkage=0.04


Tree=297
num_leaves=13
num_cat=0
split_feature=0 23 9 38 13 35 8 37 32 14 22 2
split_gain=1.30355 4.74661 5.20426 4.06012 5.09258 4.97802 2.94891 4.76866 3.19952 2.09084 6.93773 2.60866
threshold=68.717798156875347 -0.30334258529992758 0.00031309936212675849 0.95834511321307425 0.00023205464263295001 0.87504960141084598 0.0013703381233137503 0.19253982193758443 0.00038446841079608617 0.00090124545163260009 0.5035307640067993 0.81856859027949325
decision_type=2 2 2 2 2 2 2 2 2 2 2 2
left_child=6 2 -2 5 -5 -3 9 8 -8 11 -11 -1
right_child=1 3 -4 4 -6 -7 7 -9 -10 10 -12 -13
leaf_value=2.3450487071642253e-05 0.0051615354673548728 0.035819619278936038 -0.053981094541207149 -0.022114629428858064 0.0089104954885490684 0.0073409187643123002 -0.031374659353264459 -0.048034243655129531 0.016058459680373404 0.0025491457963883468 0.056490995912728333 -0.0089111453362307868
leaf_weight=689.52856891229749 5.0525398701429349 12.298449508845804 4.5014507621526718 14.53004017844796 20.280022203922272 48.742385037243366 3.5906909778714162 5.434270277619361 6.2111280150711536 29.701470486819744 4.3771302327513686 56.576355867087841
leaf_count=3472 23 67 24 74 106 257 19 33 37 153 20 280
internal_value=2.05228e-06 0.00418201 -0.0227041 0.00686189 -0.00403968 0.0130788 -0.000551854 -0.0179801 -0.00131767 -0.0002115 0.00947756 -0.000654051
internal_weight=900.825 105.405 9.55399 95.8509 34.8101 61.0408 795.42 15.2361 9.80182 780.184 34.0786 746.105
internal_count=4565 551 47 504 180 324 4014 89 56 3925 173 3752
is_linear=0
shrinkage=0.04


Tree=298
num_leaves=10
num_cat=0
split_feature=35 39 38 23 36 20 39 22 38
split_gain=1.26966 2.56326 3.36087 2.96067 2.07229 1.80667 1.70833 4.56503 3.40103
threshold=1.5507727725969824 0.23140022799117374 0.66072675844800177 0.85816102483331369 0.55389472775121096 0.0026419491762253505 0.13959487995263911 0.055778255554061906 0.5988367007910278
decision_type=2 2 2 2 2 2 2 2 2
left_child=5 3 4 -2 -3 6 8 -8 -1
right_child=1 2 -4 -5 -6 -7 7 -9 -10
leaf_value=0.017139774994454432 0.017360778305979995 -0.016198436344212558 0.048901739425588994 -0.02917920020601112 0.02379903452817073 0.021876561152954502 0.0026755582121152388 -0.011794555373486519 -5.3580383197242911e-05
leaf_weight=18.894866317510605 4.160572502762081 3.7345469966530782 4.4817097336053839 4.6107199788093567 4.6570736318826675 5.8734731487929812 70.95138019323349 68.621382415294647 714.53256518766284
leaf_count=110 21 19 25 28 26 38 352 339 3607
internal_value=1.92463e-06 0.00957268 0.020935 -0.00710344 0.00599885 -0.000233781 -0.000382538 -0.00443872 0.000389362
internal_weight=900.518 21.6446 12.8733 8.77129 8.39162 878.874 873 139.573 733.427
internal_count=4565 119 70 49 45 4446 4408 691 3717
is_linear=0
shrinkage=0.04


Tree=299
num_leaves=14
num_cat=0
split_feature=23 22 30 34 22 21 40 23 36 14 14 31 14
split_gain=1.24793 3.87566 12.0207 8.19828 4.03398 11.1356 7.0766 3.58158 4.84367 4.01587 9.22409 4.35188 4.00952
threshold=1.2617674059275015 -0.51432289028107636 0.14030689528567433 0.083678520179763669 0.46664005148662602 0.00056565299284265015 0.52481438756738397 1.3262968734750189 0.54354789232225997 0.00027474235405475006 0.00040183402298900008 0.91948467068142914 -4.4792133941558888e-05
decision_type=2 2 2 2 2 2 2 2 2 2 2 2 2
left_child=1 2 3 -1 6 -6 -3 8 -2 11 -11 -9 -10
right_child=7 4 -4 -5 5 -7 -8 9 12 10 -12 -13 -14
leaf_value=0.015290912806852146 -0.0083990632318279978 -0.00031965071331499728 -0.069461788506247443 -0.022651164728028996 -0.015368583115317339 0.02075680764918619 0.016840062628584933 -0.0064889687424775711 0.073623497714041697 0.029897902800781834 0.00053789136565145603 0.0045669932495497872 0.016952714859943714
leaf_weight=17.267107263207436 5.0485475063323966 398.64474654197693 5.2492125928401938 19.291942596435547 68.409740455448627 17.056244477629662 42.557531125843525 130.14486768096685 3.5212294757366172 23.409273251891136 63.737288940697908 101.30634563043714 4.6162483617663375
leaf_count=88 26 2054 25 98 324 80 210 659 17 116 334 509 25
internal_value=1.96989e-06 -0.00113577 -0.0128581 -0.00473084 -0.000205221 -0.00815912 0.00133554 0.00195137 0.0223798 0.00110588 0.00842457 -0.00164977 0.0414752
internal_weight=900.26 568.477 41.8083 36.559 526.668 85.466 441.202 331.784 13.186 318.598 87.1466 231.451 8.13748
internal_count=4565 2879 211 186 2668 404 2264 1686 68 1618 450 1168 42
is_linear=0
shrinkage=0.04


end of trees

feature_importances:
Column_40=243
Column_22=199
Column_31=182
Column_23=177
Column_3=131
Column_36=130
Column_32=122
Column_35=120
Column_28=119
Column_9=114
Column_38=111
Column_34=108
Column_1=104
Column_8=103
Column_29=103
Column_15=92
Column_20=86
Column_39=73
Column_13=70
Column_0=66
Column_14=61
Column_25=61
Column_10=59
Column_33=59
Column_21=58
Column_6=57
Column_24=54
Column_37=53
Column_26=51
Column_30=50
Column_27=49
Column_2=34
Column_7=32
Column_19=29
Column_12=10
Column_5=8
Column_18=8
Column_4=3
Column_11=1

parameters:
[boosting: gbdt]
[objective: binary]
[metric: binary_logloss]
[tree_learner: serial]
[device_type: cpu]
[data_sample_strategy: bagging]
[data: ]
[valid: ]
[num_iterations: 300]
[learning_rate: 0.04]
[num_leaves: 15]
[num_threads: 2]
[seed: 42]
[deterministic: 0]
[force_col_wise: 0]
[force_row_wise: 0]
[histogram_pool_size: -1]
[max_depth: 4]
[min_data_in_leaf: 20]
[min_sum_hessian_in_leaf: 0.001]
[bagging_fraction: 0.8]
[pos_bagging_fraction: 1]
[neg_bagging_fraction: 1]
[bagging_freq: 0]
[bagging_seed: 400]
[bagging_by_query: 0]
[feature_fraction: 0.8]
[feature_fraction_bynode: 1]
[feature_fraction_seed: 30056]
[extra_trees: 0]
[extra_seed: 12879]
[early_stopping_round: 0]
[early_stopping_min_delta: 0]
[first_metric_only: 0]
[max_delta_step: 0]
[lambda_l1: 0]
[lambda_l2: 0]
[linear_lambda: 0]
[min_gain_to_split: 0]
[drop_rate: 0.1]
[max_drop: 50]
[skip_drop: 0.5]
[xgboost_dart_mode: 0]
[uniform_drop: 0]
[drop_seed: 17869]
[top_rate: 0.2]
[other_rate: 0.1]
[min_data_per_group: 100]
[max_cat_threshold: 32]
[cat_l2: 10]
[cat_smooth: 10]
[max_cat_to_onehot: 4]
[top_k: 20]
[monotone_constraints: ]
[monotone_constraints_method: basic]
[monotone_penalty: 0]
[feature_contri: ]
[forcedsplits_filename: ]
[refit_decay_rate: 0.9]
[cegb_tradeoff: 1]
[cegb_penalty_split: 0]
[cegb_penalty_feature_lazy: ]
[cegb_penalty_feature_coupled: ]
[path_smooth: 0]
[interaction_constraints: ]
[verbosity: -1]
[saved_feature_importance_type: 0]
[use_quantized_grad: 0]
[num_grad_quant_bins: 4]
[quant_train_renew_leaf: 0]
[stochastic_rounding: 1]
[linear_tree: 0]
[max_bin: 255]
[max_bin_by_feature: ]
[min_data_in_bin: 3]
[bin_construct_sample_cnt: 200000]
[data_random_seed: 175]
[is_enable_sparse: 1]
[enable_bundle: 1]
[use_missing: 1]
[zero_as_missing: 0]
[feature_pre_filter: 1]
[pre_partition: 0]
[two_round: 0]
[header: 0]
[label_column: ]
[weight_column: ]
[group_column: ]
[ignore_column: ]
[categorical_feature: ]
[forcedbins_filename: ]
[precise_float_parser: 0]
[parser_config_file: ]
[objective_seed: 16083]
[num_class: 1]
[is_unbalance: 0]
[scale_pos_weight: 1]
[sigmoid: 1]
[boost_from_average: 1]
[reg_sqrt: 0]
[alpha: 0.9]
[fair_c: 1]
[poisson_max_delta_step: 0.7]
[tweedie_variance_power: 1.5]
[lambdarank_truncation_level: 30]
[lambdarank_norm: 1]
[label_gain: ]
[lambdarank_position_bias_regularization: 0]
[eval_at: ]
[multi_error_top_k: 1]
[auc_mu_weights: ]
[num_machines: 1]
[local_listen_port: 12400]
[time_out: 120]
[machine_list_filename: ]
[machines: ]
[gpu_platform_id: -1]
[gpu_device_id: -1]
[gpu_use_dp: 0]
[num_gpu: 1]

end of parameters

pandas_categorical:null
