tree
version=v4
num_class=1
num_tree_per_iteration=1
label_index=0
max_feature_idx=40
objective=binary sigmoid:1
feature_names=Column_0 Column_1 Column_2 Column_3 Column_4 Column_5 Column_6 Column_7 Column_8 Column_9 Column_10 Column_11 Column_12 Column_13 Column_14 Column_15 Column_16 Column_17 Column_18 Column_19 Column_20 Column_21 Column_22 Column_23 Column_24 Column_25 Column_26 Column_27 Column_28 Column_29 Column_30 Column_31 Column_32 Column_33 Column_34 Column_35 Column_36 Column_37 Column_38 Column_39 Column_40
feature_infos=[11.239193082069605:95.472779361967966] [-15.556030042748716:9.3316375380163663] [-0.41637904738157561:1.4531588621132849] [0.00020561926483739999:0.0145300036757716] [0:1] [0:1] [-0.0050183588754853002:0.0024940669121057001] [-0.0073701344566771999:0.0030906777615870001] [-0.0090275321616936008:0.0053204425962219996] [0.0001169811362399:0.0017893264507168] [-0.0036889490568157999:0.0027437639978141999] [-1:1] [2.5111698767808851e-05:0.0041498947434016999] [-0.0036889490568157999:0.0027437639978141999] [-0.0068032169031264:0.0034364794917892002] [-0.0091237523727877995:0.0042412645558618997] [-0.0092315235461305004:0.0066691000306758003] [0:1] [0:1] [0:1] [-1:1] [-0.0045409121014988001:0.0031277641038596998] [-0.00066209656088060003:0.0003397501245139] [-1:1] [6.1216837356602939e-05:0.0023005716100036998] [0:1] [-0.00015253090875529999:9.0773395916827324e-05] [0.0025271149358840998:0.0029029939764709002] [-0.9547080780131052:-0.34761136647750279] [0:1.1589238159504365] [-7.8239995946011076:9.2646616703957232] [0:1] [-0.0085746228688615006:51848599999999.992] [-0.0072343939033542998:0.0038388614654602002] [-1:1] [0:1] [0:1] [0:1] [0:1] [0:1] [0.20000000000000001:1]
tree_sizes=3268 3503 2972 2946 3500 2423 2627 3195 2420 3276 2519 2758 2519 2201 3295 2415 2748 1339 3186 2201 2201 2200 2642 1775 2423 1546 2861 1879 2319 2626 1222 1345 1450 2628 1011 2850 2093 1890 2205 2304 2502 2752 2961 1021 1452 2538 2089 1976 2858 2336 1122 2846 2864 1768 2536 1229 2855 1127 1887 1332 1869 1978 1783 1131 1768 2536 1880 1231 2204 2738 1637 1554 1874 1554 2538 897 1228 1243 2545 1890 2206 1755 1337 2757 1556 915 1442 1772 2970 2063 2945 2648 1447 1662 1639 1771 2642 2314 1351 1664 1345 1020 3151 2980 1238 2325 1439 1886 1005 3068 1022 1340 2079 2546 2623 1125 2742 1573 1014 1339 1447 3393 2830 1344 1885 2407 1453 1991 1006 1865 1449 2115 2419 2197 1130 1105 2432 1433 2532 1012 2629 1565 2326 2857 1573 2419 1444 2742 1449 1674

Tree=0
num_leaves=29
num_cat=0
split_feature=26 15 26 8 6 1 12 26 10 15 8 1 26 14 14 0 27 26 3 27 14 6 15 12 3 14 16 15
split_gain=49.5202 50.8522 23.8713 21.7443 21.2711 22.7227 20.5374 17.9553 25.5158 17.8929 15.2478 13.0437 10.6535 12.7232 10.1346 8.83044 8.41541 9.02709 6.76972 6.41992 6.23278 9.24877 6.15964 5.92672 5.881 4.85363 4.43942 2.93319
threshold=7.4932882172048683e-06 6.1826151957964902e-05 5.6148496701980124e-07 -0.0016138937774206998 -0.00084142776722359992 -0.28786029904858873 0.00051883040969185007 -3.2721851129525194e-06 -1.8303626594878943e-05 -0.00026326847494384992 -0.00022440815257674998 0.24513384290912651 1.6737239848663624e-05 0.00013965815114980003 -1.7305942270098093e-05 42.120292846258856 0.0025934618680606004 2.307625148237594e-05 0.0023639440351282503 0.0026001601828864007 0.00040468893013485005 0.00010327921973240003 0.00035929556037995005 0.00030033643676815003 0.0033724743877906502 0.00020427319723085002 -0.0019715500769756996 0.00028847489987170004
decision_type=2 2 2 2 2 2 2 2 2 2 2 2 2 2 2 2 2 2 2 2 2 2 2 2 2 2 2 2
left_child=1 2 4 -2 26 10 12 24 11 -7 -6 -9 13 -5 15 -4 -8 22 -14 -15 21 -10 -18 -16 27 -13 -1 -3
right_child=3 7 14 6 5 9 16 8 20 -11 -12 25 18 19 23 -17 17 -19 -20 -21 -22 -23 -24 -25 -26 -27 -28 -29
leaf_value=0.095645861847621638 0.12379842130008999 -0.079937040466023596 0.045186967050315205 0.08096132911534909 -0.023977471901887145 0.03340447143424697 0.042342197590646342 -0.039326551219940067 -0.090865427226434189 -0.019273529620849415 -0.1076869098202892 0.072140148515394339 0.11761003922838272 -0.00018099167316169048 0.056303173167759818 0.12967528416449445 -0.0016224165760567726 0.017598998640414223 0.05105134770544692 0.060056322438745251 -0.092480312019973032 -0.022983520971711687 -0.068447150549461613 -0.010147489533989269 -0.037184866450852158 0.0097038564902769027 0.030870561772841892 -0.12254820030114327
leaf_weight=13.56522096693516 15.345497086644171 22.160950914025307 20.045532926917076 23.093987658619881 144.07634487748146 93.406847819685936 17.537327736616135 18.713006809353828 18.664746180176735 73.928375199437141 15.416546761989592 18.065512120723724 16.849615857005119 54.49950447678566 14.541155353188513 13.08529721200466 13.748878777027128 24.521693766117096 23.309819221496582 14.293150037527083 23.888944685459137 41.202397421002388 24.665134385228157 20.989293560385704 12.476678445935248 14.256954565644262 13.520982056856154 19.380610093474388
leaf_count=54 61 89 80 92 577 373 70 75 75 296 62 72 67 218 58 52 55 98 93 57 96 165 99 84 50 57 54 78
internal_value=4.83229e-08 -0.0118635 0.00355869 0.0318314 -0.00481626 -0.0104624 0.0251906 -0.0463801 -0.0307626 0.0101314 -0.0320688 0.0138272 0.0446051 0.0295826 0.0467274 0.0785563 -0.00666606 -0.0203224 0.0789772 0.0123346 -0.0579327 -0.044147 -0.0445297 0.017048 -0.0853505 0.0446004 0.0633111 -0.0998167
internal_weight=839.25 611.385 422.576 227.865 353.914 326.828 212.519 188.81 134.792 167.335 159.493 51.0355 132.046 91.8866 68.6613 33.1308 80.473 62.9357 40.1594 68.7927 83.7561 59.8671 38.414 35.5304 54.0182 32.3225 27.0862 41.5416
internal_count=3357 2447 1690 910 1416 1308 849 757 540 669 639 204 527 367 274 132 322 252 160 275 336 240 154 142 217 129 108 167
is_linear=0
shrinkage=1


Tree=1
num_leaves=31
num_cat=0
split_feature=26 21 26 21 26 21 21 26 21 26 21 26 3 21 26 24 21 26 24 1 16 29 27 10 26 27 21 37 26 7
split_gain=41.9572 45.0744 66.3105 45.4197 38.9744 31.3601 22.5037 22.8692 25.2724 22.2817 17.1185 31.57 16.9497 11.0145 9.32524 8.61794 8.22343 9.15364 8.09222 7.93182 6.38282 5.48436 5.30342 4.859 5.51195 4.10395 3.75797 3.53988 3.52691 3.46099
threshold=7.4932882172048683e-06 -0.00010091562619864999 -5.8565993845230922e-06 -0.00023136534076549997 -3.2721851129525194e-06 0.00017488919633020002 0.00028391213114805004 1.6737239848663624e-05 0.0006192922728277501 5.6148496701980124e-07 -0.00060424469879594991 -1.4150897098979658e-05 0.0036308361167016506 9.505317615715827e-06 5.5922197299251992e-06 0.00043324888568835009 0.0005308991489991001 1.1547321448161102e-05 0.00022726486998370004 -0.044106480012942442 -0.0021039663229168496 0.28803978436699712 0.0025943898050020506 5.2313908322786817e-05 -9.2393988298380441e-06 0.0025913267623628006 0.00015260791903670004 1.0000000180025095e-35 -4.7966690978224107e-06 0.00076768245706305006
decision_type=2 2 2 2 2 2 2 2 2 2 2 2 2 2 2 2 2 2 2 2 2 2 2 2 2 2 2 2 2 2
left_child=1 2 3 10 22 9 26 16 27 19 20 -12 29 -11 -7 18 17 -8 -4 -6 -1 -19 28 24 -5 -20 -2 -9 -3 -10
right_child=6 4 15 23 5 14 7 8 12 13 11 -13 -14 -15 -16 -17 -18 21 25 -21 -22 -23 -24 -25 -26 -27 -28 -29 -30 -31
leaf_value=0.091366427051424032 0.10456207383358734 -0.14947060857655567 0.097888548768288855 -0.12836579748889734 -0.066960283313497168 -0.10881573136512175 -0.041316286886774335 0.12507333389681527 -0.0054359180878652772 0.067656753811861731 -0.055177634548651849 0.021667020361178454 0.060840408566349605 0.0049544656388777726 -0.039537384932384748 0.12161309320078294 -0.075387587528986763 -0.0034176316696464971 0.0073003879200976571 -0.014120962899352246 0.027552587722781813 0.056147382986117204 -0.070152377573758001 -0.037266210654216064 -0.06657130418656422 0.057034431989834114 0.059614681359740074 0.07234745555564788 -0.091796057330943787 -0.058489909572604852
leaf_weight=12.786530554294584 17.317795887589455 14.611393555998804 21.596710160374641 16.874117121100422 34.105398401618004 26.824548751115799 26.934331253170967 16.571891918778419 19.48068793118 23.051789134740829 58.064159378409386 83.306310817599297 24.8024572879076 80.694586843252182 23.180881574749947 16.844173640012741 12.442837074398993 27.231003046035767 16.992305487394333 38.942340478301048 46.556331992149353 15.537652730941771 22.39546312391758 12.715057671070097 20.41474744677544 28.31054499745369 38.087533354759216 16.034228503704071 12.670202255249022 13.202912941575049
leaf_count=51 69 59 86 68 137 108 108 66 78 92 233 333 99 323 93 67 50 109 68 156 186 62 90 51 82 113 152 64 51 53
internal_value=1.57853e-07 -0.010923 0.0088336 -0.0117534 -0.0348232 -0.0207657 0.0293153 0.0150493 0.0428849 -0.00494475 0.00524212 -0.00989488 0.0109741 0.0188865 -0.0767006 0.0704682 -0.0154789 -0.00478449 0.0575908 -0.0387912 0.0413025 0.0182221 -0.0990023 -0.0799725 -0.0945348 0.0383801 0.0736637 0.0991451 -0.122685 -0.0268677
internal_weight=838.581 610.938 334.461 250.717 276.477 226.8 227.643 172.238 90.0922 176.794 200.713 141.37 57.4861 103.746 50.0054 83.7437 82.1458 69.703 66.8996 73.0477 59.3429 42.7687 49.6771 50.0039 37.2889 45.3029 55.4053 32.6061 27.2816 32.6836
internal_count=3357 2447 1338 1004 1109 909 910 689 360 708 803 566 230 415 201 334 329 279 267 293 237 171 200 201 150 181 221 130 110 131
is_linear=0
shrinkage=0.08


Tree=2
num_leaves=26
num_cat=0
split_feature=26 15 26 8 24 6 14 26 10 22 29 14 9 12 26 24 38 14 34 8 22 6 12 24 15
split_gain=35.864 41.4707 18.3003 17.4186 16.7638 15.4273 13.0193 12.3316 18.7019 13.763 12.0157 10.1705 10.0665 11.7376 9.43363 9.00339 8.91583 8.49282 7.99844 6.36999 6.24296 8.87271 4.69337 4.60931 3.4021
threshold=6.840741709209356e-06 6.1826151957964902e-05 5.6148496701980124e-07 -0.0016138937774206998 0.00019450856949440004 -0.00084142776722359992 8.9099604571468241e-05 -6.049441992241428e-06 -1.8303626594878943e-05 3.1625945570607717e-05 0.49951997813223897 0.00017843129777715002 0.00029155519523350008 0.00065613774462575005 1.6249325073597018e-05 0.00037299012467475003 1.0000000180025095e-35 -1.7305942270098093e-05 1.0000000180025095e-35 -0.00082542828378319997 0.00010594749875300002 0.00028952381518430008 0.00030033643676815003 0.00041462693432770009 -0.0017715263054773999
decision_type=2 2 2 2 2 2 2 2 2 2 2 2 2 2 2 2 2 2 2 2 2 2 2 2 2
left_child=1 2 5 -2 -5 24 10 16 9 18 -7 -11 -6 14 -14 -8 -3 19 -9 -4 21 -10 -19 -15 -1
right_child=3 7 17 4 12 6 15 8 20 11 -12 -13 13 23 -16 -17 -18 22 -20 -21 -22 -23 -24 -25 -26
leaf_value=0.083167064805669141 0.10688683829078947 -0.12282982621482201 0.02873060718379673 0.10747969240143458 -0.054191331416066621 -0.0089827328628229938 -0.094785014169776222 0.00068885997320153282 -0.052224702586158502 0.083019720855725648 0.043123216336917986 -0.0091110866035732773 0.014392620977409416 -0.057483777843003417 0.055466051783342296 -0.012092334706517049 -0.036122380988239916 0.050696103576771297 -0.085734514921146754 0.10224123599352437 -0.009622376019512718 -0.12244083793811282 -0.0097115390018175374 -0.00062935035825157856 0.026320562410558579
leaf_weight=13.227580174803736 15.948991939425467 18.971154481172562 12.740442603826525 13.297369956970213 12.695893660187719 260.73729938268661 17.853203341364861 14.957573592662811 58.675440236926079 16.019040018320087 31.775721460580826 14.710928142070768 93.638214468955994 12.447580426931379 57.927501812577248 15.959243908524511 12.651093766093256 13.766566649079321 12.64996026456356 18.497812017798424 15.180339351296423 14.330617383122442 20.473209261894226 34.201520636677742 13.733197078108786
leaf_count=53 64 77 51 53 51 1045 72 60 236 64 127 59 375 50 232 64 51 55 51 74 61 58 82 137 55
internal_value=-2.02161e-07 -0.0105037 0.00324972 0.0261062 0.0203598 -0.00395005 -0.00875526 -0.0428334 -0.0330554 0.00208492 -0.00332246 0.0389152 0.0148672 0.0192904 0.0300906 -0.0557546 -0.0881408 0.042096 -0.0389109 0.0722601 -0.0563016 -0.0660077 0.0145762 -0.0158001 0.0542108
internal_weight=837.067 596.91 418.764 240.157 224.208 353.286 326.325 178.146 146.524 58.3375 292.513 30.73 210.911 198.215 151.566 33.8124 31.6222 65.478 27.6075 31.2383 88.1864 73.0061 34.2398 46.6491 26.9608
internal_count=3357 2395 1678 962 898 1416 1308 717 589 234 1172 123 845 794 607 136 128 262 111 125 355 294 137 187 108
is_linear=0
shrinkage=0.08


Tree=3
num_leaves=26
num_cat=0
split_feature=26 15 26 8 24 16 14 26 10 29 8 9 14 26 24 14 32 0 9 2 8 32 10 3 14
split_gain=30.4366 35.2854 15.5534 15.0366 14.3134 14.1682 11.268 10.9443 16.978 10.8285 9.66329 8.52588 9.99296 10.131 7.7122 7.27891 5.85196 5.77754 5.13202 7.73173 5.64953 4.84767 4.32952 3.97154 2.43553
threshold=6.840741709209356e-06 6.1826151957964902e-05 5.6148496701980124e-07 -0.0016138937774206998 0.00019450856949440004 -0.0021039663229168496 8.9099604571468241e-05 -3.2721851129525194e-06 -1.8303626594878943e-05 0.49951997813223897 0.00031882331640530011 0.00029155519523350008 0.00094308389023530013 1.6737239848663624e-05 0.00037299012467475003 -1.7305942270098093e-05 0.0015649064252108503 43.000367136176862 0.00031568333253705001 0.7919898295592448 0.00018159888595450002 0.00095836120047800011 0.00014220440451185004 0.0015045961976286003 3.8357761523979583e-05
decision_type=2 2 2 2 2 2 2 2 2 2 2 2 2 2 2 2 2 2 2 2 2 2 2 2 2
left_child=1 2 5 -2 -5 -1 9 21 10 -7 23 -6 13 -13 -8 17 -14 -4 19 -10 -20 24 -17 -9 -3
right_child=3 7 15 4 11 6 14 8 18 -11 -12 12 16 -15 -16 22 -18 -19 20 -21 -22 -23 -24 -25 -26
leaf_value=0.060731293670333683 0.099632679019950002 -0.068719590072517683 0.038861492140115285 0.099528038733456017 -0.04985995033899427 -0.0080268927493242527 -0.087778785010696816 -0.048156062225161937 -0.063604162710732548 0.040714482653686657 0.053394718642299659 0.012260446270566749 -0.041563226842363125 0.054937039887326192 -0.011126814314031893 0.037792830940471353 0.024571462495677526 0.10937309407808138 -0.10377703953142446 0.018942334343170577 -0.045909177603123075 -0.031494398905826546 -0.019819896482225811 0.012951785457682868 -0.11002061373512247
leaf_weight=20.607646018266678 15.74935272336006 23.098381921648979 18.681714788079265 13.214021667838095 12.694806084036825 265.9399681687355 17.74024809896946 14.656381443142893 14.874021753668787 32.764970660209656 19.988712131977081 106.3388579338789 25.136094689369202 53.516636520624161 15.956670850515364 19.737792834639549 12.987185209989546 12.355863392353056 16.516935259103775 14.190267533063887 31.180525332689285 15.08013394474983 14.466592103242872 12.70944109559059 15.119436934590338
leaf_count=83 64 94 75 53 51 1066 72 59 60 131 80 426 101 215 64 79 52 50 67 57 126 61 58 51 62
internal_value=-1.65071e-07 -0.0096861 0.00299514 0.0240762 0.0187611 -0.00363701 -0.0076276 -0.0395819 -0.0265613 -0.00268045 0.01111 0.0136952 0.0177705 0.0265478 -0.0514814 0.0388802 -0.0190336 0.0669317 -0.0498009 -0.0233019 -0.065948 -0.0699033 0.0134258 -0.0197759 -0.0850588
internal_weight=835.303 595.666 418.251 239.637 223.888 353.01 332.402 177.414 124.116 298.705 47.3545 210.674 197.979 159.855 33.6969 65.242 38.1233 31.0376 76.7617 29.0643 47.6975 53.298 34.2044 27.3658 38.2178
internal_count=3357 2395 1678 962 898 1416 1333 717 500 1197 190 845 794 641 136 262 153 125 310 117 193 217 137 110 156
is_linear=0
shrinkage=0.08


Tree=4
num_leaves=31
num_cat=0
split_feature=26 21 26 21 26 21 21 26 21 26 21 3 26 12 21 12 1 27 33 26 0 21 24 26 27 7 16 8 37 26
split_gain=25.8542 38.7661 20.7152 46.0283 39.8587 35.3466 20.3463 17.0403 16.0845 12.9502 12.6201 15.7559 11.7794 9.35657 6.93424 6.8075 5.77999 7.01421 8.40366 5.6967 7.30571 7.27999 5.01919 4.24105 3.82218 3.75201 3.60087 4.22734 2.98755 1.63715
threshold=6.840741709209356e-06 0.00015567364088530004 1.4426603313840388e-07 -0.00010091562619864999 -5.8565993845230922e-06 -0.00023136534076549997 0.00023510381814875002 1.3282014396285182e-05 -2.7827666165974105e-05 -5.0955979780462235e-06 0.00060849744206575016 0.0036308361167016506 1.6737239848663624e-05 0.00052528213691455008 0.00041694109042185007 0.00026849584678665007 0.82441950832617306 0.0025998541500278005 0.00014456187448800003 3.5418626437204232e-06 51.296162955398628 6.1299184742739739e-05 0.00043809495656225007 3.3746317925057515e-05 0.0025988498910774001 0.00059248822410390011 0.00017597540923715004 -0.00049527953956264993 1.0000000180025095e-35 1.822330212842117e-06
decision_type=2 2 2 2 2 2 2 2 2 2 2 2 2 2 2 2 2 2 2 2 2 2 2 2 2 2 2 2 2 2
left_child=1 2 3 4 5 -1 26 16 29 -5 12 25 14 -11 -9 -3 17 18 -8 21 -21 -10 -6 -13 -17 -12 27 -2 -14 -4
right_child=6 15 8 9 22 -7 7 10 19 13 11 23 28 -15 -16 24 -18 -19 -20 20 -22 -23 -24 -25 -26 -27 -28 -29 -30 -31
leaf_value=0.0052087477593692364 0.078144445733356646 -0.026531734242297784 0.10520855567656374 -0.10781928661518658 0.048245627781246657 -0.070263281776870593 -0.018122516916189674 0.055684524362770389 0.024821519942037212 -0.051709731092503292 -0.0053320812357459425 0.018529501028263763 0.11340097255982796 0.022123116411336255 -0.015618199552952553 -0.10933313950637631 0.011620357961359866 0.010462195057146391 -0.10236390452439874 0.0059461661399603325 0.084154613062574712 -0.03529165820677143 0.10295406610387574 0.083161937635280458 -0.060139140908905278 -0.055904401393067821 0.097502107949743441 0.016569377089259957 0.062926433680735028 0.064473130951700403
leaf_weight=200.13599614799023 16.787395745515827 15.553630560636519 12.660229265689852 23.33129571378231 56.484858274459839 49.547349840402603 14.945542499423029 17.727563187479973 26.560900017619133 73.169851675629616 18.425666645169258 13.388975992798807 15.458734810352325 12.925409168004988 17.196674853563309 23.980613842606544 20.461765885353088 12.45736889541149 15.375558540225027 18.157545864582065 13.202421739697455 25.056997403502464 13.250254482030867 12.623866558074949 17.473139122128487 19.143972828984261 17.951007887721062 12.411313623189924 14.586538076400757 12.597001925110815
leaf_count=803 68 63 51 96 226 201 60 71 107 296 74 54 63 52 69 98 82 50 62 73 53 101 53 51 71 77 72 50 59 51
internal_value=-7.63599e-09 -0.00893813 -0.00228024 -0.0101734 0.00516693 -0.00976798 0.0222231 0.0106484 0.0289936 -0.054952 0.0273735 0.00203573 0.0521704 -0.0406253 0.0205751 -0.0716637 -0.0233498 -0.0400767 -0.0608406 0.011979 0.0388716 -0.00435936 0.0586407 0.0498952 -0.0885974 -0.0311017 0.0693058 0.0519711 0.0888963 0.0848918
internal_weight=833.029 594.087 537.08 428.845 319.418 249.683 238.942 191.792 108.235 109.427 128.552 63.5825 64.9695 86.0953 34.9242 57.0074 63.2402 42.7785 30.3211 82.9779 31.36 51.6179 69.7351 26.0128 41.4538 37.5696 47.1497 29.1987 30.0453 25.2572
internal_count=3357 2395 2163 1727 1283 1004 962 772 436 444 518 256 262 348 140 232 254 172 122 334 126 208 279 105 169 151 190 118 122 102
is_linear=0
shrinkage=0.08


Tree=5
num_leaves=21
num_cat=0
split_feature=32 26 21 26 21 26 21 21 26 26 12 15 14 29 32 36 28 27 16 8
split_gain=22.9639 22.9446 31.0524 18.8488 35.1861 36.9112 16.9096 14.1358 13.7282 11.2782 10.4643 8.64309 6.03915 5.62879 5.483 5.76922 5.33521 3.6406 3.45679 3.16243
threshold=-0.0021490604751820499 6.840741709209356e-06 0.00015993056433380001 1.4426603313840388e-07 -0.00010091562619864999 -6.049441992241428e-06 0.00023510381814875002 -2.7827666165974105e-05 1.2368675182396723e-05 -5.0955979780462235e-06 0.00051883040969185007 0.00035929556037995005 0.00019128239559480003 0.16381506192169557 0.00088119114393020014 1.0000000180025095e-35 -0.86503918666827928 0.0025973208535536503 0.00017597540923715004 -0.00049527953956264993
decision_type=2 2 2 2 2 2 2 2 2 2 2 2 2 2 2 2 2 2 2 2
left_child=-1 2 3 4 5 -2 18 -5 14 -6 13 -12 -4 -10 15 -8 -9 -14 19 -3
right_child=1 6 12 7 9 -7 8 16 10 -11 11 -13 17 -15 -16 -17 -18 -19 -20 -21
leaf_value=0.10288843929287389 -0.013402041591567378 0.069336757142502786 -0.031902772789786399 0.079542716246225262 -0.10092325602042074 0.052142631287055735 -0.018272009391341108 0.029532615694412769 0.0061749090942355171 -0.037802478911469234 0.057044510097117307 -0.014992188629763028 -0.1068493332569065 0.05731715114511883 0.019106302895334489 -0.082285140926307218 -0.010714215028171291 -0.053245456057925175 0.090525516052471874 0.015261918427332544
leaf_weight=13.654827192425726 237.51336282491684 15.671324461698534 19.423582002520561 24.037750586867332 22.947014957666397 71.552907511591911 25.587368085980415 43.444137379527092 18.794901698827744 86.06322905421257 13.323983311653135 53.306525319814682 22.449702933430672 51.549783706665039 12.986965119838713 13.908715292811392 40.94920115172863 12.693931102752684 17.793875589966774 12.397202506661413
leaf_count=56 956 64 79 98 96 287 103 175 76 349 54 215 93 209 52 56 165 52 72 50
internal_value=-2.60478e-07 -0.00172115 -0.010256 -0.00430229 -0.012011 0.00177241 0.0193538 0.0254199 0.00880269 -0.0510896 0.0221326 -0.000587139 -0.0677018 0.0436528 -0.0259871 -0.0408145 0.0100041 -0.0874875 0.0629405 0.0454532
internal_weight=830.05 816.395 581.075 526.508 418.077 309.066 235.321 108.431 189.458 109.01 136.975 66.6305 54.5672 70.3447 52.483 39.4961 84.3933 35.1436 45.8624 28.0685
internal_count=3357 3301 2350 2126 1688 1243 951 438 765 445 554 269 224 285 211 159 340 145 186 114
is_linear=0
shrinkage=0.08


Tree=6
num_leaves=23
num_cat=0
split_feature=32 24 29 24 21 27 1 27 8 37 3 29 15 33 27 29 24 35 15 21 24 16
split_gain=19.8452 15.8325 17.4389 13.238 13.1815 12.083 12.0221 10.622 13.1191 11.6608 10.1151 10.007 9.52922 9.0492 8.46885 8.44758 8.39724 8.17063 7.38766 5.61108 4.5496 4.54446
threshold=-0.0021490604751820499 0.00040908323440890009 0.49951997813223897 0.00021838471337715004 -0.00052239641798699989 0.0026111099399479007 1.674842566969801 0.0026477529443829002 0.00057175879421750015 1.0000000180025095e-35 0.0010609918701089004 0.2051416656759166 0.00076470932741640012 -0.00086086072378834986 0.0025882125357563506 0.45562019170800805 0.00030318851298585006 1.0000000180025095e-35 -0.00018153763790809997 -0.00048532517743524992 0.00020769550676155005 -0.00085978466873564991
decision_type=2 2 2 2 2 2 2 2 2 2 2 2 2 2 2 2 2 2 2 2 2 2
left_child=-1 2 3 10 13 11 -6 8 9 -7 18 12 21 -5 -12 19 17 20 -2 -13 -4 -3
right_child=1 5 16 4 6 7 -8 -9 -10 -11 14 15 -14 -15 -16 -17 -18 -19 -20 -21 -22 -23
leaf_value=0.09659472636375982 0.032217692170472989 0.099880002087253894 -0.0048756709571368649 -0.01901986740784798 -0.033582836376756707 0.067491814430787611 0.007108911105594729 0.042036458235474417 -0.077715914706338859 -0.019014888810559339 0.049023940039488859 -0.049848332504194952 -0.0045219581923849244 0.07028132443112925 -0.0094671823729683552 0.068882215668669672 -0.018963410042153631 0.090783543538033959 -0.040286910500402159 0.0083720970431965854 0.052947795299444413 0.0502150073837365
leaf_weight=13.391719087958334 12.377683401107786 15.657809033989905 18.350286662578583 13.443429842591287 278.48353739082813 12.349108904600142 55.773431435227394 22.659165576100349 19.217806279659271 51.821976974606514 44.4651790112257 13.184637784957884 17.289828106760979 15.794993728399275 24.611305058002472 12.36910632252693 17.999833807349205 16.567063555121422 32.901322200894356 53.926343515515327 16.574135601520538 47.749976724386215
leaf_count=56 50 63 75 54 1133 50 227 92 78 210 180 53 70 63 100 50 73 67 134 219 67 193
internal_value=-1.13596e-07 -0.00159011 -0.0093734 -0.0148189 -0.0222874 0.0144118 -0.0267931 -0.00653424 -0.0197323 -0.0023675 0.00892083 0.0282795 0.0481239 0.0292218 0.0281841 0.00813104 0.0280722 0.0445144 -0.0204667 -0.0030659 0.0225657 0.0624792
internal_weight=826.96 813.568 547.342 477.851 363.495 266.226 334.257 106.048 83.3889 64.1711 114.355 160.178 80.6976 29.2384 69.0765 79.4801 69.4913 51.4915 45.279 67.111 34.9244 63.4078
internal_count=3357 3301 2223 1941 1477 1078 1360 430 338 260 464 648 326 117 280 322 282 209 184 272 142 256
is_linear=0
shrinkage=0.08


Tree=7
num_leaves=28
num_cat=0
split_feature=26 21 26 21 26 21 21 26 21 26 26 21 3 21 26 21 27 26 21 6 8 21 33 9 10 9 24
split_gain=18.8244 25.1698 16.4462 31.1502 30.1686 29.5761 15.2305 13.6594 17.0369 12.0657 10.9647 10.3532 8.31432 7.95016 7.84687 6.83427 6.79043 7.46315 5.42969 5.42618 14.1092 4.67531 5.46767 3.20329 3.16726 3.11459 6.16763
threshold=7.4932882172048683e-06 0.00015567364088530004 5.6148496701980124e-07 -0.00010091562619864999 -6.049441992241428e-06 -0.00023136534076549997 0.00028391213114805004 1.6737239848663624e-05 0.0006192922728277501 2.6351051465604506e-05 -5.0955979780462235e-06 -2.7827666165974105e-05 0.0036308361167016506 1.3004574171803718e-05 5.5922197299251992e-06 0.0005308991489991001 0.0025871193123066503 1.1547321448161102e-05 -0.00023776730693744999 0.00013328761442540002 -9.5165405356421756e-05 0.00025267490354800008 0.00031384535735835004 0.00053331675444155007 0.00012748142771010004 0.00033256045893620005 0.00039086439056700001
decision_type=2 2 2 2 2 2 2 2 2 2 2 2 2 2 2 2 2 2 2 2 2 2 2 2 2 2 2
left_child=1 2 3 4 5 -1 25 15 23 -10 -5 -4 -11 -12 21 16 -8 -18 -6 20 -13 22 -3 -9 -16 -2 -27
right_child=6 14 11 10 18 -7 7 8 9 12 13 19 -14 -15 24 -17 17 -19 -20 -21 -22 -23 -24 -25 -26 26 -28
leaf_value=0.0044275149060536371 0.092314739253376785 -0.09437841900720241 0.075443561939696618 -0.094345953115227879 0.082399915257930209 -0.065932122879880345 -0.058891023955530586 0.10061279680676334 -0.040853706182761351 -0.0089912280240537629 -0.014270632588233537 0.030706739252433685 0.070751554515998794 -0.062806594206168215 0.0082608975830933701 -0.070252104087214232 -0.029887574653808997 0.029473796493736604 0.035020425324380947 0.047688384673791114 -0.05100909389000069 -0.11594268863275085 -0.020021448717108349 0.049254833625512209 -0.048251986165358016 0.018384041335030743 0.080133299585104095
leaf_weight=198.62043768167496 12.236005097627638 12.707059383392336 22.210015773773193 22.417064979672432 22.073436841368675 47.351728454232216 12.588819935917853 17.076374232769016 23.049701154232025 15.431497648358343 59.050308108329773 37.208444431424141 18.281626656651497 34.054971933364868 12.580210268497469 12.385929867625235 22.38646012544632 34.358888640999794 51.825039848685265 21.911297500133514 21.243579462170601 13.286869823932646 12.609540164470671 14.265646293759344 12.809867247939108 22.801330015063286 18.960864394903183
leaf_count=799 50 53 92 96 89 194 51 71 93 62 240 150 75 139 51 50 90 138 209 88 86 56 52 59 53 93 78
internal_value=2.08371e-06 -0.00736314 -0.00172109 -0.00851034 0.00434919 -0.00911731 0.0198105 0.00804297 0.0298939 0.00375315 -0.0441172 0.0270972 0.0342509 -0.0320236 -0.0547934 -0.0155151 -0.00573683 0.0060553 0.0491727 0.0137357 0.00100825 -0.0775124 -0.0573431 0.0772367 -0.0202511 0.0568193 0.0464194
internal_weight=825.783 601.96 537.966 435.393 319.871 245.972 223.823 169.825 88.1048 56.7628 115.522 102.573 33.7131 93.1053 63.9935 81.7201 69.3342 56.7453 73.8985 80.3633 58.452 38.6035 25.3166 31.342 25.3901 53.9982 41.7622
internal_count=3357 2447 2182 1766 1291 993 910 689 360 230 475 416 137 379 265 329 279 228 298 324 236 161 105 130 104 221 171
is_linear=0
shrinkage=0.08


Tree=8
num_leaves=21
num_cat=0
split_feature=1 26 21 26 21 26 21 26 21 26 12 14 26 14 14 21 10 24 10 28
split_gain=16.6583 14.1998 23.0429 15.0072 28.436 19.4772 14.8363 14.6166 12.213 8.0634 12.3277 10.636 6.20628 5.8601 5.35123 4.82263 4.46269 3.98147 3.13097 2.85197
threshold=-4.3724845504420946 6.840741709209356e-06 0.00015993056433380001 1.4426603313840388e-07 -7.887357266328752e-05 -6.049441992241428e-06 0.00023510381814875002 -5.0955979780462235e-06 3.6967912846611199e-06 1.3282014396285182e-05 0.00060909209430780006 0.0005438249258835501 3.098396134472663e-06 0.00019128239559480003 0.00022248799461795004 0.00032294193050060006 0.00057824400053285013 0.00034220750839510002 0.00013516713185200005 -0.82467856161502751
decision_type=2 2 2 2 2 2 2 2 2 2 2 2 2 2 2 2 2 2 2 2
left_child=-1 2 3 4 5 -2 19 -6 17 14 11 -11 -10 -4 -8 -16 -12 -5 -15 -3
right_child=1 6 13 8 7 -7 9 -9 12 10 16 -13 -14 18 15 -17 -18 -19 -20 -21
leaf_value=0.072536472431867532 -0.010569859497498066 0.076226953153130564 -0.023277486720437709 0.042304789883844771 -0.12011854337223268 0.034570477170874699 -0.058501006074842626 -0.035173445333985691 -0.01804878738434277 0.070694690486833661 0.010459270646269121 0.011026133028481004 0.028738562384757315 -0.054869607959613223 0.029079019454235314 -0.02428159971545615 -0.042385851671413469 0.09923067607578738 -0.10359302989889284 0.035840795102706109
leaf_weight=19.775619328022003 242.50437070429325 22.79798898100853 18.943543210625648 21.730631500482559 15.662180811166762 81.814276933670044 15.823493078351019 75.262030825018883 37.096115410327911 32.574725925922394 18.78846800327301 46.285202831029892 35.517725870013237 17.136672332882881 17.144440293312073 29.477233812212944 22.44564001262188 12.322039559483526 16.633969843387604 21.980085134506226
leaf_count=84 981 94 78 90 69 332 64 308 150 134 76 189 143 72 69 119 91 51 72 91
internal_value=1.09217e-06 -0.00178761 -0.00848312 -0.00339178 -0.0102673 0.000817472 0.0151376 -0.0498057 0.023374 0.00501504 0.0171394 0.0356735 0.00483638 -0.0588912 -0.0183025 -0.00465901 -0.0183068 0.0629036 -0.0788687 0.0564027
internal_weight=821.716 801.941 574.624 521.909 415.243 324.319 227.317 90.9242 106.667 182.539 120.094 78.8599 72.6138 52.7142 62.4452 46.6217 41.2341 34.0527 33.7706 44.7781
internal_count=3357 3273 2346 2124 1690 1313 927 377 434 742 490 323 293 222 252 188 167 141 144 185
is_linear=0
shrinkage=0.08


Tree=9
num_leaves=29
num_cat=0
split_feature=24 32 29 26 21 1 24 21 26 21 15 16 26 15 15 0 22 33 26 7 0 0 24 36 21 13 13 16
split_gain=15.4997 16.5889 15.689 15.5918 18.6464 13.3691 11.8669 13.1784 16.4489 17.5953 10.568 9.54591 9.54051 11.074 10.4993 12.2663 12.225 8.80157 8.44791 8.46498 7.23775 10.8075 8.94376 5.80155 5.09973 3.88081 3.11893 2.07212
threshold=0.00039218439692915004 -0.0013315692456941999 0.49951997813223897 -6.049441992241428e-06 -5.0733930627762383e-05 0.082741212988821616 0.00021838471337715004 -0.00054158374163554995 -1.2711736540610016e-05 -0.00025961851043959991 -3.6656954795190071e-05 -0.0012005342188336 4.4438209176505468e-06 0.00027675998342765003 -1.3506097571436635e-05 44.425641158386448 3.064632152819829e-05 -0.0008982914858254999 3.8150146870498007e-07 0.00056910184596140013 47.007228044815612 41.3721543805217 0.00028057396807250004 1.0000000180025095e-35 -0.00044204238078174996 -0.00031156989451854993 -0.00020965260897064998 0.00014277283538340004
decision_type=2 2 2 2 2 2 2 2 2 2 2 2 2 2 2 2 2 2 2 2 2 2 2 2 2 2 2 2
left_child=2 25 6 5 27 11 12 17 26 -10 24 -3 14 -14 15 -1 -16 -8 -6 -20 21 -4 23 -22 -7 -2 -9 -5
right_child=1 3 20 4 18 10 7 8 9 -11 -12 -13 13 -15 16 -17 -18 -19 19 -21 22 -23 -24 -25 -26 -27 -28 -29
leaf_value=-0.010816294543950946 0.041773904663631768 -0.002745567532068104 0.010716358017955164 0.062620653086962172 -0.041240532568138297 0.048236337567462498 -0.01351781164039084 -0.1110642307710606 0.031386344862866136 -0.028091895111654237 -0.052566655368902926 -0.090590156855022461 0.10660565370045229 0.0044132942075391212 -0.085350840623674845 0.070895995237719375 0.010276450554684177 0.080669951395313091 0.032147074400566279 -0.0088965283575912265 0.065037493135059979 0.11538552186283019 -0.04543393912775142 -0.0081694282979455062 -0.01112007964518525 0.098112956987654237 -0.05628915953361735 0.10762951677682404
leaf_weight=33.109584331512451 15.919995203614237 12.426542222499846 13.048685669898989 14.014153584837915 17.671359941363335 25.261528611183163 12.614541053771974 14.510807409882547 36.591691538691521 244.69855393469334 14.861200928688048 21.817057207226753 12.134893551468851 15.398023724555967 17.646767735481262 18.232038989663124 16.608194008469582 12.785278663039206 89.878252118825912 50.078977793455124 15.867487639188766 12.231473565101622 13.855927392840384 12.297718107700348 14.628320574760439 15.388901546597479 12.286019593477247 12.284869253635405
leaf_count=135 66 50 53 58 73 101 51 59 147 1011 62 89 50 64 73 74 68 51 370 204 65 50 57 51 59 65 50 51
internal_value=-4.35685e-07 0.0143109 -0.00847252 0.00798371 0.0212845 -0.0195054 -0.0138986 -0.0214938 -0.0260601 -0.0203547 0.00501638 -0.0587125 0.00849086 0.0494537 -0.00468521 0.0182007 -0.0389869 0.0338926 0.0108801 0.017461 0.0275352 0.0613592 0.00718655 0.0330733 0.0264693 0.0694656 -0.0859505 0.0836453
internal_weight=818.149 304.231 513.918 272.922 183.928 88.9946 446.616 333.487 308.087 281.29 54.7511 34.2436 113.13 27.5329 85.5966 51.3416 34.255 25.3998 157.629 139.957 67.3013 25.2802 42.0211 28.1652 39.8898 31.3089 26.7968 26.299
internal_count=3357 1248 2109 1117 756 361 1833 1369 1267 1158 222 139 464 114 350 209 141 102 647 574 276 103 173 116 160 131 109 109
is_linear=0
shrinkage=0.08


Tree=10
num_leaves=22
num_cat=0
split_feature=32 26 14 29 31 24 21 26 26 27 3 21 3 35 22 15 28 27 40 13 26
split_gain=14.2352 13.6279 14.0928 15.111 12.9181 10.7656 9.94848 12.1161 10.759 7.34609 7.27994 7.06693 6.80397 6.73332 4.63696 4.4797 3.58245 3.45799 4.67417 2.41839 1.70058
threshold=-0.0021490604751820499 1.2177377833700837e-05 0.00033066376493570004 0.5045576230930785 0.093722547521946614 0.00039218439692915004 0.0006192922728277501 2.2171400511592233e-05 1.6737239848663624e-05 0.0026043620733081506 0.0033270843929571006 0.00042787399346640008 0.0036308361167016506 1.0000000180025095e-35 -7.4594658299856524e-06 0.00029757439247595001 -0.78119873680817264 0.0025902565621160503 0.75000000000000011 0.00045685238903445005 5.5922197299251992e-06
decision_type=2 2 2 2 2 2 2 2 2 2 2 2 2 2 2 2 2 2 2 2 2
left_child=-1 2 3 4 9 -6 8 -8 11 -2 17 15 19 14 -5 -3 -10 20 -19 -9 -4
right_child=1 6 10 13 5 -7 7 12 16 -11 -12 -13 -14 -15 -16 -17 -18 18 -20 -21 -22
leaf_value=0.084393506202231613 -0.011866083388870843 0.07367444971061031 -0.041457984449337681 0.048420638261357792 -0.0039271372994183467 0.0322492102358908 -0.068046495781333483 0.013288349446487614 0.09408611665319444 -0.047265533681447341 0.010712030784436112 -0.022988545765266523 0.051515931012471976 0.083504933326515415 -0.0063726554137631146 0.014522978226789217 0.040422269310136198 -0.078323592789946134 -0.03160559287317629 -0.036658581763959586 0.0010015529924927876
leaf_weight=12.594670087099074 216.22552919387817 13.357652485370634 11.754547238349916 19.799663946032524 164.75202009081841 77.36943730711937 14.541412174701689 12.421786382794382 20.64010426402092 45.394995152950287 18.635012790560722 19.356907710433006 19.471786484122276 15.342845767736433 19.738765761256218 21.196991220116615 12.961008623242376 28.639033272862434 26.286387205123901 12.395230546593664 12.411643028259276
leaf_count=56 888 55 50 81 675 317 59 50 88 186 77 78 81 63 81 86 55 120 110 50 51
internal_value=2.09808e-06 -0.00132205 -0.00624411 -0.00134105 -0.005684 0.00763294 0.0207535 -0.00468656 0.0378555 -0.0180084 -0.0342709 0.0157104 0.0161165 0.0385218 0.0210662 0.0373889 0.0733863 -0.0448695 -0.0559651 -0.0116584 -0.019651
internal_weight=815.287 802.693 656.35 558.623 503.742 242.121 146.343 58.8302 87.5127 261.621 97.7266 53.9116 44.2888 54.8813 39.5384 34.5546 33.6011 79.0916 54.9254 24.817 24.1662
internal_count=3357 3301 2699 2291 2066 992 602 240 362 1074 408 219 181 225 162 141 143 331 230 100 101
is_linear=0
shrinkage=0.08


Tree=11
num_leaves=24
num_cat=0
split_feature=32 26 21 21 26 21 26 26 2 26 21 21 26 24 21 26 3 0 26 3 24 9 12
split_gain=12.4142 12.3742 26.3052 22.6269 16.2068 14.5715 21.3854 13.4062 12.7942 11.2627 15.2726 11.3093 10.3434 10.3403 9.19219 8.47798 5.85729 4.36981 3.19427 2.97873 2.92579 2.85137 1.98738
threshold=-0.0021490604751820499 -2.9538746720581444e-06 -0.00019622436741039998 -0.00011108918711669998 -8.5399843725938023e-06 -0.00052239641798699989 -1.4150897098979658e-05 -6.049441992241428e-06 0.18915662212748643 7.4932882172048683e-06 0.00024044026820295002 0.00028391213114805004 -2.0905183432319631e-05 0.00041462693432770009 -8.3925627612582192e-05 1.6737239848663624e-05 0.0013404960005346503 49.903630895289957 5.5922197299251992e-06 0.0018250397176454002 0.00037472654696310001 0.00046321555494440006 0.00039493383563605008
decision_type=2 2 2 2 2 2 2 2 2 2 2 2 2 2 2 2 2 2 2 2 2 2 2
left_child=-1 2 4 20 5 12 -7 17 -6 10 13 21 -2 -5 16 -13 -9 19 -12 -4 -3 -11 -16
right_child=1 3 7 9 8 6 -8 14 -10 11 18 15 -14 -15 22 -17 -18 -19 -20 -21 -22 -23 -24
leaf_value=0.079941574237611765 -0.0076230816146834746 0.052624577354284469 -0.13208820023165088 -0.010476893921699157 -0.0020681175642865415 -0.070555817853363123 0.0013201932463627432 0.051774804851633105 0.084594250871108459 0.065424787520171973 -0.094041546427762995 -0.013556032489332417 0.054284404379122818 0.041604983068074274 -0.069787043471326027 0.022639887839356537 -0.020198228302361312 -0.053258964823482774 -0.03994155706673156 -0.074806878267412585 0.10165466669619093 0.027522336350821457 -0.028874649750961569
leaf_weight=12.246862918138502 37.989689126610756 23.390481248497963 11.609685853123667 160.6809850782156 19.72582782804966 42.780173018574715 69.586032837629318 12.528293341398241 24.374913483858109 27.542789906263351 13.419098854064943 81.21477310359478 31.673384696245193 28.764858841896057 17.589957877993587 84.509038209915161 17.133194118738174 21.301269069314003 14.567464023828505 11.630821406841276 11.678296416997908 23.576187431812286 13.378471553325651
leaf_count=56 153 96 50 661 80 174 281 51 99 115 60 329 127 118 75 353 70 93 61 50 50 99 56
internal_value=6.05582e-06 -0.00121666 -0.0130542 0.00713926 0.00231916 -0.00822258 -0.0260445 -0.0461085 0.045831 0.00214772 -0.0107182 0.0150486 0.0205241 -0.00256895 -0.0216273 0.00490168 0.0102014 -0.0794322 -0.0658816 -0.103421 0.0689521 0.0479441 -0.0521127
internal_weight=812.893 800.646 331.302 469.344 226.13 182.029 112.366 105.172 44.1007 434.275 217.432 216.843 69.6631 189.446 60.6299 165.724 29.6615 44.5418 27.9866 23.2405 35.0688 51.119 30.9684
internal_count=3357 3301 1359 1942 914 735 455 445 179 1796 900 896 280 779 252 682 121 193 121 100 146 214 131
is_linear=0
shrinkage=0.08


Tree=12
num_leaves=22
num_cat=0
split_feature=24 29 0 16 35 22 0 26 6 26 28 1 12 22 1 3 24 35 16 24 24
split_gain=11.2419 10.1915 10.5752 9.38393 9.62921 8.98883 8.09212 8.82654 8.08038 9.92214 8.02901 12.5645 10.9571 6.93788 8.35558 6.54016 6.42095 5.91391 4.59011 4.19214 3.67763
threshold=0.00040908323440890009 0.49951997813223897 24.372700808829887 0.0016620335882614001 1.0000000180025095e-35 -5.4876944453659391e-05 37.620437921320857 -2.8307088417092275e-06 -0.00037248065017464997 -9.2393988298380441e-06 -0.7715702217203001 -3.983928971292698 0.00041806206865225003 -6.5335740932723199e-05 -0.77609853876447221 0.0044421052174978002 0.00030318851298585006 1.0000000180025095e-35 -0.0013026599406238998 0.00020769550676155005 0.00047337068195495006
decision_type=2 2 2 2 2 2 2 2 2 2 2 2 2 2 2 2 2 2 2 2 2
left_child=1 2 18 4 10 6 7 -4 -7 -10 13 -12 -13 -2 -15 -5 17 19 -1 -3 -6
right_child=3 16 5 15 20 8 -8 -9 9 -11 11 12 -14 14 -16 -17 -18 -19 -20 -21 -22
leaf_value=0.060637973658691426 0.07242975069768641 -0.0085972220546746466 -0.055077760700196494 -0.052843805041944823 0.030203598482077078 0.042076359892624593 -0.07926381041207381 0.0022447991678325088 -0.042727940046895764 -0.0050153194189089343 0.067367053685669656 0.050292383372980524 -0.030140177681662814 -0.032018786432810434 0.031123298581070102 0.018041055863819003 -0.019086791399850395 0.077103998636096169 -0.0028882977311397947 0.04751882590961972 0.076490051404536949
leaf_weight=18.013751327991489 17.94187518954277 17.866434097290039 30.81124410033226 21.387530833482742 22.403123140335083 19.384800717234612 21.470683664083481 38.892597422003746 53.175401046872139 278.45674332976341 13.072748750448225 12.916915789246557 67.399689674377441 17.178991615772247 61.180336192250252 13.644939407706259 17.694510608911514 15.99824547767639 12.215870827436445 16.286754116415977 21.557233467698097
leaf_count=75 74 75 127 88 94 78 89 161 220 1157 60 54 278 71 253 57 73 67 50 67 89
internal_value=3.24204e-06 -0.00664742 -0.0108113 0.0133764 0.0191655 -0.0139409 -0.0363211 -0.0230935 -0.00812776 -0.0110623 0.0113472 -0.00536617 -0.0172046 0.0275553 0.0172804 -0.0252346 0.0223466 0.0369651 0.0349668 0.018163 0.0529015
internal_weight=808.95 540.267 472.421 268.683 233.651 442.191 91.1745 69.7038 351.017 331.632 189.691 93.3894 80.3166 96.3012 78.3593 35.0325 67.8459 50.1514 30.2296 34.1532 43.9604
internal_count=3357 2239 1957 1118 973 1832 377 288 1455 1377 790 392 332 398 324 145 282 209 125 142 183
is_linear=0
shrinkage=0.08


Tree=13
num_leaves=19
num_cat=0
split_feature=32 29 24 9 21 27 25 9 8 24 29 27 27 37 0 1 32 24
split_gain=9.90821 8.32547 9.51171 12.6998 11.0228 10.244 10.0647 9.72397 9.31861 8.90706 7.23992 5.53074 5.56828 4.56151 4.47763 4.33076 5.23482 5.06288
threshold=-0.0021490604751820499 0.54420858358309998 0.00038912769784110003 0.00050095811468660008 -0.00025961851043959991 0.0026024187108395001 1.0000000180025095e-35 0.00037416087515465009 -0.0020465100668759493 0.00022273631488450003 0.18648337292167746 0.0025958941636219503 0.0026106561081165503 1.0000000180025095e-35 47.371009462007301 -0.27820491839156597 -0.00010563117773719999 0.00027187192954370001
decision_type=2 2 2 2 2 2 2 2 2 2 2 2 2 2 2 2 2 2
left_child=-1 2 3 4 7 10 -7 -2 -8 -6 13 -5 -13 -4 -12 -3 -17 -18
right_child=1 15 5 11 9 6 8 -9 -10 -11 14 12 -14 -15 -16 16 17 -19
leaf_value=0.073278942874208428 -0.0042256776594791351 0.063485506841231151 0.071946760287470213 -0.082547235995757917 0.0061124649172358504 -0.060381576200562524 0.0676949621305699 0.05133373787865704 -0.0039835169235946499 -0.02224517493307188 0.033587554509298789 -0.014375292385541477 -0.077082531687930486 0.026203454858745735 -0.010046750511495024 0.058891798624387093 0.024664445079192632 -0.042657768259417687
leaf_weight=11.640438273549078 44.03924472630024 16.084216669201851 25.398695066571236 16.783827066421509 111.36056812107563 18.500996246933937 12.71209569275379 37.182820394635201 133.63640052080154 195.05073040723801 25.006310597062111 37.751230880618095 11.925884470343588 30.957210496068001 37.807446822524071 12.080005437135695 16.97789050638676 12.349568977952002
leaf_count=56 178 67 105 70 463 77 54 150 554 815 103 156 50 129 157 50 71 52
internal_value=5.1036e-06 -0.00106696 -0.00335091 -0.0105331 -0.00499341 0.00813213 -0.00478568 0.021209 0.00224261 -0.011939 0.0260016 -0.0428435 -0.0294293 0.0468192 0.00732417 0.0282558 0.0145712 -0.00368442
internal_weight=807.246 795.605 738.113 454.094 387.633 284.019 164.849 81.2221 146.348 306.411 119.17 66.4609 49.6771 56.3559 62.8138 57.4917 41.4075 29.3275
internal_count=3357 3301 3061 1882 1606 1179 685 328 608 1278 494 276 206 234 260 240 173 123
is_linear=0
shrinkage=0.08


Tree=14
num_leaves=29
num_cat=0
split_feature=26 21 26 21 26 21 26 21 26 26 21 26 26 21 40 3 21 27 15 22 21 3 26 37 27 27 15 15
split_gain=10.7705 11.8285 12.9341 20.2301 19.15 18.845 8.73413 8.67383 10.9226 8.78853 8.45092 8.3778 7.48351 8.03501 7.1446 6.52405 4.85358 4.58995 3.87693 3.84512 3.38605 3.27967 2.99461 2.73451 2.29042 2.96607 1.95826 3.85887
threshold=1.2177377833700837e-05 0.00024044026820295002 9.2972748611368319e-07 -0.00010091562619864999 -5.8565993845230922e-06 -0.00023136534076549997 5.5922197299251992e-06 0.00060849744206575016 2.0430330751727119e-05 1.6737239848663624e-05 6.1299184742739739e-05 3.5418626437204232e-06 -5.0955979780462235e-06 1.3004574171803718e-05 0.50000000000000011 0.0036308361167016506 0.00042787399346640008 0.0025931607311050504 0.00029757439247595001 5.8988560259391924e-05 -0.00023776730693744999 0.0026561376933698006 2.3586533147874173e-06 1.0000000180025095e-35 0.0025908247269495004 0.00259790855897955 -0.00022822068482789999 9.9276199701774556e-05
decision_type=2 2 2 2 2 2 2 2 2 2 2 2 2 2 2 2 2 2 2 2 2 2 2 2 2 2 2 2
left_child=1 2 3 4 5 -1 -3 9 -9 16 26 22 17 -14 -13 21 18 -5 -2 24 -6 -10 -12 -11 -8 -26 -4 -28
right_child=7 6 10 12 20 -7 19 8 15 23 11 14 13 -15 -16 -17 -18 -19 -20 -21 -22 -23 -24 -25 25 -27 27 -29
leaf_value=0.0035426042193314662 0.068491972469402279 -0.091148908152691693 0.024917787017760182 -0.11424530468361097 0.067185799928344572 -0.052584166845765251 -0.010676111910800281 -0.067556386431689805 0.020207825532824433 0.094777222501927508 -0.0059783515963380612 0.054284625062512859 -0.0075253765583238761 -0.053302010851067234 0.0013406399144799248 0.048455453911436346 -0.015906135004717731 -0.040933734234575032 0.013321898150308797 0.013273799418865626 0.028675639370800445 -0.034822869301746037 -0.0583992359388684 0.047053115298385954 -0.075963939015638568 -0.021094289786628227 0.083522841035230333 0.028423746849639501
leaf_weight=197.11819948256016 13.281481966376303 14.239679455757139 17.522558957338333 10.854697003960611 20.553726926445961 47.514155611395836 16.72287879884243 13.207788586616514 12.35526478290558 15.093525782227516 14.692478850483896 25.899684965610504 61.57003815472126 40.803466007113457 44.069204479455948 20.758768528699875 18.819561898708344 11.009063228964804 21.107142880558968 15.249188899993895 50.551538169384003 15.787584289908407 13.277073711156843 15.652385517954826 12.76239947974682 12.461872309446333 17.600891932845116 15.125803604722021
leaf_count=803 56 66 75 53 87 201 69 54 50 68 60 108 254 171 183 89 76 50 86 62 209 64 55 68 53 51 74 62
internal_value=6.75604e-06 -0.00434597 -0.000612397 -0.00749736 0.00326327 -0.00735872 -0.0350861 0.019663 -0.00300262 0.036431 0.0198293 0.00614496 -0.0348445 -0.0257708 0.0209384 0.0144326 0.0167552 -0.0773307 0.0346295 -0.0211286 0.0398074 -0.0106633 -0.0308624 0.0704814 -0.033635 -0.048856 0.0465008 0.0580568
internal_weight=805.662 659.599 588.163 439.975 315.738 244.632 71.436 146.064 62.1094 83.9541 148.188 97.9384 124.237 102.374 69.9689 48.9016 53.2082 21.8638 34.3886 57.1963 71.1053 28.1428 27.9696 30.7459 41.9472 25.2243 50.2493 32.7267
internal_count=3357 2746 2445 1828 1300 1004 301 611 257 354 617 406 528 425 291 203 218 103 142 235 296 114 115 136 173 104 211 136
is_linear=0
shrinkage=0.08


Tree=15
num_leaves=21
num_cat=0
split_feature=26 15 15 32 33 24 28 6 28 26 38 26 14 0 14 32 32 27 28 36
split_gain=9.27 12.9131 13.1289 7.94046 10.0715 7.85326 10.8077 7.46133 8.67567 20.3411 7.32923 7.05494 6.73189 6.54382 6.25331 6.33373 8.99435 5.99882 8.58907 3.10983
threshold=7.4932882172048683e-06 0.00029200806298330007 0.00038225573457800006 0.00098157738122365006 0.00078880999232945007 0.00042507518081160003 -0.83330741594135083 0.00016601501217540003 -0.76294591341713758 2.6351051465604506e-05 1.0000000180025095e-35 1.7043160106521e-05 0.00021535776356345002 43.84597252771762 0.00042025812407505005 0.00021657575795665005 0.00069176010123825013 0.0026036387187145004 -0.8193321281215572 1.0000000180025095e-35
decision_type=2 2 2 2 2 2 2 2 2 2 2 2 2 2 2 2 2 2 2 2
left_child=1 3 -3 4 5 12 -7 11 10 -10 17 13 -1 19 15 -4 -17 18 -9 -2
right_child=7 2 14 -5 -6 6 -8 8 9 -11 -12 -13 -14 -15 -16 16 -18 -19 -20 -21
leaf_value=-0.0013156011530409803 0.02619940529224523 -0.089153333504252461 -0.051980925062317357 0.060691398088469246 -0.069910007115733308 0.092356318100627471 0.010589154503407796 0.014045435377162763 -0.095749731482684841 0.024568817804319961 0.058683210458064419 0.094683277544256317 -0.036431539492643758 0.064993288635034535 -0.052114625772632144 0.061207378544225755 -0.016847560439159633 0.052260584928134395 -0.042744524676939143 -0.023385385511647105
leaf_weight=328.95314583182335 17.981550738215446 20.408267065882683 12.106325671076773 13.409385561943052 13.474266454577444 11.809995487332342 83.433796793222427 59.383984580636024 16.301498934626579 20.057132810354233 20.586309835314751 11.366768345236776 39.09074878692627 17.061678841710091 22.239735350012779 15.677948758006094 23.77757839858532 15.29004383087158 23.90596342086792 14.723312333226202
leaf_count=1362 76 89 52 56 57 49 350 248 67 86 85 52 167 72 99 66 100 63 99 62
internal_value=4.50258e-06 -0.00523563 -0.0323614 -2.21105e-05 -0.00172974 0.00025322 0.0207281 0.0141384 0.0048306 -0.0293764 0.0152674 0.0378179 -0.00504534 0.0248297 -0.0166568 -0.00136314 0.0141682 0.00620097 -0.00225448 0.00387696
internal_weight=801.039 584.381 94.2099 490.171 476.762 463.288 95.2438 216.658 155.525 36.3586 119.166 61.1333 368.044 49.7665 73.8016 51.5619 39.4555 98.58 83.2899 32.7049
internal_count=3357 2447 406 2041 1985 1928 399 910 648 153 495 262 1529 210 317 218 166 410 347 138
is_linear=0
shrinkage=0.08


Tree=16
num_leaves=24
num_cat=0
split_feature=27 26 21 21 26 21 26 30 26 21 26 1 8 8 26 31 3 29 10 24 0 21 3
split_gain=9.06256 9.0338 19.9358 14.1503 12.1227 13.1876 17.8754 10.3653 9.49558 8.73016 7.92737 6.64054 12.0069 10.4589 9.53132 9.01938 6.61202 5.52795 5.12993 4.83639 2.42543 2.15903 2.15103
threshold=0.0025833525959907504 -3.2721851129525194e-06 -0.00019622436741039998 -0.00011108918711669998 -8.5399843725938023e-06 -0.00052239641798699989 -1.4150897098979658e-05 -1.132505742656629 -6.049441992241428e-06 -8.3925627612582192e-05 -2.0637360858454736e-05 1.5744323422186428 0.0012895659997316502 0.00089856310843860012 6.7057553124557807e-06 0.039654807442373811 0.0015878900059799002 0.12598453212135327 5.6080206385932458e-05 0.00037591385704835006 49.903630895289957 -8.1797343337828267e-06 0.0015595141389351003
decision_type=2 2 2 2 2 2 2 2 2 2 2 2 2 2 2 2 2 2 2 2 2 2 2
left_child=-1 2 4 19 5 10 -7 -6 18 16 -2 13 17 15 -14 -5 -10 -13 20 22 -4 -11 -3
right_child=1 3 8 11 7 6 -8 -9 9 21 -12 12 14 -15 -16 -17 -18 -19 -20 -21 -22 -23 -24
leaf_value=-0.075281208516833967 -0.0014447904665897662 0.058309980067949185 -0.10695725466612968 0.038878507234309308 0.0026361834930346078 -0.064344156319935952 0.0020276490662695175 0.080984505380189586 0.055524224012252391 -0.027753314404532187 0.051182358704268863 0.033371633752425869 -0.056109653143322107 -0.066077373636270156 0.028344234352427264 -0.0019656192683354958 -0.025163819121035901 0.10556622871934521 -0.025243915015696484 0.095436037588219544 -0.060958813494351755 -0.076217914996495981 0.011239155138166868
leaf_weight=10.103764414787291 44.909014940261841 12.377815514802935 16.742585957050327 38.911301523447037 21.847273111343384 42.034944579005241 67.95076085627079 21.385352805256844 12.862506181001665 11.522888004779817 30.938285008072853 14.133668065071108 13.321741640567778 14.808032587170599 23.889502242207527 312.4167547672987 13.139370858669279 13.06024533510208 12.215839385986326 12.656255960464476 13.0584559738636 12.019030436873434 12.475750818848608
leaf_count=42 186 52 77 165 90 173 276 88 53 50 126 59 57 63 98 1315 54 54 55 58 60 54 52
internal_value=3.98847e-06 0.000968469 -0.00937634 0.00805491 0.00323559 -0.00564115 -0.0233387 0.0413918 -0.0409288 -0.0172034 0.0200219 0.00394917 0.0276381 -0.000217829 -0.00189052 0.00255807 0.0147506 0.0680441 -0.0689043 0.055181 -0.0868013 -0.0524963 0.0346818
internal_weight=798.781 788.677 320.626 468.051 229.066 185.833 109.986 43.2326 91.5607 49.5438 75.8473 430.541 64.4052 366.136 37.2112 351.328 26.0019 27.1939 42.0169 37.5098 29.801 23.5419 24.8536
internal_count=3357 3315 1342 1973 939 761 449 178 403 211 312 1811 268 1543 155 1480 107 113 192 162 137 104 104
is_linear=0
shrinkage=0.08


Tree=17
num_leaves=11
num_cat=0
split_feature=32 27 3 24 25 24 27 27 1 16
split_gain=8.76218 7.53009 8.87925 7.25608 8.30803 9.94639 8.09927 7.45038 7.0827 6.51047
threshold=-0.0023884880142191994 0.0025833525959907504 0.00077039921482650018 0.00040908323440890009 1.0000000180025095e-35 0.00021838471337715004 0.0026111099399479007 0.0026477529443829002 -2.4472622295033939 -0.00021698423026659996
decision_type=2 2 2 2 2 2 2 2 2 2
left_child=-1 -2 -3 4 9 -6 8 -8 -5 -4
right_child=1 2 3 6 5 -7 7 -9 -10 -11
leaf_value=0.081791673421001687 -0.069685354170807706 0.048493832065124511 0.062117459250196468 0.078008245350358135 0.011936117321625124 -0.016864445665936329 -0.019223931547809787 0.033085208191404994 0.015869068557216398 0.0016754661752684846
leaf_weight=8.2952632457017881 10.044291034340857 23.462867707014084 18.196148887276649 12.802165001630781 98.329873442649841 349.58780723810196 80.802603349089622 22.217789888381958 141.4215796738863 30.562190487980843
leaf_count=42 42 99 75 54 413 1472 341 96 594 129
internal_value=7.09153e-07 -0.000860929 2.83268e-05 -0.00147998 -0.00712823 -0.010542 0.00942544 -0.00794273 0.0210273 0.0242318
internal_weight=795.723 787.427 777.383 753.92 496.676 447.918 257.244 103.02 154.224 48.7583
internal_count=3357 3315 3273 3174 2089 1885 1085 437 648 204
is_linear=0
shrinkage=0.08


Tree=18
num_leaves=28
num_cat=0
split_feature=26 21 21 26 21 26 8 10 21 26 30 26 21 12 0 21 15 1 26 12 29 32 16 8 26 30 8
split_gain=8.1882 17.2355 13.5519 9.79922 13.9097 9.65717 8.36835 8.24664 7.62691 7.53607 7.83775 6.67713 11.0426 8.52469 8.55418 6.38836 8.42174 6.17089 6.06183 5.34834 3.76627 3.75951 4.70433 3.46147 2.78441 2.77607 1.34049
threshold=1.4426603313840388e-07 -7.887357266328752e-05 3.6967912846611199e-06 -6.049441992241428e-06 -0.00025961851043959991 -8.5399843725938023e-06 -0.0016138937774206998 5.6080206385932458e-05 -0.00052239641798699989 -5.2457158472662826e-06 1.3170883127518225 5.4293891250328491e-06 0.00015567364088530004 0.00051883040969185007 39.916819691085706 -0.00015127373234694998 -7.2362680616002545e-05 1.7502996771613655 -9.2393988298380441e-06 0.00044923041110625007 0.43561158511337078 -0.00057162523560464991 -9.2651572653863759e-05 -5.7720226518145661e-05 3.8124172391689599e-06 -1.132505742656629 9.5557705910117937e-05
decision_type=2 2 2 2 2 2 2 2 2 2 2 2 2 2 2 2 2 2 2 2 2 2 2 2 2 2 2
left_child=1 3 25 4 5 8 -4 18 -1 -3 19 12 23 17 -15 21 -17 -13 -6 20 -11 -5 -23 -8 -14 -2 -27
right_child=2 9 6 15 7 -7 11 -9 -10 10 -12 13 24 14 -16 16 -18 -19 -20 -21 -22 22 -24 -25 -26 26 -28
leaf_value=0.017500754835438816 0.027276467105632855 -0.089773557793617467 0.059623779382774099 0.018626826065980678 -0.085862093840912784 0.066128892465172034 0.023919198658962075 0.013501450242513799 -0.016951602244096645 -0.071205254269405022 0.017920352896020647 0.013002934430052033 -0.038676248708806725 -0.067962660281806475 -0.0012295281354244068 -0.03497150247966762 0.040899582011860502 0.063927855270067932 -0.028823651085382668 -0.0026792532145026755 -0.020563831427583949 0.10133657077739462 0.031574030286343785 -0.016061239535337484 -0.091294919640848834 0.090421103714309364 0.05180501734485142
leaf_weight=75.690761938691139 15.368666365742682 14.995401605963705 16.159021303057671 17.976052969694138 22.388722613453861 14.847796291112898 24.009183064103127 14.432366713881491 90.047034218907356 31.350687459111214 18.345776751637459 136.43120022118092 14.488488852977754 14.870189294219015 70.946044534444809 19.62127922475338 17.909974977374077 17.1423220038414 25.514109179377559 16.448082268238068 13.423260152339934 12.459154009819033 12.28735528886318 32.784325614571571 11.580860331654547 11.550223767757418 11.462849736213682
leaf_count=313 68 77 76 76 99 60 98 61 367 134 78 575 65 62 293 82 75 71 109 70 56 53 52 134 53 50 50
internal_value=2.52536e-06 -0.00771057 0.00855376 0.00107951 -0.00692745 0.00431968 0.00344427 -0.0395105 -0.00121756 -0.0377511 -0.0279469 0.000627208 -0.0189459 0.00740228 -0.012793 0.0253158 0.0012343 0.0186873 -0.0554822 -0.0416915 -0.0560229 0.0464711 0.0666975 0.000840299 -0.0620512 0.0536041 0.0711864
internal_weight=794.531 417.738 376.793 323.175 242.921 180.586 338.412 62.3352 165.738 94.5632 79.5678 322.253 82.8629 239.39 85.8162 80.2538 37.5313 153.574 47.9028 61.222 44.7739 42.7226 24.7465 56.7935 26.0693 38.3817 23.0131
internal_count=3357 1762 1595 1347 1009 740 1427 269 680 415 338 1351 350 1001 355 338 157 646 208 260 190 181 105 232 118 168 100
is_linear=0
shrinkage=0.08


Tree=19
num_leaves=19
num_cat=0
split_feature=32 26 15 29 15 1 33 16 29 22 15 33 3 6 12 7 16 2
split_gain=7.46744 7.81245 9.64856 7.14081 6.80906 11.3144 13.7339 7.93405 7.59538 7.02722 6.88741 6.59944 6.72315 6.36617 5.37435 5.66874 4.79627 2.89483
threshold=-0.0023884880142191994 9.2972748611368319e-07 9.9276199701774556e-05 0.45994126153971343 0.00029200806298330007 -0.029831545672095599 -5.0986330382113061e-05 -0.00051814129358979989 0.5045576230930785 2.9603225339081702e-05 0.00045566899617840003 -0.00032171343433604998 0.0036308361167016506 5.8539254821581902e-05 0.00028322853803710007 -0.00028371317929169992 0.0022253547562991003 0.79796194546427224
decision_type=2 2 2 2 2 2 2 2 2 2 2 2 2 2 2 2 2 2
left_child=-1 4 3 14 5 6 8 -7 -2 -9 -6 -4 13 -13 -3 -16 -14 -12
right_child=1 2 11 -5 10 7 -8 9 -10 -11 17 12 16 -15 15 -17 -18 -19
leaf_value=0.077426147499221887 -0.016575897477808316 0.057419386249044926 -0.041964333540750992 0.086295045851546889 -0.074381348136640615 0.055990015541401289 -0.091385140107617724 -0.018337187364115749 0.037815477279244759 0.01714374810609836 0.016652357032037397 0.053909347654541348 0.06975952821418685 -0.0049915336498380066 0.028839904131331293 -0.018977153323037361 0.0045056866688102763 -0.037437409384454334
leaf_weight=7.8923128545284262 176.55220672488213 20.06633397936821 22.13340499997139 12.28111459314823 18.865363627672195 21.435314863920212 14.827712595462797 56.67638199031353 18.117339253425598 96.641684710979462 12.599793240427973 12.511324748396872 15.686594977974893 191.47722920775414 40.702965006232262 26.0046047270298 13.339017912745474 12.730711862444876
leaf_count=42 742 85 96 54 87 88 64 240 76 405 55 52 67 806 176 110 56 56
internal_value=-1.31022e-06 -0.000782097 0.00800859 0.0291997 -0.00804947 -0.00462914 -0.0171669 0.0104014 -0.0115138 0.00402767 -0.0377868 -0.000218346 0.003747 -0.00137894 0.0211189 0.0101994 0.0397715 -0.0105323
internal_weight=790.541 782.649 354.203 99.055 428.447 384.251 209.497 174.753 194.67 153.318 44.1959 255.148 233.014 203.989 86.7739 66.7076 29.0256 25.3305
internal_count=3357 3315 1502 425 1813 1615 882 733 818 645 198 1077 981 858 371 286 123 111
is_linear=0
shrinkage=0.08


Tree=20
num_leaves=19
num_cat=0
split_feature=24 24 24 0 33 20 31 14 14 12 36 24 31 25 27 12 8 1
split_gain=7.34549 7.33609 8.74259 11.2431 11.0842 8.16042 7.39215 7.25313 10.9346 7.18776 7.00575 7.44583 6.18769 6.00373 5.94293 4.88863 3.92114 5.31003
threshold=0.00010286394944820001 0.00018901996358880005 0.00032548040842360007 69.482700261943094 0.00053471892544510011 1.0000000180025095e-35 0.04184337706530656 3.8817369311554126e-06 7.0746915541736706e-05 0.00059544402693585013 1.0000000180025095e-35 0.00016948067853290002 0.077364865766342925 1.0000000180025095e-35 0.0026135965574227006 0.00032609223504045004 0.00019270351021685004 -0.19438988524962039
decision_type=2 2 2 2 2 2 2 2 2 2 2 2 2 2 2 2 2 2
left_child=-1 10 6 4 5 -4 16 13 -9 -6 11 12 -2 -8 15 -5 17 -3
right_child=1 2 3 14 9 -7 7 8 -10 -11 -12 -13 -14 -15 -16 -17 -18 -19
leaf_value=-0.068620326068057014 0.056074106776913518 0.040127350392073907 0.00058096783091272789 0.0095260859019166231 -0.0098765817877738797 0.032425940315994078 0.04917984053592412 -0.1041508018437568 -0.024266203512009091 -0.061973754331034962 -0.017071663516038633 0.082184785262036805 -0.013461236630357315 -0.010747828459876121 -0.011154299261845335 0.069174627071451486 0.050452391810725063 -0.030413803752420296
leaf_weight=9.8588656932115537 15.074770808219908 11.991757676005363 231.25072434544563 12.163507282733915 54.855635687708855 66.255814597010612 11.825465217232702 12.362376287579535 97.103889025747776 24.52743673324585 18.066626146435738 18.062456622719765 17.933890253305435 112.32425346970558 11.869023367762564 31.740185245871544 15.215375825762747 15.86493556201458
leaf_count=42 64 51 989 52 234 284 50 53 417 104 78 76 76 471 50 133 65 68
internal_value=2.39092e-07 0.000869258 -0.00155525 0.00554707 0.000586147 0.00767296 -0.0126613 -0.018276 -0.0332878 -0.0259733 0.0257446 0.040891 0.018295 -0.00503962 0.039071 0.052649 0.017792 -4.72265e-05
internal_weight=788.347 778.488 709.35 432.662 376.89 297.507 276.688 233.616 109.466 79.3831 69.1377 51.0711 33.0087 124.15 55.7727 43.9037 43.0721 27.8567
internal_count=3357 3315 3021 1846 1611 1273 1175 991 470 338 294 216 140 521 235 185 184 119
is_linear=0
shrinkage=0.08


Tree=21
num_leaves=19
num_cat=0
split_feature=26 21 26 21 29 31 21 26 26 1 21 3 27 21 3 36 10 15
split_gain=7.2942 12.8909 6.98828 6.73559 6.78636 9.35578 8.62854 8.30669 6.52489 12.3336 10.2585 4.59374 4.79512 4.56936 3.53612 3.08619 2.04015 1.97861
threshold=1.6737239848663624e-05 0.0006192922728277501 2.6351051465604506e-05 0.0005308991489991001 0.49951997813223897 0.093722547521946614 0.00030218888353805007 7.7215618618270137e-06 -1.1025008694300969e-05 1.6081631124070557 -0.00028903503151579994 0.0012249852374541504 0.0025915824352553004 0.00037547130699965009 0.0036308361167016506 1.0000000180025095e-35 1.8306002731297055e-05 0.00017324364601015003
decision_type=2 2 2 2 2 2 2 2 2 2 2 2 2 2 2 2 2 2
left_child=3 15 -3 4 5 8 7 -7 10 -10 -1 12 16 -8 -4 -2 -6 -13
right_child=1 2 14 -5 11 6 13 -9 9 -11 -12 17 -14 -15 -16 -17 -18 -19
leaf_value=-0.022307926737286862 0.086178661691923605 -0.035522978721589875 -0.0052620112926646699 -0.060523000199119582 0.0038490409308591157 0.0059665336587288653 -0.060032070535125701 0.054457893352814979 -0.012212648740336578 0.069561949734008366 -0.10565539461933629 0.064598876560900201 -0.038326640792287828 -0.0039023630430353807 0.048086493332992045 0.036437705835832446 0.044841564734917398 0.021768313365029816
leaf_weight=58.847168952226639 16.589861795306206 22.796664193272591 15.28473310172558 12.663469225168226 18.074247494339946 247.22419112920761 17.746220201253891 24.884610146284103 224.15374960750341 12.460314169526098 11.259297177195547 16.491440698504451 11.767640709877012 19.46159753203392 16.574430957436562 15.387919574975969 13.629734560847281 11.872463494539259
leaf_count=241 78 93 62 53 78 1055 74 108 957 53 51 70 51 80 75 69 59 50
internal_value=9.41929e-08 0.0218987 -0.00170572 -0.00270806 -0.0016437 -0.00435715 0.00546025 0.0104011 -0.0142576 -0.00790632 -0.0356938 0.0216259 0.00528467 -0.0306734 0.022492 0.062243 0.021472 0.046671
internal_weight=787.17 86.6336 54.6558 700.536 687.873 616.037 309.317 272.109 306.721 236.614 70.1065 71.8355 43.4716 37.2078 31.8592 31.9778 31.704 28.3639
internal_count=3357 377 230 2980 2927 2619 1317 1163 1302 1010 292 308 188 154 137 147 137 120
is_linear=0
shrinkage=0.08


Tree=22
num_leaves=23
num_cat=0
split_feature=26 21 21 26 21 26 21 19 24 24 10 16 10 0 26 24 26 21 3 8 12 28
split_gain=6.5884 8.49437 7.842 7.58328 8.04672 6.91309 10.7567 5.77268 5.4424 5.51233 4.92339 5.31089 4.87906 4.50934 4.44941 4.15082 3.92355 7.99223 4.95576 3.84015 3.15995 1.56307
threshold=1.3282014396285182e-05 0.00030218888353805007 0.00042787399346640008 6.7057553124557807e-06 0.00015567364088530004 9.2972748611368319e-07 9.505317615715827e-06 1.0000000180025095e-35 0.00021665104885765005 0.00037121988609570007 0.00021004152726060001 0.00026761578796975007 0.00057824400053285013 48.786966559605567 8.2616536703189188e-06 0.00038912769784110003 1.8420720417347569e-05 0.00069026108932605009 0.0036308361167016506 -0.00011012286691904997 0.00054986450486565011 -0.81795508722804489
decision_type=2 2 2 2 2 2 2 2 2 2 2 2 2 2 2 2 2 2 2 2 2 2
left_child=1 3 20 4 5 6 -1 14 -5 13 11 -6 16 -10 -3 -16 21 -18 -19 -7 -2 -4
right_child=2 7 12 8 10 19 -8 -9 9 -11 -12 -13 -14 -15 15 -17 17 18 -20 -21 -22 -23
leaf_value=-0.00060996251202353644 0.070508632285149198 -0.088421129275187055 0.0095150433041278955 0.076003461607123859 -0.058058007290142974 0.037575285725971186 -0.043219976397749604 0.010009563741305962 -0.043563130371209721 0.048400813795188236 -0.080297521641917544 0.014732946965305313 -0.027001513997575662 0.022498794409238729 -0.05943088173735081 0.0016926926600628989 0.070239258070425747 -0.027104220397094952 0.038682329535541973 0.0034891395495550343 0.017960837657190424 -0.031280370714816194
leaf_weight=381.43658073246479 20.011397317051891 12.443791225552557 12.010190680623056 11.704774320125578 11.920024693012239 41.49131765961647 42.102171242237091 14.64951218664646 12.483346298336985 18.408803433179855 12.353174760937689 13.890093341469763 22.813507631421089 14.062058940529822 15.347858518362047 13.248101934790609 18.309097170829773 16.033313408493999 13.498325541615484 43.153353273868561 11.552012488245962 12.03326430916786
leaf_count=1617 88 58 51 53 55 176 186 62 52 81 56 60 98 58 63 54 82 65 61 180 51 50
internal_value=2.1474e-06 -0.00320671 0.0167425 -0.000445884 -0.00333495 -0.000674364 -0.00484564 -0.033101 0.0274126 0.0147609 -0.0387634 -0.0188845 0.00523209 -0.00856775 -0.0484897 -0.0311132 0.0154619 0.0287118 0.0029655 0.0201976 0.0512765 -0.0109022
internal_weight=784.956 658.695 126.261 603.006 546.347 508.183 423.539 55.6893 56.659 44.9542 38.1633 25.8101 94.6977 26.5454 41.0398 28.596 71.8842 47.8407 29.5316 84.6447 31.5634 24.0435
internal_count=3357 2811 546 2574 2330 2159 1803 237 244 191 171 115 407 110 175 117 309 208 126 356 139 101
is_linear=0
shrinkage=0.08


Tree=23
num_leaves=15
num_cat=0
split_feature=24 24 24 0 27 29 25 21 33 6 36 24 31 25
split_gain=6.27175 6.18352 7.65145 7.34501 6.89862 6.6992 6.20367 6.18921 6.16467 6.11584 5.93462 6.17358 5.24117 4.74192
threshold=0.00010286394944820001 0.00018901996358880005 0.00039086439056700001 27.698985310517681 0.0026024187108395001 0.18648337292167746 1.0000000180025095e-35 -0.00052239641798699989 -0.0008982914858254999 -0.00056401135385124996 1.0000000180025095e-35 0.00016948067853290002 0.077364865766342925 1.0000000180025095e-35
decision_type=2 2 2 2 2 2 2 2 2 2 2 2 2 2
left_child=-1 10 7 -4 5 -5 -6 8 -3 -9 11 12 -2 -11
right_child=1 2 3 4 6 -7 -8 9 -10 13 -12 -13 -14 -15
leaf_value=-0.06370504547583701 0.052144511438825036 -0.011083118017732634 0.064276250735117418 0.043376230996667139 -0.048077513124555944 0.0038682973731350135 0.00076648576418514736 -0.066084726000930405 0.061655287925050539 0.015486000563792941 -0.015754172140961822 0.075862302025276093 -0.012123954753543812 -0.012626217721180673
leaf_weight=9.7662657499313337 14.95098355412483 14.382004380226137 14.362044975161551 48.368197128176689 18.772976100444794 63.570155084133148 146.61103826761246 12.558295622467993 15.486729472875593 43.525837704539299 17.932261198759079 17.718773633241653 17.777300611138344 326.1558588668704
leaf_count=42 64 59 70 207 81 271 632 53 63 186 78 76 76 1399
internal_value=2.49284e-06 0.000808252 -0.00142322 0.00849169 0.00560271 0.0209395 -0.00477787 -0.00844084 0.0266312 -0.0111814 0.0237756 0.0378271 0.0172353 -0.00931632
internal_weight=781.939 772.172 703.793 291.684 277.322 111.938 165.384 412.109 29.8687 382.24 68.3793 50.4471 32.7283 369.682
internal_count=3357 3315 3021 1261 1191 478 713 1760 122 1638 294 216 140 1585
is_linear=0
shrinkage=0.08


Tree=24
num_leaves=21
num_cat=0
split_feature=1 26 21 21 26 21 0 27 12 26 21 14 31 12 36 28 26 26 29 12
split_gain=6.04535 6.40873 16.2675 15.9679 8.33813 19.7282 8.29011 6.98598 7.04233 6.83987 6.34348 10.8466 6.073 5.76213 4.88618 3.76725 6.30872 3.09592 2.53861 1.7583
threshold=-4.3724845504420946 -2.9538746720581444e-06 -0.00015617148021529999 -0.00011108918711669998 -1.4150897098979658e-05 -0.00052239641798699989 51.166011013986214 0.0025839484833035504 0.00082920997313890011 -2.0905183432319631e-05 -0.00039943388171819995 -0.00035206742267784993 0.039654807442373811 0.00051047635295850015 1.0000000180025095e-35 -0.83661943318496013 -4.623587073071582e-06 -5.0955979780462235e-06 0.22176472243440962 0.00098802794535990022
decision_type=2 2 2 2 2 2 2 2 2 2 2 2 2 2 2 2 2 2 2 2
left_child=-1 2 4 18 5 9 17 -5 12 -2 14 -12 -9 -7 -6 16 -8 -4 -3 -10
right_child=1 3 6 7 10 13 15 8 19 -11 11 -13 -14 -15 -16 -17 -18 -19 -20 -21
leaf_value=0.048045521615118922 -0.0096800427848873806 0.083293953663323872 -0.095436372640358091 -0.05969565884659607 0.080376899631014562 -0.035251059641439 -0.039290636210467834 0.036272498450811187 -0.056776388913078499 0.043358072704619527 -0.025341996355359459 0.025546786725386256 0.002154861032914296 -0.095771510618931938 0.012966840429297227 -0.048434063162690714 0.042692828121897133 -0.046544054911747255 0.038382945328724334 -0.015379569911565373
leaf_weight=16.411567106842995 40.068664446473122 15.061116039752958 17.515916265547276 11.815837696194647 14.121007308363914 25.341101318597794 11.994971558451651 37.056061133742332 13.926208570599558 25.442712917923927 45.523395553231239 65.194461211562157 337.57160218060017 16.705790609121323 13.423699706792831 15.896010383963583 12.033690646290781 15.734448194503782 17.316316589713097 12.42561039328575
leaf_count=84 166 68 87 50 57 106 58 163 59 104 189 275 1443 71 55 74 51 68 76 53
internal_value=4.5737e-06 -0.00102717 -0.00968189 0.00517451 0.00017477 -0.0165302 -0.0427939 0.000931215 0.00271773 0.0109184 0.01317 0.00462306 0.00552959 -0.0592966 0.0475251 -0.0182205 0.00176715 -0.0723 0.0592743 -0.0372566
internal_weight=780.58 764.169 318.996 445.173 245.821 107.558 73.175 412.795 400.979 65.5114 138.263 110.718 374.628 42.0469 27.5447 39.9247 24.0287 33.2504 32.3774 26.3518
internal_count=3357 3273 1361 1912 1023 447 338 1768 1718 270 576 464 1606 177 112 183 109 155 144 112
is_linear=0
shrinkage=0.08


Tree=25
num_leaves=13
num_cat=0
split_feature=9 3 24 0 15 15 8 35 9 24 8 40
split_gain=5.2945 6.81869 5.5108 6.92586 6.88077 7.37503 6.40576 12.572 6.66373 5.12975 3.87394 3.52776
threshold=0.00015237515536885003 0.00077039921482650018 0.00042507518081160003 24.372700808829887 -0.0011818325260116998 -0.00090945014236099985 0.0012895659997316502 1.0000000180025095e-35 0.00043071888548715009 0.00054911407996025008 -6.5811115496360655e-05 0.50000000000000011
decision_type=2 2 2 2 2 2 2 2 2 2 2 2
left_child=-1 -2 3 11 -5 -6 7 8 -4 -8 -9 -3
right_child=1 2 6 4 5 -7 9 10 -10 -11 -12 -13
leaf_value=-0.058477022716638453 0.045961965092564193 0.0050775511910456893 0.067599758388079967 -0.058747023789649085 0.0435857628550698 -0.0076421139391470126 -0.057385396557509294 0.029545929440398321 0.0024943149583531851 0.0046751174679894054 0.087522475858447205 0.060365749650005761
leaf_weight=9.7839910537004453 20.768161877989769 14.87899309396744 10.765237107872961 16.128640949726105 18.729310676455498 453.10242687165737 14.860798269510267 12.818489640951158 153.9143458083272 19.990369766950607 17.37305773794651 14.666847899556158
leaf_count=42 91 63 47 67 78 1951 64 58 672 85 75 64
internal_value=1.36578e-06 0.000746359 -0.000510345 -0.0050877 -0.00736502 -0.00560863 0.00980127 0.0154508 0.00675031 -0.0217879 0.0629072 0.0325232
internal_weight=777.781 767.997 747.229 517.506 487.96 471.832 229.722 194.871 164.68 34.8512 30.1915 29.5458
internal_count=3357 3315 3224 2223 2096 2029 1001 852 719 149 133 127
is_linear=0
shrinkage=0.08


Tree=26
num_leaves=25
num_cat=0
split_feature=26 21 26 21 26 21 21 16 5 28 29 21 26 27 26 3 28 6 16 21 3 13 13 13
split_gain=5.66303 8.75436 7.20036 10.0413 7.66748 12.6726 9.58258 6.03622 7.64085 10.0002 6.93108 5.81544 7.39727 6.01233 5.67745 3.39635 3.28562 5.5647 3.13244 4.04792 2.90874 2.68537 3.36184 2.60633
threshold=1.2177377833700837e-05 0.00024044026820295002 3.2192904567312134e-06 6.5094859632865078e-05 -4.1579428098031916e-06 -0.00019622436741039998 -0.00011108918711669998 0.00053144281221910016 1.0000000180025095e-35 -0.83607944735444584 0.30990783741781053 0.00060849744206575016 2.0430330751727119e-05 0.0025873649928676505 5.5922197299251992e-06 0.0036308361167016506 -0.81715260670844769 0.00019570375203450003 0.00014277283538340004 0.0003333838853040501 0.0026561376933698006 -5.6063032255434545e-05 6.375729058698524e-05 0.00021004152726060001
decision_type=2 2 2 2 2 2 2 2 2 2 2 2 2 2 2 2 2 2 2 2 2 2 2 2
left_child=1 2 3 4 5 -1 -6 8 10 -10 -4 13 -13 -2 -3 20 23 -18 -16 -20 -14 -5 -23 -15
right_child=11 14 7 21 6 -7 -8 -9 9 -11 -12 12 15 16 18 -17 17 -19 19 -21 -22 22 -24 -25
leaf_value=0.0013760445833886218 -0.023694272086283524 -0.07871462224545217 -0.060960141422402761 -0.0081557154477425332 0.046667332296298929 -0.039205401080617062 0.0014557815452906717 0.062819143229532526 0.065403494217032079 -0.0085816393419763434 0.019053642908756833 -0.057824916321251758 0.021738186859077021 0.035438310490627768 -0.04791015142963486 0.036045479595073322 0.053490000498802377 -0.0050394528194049482 0.017448579943326843 -0.034159927599275053 -0.030309311049707421 -0.086404278608683049 -0.033066982231295929 0.085652545046315171
leaf_weight=223.07413192093372 11.930124282836912 12.596858859062193 14.470001831650736 13.157264433801172 43.037723958492279 63.201131418347359 99.062468081712723 17.496693670749664 24.647981762886047 22.244389235973358 13.294530123472212 12.935075417160986 12.245525822043421 13.578967705368997 17.030851066112518 19.500052019953728 20.529029801487923 21.062409788370132 20.706511378288269 18.343573853373528 15.660535410046576 11.29406677931547 22.893519341945648 12.900019586086271
leaf_count=932 51 66 61 58 191 296 421 75 107 97 57 54 50 60 72 89 96 91 87 76 64 50 100 56
internal_value=2.80665e-06 -0.00320428 5.83494e-05 -0.00390645 -4.24783e-05 -0.00758314 0.015149 0.0205257 0.0106137 0.0303071 -0.022647 0.0145493 -0.00420186 0.0286925 -0.0301819 0.0104295 0.0378739 0.02385 -0.0192805 -0.00679425 -0.00747022 -0.0388676 -0.0506873 0.0599017
internal_weight=776.893 636.552 567.874 475.72 428.375 286.275 142.1 92.1536 74.6569 46.8924 27.7645 140.342 60.3412 80.0006 68.6778 47.4061 68.0704 41.5914 56.0809 39.0501 27.9061 47.3449 34.1876 26.479
internal_count=3357 2746 2445 2048 1840 1228 612 397 322 204 118 611 257 354 301 203 303 187 235 163 114 208 150 116
is_linear=0
shrinkage=0.08


Tree=27
num_leaves=16
num_cat=0
split_feature=22 8 26 33 26 15 26 27 21 26 9 21 1 14 27
split_gain=5.54957 12.9161 7.53893 7.12506 9.54973 10.7863 6.16399 6.14465 6.5954 10.037 8.53575 8.1102 4.19716 3.86979 2.91949
threshold=0.00011772245625545002 0.0012895659997316502 2.2369976488082671e-06 0.00070778031569400011 8.1019859520106688e-06 0.00097923039269935002 2.2171400511592233e-05 0.0026477529443829002 -0.00082728463223939979 -2.0637360858454736e-05 0.0008303394634508501 -0.00062359281724619993 1.1512943211896529 0.00031544908285215009 0.0025929052121302504
decision_type=2 2 2 2 2 2 2 2 2 2 2 2 2 2 2
left_child=3 -2 -3 7 13 12 -7 8 -1 11 -11 -10 -6 14 -5
right_child=1 2 -4 4 5 6 -8 -9 9 10 -12 -13 -14 -15 -16
leaf_value=0.051948138190809887 0.081804833757451012 -0.036720982163939007 0.035481990079579695 -0.0036875353707552685 0.0071029110833817632 -0.077632707711724105 0.00089338459550802646 0.054976201204365534 -0.0073572911332692378 0.0026462054933158448 -0.059633326960126076 -0.0908081817688665 0.072259388252736048 -0.082916127326638056 -0.05889472058071904
leaf_weight=15.260967954993246 17.26669017970562 19.22623685002327 17.845451354980469 11.93304964900017 13.748393177986147 12.184713095426561 13.469861209392546 13.299661979079245 15.904845356941225 554.74160276353359 14.451061025261877 14.026307433843611 11.722129374742506 15.693246752023695 12.60746645927429
leaf_count=67 75 84 75 52 58 51 57 68 65 2402 64 59 51 74 55
internal_value=2.78348e-06 0.0246545 -0.00196415 -0.00186015 -0.022734 0.000211032 -0.0364028 0.00117801 1.3435e-05 -0.00130945 0.00106501 -0.046464 0.0370894 -0.0518902 -0.0320497
internal_weight=773.382 54.3384 37.0717 719.043 91.3589 51.1251 25.6546 627.684 614.385 599.124 569.193 29.9312 25.4705 40.2338 24.5405
internal_count=3357 234 159 3123 398 217 108 2725 2657 2590 2466 124 109 181 107
is_linear=0
shrinkage=0.08


Tree=28
num_leaves=20
num_cat=0
split_feature=26 21 26 15 15 30 12 24 27 26 6 3 26 12 9 32 7 27 12
split_gain=5.10762 10.1598 7.69783 5.7476 8.64698 6.76539 6.1711 5.82014 9.66925 6.21181 6.08078 5.73195 5.17206 4.29036 3.75291 3.67085 3.5918 2.71161 1.54798
threshold=1.6737239848663624e-05 0.00069026108932605009 2.6351051465604506e-05 0.00029200806298330007 0.00035929556037995005 1.3813799958248476 0.00065613774462575005 0.00042507518081160003 0.0026111099399479007 -1.472341730079535e-05 0.00019134065505030002 0.0011205755000427001 1.4426603313840388e-07 0.00062639324068255011 0.00034638637587745006 -0.0011345210851299997 0.00035149524457475005 0.0025966276521449502 0.00035906571735075003
decision_type=2 2 2 2 2 2 2 2 2 2 2 2 2 2 2 2 2 2 2
left_child=3 13 -3 5 18 7 11 10 9 -9 12 -6 -1 17 -13 -10 -4 -2 -5
right_child=1 2 16 4 6 -7 -8 8 15 -11 -12 14 -14 -15 -16 -17 -18 -19 -20
leaf_value=-0.0087735272762995784 0.038400586462759109 -0.055631558669848744 0.046133476032067709 -0.079252093060429185 -0.048701455699724089 0.04914215451271417 -0.050480424056806569 0.0029428346605455463 0.018304046400450705 0.053095783237738267 -0.059000431247823684 0.031776950214563594 0.011986638135243914 0.005945275272649762 -0.0032205749038652369 -0.028505593779609168 -0.010458465481997801 0.087366443065199889 -0.038206493165155696
leaf_weight=264.16433235257864 13.916398450732233 14.564367607235907 13.349080517888071 12.5372716113925 14.513487055897711 18.698006987571716 18.854274898767471 24.703179761767387 16.529009021818638 43.880844041705132 12.713786721229551 25.387886524200439 108.28722107410431 11.402031891047953 86.162732176482677 30.519002929329872 15.525596693158148 15.082686260342596 11.075090691447256
leaf_count=1131 66 60 63 59 63 79 84 103 79 194 56 108 466 52 377 131 65 71 50
internal_value=1.68887e-06 0.0186442 -0.00821318 -0.00227002 -0.0151076 0.00189464 -0.00779296 0.000130589 0.0158708 0.0350313 -0.00459484 -0.00140858 -0.00273768 0.0475211 0.00474454 -0.0120603 0.0157046 0.0638682 -0.0600002
internal_weight=771.866 83.8402 43.439 688.026 168.531 519.495 144.918 500.797 115.632 68.584 385.165 126.064 372.452 40.4011 111.551 47.048 28.8747 28.9991 23.6124
internal_count=3357 377 188 2980 741 2239 632 2160 507 297 1653 548 1597 189 485 210 128 137 109
is_linear=0
shrinkage=0.08


Tree=29
num_leaves=23
num_cat=0
split_feature=22 8 26 33 26 15 24 24 27 0 30 31 26 31 15 12 0 26 0 14 16 27
split_gain=4.96002 10.9776 6.39708 6.03013 8.2753 8.88822 6.53444 6.1893 8.53047 8.49758 6.81798 6.21475 5.40398 7.25115 6.53141 5.91136 5.43884 5.36418 5.03905 3.46278 3.32649 2.45187
threshold=0.00011772245625545002 0.0012895659997316502 2.2369976488082671e-06 0.00070778031569400011 8.1019859520106688e-06 0.00097923039269935002 0.00042507518081160003 0.00021838471337715004 0.0025834977033125507 66.614257311500808 -1.5787764410337128 0.039654807442373811 -1.1025008694300969e-05 0.094231681543985271 0.00029200806298330007 0.00038291888261360004 45.198399804210176 2.2171400511592233e-05 39.916819691085706 0.00031544908285215009 0.0011858677990453502 0.0025929052121302504
decision_type=2 2 2 2 2 2 2 2 2 2 2 2 2 2 2 2 2 2 2 2 2 2
left_child=3 -2 -3 6 19 20 7 8 -1 11 -10 -9 13 16 15 -14 -8 -7 -16 21 -6 -5
right_child=1 2 -4 4 5 17 12 9 10 -11 -12 -13 14 -15 18 -17 -18 -19 -20 -21 -22 -23
leaf_value=-0.052511880483953527 0.076166269657010566 -0.033442246092647336 0.033289291433815392 -0.0037856974966646068 0.064138963418000461 -0.071728736174404659 -0.0019784016200622197 0.018963724982824434 -0.01788902666217183 0.052677186094076379 0.029237526434495571 -0.01545659459943924 0.093364164755559184 0.032696778256832357 -0.041347612641844257 0.030614069612472719 -0.069887457981121753 0.001786897735076275 0.019319738018998042 -0.078259902519870889 0.0059671760978714785 -0.054534320233391755
leaf_weight=11.952806279063223 17.18972285091877 19.065185353159904 17.756850466132164 11.926295071840288 12.158907771110536 12.047482311725618 18.484044402837757 37.837620601058006 25.389847353100777 13.711207434535025 86.868726506829262 297.7769006639719 12.484670259058474 19.263627469539642 11.631663225591181 41.700643822550774 12.757553756237028 13.437084808945654 35.520346462726593 15.305383071303366 13.036931514739988 12.45710629224777
leaf_count=52 75 84 75 52 52 51 77 164 109 58 377 1286 59 87 55 191 54 57 156 74 57 55
internal_value=3.16462e-06 0.0233802 -0.00126201 -0.00176091 -0.0210777 0.000345566 0.00103042 -0.00360023 0.0117378 -0.00905403 0.0185788 -0.011576 0.0154716 -0.00590639 0.0261261 0.0450721 -0.0297092 -0.0329666 0.00435405 -0.048434 0.0340395 -0.0297124
internal_weight=769.761 54.0118 36.822 715.749 90.3692 50.6804 625.38 473.537 124.211 349.326 112.259 335.615 151.843 50.5052 101.337 54.1853 31.2416 25.4846 47.152 39.6888 25.1958 24.3834
internal_count=3357 234 159 3123 398 217 2725 2046 538 1508 486 1450 679 218 461 250 131 108 211 181 109 107
is_linear=0
shrinkage=0.08


Tree=30
num_leaves=10
num_cat=0
split_feature=1 3 24 22 24 24 3 9 0
split_gain=4.56728 6.35611 8.47592 6.58221 8.47462 5.1737 9.13015 6.47407 5.03312
threshold=-4.3724845504420946 0.0062406982512414012 0.00087863470697560012 0.00011772245625545002 0.00030720086618085007 0.00021838471337715004 0.0018250397176454002 0.00029524109621295006 77.704652798568603
decision_type=2 2 2 2 2 2 2 2 2
left_child=-1 2 3 5 -5 6 -2 -7 -6
right_child=1 -3 -4 4 8 7 -8 -9 -10
leaf_value=0.042906551541046334 0.0045527249232887581 -0.058958520083167862 0.06538026454657081 -0.031440958274180676 0.023549839428955572 -0.033440551635153734 0.077371962760568236 -0.003607902095324661 0.087456810548053793
leaf_weight=15.558071985840796 117.7916576936841 11.871368676424025 12.493978172540663 11.091713756322859 19.439624801278114 51.309147678315639 12.156892918050287 502.5382416471839 13.271930411458014
leaf_count=84 511 52 55 50 85 222 54 2188 56
internal_value=2.90783e-06 -0.000884764 4.67602e-05 -0.00107511 0.0289884 -0.00300095 0.0113651 -0.00637164 0.0494786
internal_weight=767.523 751.965 740.093 727.599 43.8033 683.796 129.949 553.847 32.7116
internal_count=3357 3273 3221 3166 191 2975 565 2410 141
is_linear=0
shrinkage=0.08


Tree=31
num_leaves=11
num_cat=0
split_feature=27 3 9 0 33 8 29 26 21 21
split_gain=4.39949 6.42532 4.94464 6.13346 5.03995 5.22062 5.03493 4.84352 15.1332 13.7367
threshold=0.0025833525959907504 0.00077039921482650018 0.00024733640406885007 24.372700808829887 -0.00021611700996099998 0.00017549859483065005 0.026559692186942704 -9.2393988298380441e-06 -0.00030889996800094992 -0.00017988961516809997
decision_type=2 2 2 2 2 2 2 2 2 2
left_child=-1 -2 4 6 -3 -6 -4 8 -5 -9
right_child=1 2 3 7 5 -7 -8 9 -10 -11
leaf_value=-0.054002405386040814 0.042755247253249751 -0.070144884803414312 0.075124190458150594 0.0017261981089085102 0.023776746106816939 -0.041219855563142546 0.010180286593457107 0.038604315073986567 -0.054155920252803379 -0.0017161562871691521
leaf_weight=9.5336143225431424 22.541291132569313 12.274831861257551 12.388607412576674 120.99058857560158 15.32818377017975 16.340060606598854 19.932307526469231 61.777667693793774 41.705260470509529 433.82472939044237
leaf_count=42 99 53 57 504 66 69 89 267 192 1919
internal_value=3.99704e-06 0.000684058 -0.000606968 0.00104868 -0.0266276 -0.00975995 0.0350733 -0.000621845 -0.0125986 0.00330986
internal_weight=766.637 757.104 734.562 690.619 43.9431 31.6682 32.3209 658.298 162.696 495.602
internal_count=3357 3315 3216 3028 188 135 146 2882 696 2186
is_linear=0
shrinkage=0.08


Tree=32
num_leaves=12
num_cat=0
split_feature=28 3 26 21 26 21 21 26 7 26 21
split_gain=4.35725 5.08337 4.26416 8.79328 6.27354 4.4617 3.67589 8.30435 3.29275 2.80308 3.43296
threshold=-0.94101266390785143 0.00077039921482650018 1.6737239848663624e-05 0.00069026108932605009 2.6351051465604506e-05 0.0005308991489991001 -0.00082728463223939979 -2.0637360858454736e-05 0.00035149524457475005 2.2171400511592233e-05 0.00051868673039520013
decision_type=2 2 2 2 2 2 2 2 2 2 2
left_child=-1 -2 5 9 -5 6 -3 -8 -6 10 -4
right_child=1 2 3 4 8 -7 7 -9 -10 -11 -12
leaf_value=-0.053544806621789891 0.040014683570412192 0.030801096110473655 0.05903858588456487 -0.051280339147354165 0.042851705833372097 -0.050428677597074964 -0.041628267492349505 -0.00058457440086704478 -0.011627252303775615 0.075555447866359357 0.002206427300107896
leaf_weight=9.6034788787364942 20.461179673671722 21.567468985915184 13.130737580358984 14.449793562293051 13.132012270390989 12.23801603913307 33.346925541758537 585.33366400003433 15.45882312953472 12.340315610170363 14.114271700382231
leaf_count=42 91 98 67 60 63 53 140 2556 65 58 64
internal_value=2.71265e-06 0.000683312 -0.000411441 0.0167107 -0.00831783 -0.00257966 -0.00166505 -0.00279683 0.0133954 0.0439239 0.0295967
internal_weight=765.177 755.573 735.112 82.626 43.0406 652.486 640.248 618.681 28.5908 39.5853 27.245
internal_count=3357 3315 3224 377 188 2847 2794 2696 128 189 131
is_linear=0
shrinkage=0.08


Tree=33
num_leaves=23
num_cat=0
split_feature=22 8 26 33 26 14 1 22 22 29 24 26 21 9 9 36 3 1 10 2 6 22
split_gain=3.93709 9.40771 5.0557 4.81583 7.06683 6.65322 7.0341 5.28854 6.78327 6.16873 5.71007 5.67903 9.37654 5.50014 4.75434 7.9587 7.09141 5.27332 4.60819 5.70232 3.2346 3.11243
threshold=0.00011772245625545002 0.0012895659997316502 2.2369976488082671e-06 0.00070778031569400011 8.1019859520106688e-06 0.00094308389023530013 1.4416572133541197 2.9603225339081702e-05 1.2411262633593521e-05 0.5045576230930785 0.00044081511994160005 6.2866926323272519e-06 -0.00010642967406554998 0.00045050183674980005 0.00036313653773350005 1.0000000180025095e-35 0.0026416450583069506 1.1158285398578303 -4.8205735329593043e-05 0.80476145636229457 0.00032613058549640006 8.8531129702511423e-05
decision_type=2 2 2 2 2 2 2 2 2 2 2 2 2 2 2 2 2 2 2 2 2 2
left_child=3 -2 -3 7 20 6 -6 8 9 10 -1 12 -10 -11 18 17 -17 -16 -9 -20 21 -5
right_child=1 2 -4 4 5 -7 -8 14 11 13 -12 -13 -14 -15 15 16 -18 -19 19 -21 -22 -23
leaf_value=-0.008055091962298061 0.070024625052616529 -0.030824032580202748 0.028854365561206005 -0.055431117170595456 -0.006241647353616403 -0.042696917079285635 0.069136088998940831 0.067374187680829062 -0.012898706452122049 0.0082225560755842635 0.013870251360919468 0.015702924654276151 -0.092455021855441175 0.065141354071861515 0.0040922425478280332 0.0034732486359304753 0.078318943221859144 -0.063732493053978087 -0.024210357723912296 0.048736502440123841 -0.080430301779438149 -0.0017920967979065355
leaf_weight=306.45919484645128 17.030202716588974 18.8224076628685 17.561437860131264 14.449115589261057 22.424904584884644 15.471651986241339 12.252216741442679 18.412137225270271 23.529904060065746 31.926563814282417 101.0987182483077 13.181807816028593 15.88047520816326 16.470612347126007 15.433361589908602 25.173469454050064 11.946617454290388 13.98395876586437 12.526063531637194 15.157354459166525 11.347375363111494 13.292615860700606
leaf_count=1331 75 84 75 66 97 66 54 79 100 142 463 58 74 73 68 107 52 60 54 64 56 59
internal_value=4.61516e-06 0.020951 -0.00201898 -0.00157027 -0.0189484 0.000927444 0.020391 0.000926245 -0.00254765 0.000590285 -0.0026163 -0.0297524 -0.0449561 0.0275933 0.0166112 0.00293075 0.0275614 -0.0281492 0.0363584 0.0157298 -0.0444478 -0.0297297
internal_weight=763.832 53.414 36.3838 710.418 89.2379 50.1488 34.6771 621.18 508.547 455.955 407.558 52.5922 39.4104 48.3972 112.633 66.5374 37.1201 29.4173 46.0956 27.6834 39.0891 27.7417
internal_count=3357 234 159 3123 398 217 151 2725 2241 2009 1794 232 174 215 484 287 159 128 197 118 181 125
is_linear=0
shrinkage=0.08


Tree=34
num_leaves=8
num_cat=0
split_feature=28 3 1 3 33 14 1
split_gain=3.59598 4.42731 3.65321 5.51984 5.81212 4.65587 4.1024
threshold=-0.94101266390785143 0.00077039921482650018 -4.3724845504420946 0.0062406982512414012 0.0015142161209559502 0.00094308389023530013 2.7838654807414973
decision_type=2 2 2 2 2 2 2
left_child=-1 -2 -3 4 5 -4 -6
right_child=1 2 3 -5 6 -7 -8
leaf_value=-0.048869178035569678 0.037403404600325624 0.038693354756340108 -0.00056222011030787643 -0.055608719060590846 0.070960683398021765 -0.035879538361473971 0.010687837288230981
leaf_weight=9.5153575241565687 20.375289842486382 14.982547231018541 649.66273484379053 11.746926724910734 11.723859384655954 24.801408678293228 18.843557953834534
leaf_count=42 91 84 2848 52 51 107 82
internal_value=2.36904e-06 0.000620648 -0.000403538 -0.00122077 -0.000314577 -0.00186091 0.0338049
internal_weight=761.652 752.136 731.761 716.778 705.032 674.464 30.5674
internal_count=3357 3315 3224 3140 3088 2955 133
is_linear=0
shrinkage=0.08


Tree=35
num_leaves=25
num_cat=0
split_feature=26 21 15 26 26 21 31 0 31 9 21 10 8 32 15 26 26 21 0 9 0 26 0 9
split_gain=3.49704 7.45565 5.2414 6.46236 4.96343 11.2233 5.88308 6.29017 6.17052 5.02032 5.92206 4.87505 6.30887 4.78803 4.70237 6.83466 4.28482 4.74431 4.18756 4.15396 3.77001 3.65294 3.56291 3.3442
threshold=1.6737239848663624e-05 0.0006192922728277501 6.1826151957964902e-05 -9.5991384040268112e-06 5.6148496701980124e-07 1.3004574171803718e-05 0.093722547521946614 36.055605586923235 0.060891278984055212 0.00032357186067195003 -1.6309426834502387e-05 -2.1203741983317428e-05 0.00021404553106440003 0.0007307980332863001 0.00084532110550530014 4.7608058679090091e-06 2.8772077897075615e-05 0.0010312300742916503 37.969136498656461 0.00054668969556845011 51.536023610257089 1.1547321448161102e-05 43.000367136176862 0.00057380779132155013
decision_type=2 2 2 2 2 2 2 2 2 2 2 2 2 2 2 2 2 2 2 2 2 2 2 2
left_child=2 23 4 -4 5 6 8 -8 -1 22 -11 12 19 -14 15 -13 20 -18 -12 -5 -3 -16 -6 -2
right_child=1 16 3 11 9 -7 7 -9 -10 10 18 14 13 -15 21 -17 17 -19 -20 -21 -22 -23 -24 -25
leaf_value=0.0067705743589442707 0.06909726081382582 -0.05727181416870393 -0.060037190306163501 -0.027514927136469587 0.019587918607964671 -0.065602815883951907 -0.0041896052463663283 0.030940994630238979 -0.023052049789913868 0.056867165249658978 0.025218509900142863 -0.030040611958812812 0.054877244747833669 -0.00015623302188236415 -0.082876037093032692 0.0056589758292114028 0.060996388823569996 -0.0094364909855000241 -0.021854600103478995 0.027854143115097006 0.0020310323484817373 -0.019964072898711712 0.081788108503562162 0.01235609138226979
leaf_weight=97.173288479447365 18.276958867907528 12.1115889698267 15.947004079818724 32.800513088703156 11.252129375934603 16.248379305005074 58.509191900491714 73.715709254145622 81.764604404568672 13.142886959016321 19.901422992348671 61.134350672364235 22.927462123334408 18.109183624386787 10.793383643031122 78.256139427423477 11.062284193933012 13.70195662230253 30.832657143473625 11.788360759615896 15.824970722198485 13.047054469585417 12.376932129263876 10.447903111577032
leaf_count=414 93 51 79 144 50 78 261 313 350 65 87 277 100 80 51 337 50 63 133 51 66 55 55 54
internal_value=2.72195e-06 0.0156699 -0.00187409 -0.0106677 0.00373806 -0.00078542 0.00259923 0.0153958 -0.0068567 0.020663 0.00900869 -0.00750405 0.00795578 0.0305914 -0.0156138 -0.00999827 -0.00220207 0.0220262 -0.00338926 -0.0128765 -0.0236791 -0.0484465 0.0521685 0.0484592
internal_weight=761.146 81.4257 679.721 264.803 414.917 327.411 311.163 132.225 178.938 87.506 63.877 248.856 85.6255 41.0366 163.231 139.39 52.7008 24.7642 50.7341 44.5889 27.9366 23.8404 23.6291 28.7249
internal_count=3357 377 2980 1174 1806 1416 1338 574 764 390 285 1095 375 180 720 614 230 113 220 195 117 106 105 147
is_linear=0
shrinkage=0.08


Tree=36
num_leaves=18
num_cat=0
split_feature=0 24 32 16 12 16 30 24 24 24 25 26 1 8 15 20 33
split_gain=3.64624 7.50084 5.35849 6.62127 5.30223 5.29465 5.83674 4.83127 5.09127 7.46004 8.57496 7.34061 6.53947 7.54469 4.44445 3.25608 2.26505
threshold=69.234726169051058 0.00031052550657005004 0.0007307980332863001 0.00064017880813530003 0.00023854691617575003 0.0012337268764440502 1.6906642209369129 0.00010286394944820001 0.00021838471337715004 0.00039218439692915004 1.0000000180025095e-35 -1.1025008694300969e-05 0.38979959991866059 -0.00023191547855369997 0.0008213418297963001 -1.0000000180025095e-35 0.0010107994379310002
decision_type=2 2 2 2 2 2 2 2 2 2 2 2 2 2 2 2 2
left_child=2 4 7 -4 -2 16 -7 -1 12 10 -10 -11 13 -9 -5 -6 -3
right_child=1 5 3 14 15 6 -8 8 9 11 -12 -13 -14 -15 -16 -17 -18
leaf_value=-0.057155295553031824 0.029008725469528797 0.037429120552038779 -0.083306408157961781 0.018352943505150095 -0.057914479306022532 -0.035178765113103666 0.036716822477901791 0.028896920072506438 0.024717257193131378 -0.012480635140622559 -0.015952410652395919 0.019805023748102328 0.054831933892321695 -0.019906820278246001 -0.036351589100919283 -0.00097531044082616069 0.085259974664089314
leaf_weight=9.3451738059520704 13.207564100623129 13.254709765315058 10.664492830634115 17.089026495814323 14.792235150933264 11.195598796010019 20.386088877916336 43.801881238818169 38.106770351529121 67.122816115617752 256.61079178750515 137.1860461756587 22.731086820363998 37.740154758095741 21.41748421639204 11.366939373314382 12.13982520252466
leaf_count=42 57 59 50 76 68 50 89 192 165 293 1120 630 99 167 95 51 54
internal_value=2.8012e-06 0.0145437 -0.00211397 -0.0275233 -0.0123108 0.0330983 0.0112301 -7.46144e-05 0.000809571 -0.00254982 -0.0106939 0.00919802 0.0168868 0.00630905 -0.0120739 -0.0331727 0.0602946
internal_weight=758.159 96.343 661.816 49.171 39.3667 56.9762 31.5817 612.645 603.3 499.026 294.718 204.309 104.273 81.542 38.5065 26.1592 25.3945
internal_count=3357 428 2929 221 176 252 139 2708 2666 2208 1285 923 458 359 171 119 113
is_linear=0
shrinkage=0.08


Tree=37
num_leaves=16
num_cat=0
split_feature=24 31 12 8 3 3 26 21 21 26 21 21 15 12 15
split_gain=3.40544 8.72302 3.5532 7.83013 6.5071 7.37826 5.34697 8.68801 5.17042 4.73881 12.6341 10.3225 2.70423 2.23753 1.07882
threshold=0.00090324254113460019 0.094231681543985271 0.00077358255308240006 -8.0732585669488776e-05 0.0026561376933698006 0.004025308974781751 1.8420720417347569e-05 0.00069026108932605009 0.00051868673039520013 -1.7490260710379839e-05 -0.00043276687015259994 -0.00060424469879594991 0.0011556130648624002 0.00095184197365320009 0.00075112747513775009
decision_type=2 2 2 2 2 2 2 2 2 2 2 2 2 2 2
left_child=2 -2 6 4 -4 13 8 -8 9 11 -11 -1 -9 -6 -5
right_child=1 -3 3 14 5 -7 7 12 -10 10 -12 -13 -14 -15 -16
leaf_value=0.011884872070265427 0.085172615743847921 -0.017536834983006195 0.036932009918243518 -0.039147095272046364 -0.022046491288594341 0.033658103391655238 0.066672927375095323 -0.032448293970901439 -0.04445999140786782 0.051738511370963337 -0.00052411766658976629 -0.059735979588981851 0.021473484607091402 -0.070834477322135769 -0.074339086082463646
leaf_weight=26.522615879774094 10.147359363734724 11.060231700539587 18.982176959514618 10.9150727391243 12.294324949383737 10.802106000483034 20.105707071721554 11.581512942910196 16.992230579257011 31.407351516187191 515.40108440816402 25.036451607942581 12.246811747550963 11.781400159001349 11.395135305821894
leaf_count=110 46 58 80 49 54 57 99 50 74 132 2286 107 52 52 51
internal_value=2.19869e-06 0.0316073 -0.000909157 -0.0172685 -0.000760262 -0.0212742 0.000980888 0.0279439 -0.000944155 0.000291593 0.00247772 -0.0228933 -0.00473464 -0.0459208 -0.0571217
internal_weight=756.672 21.2076 735.464 76.1702 53.86 34.8778 659.294 43.934 615.36 598.368 546.808 51.5591 23.8283 24.0757 22.3102
internal_count=3357 104 3253 343 243 163 2910 201 2709 2635 2418 217 102 106 100
is_linear=0
shrinkage=0.08


Tree=38
num_leaves=19
num_cat=0
split_feature=22 8 32 26 15 26 8 6 24 21 30 26 26 29 22 26 0 9
split_gain=3.58689 7.10502 4.46542 5.55202 6.59257 4.19576 5.50069 6.66115 5.70485 4.81903 8.32921 6.01646 5.44088 4.93415 3.91304 3.83743 2.13779 2.1152
threshold=0.00011772245625545002 0.0012895659997316502 0.0007003310279947002 8.1019859520106688e-06 0.00084532110550530014 1.6249325073597018e-05 -4.2370976354959347e-05 0.00016931010307295004 0.00050484049645845009 0.00015993056433380001 1.4037024536157623 5.5922197299251992e-06 7.4932882172048683e-06 0.47607591046756093 8.8531129702511423e-05 2.2369976488082671e-06 65.362417769865246 0.00046321555494440006
decision_type=2 2 2 2 2 2 2 2 2 2 2 2 2 2 2 2 2 2
left_child=2 -2 5 14 -5 9 7 -7 -9 10 12 17 -1 -13 -4 -3 -6 -11
right_child=1 15 3 4 16 6 -8 8 -10 11 -12 13 -14 -15 -16 -17 -18 -19
leaf_value=-0.0010796660925630516 0.063254446814509036 -0.02540999670120573 -0.074957254129419545 0.039428238606012578 -0.045502990987818771 0.064481121260916846 0.068117024998337661 -0.045899418087741645 0.024152800530245461 -0.078131175267409342 0.062880401845803416 -0.014928773654225782 0.050855253680330885 0.035713281375956578 -0.016974263188015929 0.027057627613139117 -4.3193856047938154e-05 -0.027423379344933774
leaf_weight=433.41961076855659 16.706006400287151 18.386532634496689 15.333861924707891 15.693794026970862 15.268670767545702 9.9067637771368009 12.720073476433752 15.043080091476442 14.720905140042303 11.258054643869402 14.117048844695089 81.570102468132973 13.306461721658705 14.50230936706066 14.485928341746328 17.330680340528488 11.688670694828032 9.8896656036376935
leaf_count=1897 75 84 76 70 66 55 62 67 70 55 60 349 63 65 67 75 51 50
internal_value=3.74974e-06 0.0201906 -0.00150176 -0.0203084 -0.00179354 0.000660074 0.0223386 0.00766009 -0.0112524 -0.00130468 0.00237921 -0.0157876 0.0004673 -0.00728426 -0.0467901 4.83062e-05 -0.0257917 -0.0544178
internal_weight=755.348 52.4232 702.925 72.4709 42.6511 630.454 52.3908 39.6707 29.764 578.063 460.843 117.22 446.726 96.0724 29.8198 35.7172 26.9573 21.1477
internal_count=3357 234 3123 330 187 2793 254 192 137 2539 2020 519 1960 414 143 159 117 105
is_linear=0
shrinkage=0.08


Tree=39
num_leaves=20
num_cat=0
split_feature=0 0 16 36 39 9 9 40 3 29 0 9 22 9 22 22 29 26 5
split_gain=3.19193 6.04827 6.3209 6.86457 5.02633 5.82257 9.12543 5.2128 4.35774 4.29009 4.21471 6.89944 6.90419 6.84473 3.22329 5.18039 2.9749 1.96807 1.85265
threshold=24.372700808829887 40.945327095923403 -0.00051814129358979989 1.0000000180025095e-35 1.0000000180025095e-35 0.00031431360843595004 0.00028678387015790003 0.90000000000000013 0.0017198602973276503 0.24343074028184122 37.969136498656461 0.0002961737732819001 -3.9035586257851789e-05 0.00032357186067195003 -3.2674082422563565e-05 -7.0975592952028275e-05 0.026559692186942704 -8.5399843725938023e-06 1.0000000180025095e-35
decision_type=2 2 2 2 2 2 2 2 2 2 2 2 2 2 2 2 2 2 2
left_child=16 10 3 8 5 6 -4 -7 -3 -6 11 18 13 -13 15 -12 -1 -5 -2
right_child=1 2 4 17 9 7 -8 -9 -10 -11 14 12 -14 -15 -16 -17 -18 -19 -20
leaf_value=0.053959106895965267 -0.066672435414496509 0.016274409198895997 0.0049771741088782814 -0.026821264425784055 0.0059640975748641535 -0.0093111023245770683 0.059420865733314551 0.013177059526072189 0.075226708896093217 -0.058515428074088771 -0.013286705016902128 0.057257874237455153 0.048799296200387275 -0.01225691240732602 -0.0095455196585350326 -0.079326653832761607 0.0051778536404112211 0.016426722837572138 -0.023172563131053613
leaf_weight=13.053133659064768 12.101404920220375 13.272134035825728 77.225949600338936 11.715368926525118 10.963571146130564 231.87627094984055 26.452213287353516 92.200930841267109 20.297847241163254 16.607496201992035 14.035719707608225 10.002666279673575 17.254834294319153 96.73561368137598 23.248922556638718 16.584539979696274 20.672339841723442 15.838684201240538 12.994768798351288
leaf_count=61 53 58 341 50 48 1040 116 412 88 76 64 43 76 439 99 71 93 72 57
internal_value=4.07523e-06 -0.00112357 0.00347483 0.0276306 0.000232112 0.00236606 0.0188678 -0.00291315 0.0519195 -0.0328753 -0.0128247 -0.00589497 0.00184748 -0.00574254 -0.0320036 -0.0490553 0.0240582 -0.00196136 -0.0441483
internal_weight=753.134 719.409 516.45 61.124 455.326 427.755 103.678 324.077 33.57 27.5711 202.958 149.089 123.993 106.738 53.8692 30.6203 33.7255 27.5541 25.0962
internal_count=3357 3203 2301 268 2033 1909 457 1452 146 124 902 668 558 482 234 135 154 122 110
is_linear=0
shrinkage=0.08


Tree=40
num_leaves=22
num_cat=0
split_feature=0 32 31 31 1 8 26 1 6 3 3 3 15 28 0 29 31 10 9 21 14
split_gain=2.9612 4.09935 4.28492 4.30551 6.15798 13.4134 6.03067 5.7991 5.39437 4.12556 3.4969 6.10782 4.19709 3.48993 3.47151 3.99433 6.73337 3.39993 4.63428 2.86343 2.39495
threshold=69.234726169051058 0.0007307980332863001 0.039654807442373811 0.093722547521946614 -0.22027214767831532 1.0000000180025095e-35 1.7043160106521e-05 -0.91804914895465106 0.00022663841689755002 0.0012249852374541504 0.0037273891515408504 0.0027420644487430004 0.00086619040649410007 -0.79914691714298092 85.793294104227314 0.05446078011194886 0.1987435232522545 -6.1846636887024812e-05 0.00032357186067195003 0.00015260791903670004 0.00049874292360530014
decision_type=2 2 2 2 2 2 2 2 2 2 2 2 2 2 2 2 2 2 2 2 2
left_child=1 2 9 6 7 -6 8 -5 -4 17 11 12 -3 -11 15 -2 19 -1 -19 -17 -21
right_child=14 10 3 4 5 -7 -8 -9 -10 13 -12 -13 -14 -15 -16 16 -18 18 -20 20 -22
leaf_value=-0.02448772165835511 0.049333185574319247 0.024455332963582706 -0.0084649494153112136 0.0032058732586238581 0.088039046554090408 0.0057431783445990757 0.03464786795392312 -0.039308775773740694 -0.047888214707246933 0.076506145449231899 0.014532830954259094 -0.077177721342728114 -0.044407757617037975 0.018207742211174757 -0.028406376235303798 0.048951314834527998 -0.030013813913531959 0.062471869834904541 -0.0084513852078904692 -0.018494571697853405 0.032139500140254004
leaf_weight=17.015202313661575 20.659262627363205 11.184993728995325 255.44102668762207 148.86586191505194 16.698473066091537 52.612226158380508 19.030606903135777 23.818928301334381 24.329090759158134 11.508467599749567 11.335533946752546 14.309458829462526 11.476445153355597 15.320211961865423 11.319520458579062 19.684407740831375 19.687972337007523 10.398200213909151 13.61931589245796 11.527500443160536 12.419696681201456
leaf_count=75 92 52 1118 677 72 232 90 105 109 50 50 67 52 69 51 87 90 49 62 53 55
internal_value=3.9917e-06 -0.00190767 -0.000127373 -0.00250514 0.00542668 0.0255701 -0.00892904 -0.0026583 -0.0118932 0.0188214 -0.0243393 -0.0362578 -0.010419 0.0432155 0.0131825 0.0187883 0.00882244 0.0028716 0.0222543 0.0263466 0.0077657
internal_weight=752.262 656.964 608.658 540.796 241.995 69.3107 298.801 172.685 279.77 67.8614 48.3064 36.9709 22.6614 26.8287 95.2984 83.9788 63.3196 41.0327 24.0175 43.6316 23.9472
internal_count=3357 2929 2708 2403 1086 304 1317 782 1227 305 221 171 104 119 428 377 285 186 111 195 108
is_linear=0
shrinkage=0.08


Tree=41
num_leaves=24
num_cat=0
split_feature=26 21 21 26 0 12 21 26 26 21 15 21 27 3 30 26 10 30 10 24 3 26 30
split_gain=2.93515 17.0042 9.78107 7.98314 6.2853 5.0291 4.75441 10.4766 4.86359 6.12727 4.47899 4.3373 6.47057 5.83797 5.0515 4.9523 4.13957 3.9578 3.71606 4.98414 3.75149 3.47025 3.23524
threshold=-8.5399843725938023e-06 -0.00024484411028009991 -0.00028903503151579994 -6.3418530600505388e-06 48.130753246968126 0.00023854691617575003 -0.00052239641798699989 -1.4150897098979658e-05 -2.0905183432319631e-05 -0.00068520992332539996 -0.0011818325260116998 -0.00011108918711669998 0.0025839484833035504 0.0011968042211406502 -1.5332327909302006 5.6148496701980124e-07 -0.00021458896937544999 -1.1690532821850061 6.375729058698524e-05 0.00037784913285935007 0.0012928788620308002 -1.0495418629734516e-05 -2.1719082134393388
decision_type=2 2 2 2 2 2 2 2 2 2 2 2 2 2 2 2 2 2 2 2 2 2 2
left_child=2 17 5 4 -3 -1 8 16 9 -7 -10 13 -13 -5 -15 -14 -8 22 19 20 -4 -9 -2
right_child=1 3 18 11 -6 6 7 21 10 -11 -12 12 15 14 -16 -17 -18 -19 -20 -21 -22 -23 -24
leaf_value=0.050217619884326679 0.066804979426203379 -0.092422987433435674 -0.066648684649618234 0.065106891729673017 -0.0072563625115318773 0.014434643800452973 -0.078541886086552298 0.029524614336443312 -0.0030749008384396894 -0.052912586156383751 0.060311632870918896 -0.053947084844596684 -0.015609875282843728 -0.035984898290131094 0.025757554629513468 0.0051750745105697341 -0.019964801872667772 0.089461956841656795 0.0015980484696033396 -0.095405646992783547 -0.0056300314315945931 -0.021930718398559174 0.0061719018237505457
leaf_weight=12.555975571274756 10.791416577994822 10.537867881357672 11.416622132062914 15.027222409844397 11.706934966146944 28.15043248236179 16.986961364746097 23.571004942059517 11.53648951649666 12.478304892778398 18.698001623153687 14.425075799226759 94.431699924170971 12.315613165497778 27.235492154955864 328.85829090327024 14.155002012848852 13.8683795183897 10.911502547562121 11.46933577954769 14.818488553166388 13.023006707429884 11.780151836574079
leaf_count=52 47 51 54 67 54 125 74 97 50 52 78 64 426 53 122 1479 61 62 52 56 73 53 55
internal_value=3.99535e-06 0.00301601 -0.00830328 -0.000724073 -0.0476017 0.00173582 -0.00265624 -0.0178113 0.01183 -0.00624971 0.0361254 0.00139414 -0.00125742 0.0226595 0.00653189 0.000538163 -0.0519168 0.0558266 -0.0395165 -0.0514149 -0.0321833 0.0112128 0.0351604
internal_weight=750.749 550.978 199.771 514.538 22.2448 151.155 138.599 67.736 70.8632 40.6287 30.2345 492.293 437.715 54.5783 39.5511 423.29 31.142 36.4399 48.6159 37.7044 26.2351 36.594 22.5716
internal_count=3357 2480 877 2316 105 642 590 285 305 177 128 2211 1969 242 175 1905 135 164 235 183 127 150 102
is_linear=0
shrinkage=0.08


Tree=42
num_leaves=26
num_cat=0
split_feature=22 16 26 15 26 29 10 26 7 24 24 9 22 3 40 16 1 2 22 9 9 7 33 29 16
split_gain=2.87766 7.0758 4.7605 3.65769 7.97452 8.32781 6.2106 4.80293 4.79959 4.6066 5.97117 5.53242 5.42996 5.40382 4.34055 3.44518 9.00487 6.41977 5.3591 3.42379 7.69738 6.82052 3.09148 3.01492 2.80412
threshold=0.00011772245625545002 0.0013686555739164002 2.2369976488082671e-06 0.00013327809055155003 5.4293891250328491e-06 0.11610605824262606 0.00061898724377185013 -3.7993998825464317e-06 0.00013646521609640003 0.00022974941736420004 0.00038912769784110003 0.00062293971336660015 -3.9035586257851789e-05 0.0010609918701089004 0.75000000000000011 -0.0016330995037148997 -1.5634871596826085 0.039983686936116362 -8.1729707286837594e-05 0.00055649852633400014 0.00043253988014095004 0.00016750702124895001 -6.3167552734718645e-05 0.16381506192169557 -0.00050254310497859997
decision_type=2 2 2 2 2 2 2 2 2 2 2 2 2 2 2 2 2 2 2 2 2 2 2 2 2
left_child=3 -2 -3 7 19 14 8 15 -7 13 12 -12 -11 22 -6 23 18 -18 -17 20 21 -5 -9 -1 -15
right_child=1 2 -4 4 5 6 -8 9 -10 10 11 -13 -14 24 -16 16 17 -19 -20 -21 -22 -23 -24 -25 -26
leaf_value=-0.002177113462657461 0.054736267500615998 -0.046147945134549458 0.018331609611259986 -0.06019262738685692 -0.0091788367185962789 0.035269641821987822 -0.043310582847808247 0.037569370128989317 0.0031188991010801001 -0.027433148195729139 0.054211214624133072 -0.0020962883456122688 0.012701795884835266 0.034656213137067848 -0.076414346643329994 -0.014522703459868598 0.033709085039747767 -0.007226839629218597 -0.07669585365627038 0.009905305419558072 -0.080813999269989362 -0.0025197679214449802 -0.0168941873230978 0.046143272089166847 0.087405311790433246
leaf_weight=18.142215766012669 20.494465559720993 11.687504671514036 19.646222442388535 19.171194560825825 12.684351190924646 44.264459706842899 13.458245068788527 12.197496056556703 90.42001648247242 43.188643038272858 24.509017795324326 20.515811294317245 43.107615351676941 14.008569508790972 11.919735893607138 18.33994922041893 29.337316021323204 149.26346226036549 17.188966363668442 13.155622288584707 17.584113828837872 41.602941177785397 14.719283342361448 15.177844777703283 11.953309550881384
leaf_count=87 92 56 86 91 57 198 59 55 403 189 118 102 188 63 55 83 123 652 75 62 87 191 67 66 52
internal_value=1.04033e-06 0.0181867 -0.00571931 -0.00135334 -0.00876587 0.00134909 0.00850746 0.00318469 0.0136853 0.0129655 0.00493752 0.0285544 -0.00738452 0.0329027 -0.0417519 -0.0040961 -0.00781973 -0.000502624 -0.0446022 -0.0278595 -0.0341998 -0.0207127 0.00778629 0.0198336 0.0589428
internal_weight=747.738 51.8282 31.3337 695.91 264.261 172.747 148.143 431.65 134.684 184.2 131.321 45.0248 86.2963 52.8787 24.6041 247.45 214.13 178.601 35.5289 91.5139 78.3582 60.7741 26.9168 33.3201 25.9619
internal_count=3357 234 142 3123 1203 772 660 1920 601 834 597 220 377 237 112 1086 933 775 158 431 369 282 122 153 115
is_linear=0
shrinkage=0.08


Tree=43
num_leaves=8
num_cat=0
split_feature=1 3 24 28 24 9 21
split_gain=2.77779 5.19805 5.91433 4.16442 3.52475 5.92399 4.66278
threshold=-4.3724845504420946 0.0062406982512414012 0.00087863470697560012 -0.68790537296405374 0.00040908323440890009 0.00049943522979890018 0.00069026108932605009
decision_type=2 2 2 2 2 2 2
left_child=-1 2 3 4 5 -2 -6
right_child=1 -3 -4 -5 6 -7 -8
leaf_value=0.034782124929394219 0.00059151161224769175 -0.054165933180246463 0.056066214186687953 -0.037124524562938264 0.014080176718007636 -0.022903561383016538 -0.023381796709201218
leaf_weight=14.410219259560106 411.41573771089315 11.449567086994646 11.912056483328341 19.613914892077446 169.88160172849894 82.444967649877071 24.306328698992729
leaf_count=84 1826 52 55 90 774 372 104
internal_value=-7.25279e-07 -0.000686378 0.000164566 -0.000776424 0.000259736 -0.00333075 0.0093911
internal_weight=745.434 731.024 719.575 707.663 688.049 493.861 194.188
internal_count=3357 3273 3221 3166 3076 2198 878
is_linear=0
shrinkage=0.08


Tree=44
num_leaves=12
num_cat=0
split_feature=26 21 12 12 33 21 26 21 21 21 31
split_gain=2.67763 5.08522 4.57664 4.14962 5.75232 5.39909 5.53158 7.88834 6.17155 3.88396 2.97092
threshold=2.0430330751727119e-05 0.0006192922728277501 0.00039673278383300003 0.00095184197365320009 -0.0013963374888528999 -0.00082728463223939979 -2.0637360858454736e-05 -0.00052239641798699989 -0.00063950370509294988 0.00069026108932605009 0.078898691384991962
decision_type=2 2 2 2 2 2 2 2 2 2 2
left_child=1 3 -2 5 -5 -1 8 -8 -7 -4 -11
right_child=2 -3 9 4 -6 6 7 -9 -10 10 -12
leaf_value=0.056423387520226215 0.062510774908756117 -0.055594411104699031 0.041937519115672332 0.016102666763482289 -0.055065725209565743 0.004997911847114741 0.044663197485926495 -0.00036962702843201426 -0.068774082253394944 0.0225986975958615 -0.028806299566289342
leaf_weight=11.01254005730152 11.235906049609182 10.889581203460692 13.053087688982485 11.483431644737722 19.803214497864246 13.68555034697056 26.00891886651516 581.11782991886139 15.45179535448551 11.32298617064953 19.739348098635674
leaf_count=48 56 49 64 60 89 57 111 2615 68 49 91
internal_value=1.03291e-08 -0.0013591 0.0169291 -0.000488737 -0.0289441 0.000886677 -7.45591e-05 0.00155955 -0.034124 0.00531971 -0.0100679
internal_weight=744.804 689.453 55.3513 678.563 31.2866 647.277 636.264 607.127 29.1373 44.1154 31.0623
internal_count=3357 3097 260 3048 149 2899 2851 2726 125 204 140
is_linear=0
shrinkage=0.08


Tree=45
num_leaves=22
num_cat=0
split_feature=22 16 38 32 16 31 16 0 16 6 15 36 8 22 22 27 21 7 0 10 16
split_gain=2.65029 5.84489 4.00543 3.41748 5.22855 3.99039 5.43566 3.24014 6.27355 5.49981 5.42069 5.24804 5.16205 4.84401 6.54749 4.81023 8.14856 5.6704 3.88515 3.10322 2.45555
threshold=0.00011772245625545002 0.0013686555739164002 1.0000000180025095e-35 0.00074870125772780009 0.00062605503115970007 0.19168037658498774 0.0014808055682580502 41.102296427868701 -0.00051814129358979989 -0.00029716581469304995 -0.00029948027123059996 1.0000000180025095e-35 -0.00070816840885159994 -2.0760378872625413e-05 -3.2674082422563565e-05 0.0025884354202029007 -0.00010091562619864999 0.00045578162549215004 45.788957061395202 0.00022886226091365001 -0.00082749196754899987
decision_type=2 2 2 2 2 2 2 2 2 2 2 2 2 2 2 2 2 2 2 2 2
left_child=3 -2 -3 7 -5 6 19 9 11 10 12 18 -1 14 -11 16 -10 -17 -9 -6 -13
right_child=1 2 -4 4 5 -7 -8 8 15 13 -12 20 -14 -15 -16 17 -18 -19 -20 -21 -22
leaf_value=-0.0094250765920669954 0.050857412456704339 -0.031030104883283591 0.026628398188677776 -0.071556302207941069 0.059394661595994429 -0.044550900513120925 -0.034765524039430062 0.082348520029094791 0.047941495846680324 -0.020319132766800609 0.057819861086207638 -0.019261525221065882 0.032955001940095777 -0.057519940059568085 0.041644721668062525 -0.011570656665287582 0.00068878969588124942 0.024710172127172789 0.026140646054404082 0.0020884593812674958 0.030911829381155071
leaf_weight=86.563225299119949 20.344097658991814 16.64760223031044 14.363977178931238 10.165824256837366 10.794235751032831 14.647283427417277 14.296034455299376 14.116607636213304 32.477167889475822 84.913498893380165 11.277613058686255 14.517846271395685 23.357415556907654 18.00637973845005 12.523489162325857 186.60964991897345 83.168301612138748 32.349540777504444 17.787017405033112 13.753162674605845 10.952617317438124
leaf_count=392 92 78 64 50 48 69 64 64 141 392 51 65 98 80 56 840 372 149 77 65 50
internal_value=8.59488e-07 0.0175358 -0.00432378 -0.00129994 -0.0189634 -0.00896821 0.0044495 0.000488726 0.00495137 -0.0069033 0.00499965 0.0293926 -0.000419588 -0.0193996 -0.012355 0.000760468 0.013959 -0.00621044 0.0510113 0.0272877 0.00231364
internal_weight=743.633 51.3557 31.0116 692.277 63.6565 53.4907 38.8434 628.62 391.979 236.642 121.198 57.3741 109.921 115.443 97.437 334.605 115.645 218.959 31.9036 24.5474 25.4705
internal_count=3357 234 142 3123 296 246 177 2827 1758 1069 541 256 490 528 448 1502 513 989 141 113 115
is_linear=0
shrinkage=0.08


Tree=46
num_leaves=18
num_cat=0
split_feature=0 0 24 7 9 39 28 24 9 21 12 1 14 27 31 12 8
split_gain=2.63403 4.45068 6.0269 4.97458 6.49195 5.47982 6.75876 4.55765 7.671 6.59416 4.9647 4.07326 7.57355 8.15569 4.08435 5.12577 3.56468
threshold=24.372700808829887 40.945327095923403 0.00016042853504025004 2.5598981209606283e-05 0.00021342223577590003 1.0000000180025095e-35 -0.88030871843696257 0.00023640557860415002 0.00031431360843595004 -0.00012588578660604997 0.00029586668483260007 -0.044106480012942442 -0.00056021981329314988 0.0025956304554500503 0.093084951402247915 0.00032770168571865006 -0.0013480714782934998
decision_type=2 2 2 2 2 2 2 2 2 2 2 2 2 2 2 2 2
left_child=16 2 -2 11 -5 6 -6 9 -9 -4 -10 12 -3 -14 15 -13 -1
right_child=1 3 7 4 5 -7 -8 8 10 -11 -12 14 13 -15 -16 -17 -18
leaf_value=0.04561088574916293 -0.079561290728026215 -0.045307691784065483 -0.021481681490685141 -0.053197402068181771 0.029029151396718397 -0.044279535124797119 -0.0031808667524054609 -0.070804917751434091 0.028033768941083663 0.049466024526616512 -0.014574440560993196 0.048153621412663931 -0.0049977735699940316 0.040676277935870496 0.063378304121976509 -0.010595572339790702 -0.0070994157513143427
leaf_weight=18.34803119301796 7.911995440721511 16.227397575974464 14.972935959696768 15.594987228512762 50.025957249104977 17.173770621418953 250.30643948912621 13.892250582575796 20.375475369393826 19.053265139460564 124.10227521508932 17.877632267773151 61.919918812811375 41.98712969571352 17.738717220723629 20.293831393122673 14.862781897187231
leaf_count=90 36 71 64 70 223 79 1143 63 90 85 564 79 274 196 77 89 64
internal_value=1.07827e-06 -0.00102974 -0.0111319 0.00294464 -0.00280407 -0.000328897 0.00218431 -0.0083178 -0.0140251 0.0182461 -0.00856547 0.013822 0.00552042 0.0134584 0.0316597 0.0169197 0.0220215
internal_weight=742.665 709.454 200.308 509.146 333.101 317.506 300.332 192.396 158.37 34.0262 144.478 176.045 120.134 103.907 55.9102 38.1715 33.2108
internal_count=3357 3203 902 2301 1515 1445 1366 866 717 149 654 786 541 470 245 168 154
is_linear=0
shrinkage=0.08


Tree=47
num_leaves=17
num_cat=0
split_feature=0 24 16 12 6 27 9 7 9 7 29 3 21 21 2 15
split_gain=2.51637 6.67571 4.49048 4.04113 3.84891 5.40875 3.68976 4.57892 7.92729 3.98122 3.61992 3.73425 3.23233 2.4024 5.4364 2.37598
threshold=69.234726169051058 0.00031052550657005004 0.00071191946595035012 0.00023854691617575003 0.00028279651848685006 0.0026008693781426504 0.00099599970803555013 0.00060262325883705004 0.00063320335884345011 0.00052776282976590007 0.54420858358309998 0.0011676495470854503 -0.00025961851043959991 0.0005308991489991001 0.86810776993645 0.00047467586709080007
decision_type=2 2 2 2 2 2 2 2 2 2 2 2 2 2 2 2
left_child=6 3 -3 -2 -4 -6 7 9 13 10 12 -12 -1 14 -9 -5
right_child=1 2 4 15 5 -7 -8 8 -10 -11 11 -13 -14 -15 -16 -17
leaf_value=0.0059346134720343344 0.022948734637958167 0.077570679127521858 -0.018539036725433753 -0.057493077662604544 0.068796085820389014 0.0034227096456501209 0.040643069180437294 -0.032071322091728714 -0.086366073197360921 0.043412985296892068 0.0010969279149890406 0.046783346338161655 -0.0077234473890985776 -0.039059339363364982 0.044405867917608019 -0.0087183730034340774
leaf_weight=158.4216079339385 13.059227600693701 10.337950497865675 12.54331500828266 12.096908502280714 15.049597926437853 17.539937227964401 12.862595759332178 11.953439489006998 10.951883368194101 12.786444790661333 28.600682385265827 19.094401031732559 369.665293879807 11.1160382181406 11.842189162969587 13.553652241826056
leaf_count=685 57 47 58 57 69 78 72 59 51 58 132 87 1680 50 55 62
internal_value=1.18305e-06 0.0122192 0.0300116 -0.0132773 0.0191179 0.0336116 -0.00177652 -0.00263654 -0.0269834 -0.000739334 -0.00171983 0.0193872 -0.00362614 -0.00835494 0.0059885 -0.0317207
internal_weight=741.475 94.1806 55.4708 38.7098 45.1329 32.5895 647.295 634.432 45.8636 588.568 575.782 47.6951 528.087 34.9117 23.7956 25.6506
internal_count=3357 428 252 176 205 147 2929 2857 215 2642 2584 219 2365 164 114 119
is_linear=0
shrinkage=0.08


Tree=48
num_leaves=25
num_cat=0
split_feature=26 21 21 26 0 8 29 9 20 7 8 10 0 26 21 26 15 21 10 26 33 21 2 15
split_gain=3.12123 14.049 7.24554 6.56291 5.3245 4.15538 6.51508 5.01105 4.51308 6.05726 5.70741 4.13785 6.32306 6.00428 5.91063 4.69643 6.50124 6.41219 3.7231 4.37796 3.56439 3.25335 3.05897 1.09016
threshold=-8.5399843725938023e-06 -0.00024484411028009991 -0.00029482917011279991 -6.3418530600505388e-06 48.130753246968126 -0.00070816840885159994 0.10557248029958625 0.00035389413960465005 1.0000000180025095e-35 -0.00121400282245955 -0.0010362009521436997 -2.1203741983317428e-05 41.3721543805217 1.4426603313840388e-07 -0.00011549632839924998 1.3282014396285182e-05 0.00086619040649410007 0.00041694109042185007 6.375729058698524e-05 -1.0041040484993216e-05 -0.00028417479944194997 -0.00063950370509294988 0.039983686936116362 -0.00022181138221204997
decision_type=2 2 2 2 2 2 2 2 2 2 2 2 2 2 2 2 2 2 2 2 2 2 2 2
left_child=2 20 5 4 -3 8 -7 -8 9 -1 -11 12 13 -5 -14 16 -13 -17 19 23 22 -9 -2 -4
right_child=1 3 18 11 -6 6 7 21 -10 10 -12 15 14 -15 -16 17 -18 -19 -20 -21 -22 -23 -24 -25
leaf_value=0.032429195367307241 0.06389411159231155 -0.08613587435452992 -0.088641046435018453 -0.040803956042283165 -0.0065217374158338271 -0.037429575841296574 0.057972934457832047 0.041280176868709689 -0.059055731582986548 -0.055419352510755727 0.014209939180916672 -0.0065495226478680599 0.06684553595538667 0.012107013865850063 0.015300031430660809 0.053916401434535008 -0.063434154156077102 0.0012582773674718951 0.0042432605656824354 -0.014376215304512949 0.086450452361124586 -0.0029254579256511558 0.0059027346363387254 -0.053258200071001516
leaf_weight=17.770942807197567 11.026248298585417 10.018764443695547 10.574116185307501 23.261295691132545 11.602145753800867 14.444766297936438 18.011710271239281 14.679207533597944 12.283394448459147 17.940470829606056 12.988882839679723 210.50558511912823 16.916375517845154 33.485482931137085 89.903694555163383 18.117369212210178 13.694909907877443 80.822161242365837 11.684920951724051 15.227826215326788 12.325497813522814 38.867325931787491 12.332404613494871 11.783061377704142
leaf_count=82 49 51 52 103 54 63 75 63 56 77 54 948 79 153 403 86 65 374 56 71 57 164 58 64
internal_value=9.23008e-07 0.00312101 -0.00864777 -0.000285224 -0.0434136 0.000251725 0.0115785 0.0214713 -0.015722 -0.00479218 -0.0261783 0.00163066 0.0119986 -0.00958193 0.0234629 -0.00361737 -0.0100242 0.0109008 -0.0351976 -0.0474595 0.0516434 0.00919304 0.0332771 -0.069993
internal_weight=740.269 544.012 196.257 508.328 21.6209 146.987 86.003 71.5582 60.9837 48.7003 30.9294 486.707 163.567 56.7468 106.82 323.14 224.2 98.9395 49.2699 37.585 35.6842 53.5465 23.3587 22.3572
internal_count=3357 2480 877 2316 105 634 365 302 269 213 131 2211 738 256 482 1473 1013 460 243 187 164 227 107 116
is_linear=0
shrinkage=0.08


Tree=49
num_leaves=20
num_cat=0
split_feature=26 21 21 26 10 26 21 14 15 10 28 12 14 22 21 24 15 24 3
split_gain=2.80118 8.91539 8.76874 7.78295 5.4277 5.19376 4.76386 4.70527 4.46732 4.01354 3.94252 5.32786 4.06614 3.32317 3.89086 2.99481 5.69953 4.96107 2.6426
threshold=-1.2711736540610016e-05 -0.00025961851043959991 -0.00052239641798699989 -9.2393988298380441e-06 -0.00035165088865804993 -2.0905183432319631e-05 -0.00043276687015259994 -0.0011339368188263497 -0.0010593803024977497 -8.0478937550027872e-05 -0.78542598561606147 0.00046292400917575003 -0.00035206742267784993 0.00011772245625545002 0.00028391213114805004 0.00022133379785680001 -0.00020872058735799996 0.00038912769784110003 0.0018388358657417002
decision_type=2 2 2 2 2 2 2 2 2 2 2 2 2 2 2 2 2 2 2
left_child=2 10 5 9 -4 7 -6 -1 -7 -3 11 12 -2 15 -15 16 -5 -17 -8
right_child=1 3 4 13 6 8 18 -9 -10 -11 -12 -13 -14 14 -16 17 -18 -19 -20
leaf_value=0.021251195157141269 -0.0011858136976986584 -0.085105632246179216 -0.076506690396371022 0.045252210047494044 0.021253366961411981 -0.0030830696794036405 -0.0077322774908545949 -0.033988720877663726 0.061696474919925144 -0.01548445822358251 -0.006844239190141062 0.073171942830302747 0.051837452763362636 0.047303673559434607 -0.0055805846851893779 -0.01223541342729407 0.00092029096779252942 0.0064875628249349282 -0.057682079967694318
leaf_weight=17.33862679451704 22.002226933836933 10.158647097647192 14.57937393337488 23.684583306312561 12.604045137763018 11.691239230334761 11.235441260039812 22.906336009502411 16.329259529709816 11.078746311366556 15.769930645823477 18.822716861963272 15.977871619164945 20.227747350931168 15.904506757855414 220.15448440611362 85.787463925778866 153.88455925136805 17.088801875710487
leaf_count=82 92 54 68 108 54 51 51 97 70 56 75 81 70 95 72 992 388 722 79
internal_value=1.06776e-07 0.00221515 -0.0109782 -0.00131754 -0.0345922 0.00822264 -0.0196616 -0.0101899 0.0346679 -0.0487869 0.0285441 0.0383688 0.0211206 0.000622493 0.0240254 -0.00112638 0.0105116 -0.00453254 -0.0378684
internal_weight=737.227 613.453 123.773 540.881 55.5077 68.2655 40.9283 40.245 28.0205 21.2374 72.5727 56.8028 37.9801 519.643 36.1323 483.511 109.472 374.039 28.3242
internal_count=3357 2805 552 2487 252 300 184 179 121 110 318 243 162 2377 167 2210 496 1714 130
is_linear=0
shrinkage=0.08


Tree=50
num_leaves=9
num_cat=0
split_feature=1 3 24 0 24 27 24 3
split_gain=2.34967 4.42195 5.12446 3.42784 4.43798 3.53696 3.71048 3.65128
threshold=-4.3724845504420946 0.0062406982512414012 0.00087863470697560012 75.752326378237498 0.00031447900776470007 0.0026240013886241506 0.00057802918180810013 0.0038459362758686004
decision_type=2 2 2 2 2 2 2 2
left_child=-1 2 3 5 -5 7 -7 -2
right_child=1 -3 -4 4 -6 6 -8 -9
leaf_value=0.032516185179065044 -0.0019176330772953695 -0.050405835766674574 0.052896793987854601 -0.0052121883716043302 0.047772380925139787 -0.060957706996592691 -0.0051520869930887616 0.032434828335017547
leaf_weight=13.951838083565233 605.91340088099241 11.244451135396956 11.598813101649283 19.790899060666561 20.698812782764435 13.031942248344423 18.37947116792202 20.471032708883286
leaf_count=84 2740 52 55 92 93 60 85 96
internal_value=-1.28259e-06 -0.000630405 0.000158029 -0.000717983 0.0218741 -0.00210861 -0.0283047 -0.000794951
internal_weight=735.081 721.129 709.884 698.286 40.4897 657.796 31.4114 626.384
internal_count=3357 3273 3221 3166 185 2981 145 2836
is_linear=0
shrinkage=0.08


Tree=51
num_leaves=25
num_cat=0
split_feature=26 15 38 10 12 24 40 29 29 1 8 24 22 14 33 27 3 20 27 16 0 24 29 26
split_gain=2.618 6.66732 5.49868 4.21885 4.98475 6.05593 8.2185 4.71285 5.04262 4.59182 8.63865 5.2457 3.72186 5.8592 5.59682 3.63404 6.50949 4.86767 7.41453 3.62597 5.17287 7.14585 6.2759 2.81619
threshold=-3.2721851129525194e-06 5.3882634212642395e-05 1.0000000180025095e-35 1.1559416771714514e-05 0.0001426978858522 0.00019606927087765003 0.50000000000000011 0.045476179630769359 0.11449017720017012 1.5744323422186428 0.0012895659997316502 0.00038785364898350009 2.1842209003100151e-05 0.00036310350891525004 0.00010035860550365002 0.0026051786904544507 0.0024186729912840503 1.0000000180025095e-35 0.0026195616403134506 -0.0014311054456162499 41.769818815260869 0.00022273631488450003 0.32810908959071577 -8.1878738537853697e-06
decision_type=2 2 2 2 2 2 2 2 2 2 2 2 2 2 2 2 2 2 2 2 2 2 2 2
left_child=1 15 23 7 -5 6 -6 -2 -9 11 -11 -7 14 -14 -10 19 -17 18 -18 -1 22 -22 -21 -3
right_child=3 2 -4 4 5 9 -8 8 12 10 -12 -13 13 -15 -16 16 17 -19 -20 20 21 -23 -24 -25
leaf_value=0.036265517510445051 0.068087246131005821 -0.087452963071036505 0.0074438679407063503 -0.05376613449644748 0.088873093407042275 -0.020714046497248808 0.0011628488332356185 -0.0280146697597888 0.017083382209276333 0.070279815667185802 -0.0060176533906215138 0.0059651272625528256 0.063213831943931695 -0.0046214971425434662 -0.032972641388974065 -0.071010783243523626 -0.020983406725873868 -0.044348133139977368 0.057375738694802107 -0.034018084746046846 0.062064294393783963 0.0032281069293555861 0.015517434055408307 -0.035953674752173315
leaf_weight=20.414625108242035 9.7586865723133069 10.41664122790098 13.623188793659208 11.446473866701124 11.065744504332544 110.59390950202942 17.891676187515259 18.829734556376934 80.495586767792702 14.331206001341341 28.157931484282017 82.242529660463333 22.390667356550694 12.811922557651995 17.38296827673912 11.973733648657797 18.012064523994926 13.785171322524546 13.536172300577162 45.147818684577942 15.503094568848608 89.368133954703808 25.679496787488461 19.550437629222873
leaf_count=89 44 60 68 51 51 496 82 88 362 66 130 386 103 59 81 54 84 64 67 202 68 393 111 98
internal_value=-4.2855e-07 -0.00579684 -0.0346974 0.00393555 -0.00208063 0.000157944 0.0346803 0.0141962 0.0107343 -0.00409012 0.0197168 -0.00933568 0.0162169 0.0385253 0.00819357 -0.000825721 -0.0185477 -0.00469087 0.0126376 0.00435291 0.000644946 0.0119258 -0.0160582 -0.053855
internal_weight=734.41 297.011 43.5903 437.399 275.729 264.283 28.9574 161.67 151.911 235.326 42.4891 192.836 133.081 35.2026 97.8786 253.42 57.3071 45.3334 31.5482 196.113 175.699 104.871 70.8273 29.9671
internal_count=3357 1358 226 1999 1262 1211 133 737 693 1078 196 882 605 162 443 1132 269 215 151 863 774 461 313 158
is_linear=0
shrinkage=0.08


Tree=52
num_leaves=25
num_cat=0
split_feature=26 21 26 21 40 8 27 27 21 33 31 26 14 12 26 32 16 33 12 27 14 7 31 6
split_gain=2.46089 6.59306 4.37058 6.49752 5.19425 5.94678 4.95233 4.27446 5.04388 3.97566 8.74146 3.92506 3.47225 3.13409 3.09374 3.02593 10.0184 6.73348 2.72857 2.50162 2.42583 3.57754 3.47732 2.0711
threshold=1.2177377833700837e-05 0.00024044026820295002 3.2192904567312134e-06 0.00011386223465355002 0.50000000000000011 -5.143942356942024e-05 0.0025948439055384002 0.0025871803562007504 0.00049475575886150016 4.0402368932413757e-05 0.11607808309682822 5.5922197299251992e-06 0.00022828995146135001 0.00039673278383300003 1.8420720417347569e-05 0.00098157738122365006 0.0012337268764440502 0.00075974273970850006 0.00048278672428775008 0.0025981923345663508 0.00064074063682660013 0.00040614569707145005 0.087020816939221105 0.00016931010307295004
decision_type=2 2 2 2 2 2 2 2 2 2 2 2 2 2 2 2 2 2 2 2 2 2 2 2
left_child=1 2 3 15 5 -4 -5 -2 12 10 -6 -3 -9 -10 -15 17 -17 -1 -14 -16 21 22 -13 -11
right_child=7 11 4 6 9 -7 -8 8 13 23 -12 20 18 14 19 16 -18 -19 -20 -21 -22 -23 -24 -25
leaf_value=0.00033342514985363025 -0.041504704007975075 -0.069786172270862576 0.075319790625797606 -0.077642794986730546 -0.050880092305012739 0.0049688065749146906 -0.0035040293239851977 0.0044424000797524052 0.029257031247091642 0.051483561024037221 0.036262759641689069 0.00060036708339877875 0.072848535028267353 -0.046692298228584346 0.035443330231294187 0.081534535854571807 -0.021534885690708463 -0.050922634228833544 0.023975142871490308 -0.0091633402217887391 -0.049451266627139855 0.02355540722541145 -0.056402175295283005 0.006224226684523917
leaf_weight=383.75768956542015 9.5700153857469541 10.994747921824453 16.940944358706478 12.57752972468734 18.798916861414913 14.082149453461168 10.648064985871313 15.41923790425062 19.311447449028492 11.278440624475481 12.114914178848265 15.043059512972834 16.542525686323646 10.750704154372213 10.421137928962706 11.463156133890154 12.747196264564989 17.135659739375114 13.100660078227518 35.310601480305195 11.781825467944143 14.649082854390143 12.574220716953276 15.180619314312933
leaf_count=1736 43 66 76 61 83 65 51 76 93 50 55 65 78 48 47 55 62 83 62 164 52 63 55 68
internal_value=-2.17919e-07 -0.00215941 0.000755621 -0.00244992 0.0170136 0.0433857 -0.0436529 0.00996198 0.0140374 0.00275342 -0.0167294 -0.0262138 0.0352331 0.0014357 -0.00807646 -0.000198786 0.0272666 -0.00185745 0.0512492 0.00100142 -0.0173501 -0.00840188 -0.025353 0.0255165
internal_weight=732.195 601.768 536.725 448.329 88.396 31.0231 23.2256 130.426 120.856 57.3729 30.9138 65.0429 45.0624 75.7939 56.4824 425.104 24.2104 400.893 29.6432 45.7317 54.0482 42.2664 27.6173 26.4591
internal_count=3357 2746 2445 2048 397 141 112 611 568 256 138 301 216 352 259 1936 117 1819 140 211 235 183 120 118
is_linear=0
shrinkage=0.08


Tree=53
num_leaves=15
num_cat=0
split_feature=15 15 3 26 32 3 33 40 24 0 29 10 26 15
split_gain=2.21341 8.25247 5.03139 4.92578 5.70911 4.75975 4.1212 3.24039 4.02571 3.05801 3.38466 2.19058 2.15216 1.77113
threshold=0.00029200806298330007 0.00035929556037995005 0.0010864025027541003 1.2772627754466255e-05 0.00098157738122365006 0.0014794441897211003 0.00078880999232945007 0.25000000000000006 0.00029478214489940004 69.234726169051058 0.50749871495518417 0.0001114797804272 1.1547321448161102e-05 -3.0762371520036755e-05
decision_type=2 2 2 2 2 2 2 2 2 2 2 2 2 2
left_child=3 11 -3 4 6 12 9 -7 -9 10 -1 -2 -4 -5
right_child=1 2 5 13 -6 7 -8 8 -10 -11 -12 -13 -14 -15
leaf_value=-0.0025160116813610451 -0.073255898473533268 -0.049377041751759859 0.014175633507326917 0.015218951407149227 0.05558524594257204 -0.045466653915407662 -0.045086412148204608 -0.032579688348218311 0.0049819561508792232 0.036018088572311244 0.020085210497882099 -0.024020151725551938 0.059502699836054544 0.06154138326621246
leaf_weight=394.21023412793875 13.088786300271751 13.077851355075834 16.602742053568367 9.6478079557418841 12.084059633314608 10.892004430294035 12.684078693389891 21.242304563522339 130.13128585368395 15.543775424361227 47.518103659152985 10.36165378987789 11.24455815553665 11.675397969782351
leaf_count=1779 67 59 77 52 57 52 62 98 611 68 217 50 52 56
internal_value=-5.68658e-07 -0.00656549 -0.00137945 0.00295531 0.00129086 0.0019223 -0.00010522 -0.00332161 -0.000289081 0.00114249 -8.47273e-05 -0.0515009 0.0324784 0.0405825
internal_weight=730.005 226.641 203.191 503.363 482.04 190.113 469.956 162.266 151.374 457.272 441.728 23.4504 27.8473 21.3232
internal_count=3357 1066 949 2291 2183 890 2126 761 709 2064 1996 117 129 108
is_linear=0
shrinkage=0.08


Tree=54
num_leaves=22
num_cat=0
split_feature=26 21 21 26 10 10 26 27 21 27 3 26 21 1 26 3 3 3 21 8 29
split_gain=2.23274 8.17463 6.21653 6.20279 5.58044 5.30592 4.64757 4.91494 4.40778 4.92417 4.21369 4.15616 3.76491 3.52029 3.17101 5.03336 3.15545 2.9631 2.72285 3.09987 1.69252
threshold=-1.4150897098979658e-05 -0.00052239641798699989 -0.00025961851043959991 -6.3418530600505388e-06 -0.00018306655283234998 6.375729058698524e-05 -8.1878738537853697e-06 0.0026041266344615506 -0.00015127373234694998 0.0025839484833035504 0.0013974952942379002 -2.0905183432319631e-05 -0.00068520992332539996 1.5744323422186428 -9.6684999680591997e-06 0.0020482186614630003 0.0029500225647530001 0.0019103566333198002 -0.00016475422699194998 5.4798107126380235e-05 0.20763232729116762
decision_type=2 2 2 2 2 2 2 2 2 2 2 2 2 2 2 2 2 2 2 2 2
left_child=1 11 6 5 -3 18 7 14 10 -10 -5 12 16 -11 15 -2 -1 -8 19 -4 -13
right_child=2 4 3 8 -6 -7 17 -9 9 13 -12 20 -14 -15 -16 -17 -18 -19 -20 -21 -22
leaf_value=0.038043261967147773 0.054866220262102632 -0.068316369185576195 -0.004542456771136124 0.071842518452352344 -0.0087928654802540539 0.018473153740626243 0.019457725249364548 -0.03725719904764456 -0.045510781543352065 -0.0020135007110264626 0.0094961840238236093 0.055008925920637469 -0.045620416846340918 0.017784452967657838 -0.014596795806937013 -0.0087913849142270111 -0.016490170612511311 0.072494431330897779 -0.068753065221492479 -0.058843991725522689 0.012938904609220606
leaf_weight=12.091935351490976 22.939137309789658 20.505926035344601 17.092531785368919 10.532671570777895 19.826519370079041 12.759926967322825 12.095886006951334 11.723581746220587 15.021245077252386 368.52751868218184 20.327006481587887 11.568894639611246 12.423906177282332 68.102305047214031 12.160353258252142 12.165269210934637 15.489395432174204 15.230766683816908 14.32268185913563 11.095945224165915 12.994880169630049
leaf_count=51 95 97 78 49 91 63 54 51 68 1694 91 52 53 318 50 51 75 78 89 54 55
internal_value=-5.34948e-07 -0.0107995 0.00181461 -0.00138413 -0.039056 -0.0267696 0.0217442 0.00910933 0.00152375 -0.000474917 0.0307755 0.00685069 -0.00905356 0.00107444 0.0206101 0.032806 0.00741784 0.0490182 -0.0403494 -0.0259174 0.0327528
internal_weight=728.998 104.901 624.097 537.782 40.3324 55.2711 86.315 58.9883 482.511 451.651 30.8597 64.569 40.0052 436.63 47.2648 35.1044 27.5813 27.3267 42.5112 28.1885 24.5638
internal_count=3357 474 2883 2504 188 284 379 247 2220 2080 140 286 179 2012 196 146 126 132 221 132 107
is_linear=0
shrinkage=0.08


Tree=55
num_leaves=10
num_cat=0
split_feature=24 12 1 27 27 29 21 15 30
split_gain=2.20328 2.84519 2.84021 2.43189 7.65965 5.60963 2.42628 6.26693 4.09366
threshold=0.00097154284418595014 0.0010148824933785001 -3.1232613772644977 0.0026288504714403501 0.0026240013886241506 0.20649966987553584 -0.00066617274130354993 -0.0011129447633203998 -1.4945656761843362
decision_type=2 2 2 2 2 2 2 2 2
left_child=1 3 -3 4 6 -5 8 -8 -1
right_child=-2 2 -4 5 -6 -7 7 -9 -10
leaf_value=0.057717371191924043 0.030446649151471026 0.0078704321639136241 -0.044766750857199958 -0.019897175454931765 -0.065294994395870776 0.056224733111780639 -0.042754068114905917 0.0011552841912866531 -0.0081371435044411741
leaf_weight=12.335713356733324 14.897846952080725 10.346430480480196 17.929894328117371 10.594135567545893 11.490168273448942 14.92343048751354 21.549012541770935 600.70144858583808 11.839138343930243
leaf_count=53 78 57 81 52 53 69 96 2767 51
internal_value=-1.78852e-06 -0.00063915 -0.0255066 0.000389714 -0.000550115 0.0246212 0.000600721 -0.00036533 0.0254665
internal_weight=726.607 711.709 28.2763 683.433 657.915 25.5176 646.425 622.25 24.1749
internal_count=3357 3279 138 3141 3020 121 2967 2863 104
is_linear=0
shrinkage=0.08


Tree=56
num_leaves=25
num_cat=0
split_feature=26 21 21 26 24 0 30 22 3 14 15 15 27 8 16 15 2 3 32 15 27 20 21 22
split_gain=2.0532 7.6541 6.204 5.03896 8.28227 5.20069 5.65644 6.28937 4.61647 5.12941 4.42447 4.52903 5.83265 3.9384 6.41298 3.41484 3.39669 3.24549 3.17407 3.49534 4.99495 5.36944 4.86221 2.08536
threshold=-3.2721851129525194e-06 -7.887357266328752e-05 1.3004574171803718e-05 4.09836996928744e-06 0.00018901996358880005 61.778355232423273 0.32614504340337808 -2.8654399728979325e-05 0.0012827234476449503 -6.858745152174889e-05 -0.00010969115449355 -0.00032348412034074997 0.0026003741886016503 -0.0016138937774206998 -0.0010676308836936497 8.2606922161460882e-05 0.31428769674379836 0.0019851392407212506 0.00098157738122365006 6.1826151957964902e-05 0.0026051786904544507 1.0000000180025095e-35 -0.00014708086372994998 3.064632152819829e-05
decision_type=2 2 2 2 2 2 2 2 2 2 2 2 2 2 2 2 2 2 2 2 2 2 2 2
left_child=1 18 8 5 -5 6 7 -4 9 -2 11 12 -10 -6 -15 -12 -3 -7 19 20 22 -22 -1 -18
right_child=2 16 3 4 13 17 -8 -9 10 -11 15 -13 -14 14 -16 -17 23 -19 -20 -21 21 -23 -24 -25
leaf_value=0.010031166654453791 0.02771935895399873 -0.0025180135561086031 -0.046161023522719703 0.065328438650815737 0.045627243642810948 0.042138032778531384 -0.067894276482682842 0.019806847624022343 0.06640647190453082 -0.034029375336591595 0.094025431807556306 -0.022075797148919416 -0.009945853335887456 -0.056470378668694823 0.0014291748188093457 0.035408134060533419 -0.091570949799976958 -0.014306502052947792 0.037934937169310824 -0.035899799543522036 -0.0061363875535911296 -0.06492938441854007 -0.034300740373268412 -0.03955515355203848
leaf_weight=166.58801997452974 17.371952049434185 8.6286386474967021 19.204624682664871 13.297213725745676 11.731289967894552 11.569795355200769 19.197609186172485 17.843720830976963 15.726072058081629 17.069776222109795 10.467676796019079 13.167377345263956 10.801285713911055 12.994919836521147 211.6015175357461 16.211293570697308 8.848188731819393 14.935774490237234 12.804586499929426 18.987881436944008 34.602332837879658 13.949458472430704 17.496639728546143 11.147181920707224
leaf_count=727 80 48 89 66 68 50 92 80 72 78 51 59 54 57 957 75 54 71 61 97 164 65 80 62
internal_value=-1.28969e-06 -0.00517296 0.00349733 -0.00177538 0.00389601 -0.0188835 -0.032651 -0.0143887 0.0208808 -0.00288413 0.0332126 0.0162794 0.0353177 0.000439449 -0.00192083 0.058407 -0.0444694 0.0103318 -0.000919183 -0.00289638 -0.000202628 -0.0230283 0.00581757 -0.0625728
internal_weight=726.245 293.053 433.192 332.376 249.625 82.7515 56.246 37.0483 100.815 34.4417 66.3737 39.6947 26.5274 236.328 224.596 26.679 28.624 26.5056 264.429 251.624 232.636 48.5518 184.085 19.9954
internal_count=3357 1358 1999 1530 1148 382 261 169 469 158 311 185 126 1082 1014 126 164 121 1194 1133 1036 229 807 116
is_linear=0
shrinkage=0.08


Tree=57
num_leaves=9
num_cat=0
split_feature=3 3 10 26 21 21 26 38
split_gain=2.07991 6.67688 3.30503 4.35015 5.59738 4.42679 3.73779 3.20821
threshold=0.0066785085150968511 0.0049660034806006505 0.00063142890580145008 2.0430330751727119e-05 0.00057672051070180015 0.00069026108932605009 1.3282014396285182e-05 1.0000000180025095e-35
decision_type=2 2 2 2 2 2 2 2
left_child=1 2 3 4 6 -5 -1 -4
right_child=-2 -3 7 5 -6 -7 -8 -9
leaf_value=-0.001689068349780849 -0.033597677657045882 0.053076540764446525 7.6349697412233931e-05 0.06392266981794538 -0.054526964822586795 0.0058854399458137096 0.023197152171875911 -0.05899899723068841
leaf_weight=583.98083224892616 11.60495316237211 15.155685447156428 11.533009707927704 13.399613648653029 12.305254027247427 22.593367949128151 41.361497819423676 12.010394394397736
leaf_count=2683 65 78 53 72 57 98 196 55
internal_value=-2.18325e-06 0.000545132 -0.000596819 0.000432914 -0.00109446 0.0274918 -4.30398e-05 -0.0300603
internal_weight=723.945 712.34 697.184 673.641 637.648 35.993 625.342 23.5434
internal_count=3357 3292 3214 3106 2936 170 2879 108
is_linear=0
shrinkage=0.08


Tree=58
num_leaves=16
num_cat=0
split_feature=15 15 24 3 3 22 32 33 24 14 9 7 9 31 3
split_gain=2.07026 6.82563 3.9076 8.62051 5.95481 3.07272 3.05982 3.18765 3.24137 7.89382 4.24694 3.22673 3.63175 2.99312 2.80622
threshold=0.00029200806298330007 0.00036841988580735003 0.00019450856949440004 0.0011783579135682502 0.0013569702476388002 -5.9058984866867777e-05 0.00098157738122365006 0.00078880999232945007 0.00042507518081160003 -0.00023615119933399997 0.0007055778344280001 0.00038970899102640005 0.00050095811468660008 0.064434339738354565 0.0028581570200377003
decision_type=2 2 2 2 2 2 2 2 2 2 2 2 2 2 2
left_child=6 13 -3 -4 -5 -6 7 8 11 10 -10 12 -1 -2 -11
right_child=1 2 3 4 5 -7 -8 -9 9 14 -12 -13 -14 -15 -16
leaf_value=0.0016787317185245087 -0.011628199589631506 0.05000914821301649 -0.066773085188240586 0.060661476539856818 -0.030088123436736211 0.0015074244669874271 0.042095395439211078 -0.03764465041412357 0.010709093649711485 0.063719524813427367 -0.036399629983101492 0.03239782558504966 -0.019128149522237011 -0.067654644049793086 0.02168245729539206
leaf_weight=288.82471363246441 10.13308470696211 9.036746032536028 12.975735798478125 10.026797100901602 22.822340205311775 143.95964048802853 12.411250680685042 12.724002018570898 42.762580201029778 20.50689771771431 17.163493178784847 18.146201498806477 65.947278968989849 15.342863645404575 20.149709708988667
leaf_count=1296 51 43 59 46 110 678 59 64 195 101 86 81 308 79 101
internal_value=-3.1317e-07 -0.00638344 -0.00138789 -0.00383521 0.000783712 -0.00281609 0.00287095 0.00186972 0.00293156 0.0156765 -0.00278337 -0.00050599 -0.00218898 -0.0453701 0.0428856
internal_weight=722.933 224.297 198.821 189.785 176.809 166.782 498.636 486.225 473.501 100.583 59.9261 372.918 354.772 25.4759 40.6566
internal_count=3357 1066 936 893 834 788 2291 2232 2168 483 281 1685 1604 130 202
is_linear=0
shrinkage=0.08


Tree=59
num_leaves=11
num_cat=0
split_feature=1 3 24 0 16 0 8 1 8 26
split_gain=2.0967 3.9387 4.38381 2.81191 6.30448 5.00295 5.09497 4.73246 4.5597 3.37386
threshold=-4.3724845504420946 0.0062406982512414012 0.00087863470697560012 41.547498026700872 -0.00051814129358979989 37.969136498656461 -0.00013105840568489996 -1.7065339844798471 3.4158914111972546e-05 -1.472341730079535e-05
decision_type=2 2 2 2 2 2 2 2 2 2
left_child=-1 2 3 5 8 6 -2 -7 -5 -6
right_child=1 -3 -4 4 9 7 -8 -9 -10 -11
leaf_value=0.031107010609893578 0.0040835070696560545 -0.048175433853629733 0.049630648161572768 0.013778363591859275 -0.024934350105400963 -0.06762658385187717 -0.042280775264032143 -0.015101142274629904 0.065955983501725518 0.0017169776207217929
leaf_weight=13.606157839298247 144.4039586558938 10.963477551937101 11.274286702275274 35.919024109840393 33.034526944160461 14.526733309030531 16.949353605508804 44.94006235152483 15.278065890073774 381.14609003439546
leaf_count=84 656 52 55 164 149 65 80 202 70 1780
internal_value=-8.30987e-08 -0.000597523 0.000150348 -0.000662618 0.00286501 -0.00809707 -0.000786828 -0.0279322 0.029349 -0.000408699
internal_weight=722.042 708.436 697.472 686.198 465.378 220.82 161.353 59.4668 51.1971 414.181
internal_count=3357 3273 3221 3166 2163 1003 736 267 234 1929
is_linear=0
shrinkage=0.08


Tree=60
num_leaves=16
num_cat=0
split_feature=26 7 15 33 2 29 35 3 32 16 32 1 31 3 10
split_gain=1.98577 3.32511 3.02093 6.3891 4.48418 3.02131 3.95917 4.4262 3.51896 11.2882 3.97747 4.17027 3.17769 2.73711 2.40087
threshold=2.8772077897075615e-05 0.00035149524457475005 0.00097923039269935002 0.0015596547141842503 0.86810776993645 0.54420858358309998 1.0000000180025095e-35 0.0012495932904402001 0.00094161237330790009 0.0015583276514427502 0.0007307980332863001 1.9503506920809743 0.093722547521946614 0.0033270843929571006 -6.1846636887024812e-05
decision_type=2 2 2 2 2 2 2 2 2 2 2 2 2 2 2
left_child=2 -2 5 4 -4 8 7 14 10 13 12 -12 -1 -10 -7
right_child=1 -3 3 -5 -6 6 -8 -9 9 -11 11 -13 -14 -15 -16
leaf_value=-0.0066966199789112351 0.055922053674018167 -0.0039126048587001996 -0.014598738873113182 0.020760990757731142 -0.078472502977261105 -0.04179712300555935 0.062076460032111411 0.040386437858589169 0.028091895507811861 -0.032675467861467564 -0.0053026311689993912 -0.072176970359628723 0.0057379482404862131 0.077234303533406656 0.010613322312216757
leaf_weight=301.59811633825302 10.66753124445677 13.423881046473978 15.503665395081045 15.15088403970003 12.876549765467642 11.054210834205149 10.956661559641359 15.459317788481711 16.1903799623251 16.455637164413929 13.727212853729727 10.558113664388655 233.26006082445383 13.141355641186236 11.324564419686796
leaf_count=1383 56 61 71 69 61 50 55 73 79 79 67 53 1081 66 53
internal_value=5.96461e-07 0.0225818 -0.000779623 -0.0211858 -0.0435793 0.000579209 0.0197286 0.00746612 -0.000965417 0.0203568 -0.00271146 -0.0343764 -0.00127371 0.0501089 -0.0152753
internal_weight=721.348 24.0914 697.257 43.5311 28.3802 653.726 48.7948 37.8381 604.931 45.7874 559.144 24.2853 534.858 29.3317 22.3788
internal_count=3357 117 3240 201 132 3039 231 176 2808 224 2584 120 2464 145 103
is_linear=0
shrinkage=0.08


Tree=61
num_leaves=17
num_cat=0
split_feature=15 27 2 17 24 3 24 29 21 31 3 31 40 24 27 3
split_gain=1.87524 4.57349 3.5551 3.53414 2.76868 5.62811 2.55488 2.28896 2.95284 2.54879 5.81156 4.47244 4.46178 11.9249 5.04549 1.87694
threshold=0.00013327809055155003 0.0025846242675189503 0.7857613804194018 1.0000000180025095e-35 0.00018901996358880005 0.0010508585833915003 0.00021498977302715003 0.50749871495518417 -6.1648884775055023e-05 0.11772149546941897 0.0016681575492996004 0.18169827485747866 0.50000000000000011 0.00029646518920915002 0.0025880070609803 0.0011676495470854503
decision_type=2 2 2 2 2 2 2 2 2 2 2 2 2 2 2 2
left_child=2 -2 7 4 -3 -6 -7 9 15 12 -11 -12 13 -1 -14 -9
right_child=1 3 -4 -5 5 6 -8 8 -10 10 11 -13 14 -15 -16 -17
leaf_value=-0.02039612365523177 -0.059268338838971542 0.033987829180156415 0.046634994260314304 -0.043769846857062283 -0.05329624462617371 -0.034153555716905495 0.0018040687129041446 -0.010486671181675129 0.056074866613259465 -0.031060834761064783 0.032704654968600075 0.0016207672734319457 0.012942939474824944 0.044421899066457209 -0.019761133487573128 0.031938333750351676
leaf_weight=36.6008640229702 9.5967871546745283 13.638782583177088 11.815203949809073 13.044313266873358 13.489231109619139 13.390742868185042 227.52022670954466 16.347648806869987 10.85706517845392 20.031785234808922 53.492508228868246 66.394678987562656 39.611224435269833 36.0643664970994 126.95340518653393 11.278557367622851
leaf_count=167 44 66 55 64 64 60 1080 76 52 91 252 318 177 163 576 52
internal_value=1.31337e-06 -0.00496073 0.00335997 -0.00310655 -0.00112764 -0.00301024 -0.000194592 0.00213568 0.0207257 0.000248807 0.00882554 0.0154901 -0.00476749 0.0117736 -0.0119837 0.00683358
internal_weight=720.127 290.68 429.447 281.083 268.039 254.4 240.911 417.632 38.4833 379.149 139.919 119.887 239.23 72.6652 166.565 27.6262
internal_count=3357 1378 1979 1334 1270 1204 1140 1924 180 1744 661 570 1083 330 753 128
is_linear=0
shrinkage=0.08


Tree=62
num_leaves=15
num_cat=0
split_feature=24 26 21 21 26 3 21 26 33 10 3 31 21 9
split_gain=1.79688 2.61657 7.83117 4.5822 6.20821 3.83602 3.62392 6.28329 4.67587 3.44037 2.25449 2.25181 1.67577 1.33473
threshold=0.00097154284418595014 -2.0905183432319631e-05 -0.00063950370509294988 -0.00043276687015259994 -1.2711736540610016e-05 0.0029500225647530001 -0.00025961851043959991 -9.2393988298380441e-06 -0.00015673839584589999 -0.00020965260897064998 0.0027420644487430004 0.060891278984055212 -0.00031358826686534992 0.00045481246768540003
decision_type=2 2 2 2 2 2 2 2 2 2 2 2 2 2
left_child=1 2 5 9 12 -1 8 -8 -6 10 11 -3 -5 -11
right_child=-2 3 -4 4 6 -7 7 -9 -10 13 -12 -13 -14 -15
leaf_value=0.030237885882084266 0.027834266219665876 0.019922479454298658 -0.071741148975453028 -0.021033367969657209 0.0029380275458442649 -0.027194235234631395 -0.045992968533685001 5.9280542537791915e-05 0.051729704503470766 0.065591068498999205 0.037247531588074326 -0.028022223201081796 -0.060276562348594846 0.026955188242766485
leaf_weight=15.574432849884035 14.544976599514483 11.390219807624819 12.934417843818663 16.181106075644497 36.363737098872662 14.256022006273268 19.709946054965258 499.11050999164581 19.211652353405952 11.406929627060892 10.7557126134634 13.94526596367359 12.226037614047526 11.483669087290762
leaf_count=66 78 50 60 71 160 68 109 2329 87 49 51 61 65 53
internal_value=1.54741e-06 -0.000573041 -0.0197516 0.000666286 -0.001416 0.00279098 0.000389486 -0.00169024 0.0198046 0.0219475 0.00656026 -0.00646745 -0.0379231 0.0462084
internal_weight=719.095 704.55 42.7649 661.785 602.803 29.8305 574.396 518.82 55.5754 58.9818 36.0912 25.3355 28.4071 22.8906
internal_count=3357 3279 194 3085 2821 134 2685 2438 247 264 162 111 136 102
is_linear=0
shrinkage=0.08


Tree=63
num_leaves=9
num_cat=0
split_feature=3 3 12 8 21 26 21 10
split_gain=1.76362 5.39758 3.03656 2.75769 2.3228 8.25091 4.77235 4.16193
threshold=0.0066785085150968511 0.0049660034806006505 0.0010148824933785001 -0.0010362009521436997 -0.00063950370509294988 -2.0637360858454736e-05 -0.00052239641798699989 -0.00049140351014124995
decision_type=2 2 2 2 2 2 2 2
left_child=1 2 4 -4 7 -6 -7 -1
right_child=-2 -3 3 -5 5 6 -8 -9
leaf_value=0.059486304191568688 -0.031230172340507862 0.048384149337306552 -0.0038331182783819689 -0.058039098171395631 -0.061069696671784149 0.043996671504652654 -0.0003053253056467178 -0.001324606050409113
leaf_weight=11.712578251957895 11.389164999127386 14.753359988331793 13.293820947408678 10.957710914313791 14.093251183629034 15.97164963185787 606.77732939645648 18.707928016781807
leaf_count=51 65 78 64 51 67 71 2828 82
internal_value=-9.40958e-08 0.000503517 -0.000518009 -0.0283253 0.000492642 -0.000538965 0.000830888 0.022089
internal_weight=717.657 706.268 691.514 24.2515 667.263 636.842 622.749 30.4205
internal_count=3357 3292 3214 115 3099 2966 2899 133
is_linear=0
shrinkage=0.08


Tree=64
num_leaves=15
num_cat=0
split_feature=8 16 33 16 10 24 24 29 10 9 21 3 15 24
split_gain=1.76442 5.44346 5.00748 3.91152 2.55771 4.02032 3.66065 2.74605 3.02924 3.29893 2.62559 3.6121 3.25783 2.03625
threshold=0.0020189382302560504 0.0020571576437522503 0.0015142161209559502 0.0019084602621530003 0.00042754202076620006 0.00041932129037840004 0.00051259185888380009 0.54420858358309998 -0.00011162150215839998 0.00041724456607815006 0.00048088476502590005 0.0022885405858323504 0.00013327809055155003 0.0003221597685918001
decision_type=2 2 2 2 2 2 2 2 2 2 2 2 2 2
left_child=2 -2 4 -4 7 13 -7 10 -9 -10 12 -12 -1 -6
right_child=1 -3 3 -5 5 6 -8 8 9 -11 11 -13 -14 -15
leaf_value=0.002102302374197704 -0.061255801367481127 0.018402121023548854 0.072934696337253385 0.0035365608921296681 -0.017291717768407464 0.036903973903990007 -0.020254508701258729 -0.0079798578781716516 0.012758706623958798 0.06632219905030233 0.053246173285876448 0.0024951109367334005 -0.011467264689596798 -0.064188450078949966
leaf_weight=368.78600446134806 11.232418585568668 10.7398649379611 10.742052584886553 10.071273222565649 11.330614201724531 11.818066678941252 18.236476168036461 16.595943242311478 18.141742654144767 12.381225921213625 13.284110128879545 27.671089112758636 163.4073350392282 12.421534448862074
leaf_count=1697 54 50 52 48 54 54 92 77 88 60 64 136 772 59
internal_value=2.8802e-07 -0.0223197 0.000706044 0.0393539 -0.000487283 -0.0172187 0.00222139 0.000964128 0.0195289 0.034486 -0.000562097 0.0189566 -0.00206417 -0.0418171
internal_weight=716.86 21.9723 694.887 20.8133 674.074 53.8067 30.0545 620.267 47.1189 30.523 573.149 40.9552 532.193 23.7521
internal_count=3357 104 3253 100 3153 259 146 2894 225 148 2669 200 2469 113
is_linear=0
shrinkage=0.08


Tree=65
num_leaves=22
num_cat=0
split_feature=26 10 29 15 26 8 6 33 3 24 29 15 0 29 24 24 6 32 29 2 16
split_gain=1.76869 4.33132 5.26297 3.36568 6.61195 5.17513 3.44692 4.33159 3.22479 6.86395 4.74368 3.72652 4.00564 3.58841 3.17075 3.47418 3.15534 4.65476 3.02202 3.81356 3.60866
threshold=-3.7993998825464317e-06 -2.1203741983317428e-05 0.045476179630769359 0.00013327809055155003 7.4932882172048683e-06 0.00045653763803260003 0.00014248722660945004 0.00053471892544510011 0.0038459362758686004 0.00063689630760505012 0.069683953156188208 0.00029200806298330007 66.614257311500808 0.13651881040750993 0.00041079438145520008 0.00022974941736420004 0.00016931010307295004 -0.00013816901236399999 0.096159324809564559 0.75988395826823274 -0.00069561934562374986
decision_type=2 2 2 2 2 2 2 2 2 2 2 2 2 2 2 2 2 2 2 2 2
left_child=8 2 -2 5 6 14 -5 -8 9 11 -10 12 13 -1 15 -3 -6 -18 -4 20 -20
right_child=1 3 18 4 16 -7 7 -9 10 -11 -12 -13 -14 -15 -16 -17 17 -19 19 -21 -22
leaf_value=-0.028173278732434276 0.075494532506997669 0.018392465262658239 -0.027570466466649911 -0.056497887552198006 0.037329510397473953 0.055827567719684196 0.015178353072224277 -0.036651895052601656 -0.026729617469625308 -0.070928888679544541 0.043026664612987889 -0.05086507886768217 0.037646494856121669 -0.00087766166448411287 0.031913358860180534 -0.018097302121735229 -0.05114117789745478 0.0027789833514423644 0.038508300940049478 0.046992380870062349 0.00092123587311620169
leaf_weight=37.516370557248592 8.5359261482954008 25.925493471324444 12.016454465687273 20.644898019731045 14.261189721524714 13.296846784651278 16.709431931376457 26.985371023416519 9.2262899577617663 10.609637841582297 19.271119654178619 10.885314911603926 14.557230457663534 172.81158470362425 18.578994605690241 46.92217580229044 11.375676289200781 103.22591053694487 20.371373623609543 19.418246418237686 82.759245425462723
leaf_count=171 40 120 56 96 66 62 79 134 53 51 93 68 68 789 97 212 55 476 97 89 385
internal_value=8.65999e-07 0.00314011 0.0145794 -0.00235447 -0.00861467 0.00919486 -0.0295593 -0.0168314 -0.0050359 -0.00798284 0.0204424 -0.00515028 -0.0029375 -0.0057464 0.00241272 -0.00511109 0.00184274 -0.00257328 0.0107154 0.0144695 0.0083458
internal_weight=715.905 441.027 143.101 297.926 193.202 104.724 64.3397 43.6948 274.878 246.38 28.4974 235.771 224.885 210.328 91.4267 72.8477 128.863 114.602 134.565 122.549 103.131
internal_count=3357 2064 667 1397 906 491 309 213 1293 1147 146 1096 1028 960 429 332 597 531 627 571 482
is_linear=0
shrinkage=0.08


Tree=66
num_leaves=16
num_cat=0
split_feature=26 21 15 33 0 26 21 31 9 7 31 1 26 21 30
split_gain=1.79767 3.55263 2.89282 5.3456 3.57651 2.23344 5.68823 6.02282 5.02244 5.09472 6.84416 3.47327 2.77724 6.20935 4.16954
threshold=2.8772077897075615e-05 0.0010312300742916503 0.00097923039269935002 0.0016097109038348001 56.647476052189177 9.2972748611368319e-07 -8.1797343337828267e-06 0.13410573287900676 0.00073504371491130008 0.00087704992766320013 0.17534186678918068 0.14085665558559413 -5.0955979780462235e-06 -0.00015617148021529999 -2.0186209424252786
decision_type=2 2 2 2 2 2 2 2 2 2 2 2 2 2 2
left_child=2 -2 5 4 -4 6 12 11 9 10 -7 -8 13 -1 -14
right_child=1 -3 3 -5 -6 8 7 -9 -10 -11 -12 -13 14 -15 -16
leaf_value=0.00039940652921007593 0.055070199018849665 -0.0069129383043423651 -0.012514743188797667 0.019401522243803711 -0.068820257768216708 0.012781753139674862 -0.06590799411397627 0.017408378704047982 -0.034162462507843674 0.060354144068816798 -0.025263304536371458 -0.018838408036671528 0.063476377957694632 -0.042347073508243779 0.0067774744927088714
leaf_weight=217.10984805971384 10.961713775992395 12.862341023981569 14.487768627703192 14.180862180888651 14.392534993588923 191.59588851034641 20.685639731585979 14.281730912625788 18.185214631259441 11.953803993761538 35.938965030014515 19.483023472130299 9.2001162245869619 24.169411025941372 84.915374256670475
leaf_count=983 54 63 67 65 69 890 108 71 90 59 169 96 44 139 390
internal_value=3.21629e-07 0.0216062 -0.000745051 -0.0208234 -0.0405747 0.000590193 -0.0032296 -0.027213 0.00636931 0.00944703 0.00677256 -0.0430778 0.000664033 -0.00388259 0.01232
internal_weight=714.404 23.8241 690.58 43.0612 28.8803 647.519 389.845 54.4504 257.674 239.489 227.535 40.1687 335.395 241.279 94.1155
internal_count=3357 117 3240 201 136 3039 1831 275 1208 1118 1059 204 1556 1122 434
is_linear=0
shrinkage=0.08


Tree=67
num_leaves=10
num_cat=0
split_feature=0 10 8 10 7 6 7 9 14
split_gain=1.73772 2.85428 4.91626 4.89849 3.92549 5.68121 4.63476 2.60832 1.80592
threshold=24.372700808829887 -0.00054546638153004994 -0.0019915154352772996 -0.00065745918371434993 -0.0010041692362085998 -0.00047130540041869998 -0.00052783802501129987 0.00050420303206510019 -0.0008664423774799499
decision_type=2 2 2 2 2 2 2 2 2
left_child=7 3 -3 -2 -4 8 -7 -1 -6
right_child=1 2 4 -5 5 6 -8 -9 -10
leaf_value=0.036774056402435612 0.0033999512521305526 0.045189541561020292 -0.040547771094586772 -0.055290969655942386 0.01580537879728908 -0.025270091665694522 0.00085153009078078987 -0.010090311427255137 0.060130935273433349
leaf_weight=19.254229187965397 20.633278787136078 15.301241889595984 15.437909469008444 16.284016862511635 11.331708267331125 47.2587660998106 542.49335846677423 12.558147415518759 12.23315918445587
leaf_count=86 97 83 72 75 50 223 2547 68 56
internal_value=-1.36626e-06 -0.00085512 0.000384893 -0.0224883 -0.000705463 0.000297414 -0.00124168 0.018274 0.038816
internal_weight=712.786 680.973 644.056 36.9173 628.755 613.317 589.752 31.8124 23.5649
internal_count=3357 3203 3031 172 2948 2876 2770 154 106
is_linear=0
shrinkage=0.08


Tree=68
num_leaves=19
num_cat=0
split_feature=27 24 26 28 0 0 24 28 29 14 24 26 24 26 8 22 22 22
split_gain=1.88118 2.05408 5.33896 5.26503 4.16878 2.97677 2.90275 7.17162 6.70241 6.39631 7.66527 6.54328 4.69637 5.52377 4.30626 3.30425 4.42326 3.76365
threshold=0.0025834977033125507 0.00018901996358880005 4.2735969200885843e-06 -0.88732985601500591 57.951631690978417 41.769818815260869 0.00029646518920915002 -0.83456105547804726 0.47607591046756093 3.8817369311554126e-06 0.00022133379785680001 -3.7993998825464317e-06 0.00045318713040795009 8.1019859520106688e-06 0.00014257694188980001 0.00013333169553130002 0.00019226419006995003 -2.0760378872625413e-05
decision_type=2 2 2 2 2 2 2 2 2 2 2 2 2 2 2 2 2 2
left_child=-1 2 3 4 5 -2 8 12 9 11 -11 -3 13 -8 -10 17 -17 -9
right_child=1 6 -4 -5 -6 -7 7 15 14 10 -12 -13 -14 -15 -16 16 -18 -19
leaf_value=-0.031683362132273955 0.0076504495342008807 -0.019815264017907182 0.060483862759695979 -0.039602210946535883 -0.018864944865134566 0.065194138120409875 0.0044758292294194918 0.0026445463528159074 0.0013989435325698024 0.005210041749170064 -0.048859129399333019 0.02535337279724964 0.063646079120860871 0.049450058153480997 0.0640354757661621 0.051604391932244587 -0.015467447564737761 -0.01526378691205324
leaf_weight=11.795565307140349 10.649415113031866 46.970484249293804 12.789728656411169 13.728039175271986 12.315264791250227 12.514656916260718 84.659568190574646 159.43963890522718 17.86565658450127 24.423713564872742 53.622927997261286 36.457652598619461 13.619986049830912 22.024878442287445 11.576428718864916 15.261387921869757 10.70804528146982 141.99668522551656
leaf_count=56 49 215 67 64 53 58 390 774 84 111 252 162 72 100 54 72 52 672
internal_value=-7.55782e-07 0.000532646 0.0144352 0.00246645 0.0187441 0.0387391 -0.000816995 0.00270505 -0.00907638 -0.0154769 -0.0319389 -7.68097e-05 0.0194084 0.0137607 0.0260272 -0.00343254 0.0239485 -0.00579148
internal_weight=712.42 700.624 61.9971 49.2074 35.4793 23.1641 638.627 447.71 190.917 161.475 78.0466 83.4281 120.304 106.684 29.4421 327.406 25.9694 301.436
internal_count=3357 3301 291 224 160 107 3010 2132 878 740 363 377 562 490 138 1570 124 1446
is_linear=0
shrinkage=0.08


Tree=69
num_leaves=24
num_cat=0
split_feature=14 26 37 29 31 14 14 31 40 29 27 33 16 14 32 30 27 26 24 22 30 14 3
split_gain=1.7499 6.29074 4.68954 3.64899 3.90223 5.1829 6.05466 5.04368 5.00708 4.35741 3.39814 3.38342 3.47909 3.21033 3.3718 4.52129 3.15528 4.32198 2.85271 2.74716 6.04541 4.17452 3.20995
threshold=0.00033066376493570004 1.1547321448161102e-05 1.0000000180025095e-35 0.5045576230930785 0.093722547521946614 0.00025689687392285005 0.00020978110062365004 0.10518695683367346 0.25000000000000006 0.22958686186647168 0.0026271394192329003 0.00012103143258430001 0.00064017880813530003 -0.00027931731396519993 -0.00013128144639759997 0.4273744805248933 0.0025900626220861501 5.7484817376204781e-06 0.00066090807426745014 5.1033450977761466e-05 1.0634520612815217 0.00091247012366225011 0.0021471248777339006
decision_type=2 2 2 2 2 2 2 2 2 2 2 2 2 2 2 2 2 2 2 2 2 2 2
left_child=3 2 16 4 8 6 7 -6 -1 -10 -11 -4 -13 -5 -15 -16 -2 -18 19 20 22 -21 -3
right_child=1 18 11 13 5 -7 -8 -9 9 10 -12 12 -14 14 15 -17 17 -19 -20 21 -22 -23 -24
leaf_value=0.031586580233585154 -0.0089628210366852461 0.052884583839783311 0.03438480351047489 -0.0031137178847025532 0.04081606633040518 0.051452271670547556 -0.055296662343715178 0.0026907990357556088 -0.046547110737219385 -0.0093189725730711045 0.036513194803456307 -0.049618615562629302 0.0092755575795877582 0.078135543135567198 -0.017765346257866015 0.056413790927569603 -0.03125076424109903 -0.093624536665319502 -0.023137549560492285 0.06739582417368381 -0.032908880906537083 0.00047202857814915739 0.004867528105623675
leaf_weight=19.878280505537987 13.140746191143988 13.617728397250174 11.043924026191233 18.706427365541458 25.23366317898035 16.014309339225292 10.389991149306296 185.18402048945427 19.396107822656631 194.50637334957719 10.935415036976336 12.166400052607061 13.590336471796034 9.633583106100561 10.061277329921724 11.01685683429241 17.883874427527193 11.801596909761427 17.184593074023724 12.534698724746706 19.594995096325874 11.381701759994028 25.775048278272152
leaf_count=95 63 66 53 85 117 76 49 877 90 894 53 60 69 48 49 53 96 52 88 60 94 51 119
internal_value=7.33711e-07 -0.00682262 -0.0236033 0.00231027 0.000185684 0.00750637 0.00431914 0.00726285 -0.00689884 -0.0103014 -0.00687938 -0.0026597 -0.0185436 0.0230126 0.038926 0.0210057 -0.0416003 -0.0560477 0.00652749 0.0126765 0.00340374 0.0355471 0.0214666
internal_weight=710.672 179.716 79.6269 530.956 481.538 236.822 220.808 210.418 244.716 224.838 205.442 36.8007 25.7567 49.4181 30.7117 21.0781 42.8262 29.6855 100.089 82.9042 58.9878 23.9164 39.3928
internal_count=3357 871 393 2486 2251 1119 1043 994 1132 1037 947 182 129 235 150 102 211 148 478 390 279 111 185
is_linear=0
shrinkage=0.08


Tree=70
num_leaves=14
num_cat=0
split_feature=8 0 33 15 15 26 40 29 2 1 29 0 15
split_gain=1.78021 3.89009 3.8396 2.30516 6.03207 4.2901 4.18696 4.23771 3.37711 2.45737 2.26925 1.75277 1.74545
threshold=0.0020189382302560504 77.704652798568603 0.0015142161209559502 0.00029200806298330007 0.00035929556037995005 1.2772627754466255e-05 0.25000000000000006 0.13091864454554053 0.79445626230558519 0.2931619897035489 0.62219544505236657 71.649232147850213 -3.0762371520036755e-05
decision_type=2 2 2 2 2 2 2 2 2 2 2 2 2
left_child=2 -2 3 5 9 8 -6 -8 10 -5 -1 -4 -7
right_child=1 -3 11 4 6 12 7 -9 -10 -11 -12 -13 -14
leaf_value=-0.0016833607615619405 -0.057550594516773405 0.010402315698380219 0.058279957089464769 -0.02123680505004864 -0.046316746760695325 0.013251530523622365 -0.024367571265889492 0.008225441212749221 0.033026487772373971 -0.075462973592370905 0.026325083093249151 0.011370989568620973 0.060532770900169716
leaf_weight=424.11601182818413 10.48924331739545 11.094434160739182 10.231452077627184 10.883362192660572 12.959328718483446 9.2704529762268084 32.688663609325886 116.59191665053368 20.149497106671333 10.516960471868513 19.358324468135834 10.160532049834726 10.840075664222239
leaf_count=1967 50 54 50 53 64 52 158 558 92 61 93 50 55
internal_value=1.7017e-06 -0.0226215 0.000711668 -0.00033319 -0.00796408 0.00256373 -0.00269821 0.0010884 0.000994635 -0.0478857 -0.00046075 0.034907 0.0387373
internal_weight=709.35 21.5837 687.767 667.375 183.64 483.734 162.24 149.281 463.624 21.4003 443.474 20.392 20.1105
internal_count=3357 104 3253 3153 894 2259 780 716 2152 114 2060 100 107
is_linear=0
shrinkage=0.08


Tree=71
num_leaves=13
num_cat=0
split_feature=6 6 40 26 21 29 26 15 26 1 1 8
split_gain=1.6274 10.4075 4.6671 3.92834 6.64563 4.26941 3.90221 3.97037 3.09185 11.2505 7.11103 9.63958
threshold=0.00016931010307295004 0.00014248722660945004 0.25000000000000006 1.0800927961747662e-05 0.00022981574078545001 0.11610605824262606 6.840741709209356e-06 6.1826151957964902e-05 2.8772077897075615e-05 -1.6824807045891246 -0.84554221023654452 -8.0732585669488776e-05
decision_type=2 2 2 2 2 2 2 2 2 2 2 2
left_child=1 3 -2 4 6 -5 7 -1 9 -4 -11 -12
right_child=2 -3 8 5 -6 -7 -8 -9 -10 10 11 -13
leaf_value=0.002007287770410154 -0.050159577798283207 0.059916571466952499 -0.084758462525439907 -0.014429705925414411 -0.057414265046873705 0.05275846662254903 0.037148939991376792 -0.019065384290136187 0.026678939874102518 0.062045524612050276 -0.062090377625270816 0.001623920616516623
leaf_weight=348.11464384943247 14.18434566259384 19.429873377084732 10.914193063974379 9.1844631657004374 13.252055183053015 17.752189688384533 17.459016807377338 68.479857914149761 20.604883059859276 10.738165795803068 17.028189957141876 141.33628444746137
leaf_count=1603 69 91 49 48 64 93 83 335 99 51 81 691
internal_value=1.08929e-06 0.00253026 -0.00581151 0.000179123 -0.00160763 0.0298496 9.61988e-05 -0.00145664 -0.00267601 -0.00603601 -0.000955116 -0.00522698
internal_weight=708.478 493.672 214.806 474.242 447.306 26.9367 434.054 416.595 200.622 180.017 169.103 158.364
internal_count=3357 2317 1040 2226 2085 141 2021 1938 971 872 823 772
is_linear=0
shrinkage=0.08


Tree=72
num_leaves=16
num_cat=0
split_feature=26 21 10 21 1 8 1 29 40 15 16 1 26 14 14
split_gain=1.62537 5.98242 4.49662 4.37072 3.84937 6.41123 5.93541 4.82523 6.95551 3.25474 3.20052 3.15365 2.58928 3.61996 3.51794
threshold=-1.4150897098979658e-05 -0.00052239641798699989 -0.00018306655283234998 -0.00044204238078174996 1.674842566969801 0.00089856310843860012 2.7838654807414973 0.14073797780993416 0.75000000000000011 -0.0011558696586517999 -0.00073487059353874982 4.0857969691373919 -2.0905183432319631e-05 -0.0011339368188263497 -0.00073752899082144983
decision_type=2 2 2 2 2 2 2 2 2 2 2 2 2 2 2
left_child=1 12 -3 -2 5 9 7 8 -6 -5 -11 -8 13 -1 -14
right_child=3 2 -4 4 6 -7 11 -9 -10 10 -12 -13 14 -15 -16
leaf_value=0.021212737233433917 0.038718163690333353 -0.061317067430196381 -0.0067694010015924254 -0.047268716997969681 0.047419925476881279 -0.051434683413924986 -0.030507136322382056 0.065086486925163653 -0.031565694594199382 0.013639300676309864 -0.0029242268267899206 0.019191105673946576 -0.0040299860858805121 -0.027947406116080993 0.05752267130087934
leaf_weight=16.828816175460815 19.615948602557182 19.395660877227783 19.292385920882225 9.3926484733819944 16.688692085444931 16.434232763946056 19.352608114480972 19.465086586773396 12.464606694877146 92.599480830132961 385.4096147865057 14.144002791494129 11.907300636172296 22.27560730278492 11.863060817122458
leaf_count=82 90 97 91 46 82 83 96 95 60 440 1821 70 54 97 53
internal_value=1.47238e-06 -0.009364 -0.034116 0.00157221 0.000328666 -0.00228904 0.0163902 0.0342429 0.0136493 -0.000631946 0.000284444 -0.00952197 0.0058664 -0.00679105 0.0266891
internal_weight=707.13 101.563 38.688 605.567 585.951 503.836 82.115 48.6184 29.1533 487.402 478.009 33.4966 62.8748 39.1044 23.7704
internal_count=3357 474 188 2883 2793 2390 403 237 142 2307 2261 166 286 179 107
is_linear=0
shrinkage=0.08


Tree=73
num_leaves=13
num_cat=0
split_feature=8 16 33 16 24 25 9 12 35 24 8 0
split_gain=1.63853 4.14544 3.28294 2.13871 1.99108 4.48955 5.17613 4.17349 4.15723 6.46347 6.41896 1.40972
threshold=0.0020189382302560504 0.0020571576437522503 0.0015142161209559502 0.0017568671231162501 0.00039218439692915004 1.0000000180025095e-35 0.00050095811468660008 0.00020401996718840003 1.0000000180025095e-35 0.00047895292734410005 0.0003982288785710501 71.649232147850213
decision_type=2 2 2 2 2 2 2 2 2 2 2 2
left_child=2 -2 3 4 5 7 -7 -1 10 -10 -6 -4
right_child=1 -3 11 -5 8 6 -8 -9 9 -11 -12 -13
leaf_value=-0.01804697084507945 -0.056343736665217928 0.013934860586617009 0.053636917286961683 -0.0358029152652427 0.0084797945847623832 -0.0018600076320387461 -0.027944955350005608 0.034068087861566468 0.0039412937550312834 0.069472200060262626 -0.031267832752060527 0.011389141177465959
leaf_weight=13.518352895975111 10.912480067461731 10.579120673239229 10.07474882155657 10.674450621008871 143.11372181028128 331.55583073198795 57.065757721662521 36.089006319642067 24.464332766830921 15.889150932431219 31.776525162160397 10.144747000187634
leaf_count=62 54 50 50 53 699 1543 275 167 122 79 153 50
internal_value=9.91157e-07 -0.0217495 0.000684035 -0.00028275 0.000297471 -0.00279735 -0.00569036 0.0198664 0.00659841 0.029744 0.00125789 0.0324399
internal_weight=705.858 21.4916 684.367 664.147 653.473 438.229 388.622 49.6074 215.244 40.3535 174.89 20.2195
internal_count=3357 104 3253 3153 3100 2047 1818 229 1053 201 852 100
is_linear=0
shrinkage=0.08


Tree=74
num_leaves=22
num_cat=0
split_feature=27 14 26 37 29 14 26 10 26 6 8 24 24 28 36 32 29 24 14 8 29
split_gain=1.57172 1.82013 5.2937 4.46043 3.77727 3.63745 2.98444 3.63755 2.88639 4.49108 4.92971 4.22013 8.3263 6.12632 2.64849 2.60709 3.01689 2.53214 2.10935 5.02233 1.94189
threshold=0.0025834977033125507 0.00033066376493570004 1.1547321448161102e-05 1.0000000180025095e-35 0.49951997813223897 -0.00027931731396519993 5.6148496701980124e-07 4.6420138933705103e-05 -1.2711736540610016e-05 -0.00013207416086159998 -0.00084831901278224992 0.00038912769784110003 0.00040221655650590006 -0.80781762684170844 1.0000000180025095e-35 0.00025004969740340008 0.19396520971860262 0.00066090807426745014 0.00091247012366225011 -8.0732585669488776e-05 0.18056864844633588
decision_type=2 2 2 2 2 2 2 2 2 2 2 2 2 2 2 2 2 2 2 2 2
left_child=-1 4 3 15 8 -6 -5 -8 9 10 -2 13 -13 -10 -7 -3 -17 18 19 -4 -20
right_child=1 2 17 6 5 14 7 -9 11 -11 -12 12 -14 -15 -16 16 -18 -19 20 -21 -22
leaf_value=-0.029149667803389279 -0.024107487955250775 -0.015332540922776711 -0.0070472060038143805 -0.03938223210467659 -0.0022344867232489463 0.065906147602884296 0.04517009746305245 -0.014332960393333016 0.0036683651245137771 -0.049833512432465532 0.013420536647509614 0.087358781178274669 0.010409827140734147 -0.031901470562375571 0.016835376677141873 -0.02726773464107125 -0.082737365122508996 -0.02223417377554367 0.015714103609939318 0.04110546999454133 -0.028472598233407375
leaf_weight=11.641557879745958 41.686264775693417 16.631889518350363 24.45925710350275 9.7768454030156118 19.512767262756824 14.873367607593536 11.905862838029863 14.685579009354113 227.65002913400531 16.082183182239532 48.426621198654175 10.017507769167421 88.574101977050304 35.872895732522011 13.364671140909195 12.048069179058077 13.096480187028645 17.092164557427168 12.131934978067877 31.997622534632683 13.391549639403818
leaf_count=56 200 80 116 56 89 75 54 72 1041 81 219 51 443 167 66 62 67 88 55 158 61
internal_value=1.53691e-06 0.000491046 -0.00650391 -0.0220723 0.00289314 0.0243272 -0.00158745 0.0123085 0.000707635 -0.0108901 -0.00393995 0.00410882 0.0182283 -0.00117369 0.0426816 -0.0399053 -0.056159 0.00577585 0.0116157 0.0202439 -0.00746958
internal_weight=704.919 693.278 177.217 78.1447 516.06 47.7508 36.3683 26.5914 468.31 106.195 90.1129 362.115 98.5916 263.523 28.238 41.7764 25.1445 99.0725 81.9804 56.4569 25.5235
internal_count=3357 3301 869 391 2432 230 182 126 2202 500 419 1702 494 1208 141 209 129 478 390 274 116
is_linear=0
shrinkage=0.08


Tree=75
num_leaves=7
num_cat=0
split_feature=1 3 16 16 1 1
split_gain=1.66728 3.915 2.81453 2.34341 2.33484 4.50797
threshold=-4.3724845504420946 0.0062406982512414012 0.0023175222784313503 0.0019084602621530003 -3.487126674613136 -3.01825384606127
decision_type=2 2 2 2 2 2
left_child=-1 2 3 4 -2 -6
right_child=1 -3 -4 -5 5 -7
leaf_value=0.028201581555770936 -0.027233059627087282 -0.048842501061322152 0.040434855195598723 -0.034404019172815603 0.041177824210996507 -8.3410366308059246e-05
leaf_weight=13.166070766746996 19.250621452927589 10.573489144444464 10.955507792532442 12.756855003535746 17.423326462507248 619.04143921285868
leaf_count=84 95 52 53 62 83 2928
internal_value=7.5733e-07 -0.000537349 0.000214392 -0.000444776 0.000215897 0.00104612
internal_weight=703.167 690.001 679.428 668.472 655.715 636.465
internal_count=3357 3273 3221 3168 3106 3011
is_linear=0
shrinkage=0.08


Tree=76
num_leaves=10
num_cat=0
split_feature=24 12 3 27 27 31 30 22 14
split_gain=1.48061 1.87384 2.66255 2.08054 6.05742 4.86301 2.0599 4.36046 3.92108
threshold=0.00097154284418595014 0.0010148824933785001 0.0037648210432137505 0.0026288504714403501 0.0026240013886241506 0.093084951402247915 -2.3485076016066642 -5.8263319881026325e-05 -0.00057920488703139988
decision_type=2 2 2 2 2 2 2 2 2
left_child=1 3 -3 4 6 -5 7 -1 -8
right_child=-2 2 -4 5 -6 -7 8 -9 -10
leaf_value=-0.0040361102711930366 0.025478857534517296 -0.039254196700217597 0.013437920933787036 0.054824886036762124 -0.059074755197861969 -0.016805689690137404 -0.020485915436310492 0.051212172620651204 0.001468801788945905
leaf_weight=22.339384034276009 14.301135025918482 17.82587177306414 9.3600749447941762 13.71764036267996 11.12594264000654 10.87430105358362 57.733382873237133 15.476823180913923 530.09184905514121
leaf_count=101 78 83 55 66 53 55 262 68 2536
internal_value=1.1212e-06 -0.000528053 -0.0211124 0.00031809 -0.000563701 0.0231506 0.000476817 0.018575 -0.000687486
internal_weight=702.846 688.545 27.1859 661.359 636.767 24.5919 625.641 37.8162 587.825
internal_count=3357 3279 138 3141 3020 121 2967 169 2798
is_linear=0
shrinkage=0.08


Tree=77
num_leaves=10
num_cat=0
split_feature=3 3 12 21 26 21 28 8 10
split_gain=1.49531 4.21238 2.20554 2.24672 5.47669 4.81337 4.26447 2.2408 2.11985
threshold=0.0066785085150968511 0.0049660034806006505 0.0010148824933785001 -0.00066617274130354993 -1.7490260710379839e-05 -0.00043276687015259994 -0.81480644530993274 -0.0010362009521436997 -0.00037914139480069994
decision_type=2 2 2 2 2 2 2 2 2
left_child=1 2 3 8 6 -6 -5 -4 -1
right_child=-2 -3 7 4 5 -7 -8 -9 -10
leaf_value=0.046525781366612132 -0.029148388579265473 0.043646503025843407 -0.0022156420779759056 -0.057070747937132432 0.031489873501599555 -0.00043270352621465545 0.0005879461981391829 -0.051622488101032094 -0.00067288818798352844
leaf_weight=12.895697727799417 11.085108965635298 14.164228849112986 13.094924852252008 18.886370196938515 31.942298032343388 563.82264145091176 14.521731808781622 10.655658259987829 11.539936393499373
leaf_count=57 65 78 64 88 145 2689 69 51 51
internal_value=1.14952e-06 0.000468416 -0.000434479 0.000435715 -0.000488626 0.00127884 -0.0320078 -0.0243819 0.0242358
internal_weight=702.609 691.523 677.359 653.609 629.173 595.765 33.4081 23.7506 24.4356
internal_count=3357 3292 3214 3099 2991 2834 157 115 108
is_linear=0
shrinkage=0.08


Tree=78
num_leaves=22
num_cat=0
split_feature=26 21 21 26 26 21 9 3 24 21 3 33 21 3 4 26 10 36 3 14 3
split_gain=1.43159 4.13293 2.79102 5.75793 4.50085 4.38759 3.53526 3.35685 3.32637 4.92766 3.17988 2.9127 2.91064 4.86749 4.67362 4.01141 4.02213 2.46215 2.27116 2.21655 1.47638
threshold=2.2171400511592233e-05 0.00069026108932605009 0.00015993056433380001 3.098396134472663e-06 5.5922197299251992e-06 0.00011835185026075002 0.00072921843781325018 0.0025201769735338502 0.00038785364898350009 0.00032294193050060006 0.0014262266821274002 -0.00054350766744394987 1.3004574171803718e-05 0.0024186729912840503 1.0000000180025095e-35 1.4426603313840388e-07 -4.2772137712546292e-05 1.0000000180025095e-35 0.0038459362758686004 0.00010690558087385002 0.0016109741934674001
decision_type=2 2 2 2 2 2 2 2 2 2 2 2 2 2 2 2 2 2 2 2 2
left_child=2 -2 3 12 7 11 8 20 10 -10 -6 -5 15 14 -14 18 -17 -3 -1 -13 -4
right_child=1 17 4 5 6 -7 -8 -9 9 -11 -12 19 13 -15 -16 16 -18 -19 -20 -21 -22
leaf_value=-0.0025982377409093532 0.059153225340011731 -0.020979297637207274 -0.03645503638679877 -0.021221537788951132 0.0096653808375050734 0.058091976539969024 -0.042078025725582578 -0.0013208268775921313 0.057155242517908322 0.00075526438347307129 -0.021498124656825594 0.049345972874617748 -0.048534305139653074 0.020040324537694016 0.0088862500142050486 0.067082883581651973 0.0026544052763193514 0.021765524041596113 0.021065540944734604 0.0035114395431995122 -0.083082022945871942
leaf_weight=307.70920043066144 10.006494641304014 16.958375200629234 8.4272190034389549 12.425912268459795 34.080089889466763 18.457481235265732 14.2403352484107 9.4734181091189367 13.723386295139788 35.71956218034029 54.414177648723125 13.017054028809072 30.380288239568472 16.177347965538502 12.934227347373961 11.607607766985895 13.314330596476792 17.549199968576431 28.348631739616394 14.031487960368393 8.9745257385075075
leaf_count=1431 58 79 47 60 161 84 70 52 68 169 250 64 148 77 62 59 65 84 150 64 55
internal_value=1.3901e-06 0.0138857 -0.000938668 0.00225016 -0.00945877 0.0258949 -0.00412853 -0.0396407 -0.000210708 0.0164096 -0.00949673 0.0108402 -0.00100758 -0.0174032 -0.0313878 0.00169453 0.0326625 0.000759043 -0.000602046 0.0255692 -0.0605018
internal_weight=701.97 44.5141 657.456 478.404 179.053 57.9319 152.178 26.8752 137.937 49.4429 88.4943 39.4745 420.472 59.4919 43.3145 360.98 24.9219 34.5076 336.058 27.0485 17.4017
internal_count=3357 221 3136 2264 872 272 718 154 648 237 411 188 1992 287 210 1705 124 163 1581 128 102
is_linear=0
shrinkage=0.08


Tree=79
num_leaves=16
num_cat=0
split_feature=15 15 26 3 27 26 32 33 1 8 8 13 29 3 8
split_gain=1.41516 5.00025 3.46635 3.28781 3.71386 3.10675 3.59048 2.55085 2.68406 9.11021 3.47345 2.45652 3.62393 2.26906 1.45517
threshold=0.00029200806298330007 0.00036841988580735003 7.7215618618270137e-06 0.0010864025027541003 0.0025888644406268004 1.2772627754466255e-05 0.00098157738122365006 0.00075974273970850006 -0.44372195525102137 -0.00022440815257674998 -0.00013105840568489996 0.00057824400053285013 0.12474113904446892 0.0014363009877588003 -0.0010362009521436997
decision_type=2 2 2 2 2 2 2 2 2 2 2 2 2 2 2
left_child=5 2 -2 -3 13 6 7 8 9 -1 -10 12 -6 -5 -7
right_child=1 3 -4 4 11 14 -8 -9 10 -11 -12 -13 -14 -15 -16
leaf_value=7.6504439150754862e-05 -0.065188410716036996 -0.041623813038750887 -0.0031182793290370713 0.059761077224392105 -0.020362547465923218 0.058393825008147521 0.045717672880276172 -0.031804820475826834 0.023559490997248134 -0.055997708398315894 0.0011089224644693228 -0.030608519624216415 0.0087247133406057539 0.0088062014049631234 0.014545180750569762
leaf_weight=197.76044443249702 14.150144275277855 12.004300355911253 9.7092318758368474 10.255821466445925 37.582569289952517 8.5257520116865653 11.253209687769411 15.611059483140705 61.055441871285439 20.461680009961128 158.86479213833809 17.933290310204029 101.30466533079743 12.302354618906973 11.21580960601568
leaf_count=933 84 57 46 48 188 53 57 79 280 98 736 88 497 58 55
internal_value=2.01806e-06 -0.00539608 -0.0399299 -0.00109081 0.00162172 0.00239893 0.00107932 -2.77259e-05 0.0011045 -0.00518132 0.00734177 -0.00274412 0.000853767 0.0319723 0.033482
internal_weight=699.991 215.242 23.8594 191.383 179.379 484.748 465.007 453.753 438.142 218.222 219.92 156.821 138.887 22.5582 19.7416
internal_count=3357 1066 130 936 879 2291 2183 2126 2047 1031 1016 773 685 106 108
is_linear=0
shrinkage=0.08


Tree=80
num_leaves=19
num_cat=0
split_feature=26 21 14 25 21 26 32 2 10 29 8 18 24 24 38 24 9 8
split_gain=1.40733 2.73689 2.16333 4.82886 3.63029 7.87771 5.08958 3.11456 6.3918 3.54048 2.63875 2.61602 2.37672 4.96258 4.12745 3.91933 5.31647 3.67187
threshold=2.8772077897075615e-05 0.0010312300742916503 0.00033066376493570004 1.0000000180025095e-35 0.0006192922728277501 1.6249325073597018e-05 -0.00036432835705649995 0.7880552157286832 0.00022886226091365001 0.10411692891613912 0.00018159888595450002 1.0000000180025095e-35 0.00057450102476505019 0.00063689630760505012 1.0000000180025095e-35 0.00050484049645845009 0.00061521776873155014 -0.00023191547855369997
decision_type=2 2 2 2 2 2 2 2 2 2 2 2 2 2 2 2 2 2
left_child=2 -2 7 -4 5 6 -5 12 9 -9 -6 -11 15 -14 -15 17 -17 -1
right_child=1 -3 3 4 10 -7 -8 8 -10 11 -12 -13 13 14 -16 16 -18 -19
leaf_value=0.0068968646512436371 0.049575023845846972 -0.0057560177890302365 0.029316979430777788 0.03566032054315605 -0.071515781223494279 0.043888123086448967 -0.023354061993187108 0.0046529003749252338 -0.034317249388806148 0.02959779231755567 -0.016636246659277095 0.081711899327950088 0.052894600003035565 0.035135724554232042 -0.024374418713065088 -0.0011750449080198066 -0.076341574390051584 -0.0084867877557042067
leaf_weight=214.71038284897804 10.501707758754494 12.568987898528574 18.506544575095177 10.489062756299971 11.041130773723127 15.844270415604113 86.34648858755827 14.867635473608969 10.643649071455 13.141949981451035 11.393815979361532 11.61140438914299 16.078007511794567 12.052861932665111 19.570045702159405 14.18486111611128 10.465201891958712 184.73748252168298
leaf_count=1001 54 63 89 52 51 93 425 76 52 60 52 53 78 69 97 70 51 871
internal_value=7.76596e-07 0.0194305 -0.000662635 -0.00900742 -0.0142567 -0.00840543 -0.0169617 0.00179288 0.0207239 0.03551 -0.0436447 0.0540437 -0.000223993 0.0167065 -0.00169252 -0.00212828 -0.033087 -0.000217799
internal_weight=698.755 23.0707 675.685 153.621 135.115 112.68 96.8356 522.063 50.2646 39.621 22.4349 24.7534 471.799 47.7009 31.6229 424.098 24.6501 399.448
internal_count=3357 117 3240 762 673 570 477 2478 241 189 103 113 2237 244 166 1993 121 1872
is_linear=0
shrinkage=0.08


Tree=81
num_leaves=15
num_cat=0
split_feature=0 24 14 24 16 32 16 32 0 8 1 14 15 33
split_gain=1.47826 3.89839 4.07416 3.46779 3.91436 2.80652 4.1592 2.92215 3.54943 3.81133 3.91195 2.7737 2.64794 1.90192
threshold=69.234726169051058 0.00031052550657005004 0.00035679685007040008 0.00037121988609570007 0.0013686555739164002 0.0007307980332863001 0.00064017880813530003 0.00060158736123000012 65.549268419864248 0.00089856310843860012 1.2068462180864119 8.9099604571468241e-05 0.0008213418297963001 0.0010107994379310002
decision_type=2 2 2 2 2 2 2 2 2 2 2 2 2 2
left_child=5 2 11 -3 13 7 -7 8 9 10 -1 -2 -8 -5
right_child=1 3 -4 4 -6 6 12 -9 -10 -11 -12 -13 -14 -15
leaf_value=-8.8744528319705641e-05 -0.01875585134746691 0.066526194904393987 -0.04644078566320476 0.012255802471957242 -0.011777747619775071 -0.069188737086736271 0.016641713994560974 0.029887819376399886 -0.043933704917184305 -0.034033929511788262 0.03615315300021775 0.0364850792993405 -0.028263485437208941 0.060290989554510295
leaf_weight=494.62025496177375 11.318029679358007 9.8964590132236463 12.876297555863855 9.965535484254362 19.830084856599569 9.0758542418479902 15.171440243721007 20.329312868416309 12.052857786417006 20.299522988498211 19.82525622099638 11.969145577400921 18.841195624321699 11.208984620869158
leaf_count=2363 53 47 66 48 99 50 76 97 58 99 91 57 95 58
internal_value=1.79455e-06 0.00975353 -0.01033 0.0240222 0.0137639 -0.00138957 -0.0210726 0.000105885 -0.00100137 -3.37018e-05 0.00130791 0.00963689 -0.00823338 0.0376838
internal_weight=697.28 87.0645 36.1635 50.9011 41.0046 610.216 43.0885 567.127 546.798 534.745 514.446 23.2872 34.0126 21.1745
internal_count=3357 428 176 252 205 2929 221 2708 2611 2553 2454 110 171 106
is_linear=0
shrinkage=0.08


Tree=82
num_leaves=11
num_cat=0
split_feature=27 3 9 26 15 0 9 15 15 0
split_gain=1.39107 4.30503 3.46318 4.5405 3.50462 2.5226 3.87646 2.52521 4.78415 3.4827
threshold=0.0025834977033125507 0.00077039921482650018 0.00024733640406885007 -2.6520163740593034e-06 0.00013882873633655002 24.372700808829887 0.00047652126973910007 -0.0011558696586517999 -0.00086573246965734993 35.03740086673659
decision_type=2 2 2 2 2 2 2 2 2 2
left_child=-1 -2 3 -3 -5 6 -4 9 -9 -7
right_child=1 2 5 4 -6 7 -8 8 -10 -11
leaf_value=-0.027536092225907659 0.039498341923018002 -0.053763112295263482 0.051304790730318926 0.031716671583573781 -0.030899068050861837 -0.047819812527905403 -0.006918475778338872 0.03236695300647284 -0.00061541545634764643 0.00083342824554475368
leaf_weight=11.546003736555575 17.618699610233307 17.619214199483395 15.487846903502943 11.389638021588327 11.493864901363848 16.504595927894115 13.874777294695376 29.726584706455469 529.45496663078666 21.924313440918922
leaf_count=56 87 83 70 51 52 81 76 138 2563 100
internal_value=1.0964e-06 0.000465185 -0.000565135 -0.0232373 0.000266205 0.000899494 0.0237924 -0.000225314 0.00113796 -0.0200624
internal_weight=696.641 685.095 667.476 40.5027 22.8835 626.973 29.3626 597.61 559.182 38.4289
internal_count=3357 3301 3214 186 103 3028 146 2882 2701 181
is_linear=0
shrinkage=0.08


Tree=83
num_leaves=24
num_cat=0
split_feature=26 12 27 29 22 21 26 26 21 29 6 28 27 28 24 20 5 39 21 10 27 14 27
split_gain=1.34557 3.21248 2.63205 3.93564 3.41276 2.38807 4.91773 3.78963 3.39568 6.3938 4.1926 3.08814 2.8681 4.69231 3.8495 2.83836 2.74146 2.56462 2.94675 2.13233 6.14226 3.00163 0.839308
threshold=2.0430330751727119e-05 0.00039673278383300003 0.0025977672906601005 0.25333920900601536 -8.3088700358154989e-05 0.00015993056433380001 9.2972748611368319e-07 5.5922197299251992e-06 1.3004574171803718e-05 0.14275256684420448 1.0810269579849224e-05 -0.72158369316240212 0.0025875819183326502 -0.8948520624694738 0.00041462693432770009 1.0000000180025095e-35 1.0000000180025095e-35 1.0000000180025095e-35 0.0003333838853040501 6.375729058698524e-05 0.0025943898050020506 0.00012731254432925003 0.0025973208535536503
decision_type=2 2 2 2 2 2 2 2 2 2 2 2 2 2 2 2 2 2 2 2 2 2 2
left_child=5 -2 -3 4 -4 6 8 15 19 -10 -11 17 13 -8 16 22 -14 18 -9 21 -21 -1 -7
right_child=1 2 3 -5 -6 7 12 11 9 10 -12 -13 14 -15 -16 -17 -18 -19 -20 20 -22 -23 -24
leaf_value=-0.00077031275348204715 0.052958891901334917 0.040105426303339103 0.006725867411202153 0.029566786745400721 -0.058965313982660528 -0.036702110363176561 0.013912534818957078 0.016590460084420899 0.027616245245283628 -0.090952813082978479 -0.022241484064533364 -0.041270107147837132 -0.022233625563551938 0.080084256106078763 0.042242555004493233 -0.073487404395642719 0.014897944885956388 -0.038224931801274974 -0.0085460559857259283 -0.013912169465868703 0.034262354463862041 -0.034706400449172205 -0.0012415080602896698
leaf_weight=257.62172446772456 10.081947661936281 9.2453618720173818 9.2219081148505193 11.262747615575789 11.218828454613691 8.1118810251355189 18.119629353284839 55.101892910897732 9.937998563051222 9.2393679246306437 14.766882132738827 12.967147916555403 23.226394481956959 11.035320319235323 16.781594537198544 9.0123923346400279 28.14688990265131 10.515699692070482 65.125144876539707 30.549571417272091 38.017568171024323 17.835517998784781 9.0237759277224523
leaf_count=1209 56 45 53 54 52 50 84 263 48 50 78 64 105 54 90 54 126 50 303 143 180 96 50
internal_value=1.32731e-06 0.0125067 0.00254698 -0.0084058 -0.0293285 -0.000987854 0.0019219 -0.00912962 -0.00220714 -0.0263471 -0.0486866 -0.00403253 0.0179598 0.0389589 0.00897693 -0.0371433 -0.00188962 -0.000339287 0.00297439 0.00017471 0.0127986 -0.00296763 -0.0180283
internal_weight=696.167 51.0308 40.9488 31.7035 20.4407 645.136 475.278 169.858 377.969 33.9442 24.0063 143.71 97.3098 29.1549 68.1549 26.148 51.3733 130.743 120.227 344.024 68.5671 275.457 17.1357
internal_count=3357 260 204 159 105 3097 2263 834 1804 176 128 680 459 138 321 154 231 616 566 1628 323 1305 100
is_linear=0
shrinkage=0.08


Tree=84
num_leaves=13
num_cat=0
split_feature=24 24 8 3 24 37 27 27 24 28 28 12
split_gain=1.31126 1.81728 4.2407 5.01169 4.03654 4.52827 3.79192 3.13505 5.66098 3.26656 4.95624 2.02913
threshold=0.00097154284418595014 0.00067991886900385017 0.00038972823111760004 0.0038147495486365005 0.00057802918180810013 1.0000000180025095e-35 0.0026055524832519004 0.0026146072973763502 0.00052058175117735014 -0.73851092630625004 -0.76294591341713758 0.00053021223405225009
decision_type=2 2 2 2 2 2 2 2 2 2 2 2
left_child=1 4 3 -3 7 -6 -7 9 11 10 -1 -9
right_child=-2 2 -4 -5 5 6 -8 8 -10 -11 -12 -13
leaf_value=0.00062206219729840271 0.024158486532170446 -0.037512627687271885 -0.05997051203715377 0.039444016799052885 0.067893575932091652 0.044683058267361908 -0.015881358680202899 0.025375142520643604 -0.071885444940791368 0.038846282717283825 -0.046029430384296938 -0.019993622969241197
leaf_weight=541.3027056902647 14.087330494076012 10.703546546399595 10.782818853855131 10.963235601782797 11.35715728253126 10.899846624583008 16.834624156355858 9.768054164946081 10.963076569139956 13.743879429996012 14.978046081960199 17.81774914264679
leaf_count=2577 78 53 56 60 57 54 84 49 55 68 74 92
internal_value=1.20317e-07 -0.000500276 -0.0189751 0.00142688 0.000425359 0.0253446 0.00792089 -0.00117532 -0.0232552 0.000317866 -0.000634045 -0.00392867
internal_weight=694.202 680.115 32.4496 21.6668 647.665 39.0916 27.7345 608.574 38.5489 570.025 556.281 27.5858
internal_count=3357 3279 169 113 3110 195 138 2915 196 2719 2651 141
is_linear=0
shrinkage=0.08


Tree=85
num_leaves=7
num_cat=0
split_feature=3 3 32 8 15 21
split_gain=1.25122 3.48952 1.84231 7.33739 2.56804 2.47539
threshold=0.0066785085150968511 0.0049660034806006505 -0.0017711899165484999 -0.0019915154352772996 -0.0013891241574680998 -0.00066617274130354993
decision_type=2 2 2 2 2 2
left_child=1 2 -1 -4 -5 -6
right_child=-2 -3 3 4 5 -7
leaf_value=-0.027667729482359595 -0.026897449416682009 0.040277233619408701 0.062215167757509432 -0.035617206469336027 0.030157203425121421 -0.00099881349278082665
leaf_weight=15.480969794094561 10.894326210021971 13.781165700405834 12.007151737809179 13.356078729033468 16.768571078777313 611.14210639707744
leaf_count=77 65 78 58 60 74 2945
internal_value=4.48972e-07 0.000429781 -0.000391364 0.000255019 -0.00090513 -0.000166781
internal_weight=693.43 682.536 668.755 653.274 641.267 627.911
internal_count=3357 3292 3214 3137 3079 3019
is_linear=0
shrinkage=0.08


Tree=86
num_leaves=12
num_cat=0
split_feature=14 14 27 30 30 28 7 33 8 31 24
split_gain=1.24774 2.98327 4.20835 2.53849 4.83915 3.2437 5.47354 2.63877 2.46513 2.36934 2.22991
threshold=-0.0012840533597146496 -0.0008664423774799499 0.0025998541500278005 -2.0186209424252786 -1.7436454383880584 -0.833982297907229 -0.00072423495979059989 -0.00083695184278459987 -0.0018823232461827998 0.087020816939221105 0.00022133379785680001
decision_type=2 2 2 2 2 2 2 2 2 2 2
left_child=-1 2 -2 5 7 6 -3 -5 -6 -4 -10
right_child=1 3 9 4 8 -7 -8 -9 10 -11 -12
leaf_value=0.020073124464287218 0.013812931092821834 -0.03421440868956143 -0.017201736086277463 -0.0093608118824057146 0.038502139294781891 0.052114880590535977 0.033281474214837098 -0.06512377792889977 0.010673692339403627 -0.070962686040093703 -0.0024271924880623253
leaf_weight=19.270624421536922 11.991685330867766 13.226253658533095 9.9452342689037341 10.649005435407163 10.8078844435513 13.305001251399515 18.36831218004227 11.084229968488215 101.40082044899464 11.104857712984083 462.00210595317185
leaf_count=98 54 59 45 53 65 61 82 52 488 55 2245
internal_value=1.57291e-06 -0.000572399 -0.024014 0.000636246 -0.000745792 0.0189798 0.00502606 -0.0378006 0.000656692 -0.045563 -6.93054e-05
internal_weight=693.156 673.885 33.0418 640.844 595.944 44.8996 31.5946 21.7332 574.211 21.0501 563.403
internal_count=3357 3259 154 3105 2903 202 141 105 2798 100 2733
is_linear=0
shrinkage=0.08


Tree=87
num_leaves=15
num_cat=0
split_feature=29 8 29 31 6 15 3 6 16 8 7 16 2 3
split_gain=1.27351 5.90573 3.35119 3.13853 4.28031 2.96451 3.88672 3.54398 2.80912 2.58467 3.47831 3.43442 2.92178 2.6552
threshold=0.023645892370275406 -0.0013755955252681498 1.0000000180025095e-35 0.20585849905174303 -0.00054802033616744986 0.00029200806298330007 0.0030446868058396008 -1.1535308840530456e-05 -0.00098952288380344997 -0.0019915154352772996 -0.00085680919452789991 -0.0014311054456162499 0.019314051367752553 0.0036308361167016506
decision_type=2 2 2 2 2 2 2 2 2 2 2 2 2 2
left_child=1 -1 -3 9 -5 7 -7 8 -6 -2 11 -11 -12 -14
right_child=3 2 -4 4 5 6 -8 -9 -10 10 12 -13 13 -15
leaf_value=0.07274808938165965 0.030086582660516007 -0.023968552961280067 0.030625682451754992 -0.065464429847225059 0.017701541187910317 -0.058279114909077931 0.0040078210174244282 0.038320115651358032 -0.038743395243092241 0.0046723121036651681 0.033404484784489263 -0.046011357046899432 -0.00097653710949783276 0.02131806433478196
leaf_weight=8.5593864843249303 19.064742971211672 18.333048477768902 11.845295488834379 9.8913087807595712 10.260369680821894 13.897733677178623 11.903061434626578 13.548762626945971 12.538781866431238 14.964819908142088 18.028741642832756 19.981468006968498 473.09803184308112 36.851339265704155
leaf_count=51 97 88 56 50 50 69 64 66 59 71 81 94 2273 188
internal_value=1.82177e-06 0.0140956 -0.00253978 -0.000832945 -0.0165846 -0.00880505 -0.0295434 0.00591559 -0.0133413 0.00111683 0.000135699 -0.0243074 0.00175356 0.000634576
internal_weight=692.767 38.7377 30.1783 654.029 72.04 62.1487 25.8008 36.3479 22.7992 581.989 562.924 34.9463 527.978 509.949
internal_count=3357 195 144 3162 358 308 133 175 109 2804 2707 165 2542 2461
is_linear=0
shrinkage=0.08


Tree=88
num_leaves=26
num_cat=0
split_feature=0 0 8 0 9 9 6 3 27 8 22 33 32 10 16 10 15 6 29 8 12 21 21 24 24
split_gain=1.4987 3.80081 4.42503 4.47601 5.52128 7.11697 4.25689 3.81048 5.2019 6.04599 3.79954 3.79444 4.11922 4.52226 5.70775 4.16899 4.11875 2.69831 2.60704 5.56249 4.49717 3.83472 5.46768 3.04483 2.11166
threshold=41.547498026700872 37.969136498656461 2.0216597600679697e-05 35.03740086673659 0.0005025142559827501 0.00026512918578205008 -0.00033836388548484994 0.0011131320201404002 0.0025933100555172507 -0.0006523924417181999 -0.00010792339802139998 -0.00010708034960054998 -0.00017639688371559996 -0.00013719707474209997 -0.00044431055420754998 -0.00031156989451854993 -0.00073940281334719993 -9.0644022104343402e-05 0.19872032134973777 0.00024488685133320005 0.00031747782187485006 -0.00035047952688939995 -0.00023136534076549997 0.00030847066965370009 0.00034897417907465007
decision_type=2 2 2 2 2 2 2 2 2 2 2 2 2 2 2 2 2 2 2 2 2 2 2 2 2
left_child=1 2 3 4 5 -1 -5 -3 -9 -10 -6 12 13 15 24 -2 -13 -8 19 20 -18 -20 -23 -21 -15
right_child=11 7 -4 6 10 -7 17 8 9 -11 -12 16 -14 14 -16 -17 18 -19 21 23 -22 22 -24 -25 -26
leaf_value=-0.041261318718703741 0.006558483678247711 0.018202192298532524 -0.047639708346635258 0.063924687195034344 -0.009479663576232554 0.02274871362262041 -0.020702958162452996 -0.066717329678559895 -0.039462873262272859 0.033589996767426612 -0.058612603107933023 -0.051219974326178357 0.049685788021252744 -0.013549655037327078 -0.045285636424787383 0.06374671383918154 -0.0071677428397166499 0.035783251003226359 -0.058776862981922681 -0.017729046371082306 0.054505019980862358 0.055367819334134392 -0.0059551604398722551 0.010185816469666733 0.033953047252218933
leaf_weight=13.639480315148829 19.686350680887699 11.897185325622557 11.22584433481097 13.880139254033564 34.631904426962137 60.105205945670605 10.96821643412113 17.841496340930462 19.678834959864616 11.480548195540907 14.204824611544607 10.184306919574736 19.481578916311264 9.9465592578053492 16.759601429104805 13.931728169322012 10.820761218667029 10.684969060122969 8.2186216413974744 40.369652967900038 25.166680440306664 9.7675429955124837 196.68498684093356 65.717141833156347 15.053388901054857
leaf_count=65 93 54 55 63 190 278 53 83 95 54 68 48 90 48 78 68 50 50 38 199 120 44 972 328 73
internal_value=2.66321e-06 -0.00526986 0.000894107 0.00433992 -0.00290703 0.0109097 0.0293401 -0.0224101 -0.0322706 -0.0125468 -0.0237706 0.00263144 0.0168939 0.00841869 -0.00916277 0.030258 -0.00105571 0.0071707 0.000376373 0.00878285 0.0359612 -0.00518723 -0.00305389 -0.000436743 0.0150535
internal_weight=692.028 230.239 169.341 158.115 122.581 73.7447 35.5333 60.8981 49.0009 31.1594 48.8367 461.789 94.8592 75.3776 41.7595 33.6181 366.93 21.6532 356.745 142.074 35.9874 214.671 206.453 106.087 24.9999
internal_count=3357 1108 822 767 601 343 166 286 232 149 258 2249 450 360 199 161 1799 103 1751 697 170 1054 1016 527 121
is_linear=0
shrinkage=0.08


Tree=89
num_leaves=18
num_cat=0
split_feature=0 24 24 29 0 12 20 32 33 0 7 40 7 0 1 26 27
split_gain=1.39246 2.88095 2.969 3.66296 2.9166 2.84623 2.4995 2.26423 2.61468 3.99834 2.59203 4.42666 3.9658 4.34824 2.99959 2.18908 1.00062
threshold=69.234726169051058 0.00031052550657005004 0.00037121988609570007 0.16381506192169557 77.704652798568603 0.00023854691617575003 -1.0000000180025095e-35 0.0007307980332863001 0.0009018518403789001 64.714619312802625 0.00040614569707145005 0.50000000000000011 0.00033137988390240003 64.497054030975221 1.3474416570334145 2.6351051465604506e-05 0.0026123595483697006
decision_type=2 2 2 2 2 2 2 2 2 2 2 2 2 2 2 2 2
left_child=7 5 -3 4 -4 -2 -7 10 -9 16 12 -12 13 15 -13 -1 -10
right_child=1 2 3 -5 -6 6 -8 8 9 -11 11 14 -14 -15 -16 -17 -18
leaf_value=0.00015333463300083077 0.023363012437182626 0.061278074964343517 -0.027753956643028266 0.048393649446843989 0.02409686722967248 -0.047436770736499816 0.0050586757577774175 -0.05390171256452285 -0.011180283519428241 0.028574425076255607 -0.017705638000475036 0.017274725299982904 -0.036275499358945307 -0.047000906465247294 0.071549292298809491 0.033183802251480134 -0.047000949108153334
leaf_weight=474.81990475207567 12.306415386497973 9.8459215909242612 15.02738304063678 12.438610918819903 12.905637640506027 13.070570249110459 10.442471921443941 10.452681556344031 9.6199264638125914 12.050899982452391 13.888363011181353 17.407256942242388 20.223381191492081 12.359865151345728 10.41697536408901 13.198367789387701 10.372075237333773
leaf_count=2276 57 47 75 63 67 68 51 56 48 63 69 85 97 60 50 71 54
internal_value=2.56106e-06 0.0095252 0.0218889 0.0122825 -0.0037978 -0.0078082 -0.0241228 -0.00135208 -0.0191578 -0.00782399 -6.4542e-06 0.019182 -0.00154391 -0.000140187 0.0375943 0.00104664 -0.0297644
internal_weight=690.847 86.037 50.2176 40.3716 27.933 35.8195 23.513 604.81 42.4956 32.0429 562.314 41.7126 520.602 500.378 27.8242 488.018 19.992
internal_count=3357 428 252 205 142 176 119 2929 221 165 2708 204 2504 2407 135 2347 102
is_linear=0
shrinkage=0.08


Tree=90
num_leaves=26
num_cat=0
split_feature=0 0 9 29 40 29 16 5 7 9 9 9 3 24 7 19 29 24 7 28 16 22 3 28 27
split_gain=1.33687 4.04289 3.97223 3.9628 4.16535 6.81721 5.32389 2.84169 2.80274 4.37849 4.88313 4.47864 3.93349 3.70629 3.64226 3.54333 4.6794 3.82345 3.42224 7.98916 3.86102 3.21708 2.53161 4.05865 3.41566
threshold=40.945327095923403 37.969136498656461 0.0002961737732819001 0.32810908959071577 0.50000000000000011 0.21328726293656061 -0.0011037723663486498 1.0000000180025095e-35 2.5598981209606283e-05 0.00021861683226195001 0.00031431360843595004 0.00029155519523350008 0.00077039921482650018 0.00018901996358880005 -5.0830023663927784e-05 1.0000000180025095e-35 0.19872032134973777 0.00024012747328295002 -0.00018335186381759997 -0.81089172194576198 1.4567024027618087e-05 -1.0889235706709814e-06 0.0011131320201404002 -0.83661943318496013 0.0026036387187145004
decision_type=2 2 2 2 2 2 2 2 2 2 2 2 2 2 2 2 2 2 2 2 2 2 2 2 2
left_child=1 2 7 4 6 -6 -4 -1 12 -10 11 13 -2 -11 18 17 -17 -12 20 -20 -14 -16 -3 -24 -25
right_child=8 22 3 -5 5 -7 -8 -9 9 10 15 -13 14 -15 21 16 -18 -19 19 -21 -22 -23 23 24 -26
leaf_value=-0.055660620504386034 0.060215223532351064 0.011203423507721515 -0.051353131273088277 0.041752524342552624 0.021985852819660777 -0.032019718421304549 0.01340513745754254 -0.0053567233568707472 -0.042018139886015209 0.044922197529294453 -0.042387914511357642 0.057384469508477344 0.018636195043071232 -0.011737308092209344 0.0063159088029719635 0.025116545971545778 -0.030077577455463168 0.0046990923552546783 -0.037067371003898619 0.041413662434577198 -0.031761004678545743 0.056385573181440093 -0.070502482194392452 0.013300090476617224 -0.043487387672938874
leaf_weight=12.080574885010721 9.7153422534465772 9.8747411221265775 18.5399378426373 17.745056197047234 69.326830327510834 19.075261257588863 14.463263589888809 17.742785647511482 16.640583671629429 10.850528731942175 11.847889814525841 16.259765654802322 66.989173673093319 23.159713216125965 16.412557773292065 11.972628727555273 54.95012903958559 161.16711837053299 32.021130442619324 11.206732034683226 11.382073890417812 16.438715167343616 13.136253923177714 12.987107738852506 14.180265843868254
leaf_count=58 49 44 94 82 346 89 72 81 79 51 61 78 320 111 79 58 269 808 148 58 56 76 62 59 69
internal_value=2.05845e-06 -0.00515976 0.000761471 0.00643997 0.00127855 0.0103326 -0.0229736 -0.0257334 0.00240373 -0.00211008 0.000178255 0.0228497 0.0108407 0.00633918 0.00773489 -0.0045717 -0.0202032 0.00147462 0.00134943 -0.0167213 0.0113169 0.0313707 -0.0250993 -0.0339938 -0.0163407
internal_weight=690.166 219.152 168.974 139.15 121.405 88.4021 33.0032 29.8234 471.014 306.848 290.208 50.27 164.166 34.0102 154.45 239.938 66.9228 173.015 121.599 43.2279 78.3712 32.8513 50.1784 40.3036 27.1674
internal_count=3357 1056 822 683 601 435 166 139 2301 1515 1436 240 786 162 737 1196 327 869 582 206 376 155 234 190 128
is_linear=0
shrinkage=0.08


Tree=91
num_leaves=23
num_cat=0
split_feature=26 21 21 27 10 28 10 24 3 24 27 27 29 27 20 29 3 3 12 8 21 10
split_gain=1.3281 5.85323 5.06677 3.30094 2.53376 4.12074 2.98249 3.12992 2.61871 2.33298 1.85391 4.55822 4.3959 4.27388 5.37051 5.98112 4.99234 5.15871 4.16739 3.20685 1.57946 1.57738
threshold=-3.7993998825464317e-06 -0.00015127373234694998 -7.2283715947555892e-05 0.0025843959218338508 1.1559416771714514e-05 -0.90721243313214939 3.8511679850661652e-05 0.00019606927087765003 0.0012363539456697002 0.00034626165667125003 0.0026051786904544507 0.0026271394192329003 0.20233443986556723 0.0025914083974707004 1.0000000180025095e-35 0.1787380978112306 0.0014720507543354501 0.0016937625420478002 0.00033757306874035003 -0.0014166361519637998 -0.00023136534076549997 -0.00020965260897064998
decision_type=2 2 2 2 2 2 2 2 2 2 2 2 2 2 2 2 2 2 2 2 2 2
left_child=2 20 10 -3 5 -5 -6 -8 -7 -4 13 12 -12 16 19 -16 18 -18 -1 -15 -2 -14
right_child=1 3 9 4 6 8 7 -9 -10 -11 11 -13 21 14 15 -17 17 -19 -20 -21 -22 -23
leaf_value=0.025284291520142679 0.067174878910237615 -0.034996644698319868 -0.018466413254074644 0.061184360902481146 -0.037086730039688987 -0.018489540115338963 0.028911644541850225 -0.003507859722875963 0.012128638222916257 -0.075600160822163448 0.0036588812157172905 0.022990162250267312 -0.031600900890408824 0.041600395608070613 0.090599816065975572 0.012692271798921646 -0.074740782273236384 -0.012913126709703068 -0.021234045592570926 -0.0044825445854647442 0.024699169785351808 -0.073301580282883125
leaf_weight=31.240464515984058 9.3611677363514918 16.077029429376125 9.875132333487274 9.6385977044701558 15.260124266147612 21.540024861693382 20.956799350678921 210.46746444329619 105.14326409623027 8.5209831036627275 15.854451164603232 15.012601278722284 12.5268113091588 11.466759547591208 10.806917183101179 15.145173355937002 11.907721668481825 31.442871563136578 20.356421679258347 61.488484982401133 13.955330207943915 10.819540768861772
leaf_count=146 56 77 66 45 74 103 106 1028 509 56 81 78 60 53 53 69 54 147 93 285 66 52
internal_value=1.82601e-06 0.00279178 -0.00442081 0.000515496 0.00200615 0.0107592 -0.00283092 -0.000572087 0.00692261 -0.0449305 -0.00141672 -0.0144945 -0.0288499 0.00224061 0.0138789 0.0451344 -0.00988309 -0.0298962 0.0069315 0.00276055 0.0417524 -0.0509265
internal_weight=688.864 422.4 266.464 399.083 383.006 136.322 246.684 231.424 126.683 18.3961 248.068 54.2134 39.2008 193.855 98.9073 25.9521 94.9475 43.3506 51.5969 72.9552 23.3165 23.3464
internal_count=3357 2064 1293 1942 1865 657 1208 1134 612 122 1171 271 193 900 460 122 440 201 239 338 122 112
is_linear=0
shrinkage=0.08


Tree=92
num_leaves=12
num_cat=0
split_feature=3 3 10 3 26 21 29 16 10 9 26
split_gain=1.37247 3.84976 1.8977 2.93547 2.38052 3.42148 3.33969 7.041 4.64828 2.90196 2.88691
threshold=0.0062406982512414012 0.0049660034806006505 0.00063142890580145008 0.0029375269887935503 1.3282014396285182e-05 0.00024044026820295002 0.16468659342671813 -3.4701531022515753e-05 0.00017437655957080003 0.00055883913362295005 6.2866926323272519e-06
decision_type=2 2 2 2 2 2 2 2 2 2 2
left_child=1 2 4 -4 5 10 8 -8 -6 -7 -1
right_child=-2 -3 3 -5 6 9 7 -9 -10 -11 -12
leaf_value=-0.0008853006638898424 -0.025424234983930628 0.047684518002812704 0.0090952626738513391 -0.049432738078351079 -0.047673288905722186 -0.027410798952177861 0.082954565585323006 0.010589574385761477 0.021448673760004016 0.011963307497850245 0.021333104813625856
leaf_weight=449.6138856112957 13.324318852275608 10.889532268047331 9.9169346950948256 12.270396269857882 11.831518664956095 51.649917230010033 10.507224366068838 47.535025052726269 13.143171057105063 15.597564429044722 40.825704045593739
leaf_count=2162 78 65 50 58 56 250 56 238 66 77 201
internal_value=1.05069e-06 0.000503847 -0.000271205 -0.0232728 0.000525332 -0.00135609 0.0131642 0.0236896 -0.0112972 -0.0182783 0.000964228
internal_weight=687.105 673.781 662.891 22.1873 640.704 557.687 83.0169 58.0422 24.9747 67.2475 490.44
internal_count=3357 3279 3214 108 3106 2690 416 294 122 327 2363
is_linear=0
shrinkage=0.08


Tree=93
num_leaves=14
num_cat=0
split_feature=8 16 33 16 10 26 3 24 24 26 21 0 24
split_gain=1.28337 3.46371 3.02992 3.10181 1.85109 3.43262 3.31492 4.56204 3.15761 3.31836 2.0753 1.62337 1.49278
threshold=0.0020189382302560504 0.0020571576437522503 0.0015142161209559502 0.0019084602621530003 0.00042754202076620006 1.6249325073597018e-05 0.0024318187097228505 0.00050484049645845009 0.00042507518081160003 1.4726772860803319e-05 0.00043568949597865009 75.752326378237498 0.0003221597685918001
decision_type=2 2 2 2 2 2 2 2 2 2 2 2 2
left_child=2 -2 4 -4 5 10 -7 -8 12 -10 11 -1 -6
right_child=1 -3 3 -5 8 6 7 -9 9 -11 -12 -13 -14
leaf_value=-0.0007115845860700495 -0.052620405803903196 0.013276542603398191 0.063003859684497926 -0.00074396617265117318 -0.014419399676101253 0.052217133368070712 -0.03973168759348171 0.032283685963414667 0.036852029933382963 -0.019833851259530036 -0.029730065605665545 0.023156240172265249 -0.054863302628644542
leaf_weight=521.49443519674242 10.234751086682083 10.185151685029266 9.9293751902878302 9.6156469881534559 10.725661911070349 15.712443090975283 9.0823648348450678 14.809427931904791 11.248410277068617 16.02533695101738 15.325831338763235 18.898715756833553 12.824439913034437
leaf_count=2510 54 50 52 48 54 90 48 82 59 82 70 94 64
internal_value=3.11576e-06 -0.019752 0.000609097 0.0316416 -0.000329591 0.000921519 0.0236769 0.00490734 -0.0149844 0.0035449 -0.000700178 0.000123125 -0.0364435
internal_weight=686.112 20.4199 665.692 19.545 646.147 595.323 39.6042 23.8918 50.8238 27.2737 555.719 540.393 23.5501
internal_count=3357 104 3253 100 3153 2894 220 130 259 141 2674 2604 118
is_linear=0
shrinkage=0.08


Tree=94
num_leaves=14
num_cat=0
split_feature=0 29 3 31 1 14 29 1 9 8 29 1 12
split_gain=1.3265 2.50602 5.0165 2.7985 3.97254 4.36772 4.24411 2.59167 4.95106 3.89724 4.71757 4.70584 2.48752
threshold=85.793294104227314 0.023645892370275406 0.0022885405858323504 0.20585849905174303 -3.308262092254608 0.00020978110062365004 0.08376681796646146 -3.01825384606127 0.00072145410020885007 -0.00070816840885159994 0.29909752518403915 -0.91804914895465106 0.00060172412364350016
decision_type=2 2 2 2 2 2 2 2 2 2 2 2 2
left_child=1 2 -1 7 -5 6 -6 8 -3 10 -9 -11 -4
right_child=-2 3 12 4 5 -7 -8 9 -10 11 -12 -13 -14
leaf_value=-0.024888110114394475 -0.02871524882378625 0.071720696608325099 0.071001973983487829 -0.057186714915780174 0.025274840619404392 -0.037751518548079677 -0.035170743846203036 -0.027348178412078143 -9.356675179877256e-05 0.027294358697411144 0.0077669046957649888 0.00045477784678394945 0.015779423329853066
leaf_weight=9.6584933549165743 10.140746664255856 9.5466889590024966 11.005841366946699 12.229948952794073 27.503708712756634 19.437320690602064 10.18811523914337 64.147111792117357 17.238399278372526 46.717807494103909 39.602111749351025 397.86250228434801 9.9313662350177747
leaf_count=46 51 49 54 66 135 98 50 305 93 222 191 1940 57
internal_value=3.87374e-06 0.000435286 0.022806 -0.00062674 -0.0158069 -0.00694847 0.00893637 0.00120399 0.0255023 1.70533e-05 -0.0139444 0.00327516 0.0448077
internal_weight=685.21 675.069 30.5957 644.474 69.3591 57.1291 37.6918 575.115 26.7851 548.33 103.749 444.58 20.9372
internal_count=3357 3306 157 3149 349 283 185 2800 142 2658 496 2162 111
is_linear=0
shrinkage=0.08


Tree=95
num_leaves=15
num_cat=0
split_feature=1 3 22 22 10 12 24 33 27 27 4 40 31 2
split_gain=1.19741 3.13439 1.9305 5.79207 4.70295 3.55508 6.32336 3.20841 4.94297 6.08502 4.32333 7.7816 7.34085 3.01139
threshold=-4.3724845504420946 0.0059944338095420007 2.8790721323823856e-05 2.0324287292709845e-05 -1.3416008257791555e-05 0.00032770168571865006 0.00031565327872135003 0.00050410728824730011 0.0025872538390076505 0.0025892925487295505 1.0000000180025095e-35 0.50000000000000011 0.070542115137639819 0.019314051367752553
decision_type=2 2 2 2 2 2 2 2 2 2 2 2 2 2
left_child=-1 2 3 5 -5 6 -2 10 -9 -10 12 -12 -4 -7
right_child=1 -3 7 4 -6 13 -8 8 9 -11 11 -13 -14 -15
leaf_value=0.024516864361639794 -0.0013664272574648011 -0.041684621889083777 0.0014623832933986667 -0.0032705804973182486 -0.075351349855150004 0.013271276462418418 0.033277241767878496 -0.04692172233411035 0.056309469056914634 -0.0012690048398261125 -0.047076705638981996 0.027727073251550119 0.087171105583384909 -0.01008012687757332
leaf_weight=12.521154422312973 116.25800529122353 11.595527671277521 12.090906083583834 10.905002504587175 12.358181238174437 42.090086221694946 47.494768634438515 13.165665373206137 13.06042844057083 116.7952157817781 12.742175959050654 29.518594417721033 13.57728600502014 220.53588377311826
leaf_count=84 559 59 59 54 62 193 229 63 66 598 60 136 64 1071
internal_value=4.7301e-06 -0.000451869 0.000271899 -0.00269031 -0.0415623 -0.000569456 0.0086816 0.00658586 -0.00021356 0.00452204 0.0209017 0.00517275 0.0467983 -0.00633768
internal_weight=684.709 672.188 660.592 449.642 23.2632 426.379 163.753 210.95 143.021 129.856 67.929 42.2608 25.6682 262.626
internal_count=3357 3273 3214 2168 116 2052 788 1046 727 664 319 196 123 1264
is_linear=0
shrinkage=0.08


Tree=96
num_leaves=23
num_cat=0
split_feature=26 21 21 0 26 16 12 10 24 27 16 7 21 16 30 8 6 10 32 37 27 0
split_gain=1.25668 5.91093 4.39342 4.92217 4.25226 4.00756 3.21379 2.9855 3.57705 2.7676 2.944 3.24041 2.75505 4.40473 3.62495 1.89723 5.20899 3.27925 2.69648 2.5675 2.39273 1.73583
threshold=-9.2393988298380441e-06 -0.00029482917011279991 -0.00015617148021529999 40.572474502464758 -5.0955979780462235e-06 -0.0011263929311362 0.00023130485079710003 -9.6072657593184889e-06 0.00032341262378765003 0.0025839484833035504 -0.0015469110919509998 -0.00068260256466809997 -0.00023136534076549997 -4.9227026088711461e-05 -0.53420218207840786 -0.00070816840885159994 -0.00044048040100969993 -0.00023281216519399999 -0.0011345210851299997 1.0000000180025095e-35 0.0025995002175108004 49.903630895289957
decision_type=2 2 2 2 2 2 2 2 2 2 2 2 2 2 2 2 2 2 2 2 2 2
left_child=1 6 3 5 21 -2 -1 8 -3 -6 -11 -12 14 -14 -5 18 -17 -18 19 -8 -20 -4
right_child=2 7 4 12 9 -7 15 -9 -10 10 11 -13 13 -15 -16 16 17 -19 20 -21 -22 -23
leaf_value=0.043543341786984623 0.029183938476237643 -0.026723897751362028 -0.06288908739429952 0.019814428992316398 -0.034585511663759644 -0.024719865319064695 -0.025702675453002449 -0.0047077539537479715 -0.092347729778649246 -0.03482244757055869 0.038461527959873489 0.0015584682451994585 0.056333120636651572 -0.013883690087936884 0.086508971952773475 0.046680820955231503 -0.026187727359105718 0.013805145070201917 -0.0074576031765045802 0.021530868038113795 -0.059151939558556813 -0.016583980660461614
leaf_weight=10.795508742332457 14.939017720520495 13.236925613135101 8.9661675617098826 9.1654298827052134 13.851125232875345 21.57596593350172 12.429870322346689 12.945681454613803 8.8836330622434598 13.579823467880486 15.881137087941168 370.51679216325283 10.433929689228536 12.649221401661633 12.102423265576361 16.060384981334209 25.214754663407803 27.359448626637459 11.15266688168049 18.076411686837673 11.786570593714712 12.273548841476439
leaf_count=47 75 71 57 44 66 98 60 68 58 75 80 1808 50 60 62 74 116 123 50 89 56 70
internal_value=5.42131e-06 -0.00600537 0.00196199 0.0190854 -0.00122072 -0.00266673 0.00170474 -0.0352211 -0.0530785 0.000571059 0.00178852 0.0030752 0.0369943 0.0178554 0.0577668 -0.00199504 0.00680555 -0.00537556 -0.0132967 0.00228543 -0.034019 -0.0361313
internal_weight=683.876 167.942 515.935 80.866 435.069 36.515 132.876 35.0662 22.1206 413.829 399.978 386.398 44.351 23.0832 21.2679 122.08 68.6346 52.5742 53.4455 30.5063 22.9392 21.2397
internal_count=3357 812 2545 389 2156 173 615 197 129 2029 1963 1888 216 110 106 568 313 239 255 149 106 127
is_linear=0
shrinkage=0.08


Tree=97
num_leaves=20
num_cat=0
split_feature=26 21 10 1 8 8 29 24 24 21 36 0 14 16 24 26 14 21 3
split_gain=1.22735 4.42008 3.4674 2.93051 5.25912 4.73146 4.33878 4.0334 3.79569 3.31752 3.57785 3.24935 2.59856 3.97226 2.89562 2.1604 3.2343 2.76553 1.69719
threshold=-1.4150897098979658e-05 -0.00052239641798699989 -0.00018306655283234998 1.674842566969801 0.0011679034989738001 0.00089856310843860012 0.12598453212135327 0.00030076485007755004 0.00036754744124220003 -0.00039943388171819995 1.0000000180025095e-35 77.15325818358852 -0.00056021981329314988 -0.00048187491822254994 0.00041462693432770009 -2.0905183432319631e-05 -0.00073752899082144983 -0.00066617274130354993 0.0029500225647530001
decision_type=2 2 2 2 2 2 2 2 2 2 2 2 2 2 2 2 2 2 2
left_child=1 15 -3 5 6 9 -5 -6 -9 10 -2 -10 13 -11 -14 17 -17 18 -1
right_child=3 2 -4 4 7 -7 -8 8 11 12 -12 -13 14 -15 -16 16 -18 -19 -20
leaf_value=0.028121070808573123 0.058058499856444686 -0.055003722479784266 -0.0059460449133879592 0.016303582547526639 -0.04101303682529113 -0.044385181480651514 0.081685457023911015 0.05318789096293456 -0.020227940649695037 0.00092154188996666905 -0.0011852815007013478 0.03510876213912649 -0.003309673176137444 -0.060777179736340038 0.011725893185744025 -0.0054293348017948008 0.054430492511382447 -0.042185947480359344 -0.012002700315331724
leaf_weight=12.52530148625374 12.977647736668587 18.191434375941753 18.698828332126141 14.881172683089973 11.401661925017832 15.490040972828863 11.52784266322851 10.922832135111092 20.349941521883014 15.944788657128813 13.119298204779625 10.192836526781319 326.72588809207082 11.491289608180521 109.43101539090276 11.660817213356497 11.448423117399214 10.295277886092661 14.624786138534544
leaf_count=56 61 97 91 76 58 83 61 54 106 75 61 53 1579 54 562 54 53 47 76
internal_value=4.039e-06 -0.00830804 -0.0301375 0.00138989 0.0156899 -0.00085417 0.0448435 0.00112671 0.0127137 0.000522818 0.0282758 -0.00176079 -0.00103948 -0.0249203 0.000462725 0.00499062 0.0242255 -0.00688011 0.00650782
internal_weight=681.901 97.4449 36.8903 584.456 79.2763 505.18 26.409 52.8673 41.4656 489.69 26.0969 30.5428 463.593 27.4361 436.157 60.5546 23.1092 37.4454 27.1501
internal_count=3357 474 188 2883 408 2475 137 271 213 2392 122 159 2270 129 2141 286 107 179 132
is_linear=0
shrinkage=0.08


Tree=98
num_leaves=11
num_cat=0
split_feature=15 16 36 15 15 15 8 32 15 27
split_gain=1.16716 3.14598 3.40405 2.66612 6.06321 4.64413 3.69539 3.89171 2.86894 2.6481
threshold=-0.0011558696586517999 -0.0016804058891579999 1.0000000180025095e-35 -0.00086573246965734993 -0.00077325959292694993 -0.00096458475859859995 -0.0018267390743515498 -0.0011590260693436498 -0.00043551252304549996 0.0026106561081165503
decision_type=2 2 2 2 2 2 2 2 2 2
left_child=1 9 -3 5 -5 -2 -6 -8 -9 -1
right_child=3 2 -4 4 6 -7 7 8 -10 -11
leaf_value=0.043329883961140001 -0.0027562811766248473 -0.00086257087512691083 -0.057690279794099797 -0.052253029476026634 0.046968520860915942 0.055729216589234409 -0.045612615921075954 0.015475415163741306 -0.001287604002361701 -0.014585463490294843
leaf_weight=9.2254471704363841 20.359662346541882 13.149715080857277 13.853227727115154 14.06806483119726 10.933186061680315 15.159229855984448 11.718026146292685 75.512835517525673 485.16700009070337 11.171122722327707
leaf_count=45 98 60 65 67 65 70 57 354 2408 68
internal_value=4.07708e-06 -0.0121043 -0.0300167 0.000910878 -0.000355179 0.0222049 0.00089643 1.64216e-05 0.000970054 0.0116099
internal_weight=680.318 47.3995 27.0029 632.918 597.399 35.5189 583.331 572.398 560.68 20.3966
internal_count=3357 238 125 3119 2951 168 2884 2819 2762 113
is_linear=0
shrinkage=0.08


Tree=99
num_leaves=14
num_cat=0
split_feature=24 24 8 3 24 40 14 31 10 30 10 3 22
split_gain=1.09506 1.62093 3.33423 3.62347 3.17757 4.21715 2.65945 3.73894 2.5958 4.58266 4.20163 2.83915 4.15373
threshold=0.00097154284418595014 0.00067991886900385017 0.00038972823111760004 0.0038147495486365005 0.00056467378038040008 0.50000000000000011 0.0005522360950209501 0.10229025382775611 -0.00053146153202034997 -2.7847636602567634 -0.00065745918371434993 0.0043829649074681514 -0.00010153993455834998
decision_type=2 2 2 2 2 2 2 2 2 2 2 2 2
left_child=1 4 3 -3 8 -6 7 -7 9 -1 -11 12 -10
right_child=-2 2 -4 -5 5 6 -8 -9 11 10 -12 -13 -14
leaf_value=0.020252947880464653 0.022401975558070376 -0.033105438803700656 -0.055265985068430563 0.033477765156157448 0.066509495327056453 -0.0075910374118276468 -0.025468424602766798 0.054071353823659692 0.025479936736967607 -0.0059699550590445296 -0.074562527009325183 -0.041124974082358226 -0.0010463290294107459
leaf_weight=10.820172257721422 13.689446374773977 10.466117203235632 10.391297869384287 10.457434438169001 10.041409723460673 13.082791384309532 10.739207983016966 12.127169724553822 40.843510039150715 10.620686255395411 12.374538086354734 10.464767236262558 503.7558234538883
leaf_count=51 78 53 56 60 50 65 55 64 202 55 60 59 2449
internal_value=4.47338e-06 -0.000455773 -0.0182239 0.000172348 0.000420637 0.0206729 0.00786972 0.0220715 -0.00116103 -0.0226802 -0.042882 0.000149951 0.000943071
internal_weight=679.874 666.185 31.3148 20.9236 634.87 45.9906 35.9492 25.21 588.879 33.8154 22.9952 555.064 544.599
internal_count=3357 3279 169 113 3110 234 184 129 2876 166 115 2710 2651
is_linear=0
shrinkage=0.08


Tree=100
num_leaves=11
num_cat=0
split_feature=24 24 29 22 22 24 33 16 7 36
split_gain=2.8151 3.66818 1.36287 1.43689 5.59293 4.45466 3.87136 5.65036 3.81062 3.38161
threshold=0.00010286394944820001 0.00013776683078940003 0.71786691445556217 3.064632152819829e-05 1.2411262633593521e-05 0.00021838471337715004 0.00049276103986865014 0.00060266911913570012 0.00033137988390240003 1.0000000180025095e-35
decision_type=2 2 2 2 2 2 2 2 2 2
left_child=-1 -2 3 4 9 -6 7 -5 -8 -3
right_child=1 2 -4 6 5 -7 8 -9 -10 -11
leaf_value=-0.046355336654155678 0.051887783819800692 0.0063653392684251842 0.028682572705656058 0.01046783798595677 0.019864065737664766 -0.040775639069286961 -0.037477751413740767 0.074303803468988475 0.0026713166064452438 -0.0086305339020595496
leaf_weight=8.2804317846894246 8.7999931871891004 227.36469063162804 10.360453009605406 47.623574305325747 9.6764632984995824 39.008144397288561 17.069371864199638 10.906403161585329 133.12908064946532 166.8791493345052
leaf_count=42 42 1108 57 228 49 194 82 52 685 818
internal_value=4.96962e-06 0.000577232 -0.000104824 -0.000562504 -0.0031413 -0.028723 0.00490978 0.022363 -0.00189144 1.77485e-05
internal_weight=679.098 670.817 662.017 651.657 442.928 48.6846 208.728 58.53 150.198 394.244
internal_count=3357 3315 3273 3216 2169 243 1047 280 767 1926
is_linear=0
shrinkage=0.08


Tree=101
num_leaves=8
num_cat=0
split_feature=1 3 16 16 22 22 22
split_gain=1.05617 2.57872 1.91847 2.1813 1.7985 4.83671 2.32295
threshold=-4.3724845504420946 0.0059944338095420007 0.0023175222784313503 0.0019084602621530003 2.8790721323823856e-05 2.0324287292709845e-05 3.3722550909621219e-05
decision_type=2 2 2 2 2 2 2
left_child=-1 2 3 4 5 -2 -6
right_child=1 -3 -4 -5 6 -7 -8
leaf_value=0.023243676732578874 -0.00050979738415911585 -0.038104903205721137 0.034463893383235668 -0.034120311029261323 0.036590881772627946 -0.038404487343926992 0.0042260546307058893
leaf_weight=12.289428714662789 422.1364713832736 11.424486503005026 10.313517622649668 11.988404788076876 15.467522636055945 22.716265626251698 172.23873579874635
leaf_count=84 2047 59 52 61 74 115 865
internal_value=4.37449e-06 -0.000424267 0.000233097 -0.000314636 0.000326057 -0.00244488 0.00689301
internal_weight=678.575 666.285 654.861 644.547 632.559 444.853 187.706
internal_count=3357 3273 3214 3162 3101 2162 939
is_linear=0
shrinkage=0.08


Tree=102
num_leaves=28
num_cat=0
split_feature=0 0 10 1 0 1 28 1 8 0 6 28 28 26 14 33 10 10 12 28 28 3 3 26 0 14 15
split_gain=1.22297 3.1883 2.86692 3.11036 2.58609 4.12963 4.39047 3.787 3.54202 3.77433 3.8333 3.80617 5.47509 3.52057 3.04358 2.90385 2.58322 4.87659 4.33106 3.80633 7.83866 3.19902 4.12365 3.09529 2.30274 3.85418 2.99774
threshold=41.547498026700872 43.681768769642979 0.00013516713185200005 -0.60643673368622319 37.969136498656461 -0.77609853876447221 -0.81480644530993274 -0.17572029364100664 2.0216597600679697e-05 35.03740086673659 -0.00033836388548484994 -0.80671075584267049 -0.90439005072175782 4.4438209176505468e-06 -5.7713745110599402e-05 -0.00055500221669674981 5.7708869415821717e-06 2.5054422033466982e-05 0.0002343957854333 -0.7902040586181911 -0.80781762684170844 0.0016281852557234002 0.00095033177389555008 1.4150525952713571e-06 63.295420952934869 -4.6315576343259636e-05 0.00013882873633655002
decision_type=2 2 2 2 2 2 2 2 2 2 2 2 2 2 2 2 2 2 2 2 2 2 2 2 2 2 2
left_child=4 2 3 -2 8 6 -6 -7 9 11 -11 12 -1 -12 -13 -8 18 -18 21 20 -20 22 -3 -21 25 -19 -26
right_child=1 16 -4 -5 5 7 15 -9 -10 10 13 14 -14 -15 -16 -17 17 24 19 23 -22 -23 -24 -25 26 -27 -28
leaf_value=-0.047752659505703052 -0.024125098847313522 0.0061248042979643591 0.060548868005550489 0.039118040845113951 -0.077413120434478039 0.029782673269280378 0.013812388746512675 -0.030142788757392593 -0.043575688263864758 0.059810638453825601 -0.026873843666832906 -0.033344168379212891 0.016791302955057926 0.038073086973299398 0.012372755593142168 -0.046243831615703862 -0.052016225894971645 0.016322847915697422 0.0013639997485209879 0.0052596846769880478 -0.062532029915668336 -0.0047396508149357957 0.063830277685540129 0.05167222729837917 0.040663870601334091 -0.015487690361491753 0.0011946969437475661
leaf_weight=9.7052491903305036 9.4057939499616641 12.819747939705847 10.76840655505657 10.569865044206383 11.764568045735357 15.537880137562754 10.324063107371328 11.932194314897059 10.978129383176563 13.584308095276354 10.729977257549765 34.451334215700626 63.085725538432598 10.637063659727572 12.776121146976946 10.286934256553652 13.315468490123747 31.402378402650356 84.864662498235703 26.914522044360638 14.368202503770588 13.155999094247816 20.759858042001724 13.969365917146204 15.141073524951933 108.95054994896054 65.998557008802891
leaf_count=47 47 62 53 56 57 70 50 57 55 63 51 184 297 52 73 52 64 153 420 138 71 68 97 71 76 537 336
internal_value=4.09023e-06 0.00240409 0.0272759 0.0093392 -0.0048046 -0.0190615 -0.0384191 0.00375281 0.000336862 0.00344765 0.0265831 -0.00328979 0.00818563 0.00545841 -0.0209767 -0.0161616 0.000590642 -0.00499512 0.00760999 0.000575753 -0.00788768 0.0286991 0.0418 0.0211181 -0.00216835 -0.00837044 0.00855985
internal_weight=678.198 452.404 30.7441 19.9757 225.794 59.8456 32.3756 27.4701 165.948 154.97 34.9513 120.018 72.791 21.367 47.2275 20.611 421.66 234.808 186.852 140.117 99.2329 46.7356 33.5796 40.8839 221.493 140.353 81.1396
internal_count=3357 2249 156 103 1108 286 159 127 822 767 166 601 344 103 257 102 2093 1166 927 700 491 227 159 209 1102 690 412
is_linear=0
shrinkage=0.08


Tree=103
num_leaves=26
num_cat=0
split_feature=26 21 21 12 8 26 24 26 25 32 29 26 37 24 12 26 0 21 26 12 7 8 10 32 2
split_gain=1.07104 4.48102 3.69684 5.98029 5.39676 4.70735 3.15151 3.14325 2.46782 3.0593 4.44437 2.32111 4.93649 3.23761 4.05908 2.15431 2.90991 4.50489 4.37573 3.35929 2.34931 3.73079 3.56502 1.60963 1.58073
threshold=1.4426603313840388e-07 1.3004574171803718e-05 -7.887357266328752e-05 0.00050209174009400016 -0.00045460156103184994 -3.2721851129525194e-06 0.00033705482059765004 -1.3415145217483388e-06 1.0000000180025095e-35 0.00040793433142355005 0.36293298457297513 3.2192904567312134e-06 1.0000000180025095e-35 0.00018901996358880005 0.00017378929452025002 -6.049441992241428e-06 67.258465516457463 -0.00022694109638124999 -8.1878738537853697e-06 0.00040130812914805002 -0.00052783802501129987 -0.00023191547855369997 5.9738770066854341e-05 0.00012505811283860003 0.24754730262798427
decision_type=2 2 2 2 2 2 2 2 2 2 2 2 2 2 2 2 2 2 2 2 2 2 2 2 2
left_child=2 6 15 4 -4 -6 24 -7 9 10 -3 12 23 -13 -15 16 17 18 -1 -19 -17 -22 -23 -10 -2
right_child=1 8 3 -5 5 7 -8 -9 11 -11 -12 13 -14 14 -16 20 -18 19 -20 -21 21 22 -24 -25 -26
leaf_value=-0.0042271201049141303 -0.01028749578094809 0.0030673583087470007 -0.080659780544069179 0.024514991742027398 -0.057941411150829535 0.022210913451230826 0.06248518637899933 -0.025362986590907168 -0.024277549654351506 -0.015873608235352731 0.071107159671271958 0.040043177899060367 0.014548053209090066 0.04358478694868613 -0.0048336677540104026 -0.012739146338303231 0.026429964891065666 -0.054703218610370287 0.045230506350133384 -0.0011306130889476948 0.051800791879989067 0.025841883181351399 -0.026852988114678351 -0.067996244628845154 0.032409652096312129
leaf_weight=145.87923005968332 10.453752063214781 12.946380786597731 11.032384425401686 16.311197992414236 14.118513660505412 16.520005360245701 12.562601804733275 19.240406379103664 10.954817771911623 10.698731094598768 11.693991400301455 12.435247905552385 14.523884542286394 11.766307815909384 190.30358697101474 16.699579074978828 19.756562136113644 18.963342934846882 12.423950009047983 12.382410556077955 17.585959732532501 22.686408892273903 12.882943302392958 10.609832063317297 11.828258536756037
leaf_count=681 50 62 58 90 93 81 75 93 50 53 55 68 73 55 942 80 99 104 57 68 85 112 61 53 59
internal_value=3.75738e-06 0.00335752 -0.00301409 -0.0185065 -0.030027 -0.0188279 0.0304433 -0.00338558 5.67762e-05 0.019848 0.0353581 -0.00273421 -0.0215052 0.000423834 -0.00201431 0.00126994 -0.00278836 -0.00583216 -0.000345587 -0.0335406 0.0134356 0.0216588 0.00675621 -0.0457872 0.012378
internal_weight=677.26 320.777 356.483 77.2225 60.9113 49.8789 34.8446 35.7604 285.933 35.3391 24.6404 250.594 36.0885 214.505 202.07 279.26 209.405 189.649 158.303 31.3458 69.8549 53.1553 35.5694 21.5646 22.282
internal_count=3357 1595 1762 415 325 267 184 174 1411 170 117 1241 176 1065 997 1347 1009 910 738 172 338 258 173 103 109
is_linear=0
shrinkage=0.08


Tree=104
num_leaves=10
num_cat=0
split_feature=24 15 24 27 15 15 15 1 27
split_gain=1.03485 1.53495 3.04268 2.98023 1.99062 4.80843 3.88593 3.11768 1.9954
threshold=0.00097154284418595014 -0.0011558696586517999 0.00033912100242145009 0.0026082579320654505 -0.00086573246965734993 -0.00073940281334719993 -0.00096458475859859995 -3.8159945199713543 0.0025834977033125507
decision_type=2 2 2 2 2 2 2 2 2
left_child=1 2 -1 -4 6 -6 -3 -7 -9
right_child=-2 4 3 -5 5 7 -8 8 -10
leaf_value=-0.057194093511782632 0.021858624409582601 -0.0037408757514829161 0.017625920359707798 -0.028462092176266024 -0.040118665948656568 0.04804594126879054 0.050353987798154747 -0.035892683015809571 0.00070441962227820636
leaf_weight=8.7088145315647107 13.584621731191872 20.063689857721329 18.709454387426376 17.266585506498814 18.986731626093388 8.8042736798524839 14.744723573327063 9.7048497200012189 544.50017995014787
leaf_count=40 78 97 88 94 91 50 68 50 2701
internal_value=1.61056e-06 -0.000447254 -0.0147648 -0.00449387 0.000589994 -0.000521463 0.0191735 0.0008139 6.35568e-05
internal_weight=675.074 661.489 44.6849 35.976 616.804 581.996 34.8084 563.009 554.205
internal_count=3357 3279 222 182 3057 2892 165 2801 2751
is_linear=0
shrinkage=0.08


Tree=105
num_leaves=20
num_cat=0
split_feature=29 24 24 8 14 10 28 31 28 24 26 24 21 10 24 21 10 10 40
split_gain=1.01809 3.19136 4.16683 5.97684 6.09086 4.37026 3.06225 2.38143 4.28192 4.42569 2.10785 5.34261 4.61896 3.81357 3.58637 3.00365 3.0285 2.87426 2.78739
threshold=0.44997660360999048 0.00042507518081160003 0.00030318851298585006 0.00025467160974685006 0.00010690558087385002 -0.00011162150215839998 -0.8115255681342004 0.05116709930504041 -0.8122563070039811 0.00028271047244150007 -1.4150897098979658e-05 0.00030720086618085007 -0.00052239641798699989 -0.00021458896937544999 0.00038500229476100007 -0.00035707574188174998 -0.00053146153202034997 -0.00023281216519399999 0.75000000000000011
decision_type=2 2 2 2 2 2 2 2 2 2 2 2 2 2 2 2 2 2 2
left_child=7 2 3 4 5 -2 -4 8 9 -1 11 -9 14 -14 -13 18 -17 -18 -12
right_child=1 -3 6 -5 -6 -7 -8 10 -10 -11 15 12 13 -15 -16 16 17 -19 -20
leaf_value=-0.028482449968039024 -0.016987836670534714 0.046046301212014286 -0.00037927967747398186 0.056372511305252886 -0.048132837976952968 0.045303900481125745 -0.057546326748426413 -0.06291019285980777 -0.051453196741244288 0.037519305140977996 0.0044784623139848857 0.050690783140753128 -0.073243754098893027 -0.0066845403039923869 -0.0014753592049418047 -0.04322045505237835 0.021622073094849151 -0.00062759111007960574 0.052505123302619222
leaf_weight=14.775293767452242 12.76047439873218 12.11744514852762 13.530111860483887 15.43486701697111 12.694290183484553 16.566116139292724 10.770904280245302 11.248514644801615 16.438441097736359 11.612089857459067 17.067157797515396 11.235869258642195 8.9721831604838389 14.274308189749716 33.828932605683804 9.8899713009595853 41.232371561229229 376.0915286000818 14.143363907933233
leaf_count=71 62 62 64 79 66 82 53 55 84 54 77 51 54 70 167 51 201 1884 70
internal_value=2.03204e-06 0.00773197 0.00205328 0.0137989 -0.00183898 0.0181998 -0.0257173 -0.00124733 -0.0194035 0.000562427 0.000197975 -0.0118222 -0.00340981 -0.0323736 0.0115311 0.00228409 0.000533804 0.00157072 0.0262422
internal_weight=674.684 93.8742 81.7568 57.4557 42.0209 29.3266 24.301 580.81 42.8258 26.3874 537.984 79.5598 68.3113 23.2465 45.0648 458.424 427.214 417.324 31.2105
internal_count=3357 468 406 289 210 144 117 2889 209 125 2680 397 342 124 218 2283 2136 2085 147
is_linear=0
shrinkage=0.08


Tree=106
num_leaves=12
num_cat=0
split_feature=8 16 33 10 16 32 32 31 15 7 30
split_gain=1.00031 2.82587 2.77823 2.26079 1.66487 1.38019 3.26838 3.38363 3.18858 2.32315 1.59842
threshold=0.0020189382302560504 0.0020571576437522503 0.0015142161209559502 0.00019217300564015001 0.0017568671231162501 0.00094161237330790009 0.0007307980332863001 0.10290268820604441 0.00084532110550530014 0.00039670164806835008 1.6155882373972477
decision_type=2 2 2 2 2 2 2 2 2 2 2
left_child=2 -2 4 -4 5 6 9 -8 10 -1 -7
right_child=1 -3 3 -5 -6 8 7 -9 -10 -11 -12
leaf_value=-0.0011080507495172575 -0.048105002111486654 0.012327054359513976 0.0016994492957922989 0.056860102007663907 -0.032752022031060792 0.012359324400834234 0.0073556517772818521 -0.053287411357133496 -0.015635857587476015 0.01652891705728125 0.058743954601748472
leaf_weight=515.9216934107244 9.8459171168506163 9.9635639078915101 9.06781765073538 9.9990366920828802 9.9989106208085996 8.9811875298619324 9.7547005526721495 14.856733437627552 12.058123078197239 52.678426582366228 10.103594999760388
leaf_count=2544 54 50 49 51 53 49 54 79 61 261 52
internal_value=1.14108e-06 -0.0177095 0.000538068 0.0306268 -0.000366313 0.000152338 -0.000709485 -0.0292516 0.0165684 0.000525941 0.0369156
internal_weight=673.23 19.8095 653.42 19.0669 634.353 624.354 593.212 24.6114 31.1429 568.6 19.0848
internal_count=3357 104 3253 100 3153 3100 2938 133 162 2805 101
is_linear=0
shrinkage=0.08


Tree=107
num_leaves=16
num_cat=0
split_feature=0 22 27 32 2 1 24 12 27 15 32 24 3 33 29
split_gain=1.03167 2.51788 2.53001 1.73128 3.27785 2.08997 3.28903 1.45905 1.40417 3.64725 3.82276 3.36207 2.55748 3.99466 3.72931
threshold=85.793294104227314 0.00011772245625545002 0.0026111099399479007 0.00074870125772780009 1.0485311427853214 0.77028632899373417 0.00050484049645845009 0.00038478599523440006 0.0025880070609803 -0.00026326847494384992 -0.00014384811901994998 0.00023403635093245003 0.0012249852374541504 -0.00011511819631024999 0.49951997813223897
decision_type=2 2 2 2 2 2 2 2 2 2 2 2 2 2 2
left_child=1 3 7 8 5 -5 -7 -3 9 11 -11 -1 13 -10 -14
right_child=-2 2 -4 4 -6 6 -8 -9 12 10 -12 -13 14 -15 -16
leaf_value=0.047606754126325965 -0.025641237630520109 0.063486700973438753 -0.0063751326648134668 0.008926952074344836 0.025019717998453945 -0.017455578636647973 -0.071730110932425567 0.021133500541185516 0.0081211888883545077 -0.026478758280063203 0.0081488314478818345 -0.00050489363414421519 -0.0018847640100264718 -0.04157568674283222 0.029754021391240434
leaf_weight=23.201083071529865 9.8943891488015634 8.6913622245192546 13.136577337980269 9.7559056058526021 10.941515512764452 25.049976591020823 9.9979192018508893 12.980082768946884 17.989123210310936 26.843618348240852 85.051852837204933 15.510090284049509 353.80628900229931 24.380964569747448 25.566399984061718
leaf_count=112 51 47 70 48 55 137 54 70 83 128 411 72 1765 126 128
internal_value=5.40365e-07 0.000383266 0.0213271 -0.000777407 -0.0142356 -0.0238222 -0.0329382 0.0381193 0.000533388 0.00716426 -0.000158295 0.0283303 -0.00183453 -0.0204758 0.000247413
internal_weight=672.797 662.903 34.808 628.095 55.7453 44.8038 35.0479 21.6714 572.349 150.607 111.895 38.7112 421.743 42.3701 379.373
internal_count=3357 3306 187 3119 294 239 191 117 2825 723 539 184 2102 209 1893
is_linear=0
shrinkage=0.08


Tree=108
num_leaves=8
num_cat=0
split_feature=1 1 1 38 1 32 15
split_gain=1.01448 2.38411 5.55827 3.8817 2.02113 2.19944 4.14906
threshold=-4.3724845504420946 -3.308262092254608 -3.01825384606127 1.0000000180025095e-35 -2.7465318848776401 -0.0013315692456941999 -0.0013891241574680998
decision_type=2 2 2 2 2 2 2
left_child=-1 3 -3 -2 -4 -6 -7
right_child=1 2 4 -5 5 6 -8
leaf_value=0.022858600095873042 -0.060729287506708154 0.056253381993151996 -0.03408303620843306 0.0035758663491376355 0.038505562539468803 -0.049174474330559728 0.00043573106287209362
leaf_weight=12.200472578406332 10.812009893357754 11.248871140182017 11.253015503287314 13.520351201295853 9.4120223075151426 10.98922937363386 592.6189340967685
leaf_count=84 56 56 56 70 44 52 2939
internal_value=1.86383e-07 -0.000422458 0.000518469 -0.0249979 -0.000485827 0.000130906 -0.000467467
internal_weight=672.055 659.854 635.522 24.3324 624.273 613.02 603.608
internal_count=3357 3273 3147 126 3091 3035 2991
is_linear=0
shrinkage=0.08


Tree=109
num_leaves=27
num_cat=0
split_feature=0 0 1 16 9 29 14 29 14 16 36 9 38 9 28 30 15 10 12 16 9 9 3 3 5 3
split_gain=0.940224 2.83564 3.00037 3.66419 2.9686 3.37611 3.43666 5.91365 4.64034 2.33224 3.51795 3.84237 2.93552 5.38013 13.6468 6.93963 3.60426 3.55333 4.39259 4.17875 3.49462 8.41068 7.1275 4.5462 2.23503 1.07631
threshold=40.945327095923403 37.969136498656461 -0.77609853876447221 -0.00082749196754899987 0.0002961737732819001 0.32810908959071577 -0.00014040375848754997 0.026559692186942704 0.00015174676483295 -0.00051814129358979989 1.0000000180025095e-35 0.00046114215174855008 1.0000000180025095e-35 0.00043758823984925004 -0.7902040586181911 1.1700302140273278 0.00092596071777835008 -2.3180681389277929e-05 0.00023303456348190002 -0.00026021722057284995 0.00051527019269685009 0.00045050183674980005 0.0038975951106088006 0.0030446868058396008 1.0000000180025095e-35 0.0021357727206859005
decision_type=2 2 2 2 2 2 2 2 2 2 2 2 2 2 2 2 2 2 2 2 2 2 2 2 2 2
left_child=1 4 3 -3 24 6 7 -6 -8 10 11 -2 13 17 16 -16 -15 18 -11 -19 21 -14 23 -22 -1 -12
right_child=9 2 -4 -5 5 -7 8 -9 -10 12 25 -13 20 14 15 -17 -18 19 -20 -21 22 -23 -24 -25 -26 -27
leaf_value=-0.049697588319674309 0.012293049099849816 -0.0052178943770159877 0.0013671462680000001 -0.063812213933482353 0.042886172028533356 0.038757631571518479 0.044947991008644793 -0.019665253859157066 -0.0064727805079898065 0.039356955258611104 0.013281268874510584 0.070892799713101834 -0.0087613211679700379 -0.050296068454477476 0.036823416499112825 -0.037897433941495605 -0.0011108918543043453 -0.049766175674864563 0.0023261899148171385 -7.478312153031754e-05 0.0023340803600232214 0.083019302121595279 0.047825482924171298 -0.056738413639639822 -0.0043820067756668033 -0.020554659519518816
leaf_weight=11.64069524407387 17.59450384229422 12.013502560555937 21.280213743448257 15.831673771142958 11.467997297644613 17.187942236661911 21.603839758783579 61.799481213092804 23.395006697624922 32.832362033426762 11.166785538196565 12.076572276651858 12.520529404282572 52.518939781934023 30.768133122473955 10.728679135441778 11.650352742522953 11.911333579570053 54.584332767874002 119.40550477616489 26.622180856764317 13.050955682992933 15.631351858377455 12.140157639980314 17.344812728464603 13.04595562815666
leaf_count=58 85 58 98 78 64 82 105 306 126 160 55 61 62 264 156 56 61 57 274 593 136 67 82 65 81 67
internal_value=9.0755e-07 -0.00438305 -0.0212486 -0.0385323 0.00065543 0.00562772 0.000812864 -0.00987456 0.0182142 0.00204404 0.0176785 0.036144 -3.93431e-05 -0.00342354 -0.0182465 0.0175049 -0.0413662 0.00373717 0.0162344 -0.00458213 0.0136895 0.0380809 0.00222272 -0.0161671 -0.0225809 -0.00494971
internal_weight=671.814 213.565 49.1254 27.8452 164.44 135.454 118.266 73.2675 44.9988 458.249 53.8838 29.6711 404.365 324.4 105.666 41.4968 64.1693 218.734 87.4167 131.317 79.9652 25.5715 54.3937 38.7623 28.9855 24.2127
internal_count=3357 1056 234 136 822 683 601 370 231 2301 268 146 2033 1621 537 212 325 1084 434 650 412 129 283 201 139 122
is_linear=0
shrinkage=0.08


Tree=110
num_leaves=8
num_cat=0
split_feature=3 3 12 28 10 10 25
split_gain=1.12681 2.30575 1.6243 1.88552 1.4327 4.18626 2.05134
threshold=0.0066785085150968511 0.0049660034806006505 0.0010148824933785001 -0.75973329217723962 -0.00065745918371434993 -0.00054546638153004994 1.0000000180025095e-35
decision_type=2 2 2 2 2 2 2
left_child=1 2 4 -4 -1 -6 -7
right_child=-2 -3 3 -5 5 6 -8
leaf_value=0.027967698239920888 -0.026199358132138265 0.033816173125418215 0.0042590896702165322 -0.042220422352763097 -0.042107689343674551 0.013836777144073761 -0.00070300522990679145
leaf_weight=11.925159148871897 10.343216754496096 12.964877679944037 10.142638530582191 12.433106034994124 14.767383031547068 70.393295966088772 527.21481747552752
leaf_count=59 65 78 50 65 74 344 2622
internal_value=1.17099e-06 0.000411872 -0.000257626 -0.0213385 0.000504693 -3.01103e-05 0.00100966
internal_weight=670.184 659.841 646.876 22.5757 624.301 612.375 597.608
internal_count=3357 3292 3214 115 3099 3040 2966
is_linear=0
shrinkage=0.08


Tree=111
num_leaves=11
num_cat=0
split_feature=8 16 33 16 26 15 15 15 15 1
split_gain=1.01255 2.58059 2.38486 2.64366 1.46581 4.23625 3.11945 2.53525 4.14008 2.42668
threshold=0.0020189382302560504 0.0020571576437522503 0.0015142161209559502 0.0019084602621530003 2.8772077897075615e-05 0.00097923039269935002 0.0011297403598834004 0.0005812763217893001 0.00029200806298330007 1.6081631124070557
decision_type=2 2 2 2 2 2 2 2 2 2
left_child=2 -2 4 -4 5 7 -7 8 -1 -9
right_child=1 -3 3 -5 -6 6 -8 9 -10 -11
leaf_value=0.0015504616573599776 -0.047288507102610011 0.010854503393228354 0.058132110412437779 -0.0017732510871768365 0.022957908477720019 -0.067655503178553317 -0.0091811358067288192 0.0078115168604635079 -0.018648812095550891 0.048004106262834211
leaf_weight=457.93056291341782 9.6788085810840148 9.8647309951484186 9.5544294584542531 9.307571589946745 16.883872978389263 10.127711206674578 13.787863060832022 44.902160581201315 75.672098273411393 12.233121078461407
leaf_count=2250 54 50 52 48 92 50 71 224 401 65
internal_value=1.39216e-06 -0.0179404 0.000540518 0.0285714 -0.000296676 -0.000935455 -0.0339437 0.00040086 -0.00131407 0.0164171
internal_weight=669.943 19.5435 650.399 18.862 631.537 614.654 23.9156 590.738 533.603 57.1353
internal_count=3357 104 3253 100 3153 3061 121 2940 2651 289
is_linear=0
shrinkage=0.08


Tree=112
num_leaves=18
num_cat=0
split_feature=26 27 28 6 15 15 29 21 0 0 16 8 19 26 33 28 37
split_gain=1.01986 3.39459 3.76776 4.47966 4.7985 3.46848 3.2169 3.17399 2.97294 7.05963 2.94895 3.37803 2.63231 3.49537 2.48866 2.28725 1.87075
threshold=1.2177377833700837e-05 0.0025871803562007504 -0.81715260670844769 0.00016931010307295004 0.0011556130648624002 0.0008062525631369001 0.16132089989798293 0.00024044026820295002 80.094963404112079 75.752326378237498 0.0011222652543808002 0.0013408978059919001 1.0000000180025095e-35 7.4932882172048683e-06 0.00078003595187800014 -0.76294591341713758 1.0000000180025095e-35
decision_type=2 2 2 2 2 2 2 2 2 2 2 2 2 2 2 2 2
left_child=7 -2 5 6 16 -3 -4 8 9 10 11 -1 13 -9 -15 -6 -5
right_child=1 2 3 4 15 -7 -8 12 -10 -11 -12 -13 -14 14 -16 -17 -18
leaf_value=0.00013727715776663783 -0.041238150418600211 0.059237426756104529 0.0034499998866208705 -0.0036298878737123122 0.042535725902158532 0.0058533015087994158 0.071848811246712774 -0.059533714297352824 -0.04159642615360519 0.065880353659975022 0.033918504218147655 -0.040598659324847394 0.0087647664530928187 -0.031363622111429568 0.017768885580138033 -0.0054328796611084777 -0.042536538493265809
leaf_weight=441.79232520237565 8.72945339232683 16.51773335784674 9.0685132145881671 12.278466314077376 11.972292147576811 14.740261919796465 8.5495440736412984 15.557089880108832 10.427585322409866 10.68532572686672 15.962961483746765 13.4242010936141 16.029388017952442 16.87063525617123 10.835607707500456 13.575449541211126 22.22860948741436
leaf_count=2181 43 82 52 62 59 77 53 95 56 56 81 71 78 76 52 71 112
internal_value=1.10774e-06 0.00676286 0.0106095 0.00117106 -0.00923492 0.0340632 0.036642 -0.00144126 0.00066482 0.00157936 0.00012115 -0.00106401 -0.0189275 -0.0291877 -0.0121484 0.0170464 -0.0286926
internal_weight=669.245 117.66 108.931 77.6729 60.0548 31.258 17.6181 551.585 492.292 481.865 471.179 455.217 59.2927 43.2633 27.7062 25.5477 34.5071
internal_count=3357 611 568 409 304 159 105 2746 2445 2389 2333 2252 301 223 128 130 174
is_linear=0
shrinkage=0.08


Tree=113
num_leaves=22
num_cat=0
split_feature=26 21 21 12 30 26 24 1 16 33 16 25 33 30 9 9 27 27 26 27 29
split_gain=1.04922 3.81543 3.35286 5.11911 4.24119 2.79677 2.71265 2.52578 1.95158 5.13808 2.79763 2.31595 3.72964 2.7099 1.87781 5.00037 2.78275 2.74835 3.79574 2.78808 1.44452
threshold=1.4426603313840388e-07 1.3004574171803718e-05 -7.887357266328752e-05 0.00050209174009400016 1.3813799958248476 -4.0307009645217756e-06 0.00033705482059765004 -1.0000000180025095e-35 -0.0010521689609248998 -0.00082612328349174994 -0.00068236704647664981 1.0000000180025095e-35 0.00048559673346085008 -0.92643405594107597 0.00024733640406885007 0.00020636103183930001 0.0025869208080612507 0.0025907049934039005 -9.6684999680591997e-06 0.0025894518729669505 0.27225061445994386
decision_type=2 2 2 2 2 2 2 2 2 2 2 2 2 2 2 2 2 2 2 2 2
left_child=2 6 14 4 5 -4 20 -7 9 -3 -10 12 -12 -13 15 -1 -16 19 -19 -18 -2
right_child=1 8 3 -5 -6 7 -8 -9 10 -11 11 13 -14 -15 16 -17 17 18 -20 -21 -22
leaf_value=0.019369537280944534 0.032348833752666284 0.016079507925235607 -0.079942835779832078 0.021867657209608444 0.01032744911308893 -0.04833954137761208 0.058946500049188749 -0.0059713089724548231 0.036455210821533794 -0.060442014395050515 0.037854468218739827 0.031647237920536579 -0.019500804916359599 -0.0052463979098884232 0.035161967113958401 -0.053776035730697183 -0.0018634265775421023 -0.0030971220417391875 0.02133847448238841 -0.038207333915094871 -0.0085665861116642622
leaf_weight=11.046761319041254 11.034663140773775 11.186098646372558 9.1409893799573165 16.307603221386671 13.733302988111971 21.412305444478985 12.140067610889671 15.541300490498545 14.444976277649401 11.277569144964216 22.97804070264101 13.618309073150156 10.604883857071398 197.96118568256497 16.250084951519966 13.044721595942972 42.10981447249651 108.04969592019916 65.255822241306305 19.889592751860619 11.055019259452818
leaf_count=53 53 67 69 90 71 107 75 78 71 53 111 65 53 991 77 63 196 543 318 97 56
internal_value=1.81076e-06 0.00334526 -0.00300441 -0.0178653 -0.0286955 -0.0403219 0.0285678 -0.0305211 0.000284464 -0.022337 0.00224189 0.00022604 0.0197427 -0.00287174 0.00110026 -0.0202363 0.00314367 0.000932491 0.00610377 -0.0135227 0.0118723
internal_weight=668.083 316.301 351.782 76.1355 59.8279 46.0946 34.2298 36.9536 282.071 22.4637 259.607 245.162 33.5829 211.579 275.646 24.0915 251.555 235.305 173.306 61.9994 22.0897
internal_count=3357 1595 1762 415 325 254 184 185 1411 120 1291 1220 164 1056 1347 116 1231 1154 861 293 109
is_linear=0
shrinkage=0.08


Tree=114
num_leaves=23
num_cat=0
split_feature=29 26 29 8 8 0 0 6 26 24 26 24 1 1 15 40 15 30 14 29 37 28
split_gain=1.00671 3.31607 3.221 4.45661 7.76879 2.62531 3.60052 5.79334 4.34417 3.33453 3.14874 5.15415 4.78456 2.44723 2.37067 4.52441 9.42169 5.24799 4.33775 3.1638 3.64567 2.72745
threshold=0.12117943394028151 -2.2830812389645796e-05 0.14961645945744828 0.00019803449725445003 -0.0006648014250691998 29.190779608321026 40.945327095923403 -0.00029716581469304995 -2.9538746720581444e-06 0.00027312716882170007 -1.2481296989807865e-05 0.00038785364898350009 1.7099966735486307 1.8601090552342612 0.00027675998342765003 0.50000000000000011 -0.00051572360233264984 -1.9887806758690447 -0.00019637126935849998 0.05446078011194886 1.0000000180025095e-35 -0.84031684504462734
decision_type=2 2 2 2 2 2 2 2 2 2 2 2 2 2 2 2 2 2 2 2 2 2
left_child=1 -1 3 4 -2 -4 7 9 -9 -7 11 -8 -12 -5 15 16 -3 -17 -19 21 -21 -16
right_child=2 14 5 13 -6 6 10 8 -10 -11 12 -13 -14 -15 19 17 -18 18 -20 20 -22 -23
leaf_value=-0.04968655118811962 -0.00066222732634014191 -0.063916306221647262 0.03001845259897792 -0.03533246316208162 0.076793007621185919 -0.038414458126546633 0.020750765947684126 -0.0674612340442554 -0.018018965028480414 0.014337319103528076 0.0023321186493033171 -0.039566988246076192 0.042560000825028671 0.019208366451727913 -0.023621873531447648 0.070325530658731275 0.023854350641540966 -0.030368224518302896 0.027602751479840419 -0.0052061635666543465 -0.062787108465031521 0.030556200106355142
leaf_weight=10.308109030127524 16.45017297193408 14.738027043640615 17.360022123903036 10.779392121359708 16.702365897595882 9.3965351730585081 13.815506637096403 16.290859092026949 37.678420893847942 41.714361429214478 288.45535151846707 26.376972299069166 20.250425841659307 10.292503811419008 11.029841642826797 10.979327112436293 16.692592263221741 12.752409793436522 23.453987050801519 14.084895715117455 14.063937976956367 12.904559250921009
leaf_count=57 86 72 83 51 82 43 70 88 183 196 1449 133 111 54 57 57 81 67 119 74 75 69
internal_value=2.17762e-07 -0.00600197 0.00161059 0.0200753 0.03836 -0.000513648 -0.00168119 -0.0146633 -0.0329433 0.00463911 0.00222872 -0.0188337 0.00497098 -0.00869216 -0.00255662 0.00621301 -0.0173019 0.0218764 0.00718455 -0.0157938 -0.0339752 0.00558898
internal_weight=666.571 141.008 525.563 54.2244 33.1525 471.338 453.978 105.08 53.9693 51.1109 348.898 40.1925 308.706 21.0719 130.7 78.6163 31.4306 47.1857 36.2064 52.0832 28.1488 23.9344
internal_count=3357 728 2629 273 168 2356 2273 510 271 239 1763 203 1560 105 671 396 153 243 186 275 149 126
is_linear=0
shrinkage=0.08


Tree=115
num_leaves=9
num_cat=0
split_feature=8 8 0 8 21 15 12 21
split_gain=1.07069 2.16784 2.13171 2.07779 1.82583 2.44244 3.16904 2.03485
threshold=0.0020189382302560504 0.0017029101876850502 77.704652798568603 0.0014842316364884502 -0.00082728463223939979 -0.0011558696586517999 0.00063155785278290011 -0.00024484411028009991
decision_type=2 2 2 2 2 2 2 2
left_child=1 3 -2 4 -1 6 -6 -7
right_child=2 -3 -4 -5 5 7 -8 -9
leaf_value=0.026551465221382214 -0.045686288715660231 0.035425807789446012 0.0075303430240068392 -0.03608704239000509 -0.04343452107389692 0.010033501452253703 0.0076841980084538884 -0.0015072284887756339
leaf_weight=16.780352726578712 9.4576784148812312 11.21116494014859 9.8187113143503648 10.083711765706537 18.327417057007555 124.80333637818694 13.463081583380697 451.56405382044613
leaf_count=89 50 65 54 52 89 590 70 2298
internal_value=-4.76503e-07 0.000553718 -0.0185796 -6.19407e-05 0.000519343 -0.000198937 -0.0217861 0.000991736
internal_weight=665.51 646.233 19.2764 635.022 624.938 608.158 31.7905 576.367
internal_count=3357 3253 104 3188 3136 3047 159 2888
is_linear=0
shrinkage=0.08


Tree=116
num_leaves=24
num_cat=0
split_feature=26 21 21 26 3 12 8 8 24 3 3 3 3 31 21 6 9 3 0 16 0 26 26
split_gain=0.987101 2.37025 4.42118 2.95329 2.80042 2.61647 3.03857 5.10621 4.79515 2.17958 3.74615 3.33074 2.44613 2.24667 2.17846 1.957 1.88753 1.83133 1.69258 3.46543 4.84714 3.58315 0.821366
threshold=1.3282014396285182e-05 0.00015260791903670004 0.00013246842572025005 5.5922197299251992e-06 0.0025201769735338502 0.00046292400917575003 -0.00011911911772469998 -0.00042875322142244991 0.00030076485007755004 0.0014794441897211003 0.0017780124843928002 0.0027420644487430004 0.0036308361167016506 0.10384348175366986 0.00031228111758875007 0.00051846474844860014 0.00058973938035495016 0.0016036975663016003 78.691411510625173 0.00060266911913570012 70.089353966971743 -3.2721851129525194e-06 1.7043160106521e-05
decision_type=2 2 2 2 2 2 2 2 2 2 2 2 2 2 2 2 2 2 2 2 2 2 2
left_child=1 2 18 4 17 6 7 -5 -8 -2 -11 15 16 -14 -7 22 -13 -3 19 20 -1 -21 -12
right_child=9 3 -4 5 -6 14 8 -9 -10 10 11 12 13 -15 -16 -17 -18 -19 -20 21 -22 -23 -24
leaf_value=-0.0032600273260884635 0.041186078091508892 -0.028747841449555337 0.046580763170948426 0.016603052188405135 0.00031932843829129059 0.0010458952825880248 -0.0067816338479275567 -0.057828153069283468 0.050697033679932599 -0.042083671587619775 0.029939816525015595 -0.0019366978903289235 0.048296898816393208 -0.0025623771753089854 -0.046026927824187977 0.0066749577993698893 -0.046465472581255031 -0.079952539863534205 -0.031538551206824618 0.0012600030195565317 0.050223128402827437 0.048319712794613404 0.06424802800844244
leaf_weight=370.06511583179235 10.804013550281523 9.3947930075228268 13.39196817576885 12.7621455937624 9.6623235903680307 11.032924219965937 20.907149776816368 10.968847014009951 16.715766958892345 10.37469646334648 9.1207061186432892 13.611788168549539 8.0924396477639693 17.754631884396076 14.642578214406965 13.849950246512888 11.028771862387655 8.5279483348131162 10.682773571461437 22.86235523596406 11.172470502555369 18.927724635228515 8.751014515757559
leaf_count=1830 57 55 65 62 56 52 101 50 78 51 46 65 47 103 70 67 56 58 59 123 54 98 54
internal_value=-5.68538e-07 -0.00132278 0.00130836 -0.0115867 -0.0343964 -0.00435687 0.00461646 -0.0178002 0.018756 0.00718315 0.00321521 0.00893186 -0.00383209 0.0133611 -0.0257994 0.0292467 -0.0218672 -0.0531119 -8.95443e-05 0.000704642 -0.00169266 0.0225745 0.0467391
internal_weight=665.105 561.717 447.102 114.614 27.5851 87.0294 61.3539 23.731 37.6229 103.388 92.584 82.2093 50.4876 25.8471 25.6755 31.7217 24.6406 17.9227 433.71 423.028 381.238 41.7901 17.8717
internal_count=3357 2811 2229 582 169 413 291 112 179 546 489 438 271 150 122 167 121 113 2164 2105 1884 221 100
is_linear=0
shrinkage=0.08


Tree=117
num_leaves=13
num_cat=0
split_feature=26 22 21 26 12 21 21 26 3 26 26 33
split_gain=0.951074 2.54071 1.67416 2.41003 3.92923 1.63619 3.72089 2.95767 2.4775 2.14769 1.79059 1.25474
threshold=2.8772077897075615e-05 -5.4876944453659391e-05 0.00069026108932605009 1.6249325073597018e-05 0.00060909209430780006 0.00015260791903670004 0.00013246842572025005 5.5922197299251992e-06 0.0025201769735338502 1.5073379323933762e-05 6.7057553124557807e-06 0.00036843752735490003
decision_type=2 2 2 2 2 2 2 2 2 2 2 2
left_child=2 -2 3 5 11 6 10 8 -7 -9 -1 -5
right_child=1 -3 -4 4 -6 7 -8 9 -10 -11 -12 -13
leaf_value=-0.00081266737494352479 0.051940279907075775 -0.0046892428685836388 -0.024478724672996739 0.059952172769198737 -0.020531349226486799 -0.050185939891102843 0.042969088117768513 0.00049246370785434746 0.00029375272778417791 -0.03735285592189206 0.028974086520132718 0.021638662727757128
leaf_weight=420.85047012940049 8.0993336625397223 13.558822803199289 18.192690081894398 10.762186877429491 9.7729295082390291 17.475066235288981 13.357617886736987 106.84348060190678 9.6632618121802789 10.543862447142599 13.324966553598641 11.125914897769688
leaf_count=2096 49 68 87 67 55 113 65 509 56 50 73 69
internal_value=-4.17038e-07 0.0164881 -0.000556739 0.000141019 0.0216454 -0.00100895 0.00138097 -0.00840952 -0.0322114 -0.00290685 0.000101496 0.0404771
internal_weight=663.571 21.6582 641.912 623.72 31.661 592.059 447.533 144.526 27.1383 117.387 434.175 21.8881
internal_count=3357 117 3240 3153 191 2962 2234 728 169 559 2169 136
is_linear=0
shrinkage=0.08


Tree=118
num_leaves=8
num_cat=0
split_feature=3 3 1 15 1 14 26
split_gain=0.997042 2.79588 1.49076 3.88251 3.48107 1.91714 3.67664
threshold=0.0062406982512414012 0.0049660034806006505 -3.308262092254608 -0.00063577548302559987 -2.9275269139438929 0.0012823598845835501 2.6351051465604506e-05
decision_type=2 2 2 2 2 2 2
left_child=1 2 3 -1 -4 6 -6
right_child=-2 -3 4 -5 5 -7 -8
leaf_value=-0.042117361978959496 -0.022207414063758108 0.042072512448129963 0.043061417117854564 0.017867336529352521 -0.00053923675566863749 -0.034135887016491465 0.045032759008973175
leaf_weight=17.2000270113349 12.690491929650305 10.159398470073937 12.117621555924414 11.538384109735487 576.66884427517653 10.497323922812937 11.557204224169253
leaf_count=91 78 65 62 62 2891 52 56
internal_value=4.63577e-07 0.000434221 -0.000227183 -0.0180337 0.000610565 -0.000248602 0.000356142
internal_weight=662.429 649.739 639.579 28.7384 610.841 598.723 588.226
internal_count=3357 3279 3214 153 3061 2999 2947
is_linear=0
shrinkage=0.08


Tree=119
num_leaves=11
num_cat=0
split_feature=1 3 24 40 8 3 10 26 3 22
split_gain=0.975819 2.55052 1.96478 4.17537 4.00611 3.98668 2.10102 3.01885 2.07803 3.30728
threshold=-4.3724845504420946 0.0057258371057201515 0.00056467378038040008 0.50000000000000011 -0.0013480714782934998 0.0038975951106088006 -0.00054546638153004994 -1.8482100144006203e-05 0.004025308974781751 -0.00010153993455834998
decision_type=2 2 2 2 2 2 2 2 2 2
left_child=-1 2 6 -4 -5 -6 7 -2 9 -8
right_child=1 -3 3 4 5 -7 8 -9 -10 -11
leaf_value=0.022571477805847135 0.0051727092590522182 -0.035677007848135996 0.057345089653872902 0.051880080621830887 -0.018026842914309157 0.031801147835416904 0.024805860711525476 -0.046565899198048752 -0.03081158110482423 -0.001030865347775969
leaf_weight=12.036987520754336 13.603591650724413 12.869034890085457 11.310359962284563 9.6070365719497186 37.516913138329983 14.153296159580348 33.912110216915607 15.375085040926932 13.792863458395002 487.97323289141059
leaf_count=84 65 68 61 53 198 78 173 79 69 2429
internal_value=1.46214e-06 -0.000416426 0.000295655 0.0126852 0.004442 -0.00437816 -0.00129704 -0.022278 -0.000162029 0.000648005
internal_weight=662.151 650.114 637.244 72.5876 61.2772 51.6702 564.657 28.9787 535.678 521.885
internal_count=3357 3273 3205 390 329 276 2815 144 2671 2602
is_linear=0
shrinkage=0.08


Tree=120
num_leaves=12
num_cat=0
split_feature=3 20 3 31 28 24 24 9 26 12 28
split_gain=0.960017 3.12724 2.2543 3.78149 5.73656 2.31015 4.89317 2.8064 4.02929 2.95923 2.06967
threshold=0.00077039921482650018 1.0000000180025095e-35 0.0010508585833915003 0.056418338425296012 -0.88030871843696257 0.00019606927087765003 0.00017352361024955003 0.00026732416139305006 -2.8307088417092275e-06 0.00015526985932435002 -0.88458974710294191
decision_type=2 2 2 2 2 2 2 2 2 2 2
left_child=1 -1 3 4 -2 6 -4 8 -7 -9 -11
right_child=2 -3 5 -5 -6 7 -8 9 -10 10 -12
leaf_value=-0.013295976781282352 0.032382850148057349 0.044266755168017834 -0.010908209862241162 -0.047048473400250972 -0.030975418307084671 -0.063969444307116666 0.051592788267060249 0.036587944119258906 0.005219553576929924 -0.02409088089681739 0.00087146465865565667
leaf_weight=12.009931333363056 16.99844940751791 12.15211271494627 15.360787298530338 17.309304818511009 19.798033013939857 10.553307786583902 16.76765500754118 14.380947943776844 11.003470547497271 22.215376814827323 492.94242658093572
leaf_count=63 84 64 75 85 97 54 84 71 52 108 2520
internal_value=2.29621e-06 0.0156548 -0.00059111 -0.0162121 -0.00170652 0.000858056 0.0217107 -0.000357638 -0.0286525 0.000794207 -0.000204998
internal_weight=661.492 24.162 637.33 54.1058 36.7965 583.224 32.1284 551.096 21.5568 529.539 515.158
internal_count=3357 127 3230 266 181 2964 159 2805 106 2699 2628
is_linear=0
shrinkage=0.08


Tree=121
num_leaves=30
num_cat=0
split_feature=29 0 22 2 6 24 1 24 27 28 3 24 3 24 33 33 2 28 38 28 16 28 27 3 1 24 6 33 16
split_gain=0.924463 2.71009 2.81644 2.97121 4.31576 3.99865 2.64545 2.18754 5.44248 5.1355 4.15768 4.14433 4.16626 4.14833 3.80482 6.71328 3.70622 3.57026 8.39433 6.2674 5.84635 4.98898 3.75384 3.16728 7.24488 2.57998 2.25118 1.43981 1.3503
threshold=0.44997660360999048 61.042112500225272 -2.0760378872625413e-05 0.55722023967902068 -8.2256123767209948e-05 0.00027187192954370001 -0.73874955878272874 0.00029646518920915002 0.0025892925487295505 -0.83456105547804726 0.0021787140287976505 0.00045318713040795009 0.0023168137880744005 0.00037591385704835006 -0.00065062255673064998 -0.00031466355005309993 0.31822076077735889 -0.7902040586181911 1.0000000180025095e-35 -0.81021305300100355 -0.00071084177544164984 -0.77455084506285965 0.0026068122328639504 0.0017505177448317501 -0.7592532748940356 0.00022133379785680001 0.00016601501217540003 -0.00024223171317414998 0.00043423504144045002
decision_type=2 2 2 2 2 2 2 2 2 2 2 2 2 2 2 2 2 2 2 2 2 2 2 2 2 2 2 2 2
left_child=7 2 6 4 27 -5 -2 8 14 11 23 12 13 -9 -1 25 -17 18 20 -20 -11 22 -19 24 -10 -16 -23 -4 -14
right_child=1 -3 3 5 -6 -7 -8 9 10 17 -12 -13 28 -15 15 16 -18 21 19 -21 -22 26 -24 -25 -26 -27 -28 -29 -30
leaf_value=0.032441705674117062 0.00048563966983539034 0.045573280362864885 -0.02066019946385414 0.04410700567380145 -0.057327085336966864 -0.017533439114808022 0.058491997266102297 0.034220584057903215 0.02296246881518197 0.0071315448376269245 0.0058365160647428924 0.063152246798888839 -0.041649751128955186 -0.0068635829598634977 -0.017446424315819286 0.047631465830352208 -0.0017809381781609351 0.014677629343191763 0.077287804873595448 -0.0053283497099895017 -0.037047767495219944 0.0056257669892607774 0.074517392381690667 -0.075975167463325929 -0.058018251575745979 -0.074936138389856063 -0.017066676986698653 0.021159889771410798 -0.00022905173078921682
leaf_weight=20.540576003491879 10.439745165407659 10.559223331511019 10.229718439280985 13.726407609879972 13.28829947859049 13.224464718252419 9.7138603404164297 48.635907411575317 11.297583647072317 26.708675488829613 16.366085059940815 11.350222473964093 9.7306892424821871 23.247479483485222 9.6972486972808856 10.981808595359324 84.211137529462576 21.878212437033657 9.8587288111448306 14.549863059073685 67.919736679643393 76.18926690146327 9.676809221506117 12.230466201901434 18.896800180897117 10.304890383034943 44.215882200747728 10.864698290824888 10.442605413496493
leaf_count=96 53 54 48 74 67 69 50 234 52 134 86 69 48 112 49 52 409 111 50 74 346 415 49 61 95 52 241 53 54
internal_value=1.52982e-06 0.00743973 0.00249833 -0.00602722 -0.0216164 0.0138608 0.0284442 -0.00120188 -0.00808396 0.00237379 -0.0284165 0.0175415 0.0119178 0.0209337 0.000722619 -0.00493325 0.00391946 -0.00341388 -0.0137887 0.0280406 -0.0245782 0.00471318 0.0330284 -0.0416301 -0.0277184 -0.0470645 -0.00270748 0.000879275 -0.0202085
internal_weight=660.977 92.0464 81.4872 61.3336 34.3827 26.9509 20.1536 568.931 194.527 374.404 58.7909 103.407 92.0567 71.8834 135.736 115.195 95.1929 270.997 119.037 24.4086 94.6284 151.96 31.555 42.4249 30.1944 20.0021 120.405 21.0944 20.1733
internal_count=3357 468 414 311 168 143 103 2889 952 1937 294 517 448 346 658 562 461 1420 604 124 480 816 160 208 147 101 656 101 102
is_linear=0
shrinkage=0.08


Tree=122
num_leaves=25
num_cat=0
split_feature=0 0 10 12 28 9 24 15 14 1 14 29 29 36 1 40 1 0 24 24 0 31 27 20
split_gain=0.919244 2.71715 1.94779 3.65276 3.70964 6.60375 3.71488 3.55834 3.11899 3.68907 3.13877 2.4952 1.79946 5.47984 3.40705 3.03635 5.57512 5.20337 5.53599 5.19113 3.01587 2.22729 1.57175 1.43152
threshold=41.547498026700872 42.872148505666431 -2.5108764773270331e-05 0.0002343957854333 -0.7902040586181911 0.00049943522979890018 0.00067991886900385017 -0.00073940281334719993 -0.0001022265723297 1.7502996771613655 -0.00020662834488514997 0.35489443118002661 0.32810908959071577 1.0000000180025095e-35 -0.58236430411398021 0.50000000000000011 -1.5219227178322396 37.620437921320857 0.00053747627409050014 0.00041182227431835005 24.372700808829887 0.050872622451299705 0.0025879368394163007 -1.0000000180025095e-35
decision_type=2 2 2 2 2 2 2 2 2 2 2 2 2 2 2 2 2 2 2 2 2 2 2 2
left_child=12 -2 3 11 5 -5 -6 -4 10 -10 -9 23 14 21 15 16 20 18 -17 -19 -1 -14 -16 -3
right_child=1 2 7 4 6 -7 -8 8 9 -11 -12 -13 13 -15 22 17 -18 19 -20 -21 -22 -23 -24 -25
leaf_value=-0.0098327633107898587 0.033186283973186785 0.033339546624472687 -0.054990753138490521 0.001396543251707943 0.036426535867898763 -0.059641541563841667 -0.021098366061575301 0.002976278763285105 -0.011350537130765389 0.014667848979714761 0.051342950169437199 0.061904638596279461 0.014769398321082939 -0.021791972935627093 -0.062373636140596607 0.021753610867734193 0.018138796340281347 -0.074425978328097622 -0.036537663998143073 0.0020883196193565855 -0.060894062398381216 0.062936543519352739 -0.019001722998480491 -0.0056106417865925415
leaf_weight=12.341477081179621 17.301325283944607 13.619194224476812 8.3362545296549779 81.192895580083132 29.199571292847395 13.186438269913195 9.5296079218387586 25.971322279423475 162.10320707410574 44.437568983063102 12.828822039067743 11.026146776974199 14.939758285880091 19.532276913523674 9.2918423600494879 70.821612771600485 15.669071957468985 9.6728677898645419 12.227500356733797 13.730003438889979 18.500575918704271 10.435841739177702 12.596966743469237 10.84984013438225
leaf_count=61 91 68 43 409 156 67 51 127 822 238 67 56 72 95 47 353 76 50 74 70 98 49 63 54
internal_value=9.23332e-07 0.00211297 0.000839864 0.00750436 0.00142373 -0.00713154 0.0222721 -0.00358962 -0.0018431 -0.00575264 0.0189682 0.030307 -0.00422378 0.0100606 -0.00789249 -0.00366812 -0.0207199 0.00378219 0.0131713 -0.0295365 -0.0404618 0.0345784 -0.0374132 0.0160686
internal_weight=659.342 439.582 422.281 168.604 133.109 94.3793 38.7292 253.677 245.341 206.541 38.8001 35.4952 219.76 44.9079 174.852 152.963 46.5111 106.452 83.0491 23.4029 30.8421 25.3756 21.8888 24.469
internal_count=3357 2249 2158 861 683 476 207 1297 1254 1060 194 178 1108 216 892 782 235 547 427 120 159 121 110 122
is_linear=0
shrinkage=0.08


Tree=123
num_leaves=11
num_cat=0
split_feature=1 3 24 36 22 10 3 27 15 22
split_gain=0.910181 2.00243 1.71997 3.91606 4.60241 4.32544 3.52464 2.44052 2.00588 1.9416
threshold=-4.3724845504420946 0.0057258371057201515 0.00056467378038040008 1.0000000180025095e-35 2.2801168495041884e-05 -0.00022936622600099998 0.0038975951106088006 0.0026183013853149505 -0.0013891241574680998 -0.00010153993455834998
decision_type=2 2 2 2 2 2 2 2 2 2
left_child=-1 2 7 4 -4 -5 -7 8 -2 -10
right_child=1 -3 3 5 -6 6 -8 -9 9 -11
leaf_value=0.021815788561557158 -0.033049301469005789 -0.031684914084613436 0.065290466438921224 0.036417990813882674 -0.00039553862791827295 -0.03807522040690358 0.018038630316085685 -0.030007477750244396 0.020182835917052468 -0.00075857796364892571
leaf_weight=12.016192484647034 11.709407016634939 12.838338017463682 15.085341900587084 12.806569341570137 12.47020699828863 20.724971715360883 10.948546798899768 18.290341556072235 30.032100416719913 501.51833948865533
leaf_count=84 55 68 82 67 66 113 62 95 153 2512
internal_value=-9.81212e-09 -0.000405537 0.000228276 0.011866 0.0355644 -0.00281523 -0.0186784 -0.00126461 -0.000296903 0.000424592
internal_weight=658.44 646.424 633.586 72.0356 27.5555 44.4801 31.6735 561.55 543.26 531.55
internal_count=3357 3273 3205 390 148 242 175 2815 2720 2665
is_linear=0
shrinkage=0.08


Tree=124
num_leaves=16
num_cat=0
split_feature=8 6 8 8 8 2 7 29 28 29 12 8 32 14 24
split_gain=0.961821 3.16947 3.12624 2.05558 2.9035 2.60823 2.2847 2.00014 2.82124 3.16293 6.84619 3.23001 2.9757 4.72307 3.59206
threshold=-0.00070816840885159994 -0.00044048040100969993 -0.00062299811934899991 -0.00053460827621049989 -0.00040580780508514997 0.23265261192245668 -0.00027248639945384994 0.026559692186942704 -0.86625092971967588 0.28803978436699712 0.00064186685889725014 -0.0011078702747026998 -0.00057987453000669985 -0.00016575264112629999 0.00048142244069680008
decision_type=2 2 2 2 2 2 2 2 2 2 2 2 2 2 2
left_child=7 -2 -3 -4 6 -6 -5 -1 -9 12 11 -11 13 -10 -14
right_child=1 2 3 4 5 -7 -8 8 9 10 -12 -13 14 -15 -16
leaf_value=0.020710072952202663 0.036506373764485935 0.03885115962225303 -0.026989136865985811 0.0012036884716926139 -0.022753299575597758 0.00076526899186559936 0.047511836459900696 -0.047433565580013631 -0.01951650638734425 -0.042332705065139822 0.056577324594455761 0.014157780563113341 -0.073457471918927889 0.02257242897203517 -0.0082269818034534127
leaf_weight=17.087480533868074 16.27242848277092 13.289772719144819 18.022961884737015 12.834888584911825 32.765950102359056 382.24224235862494 14.546422719955443 10.86779087781906 51.303423643112183 11.751149464398621 15.007990032434462 14.435532912611963 10.251645967364313 25.567152719944715 11.423013888299463
leaf_count=96 79 65 92 61 161 1959 71 51 260 61 77 74 51 139 60
internal_value=1.11542e-06 0.00179092 0.000598393 -0.000505771 0.000573163 -0.00109158 0.0258051 -0.00522838 -0.00817127 -0.00511778 0.0134976 -0.0111921 -0.0128995 -0.00551773 -0.0390796
internal_weight=657.67 489.975 473.702 460.412 442.39 415.008 27.3813 167.695 150.608 139.74 41.1947 26.1867 98.5452 76.8706 21.6747
internal_count=3357 2488 2409 2344 2252 2120 132 869 773 722 212 135 510 399 111
is_linear=0
shrinkage=0.08


Tree=125
num_leaves=21
num_cat=0
split_feature=29 31 8 8 26 10 0 35 9 24 29 31 15 40 9 30 7 33 3 0
split_gain=0.965494 2.90964 3.36921 6.47424 2.72802 2.46914 2.25746 2.81829 3.95514 3.79659 3.06976 4.09719 1.84724 3.37248 8.42139 4.29635 3.07857 2.1116 1.50164 1.0949
threshold=0.12117943394028151 0.13273438849732452 0.00019803449725445003 -0.0006648014250691998 -2.2830812389645796e-05 6.1783338742083701e-05 29.190779608321026 1.0000000180025095e-35 0.00054668969556845011 0.00019450856949440004 0.16381506192169557 0.11772149546941897 0.00027675998342765003 0.50000000000000011 0.00043427275536370006 -1.9887806758690447 0.00091347472440190018 -0.0006251786488143499 0.0024512202209885504 84.684823866902391
decision_type=2 2 2 2 2 2 2 2 2 2 2 2 2 2 2 2 2 2 2 2
left_child=4 6 3 -3 -1 -4 -2 10 9 -9 -8 -12 13 14 -6 -15 18 -17 -14 -18
right_child=1 2 5 -5 12 -7 7 8 -10 -11 11 -13 16 15 -16 17 19 -19 -20 -21
leaf_value=-0.045797908630413373 0.02809778468437776 0.00021437826127728842 0.021668705835016344 0.070374151375293612 0.016122047180851192 -0.032689974856306446 -0.045095729061344278 0.031381291548397493 0.045902401964009173 -0.0063851744916063385 -0.0052504957325073863 0.047316444685942365 -0.010875220418124831 0.063383367175839589 -0.070317994514015894 -0.020810595217731525 0.021461061261659236 0.019820016244152475 -0.048337700145805559 -0.013926771673424789
leaf_weight=10.1755064278841 17.041339606046677 17.103954002261162 10.562777131795885 16.575055256485939 19.816365443170074 10.832489192485808 11.869722880423067 22.83213023096323 16.41756746172905 67.103853283450007 317.98195135593414 9.7813338339328748 11.914745304733517 10.614254660904406 11.341780357062815 12.676705121994013 13.705545604228975 23.110095240175728 16.102622557431459 9.4563820883631688
leaf_count=57 83 90 52 83 96 56 64 117 84 343 1607 50 60 57 57 70 76 116 89 50
internal_value=1.16357e-06 0.00158913 0.0189724 0.0347434 -0.00592142 -0.00585326 -0.000478496 -0.00157041 0.0097941 0.00320263 -0.00512912 -0.00368176 -0.00276958 0.00501487 -0.0153427 0.0186849 -0.0145664 0.0054275 -0.0324063 0.00701318
internal_weight=657.016 518.102 55.0743 33.679 138.914 21.3953 463.028 445.987 106.354 89.936 339.633 327.763 128.738 77.5592 31.1581 46.4011 51.1793 35.7868 28.0174 23.1619
internal_count=3357 2629 281 173 728 108 2348 2265 544 460 1721 1657 671 396 153 243 275 186 149 126
is_linear=0
shrinkage=0.08


Tree=126
num_leaves=12
num_cat=0
split_feature=28 3 28 26 15 27 15 8 26 14 6
split_gain=1.31719 2.45991 1.82696 4.10974 3.20428 1.64635 4.19298 3.44189 2.30138 3.35259 2.9559
threshold=-0.94101266390785143 0.00077039921482650018 -0.90439005072175782 -2.6520163740593034e-06 0.00013882873633655002 0.0025880070609803 -0.00050672349606664983 0.00050910554478940015 1.2177377833700837e-05 0.00020427319723085002 0.00016931010307295004
decision_type=2 2 2 2 2 2 2 2 2 2 2
left_child=-1 -2 3 -3 -5 6 -4 -8 9 -7 -10
right_child=1 2 5 4 -6 8 7 -9 10 -11 -12
leaf_value=-0.031898042962178498 0.030355052852917074 -0.047544050517501789 0.051905335973980726 0.036706505519955336 -0.024882664271407222 0.00019401534079518593 -0.0054927504506407923 0.034099448919035713 0.038821407596628971 -0.017114491169822884 0.003227964845701709
leaf_weight=8.1807191148400289 17.088266730308533 16.440006412565708 13.369392320513724 10.677360229194166 10.951418086886404 304.82941966503859 61.832755949348211 18.185658097267151 18.21703389659524 93.616853328421712 82.817242156714201
leaf_count=42 91 83 61 50 51 1534 301 92 114 508 430
internal_value=2.25627e-06 0.000404968 -0.000406199 -0.0173947 0.00552172 0.000684656 0.0104343 0.00350531 -0.00113822 -0.0038727 0.00964566
internal_weight=656.206 648.025 630.937 38.0688 21.6288 592.868 93.3878 80.0184 499.481 398.446 101.034
internal_count=3357 3315 3224 184 101 3040 454 393 2586 2042 544
is_linear=0
shrinkage=0.08


Tree=127
num_leaves=17
num_cat=0
split_feature=27 31 31 8 22 12 36 1 22 13 31 27 28 26 21 27
split_gain=0.930273 1.22589 2.70027 4.16977 6.35423 2.0228 2.01449 5.26096 4.15376 6.67803 6.07475 3.68483 2.89763 1.99639 2.58312 2.76876
threshold=0.0025834977033125507 0.15992751201667868 0.13273438849732452 0.00019803449725445003 -5.6493662866665091e-05 0.00019375226508830002 1.0000000180025095e-35 1.2068462180864119 9.0774942449896358e-06 -0.00031156989451854993 0.060891278984055212 0.0026288504714403501 -0.80596429752015819 -2.2830812389645796e-05 -0.00049980835621969992 0.0025895287787470003
decision_type=2 2 2 2 2 2 2 2 2 2 2 2 2 2 2 2
left_child=-1 2 6 4 -4 -3 8 11 10 -10 -2 -8 -9 -7 -15 -16
right_child=1 5 3 -5 -6 13 7 12 9 -11 -12 -13 -14 14 15 -17
leaf_value=-0.023195788612956066 0.032055344038742793 -0.041221867202353199 0.0074796623646086399 -0.010081599627994693 0.083079841284273287 -0.036518902130827417 -0.01441335344397715 0.059164777131896697 -0.068932881393394679 -0.00077802408626875613 0.00018998749333531563 0.02975285259823085 0.005767033155521629 0.042113658458562943 0.016219746588253228 -0.011480681078176371
leaf_weight=10.879579521715639 64.038022805005312 9.7854809463024122 17.021483115851883 17.735990289598703 12.226191163063048 10.808318331837652 155.84067736379802 10.774969786405565 10.281954288482664 87.5183812584728 95.223257545381784 13.106504909694193 16.408204823732376 8.4185065701603872 31.966676961630583 83.198955362662673
leaf_count=56 322 49 90 90 59 61 785 58 51 450 476 71 88 45 159 447
internal_value=2.36395e-06 0.000394053 0.0022675 0.0205233 0.0390823 -0.00610523 0.000374875 -0.00573142 0.0050338 -0.00794329 0.0130029 -0.010987 0.026933 -0.00354829 -0.000664771 -0.00379184
internal_weight=655.233 644.354 500.176 46.9837 29.2477 144.178 453.192 196.13 257.062 97.8003 159.261 168.947 27.1832 134.392 123.584 115.166
internal_count=3357 3301 2540 239 149 761 2301 1002 1299 501 798 856 146 712 651 606
is_linear=0
shrinkage=0.08


Tree=128
num_leaves=8
num_cat=0
split_feature=1 1 1 31 1 32 6
split_gain=0.963437 1.54929 3.76639 2.93444 2.30936 1.4327 2.95279
threshold=-4.3724845504420946 -3.308262092254608 -3.01825384606127 0.17876586642798817 -2.7465318848776401 -0.0012918118161922996 -0.00058286385236304991
decision_type=2 2 2 2 2 2 2
left_child=-1 3 -3 -2 -4 -6 -7
right_child=1 2 4 -5 5 6 -8
leaf_value=0.022522832192941513 0.005082415817132915 0.047537743372082789 -0.037136331244172614 -0.051484016823443363 0.030167771258782516 -0.029267026191590773 0.00079020274409408219
leaf_weight=11.936880670487879 12.982554301619532 10.640948027372358 10.799422323703764 10.712222076952456 10.032448805868624 21.720819681882858 565.76491485908628
leaf_count=84 69 56 56 57 49 105 2881
internal_value=3.27597e-06 -0.000415011 0.000353525 -0.0204908 -0.000471841 0.000190826 -0.000321088
internal_weight=654.59 642.653 618.959 23.6948 608.318 597.518 587.486
internal_count=3357 3273 3147 126 3091 3035 2986
is_linear=0
shrinkage=0.08


Tree=129
num_leaves=16
num_cat=0
split_feature=0 0 24 0 3 37 0 27 24 30 15 9 31 27 27
split_gain=0.927251 2.49628 2.55436 2.32911 3.6672 3.63657 1.57669 1.40662 2.41936 5.70911 10.0192 2.77625 5.24006 2.37223 2.0157
threshold=69.234726169051058 72.293436593657631 0.00038601431433390006 74.788173592780041 0.0038147495486365005 1.0000000180025095e-35 67.928091470345279 0.0025834977033125507 0.00021838471337715004 -1.5787764410337128 -0.00020872058735799996 0.00030603585501745004 0.10229025382775611 0.0025876394356969001 0.0025880070609803
decision_type=2 2 2 2 2 2 2 2 2 2 2 2 2 2 2
left_child=6 2 -2 -3 5 -5 7 -1 9 13 -11 12 -10 -9 -13
right_child=1 3 -4 4 -6 -7 -8 8 11 10 -12 14 -14 -15 -16
leaf_value=-0.029835992563042316 0.0049801185208817175 -0.030924658981081495 0.056173029216114896 0.046197171389578226 -0.027325682721785101 -0.011011911464687033 -0.032902975728963189 0.0036729434992992245 -0.0036046990036437067 0.087218750818222612 0.0085833528752861429 0.022207723161034029 -0.061897606266526212 -0.048916646355672173 -0.0016235130601917099
leaf_weight=10.32144410163164 13.290919054299595 13.084145426750181 11.755091112107037 17.759724650532007 13.263107893988488 11.86007157713175 9.8234922736883146 10.714110583066942 33.839511606842279 12.849153243005274 53.744953159242868 24.109547927975655 13.932740733027456 11.257584191858767 392.71345308236778
leaf_count=54 66 65 64 94 76 63 52 54 166 65 271 112 69 55 2031
internal_value=3.45976e-06 0.00801488 0.029007 -0.00137937 0.00763529 0.0232901 -0.00112862 -0.000574684 -2.86964e-05 0.012089 0.0237558 -0.00233868 -0.0206058 -0.0232723 -0.000245085
internal_weight=654.319 81.0131 25.046 55.967 42.8829 29.6198 573.306 563.482 553.161 88.5658 66.5941 464.595 47.7723 21.9717 416.823
internal_count=3357 428 130 298 233 157 2929 2877 2823 445 336 2378 235 109 2143
is_linear=0
shrinkage=0.08


Tree=130
num_leaves=12
num_cat=0
split_feature=24 24 3 24 35 3 3 24 31 24 9
split_gain=0.892874 1.31083 1.66823 1.42943 3.71695 2.89327 5.06785 1.97858 4.15364 3.18804 2.13331
threshold=0.00097154284418595014 0.00078456495065465013 0.0044872940452720016 0.00056467378038040008 1.0000000180025095e-35 0.0038975951106088006 0.0029500225647530001 0.00050863009628845013 0.10968219527952645 0.00048558240236240004 0.00064954354231785006
decision_type=2 2 2 2 2 2 2 2 2 2 2
left_child=1 3 -3 7 5 6 -5 9 -9 10 -1
right_child=-2 2 -4 4 -6 -7 -8 8 -10 -11 -12
leaf_value=-0.0020528224007658304 0.020694169937667064 -0.046042844685903868 0.0028213773675909667 0.025917766415339948 0.058328519104351148 0.043219885058764118 -0.03414275191301671 -0.04775547166468664 0.013508203370384261 0.037375768111411703 0.022042938203782506
leaf_weight=499.74639583006501 13.081969548016785 9.0019421577453631 8.884816646575926 16.36757455021143 9.3969021849334222 9.1676288843154889 19.951505921781063 16.459168713539842 12.432971701025961 14.29228814318776 24.676539674401283
leaf_count=2509 78 50 54 86 51 56 106 86 70 78 133
internal_value=4.32413e-06 -0.000418339 -0.0217707 0.000195204 0.0125236 0.00306102 -0.00707585 -0.000996869 -0.0213923 9.69679e-05 -0.000919005
internal_weight=653.46 640.378 17.8868 622.491 54.8836 45.4867 36.3191 567.607 28.8921 538.715 524.423
internal_count=3357 3279 104 3175 299 248 192 2876 156 2720 2642
is_linear=0
shrinkage=0.08


Tree=131
num_leaves=18
num_cat=0
split_feature=22 22 36 1 29 16 1 39 15 9 15 24 9 16 14 7 24
split_gain=0.817007 7.25625 6.26183 4.15421 3.78899 4.65503 3.25429 2.62267 2.61474 7.26629 3.75077 2.23658 3.02513 2.64082 3.17868 2.08059 1.9668
threshold=-3.2674082422563565e-05 -2.2036798257464938e-05 1.0000000180025095e-35 -0.44372195525102137 0.41651803752804967 0.00034600935466895007 -0.61998426097898107 1.0000000180025095e-35 -0.00026326847494384992 0.00028268337818765002 -0.00014656093949704996 0.00019606927087765003 0.00030603585501745004 5.4129707261511092e-05 0.00077271168114365009 0.00012269119159005003 0.0002856325037517001
decision_type=2 2 2 2 2 2 2 2 2 2 2 2 2 2 2 2 2
left_child=6 2 16 4 5 -3 11 8 9 -5 -10 -1 -13 14 -14 -9 -2
right_child=1 3 -4 7 -6 -7 -8 15 10 -11 -12 12 13 -15 -16 -17 -18
leaf_value=0.028786495044499625 0.030670771416188469 -0.07147678347844208 -0.0072527675551703639 0.087446472861880495 0.011696511920616255 -0.0077151577362204894 -0.037367580587743074 0.0018674133143531803 -0.030731664735577004 0.0076562030546176423 0.0026541768448539033 -0.038012109379179433 -0.00039113521271621994 -0.032622560237720803 0.046437375255246813 -0.049090053022160317 0.077646796781254884
leaf_weight=14.813617438077925 9.1745640635490435 15.211723782122137 14.041516872122882 8.2683045715093595 12.593385338783262 14.139349840581415 17.220756281167269 9.3699340075254458 23.666918523609638 62.666939772665501 239.25157583318651 14.958467550575731 146.15000052750111 14.94348458945751 9.9057544916868192 11.327296093106268 15.079388774931429
leaf_count=76 42 77 74 43 63 72 91 46 116 300 1260 71 751 77 59 60 79
internal_value=4.54973e-06 0.00200855 0.0352631 -0.00120333 -0.025011 -0.0407608 -0.00399249 0.00161319 0.00332636 0.0169567 -0.000351089 -0.00112981 -0.00351298 -0.000495101 0.00258134 -0.0260209 0.0598771
internal_weight=652.783 434.791 38.2955 396.495 41.9445 29.3511 217.992 354.551 333.854 70.9352 262.918 200.771 185.958 170.999 156.056 20.6972 24.254
internal_count=3357 2232 195 2037 212 149 1125 1825 1719 343 1376 1034 958 887 810 106 121
is_linear=0
shrinkage=0.08


Tree=132
num_leaves=21
num_cat=0
split_feature=26 14 37 27 26 2 9 3 26 10 27 26 3 26 2 27 2 27 14 16
split_gain=0.834807 2.80411 4.96096 3.35615 3.2979 2.803 4.71208 2.79826 2.5248 2.44133 2.221 2.87659 2.98556 2.32727 2.04729 3.40463 2.79707 1.70244 1.66548 2.19768
threshold=1.2177377833700837e-05 0.00033066376493570004 1.0000000180025095e-35 0.0025900626220861501 5.7484817376204781e-06 0.7880552157286832 0.00033748410082705009 0.0024186729912840503 1.1574338960962366e-06 4.6420138933705103e-05 0.0025873143325546005 1.5400081946734224e-05 0.0025475628335044002 1.7043160106521e-05 0.71326524597002394 0.0025914083974707004 0.68557295239432747 0.0026041266344615506 0.00029040541314545007 -0.00025239469368674994
decision_type=2 2 2 2 2 2 2 2 2 2 2 2 2 2 2 2 2 2 2 2
left_child=1 5 3 -3 -5 14 -7 -8 -4 -10 -2 12 -12 -13 16 -16 17 -1 -15 -20
right_child=10 2 8 4 -6 6 7 -9 9 -11 11 13 -14 18 15 -17 -18 -19 19 -21
leaf_value=0.0021013950120763662 -0.030228271483615506 0.00012694464888061629 -0.027764044780071849 -0.025860443633224449 -0.081485352159848617 0.049646817633922348 -0.037266865065871534 0.01886419762668563 0.048547024911689073 -0.0018253684860299532 0.051771257516091025 -0.033089876510411897 0.00071593970401767138 0.038783032364428011 -0.043159682393358038 0.0082149883137183893 0.037392815062026678 -0.011379649060170305 0.039272033620366555 -0.0052488868582191549
leaf_weight=298.86379615217447 9.7715731859207136 12.095358055084942 10.006205197423695 15.468217348679902 12.203039996325968 19.423365253955126 9.4477883987128752 14.268494039773939 10.770545631647112 14.377831883728502 17.579349465668205 10.836539097130297 12.573191825300453 9.060833986848591 18.315074760466814 15.030973739922045 12.825155235826967 74.996531266719103 8.4105057455599219 45.403295081108816
leaf_count=1480 49 64 65 96 59 96 49 78 51 75 87 57 62 60 91 83 65 394 57 239
internal_value=4.69958e-06 -0.00131106 -0.0156702 -0.0350256 -0.0503911 0.00101162 0.0204309 -0.00349658 0.00622452 0.0197481 0.00623518 0.00966569 0.0304819 0.00115054 -0.00098285 -0.0200022 0.000657292 -0.000602908 0.00705193 0.00170924
internal_weight=651.728 538.092 74.9212 39.7666 27.6713 463.171 43.1396 23.7163 35.1546 25.1484 113.635 103.864 30.1525 73.7112 420.032 33.346 386.685 373.86 62.8746 53.8138
internal_count=3357 2746 410 219 155 2336 223 127 191 126 611 562 149 413 2113 174 1939 1874 356 296
is_linear=0
shrinkage=0.08


Tree=133
num_leaves=19
num_cat=0
split_feature=0 32 21 0 35 0 28 2 8 29 7 8 9 12 13 24 12 8
split_gain=0.902509 4.61959 4.85857 3.44561 3.649 2.88826 2.87838 3.90176 2.33424 4.70097 3.41799 4.85248 2.08294 4.27064 2.57604 2.05315 2.59453 1.96955
threshold=51.166011013986214 9.146405805436686e-05 0.00015260791903670004 53.5356206529624 1.0000000180025095e-35 48.280163429318456 -0.91743494475174192 0.48636866882895324 0.00033219495995665004 0.32966600136872271 -4.5928594905300306e-05 -3.5682882221643566e-05 0.00035532828277380006 0.00025464689229970009 0.00016528452807185003 0.00074816693914850016 0.00031747782187485006 -5.7720226518145661e-05
decision_type=2 2 2 2 2 2 2 2 2 2 2 2 2 2 2 2 2 2
left_child=1 8 -3 4 17 -4 -5 -8 10 -10 15 -12 14 -14 -9 16 -1 -2
right_child=3 2 5 6 -6 -7 7 12 9 -11 11 -13 13 -15 -16 -17 -18 -19
leaf_value=0.009803144444991415 0.036452598653475769 -0.079750240473245665 -0.037769804380378531 -0.041877314473150247 0.066374662129107392 0.017312625205148587 -0.042689930111812838 0.024751887301512066 -0.055936881416815319 0.01215893946657522 -0.002454019462472251 0.059915929562399918 -0.037411013652349605 0.0038741369167099048 -0.0095133045757765534 0.032626433726170287 -0.0073383658966044985 -0.0089684555183241685
leaf_weight=81.389516703784466 10.546183742582798 9.3707671388983709 13.026812929660084 10.050016678869722 10.46759484708309 11.445082098245619 11.954372741281984 52.049444224685431 13.329912930727007 12.641276299953459 16.952993147075176 15.089371327310799 18.212506536394358 134.15758021175861 19.229656435549259 11.362006288021801 184.88547515124083 14.524628277868032
leaf_count=404 54 49 67 49 54 59 57 256 67 64 87 77 99 720 105 77 937 75
internal_value=4.17977e-06 -0.00259495 -0.0307658 0.0034195 0.0267022 -0.0120087 5.12179e-05 0.00183974 0.000245431 -0.0227918 0.00217744 0.0269172 0.00421992 -0.0010606 0.0155078 -0.0006778 -0.0020989 0.0101382
internal_weight=650.685 369.493 33.8427 281.192 35.5384 24.4719 245.654 235.604 335.651 25.9712 309.679 32.0424 223.649 152.37 71.2791 277.637 266.275 25.0708
internal_count=3357 1888 175 1469 183 126 1286 1237 1713 131 1582 164 1180 819 361 1418 1341 129
is_linear=0
shrinkage=0.08


Tree=134
num_leaves=9
num_cat=0
split_feature=14 2 14 3 8 6 6 21
split_gain=0.902251 3.39717 3.2034 2.47307 1.90073 1.78314 4.07511 1.70751
threshold=-0.0011339368188263497 0.035244426045172604 -0.0008664423774799499 0.0025910607164885001 -0.0020877882817587996 -0.00053698786130509989 -0.00047130540041869998 -0.00044204238078174996
decision_type=2 2 2 2 2 2 2 2
left_child=1 -1 3 -2 -4 -6 -7 -8
right_child=2 -3 4 -5 5 6 7 -9
leaf_value=-0.0090748429226089056 -0.0059718803100945296 0.050006167737720528 0.033963089861974709 -0.059128699409278507 -0.024858881785893138 0.04722374606097024 0.018195553642519832 -0.0013496064233387854
leaf_weight=15.526739217340948 12.298224516212942 10.40140690654516 10.674916997551916 10.286619212478398 18.045035645365715 11.792423006147144 30.236303552985191 530.73772667720914
leaf_count=85 57 55 65 55 90 59 146 2745
internal_value=3.52189e-06 0.0146263 -0.000604006 -0.030183 0.000506637 -9.78616e-05 0.000682236 -0.000296129
internal_weight=649.999 25.9281 624.071 22.5848 601.486 590.811 572.766 560.974
internal_count=3357 140 3217 112 3105 3040 2950 2891
is_linear=0
shrinkage=0.08


Tree=135
num_leaves=9
num_cat=0
split_feature=30 2 29 0 0 3 27 3
split_gain=0.824606 3.93504 2.35313 1.34973 4.3409 1.60577 3.78789 2.23896
threshold=2.2559569664113472 0.9418580461494731 0.20995484014598634 80.094963404112079 75.752326378237498 0.0038147495486365005 0.0026070963274274004 0.0031882441806346507
decision_type=2 2 2 2 2 2 2 2
left_child=1 3 -2 4 5 7 -7 -1
right_child=2 -3 -4 -5 -6 6 -8 -9
leaf_value=0.00016013232708453213 -0.0063591613952016313 -0.046529143371820285 0.038714702282985597 -0.025333127297360879 0.049216505513337054 0.057639387867567733 0.0027747659466766952 -0.018060206774112839
leaf_weight=483.66268169693649 17.356708921492103 11.726080872118471 12.93845998495817 12.908709868788717 11.626835793256758 9.9529020339250547 42.204600464552641 47.392696671187878
leaf_count=2443 87 65 69 72 62 53 253 253
internal_value=3.78511e-06 -0.000626458 0.012891 0.000259202 0.000814585 -0.000150348 0.0132443 -0.0014659
internal_weight=649.77 619.475 30.2952 607.748 594.84 583.213 52.1575 531.055
internal_count=3357 3201 156 3136 3064 3002 306 2696
is_linear=0
shrinkage=0.08


Tree=136
num_leaves=21
num_cat=0
split_feature=3 15 12 1 29 14 26 9 21 21 27 3 9 3 3 15 0 33 13 26
split_gain=0.80656 2.70426 3.52747 3.29986 2.35588 2.6603 1.37272 3.87576 3.68677 2.81919 2.58406 3.57088 6.28299 3.49561 2.76493 2.81625 1.98524 2.94936 2.10994 1.26758
threshold=0.0010508585833915003 0.00014422786459450003 0.00032770168571865006 0.14085665558559413 0.36757408887029841 -5.7713745110599402e-05 -3.7993998825464317e-06 0.00025658731071630004 -0.00022278601097664997 -7.2283715947555892e-05 0.0025890291564093504 0.0014209817841834501 0.00029155519523350008 0.0018128688645461502 0.0012249852374541504 -0.00072769359568119996 67.258465516457463 0.00055467523464310011 -0.00016829823045304997 -5.2457158472662826e-06
decision_type=2 2 2 2 2 2 2 2 2 2 2 2 2 2 2 2 2 2 2 2
left_child=1 2 4 -3 -1 -6 7 -2 -8 16 11 12 -10 -13 -12 -16 17 -9 -18 -11
right_child=6 3 -4 -5 5 -7 8 9 10 19 14 13 -14 -15 15 -17 18 -19 -20 -21
leaf_value=-0.0096961423834419653 -0.04862680626669965 -0.064135661850493672 -0.033561222230567928 -0.0026921444401800925 0.055213553816168791 0.0021754665660928866 0.053516184138196102 0.00095405908199550614 0.0081065293516990496 -0.061627652217789999 -0.037841124685252567 -0.020067651294366686 0.078231958365282836 0.027173368320435411 -0.042350744854127334 0.0025623092759557054 -0.004189862773217738 -0.04144381833262311 0.047237412330380722 -0.012795814756579435
leaf_weight=16.372217290103436 11.706913776695727 10.373914226889612 13.419834233820437 12.140768669545649 12.525623358786106 11.711751021444798 9.4396809414029104 169.86254200711846 21.557878464460373 6.6359815634787083 12.389954790472983 23.761401772499084 13.173987247049807 17.339982680976391 9.282421723008154 238.90139535814524 9.1564222946763056 11.192658696323631 11.541647046804426 6.9811849668621999
leaf_count=81 58 56 66 64 66 60 60 840 103 62 60 116 66 89 49 1248 49 62 60 42
internal_value=3.78319e-06 -0.00770919 0.0019976 -0.031003 0.0137484 0.029585 0.00103426 -0.00379841 0.00420731 -0.00136167 0.00282369 0.0158207 0.0347055 -0.00013746 -0.000958761 0.000882498 0.00101622 -0.00166694 0.024487 -0.0365928
internal_weight=649.468 76.5441 54.0294 22.5147 40.6096 24.2374 572.924 227.077 345.847 215.37 336.407 75.8333 34.7319 41.1014 260.574 248.184 201.753 181.055 20.6981 13.6172
internal_count=3357 393 273 120 207 126 2964 1173 1791 1115 1731 374 169 205 1357 1297 1011 902 109 104
is_linear=0
shrinkage=0.08


Tree=137
num_leaves=12
num_cat=0
split_feature=28 3 3 0 28 31 3 31 9 3 3
split_gain=1.0379 1.70672 1.73336 3.06013 5.7878 6.32867 1.35416 2.3749 1.71751 4.02403 3.3692
threshold=-0.94101266390785143 0.00077039921482650018 0.0010508585833915003 46.687355543694274 -0.88030871843696257 0.055164326866650411 0.0011592822142418504 0.064005639646349824 0.00026732416139305006 0.0013974952942379002 0.0012363539456697002
decision_type=2 2 2 2 2 2 2 2 2 2 2
left_child=-1 -2 3 -3 5 -5 7 -4 9 -8 -10
right_child=1 2 6 4 -6 -7 8 -9 10 -11 -12
leaf_value=-0.02871202071525358 0.025670384154234206 0.013562438166711653 -0.0015725536285098245 0.043089936849887017 -0.07047344847428344 -0.043249131080235606 0.010524525017360363 0.041271183828208588 -0.033877158314693498 -0.054740963111486511 0.002161701530938327
leaf_weight=7.9566435962915412 16.609164386987686 16.898900575935841 19.693383015692234 10.211596481502058 12.881483595818279 11.612204007804392 12.579863980412485 14.287989562377332 17.176493402570486 11.640857316553591 496.50927194580436
leaf_count=42 91 86 98 52 66 56 61 70 84 59 2592
internal_value=3.69121e-06 0.000360636 -0.000313589 -0.0143557 -0.0279497 -0.00285013 0.000953496 0.0164418 -2.49497e-05 -0.0208431 0.000956643
internal_weight=648.058 640.101 623.492 51.6042 34.7053 21.8238 571.888 33.9814 537.906 24.2207 513.686
internal_count=3357 3315 3224 260 174 108 2964 168 2796 120 2676
is_linear=0
shrinkage=0.08


Tree=138
num_leaves=22
num_cat=0
split_feature=24 9 26 2 10 29 25 24 9 16 0 24 3 8 3 12 12 27 27 9 32
split_gain=0.858217 3.74674 3.46737 5.07616 4.46058 3.38798 3.32518 4.25637 5.10395 3.70829 3.67293 3.30729 3.2094 4.56281 2.7009 2.67197 2.40662 3.27507 2.66174 3.90913 3.83371
threshold=0.00029646518920915002 0.00042798591645070008 8.2616536703189188e-06 0.76516679316381409 -0.00032920509201559995 0.10411692891613912 1.0000000180025095e-35 0.0002765260533724501 0.00042914559136395008 -0.00093986723684354992 29.49336803549539 0.00024558084236905007 0.0016281852557234002 -0.00025420393010914996 0.0012700948717899003 0.00037870931305055008 0.00027432357305250007 0.0025974713859753004 0.0026029693571445003 0.00053923785160325019 0.0010264045517365003
decision_type=2 2 2 2 2 2 2 2 2 2 2 2 2 2 2 2 2 2 2 2 2
left_child=6 2 4 -4 -2 -6 11 8 9 -8 -11 -1 13 -3 -7 -9 17 -14 20 -20 -18
right_child=1 12 3 -5 5 14 7 15 -10 10 -12 -13 16 -15 -16 -17 18 -19 19 -21 -22
leaf_value=-0.0017319829951872661 0.055505651409781816 0.0063544675065758584 0.086109018610199886 0.0088158227828415946 -0.037454427545817619 -0.031831398539392791 -0.042561304961829104 -0.059037963468741496 0.049692735209214314 0.042104392788605456 -0.0054348837891366178 0.057194288538509247 -0.061959650098467128 -0.055664320096996706 0.01519822686907314 -0.011385991905138974 0.0074437332980747195 0.0023670382693454189 -0.036204906567166871 0.0011082981711251754 0.059527446624151818
leaf_weight=13.956317506730558 10.935622356832026 14.13620024174452 9.8295735046267527 12.171380884945391 12.365405365824698 9.1461714878678304 15.954747393727301 14.825451590120794 11.295515611767767 11.181167103350161 149.12823675572872 10.823244877159594 9.0255346000194567 16.400364622473717 53.709288969635963 15.30601856485009 89.872496601194143 11.544785562902687 20.993081986904144 124.76324304565787 10.056828428059815
leaf_count=72 54 71 50 62 65 47 79 75 56 55 759 52 44 86 274 77 462 66 106 691 54
internal_value=2.24284e-06 0.00225609 0.0150033 0.0433488 0.00776494 0.00082439 -0.0037619 -0.00692268 -0.00243905 -0.00577981 -0.00211914 0.0240059 -0.00238925 -0.0269541 0.00835489 -0.034832 0.000428064 -0.0258573 0.00262883 -0.00426587 0.0126854
internal_weight=647.421 404.95 108.157 22.001 86.1565 75.2209 242.471 217.691 187.56 176.264 160.309 24.7796 296.793 30.5366 62.8555 30.1315 266.256 20.5703 245.686 145.756 99.9293
internal_count=3357 2132 552 112 440 386 1225 1101 949 893 814 124 1580 157 321 152 1423 110 1313 797 516
is_linear=0
shrinkage=0.08


Tree=139
num_leaves=8
num_cat=0
split_feature=8 16 32 16 22 31 0
split_gain=0.779166 2.35532 1.98827 1.69385 2.18321 1.21246 2.07827
threshold=0.0020189382302560504 0.0020571576437522503 0.0015649064252108503 0.0017568671231162501 0.00011772245625545002 0.40105064074076502 24.372700808829887
decision_type=2 2 2 2 2 2 2
left_child=2 -2 3 4 5 6 -1
right_child=1 -3 -4 -5 -6 -7 -8
leaf_value=0.0234180743456468 -0.045070709648538758 0.011912148637461458 0.035461287531592611 -0.029215846140718538 0.029342297760093877 -0.02066529925514916 -0.00066053663810277372
leaf_weight=23.946302149444818 9.1456007398664969 9.4282508194446546 10.229503031820057 12.527752362191675 16.346692698076367 18.128436479717493 546.63082098029554
leaf_count=130 54 50 55 68 93 96 2811
internal_value=2.44597e-06 -0.0161457 0.000480192 -9.92298e-05 0.000503637 -0.000297131 0.000350008
internal_weight=646.383 18.5739 627.81 617.58 605.052 588.706 570.577
internal_count=3357 104 3253 3198 3130 3037 2941
is_linear=0
shrinkage=0.08


Tree=140
num_leaves=23
num_cat=0
split_feature=29 26 1 24 8 29 1 22 2 9 24 2 37 28 28 24 3 21 24 28 14 29
split_gain=0.75765 2.32483 2.25747 3.12813 2.39968 3.97524 2.84279 4.54245 4.16765 3.30566 2.81772 3.42309 3.07034 2.722 3.11275 2.62157 1.57394 3.48786 3.59474 2.93557 2.93236 2.45968
threshold=0.12117943394028151 -2.2830812389645796e-05 -3.01825384606127 0.00042848063714385007 -0.00070816840885159994 0.29909752518403915 -0.91804914895465106 -5.1917723041062953e-05 0.039983686936116362 0.00055225236817110009 0.00040908323440890009 0.37393291696613312 1.0000000180025095e-35 -0.83007100674679801 -0.79914691714298092 0.00025263115401095006 0.0016152980730588001 5.6350966828836928e-05 0.00045098088012440009 -0.82016627577485335 0.00010690558087385002 0.020246589024872703
decision_type=2 2 2 2 2 2 2 2 2 2 2 2 2 2 2 2 2 2 2 2 2 2
left_child=1 -1 3 -2 5 10 9 -8 -9 15 12 -12 -4 -7 -15 -6 -3 18 19 -18 -19 -22
right_child=2 16 4 -5 6 13 7 8 -10 -11 11 -13 -14 14 -16 -17 17 20 -20 -21 21 -23
leaf_value=-0.042263080471070642 0.061153162283320017 -0.02878952698372458 -0.017199142225133544 -0.00079387020317971601 0.04044526757840225 -0.028791442464786852 -0.055932605790711173 0.051047847170010305 0.00061566388324301249 0.061095914866792819 0.016582514336861635 -0.043586695626173518 -0.070139936275680534 0.060487397056570684 0.0030357131657518638 -0.0094250629302085557 0.017137548660048851 -0.046536633887576312 0.058610968191763466 -0.027188270139109641 0.026933591527899346 -0.015911784158895551
leaf_weight=10.080538369715212 9.4768259078264254 12.929516430944203 14.477810822427273 11.606418326497076 10.765094183385374 9.3026409447193128 8.8262681700289232 10.822865329682825 338.0473559461534 10.792824942618607 15.992318645119669 9.7349067442119104 13.594369895756245 8.8193816393613798 19.121264219284061 18.070180546492338 36.072882888838642 13.307644534856079 9.7319193147122842 13.011229854077106 12.124333154410122 29.295480947941542
leaf_count=57 52 61 72 66 51 44 48 52 1749 56 80 53 68 43 104 91 182 67 62 74 67 158
internal_value=2.27024e-06 -0.00528956 0.0014207 0.027051 0.000314213 -0.0114008 0.00299859 0.000746251 0.0021802 0.023329 -0.0253095 -0.00618487 -0.0428365 0.00869074 0.0211702 0.00919306 -0.00234259 0.000669001 0.0141942 0.00538765 -0.0138666 -0.00337016
internal_weight=646.004 136.554 509.451 21.0832 488.367 91.0427 397.325 357.696 348.87 39.6281 53.7994 25.7272 28.0722 37.2433 27.9406 28.8353 126.473 113.543 58.816 49.0841 54.7275 41.4198
internal_count=3357 728 2629 118 2511 464 2047 1849 1801 198 273 133 140 191 147 142 671 610 318 256 292 225
is_linear=0
shrinkage=0.08


Tree=141
num_leaves=13
num_cat=0
split_feature=21 26 21 21 26 15 9 8 13 3 31 15
split_gain=0.778022 1.55053 2.94288 2.15587 3.14534 2.70649 3.43277 2.45928 2.2034 2.12918 3.28677 1.5355
threshold=-0.0010147796075913997 -2.0905183432319631e-05 -0.00063950370509294988 -0.00043276687015259994 -1.375152274660553e-05 -0.00073940281334719993 0.0005672489314893001 -0.0017449114623358498 -0.00010193480775805 0.0027420644487430004 0.072968354763431012 -0.00042304316722449994
decision_type=2 2 2 2 2 2 2 2 2 2 2 2
left_child=-1 2 -2 8 11 6 -6 -7 9 10 -3 -5
right_child=1 3 -4 4 5 7 -8 -9 -10 -11 -12 -13
leaf_value=0.022917307168242505 0.0010391864681468599 0.017951655937065353 -0.049363834350091722 -0.010162788966350447 -0.0012230706064955681 0.038810511995615575 -0.055961392823337557 0.00080046850636012173 0.044892522167857267 0.035439835912626172 -0.03690319049708287 -0.055485852210760335
leaf_weight=9.3452719487249833 20.117216721177105 16.752652894705538 11.740492783486841 9.5868756547570246 18.57732925564051 11.142026148736475 12.113403305411337 489.57188268937171 12.783311441540716 11.783400990068911 11.996778450906275 9.5492399893701059
leaf_count=56 95 80 64 50 89 72 69 2541 63 64 58 56
internal_value=2.24291e-06 -0.000334618 -0.0175358 0.000572865 -0.000914677 0.000232799 -0.0228279 0.00164628 0.0159332 0.00679993 -0.00493859 -0.0327798
internal_weight=645.06 635.715 31.8577 603.857 550.541 531.405 30.6907 500.714 53.3161 40.5328 28.7494 19.1361
internal_count=3357 3301 159 3142 2877 2771 158 2613 265 202 138 106
is_linear=0
shrinkage=0.08


Tree=142
num_leaves=20
num_cat=0
split_feature=6 6 32 32 0 2 0 8 15 9 3 3 6 15 8 32 15 8 27
split_gain=0.792385 7.58478 3.51167 3.3972 3.30861 3.80799 2.80354 2.32446 2.19677 5.34196 3.18232 5.06037 3.18735 3.01096 4.00791 2.90919 2.30131 6.42488 3.40804
threshold=0.00016931010307295004 0.00014248722660945004 -0.00013816901236399999 7.6674664150127558e-05 50.475445182359309 0.71326524597002394 63.122105805336332 -3.5682882221643566e-05 6.1826151957964902e-05 0.00055225236817110009 0.0017019451266696002 0.00089203411070310011 7.8294954427364012e-05 -0.00010374351849719999 0.00024488685133320005 -0.00032977988267949995 -0.00017678485805589997 -0.00023191547855369997 0.0025851234033024504
decision_type=2 2 2 2 2 2 2 2 2 2 2 2 2 2 2 2 2 2 2
left_child=1 8 -2 -4 7 -6 -7 -5 13 10 11 -10 -12 16 15 -15 18 -18 -1
right_child=2 -3 3 4 5 6 -8 -9 9 -11 12 -13 -14 14 -16 -17 17 -19 -20
leaf_value=0.042778040266025837 -0.044204760160305445 0.053105993336162581 0.039058073560838888 -0.060448849577340827 0.038076495471852788 -0.021029628886860465 0.003839185145095389 -0.0081320730798144659 -0.053984177981126015 0.027850230558505648 -0.02036645293062533 0.0058715016596363103 -0.08027603599580535 0.0021680276093104492 -0.012396625231622771 0.048065607186663535 0.019546519320272307 -0.060403734073713029 -0.00051095429692717435
leaf_weight=12.211441211402414 13.143313329666851 17.742233561351895 12.387224420905111 10.534203648567201 15.060923203825949 43.386714374646544 87.565743923187256 11.228957161307333 12.145481050014494 17.667580045759678 13.540803179144861 35.34985944069922 9.7946595698595029 13.080633983016012 17.797026969492435 27.252463042736053 11.949597783386709 13.934076115489004 248.44927255064249
leaf_count=63 73 91 65 53 75 239 477 58 66 99 74 185 51 73 91 136 61 68 1259
internal_value=1.63699e-06 0.00183867 -0.00428349 -0.00137115 -0.00435611 -1.88902e-05 -0.00440026 -0.0334554 -0.000261178 -0.0115043 -0.0213207 -0.00943476 -0.0455125 0.00262561 0.0192266 0.0331803 -0.00074216 -0.0234935 0.00151705
internal_weight=644.222 450.915 193.307 180.164 167.777 146.013 130.952 21.7632 433.173 88.4984 70.8308 47.4953 23.3355 344.675 58.1301 40.3331 286.544 25.8837 260.661
internal_count=3357 2317 1040 967 902 791 716 111 2226 475 376 251 125 1751 300 209 1451 129 1322
is_linear=0
shrinkage=0.08


Tree=143
num_leaves=25
num_cat=0
split_feature=24 28 9 10 36 16 22 3 1 29 28 32 16 16 24 27 27 22 36 3 29 29 9 9
split_gain=0.785469 3.48305 3.00764 3.87841 4.37192 6.50835 6.18287 2.7741 5.4473 2.73485 3.3593 4.96748 4.39723 4.30258 5.64725 3.6166 4.18049 5.56978 3.05533 2.60015 2.10917 2.42494 2.9055 1.39379
threshold=0.00029646518920915002 -0.83456105547804726 0.00030453535258270005 -0.00032920509201559995 1.0000000180025095e-35 -0.00024233556916414996 -6.6644654584978065e-06 0.0016281852557234002 -0.10434045519195929 0.49951997813223897 -0.87455449797527984 -0.00052485792750564986 -0.00097125014575239995 0.00088434125537985005 0.00025368449446870004 0.0025892925487295505 0.0025861958630451504 -6.5476801888302199e-07 1.0000000180025095e-35 0.0013246087424519503 0.44997660360999048 0.38995549139954516 0.00053923785160325019 0.0002961737732819001
decision_type=2 2 2 2 2 2 2 2 2 2 2 2 2 2 2 2 2 2 2 2 2 2 2 2
left_child=9 2 -2 -4 6 -6 -5 8 -3 10 15 12 -12 14 -13 16 19 -18 23 -1 21 22 -9 -11
right_child=1 7 3 4 5 -7 -8 20 -10 18 11 13 -14 -15 -16 -17 17 -19 -20 -21 -22 -23 -24 -25
leaf_value=-0.00089954735250012327 -0.026885766004647992 0.0066895511475591283 0.067966074105797344 0.058415258979017053 -0.067765999246886366 0.01308657486014413 0.0055627937262974006 -0.010773600442491161 -0.06131983568100953 0.012821931478469507 -0.023899902296018207 -0.022180893005113517 0.043049082450624832 0.0012957548940215017 -0.083880650994944669 -0.040772771983373056 0.0033146746180135636 0.058474971547699796 -0.007913142503995307 -0.043539093140630807 0.030573816876034991 -0.035879570247198872 0.0074401569358206821 0.056322652077643545
leaf_weight=48.589944511651993 10.262565232813357 16.011522531509403 9.2396359890699369 23.182508669793606 9.1061049401760119 21.220287226140499 36.42085837572813 91.58353766053915 14.241768021136521 8.0555076375603694 12.56019849330187 22.967861976474524 12.554696857929228 16.238061830401421 16.183756336569786 11.963221563026307 34.520633049309254 17.734267361462116 17.355812437832355 11.277017705142496 13.908704072237013 12.429764287546275 144.48489700630307 11.363862797617911
leaf_count=243 53 81 47 114 44 114 190 476 75 45 62 117 60 84 86 61 168 90 89 57 72 68 798 63
internal_value=3.07824e-07 0.00216586 0.0143422 0.0186087 0.0135376 -0.011191 0.0261196 -0.00238714 -0.0253259 -0.00360731 -0.00721771 -0.0199446 0.00956726 -0.0333259 -0.0476852 0.0010393 0.00550058 0.022035 0.0164783 -0.00893147 0.000257514 -0.00143932 0.000374069 0.0382778
internal_weight=643.457 402.092 109.432 99.1694 89.9298 30.3264 59.6034 292.66 30.2533 241.365 204.59 80.5046 25.1149 55.3897 39.1516 124.085 112.122 52.2549 36.7752 59.867 262.407 248.498 236.068 19.4194
internal_count=3357 2132 562 509 462 158 304 1570 156 1225 1028 409 122 287 203 619 558 258 197 300 1414 1342 1274 108
is_linear=0
shrinkage=0.08


Tree=144
num_leaves=13
num_cat=0
split_feature=15 24 33 27 15 15 15 26 21 21 10 21
split_gain=0.728376 2.36966 2.55089 2.14985 1.699 3.77019 2.7322 1.81499 4.46265 3.17207 2.87082 1.57494
threshold=-0.0011558696586517999 0.00045911102331095007 -0.0011591360882024497 0.0026048652811453007 -0.00086573246965734993 -0.00077325959292694993 -0.00096458475859859995 -1.472341730079535e-05 -0.00041500322142719992 -0.00054158374163554995 -0.00021458896937544999 -0.00010091562619864999
decision_type=2 2 2 2 2 2 2 2 2 2 2 2
left_child=1 3 -3 -1 6 -6 -2 9 -9 -7 -11 -10
right_child=4 2 -4 -5 5 7 -8 8 11 10 -12 -13
leaf_value=-0.0052752368818397592 -0.0014143758251243413 0.038906598267741385 -0.019262101732184619 -0.052503458121347935 -0.042417475425614734 0.010421374565406365 0.044765015041874044 0.0549233659308761 0.0084227827113873451 -0.069274167753023641 -0.01009429343772713 -0.0017634130065735838
leaf_weight=13.953885808587076 19.280912518501282 10.106832168996336 9.2325307428836805 11.056188516318796 13.286231167614458 16.124670043587685 14.267031531780956 9.9792568832635862 131.49816820211709 9.5183065049350279 11.688183613121508 371.84878507256508
leaf_count=67 98 62 49 60 67 78 70 48 668 57 59 1974
internal_value=-3.92979e-07 -0.0098922 0.0111371 -0.0261534 0.000733837 -0.000306648 0.0182245 0.0007094 0.00194799 -0.0163219 -0.0366565 0.000897706
internal_weight=641.841 44.3494 19.3394 25.0101 597.492 563.944 33.5479 550.657 513.326 37.3312 21.2065 503.347
internal_count=3357 238 111 127 3119 2951 168 2884 2690 194 116 2642
is_linear=0
shrinkage=0.08


Tree=145
num_leaves=21
num_cat=0
split_feature=26 27 3 21 12 33 16 15 8 15 12 9 7 7 3 12 29 3 1 9
split_gain=0.759382 2.19582 2.2133 1.88736 2.79512 3.87237 2.14451 1.91258 2.11152 2.10448 4.32035 4.41161 2.02205 6.10315 3.20058 2.00071 1.53952 2.96304 1.9616 3.05784
threshold=1.3282014396285182e-05 0.0026190676981348504 0.0039388234294661503 0.00030218888353805007 0.00046292400917575003 0.00014456187448800003 0.00083114354899110009 0.0005812763217893001 0.0012895659997316502 0.00028160760492820005 0.00049848296489820004 0.00034398557840375007 0.00016750702124895001 0.00010820648050950001 0.0010673182185722502 0.00032110522465895005 0.3940201212528231 0.0018128688645461502 1.5744323422186428 0.00053923785160325019
decision_type=2 2 2 2 2 2 2 2 2 2 2 2 2 2 2 2 2 2 2 2
left_child=3 16 -3 7 5 -5 -7 9 15 12 11 -11 13 -1 -14 -9 17 -2 19 -19
right_child=1 2 -4 4 -6 6 -8 8 -10 10 -12 -13 14 -15 -16 -17 -18 18 -20 -21
leaf_value=0.00050229432700738712 -0.0269114660451804 -0.047575869022318237 0.0039577304106880309 0.039708221317170583 -0.042728157342649981 -0.049388136038776904 0.0033465099084726497 0.0093609094059943533 -0.0099837812432894673 -0.00067746347414660523 0.025660265658886121 -0.054642488286110867 0.056182803889009432 -0.051500686104336946 0.0064665618986690064 0.059534237152039496 0.038990313387252944 -0.015120622190010551 0.047127000408613826 0.028684916299597241
leaf_weight=319.55041186884046 12.532622598111628 8.5370971113443392 14.215313229709862 9.6631463654339331 16.756009435281157 9.5326949022710341 10.233452957123516 10.130488153547054 10.242919597774742 18.284962851554155 11.973728630691765 20.637618251144886 9.39986953884363 15.12743356078863 70.016709694638848 10.215824410319327 12.195939674973486 18.891279861330986 10.602377239614723 22.163524448871613
leaf_count=1628 63 46 93 46 90 49 52 54 58 96 72 127 47 78 360 54 67 100 58 119
internal_value=-6.82617e-07 0.00643669 -0.0153786 -0.00117866 -0.016646 -0.00179581 -0.022086 0.00026281 0.0196396 -0.00101188 -0.0163633 -0.0292909 0.000874954 -0.00184824 0.0123511 0.0345528 0.0129346 0.0079841 0.0164502 0.00852789
internal_weight=640.903 99.1382 22.7524 541.765 46.1853 29.4293 19.7661 495.58 30.5892 464.991 50.8963 38.9226 414.094 334.678 79.4166 20.3463 76.3857 64.1898 51.6572 41.0548
internal_count=3357 546 139 2811 237 147 101 2574 166 2408 295 223 2113 1706 407 108 407 340 277 219
is_linear=0
shrinkage=0.08


Tree=146
num_leaves=12
num_cat=0
split_feature=8 15 15 29 15 15 8 29 6 26 29
split_gain=0.751799 2.00779 4.62465 1.73997 1.5029 2.81681 3.09331 2.70778 3.44707 1.69498 1.28262
threshold=0.0020189382302560504 0.0011556130648624002 0.00097923039269935002 0.05446078011194886 0.0005812763217893001 0.00029200806298330007 0.00092422173945675009 0.36019582444127712 0.00027686490747530008 1.2772627754466255e-05 0.25333920900601536
decision_type=2 2 2 2 2 2 2 2 2 2 2
left_child=1 2 4 -2 5 9 -7 8 -6 -1 -3
right_child=3 10 -4 -5 7 6 -8 -9 -10 -11 -12
leaf_value=0.00062751322552481617 0.009314934197730794 0.0075461431917659043 -0.045239105198822231 -0.040019123383305558 -0.027504651804434788 -0.0085749341607788149 -0.055347848036089373 0.043450648848415083 0.017984257801382748 0.02623817049873221 0.043338798467930886
leaf_weight=425.67127671092749 8.9245403222739714 15.917060133069755 14.424396641552446 9.3887511640787107 15.664727464318274 64.1607267819345 10.535177070647476 13.905215818434952 33.380504727363586 17.207296144217253 10.724840946495531
leaf_count=2169 51 90 76 53 82 352 65 73 180 108 58
internal_value=-1.93846e-06 0.000468729 -0.000493414 -0.0159774 0.000618389 -0.000801181 -0.0151718 0.01229 0.0034554 0.00162257 0.0219547
internal_weight=639.905 621.591 594.949 18.3133 580.525 517.574 74.6959 62.9504 49.0452 442.879 26.6419
internal_count=3357 3253 3105 104 3029 2694 417 335 262 2277 148
is_linear=0
shrinkage=0.08


Tree=147
num_leaves=24
num_cat=0
split_feature=0 32 21 0 35 33 9 33 27 31 0 36 8 22 9 26 26 1 15 5 24 27 36
split_gain=0.739673 3.61412 3.95894 2.83241 3.0285 2.77204 3.3214 2.20382 4.19003 3.62927 2.14545 1.95719 5.64155 4.91324 4.57805 4.5477 4.18363 3.96545 6.60377 8.35521 3.45366 4.55285 1.69178
threshold=51.166011013986214 9.146405805436686e-05 0.00015260791903670004 53.5356206529624 1.0000000180025095e-35 4.0402368932413757e-05 0.00021342223577590003 0.00052591193127940006 0.0025872538390076505 0.082059100698955625 48.280163429318456 1.0000000180025095e-35 -0.0010362009521436997 8.1639174359375277e-07 0.00078553210902290011 -1.2481296989807865e-05 -4.623587073071582e-06 -0.80346735046214224 -0.00060986633461159996 1.0000000180025095e-35 0.00019606927087765003 0.0025971800896876004 1.0000000180025095e-35
decision_type=2 2 2 2 2 2 2 2 2 2 2 2 2 2 2 2 2 2 2 2 2 2 2
left_child=1 11 -3 4 22 -5 -7 9 -9 -8 -4 17 14 16 15 -13 -14 20 -19 -20 -1 -22 -2
right_child=3 2 10 5 -6 6 7 8 -10 -11 -12 12 13 -15 -16 -17 -18 18 19 -21 21 -23 -24
leaf_value=0.038471089967854186 -0.016102707132788739 -0.072843837145596585 -0.033108917931290047 -0.030824268474447782 0.061221300409415952 -0.045134786974372024 -0.00055659128159665913 -0.046714744477279524 0.0027109436069952149 0.0345989274089466 0.014848417108086574 -0.0072029484815326929 -0.048982569018711342 0.027122201272284228 -0.022636645811931814 0.053826216258758122 -0.011371133662874702 0.066679951205426941 -0.018986624235001234 0.038214325293909675 -0.026817900559518392 0.0076270051480711743 0.026642679078633841
leaf_weight=10.787975385785101 9.9749204814434052 9.0073970258235914 12.740732718259098 17.283959217369556 10.158541679382322 9.018454506993292 41.418165542185307 12.014751918613909 127.11524668708444 34.405216988176107 11.234598375856875 12.352328859269617 30.916595118120313 12.978015277534722 14.298168078064917 21.271103583276272 48.808912456035614 15.056195378303526 34.728679247200489 30.870144091546535 48.051664054393768 50.233326978981495 14.598017431795597
leaf_count=57 53 49 67 87 54 45 219 61 700 174 59 65 158 62 84 113 246 72 182 155 243 276 76
internal_value=-2.18507e-06 -0.00237378 -0.027625 0.00312 0.02448 4.49954e-05 0.00242718 0.00442267 -0.00155728 0.0153954 -0.0106366 0.000147329 -0.00700506 -0.0185257 0.0152814 0.0314058 -0.0259564 0.00544863 0.0188984 0.00793157 -0.0044969 -0.00921316 0.009291
internal_weight=639.323 363.336 32.9827 275.987 34.7315 241.256 223.972 214.953 139.13 75.8234 23.9753 330.353 140.625 92.7035 47.9216 33.6234 79.7255 189.728 80.655 65.5988 109.073 98.285 24.5729
internal_count=3357 1888 175 1469 183 1286 1199 1154 761 393 126 1713 728 466 262 178 404 985 409 337 576 519 129
is_linear=0
shrinkage=0.08


Tree=148
num_leaves=12
num_cat=0
split_feature=1 3 24 3 7 38 10 10 1 1 9
split_gain=0.710656 1.74262 1.22721 3.21364 4.13106 3.20934 2.03219 2.61532 1.61075 3.46243 1.58086
threshold=-4.3724845504420946 0.0057258371057201515 0.00056467378038040008 0.0044872940452720016 0.00060262325883705004 1.0000000180025095e-35 -0.00054546638153004994 -0.00065745918371434993 2.9467378574563559 2.2714702821622272 0.00045653934859055004
decision_type=2 2 2 2 2 2 2 2 2 2 2
left_child=-1 2 6 4 5 -4 7 -2 9 -8 -10
right_child=1 -3 3 -5 -6 -7 8 -9 10 -11 -12
leaf_value=0.019846662830227641 -0.00017504955430444461 -0.030110308063562519 0.037281955543117737 0.054968291895623571 -0.035153228262910646 -0.0047768701071104706 -0.00037009011533672677 -0.049358511892425121 -0.046568848145076232 0.033304730961339797 -0.0020467162589696782
leaf_weight=11.340055167675017 15.581092201173307 12.352879628539084 21.860762314870954 8.9623424634337407 13.610415849834679 24.765467066317797 475.89062812365592 12.446856059134005 9.1643676199018973 20.377954229712486 11.520579155534504
leaf_count=84 80 68 124 58 79 129 2448 64 49 111 63
internal_value=-1.34964e-06 -0.000360592 0.000237757 0.0102733 0.00362338 0.0149425 -0.00103651 -0.0220168 0.000100989 0.00101268 -0.021772
internal_weight=637.873 626.533 614.18 69.199 60.2366 46.6262 544.981 28.0279 516.954 496.269 20.6849
internal_count=3357 3273 3205 390 332 253 2815 144 2671 2559 112
is_linear=0
shrinkage=0.08


Tree=149
num_leaves=14
num_cat=0
split_feature=6 33 12 20 6 17 22 22 7 10 7 3 2
split_gain=0.695489 3.16688 5.99453 2.87133 3.8583 2.32418 2.23927 3.78112 2.78474 9.94057 3.71231 1.45646 0.745815
threshold=-0.00056401135385124996 -0.00094815112858199992 0.00066488980006525016 1.0000000180025095e-35 -0.00076940316003164992 1.0000000180025095e-35 -0.00012001104521579999 -9.8258831896018902e-05 -0.00052783802501129987 -0.00018130098578039998 -0.00047754836351259991 0.0030446868058396008 -0.060784617321328442
decision_type=2 2 2 2 2 2 2 2 2 2 2 2 2
left_child=3 2 11 4 12 -6 -3 -8 9 -9 -10 -2 -1
right_child=1 6 -4 -5 5 -7 7 8 10 -11 -12 -13 -14
leaf_value=0.043995733269610086 0.074772134852883629 -0.038548657486836627 -0.023507813619469329 -0.040271436080373139 0.0061475625530869309 -0.046265194336263672 0.047458576592094362 0.023240197393171898 0.046768962668161364 -0.057300281117079584 -0.00023423962847487435 0.031299297447166592 0.012332635040423928
leaf_weight=9.6021089851856249 9.345934305340057 9.759317994117735 10.265887282788752 13.738550782203673 10.434897743165497 11.2549261264503 10.585845984518526 17.76661079376936 10.999598011374472 21.893161669373512 481.5758665855974 10.443864244967697 9.4434693977236694
leaf_count=50 45 55 60 76 54 60 58 90 55 114 2530 56 54
internal_value=-4.93942e-07 0.000807715 0.0260973 -0.00864484 0.00202165 -0.0210496 -0.000567824 0.000115029 -0.000826607 -0.0212201 0.000815379 0.0518298 0.0282961
internal_weight=637.11 582.636 30.0557 54.474 40.7354 21.6898 552.58 542.821 532.235 39.6598 492.575 19.7898 19.0456
internal_count=3357 3063 161 294 218 114 2902 2847 2789 204 2585 101 104
is_linear=0
shrinkage=0.08


end of trees

feature_importances:
Column_26=284
Column_21=219
Column_24=185
Column_3=167
Column_15=127
Column_0=115
Column_8=115
Column_27=115
Column_29=104
Column_1=94
Column_9=88
Column_16=85
Column_10=80
Column_14=76
Column_12=73
Column_22=64
Column_28=60
Column_33=58
Column_32=57
Column_31=53
Column_6=46
Column_7=39
Column_2=31
Column_30=28
Column_36=24
Column_40=22
Column_37=15
Column_25=12
Column_13=11
Column_20=11
Column_35=11
Column_38=10
Column_5=6
Column_39=4
Column_19=3
Column_4=2
Column_17=2
Column_18=1
Column_34=1

parameters:
[boosting: gbdt]
[objective: binary]
[metric: binary_logloss]
[tree_learner: serial]
[device_type: cpu]
[data_sample_strategy: bagging]
[data: ]
[valid: ]
[num_iterations: 150]
[learning_rate: 0.08]
[num_leaves: 31]
[num_threads: 1]
[seed: 42]
[deterministic: 0]
[force_col_wise: 0]
[force_row_wise: 0]
[histogram_pool_size: -1]
[max_depth: 6]
[min_data_in_leaf: 50]
[min_sum_hessian_in_leaf: 0.001]
[bagging_fraction: 0.8]
[pos_bagging_fraction: 1]
[neg_bagging_fraction: 1]
[bagging_freq: 0]
[bagging_seed: 400]
[bagging_by_query: 0]
[feature_fraction: 0.8]
[feature_fraction_bynode: 1]
[feature_fraction_seed: 30056]
[extra_trees: 0]
[extra_seed: 12879]
[early_stopping_round: 0]
[early_stopping_min_delta: 0]
[first_metric_only: 0]
[max_delta_step: 0]
[lambda_l1: 0]
[lambda_l2: 0]
[linear_lambda: 0]
[min_gain_to_split: 0]
[drop_rate: 0.1]
[max_drop: 50]
[skip_drop: 0.5]
[xgboost_dart_mode: 0]
[uniform_drop: 0]
[drop_seed: 17869]
[top_rate: 0.2]
[other_rate: 0.1]
[min_data_per_group: 100]
[max_cat_threshold: 32]
[cat_l2: 10]
[cat_smooth: 10]
[max_cat_to_onehot: 4]
[top_k: 20]
[monotone_constraints: ]
[monotone_constraints_method: basic]
[monotone_penalty: 0]
[feature_contri: ]
[forcedsplits_filename: ]
[refit_decay_rate: 0.9]
[cegb_tradeoff: 1]
[cegb_penalty_split: 0]
[cegb_penalty_feature_lazy: ]
[cegb_penalty_feature_coupled: ]
[path_smooth: 0]
[interaction_constraints: ]
[verbosity: -1]
[saved_feature_importance_type: 0]
[use_quantized_grad: 0]
[num_grad_quant_bins: 4]
[quant_train_renew_leaf: 0]
[stochastic_rounding: 1]
[linear_tree: 0]
[max_bin: 255]
[max_bin_by_feature: ]
[min_data_in_bin: 3]
[bin_construct_sample_cnt: 200000]
[data_random_seed: 175]
[is_enable_sparse: 1]
[enable_bundle: 1]
[use_missing: 1]
[zero_as_missing: 0]
[feature_pre_filter: 1]
[pre_partition: 0]
[two_round: 0]
[header: 0]
[label_column: ]
[weight_column: ]
[group_column: ]
[ignore_column: ]
[categorical_feature: ]
[forcedbins_filename: ]
[precise_float_parser: 0]
[parser_config_file: ]
[objective_seed: 16083]
[num_class: 1]
[is_unbalance: 0]
[scale_pos_weight: 1]
[sigmoid: 1]
[boost_from_average: 1]
[reg_sqrt: 0]
[alpha: 0.9]
[fair_c: 1]
[poisson_max_delta_step: 0.7]
[tweedie_variance_power: 1.5]
[lambdarank_truncation_level: 30]
[lambdarank_norm: 1]
[label_gain: ]
[lambdarank_position_bias_regularization: 0]
[eval_at: ]
[multi_error_top_k: 1]
[auc_mu_weights: ]
[num_machines: 1]
[local_listen_port: 12400]
[time_out: 120]
[machine_list_filename: ]
[machines: ]
[gpu_platform_id: -1]
[gpu_device_id: -1]
[gpu_use_dp: 0]
[num_gpu: 1]

end of parameters

pandas_categorical:null
