tree
version=v4
num_class=1
num_tree_per_iteration=1
label_index=0
max_feature_idx=61
objective=binary sigmoid:1
feature_names=Column_0 Column_1 Column_2 Column_3 Column_4 Column_5 Column_6 Column_7 Column_8 Column_9 Column_10 Column_11 Column_12 Column_13 Column_14 Column_15 Column_16 Column_17 Column_18 Column_19 Column_20 Column_21 Column_22 Column_23 Column_24 Column_25 Column_26 Column_27 Column_28 Column_29 Column_30 Column_31 Column_32 Column_33 Column_34 Column_35 Column_36 Column_37 Column_38 Column_39 Column_40 Column_41 Column_42 Column_43 Column_44 Column_45 Column_46 Column_47 Column_48 Column_49 Column_50 Column_51 Column_52 Column_53 Column_54 Column_55 Column_56 Column_57 Column_58 Column_59 Column_60 Column_61
feature_infos=[3.3288613114018091:95.696904632906154] [-62.914956773340244:64.162435837322846] [-0.4434638057638251:1.4074432296852362] [0.00030760149381990002:0.0034738686050138998] [0:1] [0:1] [-0.0011331782481577:0.00093741988295959996] [-0.0013766190847419001:0.0014429747735366001] [-0.0017994461784436001:0.0020738081584419999] [0.00015381164795263117:0.00035701529896436934] [-0.0014618933775547001:0.001096124999769] [-1:1] [-0.0014618933775547001:0.001096124999769] [-0.0015158184628391001:0.0014182580271105999] [-0.0015820228937648:0.0016399886149549999] [-0.0019116297979693:0.0017012070364919999] [0:1] [0:1] [-1:1] [-8.8464968781919424:7.5386800211944633] [0.0025798758544671998:0.0026257677255524] [-0.0016336577450031:0.0016928144367449999] [-3:3] [-0.9520289558571684:10] [0:0.599999999999] [0.20000000000000001:1] none [-5.0523933106598724:5.2061853154182929] none [0:13.552182769238534] [-2.887654989043642:2.9056548522302039] [-2.9375023453267621:3.0960283612980812] [-2.5496508082283538:2.3152900034754618] [-21.495136334541339:23.518391641691494] none [-0.84206555177664544:0.86769755256971548] [-0.96255166301454731:0.96855161741006801] [-0.97916744844225401:1.0320094537660272] [-0.17560659512206375:4.8432349889947455] [-0.16718165824642814:5.3728324635695444] [-5.0523933106598689:5.2061853154182929] [-0.00011752389578626085:0.38104233970479412] [0:2.0518585349010667] [0:1] [0.013968044612846038:86.303797739149431] [0.10000000000000001:0.90000000000000002] [-0.23387576450745698:0.17403906542756808] [-0.41235571499846563:0.32933691938292281] [-0.69097179442023715:0.22022612841749767] [-0.50045979747237745:0.54074680143964415] [-0.10100095364972364:0.22209105644888386] [-0.14323838986440141:0.12368669636534947] [-0.77813897885774375:0.29231562352201357] [-0.35131904731467972:0.11127552109878561] [-0.13069882063878938:0.28489264863734076] [-0.43085874901019794:0.47377270829784401] [-0.15687263413646096:0.32220711589732681] [-0.30041392382136722:0.54026142938962995] [-0.38166743873852194:0.28749069679128053] [-0.27827645838319048:0.77246104521298409] [-0.35040502692730779:0.85953487517573224] [0.46501727329977349:0.53703250817269488]
tree_sizes=1690 1737 1730 1735 1726 1729 1743 1732 1750 1734 1750 1749 1743 1751 1742 1735 1737 1636 1426 1738 1641 1738 1740 1523 1750 1413 1739 1747 1420 1216 1435 1219 1307 1531 1641 1526 1220 1426 1751 1217 1632 1212 1207 1214 1755 998 1104 1635 1210 1631 1205 1207 1216 1636 1219 1734 1213 1751 1418 1111 1529 1648 1745 1537 893 1635 1754 1530 899 1216 1751 1098 1309 1750 1102 1644 1430 1636 1208 1221 1309 1328 1225 1096 1220 894 1314 1224 1428 1098 1425 1108 1426 1431 1220 1419 1427 1212 1227 1763 1426 1234 1743 1115 1320 1005 1210 1437 1209 1113 1318 1232 1107 1755 1646 1317 1213 1519 1210 1537 1764 1425 1737 1106 1206 1324 1642 1423 1747 1750 1213 1424 1122 1221 1323 1105 1003 1431 1231 1223 1001 1321 1104 1428 1548 1115 1646 999 1231 1433 1749 1543 1005 1337 1743 1106 1315 1433 1419 1231 1528 1218 1309 1533 805 807 805 1006 1432 1754 806 1112 1012 1547 1210 1231 1101 1442 1104 1331 1643 1538 1007 1536 1100 1424 1111 1750 1116 1011 1116 1113 1309 1326 1742 1768 1439 1427 1417 1437 998 1650 1339 1111 1107 1647 1209 1323 1316 1215 1643 999 1538 1323 1209 1106 1109 1747 1001 1651 1005 1320 1322 1761 1100 1537 1225 1104 1011 1323 1545 1437 1419 1316 1209 1012 1103 1757 1742 1759 1116 1422 1736 1326 1004 1119 1651 1012 1106 1322 1431 1001 1223 1005 1004 1432 1001 1543 1648 1219 1004 1420 1760 1530 1318 1656 1010 1315 1644 1106 991 799 1004 1093 1737 801 1627 1228 1433 1121 1629 1318 1108 800 1326 1527 1328 1449 1755 1432 1641 1637 1649 1761 1006 808 1002 1218 1434 1630

Tree=0
num_leaves=15
num_cat=0
split_feature=22 61 61 1 42 61 61 39 15 14 20 32 60 0
split_gain=53.7234 40.8842 47.9604 26.1262 20.6946 17.1882 16.3587 17.795 13.9645 13.3558 4.91172 1.21291 0.681011 7.10543e-15
threshold=-2.0229639920269613 0.49337525666088683 0.50258099707148463 14.708820246851248 0.00023242447907153649 0.51286378461648841 0.49624144613211912 0.61472683364437464 -0.00030827020993569993 0.00018818928900520002 0.0025843245484419007 -0.44173547045906253 0.51453192897758371 61.317584644306358
decision_type=2 2 2 2 2 2 2 2 2 2 2 2 2 2
left_child=5 8 3 -3 -4 6 11 -8 10 -10 -2 -1 -7 -14
right_child=1 2 4 -5 -6 12 7 -9 9 -11 -12 -13 13 -15
leaf_value=0.52002345267166317 0.50308121504158676 0.46855741005954443 0.49600954292006988 0.43930061229022932 0.45574260989872639 0.52849457148670131 0.51832922890865551 0.45278394707729763 0.47843360944980906 0.51341998209931061 0.54543680911677772 0.54543680911677772 0.54543680911677761 0.54543680911677772
leaf_weight=4.7219264507293692 6.6106970310211208 250.26210188865662 134.33880752325058 60.676754891872406 24.081824898719788 4.7219264507293728 11.804816126823427 15.110164642333983 41.789049088954926 29.9842329621315 12.985297739505766 8.2633712887763959 9.443852901458742 9.9160455465316755
leaf_count=20 28 1060 569 257 102 20 50 64 177 127 55 35 40 42
internal_value=0.480703 0.47674 0.471975 0.462848 0.489888 0.515428 0.499322 0.481532 0.501221 0.49305 0.531148 0.536196 0.542115 0.545437
internal_weight=624.711 560.729 469.359 310.939 158.421 63.9821 39.9003 26.915 91.3693 71.7733 19.596 12.9853 24.0818 19.3599
internal_count=2646 2375 1988 1317 671 271 169 114 387 304 83 55 102 82
is_linear=0
shrinkage=1


Tree=1
num_leaves=15
num_cat=0
split_feature=22 61 61 31 42 25 61 61 39 22 3 32 31 52
split_gain=49.9246 37.7627 44.0217 29.3728 19.0703 16.7541 16.3071 15.3654 16.4473 12.0816 3.67712 1.16555 0.691394 0.00022147
threshold=-2.0229639920269613 0.49337525666088683 0.50258099707148463 1.1578151709243067 0.00023242447907153649 0.75000000000000011 0.51286378461648841 0.49624144613211912 0.61472683364437464 0.16770109954134788 0.0013255858738968002 -0.44173547045906253 -1.0510563015030427 -0.40911952199538426
decision_type=2 2 2 2 2 2 2 2 2 2 2 2 2 2
left_child=6 5 3 -3 -4 9 7 11 -9 -2 -7 -1 -8 -14
right_child=1 2 4 -5 -6 10 12 8 -10 -11 -12 -13 13 -15
leaf_value=0.038120822423722153 0.022586233274954175 -0.011340981122075653 0.014749483233630272 -0.043350779223913553 -0.023821844035192177 0.02962170622007863 0.04605856780508371 0.036462287942095502 -0.026627591155532482 -0.012700654452062459 0.060846138271372939 0.063183541275813618 0.063183541275813604 0.063500727051174502
leaf_weight=4.6766409277915946 41.164170160889626 256.35682043433189 133.84736159443855 55.861600115895271 24.220426261425018 10.352530390024187 4.6499512195587185 11.696632951498033 15.207174301147459 24.924465015530586 14.467595383524893 8.1301750242710096 14.402024328708652 4.6623619794845554
leaf_count=20 175 1082 569 235 102 44 20 50 64 106 62 35 62 20
internal_value=3.35643e-06 -0.00379838 -0.00836039 -0.0170681 0.00883927 0.0198016 0.0336418 0.0179681 0.000801209 0.00927824 0.0478224 0.0540314 0.059888 0.0632611
internal_weight=624.62 561.195 470.286 312.218 158.068 90.9088 63.425 39.7106 26.9038 66.0886 24.8201 12.8068 23.7143 19.0644
internal_count=2646 2375 1988 1317 671 387 271 169 114 281 106 55 102 82
is_linear=0
shrinkage=0.04


Tree=2
num_leaves=15
num_cat=0
split_feature=22 25 61 61 61 55 61 39 61 25 45 29 58 31
split_gain=46.4334 35.4703 27.93 26.9682 15.5029 15.0034 14.4514 15.2101 12.9618 8.87902 6.24325 0.745516 0.680366 0.00015998
threshold=-2.0229639920269613 0.90000000000000013 0.49337525666088683 0.50059544319290783 0.51286378461648841 0.41823965892241777 0.49624144613211912 0.61472683364437464 0.51286378461648841 0.75000000000000011 0.67696904789771495 2.8152903125815087 -0.30748815047849226 -0.95252010945971188
decision_type=2 2 2 2 2 2 2 2 2 2 2 2 2 2
left_child=4 2 9 -4 6 10 11 -8 -7 -2 -3 -1 13 -6
right_child=1 5 3 -5 12 8 7 -9 -10 -11 -12 -13 -14 -15
leaf_value=0.062210551708620082 0.0089297564747561984 0.042741040301975078 -0.020731899996953605 0.00017065351383707087 0.062065076724242982 -0.018368960663701531 0.035346751259157254 -0.02541262357862293 0.040298290228890601 0.048237829810900142 0.010758162710114837 0.042760865993272175 0.044669345151742458 0.061793151778622317
leaf_weight=6.4259866029024106 65.934821501374245 37.094123661518097 234.38778604567051 170.66909274458885 4.5823935866355958 21.07697989046574 11.585418879985811 15.294998168945311 8.4376405477523786 10.68424144387245 13.255108818411825 6.1911976933479309 4.5853069126605979 14.154263377189634
leaf_count=28 281 158 985 724 20 89 50 64 36 46 56 27 20 62
internal_value=6.53763e-06 -0.00364197 -0.00773552 -0.0119247 0.0326203 0.0210471 0.0173511 0.000774575 -0.00159717 0.0144111 0.0343211 0.0526667 0.0584799 0.0618597
internal_weight=624.359 561.54 481.676 405.057 62.8196 79.8639 39.4976 26.8804 29.5146 76.6191 50.3492 12.6172 23.322 18.7367
internal_count=2646 2375 2036 1709 271 339 169 114 125 327 214 55 102 82
is_linear=0
shrinkage=0.04


Tree=3
num_leaves=15
num_cat=0
split_feature=22 25 61 61 61 55 8 61 39 25 45 32 31 57
split_gain=43.2176 32.7882 25.8479 27.0845 14.767 14.0157 15.9754 13.6048 14.0728 11.9482 5.88898 1.15205 0.683615 0.000479514
threshold=-2.0229639920269613 0.90000000000000013 0.49394233659158687 0.50059544319290783 0.51286378461648841 0.41823965892241777 0.00038573475710805002 0.49624144613211912 0.61472683364437464 0.75000000000000011 0.67696904789771495 -0.44173547045906253 -1.0510563015030427 0.37418428999489489
decision_type=2 2 2 2 2 2 2 2 2 2 2 2 2 2
left_child=4 2 9 -4 7 10 -7 11 -9 -2 -3 -1 -6 -14
right_child=1 5 3 -5 12 6 -8 8 -10 -11 -12 -13 13 -15
leaf_value=0.035385216113096744 0.0062602745632656274 0.041489676548925311 -0.021017818192962962 0.00016383447591822878 0.043221664692054629 -0.017369584841349196 0.053146425944647337 0.034275697881424365 -0.024267427781841083 0.049203318234422214 0.010354198429579171 0.060658533613710867 0.060943731353920179 0.060476668408614813
leaf_weight=4.5600264668464661 77.257732227444649 36.692577570676804 222.53085811436176 170.66215395927429 4.5114740729331997 22.884281784296039 6.6295794546604148 11.471866816282274 15.374428749084471 11.973245769739149 13.222043216228483 7.8600606471300107 4.7363888621330288 13.660631284117697
leaf_count=20 329 158 931 724 20 97 28 50 64 52 56 35 21 61
internal_value=9.26538e-06 -0.00349248 -0.00741334 -0.0118241 0.0316533 0.0203216 -0.00152986 0.0167636 0.00074902 0.0120225 0.0332421 0.0513795 0.0571751 0.0605969
internal_weight=624.027 561.852 482.424 393.193 62.1749 79.4285 29.5139 39.2664 26.8463 89.231 49.9146 12.4201 22.9085 18.397
internal_count=2646 2375 2036 1655 271 339 125 169 114 381 214 55 102 82
is_linear=0
shrinkage=0.04


Tree=4
num_leaves=15
num_cat=0
split_feature=57 61 61 1 45 23 42 47 44 19 23 3 39 6
split_gain=31.3446 31.6777 31.8629 23.1249 20.4565 18.8289 26.5728 18.3659 14.0416 12.4258 9.52748 12.524 7.28188 1.25127
threshold=0.31281748745207666 0.49337525666088683 0.50258099707148463 14.921439378726065 0.81799991423369622 4.7275439831052566 0.00023006766158881098 -0.26929407564000818 0.0139686107390473 1.7221563369370509 8.958418039893461 0.0010463477795653001 0.75289822137193263 2.4654831696592315e-06
decision_type=2 2 2 2 2 2 2 2 2 2 2 2 2 2
left_child=1 10 3 -3 5 6 -2 -4 -6 -7 11 -1 -10 -12
right_child=4 2 7 -5 8 9 -8 -9 12 -11 13 -13 -14 -15
leaf_value=0.024856004690439564 0.01092288608267074 -0.012668395830099304 -0.022995274013501134 -0.042667767788497589 0.016183889411075843 0.042450651013578374 -0.085269371220138057 0.023472756644495697 -0.0897934638272775 -0.0013248618021241842 0.033976005851575904 -0.0091977923712677871 -0.026407065901213278 0.061370444495837492
leaf_weight=40.489237010478973 127.95262305438519 202.17450737953186 18.325973972678185 51.607183843851089 7.3406332284212139 52.115152031183243 4.7660719752311698 52.871304124593735 5.1805668622255308 12.953542932868002 4.4915538281202299 30.144262567162514 6.5867545604705811 6.5699606984853745
leaf_count=174 545 847 78 214 31 228 20 225 22 56 20 129 28 29
internal_value=1.1924e-05 -0.00653747 -0.0121348 -0.0187688 0.0122919 0.0161101 0.00746852 0.011512 -0.0272304 0.033736 0.0157286 0.0103229 -0.0543129 0.0502469
internal_weight=623.569 406.674 324.979 253.782 216.895 197.787 132.719 71.1973 19.108 65.0687 81.695 70.6335 11.7673 11.0615
internal_count=2646 1716 1364 1061 930 849 565 303 81 284 352 303 50 49
is_linear=0
shrinkage=0.04


Tree=5
num_leaves=15
num_cat=0
split_feature=22 25 22 55 48 44 1 60 43 22 59 51 43 6
split_gain=38.0105 29.3148 17.4795 13.1901 12.9857 12.0147 11.1915 8.14231 8.81177 11.8888 5.88066 3.23974 5.32072 1.22092
threshold=-2.0229639920269613 0.90000000000000013 -0.37815708818660349 0.41823965892241777 0.11808798992691623 0.013968337607850182 15.910282820979775 0.51786949774429047 0.61912694453447992 -2.9988310721389677 0.60865592749480102 -0.11476693640661841 0.36794522510916411 2.964308429288088e-05
decision_type=2 2 2 2 2 2 2 2 2 2 2 2 2 2
left_child=7 2 5 10 -4 -2 -5 8 9 -1 -3 12 -9 -10
right_child=1 3 4 6 -6 -7 -8 11 13 -11 -12 -13 -14 -15
leaf_value=-0.032748438060664131 -0.025337654760923912 0.03748702149321289 -0.012744309096292877 -0.012492228749504381 0.045875686197845739 0.0098039876063262636 0.055069830734804218 0.0027570258791652612 0.035239393075642042 0.024651953545956944 -0.0028192148342775203 0.059498753760697354 0.059247413177451025 0.06377499996211107
leaf_weight=8.6478841900825483 17.917646318674088 42.669651105999947 340.57093296945095 24.798756793141369 6.1556462347507468 118.62676325440407 4.6600133180618277 5.4231657981872576 4.5275173336267454 17.368895947933201 6.7012046724557868 14.69866146147251 5.2505253851413727 5.1028783470392227
leaf_count=37 75 185 1435 105 26 500 20 24 20 77 29 67 24 22
internal_value=1.46316e-05 -0.00324038 -0.0069297 0.0193772 -0.0117036 0.00519263 -0.00180475 0.0299992 0.017672 0.00557227 0.0320162 0.0473186 0.0305454 0.0503596
internal_weight=623.12 562.101 483.271 78.8296 346.727 136.544 29.4588 61.0195 35.6472 26.0168 49.3709 25.3724 10.6737 9.6304
internal_count=2646 2375 2036 339 1461 575 125 271 156 114 214 115 48 42
is_linear=0
shrinkage=0.04


Tree=6
num_leaves=15
num_cat=0
split_feature=22 18 1 41 41 55 22 52 48 4 19 43 32 9
split_gain=35.382 23.8892 19.4701 15.7604 14.1336 15.9585 11.3458 8.3056 9.87616 11.4584 4.54086 4.8758 3.91466 2.1388
threshold=-2.0229639920269613 1.0000000180025095e-35 -30.838218025142847 -2.3433391513361099e-05 -2.6950111861386474e-05 -0.28698347873953894 -0.16630750213998152 -0.3785330951425494 -0.23934669656027774 1.0000000180025095e-35 0.96744177924781083 0.33251569411944853 -0.44173547045906253 0.00021721472291619782
decision_type=2 2 2 2 2 2 2 2 2 2 2 2 2 2
left_child=7 2 13 -4 6 -6 -3 10 9 -9 -1 -12 -10 -2
right_child=1 4 3 -5 5 -7 -8 8 12 -11 11 -13 -14 -15
leaf_value=0.053465736576626843 0.031627694561766673 -0.0022942376735933727 -0.016924429741853961 0.0082429307385745079 0.011828014811203821 -0.018162519084608371 0.042515099557804109 -0.039832864307434004 0.0096149101640200501 0.036923899399724201 -0.0097166219716150713 0.049726424777342938 0.050079478707195479 0.061760900131637632
leaf_weight=21.879782900214199 6.442162260413169 33.972380131483078 50.157457664608955 193.01267892122269 32.489786803722382 224.89199678599834 12.319671288132666 8.424881115555765 6.1220612376928356 4.9342953711748114 4.4938198477029783 4.3401443809270859 10.19633789360523 9.0816989839076978
leaf_count=101 28 144 212 816 138 945 52 36 27 22 20 20 45 40
internal_value=1.6595e-05 -0.00310782 0.00582444 0.00305179 -0.010717 -0.0143768 0.00963084 0.0291113 0.0140206 -0.0114823 0.0436929 0.0194879 0.0348987 0.0492561
internal_weight=622.759 562.368 258.694 243.17 303.674 257.382 46.2921 60.3913 29.6776 13.3592 30.7137 8.83396 16.3184 15.5239
internal_count=2646 2375 1096 1028 1279 1083 196 271 130 58 141 40 72 68
is_linear=0
shrinkage=0.04


Tree=7
num_leaves=15
num_cat=0
split_feature=22 61 61 31 42 61 25 61 44 22 3 29 31 24
split_gain=32.9518 27.8312 32.2711 24.9709 16.8493 13.5717 13.3053 12.5041 13.4148 11.0194 3.45013 0.723436 0.701256 0.00295097
threshold=-2.0229639920269613 0.49337525666088683 0.50258099707148463 1.1578151709243067 0.00023242447907153649 0.51286378461648841 0.75000000000000011 0.49624144613211912 0.01396851680429846 0.16770109954134788 0.0013255858738968002 2.8152903125815087 -1.0510563015030427 0.12499999999979165
decision_type=2 2 2 2 2 2 2 2 2 2 2 2 2 2
left_child=5 6 3 -3 -4 7 9 11 -9 -2 -8 -1 -7 -14
right_child=1 2 4 -5 -6 12 10 8 -10 -11 -12 -13 13 -15
leaf_value=0.057945489482920665 0.02107575643229374 -0.008931977269305837 0.013591096018017928 -0.038170449230322617 -0.022618147493494525 0.039158088518296434 0.025431358244446367 0.028385400842412509 -0.028674974285705392 -0.01269887507774986 0.056390334227075282 0.038154129537710968 0.056955541309760646 0.058130133838046216
leaf_weight=5.9756074696779233 40.705381438136101 259.3676433712244 132.70528005063534 57.007537394762039 24.331924542784691 4.2630254924297359 9.9910236299037951 12.655794084072115 13.759367376565931 24.917038410902023 13.598506838083265 5.8461244702339172 12.535639673471453 4.7073437571525565
leaf_count=28 175 1082 569 235 102 20 44 55 59 106 62 27 60 22
internal_value=1.85326e-05 -0.0029807 -0.00684266 -0.0142004 0.0079807 0.0282636 0.0175132 0.0139657 -0.00133672 0.00825142 0.0432781 0.0481582 0.0536847 0.0572762
internal_weight=622.367 562.624 473.412 316.375 157.037 59.7429 89.212 38.2369 26.4152 65.6224 23.5895 11.8217 21.506 17.243
internal_count=2646 2375 1988 1317 671 271 387 169 114 281 106 55 102 82
is_linear=0
shrinkage=0.04


Tree=8
num_leaves=15
num_cat=0
split_feature=18 61 61 22 61 42 61 49 56 42 42 3 41 60
split_gain=30.9559 24.4817 27.2113 22.4057 25.0464 21.6367 16.4048 15.0846 13.5086 12.5007 10.3509 10.3378 10.2108 2.34883
threshold=1.0000000180025095e-35 0.49407037553151995 0.50686601238303919 -0.16630750213998152 0.51624467760657622 0.00023242447907153649 0.49280166123577956 0.37677010424167562 0.011809904545314427 0.00022627691106015554 0.00015482823825287322 0.0010760664670621501 3.7828163478674059e-06 0.51144724360273985
decision_type=2 2 2 2 2 2 2 2 2 2 2 2 2 2
left_child=3 8 10 4 7 6 -5 -1 11 -4 -3 -2 -10 -6
right_child=1 2 9 5 13 -7 -8 -9 12 -11 -12 -13 -14 -15
leaf_value=0.020032530158232906 0.036452545806171799 -0.03135105826074365 0.03583812062218357 0.04312811336167343 0.024788159055592618 -0.086027707837226242 -0.0050273836008522524 -0.0079665540572657154 0.020009554273299264 -0.01435482716507073 -0.013054768661017783 0.0009488355453069376 -0.035293554529980543 0.055796950812857155
leaf_weight=100.33227802813053 31.630357071757317 85.092648342251778 22.016856998205185 12.567448571324347 4.5938287079334286 4.8859413415193549 113.91871425509453 44.415762186050415 8.4611968994140643 12.416149020195006 118.18926227092743 22.425276800990105 14.488868340849875 26.19549760222435
leaf_count=431 137 354 95 55 21 20 482 189 37 52 492 97 62 122
internal_value=2.07524e-05 -0.00879396 -0.0151436 0.00905981 0.0184096 -0.00343322 -0.000242736 0.011441 0.0108073 0.0177391 -0.0207135 0.0217236 -0.0149045 0.0511704
internal_weight=621.63 314.721 237.715 306.909 175.537 131.372 126.486 144.748 77.0057 34.433 203.282 54.0556 22.9501 30.7893
internal_count=2646 1326 993 1320 763 557 537 620 333 147 846 234 99 143
is_linear=0
shrinkage=0.04


Tree=9
num_leaves=15
num_cat=0
split_feature=22 25 61 61 61 61 39 1 9 22 32 31 43 52
split_gain=29.1493 24.9408 19.4246 21.1758 12.4399 11.8249 12.6712 11.0869 10.1583 11.6298 1.18085 0.713422 0.462505 0.00373443
threshold=-2.0229639920269613 0.90000000000000013 0.49407037553151995 0.50001740612756784 0.51286378461648841 0.49624144613211912 0.61472683364437464 19.599674198907454 0.00024146012730116531 -0.94773754156134793 -0.44173547045906253 -1.0510563015030427 0.72226487820763308 -0.40911952199538426
decision_type=2 2 2 2 2 2 2 2 2 2 2 2 2 2
left_child=4 2 7 -4 5 10 -7 -2 9 -3 -1 -6 -10 -13
right_child=1 8 3 -5 11 6 -8 -9 12 -11 -12 13 -14 -15
leaf_value=0.030364860535111476 0.019069290043860571 -0.027352895910909576 -0.018696710935117804 -5.7816246364115466e-05 0.036979368116635894 0.031076936926022373 -0.025112122201385988 -0.011649859012116131 0.059866082192873489 0.019332076731575287 0.056806157278997418 0.055249818112673578 0.043309963184172448 0.056637953020232383
leaf_weight=4.2987103760242462 66.18057607114315 10.055237546563147 209.97908826172352 182.10493969917297 4.1133150309324291 11.071856573224069 15.28862479329109 26.255687341094017 6.8239823430776578 56.568251460790634 7.2772027850151044 12.372860386967663 4.4669532179832458 4.1378692984580967
leaf_count=20 286 43 867 771 20 50 64 112 31 245 35 62 20 20
internal_value=2.31257e-05 -0.00277325 -0.00615104 -0.0100398 0.0268805 0.0132872 -0.00151175 0.0103438 0.0182319 0.0122861 0.0469872 0.0518844 0.0533161 0.0555977
internal_weight=620.995 562.435 484.52 392.084 58.5604 37.9364 26.3605 92.4363 77.9144 66.6235 11.5759 20.624 11.2909 16.5107
internal_count=2646 2375 2036 1638 271 169 114 398 339 288 55 102 51 82
is_linear=0
shrinkage=0.04


Tree=10
num_leaves=15
num_cat=0
split_feature=18 61 61 22 29 61 9 1 56 14 42 9 42 42
split_gain=27.8092 21.135 24.1621 20.5984 24.7183 24.3052 24.0373 20.0503 12.5768 11.89 11.716 11.691 9.62671 9.32767
threshold=1.0000000180025095e-35 0.49407037553151995 0.50686601238303919 -0.16630750213998152 0.65414143442496042 0.49696530524570254 0.00022079403737920898 -6.1956168156248159 0.011809904545314427 -0.00021190633608074997 0.00022627691106015554 0.00020526569121754115 0.00013845132497404284 0.00018628476050791621
decision_type=2 2 2 2 2 2 2 2 2 2 2 2 2 2
left_child=3 8 11 6 5 -5 7 -1 12 -6 -4 -3 -2 -10
right_child=1 2 10 4 9 -7 -8 -9 13 -11 -12 -13 -14 -15
leaf_value=-0.010228806934034896 0.050153913728195026 -0.030916471977332327 0.03463377298386789 0.046811077696545376 0.030353240423542559 -0.049294535031502093 0.041037894681766052 0.022256306625806133 -0.034106554451373262 -0.0015363292384987046 -0.014041213980791879 -0.011446883380155639 0.010867746386488809 0.018880846893196374
leaf_weight=53.58663721382618 13.268153324723242 83.337389469146729 21.765774711966515 4.999940067529681 24.960814744234085 26.662665084004402 50.092747285962105 70.256506100296974 14.581770926713945 74.664807319641113 12.430716872215269 120.98797462880611 40.266244813799858 8.3647897839546186
leaf_count=230 58 343 95 22 107 112 228 305 62 316 52 503 176 37
internal_value=2.4819e-05 -0.0083126 -0.0141796 0.00862935 -0.00333114 -0.0341182 0.0176572 0.00820007 0.00998488 0.00645348 0.01694 -0.0193879 0.0206046 -0.0147909
internal_weight=620.227 315.003 238.522 305.224 131.288 31.6626 173.936 123.843 76.481 99.6256 34.1965 204.325 53.5344 22.9466
internal_count=2646 1326 993 1320 557 134 763 535 333 423 147 846 234 99
is_linear=0
shrinkage=0.04


Tree=11
num_leaves=15
num_cat=0
split_feature=18 61 61 61 23 23 45 56 41 3 41 14 43 49
split_gain=25.6649 19.4508 22.2159 19.3922 17.4296 18.0035 17.1215 11.6468 10.2294 9.16599 8.94839 8.06196 2.23593 0.302478
threshold=1.0000000180025095e-35 0.49407037553151995 0.50686601238303919 0.49210559988329755 5.4370389104150032 1.6330550450750085 0.81297091536778809 0.011809904545314427 2.8952004722526685e-07 0.0010760664670621501 3.7828163478674059e-06 -3.3658572289374732e-05 0.64529050481216343 0.27074012086122629
decision_type=2 2 2 2 2 2 2 2 2 2 2 2 2 2
left_child=3 7 8 12 5 -5 -6 9 -3 -2 -9 -4 13 -1
right_child=1 2 11 4 6 -7 -8 10 -10 -11 -12 -13 -14 -15
leaf_value=0.060359371974425521 0.034019062165657601 -0.0085625361825652467 0.029172939892655521 0.0074203625475293801 0.030571520097523359 -0.018007838116243943 -0.046247645637164068 0.018856094245575935 -0.026545101598572873 0.00037846890824828091 -0.032999496930372463 -0.01323487106407184 0.029102824059658947 0.047345968879971972
leaf_weight=8.4426446259021777 30.885737836360931 91.117018178105354 23.731667205691338 159.58642533421516 56.975190728902817 61.80224072933197 5.0539762526750556 8.3643959015607852 113.86183623969555 22.326937198638916 14.650109082460402 10.279173105955122 8.1177405118942243 4.3201654702424994
leaf_count=38 137 378 103 677 264 260 22 37 468 97 62 44 38 21
internal_value=2.70729e-05 -0.00797216 -0.0135838 0.00831333 0.00557251 0.000321897 0.0243125 0.0096216 -0.0185515 0.0199042 -0.0141531 0.0163559 0.0455153 0.0559544
internal_weight=619.515 315.217 238.99 304.298 283.418 221.389 62.0292 76.2272 204.979 53.2127 23.0145 34.0108 20.8806 12.7628
internal_count=2646 1326 993 1320 1223 937 286 333 846 234 99 147 97 59
is_linear=0
shrinkage=0.04


Tree=12
num_leaves=15
num_cat=0
split_feature=22 25 59 44 42 19 19 21 25 23 55 42 55 42
split_gain=24.4111 28.8991 20.7774 12.7501 14.2904 11.1039 8.7867 12.4373 7.90192 7.13097 9.38344 5.36694 4.67352 2.69121
threshold=-0.37815708818660349 0.90000000000000013 0.38109810278346401 0.01397296714986169 0.00021223120329372651 1.7221563369370509 -2.005131317135973 -0.00041450698530184996 0.50000000000000011 0.19222798111062267 0.38361367807275265 0.00024280384486365783 0.41709943824279022 0.00016331398798171367
decision_type=2 2 2 2 2 2 2 2 2 2 2 2 2 2
left_child=2 3 6 4 -2 13 8 -8 -1 12 -11 -5 -3 -4
right_child=1 9 5 11 -6 -7 7 -9 -10 10 -12 -13 -14 -15
leaf_value=-0.050868868984434934 -0.0086246338411391232 0.02772267460148414 0.032599120729911002 0.0096538472252781869 -0.034364754741208738 -0.021571069754798798 0.034046559012287668 0.0034747979386375483 0.0015200515415655775 0.0073549254583587876 0.052367491086875884 0.058417534543258473 -0.025571979252657064 0.055607070539332559
leaf_weight=8.046977564692499 289.81104868650436 4.5985947400331479 14.389513716101645 14.979133710265161 39.174524113535881 4.4684978276491156 24.905998885631561 146.70774582028389 10.774351388216017 12.077634990215303 19.173153907060623 4.7583829611539832 6.1582097709178925 18.711253568530083
leaf_count=35 1215 20 65 62 164 21 109 631 46 52 86 20 26 94
internal_value=2.858e-05 -0.00604066 0.0104294 -0.00981626 -0.0116897 0.0376151 0.00506619 0.00791162 -0.0208786 0.0253023 0.0349713 0.02141 -0.00278821 0.0456051
internal_weight=618.735 390.731 228.004 348.723 328.986 37.5693 190.435 171.614 18.8213 42.0076 31.2508 19.7375 10.7568 33.1008
internal_count=2646 1645 1001 1461 1379 180 821 740 81 184 138 82 46 159
is_linear=0
shrinkage=0.04


Tree=13
num_leaves=15
num_cat=0
split_feature=18 42 41 52 31 29 41 6 9 29 51 32 3 52
split_gain=22.6041 17.0123 17.3882 15.3399 14.5256 14.3827 24.2765 13.499 14.7961 12.4828 9.92038 9.27114 7.2868 0.326071
threshold=1.0000000180025095e-35 0.0002497435679497387 -2.5996343891036365e-05 0.10444678087610586 1.0346109871011844 0.3847696940684267 -2.3974867871423552e-05 0.00038161285330020006 0.00022079403737920898 0.22195483516484257 0.0286297603013622 -0.63450502347551929 0.0010192472313101002 -0.056954663085056936
decision_type=2 2 2 2 2 2 2 2 2 2 2 2 2 2
left_child=5 2 11 -4 13 6 12 8 -7 -8 -6 -2 -1 -3
right_child=1 4 3 -5 10 7 9 -9 -10 -11 -12 -13 -14 -15
leaf_value=-0.027732891903299934 -0.021829936697832654 0.065729895903234623 -0.018817870525222002 0.0083348509042102878 0.033068556009557853 0.00698677366153017 0.015307562875301618 -0.042112853230104677 0.02853074919608773 -0.030693694972372714 -0.048484484941113487 0.019809081201644155 -0.092225951917904198 0.051673315213553693
leaf_weight=5.1759704798459989 10.807964757084845 6.1802346408367157 203.59061923623085 39.797677993774414 4.7376409173011762 162.58884327113628 34.236295208334923 7.1306167244911185 74.320001348853111 13.030568540096281 4.809034988284111 41.054740130901337 6.1141962558031082 4.6099589020013827
leaf_count=22 47 26 847 169 20 702 148 31 336 56 20 176 25 21
internal_value=3.00858e-05 -0.00745964 -0.00989705 -0.014378 0.0279267 0.00784137 -0.00996147 0.0121131 0.0137453 0.0026259 -0.00801291 0.0111317 -0.0626591 0.0597244
internal_weight=618.184 315.588 295.251 243.388 20.3369 302.596 58.557 244.039 236.909 47.2669 9.54668 51.8627 11.2902 10.7902
internal_count=2646 1326 1239 1016 87 1320 251 1069 1038 204 40 223 47 47
is_linear=0
shrinkage=0.04


Tree=14
num_leaves=15
num_cat=0
split_feature=22 61 61 61 42 61 61 20 61 59 32 31 61 52
split_gain=22.661 19.1251 17.4519 26.2879 14.0758 11.6693 11.3157 11.8831 3.87212 7.18459 1.14775 0.765606 0.021703 0.00463338
threshold=-2.0229639920269613 0.48839442795966675 0.50258099707148463 0.49764505321801289 0.00015261897541012182 0.51286378461648841 0.49624144613211912 0.0025837271292703007 0.48502361033135466 -0.079295554405660745 -0.44173547045906253 -1.0510563015030427 0.48025387801362407 -0.40911952199538426
decision_type=2 2 2 2 2 2 2 2 2 2 2 2 2 2
left_child=5 8 3 -3 -4 6 10 -8 12 -10 -1 -7 -2 -13
right_child=1 2 4 -5 -6 11 7 -9 9 -11 -12 13 -14 -15
leaf_value=0.028433274199729377 0.054173311488143049 -1.8556566921009147e-05 0.022866362668987936 -0.021437955790151415 -0.0019316251163498525 0.033566647178472409 0.047221976342832747 -0.017836938094558323 0.061761970573719412 -0.00061595201973601459 0.054994746420917312 0.053092428843626562 0.058269290007440779 0.054686376543286883
leaf_weight=4.1844520270824432 4.2419292628765124 233.20985992252827 58.837357461452484 151.06063079833984 97.003528669476509 3.8566157519817379 5.7791871577501324 20.167399629950523 4.540846809744834 8.4558077752590162 6.8870210051536542 11.470498457551003 4.0420127660036087 3.9133924990892384
leaf_count=20 22 982 257 623 414 20 26 88 20 38 35 62 19 20
internal_value=3.10826e-05 -0.00239435 -0.00385983 -0.00843874 0.0074308 0.0242339 0.0111002 -0.00334611 0.0348001 0.021178 0.0449559 0.0495028 0.0561719 0.0534979
internal_weight=617.651 561.392 540.111 384.27 155.841 56.2586 37.0181 25.9466 21.2806 12.9967 11.0715 19.2405 8.28394 15.3839
internal_count=2646 2375 2276 1605 671 271 169 114 99 58 55 102 41 82
is_linear=0
shrinkage=0.04


Tree=15
num_leaves=15
num_cat=0
split_feature=18 61 61 61 23 42 23 56 42 9 61 43 3 47
split_gain=20.0062 17.0423 16.7479 18.9316 14.7863 18.1782 10.965 14.0232 10.8574 10.5379 10.0987 2.33752 1.46725 0.3471
threshold=1.0000000180025095e-35 0.49210559988329755 0.49407037553151995 0.50686601238303919 5.4370389104150032 0.00023242447907153649 8.958418039893461 0.011809904545314427 0.00022627691106015554 0.00020526569121754115 0.50413027870558869 0.64529050481216343 0.0013590979244095501 -0.39695782864193724
decision_type=2 2 2 2 2 2 2 2 2 2 2 2 2 2
left_child=1 11 6 9 5 -3 7 -2 -5 -4 -6 13 -8 -1
right_child=2 4 3 8 10 -7 12 -9 -10 -11 -12 -13 -14 -15
leaf_value=0.044117685620456072 0.015225456598576435 0.0018232062362083285 -0.0276148072945923 0.032863957858929267 0.0045326879273837493 -0.075453406906290224 0.028530264021124175 -0.0254358691074296 -0.014184303757197533 -0.0092159771297317949 0.037391599753335947 0.025931301889313314 0.058969460768696261 0.058617534560397616
leaf_weight=3.8635634928941736 46.039380297064781 215.72785352170467 84.178619176149368 21.364364415407181 27.485910460352898 4.9830245673656455 4.1659376323223096 19.242928624153137 12.404695376753805 121.9843981564045 32.851730063557625 7.7369000017642966 6.4668349176645279 8.3509106785058975
leaf_count=20 202 917 343 95 122 20 20 81 52 503 164 38 30 39
internal_value=3.23873e-05 0.00741157 -0.00699992 -0.012181 0.00487565 7.85199e-05 0.00937509 0.00323993 0.0155813 -0.0167284 0.0224232 0.0431343 0.0470433 0.0540311
internal_weight=616.847 301 315.847 239.932 281.049 220.711 75.9151 65.2823 33.7691 206.163 60.3376 19.9514 10.6328 12.2145
internal_count=2646 1320 1326 993 1223 937 333 283 147 846 286 97 50 59
is_linear=0
shrinkage=0.04


Tree=16
num_leaves=15
num_cat=0
split_feature=22 61 61 61 42 61 61 44 61 59 32 31 55 52
split_gain=19.9023 16.8786 15.5544 23.3908 12.8974 10.9808 10.6395 11.7856 3.76435 6.89989 1.17875 0.778199 0.0166281 0.00362458
threshold=-2.0229639920269613 0.48839442795966675 0.50258099707148463 0.49764505321801289 0.00015261897541012182 0.51286378461648841 0.49624144613211912 0.01396851680429846 0.48502361033135466 -0.079295554405660745 -0.44173547045906253 -1.0510563015030427 0.39176283070861911 -0.40911952199538426
decision_type=2 2 2 2 2 2 2 2 2 2 2 2 2 2
left_child=5 8 3 -3 -4 6 10 -8 12 -10 -1 -7 -2 -13
right_child=1 2 4 -5 -6 11 7 -9 9 -11 -12 13 -14 -15
leaf_value=0.026826623726645859 0.056567560468562608 6.5779373382385403e-05 0.021962144260988699 -0.020114712342271312 -0.0018399933290593631 0.031860559587315318 0.025007252141909356 -0.02907357222830901 0.060143831811459991 -0.0016018440491418397 0.054101257885562644 0.05196285628901496 0.052908438715540934 0.053404687591085444
leaf_weight=4.0877976417541504 4.0875864624977138 233.03663659095764 58.360366389155388 151.73142391443253 96.90598838031292 3.7253869920969036 12.196542590856554 13.677925258874891 4.4262760132551202 8.3738286197185481 6.6753360182046872 10.939344316720963 3.8667547702789307 3.7445466071367237
leaf_count=20 20 982 257 623 414 20 55 59 20 38 35 62 21 20
internal_value=3.3396e-05 -0.00221952 -0.00357994 -0.0078923 0.00710658 0.022985 0.0103211 -0.0035813 0.0331788 0.0197498 0.0437425 0.0481881 0.0547888 0.0523305
internal_weight=615.836 560.789 540.034 384.768 155.266 55.0469 36.6376 25.8745 20.7544 12.8001 10.7631 18.4093 7.95434 14.6839
internal_count=2646 2375 2276 1605 671 271 169 114 99 58 55 102 41 82
is_linear=0
shrinkage=0.04


Tree=17
num_leaves=14
num_cat=0
split_feature=22 25 61 61 61 61 42 45 9 23 55 57 22
split_gain=19.108 25.0399 20.156 28.3361 18.2524 36.1755 16.1771 16.1315 12.3684 6.67299 7.54527 1.48326 0.0573406
threshold=-0.37815708818660349 0.90000000000000013 0.51819034739770553 0.49855921413149212 0.50001740612756784 0.49623166192440987 0.00023242447907153649 0.43807763945902184 0.00022079403737920898 0.13990739019230758 0.38361367807275265 0.37148340854560763 -2.0529110339251715
decision_type=2 2 2 2 2 2 2 2 2 2 2 2 2
left_child=2 4 3 8 5 -2 -6 -5 -1 -3 -11 -4 -13
right_child=1 9 11 7 6 -7 -8 -9 -10 10 -12 12 -14
leaf_value=0.0099949871892406426 -0.00036300730458595091 -0.0061480110392632013 0.025664880156982907 0.024837648276559286 0.0071023296103259479 -0.034132350699108589 -0.032811612886212614 -0.021494974629479212 0.038649177582692533 0.0076482974175935952 0.047614121336984658 0.051642980606061657 0.057198689497453201
leaf_weight=91.515727370977402 105.96073600649834 9.0920697897672635 3.9566448628902462 14.733770802617071 127.2036816328764 97.422374084591866 18.625852301716805 65.354740262031555 32.719600602984428 12.082558467984198 20.184459686279297 12.161479935050014 3.933839783072469
leaf_count=393 451 39 20 65 538 396 76 284 150 52 93 70 19
internal_value=3.44867e-05 -0.00530976 0.00933724 0.00558152 -0.00879527 -0.0165388 0.00200438 -0.0129712 0.0175416 0.0241199 0.0326487 0.0476069 0.0530008
internal_weight=614.948 390.572 224.376 204.324 349.213 203.383 145.83 80.0885 124.235 41.3591 32.267 20.052 16.0953
internal_count=2646 1645 1001 892 1461 847 614 349 543 184 145 109 89
is_linear=0
shrinkage=0.04


Tree=18
num_leaves=12
num_cat=0
split_feature=52 61 61 61 57 24 10 6 46 41 20
split_gain=17.0835 14.9854 14.3419 17.292 12.2661 5.69023 3.0412 4.53264 1.71735 1.35714 0.236409
threshold=-0.5783722513438837 0.48839442795966675 0.50413027870558869 0.49764505321801289 0.39613485836172529 0.024999999999958254 -9.4605278499279763e-06 -2.7735885916147047e-05 -0.14385811270662485 -3.7492349011654835e-05 0.0025865963424788504
decision_type=2 2 2 2 2 2 2 2 2 2 2
left_child=5 6 3 -3 -4 -1 7 -2 9 -7 -8
right_child=1 2 4 -5 -6 8 10 -9 -10 -11 -12
leaf_value=-0.0052213050748448385 0.048163725832870763 0.00084764367474405666 0.015806570954345737 -0.015433241738914581 -0.0097550314080261744 0.031846882656249485 0.058757695038859387 -0.005162255997541546 0.020474498948861539 0.057423673665273983 0.04517168765812464
leaf_weight=4.9979937523603466 4.7633401602506638 241.95814688503742 103.22576765716076 183.56696908175945 42.363337814807892 4.9400697648525282 4.2961554229259473 5.4893118590116519 4.3403306603431675 10.117561191320418 3.9183250218629837
leaf_count=24 24 1028 462 757 189 25 20 25 22 50 20
internal_value=3.59077e-05 -0.00132134 -0.00246807 -0.00617576 0.00836869 0.0328367 0.0341424 0.0196128 0.0426426 0.0490325 0.0522771
internal_weight=613.977 589.581 571.114 425.525 145.589 24.396 18.4671 10.2527 19.398 15.0576 8.21448
internal_count=2646 2525 2436 1785 651 121 89 49 97 75 40
is_linear=0
shrinkage=0.04


Tree=19
num_leaves=15
num_cat=0
split_feature=22 25 61 31 55 8 43 61 61 39 48 32 31 52
split_gain=17.5937 15.7022 11.744 14.2341 11.6908 13.6614 10.3285 9.93855 9.48902 11.5063 6.39829 1.18639 0.808725 0.00325455
threshold=-2.0229639920269613 0.90000000000000013 0.49337525666088683 1.2070952552982834 0.41823965892241777 0.00038573475710805002 0.053527805470074651 0.51286378461648841 0.49624144613211912 0.61472683364437464 -0.59286417092902877 -0.44173547045906253 -1.0510563015030427 -0.40911952199538426
decision_type=2 2 2 2 2 2 2 2 2 2 2 2 2 2
left_child=7 2 6 -4 10 -6 -2 8 11 -10 -3 -1 -9 -14
right_child=1 4 3 -5 5 -7 -8 12 9 -11 -12 -13 13 -15
leaf_value=0.025188391741426265 0.053658456008369576 -0.02770849676290775 -0.0041353226850133398 -0.024654413376250989 -0.019573780559760407 0.047525599492074938 0.0048691728603851231 0.029741269504049896 0.028800221432664166 -0.02530124463123809 0.031409266511389401 0.052998776109325407 0.050761995280181778 0.05216523567546353
leaf_weight=3.9842994660139084 7.7596926242113105 3.1424074470996848 346.90493974089622 64.084608241915703 22.500036880373958 6.1906443536281577 65.913585782051086 3.5575056076049831 10.720577821135523 15.218662679195402 43.171352833509445 6.3915376961231214 10.289155572652817 3.5593428164720509
leaf_count=20 36 14 1446 263 97 28 291 20 50 64 200 35 62 20
internal_value=3.59973e-05 -0.00206284 -0.00469855 -0.00733481 0.0149686 -0.00509562 0.0100079 0.0219017 0.0099905 -0.00294134 0.0273981 0.0423196 0.0467526 0.0511227
internal_weight=613.388 559.667 484.663 410.99 75.0044 28.6907 73.6733 53.7211 36.3151 25.9392 46.3138 10.3758 17.406 13.8485
internal_count=2646 2375 2036 1709 339 125 327 271 169 114 214 55 102 82
is_linear=0
shrinkage=0.04


Tree=20
num_leaves=14
num_cat=0
split_feature=22 25 54 44 48 13 31 49 41 38 42 42 13
split_gain=16.6361 21.3426 18.4442 12.5142 11.5433 8.22984 8.33444 6.1852 5.35811 6.26262 2.90327 6.10196 0.850031
threshold=-0.37815708818660349 0.90000000000000013 0.12539336086192995 0.013975190753272618 0.11808798992691623 0.00047192052584920009 1.5769735696884108 0.24393154333948455 -3.4036789975910856e-05 1.3070545088338261 0.00016331398798171367 0.00015135455605132196 0.00022907038112150003
decision_type=2 2 2 2 2 2 2 2 2 2 2 2 2
left_child=2 3 5 4 -2 6 -1 -5 -3 -10 11 -4 -12
right_child=1 8 10 7 -6 -7 -8 -9 9 -11 12 -13 -14
leaf_value=0.0076414097251196553 -0.010782627395952534 -0.018761213414841778 0.040154468148021961 0.0028446258293374749 0.045036433656062476 -0.046914330000586021 -0.026965370853560482 0.053015604851767761 0.017746884531743164 0.055701622481962004 0.053028806179461034 -0.016756065857340539 0.030935959915683868
leaf_weight=173.75575752556324 327.72521425783634 4.4771711677312842 10.723979249596598 8.2694585770368558 6.0368554592132559 4.9347955137491217 11.896964237093924 7.4949733167886725 26.711250483989716 9.4048202186822873 13.293238118290903 4.1930547058582297 3.5254313945770255
leaf_count=761 1370 20 50 34 26 21 54 31 121 43 75 20 20
internal_value=3.70413e-05 -0.00493971 0.00876995 -0.0081281 -0.00977301 0.00406858 0.00542374 0.0266977 0.0225138 0.0276305 0.0370039 0.0241574 0.0483978
internal_weight=612.443 390.12 222.323 349.527 333.762 190.588 185.653 15.7644 40.5932 36.1161 31.7357 14.917 16.8187
internal_count=2646 1645 1001 1461 1396 836 815 65 184 164 165 70 95
is_linear=0
shrinkage=0.04


Tree=21
num_leaves=15
num_cat=0
split_feature=22 25 55 8 53 22 44 44 29 43 41 43 19 51
split_gain=15.8947 13.1568 10.7353 12.453 10.737 9.36428 11.5539 9.87756 7.09196 9.03342 10.8325 3.55165 4.13847 2.73492
threshold=-2.0229639920269613 0.90000000000000013 0.41823965892241777 0.00038573475710805002 -0.24616029831024086 -0.37815708818660349 0.013975190753272618 0.013968337607850182 2.8152903125815087 0.50188686940718907 -1.120942841055239e-05 0.40107147926562325 0.33782063809649121 -0.040413742816137771
decision_type=2 2 2 2 2 2 2 2 2 2 2 2 2 2
left_child=8 5 4 -4 -3 7 -7 -2 11 10 -10 12 -1 -11
right_child=1 2 3 -5 -6 6 -8 -9 9 13 -12 -13 -14 -15
leaf_value=0.037603597941119678 -0.022931152716018179 -0.048529123938261656 -0.01909126375321649 0.045680756990024801 0.030924678541171622 -0.0093662329572497399 0.025753550055465577 0.0088535230017838841 0.02509932675058427 0.045272098782217864 -0.052899928404486082 0.051141866232278156 -0.0020025138997046962 0.0047032934642388816
leaf_weight=11.311294600367551 18.056588917970657 2.9072196930646887 22.549258172512058 6.0162729173898688 42.54579558968544 334.30653204023838 15.691486641764639 117.05740997195244 4.8985543251037598 7.0088697522878647 6.8083009421825427 11.667688950896261 6.73433694243431 4.2837880849838239
leaf_count=61 75 13 97 28 201 1396 65 500 25 37 31 63 34 20
internal_value=3.76045e-05 -0.00194195 0.0137663 -0.00544943 0.0258427 -0.00433873 -0.00779171 0.00460583 0.021035 0.00435861 -0.0202623 0.0339433 0.0228232 0.0298826
internal_weight=611.843 559.131 74.0185 28.5655 45.453 485.112 349.998 135.114 52.7128 22.9995 11.7069 29.7133 18.0456 11.2927
internal_count=2646 2375 339 125 214 2036 1461 575 271 113 56 158 95 57
is_linear=0
shrinkage=0.04


Tree=22
num_leaves=15
num_cat=0
split_feature=18 42 41 61 61 22 39 29 27 51 61 43 49 61
split_gain=15.1567 14.3852 13.946 14.8867 13.9172 15.4908 21.4425 19.336 10.6755 12.1619 10.5874 2.52044 0.42258 0.344504
threshold=1.0000000180025095e-35 0.0002497435679497387 -2.6519158098222324e-05 0.49383067445373457 0.49210559988329755 -0.16630750213998152 1.1525743270294686 0.65414143442496042 1.3155833528056509 0.021367854305371668 0.49935983735349726 0.64529050481216343 0.27074012086122629 0.5035928799112338
decision_type=2 2 2 2 2 2 2 2 2 2 2 2 2 2
left_child=4 2 10 -4 11 6 -6 -7 13 -10 -2 12 -1 -3
right_child=1 8 3 -5 5 7 -8 -9 9 -11 -12 -13 -14 -15
leaf_value=0.057043970106513228 0.030793742623057795 0.048835039867472799 0.0053647140873688782 -0.017734212353979945 0.021277129882697619 -0.034115567465071155 -0.012279259845137835 0.0028373040561072548 0.047878191270623108 -0.039588944771716837 -0.0060563286736359323 0.021482701848708156 0.040435361015772893 0.064201561109777039
leaf_weight=7.7972863465547579 23.143982842564583 4.1290307641029376 58.679726183414459 186.59512957930565 116.73456338047981 30.399527385830879 41.22885425388813 88.948794916272163 4.530442610383032 5.7993965446949005 27.060596734285355 7.1259300112724295 3.5748930424451828 5.3705582916736603
leaf_count=38 100 20 258 763 532 126 187 378 20 24 118 38 21 23
internal_value=3.83888e-05 -0.00606313 -0.00827643 -0.012208 0.0065421 0.00430128 0.0125188 -0.00657506 0.0269174 -0.00122776 0.0109313 0.0401352 0.051823 0.0575224
internal_weight=611.119 315.309 295.479 245.275 295.81 277.312 157.963 119.348 19.8294 10.3298 50.2046 18.4981 11.3722 9.49959
internal_count=2646 1326 1239 1021 1320 1223 719 504 87 44 218 97 59 43
is_linear=0
shrinkage=0.04


Tree=23
num_leaves=13
num_cat=0
split_feature=22 61 61 61 49 61 61 39 57 45 14 6
split_gain=14.3127 13.3228 12.1087 19.3013 12.0822 9.54102 8.9362 10.1614 0.871888 0.78644 0.585697 0.00649756
threshold=-2.0229639920269613 0.4857994637220569 0.50258099707148463 0.49764505321801289 0.30100427787271877 0.51286378461648841 0.49500793941009419 0.61472683364437464 0.37219972165697762 0.48767771547531152 -5.4145767360156595e-05 0.00010056981540630001
decision_type=2 2 2 2 2 2 2 2 2 2 2 2
left_child=5 9 3 -3 -4 6 10 -8 -7 -2 -1 -10
right_child=1 2 4 -5 -6 8 7 -9 11 -11 -12 -13
leaf_value=0.031312398131596975 0.031918393206818572 0.0006721022506161106 0.022725811538953745 -0.017493209459508153 -0.0010314201908158717 0.026848079783488667 0.027156075005690568 -0.023185712936155713 0.049229649896601543 0.055454787677477739 0.0522840786540602 0.051031171355390419
leaf_weight=3.6557201147079468 3.9138279259204847 242.1903403699398 51.309124648571014 152.52956975996494 103.02444061636925 3.2492718398571041 10.705036297440531 16.009397283196449 7.5729000568389875 5.4130018204450607 5.1077566146850568 5.551465630531311
leaf_count=20 23 1030 223 623 448 19 52 68 50 28 29 33
internal_value=3.9021e-05 -0.00182774 -0.00263303 -0.00634743 0.00686681 0.0201419 0.00848531 -0.0030127 0.0453989 0.0455782 0.0435357 0.0499917
internal_weight=610.232 558.38 549.053 394.72 154.334 51.8515 35.4779 26.7144 16.3736 9.32683 8.76348 13.1244
internal_count=2646 2375 2324 1653 671 271 169 120 102 51 49 83
is_linear=0
shrinkage=0.04


Tree=24
num_leaves=15
num_cat=0
split_feature=18 42 61 22 61 29 41 61 37 61 41 6 61 1
split_gain=13.8287 13.0032 12.8356 14.0204 19.4425 17.6348 12.5649 13.2187 12.0523 9.90616 5.24998 2.28389 0.451443 0.43032
threshold=1.0000000180025095e-35 0.0002497435679497387 0.49210559988329755 -0.16630750213998152 0.51624467760657622 0.65414143442496042 -2.6519158098222324e-05 0.49383067445373457 0.34487032903372805 0.49935983735349726 5.8126164015348543e-05 -3.0750723515791206e-05 0.50109824210548637 -47.838363965238379
decision_type=2 2 2 2 2 2 2 2 2 2 2 2 2 2
left_child=2 6 11 4 -4 -5 9 -8 12 -2 -10 13 -3 -1
right_child=1 8 3 5 -6 -7 7 -9 10 -11 -12 -13 -14 -15
leaf_value=0.037724223755287278 0.029742940196193973 0.045519653919168832 0.0058329204384845769 -0.032394384449496577 0.044140817799073216 0.0028269494830657537 0.0049967626621311651 -0.016791258283090228 -0.036006625553678333 -0.0059946865677529357 0.023592833193505656 0.02074878955204738 0.062914485406751097 0.055082046398317264
leaf_weight=3.2010422199964532 22.934061035513878 3.8782228380441683 131.59746894240379 30.563429847359657 25.268284440040588 88.907604470849037 58.49179345369339 186.95490427315235 4.7963560372591001 27.044184237718582 4.6646430641412735 6.8201349526643744 6.2089796513319016 7.9870243072509775
leaf_count=20 100 20 576 126 143 378 258 763 20 118 20 35 27 42
internal_value=3.94052e-05 -0.00578593 0.00627299 0.00414065 0.0120036 -0.00618348 -0.00787656 -0.011599 0.0258091 0.0104046 -0.00662176 0.0389938 0.0562267 0.0501158
internal_weight=609.318 314.973 294.345 276.337 156.866 119.471 295.425 245.447 19.5482 49.9782 9.461 18.0082 10.0872 11.1881
internal_count=2646 1326 1320 1223 719 504 1239 1021 87 218 40 97 47 62
is_linear=0
shrinkage=0.04


Tree=25
num_leaves=12
num_cat=0
split_feature=52 61 61 61 50 0 61 59 10 47 42
split_gain=13.0251 11.7594 11.5166 15.6802 12.1608 3.93269 3.7771 6.19412 1.11099 1.04817 0.451934
threshold=-0.5783722513438837 0.48839442795966675 0.50258099707148463 0.49764505321801289 0.14708733888452633 59.849447999307344 0.50595262122359907 0.60865592749480102 -9.8643387311608184e-05 -0.39914833274656325 0.00026482566483865283
decision_type=2 2 2 2 2 2 2 2 2 2 2
left_child=6 5 3 -3 -4 8 7 9 -2 -1 -8
right_child=1 2 4 -5 -6 -7 10 -9 -10 -11 -12
leaf_value=0.024593441868101588 0.029159226108584301 0.00066872820937347813 0.011289663832719486 -0.01548845284596756 -0.01860923866503263 0.0043237265230351178 0.057608060341047269 -0.014503361816419289 0.054505697790794269 0.053385707463718103 0.039073609728842697
leaf_weight=3.9167898297309867 4.528727039694787 240.38025861978531 141.78555434942245 160.11931696534157 25.712865397334099 5.7977953702211371 5.3077834844589216 5.8672005087137213 7.1123607307672509 4.1841163784265545 3.4882704317569733
leaf_count=21 24 1028 639 655 114 27 27 27 38 23 23
internal_value=4.01595e-05 -0.00111413 -0.00210747 -0.0057909 0.00669985 0.0312398 0.0297255 0.0167958 0.0446452 0.0394646 0.0502578
internal_weight=608.201 585.437 567.998 400.5 167.498 17.4389 22.7642 13.9681 11.6411 8.10091 8.79605
internal_count=2646 2525 2436 1683 753 89 121 71 62 44 50
is_linear=0
shrinkage=0.04


Tree=26
num_leaves=15
num_cat=0
split_feature=18 42 61 41 42 31 23 23 45 61 45 43 61 47
split_gain=12.6224 11.825 11.758 11.384 11.9958 11.3121 10.05 22.591 14.5216 9.32398 3.99709 2.58925 0.422017 0.418065
threshold=1.0000000180025095e-35 0.0002497435679497387 0.49210559988329755 -2.6519158098222324e-05 0.00022464277283651269 1.0346109871011844 4.5701279708702058 1.6330550450750085 0.81799991423369622 0.49935983735349726 0.64590474307885892 0.64529050481216343 0.50109824210548637 -0.39695782864193724
decision_type=2 2 2 2 2 2 2 2 2 2 2 2 2 2
left_child=2 3 11 9 -5 12 7 -4 -8 -2 -7 13 -3 -1
right_child=1 5 6 4 -6 10 8 -9 -10 -11 -12 -13 -14 -15
leaf_value=0.037918225926978646 0.028801629526162945 0.04431002564332797 0.0065365534239160963 -0.008990971003967457 -0.049191515665893422 0.020616232560830037 0.02289925352964774 -0.025644633474869272 -0.034664822699750804 -0.0059469668122686028 -0.031494820132057275 0.018424765431898145 0.061366910953373578 0.055185904979515879
leaf_weight=3.1949045807123193 22.758213296532631 3.7535012066364306 157.48281908035278 233.05650962889194 12.514161348342894 4.5337915420532209 65.223172411322594 44.839708983898163 7.8564253300428382 27.028518557548523 4.9007730931043625 6.752614587545394 6.0806857496500015 7.5321360379457483
leaf_count=20 100 20 677 970 51 20 325 187 34 118 20 38 27 39
internal_value=3.99632e-05 -0.00552296 0.00601589 -0.00750365 -0.0110396 0.0248377 0.00399676 -0.000595599 0.0167108 0.0099371 -0.00645279 0.0378284 0.0548567 0.050043
internal_weight=607.508 314.626 292.882 295.357 245.571 19.2688 275.402 202.323 73.0796 49.7867 9.43456 17.4797 9.83419 10.727
internal_count=2646 1326 1320 1239 1021 87 1223 864 359 218 40 97 47 59
is_linear=0
shrinkage=0.04


Tree=27
num_leaves=15
num_cat=0
split_feature=61 61 31 32 44 59 24 22 47 39 55 42 22 31
split_gain=11.9458 19.3527 13.737 13.5981 12.5872 12.4538 12.4158 11.1339 12.6699 28.5626 16.0794 9.9594 2.52827 2.13556
threshold=0.50413027870558869 0.49623166192440987 1.5626197469601186 -0.075373123335345668 0.013969170669377256 -0.014465183532854517 0.041666666666597151 -2.0229639920269613 -0.26929407564000818 0.33188944125360648 -0.26634656536305334 0.00016116193948526462 -2.8066531284510878 -0.18733918551824116
decision_type=2 2 2 2 2 2 2 2 2 2 2 2 2 2
left_child=1 2 4 11 -1 -5 -4 12 9 -9 -10 -3 13 -2
right_child=7 3 6 5 -6 -7 -8 8 10 -11 -12 -13 -14 -15
leaf_value=0.0065089811034975843 -0.0051941262095486253 -0.031009351269783884 0.011630444644946194 -0.028394524109992724 0.038696435976762443 0.0026524781200680443 -0.043086138859768676 -0.033059222102658353 -0.036742874927735578 0.013228048738531362 0.037131111889972986 -0.0070446913852470041 0.047816976895863048 0.036907789203496771
leaf_weight=138.48894169926643 3.3432589620351791 64.368415206670761 11.572465136647226 24.66477008163929 22.613256901502609 127.69991101324558 15.552344024181364 31.943845838308334 5.5794484615325919 64.197382971644402 30.398870661854744 48.769007608294487 12.906145945191382 4.552540302276614
leaf_count=609 20 266 50 100 116 532 66 137 24 285 134 199 81 27
internal_value=4.03301e-05 -0.00321829 0.00659298 -0.010174 0.011027 -0.00237341 -0.019742 0.00970889 0.00542619 -0.00215134 0.0256749 -0.0206791 0.0369096 0.0190809
internal_weight=606.651 453.729 188.227 265.502 161.102 152.365 27.1248 152.921 132.12 96.1412 35.9783 113.137 20.8019 7.8958
internal_count=2646 1938 841 1097 725 632 116 708 580 422 158 465 128 47
is_linear=0
shrinkage=0.04


Tree=28
num_leaves=12
num_cat=0
split_feature=52 22 25 44 54 52 23 24 44 39 47
split_gain=11.5705 9.35189 15.6978 10.9466 10.6215 8.50762 5.90985 5.35414 2.40792 1.46905 1.04097
threshold=-0.5783722513438837 -0.37815708818660349 0.90000000000000013 0.013975190753272618 0.12539336086192995 -0.36422091206525914 0.19222798111062267 0.024999999999958254 0.013969128000794714 1.4073002512032284 -0.39539193202130579
decision_type=2 2 2 2 2 2 2 2 2 2 2
left_child=7 4 3 -3 5 -2 -4 -1 -6 10 -9
right_child=1 2 6 -5 8 -7 -8 9 -10 -11 -12
leaf_value=-0.009330022066756578 -0.016058836181427016 -0.0087576245710670152 -0.0026979584712909493 0.025593914897798067 0.023061602280517929 0.0068211782712735486 0.034412369774532027 0.055350809899475197 0.052859716825246185 0.022938498080537561 0.028937851840446782
leaf_weight=4.7189601808786419 31.186373800039291 331.16865159571171 10.169422507286074 15.538949072360991 10.641581386327745 156.43286484479904 21.137053847312927 7.8220871239900625 7.3260360434651366 6.118181735277175 3.4361442103981954
leaf_count=24 156 1383 44 65 55 680 99 42 43 33 22
internal_value=4.12787e-05 -0.00103445 -0.00476863 -0.00721804 0.00583162 0.00301803 0.0223577 0.0284543 0.0352114 0.0387154 0.0472893
internal_weight=605.696 583.601 378.014 346.708 205.587 187.619 31.3065 22.0954 17.9676 17.3764 11.2582
internal_count=2646 2525 1591 1448 934 836 143 121 98 97 64
is_linear=0
shrinkage=0.04


Tree=29
num_leaves=10
num_cat=0
split_feature=61 61 61 22 3 38 61 61 6
split_gain=11.1053 12.3516 14.5047 16.0323 11.8921 15.8071 11.1024 4.38888 0.0260969
threshold=0.48502361033135466 0.50413027870558869 0.49764505321801289 -0.37815708818660349 0.00072328500198545005 0.79268409262737571 0.50001740612756784 0.51188885497356063 -9.7688675322407564e-05
decision_type=2 2 2 2 2 2 2 2 2
left_child=8 2 3 -2 7 -6 -4 -3 -1
right_child=1 4 6 -5 5 -7 -8 -9 -10
leaf_value=0.048260982191340659 0.014458173898039835 0.012729827448633638 -0.021649385848243021 -0.0058948603917355234 -0.0095161360615946058 0.018449151607821665 -0.002227012922678507 0.049460737570815094 0.053198072745322116
leaf_weight=3.6509961560368538 103.46485735476017 8.1665678918361682 98.037155866622925 154.23146951198578 63.871346302330494 65.507344596087933 90.61569432914257 14.3519150018692 3.2272562384605399
leaf_count=26 463 37 400 654 297 307 377 67 18
internal_value=4.12141e-05 -0.000539819 -0.00389271 0.00227687 0.00931263 0.00464332 -0.0123202 0.0361399 0.0505775
internal_weight=605.125 598.246 446.349 257.696 151.897 129.379 188.653 22.5185 6.87825
internal_count=2646 2602 1894 1117 708 604 777 104 44
is_linear=0
shrinkage=0.04


Tree=30
num_leaves=12
num_cat=0
split_feature=18 6 51 61 22 61 61 14 10 56 22
split_gain=10.8627 10.8445 10.137 9.55994 10.108 8.73963 11.6423 11.0475 7.86165 2.65234 0.925556
threshold=1.0000000180025095e-35 0.00038161285330020006 -0.060396800592444795 0.49210559988329755 -0.16630750213998152 0.49407037553151995 0.50001740612756784 0.00018818928900520002 8.196839332187809e-05 0.14968794263637569 -0.18687974597153154
decision_type=2 2 2 2 2 2 2 2 2 2 2
left_child=1 3 8 9 -5 7 -7 -4 10 -1 -2
right_child=2 -3 5 4 -6 6 -8 -9 -10 -11 -12
leaf_value=0.044532495823724469 0.033565220044354777 -0.039573728356705445 -0.0061440971491990657 0.011865976427830518 -0.0039044963478010513 -0.018779944248334547 -0.00053287101924639352 0.027025038363033133 -0.015849440453190592 0.0054161318355539535 0.05634844797774511
leaf_weight=13.180569641292097 6.6764450818300256 8.2543997764587385 45.93917977809906 151.42677187919617 113.96979264914989 125.69328907132149 100.82244129478931 24.706947192549706 5.1982326805591574 3.5126765966415396 4.9816747903823861
leaf_count=75 30 37 205 704 482 510 425 112 22 22 22
internal_value=4.10239e-05 0.00561803 -0.00511553 0.00694042 0.00509363 -0.00682721 -0.0106581 0.00545609 0.0250598 0.0363014 0.0433008
internal_weight=604.362 290.344 314.018 282.09 265.397 297.162 226.516 70.6461 16.8564 16.6932 11.6581
internal_count=2646 1320 1326 1283 1186 1252 935 317 74 97 52
is_linear=0
shrinkage=0.04


Tree=31
num_leaves=10
num_cat=0
split_feature=61 61 61 31 3 39 9 23 6
split_gain=10.3094 11.2156 13.0363 14.9736 11.0857 16.8305 10.9398 8.33924 0.0215043
threshold=0.48502361033135466 0.50413027870558869 0.49764505321801289 1.5474394230663069 0.00072328500198545005 0.30259931464151291 0.00020526569121754115 0.15364065449922701 -9.7688675322407564e-05
decision_type=2 2 2 2 2 2 2 2 2
left_child=8 2 3 -2 7 -6 -4 -3 -1
right_child=1 4 6 -5 5 -7 -8 -9 -10
leaf_value=0.04768427724257527 0.005885640794105345 -0.0098345910894984522 -0.023481369918685348 -0.022870227714907751 -0.017411088844801054 0.013978277069509132 -0.0038239319387962105 0.048420545245185929 0.052265855267187619
leaf_weight=3.4690683931112289 223.71426491439342 5.1065465360879925 75.466267541050911 33.283440560102463 39.308762550354004 89.692643329501152 113.30998820066452 17.089017070829868 3.1073770970106116
leaf_count=26 976 23 312 141 176 428 465 81 18
internal_value=4.07087e-05 -0.000507998 -0.00370107 0.00216151 0.00890612 0.00441344 -0.0116823 0.0350178 0.0498491
internal_weight=603.547 596.971 445.774 256.998 151.197 129.001 188.776 22.1956 6.57645
internal_count=2646 2602 1894 1117 708 604 777 104 44
is_linear=0
shrinkage=0.04


Tree=32
num_leaves=11
num_cat=0
split_feature=52 61 37 8 58 24 0 46 43 8
split_gain=10.2956 9.30451 8.99609 10.2397 7.75061 5.11536 3.77654 1.83207 1.52384 1.25725
threshold=-0.5783722513438837 0.48839442795966675 0.53993063233784966 0.00094655482729020005 -0.34654928707613147 0.024999999999958254 59.849447999307344 -0.14385811270662485 0.62575354954721107 -7.4064268549570129e-05
decision_type=2 2 2 2 2 2 2 2 2 2
left_child=5 6 4 -4 -3 -1 9 8 -7 -2
right_child=1 2 3 -5 -6 7 -8 -9 -10 -11
leaf_value=-0.0097778567904879855 0.027936469018626734 -0.10231469948734591 -0.029480240230085598 0.016656370496117345 -0.00012225815408603799 0.054672858888432388 0.0022204085432177378 0.013113252630016042 0.025944737830055846 0.055326244507142443
leaf_weight=4.6767451167106655 5.010596491396428 1.1901795119047154 34.341942116618156 9.9203194379806501 519.46718288213015 8.4748506247997302 5.6500239819288245 3.8079210743308041 4.5351108610630044 5.7683713287115106
leaf_count=24 32 5 146 42 2243 47 27 22 28 30
internal_value=4.0515e-05 -0.000964633 -0.00182761 -0.0191398 -0.000355862 0.027226 0.0287094 0.0375161 0.0446586 0.0425941
internal_weight=602.843 581.349 564.92 44.2623 520.657 21.4946 16.429 16.8179 13.01 10.779
internal_count=2646 2525 2436 188 2248 121 89 97 75 62
is_linear=0
shrinkage=0.04


Tree=33
num_leaves=13
num_cat=0
split_feature=18 6 42 31 3 23 57 41 51 31 43 61
split_gain=9.69156 9.94748 9.66365 10.4767 9.29078 9.15988 9.13136 11.3454 8.2905 4.57009 2.69144 0.416876
threshold=1.0000000180025095e-35 0.00038161285330020006 0.0002497435679497387 1.0346109871011844 0.0022074710209982504 4.5701279708702058 -0.23272220966569018 3.7828163478674059e-06 0.0286297603013622 1.2926116640698364 0.66603041055175649 0.50109824210548637
decision_type=2 2 2 2 2 2 2 2 2 2 2 2
left_child=1 4 6 11 5 -1 9 -8 -5 -2 -6 -4
right_child=2 -3 3 8 10 -7 7 -9 -10 -11 -12 -13
leaf_value=0.00093574416863392482 0.048502600673887009 -0.037821500320574263 0.041988687505606505 0.031828495964432893 0.017340630501104962 0.018566336513144013 -0.00014221261796195029 -0.016178617469771648 -0.043615838553053642 1.1953187660005988e-05 0.053831188140689802 0.05949204173003593
leaf_weight=205.99076959490776 6.9350312054157239 8.3033463060855848 3.4545051455497759 4.5391014218330366 5.4305727407336217 61.144873537123203 142.59320767223835 139.78301958739758 4.7895883172750473 5.6378935426473618 7.995565727353096 5.887784019112587
leaf_count=898 30 37 20 20 34 304 606 578 20 25 47 27
internal_value=3.99736e-05 0.00532611 -0.00482891 0.0230785 0.00660308 0.00497122 -0.00659551 -0.00808062 -0.00690656 0.0267586 0.0390716 0.0530198
internal_weight=602.485 288.865 313.62 18.671 280.562 267.136 294.949 282.376 9.32869 12.5729 13.4261 9.34229
internal_count=2646 1320 1326 87 1283 1202 1239 1184 40 55 81 47
is_linear=0
shrinkage=0.04


Tree=34
num_leaves=14
num_cat=0
split_feature=22 15 24 19 3 42 25 29 41 41 6 29 31
split_gain=9.52797 8.77148 16.8162 16.3436 12.6121 11.8756 9.23399 6.36668 5.03218 13.0905 3.11217 5.53311 1.82162
threshold=-2.0229639920269613 9.9280933926072624e-05 0.24166666666626388 -1.3004446237690277 0.00043774466399680009 0.00017753257366554282 0.75000000000000011 2.8152903125815087 2.4475347953571245e-05 -1.120942841055239e-05 2.1096597437939719e-05 1.0477115927713958 -0.84373397818481488
decision_type=2 2 2 2 2 2 2 2 2 2 2 2 2
left_child=7 3 5 6 -5 -3 -2 10 9 -9 12 -12 -1
right_child=1 2 -4 4 -6 -7 -8 8 -10 -11 11 -13 -14
leaf_value=0.020875124268822258 -0.0021596855597494778 0.012458773141524061 -0.051571338189657333 0.047464236086288789 -0.014788666438016714 -0.0064415184945779691 0.021893065231096548 0.020737958121124205 0.031324095756625099 -0.053469995859281756 -0.013207115073140679 0.041440368636345155 0.051264371509462843
leaf_weight=4.5115800499916068 74.59899015724659 158.44509473443031 8.369485601782797 5.3557083308696738 187.51277957111597 80.071880578994751 38.830485820770264 8.81680828332901 6.2156686112284651 6.6889210492372522 5.8002819791436178 6.0634842440485954 10.503792732954027
leaf_count=25 321 671 35 24 795 346 183 47 35 31 31 36 66
internal_value=3.98389e-05 -0.00145201 0.00415827 -0.00597409 -0.01306 0.00611381 0.00607433 0.0170205 0.000915513 -0.0112742 0.0300351 0.0147228 0.0421335
internal_weight=601.785 553.184 246.886 306.298 192.868 238.517 113.429 48.6005 21.7214 15.5057 26.8791 11.8638 15.0154
internal_count=2646 2375 1052 1323 819 1017 504 271 113 78 158 67 91
is_linear=0
shrinkage=0.04


Tree=35
num_leaves=13
num_cat=0
split_feature=52 22 32 22 45 43 22 52 22 13 2 41
split_gain=9.38333 7.06899 8.68876 18.8025 13.0082 6.71082 10.403 3.6365 2.88648 1.83262 1.27139 0.226978
threshold=-0.5783722513438837 -2.0229639920269613 0.3146227439924823 0.30345799314665539 0.89930940367727052 0.61912694453447992 -2.9988310721389677 -0.66625545378771511 -0.4034986818064315 2.0963359572986606e-05 0.44516573762102901 -1.7645628543612917e-05
decision_type=2 2 2 2 2 2 2 2 2 2 2 2
left_child=7 5 4 -4 -3 6 -2 -1 9 -9 -7 -10
right_child=1 2 3 -5 -6 10 -8 8 11 -11 -12 -13
leaf_value=-0.0014577066827022981 -0.031553961244182728 -0.0045973562331122321 0.01413463911164691 -0.012323060049023421 -0.051726298103975117 0.024930998287829839 0.019332439646092089 0.037671106536219481 0.056261665278245485 -0.0046769039758359898 0.054070378513095915 0.043249289395643951
leaf_weight=5.5609480217099216 8.7326722145080513 339.3646971359849 121.41175257414579 66.524484679102898 9.6365354210138303 3.8556229770183545 24.356562748551372 3.2057708129286775 5.3496255874633789 3.3369980379939079 6.3272137194871902 3.5802357643842662
leaf_count=33 40 1450 517 282 40 21 139 22 27 19 36 20
internal_value=4.01127e-05 -0.000911319 -0.00216472 0.00476931 -0.00589867 0.0146413 0.00590287 0.0262853 0.0362563 0.0160724 0.0430371 0.0510446
internal_weight=601.243 580.21 536.937 187.936 349.001 43.2721 33.0892 21.0336 15.4726 6.54277 10.1828 8.92986
internal_count=2646 2525 2289 799 1490 236 179 121 88 41 57 47
is_linear=0
shrinkage=0.04


Tree=36
num_leaves=10
num_cat=0
split_feature=61 61 61 22 49 55 42 59 6
split_gain=9.0916 9.88104 14.6559 13.2092 10.2185 12.5058 11.78 9.22615 0.0199545
threshold=0.48502361033135466 0.50258099707148463 0.49764505321801289 -0.37815708818660349 0.29978308033578044 -0.26634656536305334 0.00015413016484359322 -0.0013920402566419642 -9.7688675322407564e-05
decision_type=2 2 2 2 2 2 2 2 2
left_child=8 2 3 -2 5 -3 -6 -4 -1
right_child=1 4 7 -5 6 -7 -8 -9 -10
leaf_value=0.046575399218984986 0.013357926712757292 -0.026533966989767621 -0.033423265293190445 -0.0051899278775286205 0.015245176701064116 0.02911178947433191 -0.010191204230415196 -0.008680975693443652 0.051169849823996368
leaf_weight=3.1142561733722687 102.12874412536621 7.4596809446811667 29.367828205227852 154.17803984880447 51.674366734921932 48.318131327629089 66.774847611784935 134.77756796777248 2.9406961053609839
leaf_count=26 463 32 118 654 241 231 309 554 18
internal_value=3.99006e-05 -0.000456638 -0.00377573 0.0022007 0.00755314 0.0216698 0.00090561 -0.0131077 0.0488068
internal_weight=600.734 594.679 420.452 256.307 174.227 55.7778 118.449 164.145 6.05495
internal_count=2646 2602 1789 1117 813 263 550 672 44
is_linear=0
shrinkage=0.04


Tree=37
num_leaves=12
num_cat=0
split_feature=52 61 31 8 6 24 10 10 46 41 44
split_gain=8.44149 8.23092 7.64908 9.51859 8.07421 4.90326 3.16887 4.4159 1.69222 1.64414 0.312909
threshold=-0.5783722513438837 0.48839442795966675 1.6197918970135488 0.00094655482729020005 0.00030580249903095006 0.024999999999958254 -9.4605278499279763e-06 -0.00012124848638614999 -0.14385811270662485 -3.7492349011654835e-05 0.013968898307472584
decision_type=2 2 2 2 2 2 2 2 2 2 2
left_child=5 6 4 -4 -3 -1 7 -2 9 -7 -8
right_child=1 2 3 -5 -6 8 10 -9 -10 -11 -12
leaf_value=-0.011194084119552302 0.043627097864741914 0.00094506185843870681 -0.027531316306733764 0.017009434690377995 -0.020376628182195777 0.021463361181127797 0.055591807642842009 -0.012981285115541719 0.01203009695802695 0.052883706611725388 0.038599191964443898
leaf_weight=4.5946759879589107 3.9167835563421241 488.87128510326147 34.448504254221916 9.8780441135168058 30.170668289065361 3.913539446890355 3.7419404387474051 5.0445145145058623 3.7115266174077961 8.3498621359467489 3.230995737016201
leaf_count=24 23 2121 146 42 127 25 19 26 22 50 21
internal_value=3.96072e-05 -0.000854522 -0.00165639 -0.0176055 -0.000294317 0.025221 0.0274961 0.011761 0.0356946 0.0428567 0.0477181
internal_weight=599.872 579.303 563.369 44.3265 519.042 20.5696 15.9342 8.9613 15.9749 12.2634 6.97294
internal_count=2646 2525 2436 188 2248 121 89 49 97 75 40
is_linear=0
shrinkage=0.04


Tree=38
num_leaves=15
num_cat=0
split_feature=61 61 23 1 32 48 42 54 39 50 20 55 41 32
split_gain=8.04084 14.4178 11.5976 12.2198 11.1051 10.4909 9.472 8.41015 17.8504 21.3466 15.8075 14.0053 6.27435 6.12207
threshold=0.50413027870558869 0.49623166192440987 8.958418039893461 19.599674198907454 -0.075373123335345668 0.054076838777329751 0.00015982626881317402 0.082300920090640162 0.25925614613717057 0.094088623454477646 0.0025846604006670004 -0.26634656536305334 -5.1284392837687888e-05 -0.78561813300565031
decision_type=2 2 2 2 2 2 2 2 2 2 2 2 2 2
left_child=1 2 3 -1 6 -6 -3 11 10 -10 -9 -2 -13 -4
right_child=7 4 13 -5 5 -7 -8 8 9 -11 -12 12 -14 -15
leaf_value=0.0082232305386805496 -0.031156069601250006 -0.028467348246530404 -0.0041386295560273279 -0.018859327303378189 0.00156133403936353 -0.037176646386647437 -0.0051954113117715231 0.01600707167824917 -0.039146646786399251 0.020889109638892293 -0.042356118771055114 -0.0037709274610737953 0.045423965812808331 0.054309485193574647
leaf_weight=136.90954463928938 5.8309483081102362 62.744828134775162 3.8421028554439536 33.10151931643486 139.73539635539055 12.158851057291029 50.509600713849068 11.376745060086249 10.938964188098906 70.858483634889126 21.377356946468353 5.0262514799833324 23.742101863026619 11.301659844815729
leaf_count=614 25 259 20 141 583 49 206 52 47 357 96 23 108 66
internal_value=3.90934e-05 -0.00262711 0.00593802 0.0029502 -0.00860818 -0.00153957 -0.0180884 0.00808866 0.00286852 0.0128604 -0.0220844 0.0253715 0.0368289 0.0394807
internal_weight=599.454 450.304 185.155 170.011 265.149 151.894 113.254 149.151 114.552 81.7974 32.7541 34.5993 28.7684 15.1438
internal_count=2646 1938 841 755 1097 632 465 708 552 404 148 156 131 86
is_linear=0
shrinkage=0.04


Tree=39
num_leaves=10
num_cat=0
split_feature=61 61 61 22 9 58 61 58 6
split_gain=8.34196 8.4991 12.7568 11.8137 9.60211 12.0824 9.72067 8.2105 0.015689
threshold=0.48502361033135466 0.50258099707148463 0.49764505321801289 -0.37815708818660349 0.0001950804593138511 -0.20670490161783783 0.50686601238303919 -0.13848283560998714 -9.7688675322407564e-05
decision_type=2 2 2 2 2 2 2 2 2
left_child=8 2 3 -2 6 -6 -3 -4 -1
right_child=1 4 7 -5 5 -7 -8 -9 -10
leaf_value=0.04607655070363198 0.01269841368692713 -0.010349544146936685 -0.0066262764124845747 -0.0048819575293362364 -0.0044699794682942643 0.022357384149493852 0.03933393105012159 -0.026555827255288298 0.050267983035164568
leaf_weight=2.9378497302532196 101.37585086375475 8.4967004060745221 118.37778362631798 154.15565530955791 103.80245983600616 36.238058224320412 24.379197224974632 45.898638054728508 2.7818581461906424
leaf_count=26 463 38 487 654 495 162 118 185 18
internal_value=3.98388e-05 -0.000424081 -0.00349815 0.00209262 0.00703916 0.00247209 0.0264934 -0.0121946 0.0481151
internal_weight=598.444 592.724 419.808 255.532 172.916 140.041 32.8759 164.276 5.71971
internal_count=2646 2602 1789 1117 813 657 156 672 44
is_linear=0
shrinkage=0.04


Tree=40
num_leaves=14
num_cat=0
split_feature=22 15 43 22 19 3 42 25 43 36 22 49 59
split_gain=7.73546 8.5737 15.188 15.6254 14.6943 11.342 10.5676 7.3623 6.3861 10.9332 8.19925 1.48943 0.0688539
threshold=-2.0229639920269613 9.9280933926072624e-05 0.96249243999205769 0.30345799314665539 -1.3117229864902906 0.00043774466399680009 0.00017753257366554282 0.75000000000000011 0.61912694453447992 0.51226315818019952 -2.9988310721389677 0.27271799854927653 0.32577942177718017
decision_type=2 2 2 2 2 2 2 2 2 2 2 2 2
left_child=8 4 6 -4 7 -6 -3 -2 9 10 -1 -10 -13
right_child=1 2 3 -5 5 -7 -8 -9 11 -11 -12 12 -14
leaf_value=-0.019461402848589521 -0.0015246001448640065 0.012576169040509415 -0.082535522027305963 0.0074097465247376232 0.045759644583789685 -0.014007418468268789 -0.0054835255901860159 0.020272489404603102 0.020304169279608108 -0.048566607622957489 0.027909608427819536 0.055718580309827709 0.048030564706217221
leaf_weight=7.7784190624952307 73.172038555145264 155.59943087399006 6.3726819008588773 5.999596044421196 5.2205786705017081 188.98978423327208 77.742710717022419 37.499709084630013 3.3679251521825773 4.8210034966468802 23.53362346440554 4.1853876113891602 3.3603691980242729
leaf_count=37 316 663 26 26 24 803 337 180 19 23 145 22 25
internal_value=3.94773e-05 -0.00129076 0.00426928 -0.038919 -0.00577178 -0.0124008 0.00655921 0.00586107 0.0156075 0.00750824 0.0161419 0.0424226 0.0522949
internal_weight=597.643 550.597 245.714 12.3723 304.882 194.21 233.342 110.672 47.0467 36.133 31.312 10.9137 7.54576
internal_count=2646 2375 1052 52 1323 827 1000 496 271 205 182 66 47
is_linear=0
shrinkage=0.04


Tree=41
num_leaves=10
num_cat=0
split_feature=61 61 61 31 49 39 55 56 7
split_gain=7.90463 7.72111 11.739 11.2554 8.95936 11.7595 11.0522 7.89551 0.014978
threshold=0.48502361033135466 0.50258099707148463 0.49764505321801289 1.5474394230663069 0.29978308033578044 0.25925614613717057 -0.26634656536305334 0.011299639449142385 -0.00015128844972914996
decision_type=2 2 2 2 2 2 2 2 2
left_child=8 2 3 -2 6 -6 -3 -4 -1
right_child=1 4 7 -5 5 -7 -8 -9 -10
leaf_value=0.045755994610071279 0.0053026696896484593 -0.02493825714189463 -0.0042709172717602262 -0.019579418134449161 -0.019104156109520688 0.008670995758870606 0.027284296335450656 -0.022064072514994915 0.049934051032645171
leaf_weight=2.9296457469463348 221.6151273176074 7.51782602071762 95.901893511414528 33.482266083359718 34.550234138965607 82.929697975516319 47.157017402350903 68.333564236760139 2.5835154354572287
leaf_count=27 976 32 390 141 154 396 231 282 17
internal_value=3.94163e-05 -0.00040495 -0.00333319 0.00203682 0.00672764 0.000502469 0.0201037 -0.0116741 0.0477139
internal_weight=597.001 591.488 419.333 255.097 172.155 117.48 54.6748 164.235 5.51316
internal_count=2646 2602 1789 1117 813 550 263 672 44
is_linear=0
shrinkage=0.04


Tree=42
num_leaves=10
num_cat=0
split_feature=61 22 61 44 32 22 44 31 7
split_gain=7.53501 7.31473 8.39577 9.25619 7.11793 15.8048 11.5791 1.06659 0.0130345
threshold=0.48502361033135466 -2.0229639920269613 0.51286378461648841 0.01396851680429846 0.3146227439924823 0.30345799314665539 0.013970099205133601 -1.0510563015030427 -0.00015128844972914996
decision_type=2 2 2 2 2 2 2 2 2
left_child=8 2 3 -2 6 -6 -3 -4 -1
right_child=1 4 7 -5 5 -7 -8 -9 -10
leaf_value=0.045499505252998854 0.025406578568594278 -0.0073138442917941426 0.019617137203122012 -0.017081721581517623 0.012997583955919217 -0.011182259568116562 0.017894633245046639 0.04748072714803362 0.049460867385458844
leaf_weight=2.8303191661834717 16.305598616600037 322.38103400170803 2.7764821872115126 16.510750755667686 123.88512419164181 66.451331898570061 32.052941367030144 10.551302343606947 2.505479507148265
leaf_count=27 84 1378 20 82 534 281 141 82 17
internal_value=3.89955e-05 -0.000388297 0.014903 0.00402962 -0.00168353 0.00455578 -0.00503414 0.0416761 0.0473596
internal_weight=596.25 590.915 46.1441 32.8163 544.77 190.336 354.434 13.3278 5.3358
internal_count=2646 2602 268 166 2334 815 1519 102 44
is_linear=0
shrinkage=0.04


Tree=43
num_leaves=10
num_cat=0
split_feature=50 57 18 6 51 24 31 12 1
split_gain=7.19459 6.08945 6.68568 10.5854 9.48856 5.76963 4.31543 1.27336 0.274882
threshold=0.16425800104301971 -0.23272220966569018 1.0000000180025095e-35 0.00038161285330020006 -0.060396800592444795 0.024999999999958254 1.2926116640698364 -7.9783335989674618e-05 -28.941804284004316
decision_type=2 2 2 2 2 2 2 2 2
left_child=1 6 3 -3 -4 -2 -1 -7 -9
right_child=5 2 4 -5 -6 7 -8 8 -10
leaf_value=0.048236578689688073 -0.018289119622602594 0.0046462558105645445 0.024062185964347723 -0.043372164157428811 -0.0071310716585839401 0.018955726288331167 0.0010484375675060102 0.037193362786289902 0.052113521858591375
leaf_weight=6.8581824749708158 3.5936732366681126 260.08037852495909 16.51354406774044 7.558829352259635 282.86301704496145 3.558666095137597 5.6598676741123199 2.9365410655736923 6.0380834713578189
leaf_count=30 19 1188 74 32 1197 23 25 20 38
internal_value=3.88805e-05 -0.000694451 -0.00130368 0.00329009 -0.00541046 0.0263917 0.0269011 0.039203 0.0472316
internal_weight=595.661 579.534 567.016 267.639 299.377 16.127 12.5181 12.5333 8.97462
internal_count=2646 2546 2491 1220 1271 100 55 81 58
is_linear=0
shrinkage=0.04


Tree=44
num_leaves=15
num_cat=0
split_feature=61 61 31 15 45 9 58 56 25 42 41 60 20 3
split_gain=7.37903 10.795 15.9307 16.8682 11.6073 8.90203 11.2199 10.1019 6.70954 7.59125 8.91396 4.75317 6.68429 0.291808
threshold=0.49337525666088683 0.50258099707148463 1.1578151709243067 0.00015331944739355004 0.59005800835033739 0.0001950804593138511 -0.20670490161783783 0.019473854977632144 0.75000000000000011 0.00019741788707906144 -2.3754445831810258e-05 0.088609616146822529 0.0025862557770089003 0.0012967979117076004
decision_type=2 2 2 2 2 2 2 2 2 2 2 2 2 2
left_child=8 2 3 -2 -4 7 -7 -3 9 10 -1 13 -13 -10
right_child=1 5 4 -5 -6 6 -8 -9 11 -11 -12 12 -14 -15
leaf_value=-0.031801320598606526 -0.0093087584289672926 -0.016449891276112776 -0.0054067317576716482 0.011146670729156623 -0.040109191632722585 -0.0046827320447382246 0.021307259992741072 0.037324270587790462 0.06025929455132225 -0.032230965307691747 0.015842298255767499 -0.027575541011693662 0.040903625213991129 0.04579075541215491
leaf_weight=7.1633994728326789 175.73634047061205 7.1919105648994437 28.463247820734978 101.90431407094002 33.657877698540688 103.01137708872557 35.81723490357399 25.087159164249897 4.6350515782833117 7.7160831838846198 51.135522320866585 3.8921194896101934 5.5083527490496635 4.2988860458135605
leaf_count=35 733 31 117 428 138 495 162 125 21 37 232 24 44 24
internal_value=3.81537e-05 -0.00177155 -0.00589789 -0.00180086 -0.0242089 0.00642196 0.00202258 0.0253432 0.0109988 0.00505342 0.00998815 0.0324057 0.0125509 0.0532972
internal_weight=595.219 510.869 339.762 277.641 62.1211 171.108 138.829 32.2791 84.3494 66.015 58.2989 18.3344 9.40047 8.93394
internal_count=2646 2229 1416 1161 255 813 657 156 417 304 267 113 68 45
is_linear=0
shrinkage=0.04


Tree=45
num_leaves=8
num_cat=0
split_feature=61 61 3 23 38 24 7
split_gain=7.03858 6.88426 6.68404 12.8918 6.36794 6.48174 0.0123124
threshold=0.48502361033135466 0.52459656732960724 0.0010000331243348504 6.639095152132426 2.8953454956138094 0.27499999999954167 -0.00013868732503344997
decision_type=2 2 2 2 2 2 2
left_child=6 4 -3 -4 5 -2 -1
right_child=1 2 3 -5 -6 -7 -8
leaf_value=0.045151234383909077 -8.76298942940835e-05 0.054170938438289316 -0.030378764629823588 0.047775893793914656 -0.035096843101097279 -0.033058950097544719 0.049109554776333275
leaf_weight=2.7800890505313873 550.40248280763626 6.9843261912465122 7.2523186206817609 6.3195666372776031 8.724947512149809 9.7080555707216245 2.2954224422574034
leaf_count=28 2403 36 32 50 39 42 16
internal_value=3.83834e-05 -0.000365519 0.0223754 0.00601291 -0.00118732 -0.000659102 0.0469414
internal_weight=594.467 589.392 20.5562 13.5719 568.835 560.111 5.07551
internal_count=2646 2602 118 82 2484 2445 44
is_linear=0
shrinkage=0.04


Tree=46
num_leaves=9
num_cat=0
split_feature=52 38 48 22 22 24 46 41
split_gain=6.63942 6.02323 6.38715 9.93039 7.43424 4.47254 1.61143 1.74667
threshold=-0.5783722513438837 2.8953454956138094 0.11808798992691623 -1.1052908175992551 -1.8983580852532114 0.024999999999958254 -0.14385811270662485 -3.7492349011654835e-05
decision_type=2 2 2 2 2 2 2 2
left_child=5 2 4 -4 -2 -1 7 -7
right_child=1 -3 3 -5 -6 6 -8 -9
leaf_value=-0.011795891658627334 0.014767612872073232 -0.033640340141660036 -0.014679724975263972 0.055546825964222696 -0.0022638423039009273 0.017978019826149751 0.010055647215953367 0.051760210232741848
leaf_weight=4.5086829736828831 44.607209227979183 8.7662752121686918 5.4161835312843323 7.9513716250658018 508.00909687578678 3.5851903483271599 3.5181473717093441 7.7257561609148979
leaf_count=24 249 39 24 35 2178 25 22 50
internal_value=3.78548e-05 -0.000737791 -0.000228178 0.0270929 -0.000889063 0.0230913 0.0336985 0.0410524
internal_weight=594.088 574.75 565.984 13.3676 552.616 19.3378 14.8291 11.3109
internal_count=2646 2525 2486 59 2427 121 97 75
is_linear=0
shrinkage=0.04


Tree=47
num_leaves=14
num_cat=0
split_feature=61 61 31 15 24 9 58 61 23 23 3 14 22
split_gain=6.73723 9.7382 14.5887 15.4752 13.0182 8.36631 10.5809 9.05298 6.53233 8.91055 6.93848 2.08656 0.102578
threshold=0.49337525666088683 0.50258099707148463 1.1578151709243067 0.00015331944739355004 0.14166666666643057 0.0001950804593138511 -0.20670490161783783 0.50686601238303919 8.958418039893461 6.7120074284605478 0.0010463477795653001 -0.00011010912544664999 0.54152216875640768
decision_type=2 2 2 2 2 2 2 2 2 2 2 2 2
left_child=8 2 3 -2 -4 7 -7 -3 9 10 -1 -10 -13
right_child=1 5 4 -5 -6 6 -8 -9 11 -11 -12 12 -14
leaf_value=0.023214484449373306 -0.008863708612317632 -0.011026026219012906 -0.015197969783444627 0.010738519467990511 -0.065416548809718325 -0.0046483663581151566 0.020656990923367483 0.037343039227630978 0.013853017139682589 -0.033739081571613178 -0.0027532262906010269 0.049172031020991075 0.05913067361622644
leaf_weight=35.889321312308311 175.9235123321414 8.4084473550319689 52.257604137063026 101.68375951051712 9.8096688538789731 102.77302777022123 35.593203499913216 23.479093931615353 2.9918673411011696 7.860569328069686 30.415709845721722 3.3415790349245054 3.2786403745412827
leaf_count=167 733 38 215 428 40 495 162 118 18 35 157 24 16
internal_value=3.72138e-05 -0.00168991 -0.00560338 -0.00168368 -0.023135 0.00611787 0.00186116 0.0245886 0.0105497 0.00652867 0.0113025 0.0415754 0.054104
internal_weight=593.706 509.928 339.675 277.607 62.0673 170.254 138.366 31.8875 83.7777 74.1656 66.305 9.61209 6.62022
internal_count=2646 2229 1416 1161 255 813 657 156 417 359 324 58 40
is_linear=0
shrinkage=0.04


Tree=48
num_leaves=10
num_cat=0
split_feature=61 61 22 3 57 49 37 22 1
split_gain=6.6336 6.40187 10.2824 14.9766 5.63337 6.34993 4.07452 0.123444 0.0105144
threshold=0.48502361033135466 0.52459656732960724 0.099447729622880163 0.0010648269492734503 -0.23272220966569018 -0.18804870523831571 0.45183038620150456 -1.9897615688648438 -11.424618625307629
decision_type=2 2 2 2 2 2 2 2 2
left_child=8 4 7 -4 6 -6 -2 -3 -1
right_child=1 2 3 -5 5 -7 -8 -9 -10
leaf_value=0.044876474064915704 0.043600902755733202 0.046212374318924637 0.045637328493171404 -0.053181918142035899 -0.015713874221077492 -0.00042098797217475308 -0.0036396144794262346 0.055167450392737925 0.048613802201694652
leaf_weight=2.6640079841017723 7.6485792249441129 6.2230652421712875 4.5737727582454664 5.2942535728216171 47.504371970891953 507.99845527112484 4.7263976335525513 4.0761663764715212 2.1983194947242728
leaf_count=28 34 55 20 22 203 2226 21 21 16
internal_value=3.70955e-05 -0.000347636 0.0217992 -0.00737977 -0.00113415 -0.00172877 0.0255582 0.0497566 0.0465662
internal_weight=592.907 588.045 20.1673 9.86803 567.878 555.503 12.375 10.2992 4.86233
internal_count=2646 2602 118 42 2484 2429 55 76 44
is_linear=0
shrinkage=0.04


Tree=49
num_leaves=14
num_cat=0
split_feature=18 61 51 38 53 29 22 39 39 10 56 54 23
split_gain=6.27316 8.03151 8.01815 8.22914 12.0875 9.36696 7.99434 18.887 13.7949 6.85556 3.10451 1.89222 1.01786
threshold=1.0000000180025095e-35 0.49210559988329755 -0.060396800592444795 0.010411961945460234 0.0011087478257680631 3.8527123002728669 -0.16630750213998152 1.1525743270294686 0.69776590564873719 8.196839332187809e-05 0.14299523809824544 -0.0165283456847506 1.1440175042801546
decision_type=2 2 2 2 2 2 2 2 2 2 2 2 2
left_child=1 10 9 4 -4 -5 7 -3 -8 12 11 -1 -2
right_child=2 6 3 5 -6 -7 8 -9 -10 -11 -12 -13 -14
leaf_value=0.012972380705286751 0.055965591359765136 0.017463880683096168 -0.0039372050464352689 -0.012210882588850789 0.04570779214533293 0.005416605511287022 -0.01757513902838995 -0.01488721836089317 0.009861950771609158 -0.0146829428148111 -0.0025354772825611246 0.051500289254261304 0.031268408207040438
leaf_weight=2.6436246782541266 4.3956637531518954 109.65088941156864 23.320415906608105 195.28791758418083 11.826455086469648 64.051792785525322 63.932616770267487 39.194729365408421 54.156057506799698 5.1814724504947653 3.0725309550762168 8.9262822493910772 6.8011843636631966
leaf_count=13 19 532 98 826 50 278 269 187 235 22 24 60 33
internal_value=3.66912e-05 0.00436151 -0.00388066 -0.00539566 0.0127677 -0.00785724 0.0027793 0.00894504 -0.00499235 0.0233595 0.0332055 0.042697 0.040964
internal_weight=592.442 281.577 310.865 294.487 35.1469 259.34 266.934 148.846 118.089 16.3783 14.6424 11.5699 11.1968
internal_count=2646 1320 1326 1252 148 1104 1223 719 504 74 97 73 52
is_linear=0
shrinkage=0.04


Tree=50
num_leaves=10
num_cat=0
split_feature=61 61 22 3 24 2 61 22 2
split_gain=6.25365 6.00609 9.67326 13.892 5.6688 8.47259 6.02275 0.104096 0.0100281
threshold=0.48502361033135466 0.52459656732960724 0.099447729622880163 0.0010648269492734503 0.27499999999954167 0.77580279558056298 0.49623166192440987 -1.9897615688648438 0.55085083795813983
decision_type=2 2 2 2 2 2 2 2 2
left_child=8 4 7 -4 6 -6 -2 -3 -1
right_child=1 2 3 -5 5 -7 -8 -9 -10
leaf_value=0.044600367158680647 0.0057009045786996929 0.045877836725929919 0.044618618451019734 -0.050892149033107473 0.0093725735449405375 -0.065769353673346631 -0.0033180564454072664 0.054246962347264144 0.048345728549466706
leaf_weight=2.6242712885141364 170.73863433301449 5.9710997343063354 4.5250479280948621 5.2793108373880386 4.4205076545476896 5.2550085186958313 386.97083575278521 3.951546326279642 2.0274903327226639
leaf_count=29 767 55 20 22 20 22 1675 21 15
internal_value=3.68002e-05 -0.000329217 0.021368 -0.00681065 -0.00108359 -0.0314388 -0.000556968 0.0492107 0.0462328
internal_weight=591.764 587.112 19.727 9.80436 567.385 9.67552 557.709 9.92265 4.65176
internal_count=2646 2602 118 42 2484 42 2442 76 44
is_linear=0
shrinkage=0.04


Tree=51
num_leaves=10
num_cat=0
split_feature=50 61 38 42 24 0 14 1 9
split_gain=5.96723 6.28497 6.16079 6.15986 5.22874 3.63322 1.73757 1.01893 0.051581
threshold=0.16425800104301971 0.48839442795966675 2.8953454956138094 9.8059731454121872e-05 0.024999999999958254 59.849447999307344 -0.00020632301066344998 1.4248563690853191 0.00022063643420519339
decision_type=2 2 2 2 2 2 2 2 2
left_child=1 5 3 -3 -2 7 -6 -1 -8
right_child=4 2 -4 -5 6 -7 8 -9 -10
leaf_value=0.027258737618422329 -0.017610576552167023 0.035127753237531555 -0.035129013983040851 -0.0012773545506256096 0.019435385290229892 -0.0017635141963957611 0.053515710367622087 0.053267693318149727 0.046404629825582813
leaf_weight=5.0994478389620763 3.5775684937834731 7.5393445044755927 8.4832021296024305 544.94621969014406 4.8838436752557746 5.2576771378517142 4.1112513095140448 4.5696475133299828 2.7064798176288605
leaf_count=39 19 32 37 2384 33 27 23 27 25
internal_value=3.62285e-05 -0.000618356 -0.00129999 -0.000780562 0.0247086 0.0249985 0.037647 0.0395507 0.0506928
internal_weight=591.175 575.896 560.969 552.486 15.2791 14.9268 11.7016 9.6691 6.81773
internal_count=2646 2546 2453 2416 100 93 81 66 48
is_linear=0
shrinkage=0.04


Tree=52
num_leaves=10
num_cat=0
split_feature=61 61 3 38 33 15 23 43 7
split_gain=5.83846 5.74351 9.34477 12.846 8.60056 10.5273 8.59348 1.96562 0.0085261
threshold=0.48502361033135466 0.50413027870558869 0.00072328500198545005 0.79268409262737571 8.3086078605295501 0.00015331944739355004 0.15364065449922701 0.67054381655466766 3.2390328722555727e-05
decision_type=2 2 2 2 2 2 2 2 2
left_child=8 4 6 -4 5 -2 -3 -6 -1
right_child=1 2 3 -5 7 -7 -8 -9 -10
leaf_value=0.044296918510400726 -0.0071492154429407574 -0.015160235935834975 -0.010501640072073319 0.015249621602353967 -0.057679026508266493 0.0054690445917345131 0.045584538564926412 -0.021550292397611106 0.047838767156503946
leaf_weight=2.4823378883302203 246.88234307616949 4.8613607138395336 61.67520148307085 62.308058328926563 4.9077454656362516 185.10616766661406 15.958350881934164 4.7331270128488541 1.9352299422025678
leaf_count=29 1056 23 297 307 20 798 81 20 15
internal_value=3.56127e-05 -0.000309494 0.00660372 0.00243971 -0.00257622 -0.00174232 0.0314008 -0.0399418 0.0458485
internal_weight=590.85 586.432 144.803 123.983 441.629 431.989 20.8197 9.64087 4.41757
internal_count=2646 2602 708 604 1894 1854 104 40 44
is_linear=0
shrinkage=0.04


Tree=53
num_leaves=14
num_cat=0
split_feature=61 61 31 15 24 49 39 41 43 8 1 1 59
split_gain=5.58735 8.28775 13.2394 13.4963 11.9579 7.8211 10.4754 8.35184 6.08643 7.08401 11.0957 3.62558 0.799607
threshold=0.49337525666088683 0.50258099707148463 1.1578151709243067 0.00015331944739355004 0.14166666666643057 0.29978308033578044 0.33188944125360648 -5.1284392837687888e-05 0.053527805470074651 0.00090891154150275018 19.599674198907454 30.843595780461332 0.022221865329594932
decision_type=2 2 2 2 2 2 2 2 2 2 2 2 2
left_child=8 2 3 -2 -4 7 -7 -3 12 10 -10 -11 -1
right_child=1 5 4 -5 -6 6 -8 -9 9 11 -12 -13 -14
leaf_value=0.055008387902911661 -0.0080923228348840602 -0.022271369331429119 -0.014268694054790925 0.010233830358512386 -0.062573177037717309 -0.017190855981895587 0.0083778403237340735 0.024589653035922941 0.010107741280426715 0.011456876275775423 -0.02999429321912379 0.059406075443028727 0.028842707098157266
leaf_weight=4.3413324877619734 176.09103949368 7.0094623789191237 52.207264676690102 101.27673353254795 9.7275589257478696 38.421662002801895 77.049794569611549 46.152418896555901 50.538174714893103 4.6836835741996747 14.124699480831621 5.4695502817630768 3.2808795869350433
leaf_count=23 733 36 215 428 40 177 373 227 265 21 61 26 21
internal_value=3.52511e-05 -0.00153244 -0.0051345 -0.0014008 -0.0218555 0.00571519 -0.000129819 0.018411 0.00969441 0.00622528 0.00134801 0.0372871 0.0437457
internal_weight=590.374 507.936 339.303 277.368 61.9348 168.633 115.471 53.1619 82.4383 74.8161 64.6629 10.1532 7.62221
internal_count=2646 2229 1416 1161 255 813 550 263 417 373 326 47 44
is_linear=0
shrinkage=0.04


Tree=54
num_leaves=10
num_cat=0
split_feature=18 6 8 23 55 30 27 57 7
split_gain=5.67973 7.81181 8.4926 22.9755 10.2643 7.43879 9.44076 7.43646 6.75469
threshold=1.0000000180025095e-35 0.00038161285330020006 0.0005946570641371001 0.61929786121332808 0.41600410070158161 -2.1650530192788922 -2.7792601421156125 0.30899933088957693 -0.00042126313925494992
decision_type=2 2 2 2 2 2 2 2 2
left_child=1 2 4 -4 -1 -2 8 -8 -7
right_child=5 -3 3 -5 -6 6 7 -9 -10
leaf_value=0.0089535818992336133 -0.063095527682081876 -0.034287852279345929 -0.053290485215491866 0.049587739338111725 -0.0082801240687602733 0.053300333078586559 -0.0065823412422783105 0.019881655657256397 0.0054588748352916759
leaf_weight=166.68757534772158 3.3366802483797064 8.2029314637184125 4.330264791846278 17.549724780023098 82.745044857263565 7.5627114027738598 268.39395277202129 18.137394487857819 12.570443868637083
leaf_count=785 15 37 18 86 394 34 1144 77 56
internal_value=3.50571e-05 0.00416986 0.0053326 0.0292271 0.00323659 -0.00369313 -0.00304679 -0.00490717 0.0234298
internal_weight=589.517 279.516 271.313 21.88 249.433 310.001 306.665 286.531 20.1332
internal_count=2646 1320 1283 104 1179 1326 1311 1221 90
is_linear=0
shrinkage=0.04


Tree=55
num_leaves=15
num_cat=0
split_feature=9 54 52 9 31 41 23 22 39 14 9 38 31 1
split_gain=5.57334 16.4339 18.6848 14.5783 11.4635 9.99239 15.7102 8.01364 7.78133 7.1967 5.02193 6.35548 5.4675 4.74671
threshold=0.00020980391946122677 0.11360347335821029 0.10340962952272895 0.0001887660388003379 -1.3358147398938554 3.6347437126208849e-05 8.958418039893461 2.5110155039532112 1.8587399980032018 0.00031618423255545006 0.0001950804593138511 0.94268501273197047 -0.13365634219163433 -23.332172521244498
decision_type=2 2 2 2 2 2 2 2 2 2 2 2 2 2
left_child=1 2 3 -1 8 6 -6 -7 13 -4 12 -12 -3 -2
right_child=4 10 9 -5 5 7 -8 -9 -10 -11 11 -13 -14 -15
leaf_value=0.0024660424088843282 0.0095937277061120679 0.050423094014635635 0.05283870044941838 -0.019053654182786602 -0.0067622068336387819 0.025385253135331808 0.024973027415921997 -0.021057471213157295 -0.0085684062840999248 -0.0047954354165915892 -0.0088907265706205402 0.028839871270039081 0.013610825405048422 0.0477965554985861
leaf_weight=77.487237252295017 7.3020251095294979 10.405567310750486 10.450001537799833 143.91445253044367 185.64463292807341 38.2890709862113 28.835078913718462 7.0369975566864005 7.929546281695365 5.1872656494379035 20.619690045714382 10.928984671831129 17.00490915030241 18.109882295131683
leaf_count=335 42 54 46 615 802 179 167 32 38 22 98 52 84 80
internal_value=3.4807e-05 -0.00383692 -0.0085375 -0.0115221 0.00394419 0.00111055 -0.00249566 0.0181749 0.0260247 0.03372 0.0150612 0.00417978 0.0275855 0.0368191
internal_weight=589.145 295.998 237.039 221.402 293.147 259.806 214.48 45.3261 33.3415 15.6373 58.9592 31.5487 27.4105 25.4119
internal_count=2646 1306 1018 950 1340 1180 969 211 160 68 288 150 138 122
is_linear=0
shrinkage=0.04


Tree=56
num_leaves=10
num_cat=0
split_feature=61 61 22 21 61 22 61 22 0
split_gain=5.40152 5.26792 9.30546 10.0074 5.7598 11.4622 8.86534 0.0920819 0.00600556
threshold=0.48502361033135466 0.52459656732960724 0.099447729622880163 8.9981346193761759e-05 0.52084233830978988 -0.068744063382416329 0.51286378461648841 -1.9897615688648438 40.504379405720975
decision_type=2 2 2 2 2 2 2 2 2
left_child=8 4 7 -4 6 -6 -2 -3 -1
right_child=1 2 3 -5 5 -7 -8 -9 -10
leaf_value=0.043990973874473267 -0.0015455321610533248 0.045430048075160948 -0.048806165440354481 0.032717469768984112 0.021758883210242642 -0.044527276349354182 0.019571357132731417 0.053488782676818156 0.047036538407910056
leaf_weight=2.2566657774150363 512.47427096962929 5.5911526754498482 4.7226457744836789 4.9181544780731201 6.2235590741038349 12.673668339848517 33.914496883749962 3.8176121413707751 1.9150938987731931
leaf_count=28 2223 55 20 22 38 54 169 21 16
internal_value=3.53002e-05 -0.000288495 0.0204005 -0.00721773 -0.000985694 -0.0226968 -0.000234801 0.0486999 0.0453891
internal_weight=588.507 584.336 19.0496 9.6408 565.286 18.8972 546.389 9.40876 4.17176
internal_count=2646 2602 118 42 2484 92 2392 76 44
is_linear=0
shrinkage=0.04


Tree=57
num_leaves=15
num_cat=0
split_feature=9 54 55 9 37 51 45 43 7 50 38 9 61 54
split_gain=5.14724 14.9442 17.3672 12.6079 10.6973 9.54515 8.96829 8.29773 6.55797 5.82361 4.86193 5.61432 3.96958 3.94971
threshold=0.00020980391946122677 0.11360347335821029 -0.28698347873953894 0.0001887660388003379 -0.4288417324420522 0.033934544838367664 0.6314142479417626 0.51412150575580329 -0.00024174615748129999 0.035653665645580791 -1.0000000180025095e-35 0.00020003057382140011 0.49661417225503374 0.0090946789531788415
decision_type=2 2 2 2 2 2 2 2 2 2 2 2 2 2
left_child=1 2 12 -4 8 7 -7 -6 9 -2 -3 -12 -1 -10
right_child=4 10 3 -5 5 6 -8 -9 13 -11 11 -13 -14 -15
leaf_value=0.056217361382744739 0.043867701794300232 -0.02148167277351673 0.0022298015998967156 -0.017654034530086519 -0.0075336431258999081 0.031354676200740325 -0.010198265662075679 0.0096195421353051352 0.0083193001560235465 -0.0073413285793333992 0.028591006021442794 0.0019254613529452605 0.010677805516402532 0.050785032353760001
leaf_weight=7.4371249824762327 4.8834369331598309 5.4682853817939749 78.361612252891064 146.24663303047419 151.44376783818007 27.794930309057236 11.85505151003599 64.271694257855415 4.6435897052288082 13.044085092842577 32.213599920272827 20.78432896733284 5.2066519856452942 14.283929876983164
leaf_count=34 24 24 339 624 687 117 51 307 20 71 163 101 21 63
internal_value=3.50312e-05 -0.00368544 -0.00814923 -0.0107169 0.00380003 0.000892607 0.0189307 -0.00242291 0.0239453 0.00660795 0.0144283 0.0181335 0.0374644 0.0403667
internal_weight=587.939 295.718 237.252 224.608 292.22 255.365 39.65 215.715 36.855 17.9275 58.4662 52.9979 12.6438 18.9275
internal_count=2646 1306 1018 963 1340 1162 168 994 178 95 288 264 55 83
is_linear=0
shrinkage=0.04


Tree=58
num_leaves=12
num_cat=0
split_feature=50 61 61 22 23 23 1 32 59 42 42
split_gain=5.04837 5.48842 10.8206 14.3763 12.23 9.55938 9.21259 5.80903 5.09115 6.10469 0.0138066
threshold=0.16425800104301971 0.49623166192440987 0.50001740612756784 -0.058031757626624346 -0.50446959540617942 8.958418039893461 19.599674198907454 -0.78561813300565031 0.60865592749480102 0.00018946764242153404 0.00016331398798171367
decision_type=2 2 2 2 2 2 2 2 2 2 2
left_child=1 5 3 -3 -4 6 -1 -7 10 -10 -2
right_child=8 2 4 -5 -6 7 -8 -9 9 -11 -12
leaf_value=0.0073448367151420424 0.051204756056598306 -0.00065449941114563925 0.052736861503457036 -0.024105115078741579 0.00084578010217495423 -0.0056206087494154438 -0.016358782926795191 0.052908207092678787 -0.029997467613275691 0.040006379378265199 0.047537659278804024
leaf_weight=130.72792695462704 3.0541502684354773 96.862258478999138 7.518388330936431 73.616368889808655 217.4342407360673 3.7066866829991332 32.820973917841911 10.123145278543232 4.3824024647474271 3.6558586806058884 3.554622657597065
leaf_count=586 19 405 32 299 997 20 141 66 21 29 31
internal_value=3.5169e-05 -0.00055778 -0.00318015 -0.010781 0.00258009 0.00528828 0.002588 0.0372212 0.023224 0.00184078 0.0492324
internal_weight=587.457 572.81 395.431 170.479 224.953 177.379 163.549 13.8298 14.647 8.03826 6.60877
internal_count=2646 2546 1733 704 1029 813 727 86 100 50 50
is_linear=0
shrinkage=0.04


Tree=59
num_leaves=9
num_cat=0
split_feature=50 43 18 49 48 38 7 41
split_gain=4.87373 6.67933 6.18301 8.54627 8.60846 7.71003 8.78856 7.94757
threshold=-0.063584233827165076 0.4899622593814828 1.0000000180025095e-35 -0.069660637247790161 -0.00721745849201531 0.010411961945460234 2.2099640144405843e-05 3.7828163478674059e-06
decision_type=2 2 2 2 2 2 2 2
left_child=1 -1 3 -2 -5 6 -4 -7
right_child=2 -3 5 4 -6 7 -8 -9
leaf_value=-0.0024718737624283885 0.053505733272857202 0.06394890039311607 -0.008006872008815797 0.0045574714163454386 -0.02716878359658249 0.00036611801263577992 0.031381135870876029 -0.013544605662701922
leaf_weight=5.2669922858476621 5.4400931745767585 4.485247865319252 17.12845516204834 257.456617038697 14.451965242624281 127.37440418452024 19.250455223023891 135.74607306718826
leaf_count=24 26 20 72 1232 62 555 82 573
internal_value=3.50412e-05 0.0280764 -0.000439027 0.0038644 0.00287122 -0.00442417 0.0128359 -0.00681054
internal_weight=586.6 9.75224 576.848 277.349 271.909 299.499 36.3789 263.12
internal_count=2646 44 2602 1320 1294 1282 154 1128
is_linear=0
shrinkage=0.04


Tree=60
num_leaves=13
num_cat=0
split_feature=61 43 31 61 23 49 13 31 23 23 41 6
split_gain=4.91751 7.38448 12.334 11.2804 9.47464 9.38673 9.19167 8.33997 5.88095 7.98501 6.70929 2.10108
threshold=0.49337525666088683 0.51412150575580329 1.2070952552982834 0.51468238852669768 4.5407253509037373 -0.18804870523831571 0.00032931651908865006 -1.1111735383635131 8.958418039893461 6.7120074284605478 -2.3754445831810258e-05 -5.5521615403183422e-05
decision_type=2 2 2 2 2 2 2 2 2 2 2 2
left_child=8 2 5 -4 7 -2 -6 -3 9 10 -1 -10
right_child=1 4 3 -5 6 -7 -8 -9 11 -11 -12 -13
leaf_value=-0.019914959757016779 -0.02661666394593739 0.01546960076961156 -0.033553690295534788 0.030564513218779787 0.023597470749598132 8.1197186019374202e-06 -0.025990956283213948 -0.010696712501447674 0.011684008879414688 -0.032677036157141306 0.015564413148391335 0.053158255871497605
leaf_weight=10.10982723534107 22.847525790333748 28.692327976226807 34.987256526947021 5.0200961902737609 54.313674934208393 291.45064436644316 6.7207775041460982 60.76319545507431 2.8862515054643154 7.8636022061109534 54.502286426723003 6.0531230419874174
leaf_count=64 94 128 146 31 264 1274 30 262 19 35 260 39
internal_value=3.42909e-05 -0.00143701 -0.00459003 -0.0255082 0.0059863 -0.00192734 0.0181371 -0.00230402 0.00915674 0.00538111 0.010013 0.0397675
internal_weight=586.211 504.795 354.306 40.0074 150.49 314.298 61.0345 89.4555 81.4151 72.4757 64.6121 8.93937
internal_count=2646 2229 1545 177 684 1368 294 390 417 359 324 58
is_linear=0
shrinkage=0.04


Tree=61
num_leaves=14
num_cat=0
split_feature=15 24 42 8 25 19 44 9 19 25 24 0 42
split_gain=4.87671 12.1044 10.5803 13.5126 11.6103 9.84678 9.13685 19.6542 7.29567 7.17857 21.8076 17.8849 5.72699
threshold=0.00010367618860700001 0.24166666666626388 0.00017753257366554282 0.00084023134269480004 0.75000000000000011 -1.3004446237690277 0.013968500025156138 0.00020592173735971533 -1.095515014799058 0.75000000000000011 0.14166666666643057 24.89074402038403 0.00014669798626574854
decision_type=2 2 2 2 2 2 2 2 2 2 2 2 2
left_child=5 2 4 -4 -2 9 8 -8 -7 10 -1 -11 -3
right_child=1 12 3 -5 -6 6 7 -9 -10 11 -12 -13 -14
leaf_value=-0.010422607305413618 0.018304669140572466 -0.072849377235774296 -0.017934722585806567 0.01480348931087257 -0.0054225069791169842 -0.045897277337603397 -0.03799332095609486 -0.0047706869388723433 0.0069209898637465966 -0.021948542561600743 0.043745918504316875 0.038028294079240521 -0.0096484058996181548
leaf_weight=66.91354163736105 118.86529059708118 4.5516821295022947 53.542054884135723 32.365892589092255 45.676319010555744 4.4778906106948844 40.166838891804218 98.012579720467329 63.806506037712097 11.309950724244116 14.461384132504461 26.817329399287701 4.6250216960906982
leaf_count=298 518 19 255 144 213 19 171 439 285 66 69 128 22
internal_value=3.41196e-05 0.00412425 0.00577751 -0.00560057 0.0117181 -0.0032236 -0.00851276 -0.014428 0.00345732 0.00591448 -0.000796155 0.020237 -0.0409963
internal_weight=585.592 259.626 250.45 85.9079 164.542 325.966 206.464 138.179 68.2844 119.502 81.3749 38.1273 9.1767
internal_count=2646 1171 1130 399 731 1475 914 610 304 561 367 194 41
is_linear=0
shrinkage=0.04


Tree=62
num_leaves=15
num_cat=0
split_feature=45 42 14 50 61 23 22 60 50 61 3 9 24 41
split_gain=4.7512 12.8728 10.347 11.3684 11.1566 8.64452 8.70216 8.30931 9.28861 8.54911 7.46083 6.14675 4.25479 2.3358
threshold=0.74012780303021497 0.00014261576831597856 0.00030146581402340007 0.039033735546919315 0.49887796903863341 1.1440175042801546 -0.80612071274868602 0.65306774058492689 0.1482149493936965 0.52322311035699232 0.00080174623913630016 0.00020658217622661999 0.024999999999958254 1.5050041498435955e-05
decision_type=2 2 2 2 2 2 2 2 2 2 2 2 2 2
left_child=7 5 3 -3 -4 11 -7 8 9 -1 -10 -2 -9 -14
right_child=1 2 4 -5 -6 6 -8 12 10 -11 -12 -13 13 -15
leaf_value=0.0004927759408593211 0.013062409654216399 -0.0053828528550187802 -0.026799531236042284 -0.0433025369180755 0.03832657408569537 0.0065396538993426831 -0.055119452102590547 -0.0069219957416644697 0.012434408329836532 0.033624646494290901 -0.057279047608313663 0.058552174322177013 0.039326898176257001 5.5076894367142573e-05
leaf_weight=426.86801044642925 15.412845164537432 22.197808220982552 7.6589020416140583 29.409772768616676 9.3422878459095937 13.90682563185692 4.9715099632740012 5.3643872737884548 3.5953139662742597 12.835575498640535 7.7529184222221375 6.871584326028823 16.122641250491146 2.8518556430935851
leaf_count=1872 70 96 33 132 41 62 21 29 18 77 37 30 107 21
internal_value=3.4243e-05 -0.00746649 -0.0180764 -0.0269923 0.00898778 0.0102178 -0.00969795 0.00176622 0.000537783 0.00145994 -0.0351926 0.0270895 0.0245319 0.0334244
internal_weight=585.162 109.772 68.6088 51.6076 17.0012 41.1628 18.8783 475.391 451.052 439.704 11.3482 22.2844 24.3389 18.9745
internal_count=2646 485 302 228 74 183 83 2161 2004 1949 55 100 157 128
is_linear=0
shrinkage=0.04


Tree=63
num_leaves=13
num_cat=0
split_feature=13 9 61 59 31 23 23 43 9 39 20 43
split_gain=4.75442 6.66714 16.4173 15.0211 9.14317 10.7927 9.23891 6.20659 5.46448 4.81379 3.93549 2.51073
threshold=0.00047192052584920009 0.00020637830366187053 0.51286378461648841 -0.064857590969247064 -1.2865251973261567 -0.48315974023100833 8.958418039893461 0.088589784771194752 0.0001950804593138511 0.68276046121163236 0.0025863583410258005 0.32400578524070478
decision_type=2 2 2 2 2 2 2 2 2 2 2 2
left_child=1 2 3 -1 5 -3 -6 -2 -4 11 -11 -9
right_child=7 4 8 -5 6 -7 -8 9 -10 10 -12 -13
leaf_value=0.027842398037747761 0.030466598726920143 -0.0518498662789839 0.042772686082995358 -0.010201335069403229 -0.00094981986259469648 0.028405987835058686 0.020585327534881508 -0.057793986259222961 0.0057565037532318376 0.025647386463608243 -0.024648532542807206 -0.023382818264451447
leaf_weight=18.003480009734631 3.9250544905662563 2.8884041160345069 14.388598859310152 213.87692864984274 221.78820774704218 37.336182944476604 37.224357333034277 6.3272586911916751 11.465671733021734 4.3757376074790937 5.7733692079782486 7.3142033219337463
leaf_count=81 17 12 81 925 965 185 222 28 55 19 25 31
internal_value=3.43698e-05 0.000838993 -0.00387658 -0.00724757 0.00490054 0.0226431 0.00214513 -0.0161353 0.026357 -0.0238239 -0.00296369 -0.0393436
internal_weight=584.687 556.972 257.735 231.88 299.237 40.2246 259.013 27.7156 25.8543 23.7906 10.1491 13.6415
internal_count=2646 2526 1142 1006 1384 197 1187 120 136 103 44 59
is_linear=0
shrinkage=0.04


Tree=64
num_leaves=7
num_cat=0
split_feature=38 42 48 22 22 45
split_gain=4.77894 5.19347 5.11284 8.7185 5.96611 2.23354
threshold=2.8953454956138094 9.8059731454121872e-05 0.11808798992691623 -1.1052908175992551 -1.8983580852532114 0.66418004709424172
decision_type=2 2 2 2 2 2
left_child=1 -1 4 -4 -3 -2
right_child=5 2 3 -5 -6 -7
leaf_value=0.033727338934770125 -0.0082751150570317417 0.013316501886291814 -0.014024423996541517 0.052406480402503404 -0.0017752829904243688 -0.048480338904275395
leaf_weight=7.4218489676713935 4.2628072276711446 45.67144950479269 5.4048625379800797 7.6138613075017911 509.04305584728718 4.592676043510437
leaf_count=32 20 282 24 35 2233 20
internal_value=3.44062e-05 0.000483388 4.87977e-05 0.024827 -0.000532727 -0.0291266
internal_weight=584.011 575.155 567.733 13.0187 554.715 8.85548
internal_count=2646 2606 2574 59 2515 40
is_linear=0
shrinkage=0.04


Tree=65
num_leaves=14
num_cat=0
split_feature=61 61 25 22 22 54 44 8 44 22 3 3 61
split_gain=4.73973 9.5743 13.6014 17.5844 11.0726 10.7172 11.3688 10.9468 8.91061 9.73925 8.26295 11.3392 1.57314
threshold=0.49623166192440987 0.50001740612756784 0.50000000000000011 1.61892597810252 -0.91852764174804458 0.080189279951336248 0.013968774020672018 0.00057262425550955013 0.013969170669377256 0.92492499859165933 0.0019199388478941502 0.0010463477795653001 0.493748283481586
decision_type=2 2 2 2 2 2 2 2 2 2 2 2 2
left_child=8 2 4 -4 -2 6 -3 -7 10 12 11 -1 -10
right_child=1 5 3 -5 -6 7 -8 -9 9 -11 -12 -13 -14
leaf_value=0.0078746759434770545 -0.06712663052066653 0.043314269488770901 0.0063470425065914465 -0.04617911118470678 -0.01708607771386322 -0.0075603431823124956 0.0064645087604344384 0.019488434247834519 0.036863613764745819 -0.012025850779414664 0.051068835368969508 -0.015537411921670619 0.063354796976834951
leaf_weight=103.54114104062319 7.9207178503274909 18.162269681692123 87.473633542656898 11.543230339884756 66.260372310876846 132.52085811644793 51.042056322097778 29.217407286167145 10.025771353393795 6.470219984650611 5.3278512656688681 48.652538441121578 5.58436145633459
leaf_count=461 32 81 371 47 270 644 224 136 72 32 29 222 25
internal_value=3.34828e-05 -0.00236931 -0.00947862 0.000223626 -0.0224292 0.00296241 0.0161355 -0.00267408 0.00544024 0.0292374 0.00210451 0.000390413 0.0463406
internal_weight=583.742 404.141 173.198 99.0169 74.1811 230.943 69.2043 161.738 179.602 22.0804 157.522 152.194 15.6101
internal_count=2646 1805 720 418 302 1085 305 780 841 129 712 683 97
is_linear=0
shrinkage=0.04


Tree=66
num_leaves=15
num_cat=0
split_feature=15 19 22 3 44 42 21 21 3 61 61 43 61 59
split_gain=4.41791 9.00549 10.8513 8.98764 11.2771 12.6345 9.49315 9.27798 8.878 8.08534 7.62161 6.99305 7.56174 3.51615
threshold=0.00010367618860700001 -1.3004446237690277 -2.447633702189532 0.0010463477795653001 0.013968454519661286 0.00021223120329372651 0.00012603774631555004 0.00037635866150940008 0.00043774466399680009 0.50175721741291623 0.50024810630713046 0.055815388807986227 0.50765476775015839 0.094393738227708232
decision_type=2 2 2 2 2 2 2 2 2 2 2 2 2 2
left_child=1 11 -3 4 7 -6 9 -2 -4 -5 -8 13 -13 -1
right_child=3 2 8 6 5 -7 10 -9 -10 -11 -12 12 -14 -15
leaf_value=0.0098174064978684226 -0.011931717368221241 0.033401518688269446 0.042937830338552335 0.041544478370598242 0.025239534562567764 -0.024921713489833137 -0.016777973215521273 0.045087050036882223 -0.011518313891642913 -0.012764808796893122 0.0045562647114807172 -0.0043577716451398251 0.018299752612266133 0.058567149694747689
leaf_weight=4.067120857536791 38.262932009994984 9.5980104729533178 4.9129271358251563 12.476036228239538 75.897039212286472 8.9853672459721547 65.052338883280754 5.1847297400236121 191.54074184596539 6.7638928666710845 45.554553024470806 74.580042719841003 34.455924488604069 5.6638581454753876
leaf_count=20 173 64 24 57 338 42 290 23 826 37 211 341 174 26
internal_value=3.3394e-05 -0.00307098 -0.00812751 0.00393908 0.0114462 0.0199296 -0.00348039 -0.00512751 -0.0101565 0.0224518 -0.00799125 0.00570173 0.00280212 0.0381919
internal_weight=582.996 324.819 206.052 258.177 128.33 84.8824 129.847 43.4477 196.454 19.2399 110.607 118.767 109.036 9.73098
internal_count=2646 1475 914 1171 576 380 595 196 850 94 501 561 515 46
is_linear=0
shrinkage=0.04


Tree=67
num_leaves=13
num_cat=0
split_feature=61 61 57 22 23 54 44 22 3 44 19 23
split_gain=4.50198 8.50772 12.7815 12.3127 10.9629 11.1981 8.4852 9.08917 7.85998 10.2226 5.36406 1.52566
threshold=0.49623166192440987 0.50001740612756784 0.35911131134742408 -0.37815708818660349 -0.50446959540617942 0.080189279951336248 0.013969170669377256 0.92492499859165933 0.0019199388478941502 0.013968793145093906 -0.12354503119430774 1.7783011878261152
decision_type=2 2 2 2 2 2 2 2 2 2 2 2
left_child=6 2 3 -2 -3 -6 8 11 9 -1 -4 -8
right_child=1 4 10 -5 5 -7 7 -9 -10 -11 -12 -13
leaf_value=0.0047449031959909691 0.0024763766216489473 0.05065339444102792 0.0016063238402164292 -0.020492747654565623 0.014918672623472871 -0.0046938613846789967 0.060516542206140618 -0.010961648503852662 0.050225378409191425 -0.024394044981640609 0.054435370348463394 0.034892753014520869
leaf_weight=129.38373743742704 59.097995176911354 7.3903053998947135 5.6927568763494492 101.42646376788616 66.275473669171333 156.74068670347333 6.3366722613573101 6.4996032193303099 5.2417568117380133 22.63306899368763 6.6878913938999158 8.9959626421332342
leaf_count=580 249 32 25 414 293 760 34 32 29 103 32 63
internal_value=3.36585e-05 -0.00230985 -0.00901625 -0.0120365 0.00272287 0.00113455 0.00531122 0.0286787 0.00206711 0.000406542 0.030144 0.0454826
internal_weight=582.402 403.312 172.905 160.524 230.406 223.016 179.091 21.8322 157.259 152.017 12.3806 15.3326
internal_count=2646 1805 720 663 1085 1053 841 129 712 683 57 97
is_linear=0
shrinkage=0.04


Tree=68
num_leaves=7
num_cat=0
split_feature=38 42 9 47 39 45
split_gain=4.31403 4.7266 4.96977 13.3429 10.6848 2.05798
threshold=2.8953454956138094 9.8059731454121872e-05 0.00020980391946122677 0.17134245505763188 1.4463075294426517 0.66418004709424172
decision_type=2 2 2 2 2 2
left_child=1 -1 3 -3 -4 -2
right_child=5 2 4 -5 -6 -7
leaf_value=0.032355986131874633 -0.0076669273541933947 -0.0054167461669888985 0.0008143106811515263 0.039748544626016832 0.024058777982630973 -0.046275575756187806
leaf_weight=7.339135915040969 4.2607242017984372 273.07879932969809 245.16758352890611 10.88254204392433 36.329254679381847 4.5872502028942108
leaf_count=32 20 1218 1128 48 180 20
internal_value=3.36415e-05 0.000461789 4.78315e-05 -0.00368583 0.00381418 -0.0276837
internal_weight=581.645 572.797 565.458 283.961 281.497 8.84797
internal_count=2646 2606 2574 1266 1308 40
is_linear=0
shrinkage=0.04


Tree=69
num_leaves=10
num_cat=0
split_feature=50 43 6 39 3 10 45 41 47
split_gain=4.23981 5.91672 5.23026 10.6943 6.36646 6.04592 7.33834 6.85315 4.99957
threshold=-0.063584233827165076 0.4899622593814828 0.00031238027299140006 1.0283765151896727 0.0010463477795653001 0.00014495199755810002 0.72164737612986685 8.8518244652095287e-06 -0.38244223901920155
decision_type=2 2 2 2 2 2 2 2 2
left_child=1 -1 5 4 -4 6 -2 -7 -5
right_child=2 -3 3 8 -6 7 -8 -9 -10
leaf_value=-0.0021219947881403749 0.0014441404224356234 0.061298030315555051 0.0072639266674184577 -0.02669589443428921 -0.048736590195462046 0.0029937398153985191 -0.010783856350411666 0.029215564675055636 0.027576417598338034
leaf_weight=5.2095227912068349 365.74440045654774 4.293506532907486 4.2131920903921189 3.8616175800561896 14.180511713027952 51.791430108249187 99.99325605481863 23.042143628001213 9.152612239122389
leaf_count=24 1673 20 18 19 63 237 447 104 41
internal_value=3.27491e-05 0.0265314 -0.000407508 -0.0162761 -0.0359093 0.000514479 -0.00118119 0.0110678 0.0114726
internal_weight=581.482 9.50303 571.979 31.4079 18.3937 540.571 465.738 74.8336 13.0142
internal_count=2646 44 2602 141 81 2461 2120 341 60
is_linear=0
shrinkage=0.04


Tree=70
num_leaves=15
num_cat=0
split_feature=31 44 24 45 45 25 61 50 59 43 3 20 15 7
split_gain=4.26779 9.23599 7.59229 7.53358 6.81779 6.49377 6.46683 9.75235 9.97098 7.33278 9.49659 8.59853 6.74315 5.36204
threshold=1.5474394230663069 0.013968601556223833 0.10833333333315277 0.6046634185754155 0.60983189043958652 0.75000000000000011 0.49623166192440987 0.018822773212092352 -0.062665208987369644 0.48602087850348702 0.0015763306701603501 0.0025851269041698003 -0.00039555694383769992 0.00032475760384750006
decision_type=2 2 2 2 2 2 2 2 2 2 2 2 2 2
left_child=6 2 4 13 -2 -5 7 8 -1 10 -8 -11 -9 -3
right_child=1 3 -4 5 -6 -7 9 12 -10 11 -12 -13 -14 -15
leaf_value=0.019254260153829496 -0.035068015596435013 -0.0021081938455936836 -0.065977780323500601 -0.026914610925494735 0.011026893748790271 0.026305514800706652 -0.002371656058398348 0.048371255660845491 -0.010105992151821144 0.017541180060028198 -0.024693566357706042 -0.0040763959826807996 0.014004530142334588 0.051209089364289612
leaf_weight=27.146377138793468 12.225142613053327 5.1942994222044963 6.2280940338969222 12.809613615274431 8.8510809838771802 5.1403448209166518 219.60437037050724 10.969056703150271 58.153131552040577 58.145744748413563 35.412138391286135 59.630874592810869 54.632917247712612 7.2030227929353714
leaf_count=127 54 23 27 55 42 26 951 74 264 267 171 276 256 33
internal_value=3.20076e-05 -0.0102974 -0.0271762 0.00488885 -0.0157102 -0.0116739 0.00116914 0.00815554 -0.000762158 -0.00165886 -0.00547132 0.0065961 0.0197509 0.0288699
internal_weight=581.346 57.6516 27.3043 30.3473 21.0762 17.95 523.695 150.901 85.2995 372.793 255.017 117.777 65.602 12.3973
internal_count=2646 260 123 137 96 81 2386 721 391 1665 1122 543 330 56
is_linear=0
shrinkage=0.04


Tree=71
num_leaves=9
num_cat=0
split_feature=61 61 3 29 61 61 49 45
split_gain=4.30989 4.45414 5.34539 10.0533 5.22632 7.32597 6.68082 1.03355
threshold=0.4857994637220569 0.52459656732960724 0.0010000331243348504 1.0694282129645787 0.52084233830978988 0.51286378461648841 0.37387748127328213 0.50727556254739736
decision_type=2 2 2 2 2 2 2 2
left_child=7 4 -3 -4 5 -2 -6 -1
right_child=1 2 3 -5 6 -7 -8 -9
leaf_value=0.014421199495044064 -0.0014131437125496061 0.049388723137473098 -0.043862440643872208 0.031803328176043248 -0.033667618405408647 0.018026217396902879 0.025867685432575942 0.049476553063597432
leaf_weight=2.2834790907800189 505.21750767529011 6.1824706867337254 4.4772362411022169 7.542447030544281 14.99314618855715 33.047539614140987 3.7751359120011321 3.2766628265380859
leaf_count=27 2213 36 24 58 70 169 22 27
internal_value=3.19095e-05 -0.000306858 0.0191646 0.00361843 -0.000943125 -0.000219637 -0.0216924 0.0350798
internal_weight=580.796 575.235 18.2022 12.0197 557.033 538.265 18.7683 5.56014
internal_count=2646 2592 118 82 2474 2382 92 54
is_linear=0
shrinkage=0.04


Tree=72
num_leaves=11
num_cat=0
split_feature=50 59 42 61 50 3 61 0 12 9
split_gain=4.11674 5.0209 5.83166 4.468 5.391 9.62128 8.55814 3.4473 1.37698 0.013584
threshold=0.16425800104301971 0.60865592749480102 0.00018946764242153404 0.48839442795966675 0.1482149493936965 0.00096962708159360007 0.51286378461648841 59.849447999307344 -9.8643387311608184e-05 0.0002090562884930512
decision_type=2 2 2 2 2 2 2 2 2 2
left_child=3 9 -3 7 6 -6 -5 8 -1 -2
right_child=1 2 -4 4 5 -7 -8 -9 -10 -11
leaf_value=0.017251335914727901 0.050800061217634911 -0.030812561306223223 0.038637327403678652 -0.0017090431882213883 0.013845710041676805 -0.035420081411090959 0.016523158783071975 -0.0046804638474172633 0.049897673781656632 0.047000421336707635
leaf_weight=3.3751743771135798 2.6820205450057966 4.3203208148479462 3.5030540525913239 479.85386814922094 9.7534030228853243 18.136430472135544 45.061020076274872 4.9048586413264266 5.3341924995183936 3.431672215461731
leaf_count=25 17 21 29 2072 47 87 247 27 41 33
internal_value=3.1544e-05 0.0215085 0.000284851 -0.000496909 -0.00105443 -0.0181913 -0.00014391 0.022141 0.0372461 0.0486673
internal_weight=580.356 13.9371 7.82337 566.419 552.805 27.8898 524.915 13.6142 8.70937 6.11369
internal_count=2646 100 50 2546 2453 134 2319 93 66 50
is_linear=0
shrinkage=0.04


Tree=73
num_leaves=15
num_cat=0
split_feature=9 54 55 9 51 20 39 45 32 30 10 20 59 7
split_gain=4.08422 12.049 14.3674 10.8957 8.99549 9.49072 8.67668 8.55745 6.68553 5.85896 5.40532 4.56007 7.71331 6.93072
threshold=0.00020980391946122677 0.11360347335821029 -0.28698347873953894 0.0001887660388003379 0.033934544838367664 0.0025846604006670004 1.4579885471219483 0.6314142479417626 0.50376258492404424 0.76690977401685967 -4.6955011325841158e-05 0.0025850859032733003 0.37164504551767003 -0.00010298388606609999
decision_type=2 2 2 2 2 2 2 2 2 2 2 2 2 2
left_child=1 2 -1 -4 5 8 -7 10 -2 -9 -6 13 -13 -3
right_child=4 11 3 -5 7 6 -8 9 -10 -11 -12 12 -14 -15
leaf_value=0.034751148124624119 0.0087112540988029796 0.03779381054896689 0.0024629552329449808 -0.016088757937531357 0.013499006701946464 -0.0061474118216996807 0.0182487543550937 0.024298031528522303 0.046448976335670411 -0.028964776453259199 0.048012961319938159 -0.046905364120270507 0.026951110701925299 0.0063620406234780004
leaf_weight=12.322250381112097 28.736756503582001 17.939524576067924 77.783187940716743 145.22695754468441 13.216641798615457 178.97057801485062 26.821091793477535 5.8001227751374227 10.169076606631277 7.6795148700475693 16.109821282327175 4.8933421671390516 4.2081419378519058 29.985613353550434
leaf_count=55 132 90 339 624 56 840 137 27 47 32 69 21 26 151
internal_value=3.14561e-05 -0.00329755 -0.00729493 -0.00961815 0.00341669 0.000457389 -0.00296783 0.0203333 0.018575 -0.00604644 0.0324585 0.0131984 -0.0127572 0.0181277
internal_weight=579.863 292.359 235.332 223.01 287.504 244.698 205.792 42.8061 38.9058 13.4796 29.3265 57.0266 9.10148 47.9251
internal_count=2646 1306 1018 963 1340 1156 977 184 179 59 125 288 47 241
is_linear=0
shrinkage=0.04


Tree=74
num_leaves=9
num_cat=0
split_feature=38 13 36 6 43 22 20 45
split_gain=4.05151 4.46891 8.05571 6.15089 4.21597 4.63177 3.00915 1.7501
threshold=2.8953454956138094 0.00047192052584920009 0.60834542286493298 0.00030580249903095006 0.093985163377793321 0.13637081848366586 0.0025848962066550504 0.66418004709424172
decision_type=2 2 2 2 2 2 2 2
left_child=1 2 3 -1 -3 -6 -4 -2
right_child=7 4 6 -5 5 -7 -8 -9
leaf_value=0.00109350378821518 -0.008342375127649888 0.021378843347064951 0.048884901769414311 -0.027264656600616104 -0.052252354716045057 -0.011305454178442339 0.012332067344508001 -0.044012967320319937
leaf_weight=517.28207762911916 4.2353363931179029 4.1410088539123562 7.2549616843461973 12.534295648336409 6.1026537716388729 16.030857264995575 7.1595552191138268 4.5810739994049072
leaf_count=2366 20 18 35 58 28 68 33 20
internal_value=3.16115e-05 0.00044745 0.00122532 0.000422612 -0.0156648 -0.0225953 0.0307295 -0.0268771
internal_weight=579.322 570.505 544.231 529.816 26.2745 22.1335 14.4145 8.81641
internal_count=2646 2606 2492 2424 114 96 68 40
is_linear=0
shrinkage=0.04


Tree=75
num_leaves=14
num_cat=0
split_feature=15 24 19 22 59 43 61 6 39 44 43 59 41
split_gain=4.04517 9.98414 8.17232 9.86913 7.55589 6.52412 7.00028 6.29889 10.3735 6.97576 4.76821 3.30073 3.19513
threshold=0.00010367618860700001 0.24166666666626388 -1.3004446237690277 -2.447633702189532 -0.064857590969247064 0.055815388807986227 0.50765476775015839 0.00030580249903095006 1.4692513423624323 0.013968443677858674 0.88776868143961296 0.094393738227708232 -1.486358144979031e-06
decision_type=2 2 2 2 2 2 2 2 2 2 2 2 2
left_child=2 7 5 12 -5 11 -7 9 -9 -2 -3 -1 -4
right_child=1 10 3 4 -6 6 -8 8 -10 -11 -12 -13 -14
leaf_value=0.0095401377718797031 -0.0056869256805834731 -0.0078939145470434645 0.046291337206566092 0.017774765813301122 -0.011929178722618306 -0.004238335888034345 0.017670430604217208 -0.022097457285470599 0.031437115213318087 0.011720991541900346 -0.066408944397779252 0.057129174627041548 -0.0071817340802228444
leaf_weight=4.0252314358949643 47.370186895132065 4.3597724959254247 6.9070002771914005 14.823674961924551 181.04433584585786 74.198264293372631 34.039656307548285 26.985724188387394 7.3737790286540976 165.55122229456902 4.5571148842573166 5.543370246887207 2.4123082347214204
leaf_count=20 216 21 47 65 785 341 174 119 35 760 20 26 17
internal_value=3.06873e-05 0.0037841 -0.00294651 -0.0077676 -0.00968113 0.00545053 0.00265173 0.00528358 -0.0106086 0.00784812 -0.0377989 0.0371099 0.0324498
internal_weight=579.192 256.198 322.994 205.187 195.868 117.807 108.238 247.281 34.3595 212.921 8.91689 9.5686 9.31931
internal_count=2646 1171 1475 914 850 561 515 1130 154 976 41 46 64
is_linear=0
shrinkage=0.04


Tree=76
num_leaves=12
num_cat=0
split_feature=31 3 13 20 48 59 51 9 3 3 21
split_gain=4.06782 8.78286 6.01897 5.36736 10.4992 9.23468 7.02819 9.15501 5.80222 4.5851 0.850196
threshold=1.5474394230663069 0.0017666382384320001 0.00032931651908865006 0.0025846604006670004 0.072345072048352568 0.26857653701757656 0.036705248399787588 0.00020980391946122677 0.00079253916392710017 0.00116767797220075 0.00030247579765180005
decision_type=2 2 2 2 2 2 2 2 2 2 2
left_child=3 2 9 4 5 -1 8 -8 -5 -2 -6
right_child=1 -3 -4 6 10 -7 7 -9 -10 -11 -12
leaf_value=-0.00086689513838524197 -0.011433509542257265 0.039026252549437673 0.023215410938268399 -0.017801592992103276 0.062402305197493742 0.018147705920321999 -0.035786807170935311 0.023791833254850795 -0.0018587916774177073 -0.03865640890065488 0.03673454747585822
leaf_weight=153.69628304243088 31.6471978276968 5.28451083600521 5.8223470449447623 43.523691065609455 4.3176594600081426 55.668191976845264 4.8315598517656317 28.28475771099329 227.12486143782735 14.405110280960796 3.9569794535636902
leaf_count=665 144 25 27 187 20 277 20 123 1074 64 20
internal_value=3.03976e-05 -0.0100996 -0.0151041 0.00114091 0.00593552 0.00418892 -0.0022943 0.0150995 -0.00442259 -0.0199488 0.0501278
internal_weight=578.563 57.1592 51.8747 521.404 217.639 209.364 303.765 33.1163 270.649 46.0523 8.27464
internal_count=2646 260 235 2386 982 942 1404 143 1261 208 40
is_linear=0
shrinkage=0.04


Tree=77
num_leaves=14
num_cat=0
split_feature=61 23 23 44 61 25 23 23 55 7 32 50 21
split_gain=3.86507 7.98156 8.74556 9.23594 7.21736 12.0065 11.7462 10.3443 10.846 8.24915 5.45286 4.01974 0.139884
threshold=0.49623166192440987 8.958418039893461 6.7120074284605478 0.013969170669377256 0.50001740612756784 0.50000000000000011 3.397958428236679 -0.50446959540617942 0.37241675077734732 0.00060880553552435004 -0.78561813300565031 -0.036398633008413304 0.00052358936850125011
decision_type=2 2 2 2 2 2 2 2 2 2 2 2 2
left_child=1 2 3 -1 5 6 -2 -6 -9 -7 -3 -4 -12
right_child=4 10 11 -5 7 9 -8 8 -10 -11 12 -13 -14
leaf_value=0.001846873765585455 -0.012729064446978718 -0.0062967361515820011 -0.0022610425371078196 0.034222840099471588 0.04935367687863329 0.0034295734503567606 -0.053188602438467118 0.012569203182742635 -0.0057887864025353078 -0.050438952384003824 0.048085034688833406 -0.048828394392155444 0.058527117415589663
leaf_weight=136.28342728316784 59.553726226091385 3.6293755769729605 5.0000227987766266 15.724571719765661 7.3026638925075522 93.669662490487099 14.222786426544188 81.481864932924509 139.90126794576645 4.7805364280939093 6.1882745064794999 7.290317773818968 3.0714231133460999
leaf_count=608 244 20 23 93 32 398 58 372 681 20 50 31 16
internal_value=2.99515e-05 0.00494973 0.00257189 0.00519603 -0.00214439 -0.00832874 -0.0205289 0.00251313 0.000968021 0.00081383 0.0352602 -0.0298836 0.0515487
internal_weight=578.1 177.187 164.298 152.008 400.913 172.227 73.7765 228.686 221.383 98.4502 12.8891 12.2903 9.2597
internal_count=2646 841 755 701 1805 720 302 1085 1053 418 86 54 66
is_linear=0
shrinkage=0.04


Tree=78
num_leaves=10
num_cat=0
split_feature=50 22 31 22 1 7 31 7 24
split_gain=3.82709 5.68947 4.17617 6.90428 9.61323 6.86194 11.0576 8.42041 6.01274
threshold=-0.063584233827165076 -0.48319385486228594 1.5474394230663069 0.42115052020432447 27.279477496354961 0.00059328405606475009 1.3260495064178628 1.3272064296433462e-05 0.074999999999874958
decision_type=2 2 2 2 2 2 2 2 2
left_child=1 -1 5 8 -5 7 -7 -2 -4
right_child=2 -3 3 4 -6 6 -8 -9 -10
leaf_value=-0.0083897640407747213 -0.0027762220125008997 0.054387288342403507 -0.0086706328598836809 -0.014721710503763299 0.039765669342172377 -0.035597982638804093 0.02313538094852766 0.0078469379041129356 -0.043210338002705642
leaf_weight=4.2806987836956978 276.72454902157187 5.0171619951724988 20.83115853741765 13.082938805222513 8.5774513483047468 18.604272201657299 7.08070184290409 209.96778283268213 13.157618686556814
leaf_count=20 1283 24 97 56 38 81 34 951 62
internal_value=2.97436e-05 0.025485 -0.000386926 -0.010794 0.00685513 0.000743389 -0.0194067 0.0018068 -0.0220415
internal_weight=577.324 9.29786 568.026 55.6492 21.6604 512.377 25.685 486.692 33.9888
internal_count=2646 44 2602 253 94 2349 115 2234 159
is_linear=0
shrinkage=0.04


Tree=79
num_leaves=10
num_cat=0
split_feature=3 9 9 52 61 31 41 23 44
split_gain=4.00377 5.77763 4.5883 10.9973 10.4924 8.35598 8.03305 7.12797 6.51885
threshold=0.00043774466399680009 0.00017630645762918169 0.00020980391946122677 0.10340962952272895 0.50686601238303919 -1.2865251973261567 3.6347437126208849e-05 -0.48315974023100833 0.013968672731455117
decision_type=2 2 2 2 2 2 2 2 2
left_child=1 -1 3 4 -2 7 -7 -4 -5
right_child=2 -3 5 8 -6 6 -8 -9 -10
leaf_value=-0.0081514471730834009 -0.0093395336301352119 0.057350537520803727 -0.054411748629687125 0.051518227442252512 0.012193146619014654 -0.0026655094053998135 0.01623746456965279 0.02562942224604977 -0.0021398844564675711
leaf_weight=4.0133176296949369 224.33247073739767 4.6520414799451828 1.8799884319305409 8.7840953767299634 43.176118679344654 207.01121240481734 43.534460034221411 33.524553667753935 6.1651134341955176
leaf_count=20 972 24 8 42 222 951 211 170 26
internal_value=2.90147e-05 0.0270136 -0.000382365 -0.00399833 -0.00586414 0.00318944 0.000619044 0.0213792 0.0293894
internal_weight=577.073 8.66536 568.408 282.458 267.509 285.95 250.546 35.4045 14.9492
internal_count=2646 44 2602 1262 1194 1340 1162 178 68
is_linear=0
shrinkage=0.04


Tree=80
num_leaves=11
num_cat=0
split_feature=61 22 61 23 1 10 38 32 22 50
split_gain=3.82097 7.18561 4.53288 7.48219 8.14969 5.4992 5.3274 5.18157 0.0502621 0.000705258
threshold=0.52490193735124813 0.099447729622880163 0.49623166192440987 8.958418039893461 19.599674198907454 0.00035904484559035006 2.8953454956138094 -0.78561813300565031 -1.9897615688648438 0.13357694745870682
decision_type=2 2 2 2 2 2 2 2 2 2
left_child=2 8 3 4 -1 6 -4 -5 9 -2
right_child=1 -3 5 7 -6 -7 -8 -9 -10 -11
leaf_value=0.0068973326776908166 0.045388689873908289 -0.0072341382128098229 -0.0016900876078754323 -0.0057474703789317863 -0.015638254325588321 -0.039268370302172277 -0.038214879371817653 0.050828087613733829 0.051590238014500224 0.044413959764888489
leaf_weight=131.89398268610239 1.9495299905538557 7.8777259290218353 371.53825365006924 3.6421360373497 31.88226131349802 6.5562244206666938 6.50119924545288 8.967414375394581 2.6755802780389768 3.0392046011984348
leaf_count=614 19 36 1642 20 141 27 29 66 16 36
internal_value=2.89411e-05 0.019593 -0.000513082 0.00479629 0.00251034 -0.0029481 -0.00231821 0.0344868 0.0471671 0.0447949
internal_weight=576.524 15.542 560.981 176.386 163.776 384.596 378.039 12.6096 7.66431 4.98873
internal_count=2646 107 2539 841 755 1698 1671 86 71 55
is_linear=0
shrinkage=0.04


Tree=81
num_leaves=11
num_cat=0
split_feature=42 45 42 14 42 25 44 23 31 56
split_gain=3.72806 4.46953 10.0281 9.74151 8.29932 11.9002 9.72186 7.91912 4.203 4.20934
threshold=0.00010814510228516625 0.74265804332490648 0.00014261576831597856 0.00030146581402340007 0.00012725866089589082 0.50000000000000011 0.013968337607850182 1.1440175042801546 -0.95252010945971188 0.0053194312202738464
decision_type=2 2 2 2 2 2 2 2 2 2
left_child=8 4 7 -4 6 -6 -2 -3 -1 -10
right_child=1 2 3 -5 5 -7 -8 -9 9 -11
leaf_value=0.046605032696506683 -0.036483432669170597 0.025482425395796999 -0.026021295210707777 0.0096364307504141489 -0.0038787713196303413 0.009858714974680105 -0.00095203714959195068 -0.013202120869885215 0.029012134707057397 -0.018511458841574634
leaf_weight=5.6448416262865093 19.162429012358189 20.169406518340111 50.028754539787769 16.237129487097263 198.47541493922472 205.20911375433207 34.51011423766613 14.5926391556859 5.8326124697923643 6.1016644835472107
leaf_count=27 86 92 223 72 852 1020 156 65 25 28
internal_value=2.88243e-05 -0.000542174 -0.00815649 -0.0172841 0.00113979 0.00310455 -0.0136376 0.00924317 0.0181661 0.00471464
internal_weight=575.964 558.385 101.028 66.2659 457.357 403.685 53.6725 34.762 17.5791 11.9343
internal_count=2646 2566 452 295 2114 1872 242 157 80 53
is_linear=0
shrinkage=0.04


Tree=82
num_leaves=10
num_cat=0
split_feature=3 9 15 24 19 22 42 45 42
split_gain=3.73676 5.39834 4.66994 8.87543 8.73639 8.80109 8.68206 6.25108 4.09266
threshold=0.00043774466399680009 0.00017630645762918169 0.00010367618860700001 0.24166666666626388 -1.3004446237690277 -2.447633702189532 0.00017753257366554282 0.88898481679561525 0.00014669798626574854
decision_type=2 2 2 2 2 2 2 2 2
left_child=1 -1 4 6 7 -6 -4 -2 -5
right_child=2 -3 3 8 5 -7 -8 -9 -10
leaf_value=-0.0074016595561538848 0.0069259113146866802 0.056238674849315044 0.010584548074920843 -0.064095045853345786 0.030813344713198687 -0.010476514785594929 -0.0053299617806200133 -0.042669461299262128 -0.0089663022854553059
leaf_weight=4.0318268612027151 111.70988127216697 4.5273796319961548 159.44927551597357 4.2569381147623044 8.6337013877928239 190.72903690114617 83.606398236006498 4.2198384851217261 4.3628268167376518
leaf_count=20 536 24 722 19 61 826 397 19 22
internal_value=2.84544e-05 0.0262608 -0.000367561 0.00369568 -0.00361096 -0.0086884 0.00511027 0.00512064 -0.0361921
internal_weight=575.527 8.55921 566.968 251.675 315.292 199.363 243.056 115.93 8.61976
internal_count=2646 44 2602 1160 1442 887 1119 555 41
is_linear=0
shrinkage=0.04


Tree=83
num_leaves=9
num_cat=0
split_feature=61 22 52 52 23 23 23 9
split_gain=3.64346 3.90443 7.54859 15.4219 7.25839 7.52513 5.71257 0.832905
threshold=0.4857994637220569 2.5110155039532112 -0.26868020695367556 -0.14903601882714659 8.958418039893461 9.5722522328661217 6.7120074284605478 0.00023537250873024982
decision_type=2 2 2 2 2 2 2 2
left_child=7 4 -3 -4 6 -6 -2 -1
right_child=1 2 3 -5 5 -7 -8 -9
leaf_value=0.048891316282127964 5.5099334849557311e-05 0.028321178477598279 -0.071527085946181124 0.0020907903331603777 0.04751926092457491 0.0076213614063654067 -0.016993932956964063 0.016596739005026329
leaf_weight=2.6989220716059199 458.04889961332083 4.8618184775114086 7.6226995885372206 11.305596053600308 9.0831369757652265 45.215374808758497 33.76285059005022 2.4266612678766251
leaf_count=24 2014 21 31 50 51 276 149 30
internal_value=2.78776e-05 -0.00027408 -0.0161369 -0.0275562 0.000416951 0.0142955 -0.00111532 0.0336017
internal_weight=575.026 569.9 23.7901 18.9283 546.11 54.2985 491.812 5.12558
internal_count=2646 2592 102 81 2490 327 2163 54
is_linear=0
shrinkage=0.04


Tree=84
num_leaves=10
num_cat=0
split_feature=50 22 6 39 22 15 44 44 3
split_gain=3.62181 5.24153 3.90419 8.51435 7.32629 5.73651 8.20798 7.63557 5.67005
threshold=-0.063584233827165076 -0.48319385486228594 0.00031238027299140006 1.0283765151896727 1.9577900687019365 0.00010367618860700001 0.013968443677858674 0.013970099205133601 0.0010463477795653001
decision_type=2 2 2 2 2 2 2 2 2
left_child=1 -1 5 8 -5 7 -7 -2 -4
right_child=2 -3 3 4 -6 6 -8 -9 -10
leaf_value=-0.0073729125915599856 -0.0049002472671407608 0.053146694371870744 0.0092012164205061593 -0.010174256169640787 0.05458637222937654 -0.0089406691573115787 0.0096432953129191711 0.017303380365407361 -0.043727319586575428
leaf_weight=4.2908812016248703 290.22808603569865 4.9096969962120038 4.2005278170108857 8.5459789931774122 4.1533872038125983 49.160135932266712 167.89329490438104 27.094092756509781 14.137927725911139
leaf_count=20 1316 24 18 40 20 224 780 141 63
internal_value=2.7242e-05 0.0249221 -0.000377855 -0.0141696 0.011006 0.000423204 0.00543424 -0.00300442 -0.0316037
internal_weight=574.614 9.20058 565.413 31.0378 12.6994 534.376 217.053 317.322 18.3385
internal_count=2646 44 2602 141 60 2461 1004 1457 81
is_linear=0
shrinkage=0.04


Tree=85
num_leaves=7
num_cat=0
split_feature=38 42 48 22 7 45
split_gain=3.58082 3.93375 3.61063 6.81333 4.54734 1.63728
threshold=2.8953454956138094 9.8059731454121872e-05 0.11808798992691623 -1.1052908175992551 0.00057106552541545013 0.66418004709424172
decision_type=2 2 2 2 2 2
left_child=1 -1 4 -4 -3 -2
right_child=5 2 3 -5 -6 -7
leaf_value=0.029904207688749903 -0.0074081908604099527 0.00046861829808194879 -0.01271550883491555 0.04737459947917956 -0.015106084686849423 -0.04195227362899278
leaf_weight=7.148914322257041 4.2376937642693502 514.25886084511876 5.3073602914810181 7.0022980868816358 31.851984150707722 4.555000975728035
leaf_count=32 20 2368 24 35 147 20
internal_value=2.6767e-05 0.000420568 4.31174e-05 0.0214665 -0.000439778 -0.0253035
internal_weight=574.362 565.569 558.421 12.3097 546.111 8.79269
internal_count=2646 2606 2574 59 2515 40
is_linear=0
shrinkage=0.04


Tree=86
num_leaves=11
num_cat=0
split_feature=52 54 38 41 38 9 23 24 39 47
split_gain=3.53141 4.67427 14.2405 8.32277 5.03448 4.86023 4.29859 4.07955 1.70082 1.08
threshold=-0.5783722513438837 0.1382990293577718 0.76905759784782501 -1.2671025077803931e-05 2.8953454956138094 0.00020980391946122677 2.9521338381058686 0.024999999999958254 1.4073002512032284 -0.39539193202130579
decision_type=2 2 2 2 2 2 2 2 2 2
left_child=7 4 3 -3 5 -2 -4 -1 9 -9
right_child=1 2 6 -5 -6 -7 -8 8 -10 -11
leaf_value=-0.015925541240036645 -0.0030378212629206189 -0.082715751344750135 0.054272628455047017 -0.016263191058323231 -0.031144837693839775 0.0046369639299282586 -0.0031581662756714575 0.050198953006247715 0.0098560887100327451 0.018240414951266389
leaf_weight=4.2138079702854183 272.39557354152203 5.6284407190978527 3.4990112371742708 6.4957439601421374 8.0737160593271238 256.18671889230609 5.1608669981360435 5.6221235394477844 4.4929616600275031 2.4202040582895261
leaf_count=24 1216 24 24 31 36 1164 30 42 33 22
internal_value=2.60027e-05 -0.000517752 -0.0191301 -0.0471126 0.000203082 0.000681899 0.0200467 0.0181231 0.0295688 0.0405816
internal_weight=574.189 557.44 20.7841 12.1242 536.656 528.582 8.65988 16.7491 12.5353 8.04233
internal_count=2646 2525 109 55 2416 2380 54 121 97 64
is_linear=0
shrinkage=0.04


Tree=87
num_leaves=10
num_cat=0
split_feature=3 9 31 8 44 15 42 7 22
split_gain=3.53675 5.09976 4.08761 7.04801 6.74188 4.65644 11.9137 7.55526 3.89813
threshold=0.00043774466399680009 0.00017630645762918169 1.6197918970135488 0.00051396383280310012 0.013968572030146143 7.2000473489350621e-05 0.00017695847485141793 -0.00023321667075409998 -1.6461444931465785
decision_type=2 2 2 2 2 2 2 2 2
left_child=1 -1 5 8 -5 7 -7 -2 -4
right_child=2 -3 3 4 -6 6 -8 -9 -10
leaf_value=-0.0067082101599692714 0.0042239922316315319 0.055464870345375845 0.0057765471796196932 -0.02897947568718796 0.016739635693970255 0.011127869238589685 -0.007893948364961708 -0.0088621134139252877 -0.038081532908934977
leaf_weight=4.0497273728251439 131.17387155070901 4.4090788140892982 4.0485705882310894 7.4695001468062427 16.69562316685915 157.78542481735349 79.088762134313583 152.84294360503554 16.285191185772419
leaf_count=20 637 24 25 33 76 717 379 665 70
internal_value=2.5581e-05 0.025699 -0.000358519 -0.0119949 0.00260774 0.000635563 0.00477677 -0.00281826 -0.0293491
internal_weight=573.849 8.45881 565.39 44.4989 24.1651 520.891 236.874 284.017 20.3338
internal_count=2646 44 2602 204 109 2398 1096 1302 95
is_linear=0
shrinkage=0.04


Tree=88
num_leaves=12
num_cat=0
split_feature=61 22 3 61 22 61 57 9 43 22 43
split_gain=3.49336 8.27093 10.4794 4.88934 8.77513 5.64567 7.03891 6.60097 4.35362 0.0494343 0.000823757
threshold=0.52459656732960724 0.099447729622880163 0.0010648269492734503 0.52084233830978988 -0.068744063382416329 0.51286378461648841 0.38053162851031147 0.00020637830366187053 0.32953799745805007 -1.9897615688648438 0.24965759532116091
decision_type=2 2 2 2 2 2 2 2 2 2 2
left_child=3 9 -3 5 -5 7 -7 -1 -6 10 -2
right_child=1 2 -4 4 8 6 -8 -9 -10 -11 -12
leaf_value=-0.0057741222520944456 0.045098580577793139 0.039106856284285875 -0.046676481125879556 0.01959081318391603 -0.01205923562250661 0.039764607210217968 0.0013976759050146257 0.0033921505631147181 -0.059467112704620143 0.050839206482651063 0.044035060885863057
leaf_weight=234.53183788061142 2.1096964702010155 4.1297497004270536 5.0828993916511536 5.9075568616390255 5.3703104853630048 12.584026135504244 19.516738764941692 270.89189591258764 7.3292329907417297 3.4003176838159579 2.6030412837862968
leaf_count=1029 22 20 22 38 23 67 102 1238 31 21 33
internal_value=2.50755e-05 0.0177129 -0.00822243 -0.00052597 -0.0206844 0.000171839 0.0164381 -0.000861276 -0.0394195 0.0471633 0.0445112
internal_weight=573.457 17.3257 9.21265 556.132 18.6071 537.524 32.1008 505.424 12.6995 8.11306 4.71274
internal_count=2646 118 42 2528 92 2436 169 2267 54 76 55
is_linear=0
shrinkage=0.04


Tree=89
num_leaves=9
num_cat=0
split_feature=61 23 22 31 23 8 43 29
split_gain=3.46956 3.69424 11.5159 10.201 4.61065 11.7614 6.06792 0.897731
threshold=0.4857994637220569 -0.7236471282160627 -0.042902492073527247 0.22445657458959861 -0.50446959540617942 0.00078172914896365011 0.51412150575580329 3.2646442428032363
decision_type=2 2 2 2 2 2 2 2
left_child=7 2 3 -2 5 -3 -6 -1
right_child=1 4 -4 -5 6 -7 -8 -9
leaf_value=0.013718592197752571 -0.024649921637524799 0.03081986722502101 -0.054423787842187973 0.043462981591144277 -0.0033475345868803374 -0.037471609130422363 0.0059563889771290972 0.04793663478302522
leaf_weight=2.1556557156145564 7.9803218990564364 20.102868795394901 8.0632790327072126 6.2916823625564575 356.78114630281925 5.048322305083274 163.5800992436707 2.8468412831425667
leaf_count=23 34 87 35 27 1615 22 772 31
internal_value=2.50603e-05 -0.000267122 -0.0162117 0.00537703 0.000385708 0.0171125 -0.000422765 0.0331915
internal_weight=572.85 567.848 22.3353 14.272 545.512 25.1512 520.361 5.0025
internal_count=2646 2592 96 61 2496 109 2387 54
is_linear=0
shrinkage=0.04


Tree=90
num_leaves=12
num_cat=0
split_feature=61 42 42 22 43 3 61 30 23 31 8
split_gain=3.37839 7.06063 9.2853 8.65454 6.12037 7.31186 10.6759 8.83618 5.5389 8.13536 6.18821
threshold=0.49623166192440987 0.00023006766158881098 0.00021292591569759648 0.56574751948232105 0.48602087850348702 0.0015334704172410504 0.50001740612756784 -0.71941521117522955 4.5407253509037373 -1.1346167669496297 0.0012312941251917001
decision_type=2 2 2 2 2 2 2 2 2 2 2
left_child=1 2 3 -1 5 6 -2 -7 9 -6 -10
right_child=4 -3 -4 -5 8 7 -8 -9 10 -11 -12
leaf_value=0.0011130051803489452 -0.01161489943449346 0.05315109639455444 -0.043915911228446063 0.025992814413805382 0.01697214243457535 0.0019917416964415576 0.0059219462762219247 -0.036113791203908022 0.020752115405080263 -0.010499729243136918 -0.015126622438691142
leaf_weight=137.0854224935174 109.32758574187756 4.6754939332604399 6.4063269495964041 26.732547074556351 25.230096369981766 16.048362169414759 112.89689882844687 24.756575733423233 45.626762684434652 54.510698303580284 9.2509686201810819
leaf_count=650 456 32 35 124 116 81 519 115 236 241 41
internal_value=2.4499e-05 0.00465752 0.00332556 0.005173 -0.00201327 -0.00556344 -0.00270564 -0.0211271 0.00492337 -0.00180759 0.0147039
internal_weight=572.548 174.9 170.224 163.818 397.648 263.029 222.224 40.8049 134.619 79.7408 54.8777
internal_count=2646 841 809 774 1805 1171 975 196 634 357 277
is_linear=0
shrinkage=0.04


Tree=91
num_leaves=9
num_cat=0
split_feature=61 42 31 43 61 13 3 7
split_gain=3.70426 3.41902 3.95749 3.86003 5.98748 4.59351 3.5544 0.0039178
threshold=0.48502361033135466 0.00010814510228516625 -0.95252010945971188 0.053527805470074651 0.49210559988329755 0.00047192052584920009 0.00076689807717120011 4.3778416699959592e-05
decision_type=2 2 2 2 2 2 2 2
left_child=7 2 -2 4 -3 -5 -4 -1
right_child=1 3 6 5 -6 -7 -8 -9
leaf_value=0.042671315042316964 0.045285313690649767 0.052405150481317719 0.028078436067148521 -0.0008652324015605865 0.0053985455746209778 -0.0184029605490885 -0.015892915901547362 0.045554152851016348
leaf_weight=1.6979475505650037 5.5073094889521625 4.8964464589953414 5.4271006211638433 483.54027255624533 37.849602445960045 25.13785470277071 6.4218129068613052 1.3571210801601408
leaf_count=30 27 29 25 2214 169 110 28 14
internal_value=2.43876e-05 -0.000211559 0.0172689 -0.000761762 0.010783 -0.00173191 0.00424707 0.0439519
internal_weight=571.835 568.78 17.3562 551.424 42.746 508.678 11.8489 3.05507
internal_count=2646 2602 80 2522 198 2324 53 44
is_linear=0
shrinkage=0.04


Tree=92
num_leaves=12
num_cat=0
split_feature=50 59 42 50 38 3 3 27 9 7 9
split_gain=3.28304 4.9429 5.48697 4.31664 7.19755 10.4224 5.43151 4.55332 4.26906 4.04524 0.0103576
threshold=0.16425800104301971 0.60865592749480102 0.00018946764242153404 0.1482149493936965 0.76905759784782501 0.0009832656297283002 0.0019534709811240502 3.6803768558009029 0.00020980391946122677 0.00037005809471150002 0.00020490657620755623
decision_type=2 2 2 2 2 2 2 2 2 2 2
left_child=3 10 -3 7 5 -5 -6 8 -1 -9 -2
right_child=1 2 -4 4 6 -7 -8 9 -10 -11 -12
leaf_value=-0.0026110340191297134 0.050134183771945895 -0.0312929954895933 0.037407670414609594 0.0020323920300861728 0.02902584918607317 -0.061524507998002693 -0.027400941360876532 -0.050897089245280684 0.0046537835364412472 -0.0039024024849438565 0.04664731107722607
leaf_weight=265.10450305789709 2.3033373802900297 4.2740506678819656 3.2933528758585453 7.5850759446621003 7.4415490925312024 9.0582282505929452 4.3103787899017334 5.1238305196166021 252.86624917387962 6.8468358963727951 3.3388362675905228
leaf_count=1185 15 21 29 37 42 42 29 24 1157 30 35
internal_value=2.40661e-05 0.0197336 -0.00139429 -0.000442238 -0.0156364 -0.0325589 0.0083296 0.000371892 0.000935551 -0.0240176 0.0480708
internal_weight=571.546 13.2096 7.5674 558.337 28.3952 16.6433 11.7519 529.941 517.971 11.9707 5.64217
internal_count=2646 100 50 2546 150 79 71 2396 2342 54 50
is_linear=0
shrinkage=0.04


Tree=93
num_leaves=12
num_cat=0
split_feature=18 49 38 42 2 59 41 60 44 55 2
split_gain=3.32535 7.538 6.97696 8.22095 7.55967 7.11936 7.17357 6.49108 13.4304 9.7669 4.4142
threshold=1.0000000180025095e-35 -0.069660637247790161 0.015168916424969649 0.00015982626881317402 0.57872441913086026 -0.1609914490628801 3.7828163478674059e-06 -0.011430010223305238 0.013968616120132116 0.41600410070158161 0.33012323311454955
decision_type=2 2 2 2 2 2 2 2 2 2 2
left_child=1 -1 3 4 -2 -4 -7 8 -3 -9 -5
right_child=2 7 5 10 -6 6 -8 9 -10 -11 -12
leaf_value=0.051166430759002977 -0.027509195769744837 -0.039288842470876294 0.038480017575693241 -8.1656746792077835e-05 0.021666131640650559 0.0007034532076248992 -0.012668994231992447 0.011250105562022012 0.01493984414233292 -0.0054234083095469213 0.042925787522922969
leaf_weight=5.1547457575798026 10.971914961934091 16.528677031397823 5.8348186910152426 5.2217238098382976 9.1924089193344098 124.27890814468265 132.73948892951012 140.06255050003529 13.097419947385786 93.893185038119555 14.208503991365431
leaf_count=26 46 70 28 22 40 552 576 707 56 461 62
internal_value=2.38467e-05 0.00326166 -0.00285308 0.0128003 -0.0050914 -0.005211 -0.00620287 0.00232481 -0.0153148 0.00455854 0.0313679
internal_weight=571.184 268.737 302.448 39.5946 20.1643 262.853 257.018 263.582 29.6261 233.956 19.4302
internal_count=2646 1320 1326 170 86 1156 1128 1294 126 1168 84
is_linear=0
shrinkage=0.04


Tree=94
num_leaves=10
num_cat=0
split_feature=3 9 15 24 42 19 23 25 43
split_gain=3.27897 4.85296 4.05322 7.80966 7.50564 7.26411 7.42388 7.21517 6.01301
threshold=0.00043774466399680009 0.00017630645762918169 0.00010367618860700001 0.22499999999962497 0.00017753257366554282 -1.3004446237690277 4.2862311234922847 0.50000000000000011 0.055815388807986227
decision_type=2 2 2 2 2 2 2 2 2
left_child=1 -1 5 4 -4 8 -7 -5 -2
right_child=2 -3 3 7 -6 6 -8 -9 -10
leaf_value=-0.0064756044639571351 0.035740192070508194 0.0546757062765163 0.010094564358575132 -0.057544192616578116 -0.0048523602064898773 -0.013283617377455518 0.0033231023052313776 0.009304892781757907 0.0019440015936722499
leaf_weight=4.0388690084218961 9.1534696444869024 4.2734308689832687 156.53665038570762 6.2748491913080198 81.864679872989655 135.42704298719764 63.157117519527674 4.3910725712776184 105.57712173461914
leaf_count=20 45 24 717 29 392 581 306 22 510
internal_value=2.36796e-05 0.0249629 -0.000344934 0.00346376 0.00496194 -0.00337263 -0.00800207 -0.030023 0.00464034
internal_weight=570.694 8.3123 562.382 249.067 238.401 313.315 198.584 10.6659 114.731
internal_count=2646 44 2602 1160 1109 1442 887 51 555
is_linear=0
shrinkage=0.04


Tree=95
num_leaves=12
num_cat=0
split_feature=61 22 3 61 22 61 57 38 38 22 61
split_gain=3.27847 7.75444 9.57276 4.3812 7.94902 5.12398 6.6822 5.43514 3.81209 0.041308 0.0006154
threshold=0.52459656732960724 0.099447729622880163 0.0010648269492734503 0.52084233830978988 -0.068744063382416329 0.51286378461648841 0.38053162851031147 1.0408065871683727 0.83939905968574291 -1.9897615688648438 0.53021892895948253
decision_type=2 2 2 2 2 2 2 2 2 2 2
left_child=3 9 -3 5 -5 7 -7 -1 -6 10 -2
right_child=1 2 -4 4 8 6 -8 -9 -10 -11 -12
leaf_value=0.002007198792838086 0.044673678510463798 0.038102668813400492 -0.044499403285973065 0.019007519305447012 -0.053608955657805393 0.038799592588000288 0.0011095255562865792 -0.0069262726054196708 -0.0077602041597197363 0.050190874534718287 0.043721613518947475
leaf_weight=343.59622573852539 2.6368024237453946 4.050749331712721 5.0350356996059418 5.8366749659180668 8.2038758844137174 12.312883064150812 19.360948260873556 159.57090792059898 4.4893137961626044 3.2748417407274264 1.8473367206752298
leaf_count=1522 30 20 22 38 34 67 102 745 20 21 25
internal_value=2.30997e-05 0.0174072 -0.00767261 -0.000506076 -0.0196277 0.000156403 0.0157612 -0.0008259 -0.0373932 0.0467757 0.0442815
internal_weight=570.216 16.8448 9.08579 553.371 18.5299 534.841 31.6738 503.167 12.6932 7.75898 4.48414
internal_count=2646 118 42 2528 92 2436 169 2267 54 76 55
is_linear=0
shrinkage=0.04


Tree=96
num_leaves=12
num_cat=0
split_feature=61 42 42 22 61 60 32 24 60 44 8
split_gain=3.30435 6.57794 8.57147 8.04827 5.28714 10.5546 12.3532 9.5736 8.2417 12.4498 11.6943
threshold=0.49623166192440987 0.00023006766158881098 0.00021292591569759648 0.56574751948232105 0.50001740612756784 0.056062739454808476 -0.85376600894310972 1.0000000180025095e-35 0.1976908143840832 0.013968651588370682 -0.0001153197059719
decision_type=2 2 2 2 2 2 2 2 2 2 2
left_child=1 2 3 -1 5 7 -7 -2 9 -6 -10
right_child=4 -3 -4 -5 8 6 -8 -9 10 -11 -12
leaf_value=0.0012209217072203591 0.01459438253948509 0.052542170716026029 -0.042007666508384105 0.025291153793419674 0.049498520442976875 -0.031363970480420417 0.0074285380257294925 -0.025140835923512315 -0.014665043249084355 0.0056387939280934975 0.0081260384487573233
leaf_weight=136.56526075303555 11.52822996675968 4.4647373966872683 6.4125672280788413 26.54648095369339 12.206979751586912 15.618815988302229 82.563381038606167 61.229549586772919 74.767970997840166 68.251864805817604 69.509928051382303
leaf_count=650 47 32 35 124 57 64 355 254 375 305 348
internal_value=2.30478e-05 0.00461717 0.00335497 0.00513836 -0.0019971 -0.0072988 0.00125743 -0.0188449 0.00203549 0.0122931 -0.0036848
internal_weight=569.666 173.989 169.524 163.112 395.677 170.94 98.1822 72.7578 224.737 80.4588 144.278
internal_count=2646 841 809 774 1805 720 419 301 1085 362 723
is_linear=0
shrinkage=0.04


Tree=97
num_leaves=10
num_cat=0
split_feature=18 49 23 23 51 30 27 10 31
split_gain=3.1251 7.07977 6.1071 6.86302 6.07534 6.244 7.03186 5.2558 1.38043
threshold=1.0000000180025095e-35 -0.069660637247790161 -0.66056221807789217 -0.50446959540617942 -0.060396800592444795 -2.1650530192788922 -2.7792601421156125 8.196839332187809e-05 -1.3358147398938554
decision_type=2 2 2 2 2 2 2 2 2
left_child=1 -1 -3 -4 7 -6 -7 8 -2
right_child=4 2 3 -5 5 6 -8 -9 -10
leaf_value=0.050135490494206292 0.05860707640343886 -0.031551691677509819 0.044508797346243571 0.0023199214131745501 -0.059700917643067584 0.021311817258988151 -0.0050686791581413164 -0.011780984946645401 0.027652393870155074
leaf_weight=5.0389661639928809 3.4289660155773154 8.2731444835662824 6.3268658369779578 247.7948565967381 3.1945300847291938 17.214334078133106 265.67609611526132 5.0833282917737952 7.0326105281710616
leaf_count=26 17 35 28 1231 14 80 1158 22 35
internal_value=2.30803e-05 0.00317112 0.00226923 0.0033703 -0.00276806 -0.00409135 -0.00346338 0.0215854 0.0377983
internal_weight=569.064 267.434 262.395 254.122 301.63 286.085 282.89 15.5449 10.4616
internal_count=2646 1320 1294 1259 1326 1252 1238 74 52
is_linear=0
shrinkage=0.04


Tree=98
num_leaves=10
num_cat=0
split_feature=57 30 18 55 38 22 38 57 53
split_gain=3.10144 3.85705 3.81377 6.52687 9.84828 7.04938 6.35351 7.49339 6.77096
threshold=-0.23272220966569018 0.87299641867844968 1.0000000180025095e-35 0.41600410070158161 -1.0000000180025095e-35 0.15881487946319228 0.010411961945460234 0.30899933088957693 0.0011087478257680631
decision_type=2 2 2 2 2 2 2 2 2
left_child=1 -1 3 5 -5 -2 8 -8 -4
right_child=2 -3 6 4 -6 -7 7 -9 -10
leaf_value=0.051075455011532933 0.013135638640137177 0.002898906573860337 -6.5800277393864335e-05 -0.048295293983880772 -0.0015356346236458118 -0.0041806526223850497 -0.0077140017548429007 0.018311216389506606 0.037287580357177344
leaf_weight=4.2105414122343046 118.48211530596018 7.215305283665657 23.187187023460865 7.8685587644577017 85.680524311959743 55.111517906188965 236.12324316054583 19.136054858565331 11.673377245664595
leaf_count=20 606 35 100 36 425 253 1036 84 51
internal_value=2.28864e-05 0.0206525 -0.000400093 0.00304836 -0.00546866 0.00763816 -0.00357543 -0.00576297 0.0124423
internal_weight=568.688 11.4258 557.263 267.143 93.5491 173.594 290.12 255.259 34.8606
internal_count=2646 55 2591 1320 461 859 1271 1120 151
is_linear=0
shrinkage=0.04


Tree=99
num_leaves=15
num_cat=0
split_feature=7 3 56 8 41 23 57 6 23 41 8 23 6 8
split_gain=3.11021 9.60044 10.3817 13.2922 10.868 7.72877 8.01766 7.27227 10.0643 13.2898 8.64251 7.49532 8.76042 7.03646
threshold=2.2099640144405843e-05 0.0010463477795653001 0.0094614661855926506 0.00020630988142115002 3.6347437126208849e-05 6.5108043122753925 -0.17632357392924064 -0.00010806965002845 4.2862311234922847 -8.955963779773885e-07 -4.8433889392250868e-05 1.4844345514258419 -0.00013350334385464995 0.00010825252883445002
decision_type=2 2 2 2 2 2 2 2 2 2 2 2 2 2
left_child=7 5 3 -3 -4 6 -2 11 10 -10 -9 12 -1 -7
right_child=1 2 4 -5 -6 13 -8 8 9 -11 -12 -13 -14 -15
leaf_value=0.0078207009248512215 0.049929734425450283 0.047984179352728563 -0.032293503116402972 -0.0017675283300993389 0.0035325056581740864 -0.042486456546048511 0.011263450708796249 -0.010836941568086138 0.019562865737658947 -0.033844870142421157 -0.041761757790469305 -0.0045346198581622315 0.051328699344536446 0.0031612427337282313
leaf_weight=55.178384464234114 9.2814632803201658 9.9410753250122053 33.621632181107998 63.318354398012161 22.691596902906895 7.4626852795481708 113.58100447058678 81.872928772121668 31.979701772332191 9.7206174135208112 17.560537740588188 83.955795876681805 8.5523803979158384 19.576506569981575
leaf_count=257 44 44 162 281 118 37 505 361 168 44 75 413 40 97
internal_value=2.2651e-05 0.00303088 -0.00494321 0.00498362 -0.0178573 0.00992356 0.0141844 -0.00288823 -0.0093811 0.00711317 -0.0162984 0.00331654 0.0136593 -0.0094373
internal_weight=568.295 279.474 129.573 73.2594 56.3132 149.902 122.862 288.82 141.134 41.7003 99.4335 147.687 63.7308 27.0392
internal_count=2646 1288 605 325 280 683 549 1358 648 212 436 710 297 134
is_linear=0
shrinkage=0.04


Tree=100
num_leaves=12
num_cat=0
split_feature=61 22 3 61 22 61 57 9 38 22 61
split_gain=3.14369 7.32423 8.66127 3.86922 7.2981 4.87313 6.3154 5.90296 3.44769 0.0351976 0.000589189
threshold=0.52459656732960724 0.099447729622880163 0.0010648269492734503 0.52084233830978988 -0.068744063382416329 0.51286378461648841 0.38053162851031147 0.00020637830366187053 0.83939905968574291 -1.9897615688648438 0.53021892895948253
decision_type=2 2 2 2 2 2 2 2 2 2 2
left_child=3 9 -3 5 -5 7 -7 -1 -6 10 -2
right_child=1 2 -4 4 8 6 -8 -9 -10 -11 -12
leaf_value=-0.0054815787171173594 0.044495073527175563 0.036933940289549431 -0.042279229613645261 0.01870150382239421 -0.050943625897723901 0.038071049942778525 0.0012293881389992627 0.0032188090935888619 -0.0073477465586085549 0.049656728412238893 0.043544819308911575
leaf_weight=233.09769870713353 2.5486215278506288 3.9674777239561063 4.981637716293335 5.795200519263747 8.1832763105630857 12.102130949497225 19.344201635569334 268.4810800626874 4.4975853115320197 3.1696535870432871 1.7683560363948343
leaf_count=1029 30 20 22 38 34 67 102 1238 20 21 25
internal_value=2.31146e-05 0.017262 -0.00716107 -0.000490635 -0.0184863 0.000133143 0.0154079 -0.000824505 -0.0354813 0.0464559 0.0441058
internal_weight=567.937 16.4357 8.94912 551.501 18.4761 533.025 31.4463 501.579 12.6809 7.48663 4.31698
internal_count=2646 118 42 2528 92 2436 169 2267 54 76 55
is_linear=0
shrinkage=0.04


Tree=101
num_leaves=10
num_cat=0
split_feature=3 15 24 60 59 42 44 42 45
split_gain=3.04546 3.81105 7.23694 7.00216 8.68508 6.61103 5.69675 3.47745 3.21035
threshold=0.00043774466399680009 0.00010367618860700001 0.24166666666626388 -0.0089508515609270992 -0.076106078919669931 0.00021223120329372651 0.013970099205133601 0.00014669798626574854 0.65510999015456395
decision_type=2 2 2 2 2 2 2 2 2
left_child=8 3 5 4 -2 -3 -5 -4 -1
right_child=1 2 7 6 -6 -7 -8 -9 -10
leaf_value=-0.0033216643629502859 0.020461262240967316 0.007544882039497278 -0.060212929935302924 -0.0028350395977808384 -0.029573292452293374 -0.010599438699594826 0.018109683432843745 -0.0081738437500044701 0.047004475814417565
leaf_weight=3.7027864158153516 6.8740752041339865 200.93993172049522 4.0053728818893415 253.35608441755176 28.834306180477142 38.245075553655624 22.633918296545744 4.2184383645653725 4.4840938001871109
leaf_count=20 31 924 19 1165 120 195 126 22 24
internal_value=2.30113e-05 -0.000331634 0.00337512 -0.00327385 -0.0199413 0.00464365 -0.00111736 -0.0335193 0.0242428
internal_weight=567.294 559.107 247.409 311.698 35.7084 239.185 275.99 8.22381 8.18688
internal_count=2646 2602 1160 1442 151 1119 1291 41 44
is_linear=0
shrinkage=0.04


Tree=102
num_leaves=15
num_cat=0
split_feature=61 23 23 22 61 49 37 45 58 41 39 32 22 0
split_gain=3.07801 6.54585 7.2576 9.58308 4.98867 6.69627 10.2626 8.48401 6.05492 12.2232 7.99532 4.96146 4.69343 0.0931938
threshold=0.49623166192440987 8.958418039893461 6.7120074284605478 0.9770706423059764 0.50258099707148463 0.24074301870128659 -0.55307633145795565 0.63450504297059862 -0.20670490161783783 -5.0059483048237033e-05 0.33188944125360648 -0.78561813300565031 -0.33936761110924613 71.786083964224176
decision_type=2 2 2 2 2 2 2 2 2 2 2 2 2 2
left_child=1 2 3 -1 5 7 -7 -2 10 -10 -6 -3 -4 -13
right_child=4 11 12 -5 8 6 -8 -9 9 -11 -12 13 -14 -15
leaf_value=0.001440862025299372 -0.0052757020943800925 -0.0065743715927482696 0.0042032748855116604 0.035517140297716451 -0.015696375082009686 -0.039655846785315335 0.0033258713108217557 -0.029893847525471664 -0.046789656569591581 0.026221242861611933 0.0062673757386088672 0.04698949387980237 -0.046656924184042659 0.056022240675294564
leaf_weight=134.21364855393767 68.037678182125092 3.5432579517364493 4.703083723783493 14.645335376262663 38.857116177678108 9.5734799355268461 124.15810609608889 33.390104398131371 4.1411630585789672 32.166670501232147 83.509134247899055 5.6613627187907678 7.5850117504596692 2.6987113133072853
leaf_count=632 282 20 22 69 192 39 531 140 20 154 447 51 32 15
internal_value=2.23582e-05 0.00446885 0.00235449 0.00479342 -0.00193143 -0.00562944 0.000248927 -0.01338 0.00354912 0.0178938 -0.000707162 0.0330931 -0.0271909 0.0499054
internal_weight=566.884 173.05 161.147 148.859 393.833 235.159 133.732 101.428 158.674 36.3078 122.366 11.9033 12.2881 8.36007
internal_count=2646 841 755 701 1805 992 570 422 813 174 639 86 54 66
is_linear=0
shrinkage=0.04


Tree=103
num_leaves=9
num_cat=0
split_feature=13 13 22 9 9 9 51 22
split_gain=3.03458 4.36222 4.02631 4.994 3.73201 12.5241 8.30404 3.44915
threshold=0.00047192052584920009 0.00044308087558780007 2.0172364339487645 0.00020395770251402631 0.00020637830366187053 0.00019723290364570043 0.033934544838367664 0.11717657224509447
decision_type=2 2 2 2 2 2 2 2
left_child=1 4 3 -2 5 -1 -6 -5
right_child=2 -3 -4 7 6 -7 -8 -9
leaf_value=0.0033920998627014849 0.017668607283057181 0.040277736045670344 0.017710094359614733 -0.053380619148632368 0.00066223005446785317 -0.015343242382335457 0.020026248163587702 -0.016521841372737746
leaf_weight=161.94726192206144 4.3247965574264589 4.4146383553743354 5.4423057660460463 6.5109929516911533 243.01966070011258 88.168144755065441 41.482256852090359 10.800044246017931
leaf_count=744 19 20 24 30 1187 392 183 47
internal_value=2.26741e-05 0.000679063 -0.0130438 -0.0207796 0.000352074 -0.00321229 0.00348563 -0.0303851
internal_weight=566.11 539.032 27.0781 21.6358 534.617 250.115 284.502 17.311
internal_count=2646 2526 120 96 2506 1136 1370 77
is_linear=0
shrinkage=0.04


Tree=104
num_leaves=11
num_cat=0
split_feature=22 41 54 22 59 9 13 9 25 59
split_gain=3.08058 8.42022 7.474 6.76491 12.9678 5.56108 5.55858 4.58909 3.96564 1.55325
threshold=2.5110155039532112 5.46968915683029e-06 0.042404801133810642 1.9577900687019365 0.090848039650851142 0.00018044533039503292 0.00047192052584920009 0.00020395770251402631 0.50000000000000011 0.16167555341736814
decision_type=2 2 2 2 2 2 2 2 2 2
left_child=3 -2 -3 6 -5 -4 8 -8 -1 -6
right_child=1 2 5 4 9 -7 7 -9 -10 -11
leaf_value=-0.0029139997390322321 0.038602651810289372 0.015607020241226992 -0.0020437171365038985 -0.027381522729388211 0.072393902801705073 -0.056040282583171244 0.016973475845039956 -0.029091328582098574 0.0041678346013406063 0.039230094732970185
leaf_weight=242.81363493204117 4.0379382818937328 5.3536816202104118 4.3744889795780173 4.4371427446603766 4.6020523309707624 10.092388689517973 4.3218963295221355 17.356269612908363 264.14333621412516 4.4392978698015213
leaf_count=1068 18 25 19 20 20 45 19 77 1315 20
internal_value=2.21142e-05 -0.0140449 -0.0247705 0.000641206 0.0286248 -0.0397128 -7.22852e-05 -0.0199076 0.000775898 0.0561105
internal_weight=565.972 23.8585 19.8206 542.114 13.4785 14.4669 528.635 21.6782 506.957 9.04135
internal_count=2646 107 89 2539 60 64 2479 96 2383 40
is_linear=0
shrinkage=0.04


Tree=105
num_leaves=8
num_cat=0
split_feature=38 27 7 7 3 9 45
split_gain=2.97766 3.52831 6.50089 3.6826 9.64345 6.49815 1.42381
threshold=2.8953454956138094 -3.5720683969226643 -0.00043417153108119992 2.2099640144405843e-05 0.0010463477795653001 0.00022063643420519339 0.66418004709424172
decision_type=2 2 2 2 2 2 2
left_child=1 2 -1 5 -5 -3 -2
right_child=6 3 -4 4 -6 -7 -8
leaf_value=0.059861280874597689 -0.0066533803531705184 -0.0074744766652795145 -0.0068877160460187707 0.010245650557210956 -0.0047956868703767901 0.0058243863512641506 -0.039135720498929119
leaf_weight=4.4354893229901791 4.2184080556035024 188.0286890976131 4.9286860972642881 146.49993943795562 127.60011726245284 85.526783633977175 4.422912985086441
leaf_count=22 20 848 23 671 599 443 20
internal_value=2.15466e-05 0.000383018 0.024729 -3.32655e-05 0.00324355 -0.0033166 -0.0232789
internal_weight=565.661 557.02 9.36418 547.656 274.1 273.555 8.64132
internal_count=2646 2606 45 2561 1270 1291 40
is_linear=0
shrinkage=0.04


Tree=106
num_leaves=10
num_cat=0
split_feature=61 31 1 3 20 20 54 51 45
split_gain=2.96123 3.17427 6.59681 7.4786 5.53239 3.88473 9.66231 6.46104 1.13099
threshold=0.4857994637220569 1.6197918970135488 27.279477496354961 0.00116767797220075 0.0025852739380358004 0.0025846604006670004 0.11141875786726563 0.036705248399787588 0.49224968909624883
decision_type=2 2 2 2 2 2 2 2 2
left_child=8 5 3 -3 -4 6 -2 -7 -1
right_child=1 2 4 -5 -6 7 -8 -9 -10
leaf_value=0.0077996922542501717 0.00025229065576863548 -0.0079729256843454471 -0.010568541824545028 -0.050960345992924545 0.047770876557812578 -0.00440461820371913 0.02062861093457594 0.014429003106429044 0.048060280488497011
leaf_weight=1.8695199340581883 171.22621063888073 24.844704687595367 5.4553842544555646 8.7578154727816564 4.970417320728302 265.27242397144437 47.582009918987751 32.74157540500164 2.7713211104273796
leaf_count=26 761 117 26 39 23 1239 244 143 28
internal_value=2.10891e-05 -0.000242215 -0.0105523 -0.0191767 0.0172443 0.000636107 0.00468332 -0.00233545 0.0318417
internal_weight=565.491 560.851 44.0283 33.6025 10.4258 516.822 218.808 298.014 4.64084
internal_count=2646 2592 205 156 49 2387 1005 1382 54
is_linear=0
shrinkage=0.04


Tree=107
num_leaves=12
num_cat=0
split_feature=61 22 3 61 42 42 41 41 3 22 20
split_gain=2.95684 7.01935 7.96985 3.65104 6.13146 7.39202 4.54886 6.48993 6.39374 0.0298957 0.00140696
threshold=0.52459656732960724 0.099447729622880163 0.0010648269492734503 0.49623166192440987 0.00023006766158881098 0.00021292591569759648 6.205747688999473e-05 6.9151180751022198e-05 0.0026895228432562003 -0.6279903857144965 0.0025873353365381004
decision_type=2 2 2 2 2 2 2 2 2 2 2
left_child=3 9 -3 4 5 -1 8 -8 -5 10 -2
right_child=1 2 -4 6 -6 -7 7 -9 -10 -11 -12
leaf_value=0.0048151311060286471 0.043652439747683507 0.035852230086116751 -0.040812851855193857 -0.0027470389275179928 0.051648470230956374 -0.038976027993615769 0.061672383964306028 -0.0031964191731277407 -0.045370357194133321 0.050252375853011469 0.045032562649390998
leaf_weight=161.70014108717442 1.8256795890629298 3.8787310570478422 4.9236022680997849 360.78317297250032 4.2760644927620879 6.412086308002471 4.2170920856296998 5.9485182166099548 5.7202144190669051 2.0507423877716082 3.3513890579342842
leaf_count=774 25 20 22 1609 32 35 21 31 26 13 38
internal_value=2.08447e-05 0.0169547 -0.00703053 -0.000473553 0.00434799 0.00314486 -0.0026802 0.0237137 -0.00341228 0.046165 0.0445459
internal_weight=565.087 16.0301 8.80233 549.057 172.388 168.112 376.669 10.1656 366.503 7.22781 5.17707
internal_count=2646 118 42 2528 841 809 1687 52 1635 76 63
is_linear=0
shrinkage=0.04


Tree=108
num_leaves=10
num_cat=0
split_feature=42 37 56 43 61 55 13 30 22
split_gain=2.88381 3.73069 3.84736 3.46047 5.90591 8.25494 3.823 4.43396 4.05785
threshold=0.00010814510228516625 -0.31750670315323731 0.0053194312202738464 0.053527805470074651 0.49210559988329755 0.2505735077292604 0.00047192052584920009 1.8250362685947989 0.12616094662593652
decision_type=2 2 2 2 2 2 2 2 2
left_child=1 -1 -3 4 -2 -6 7 -5 -8
right_child=3 2 -4 6 5 -7 8 -9 -10
leaf_value=0.043942797055847055 0.05044764820542804 0.027161033194365271 -0.018707508899307158 -0.0013018995196191364 -0.01749152501387962 0.02068317147665728 -0.042690186934851417 0.020843787757456395 -0.006674521875338733
leaf_weight=5.3363641574978855 5.1910816468298426 5.6940376162528974 6.0183589681982994 465.066994830966 15.440300822257994 21.944030024111271 6.9273272454738644 14.929877206683157 18.040460623800755
leaf_count=27 38 25 28 2177 66 103 32 72 78
internal_value=2.09394e-05 0.0162218 0.0035917 -0.000483508 0.0104679 0.00491644 -0.00140686 -0.000613078 -0.0166671
internal_weight=564.589 17.0488 11.7124 547.54 42.5754 37.3843 504.965 479.997 24.9678
internal_count=2646 80 53 2566 207 169 2359 2249 110
is_linear=0
shrinkage=0.04


Tree=109
num_leaves=9
num_cat=0
split_feature=50 43 18 57 23 1 29 43
split_gain=2.89272 4.69926 3.36354 6.30342 5.62767 5.39427 9.74823 9.18981
threshold=-0.063584233827165076 0.4899622593814828 1.0000000180025095e-35 -0.060061842978501472 -0.66056221807789217 19.599674198907454 3.5707348823153517 0.39745353992166083
decision_type=2 2 2 2 2 2 2 2
left_child=1 -1 3 -2 -5 7 -7 -4
right_child=2 -3 5 4 -6 6 -8 -9
leaf_value=-0.0025928557542159547 0.057502379427026601 0.056545601999763058 -0.0065007369459606258 -0.030229071046428541 0.0032873741452527374 -0.032165787121181524 0.0021107053190950152 0.0099894415473937154
leaf_weight=5.0050133392214757 3.3429693430662146 3.7686401754617691 154.6102950759232 8.2777670174837095 253.03252262249589 26.254067495465279 26.855005949735641 83.154194466769695
leaf_count=24 18 20 676 35 1267 112 123 371
internal_value=2.07658e-05 0.0228095 -0.000339146 0.00292387 0.00222564 -0.00330802 -0.0148336 -0.00073357
internal_weight=564.3 8.77365 555.527 264.653 261.31 290.874 53.1091 237.764
internal_count=2646 44 2602 1320 1302 1282 235 1047
is_linear=0
shrinkage=0.04


Tree=110
num_leaves=11
num_cat=0
split_feature=52 54 38 42 38 1 9 24 14 20
split_gain=2.81821 3.91517 10.9411 7.22883 4.22952 3.9613 3.84812 3.79639 1.82314 0.819678
threshold=-0.5783722513438837 0.1382990293577718 0.76905759784782501 0.00015261897541012182 2.8953454956138094 -19.487254044790458 0.00020980391946122677 0.024999999999958254 -0.00020632301066344998 0.0025861199221486508
decision_type=2 2 2 2 2 2 2 2 2 2
left_child=7 4 3 -3 6 -4 -2 -1 -9 -10
right_child=1 2 5 -5 -6 -7 -8 8 9 -11
leaf_value=-0.01619103404104881 -0.0026858648459601518 0.0049116837670944028 -0.013029372704483896 -0.06275357668862043 -0.028759732036414735 0.043147017236227658 0.0042001569009400396 0.0085753509311653191 0.051020801686492305 0.022766231922879902
leaf_weight=4.162357371300458 268.78987716138363 3.6300992965698269 3.6355091147124767 8.3065358772873861 7.9486610591411582 4.4874315634369832 251.19332402944565 4.5803870111703864 4.5872141718864432 2.5593905597925186
leaf_count=24 1216 18 25 37 36 29 1164 38 33 26
internal_value=2.04463e-05 -0.000461079 -0.0178062 -0.0421756 0.000197974 0.0180047 0.000640632 0.0166273 0.0282757 0.0409021
internal_weight=563.881 547.991 20.0596 11.9366 527.932 8.12294 519.983 15.8893 11.727 7.1466
internal_count=2646 2525 109 55 2416 54 2380 121 97 59
is_linear=0
shrinkage=0.04


Tree=111
num_leaves=10
num_cat=0
split_feature=3 15 24 60 41 42 44 42 45
split_gain=2.80482 3.42788 6.68419 6.34512 8.09008 6.12868 5.08285 3.27152 3.03599
threshold=0.00043774466399680009 0.00010367618860700001 0.24166666666626388 -0.0089508515609270992 3.3097261424774872e-05 0.00017753257366554282 0.013970099205133601 0.00014669798626574854 0.65510999015456395
decision_type=2 2 2 2 2 2 2 2 2
left_child=8 3 5 4 -2 -3 -5 -4 -1
right_child=1 2 7 6 -6 -7 -8 -9 -10
leaf_value=-0.003212416577562919 -0.029189395259761903 0.0090953870064676041 -0.058886209054957075 -0.0026714317029802571 0.016680568431139031 -0.0044334480739680058 0.017256405721639737 -0.0079611344732481801 0.046081162553743268
leaf_weight=3.6945297718048078 27.697287023067474 155.45403787866235 3.9038271903991681 252.27651269361377 7.9086217731237403 81.749490395188332 22.288185443729162 4.1791315004229546 4.35637566447258
leaf_count=20 117 722 19 1165 34 397 126 22 24
internal_value=2.01178e-05 -0.000319632 0.00321392 -0.003114 -0.019001 0.00443283 -0.00105376 -0.0325564 0.0234605
internal_weight=563.508 555.457 245.286 310.171 35.6059 237.204 274.565 8.08296 8.05091
internal_count=2646 2602 1160 1442 151 1119 1291 41 44
is_linear=0
shrinkage=0.04


Tree=112
num_leaves=9
num_cat=0
split_feature=57 49 22 8 31 23 23 45
split_gain=2.82744 5.78867 10.4393 9.61784 4.58442 4.56302 9.91355 8.03378
threshold=-0.23272220966569018 -0.18804870523831571 1.6974084807086351 8.3263201145915752e-05 1.2926116640698364 4.2862311234922847 1.7460261035462945 0.49224968909624883
decision_type=2 2 2 2 2 2 2 2
left_child=4 2 3 -2 -1 6 -3 -7
right_child=1 5 -4 -5 -6 7 -8 -9
leaf_value=0.043395607925254327 -0.026628237831509388 0.0024620387824203812 -0.064075523783852784 0.01243873948856173 -0.0079829088691070887 0.023930508544660369 -0.012635761298100266 0.0018160300357679164
leaf_weight=6.0810264647006971 19.791624508798122 252.58435414731503 5.8097458481788626 20.553646188229322 5.1167846843600273 33.371162451803684 96.046347469091415 123.75639282539487
leaf_count=30 88 1144 25 97 25 172 433 632
internal_value=1.95589e-05 -0.000384171 -0.0139447 -0.00672581 0.0199184 0.000853348 -0.00169734 0.00651276
internal_weight=563.111 551.913 46.155 40.3453 11.1978 505.758 348.631 157.128
internal_count=2646 2591 210 185 55 2381 1577 804
is_linear=0
shrinkage=0.04


Tree=113
num_leaves=15
num_cat=0
split_feature=61 44 21 3 44 42 43 19 13 3 61 30 61 8
split_gain=2.81954 6.34954 6.6203 6.06166 9.58534 5.76769 5.01688 6.29038 8.84966 6.12844 8.76229 6.51894 4.8368 0.57881
threshold=0.49623166192440987 0.013969170669377256 0.00025496549025370006 0.0019199388478941502 0.013968793145093906 0.0001853620296968993 0.48602087850348702 -2.188574086160735 9.0191497748326877e-06 0.0015076862387438503 0.50001740612756784 -0.71941521117522955 0.50413027870558869 -0.00059287060403894994
decision_type=2 2 2 2 2 2 2 2 2 2 2 2 2 2
left_child=1 3 13 4 -1 -4 9 12 -9 10 -2 -11 -8 -3
right_child=6 2 5 -5 -6 -7 7 8 -10 11 -12 -13 -14 -15
leaf_value=0.0044042438327260309 -0.010518392737651759 0.032076112628019578 0.04642089479976659 0.046407935273991223 -0.024170552184936904 -0.020221304505015782 -0.05020993564022519 0.019134335048862732 -0.0027077274589742436 0.00014414272531361759 0.0055096578343143522 -0.032379715021349488 -0.00011296642341362341 0.054004366225666213
leaf_weight=125.22793826833367 108.03536388278008 2.5950696878135204 3.0956088006496412 4.6697819232940665 22.0971794500947 6.3203739263117313 5.5829863846302015 54.840126011520624 64.690365977585316 16.511704429984093 110.27886698767543 24.477980930358171 6.8878732360899448 7.4696929827332514
leaf_count=580 454 29 15 29 103 37 23 269 306 85 516 116 36 48
internal_value=1.91464e-05 0.00429611 0.0257963 0.0015405 0.000118332 0.00168806 -0.00185508 0.00449288 0.00731333 -0.00508658 -0.00242201 -0.0192783 -0.0225405 0.0483504
internal_weight=562.781 171.476 19.4807 151.995 147.325 9.41598 391.305 132.001 119.53 259.304 218.314 40.9897 12.4709 10.0648
internal_count=2646 841 129 712 683 52 1805 634 575 1171 970 201 59 77
is_linear=0
shrinkage=0.04


Tree=114
num_leaves=14
num_cat=0
split_feature=31 22 31 42 44 51 3 14 7 41 50 53 53
split_gain=2.82878 11.04 9.95114 8.80646 8.39565 7.93818 8.51481 7.15282 6.91476 8.55961 5.78128 4.97145 2.11054
threshold=1.1495333374518679 0.45218926509898333 1.0981126382252144 0.00021223120329372651 0.013970528285653538 0.00078313528095624646 0.0012619008325593503 3.2102815571076757e-05 0.00059328405606475009 3.3097261424774872e-05 -0.050811547524412574 0.028151222644309911 -0.007650588940271234
decision_type=2 2 2 2 2 2 2 2 2 2 2 2 2
left_child=2 5 8 7 -5 10 -7 -3 9 -1 -2 -10 -4
right_child=1 3 12 4 -6 6 -8 -9 11 -11 -12 -13 -14
leaf_value=0.00010165899318508064 0.054563677229409122 -0.00056327882920353695 0.053783679984714457 -0.032805642030421786 0.023795958963291022 -0.016666720114916763 -0.061308939384747338 0.039084415526733349 -0.046220324021740061 0.025629740897551326 -0.0071075058126226281 0.0051545520153560651 0.017891497564188421
leaf_weight=392.5148041844368 2.5943604037165633 12.327096402645113 6.490187831223011 11.629845142364504 6.5568813234567633 23.902114987373352 9.5742616057395917 17.783801086246967 8.4888781085610372 22.20421576499939 38.883231058716774 4.6725556254386893 4.3972776234149915
leaf_count=1840 14 54 30 51 31 102 44 86 37 109 208 20 20
internal_value=1.94357e-05 -0.00533489 0.00152349 0.0095787 -0.012399 -0.0149447 -0.0294344 0.0228531 0.00056258 0.00146844 -0.00325007 -0.0279813 0.0392874
internal_weight=562.02 123.252 438.768 48.2976 18.1867 74.954 33.4764 30.1109 427.88 414.719 41.4776 13.1614 10.8875
internal_count=2646 590 2056 222 82 368 146 140 2006 1949 222 57 50
is_linear=0
shrinkage=0.04


Tree=115
num_leaves=11
num_cat=0
split_feature=61 23 56 9 45 61 9 29 23 0
split_gain=2.7257 5.86749 3.24508 7.19396 11.1423 9.10925 5.92863 5.79721 0.0651683 0.00115884
threshold=0.52490193735124813 4.9763668871797853 0.010286015880833175 0.0001950804593138511 0.87682092263451739 0.51188885497356063 0.00028834767134036231 0.005829974558342165 8.4604868923468075 64.381058479409774
decision_type=2 2 2 2 2 2 2 2 2 2
left_child=2 -2 6 5 -5 -4 7 -1 -3 -10
right_child=1 8 3 4 -6 -7 -8 -9 9 -11
leaf_value=0.044713021289048055 -0.0061794215305262514 0.052882578649497969 0.0010097186322753113 -0.0051942998316676006 -0.050538436893697955 0.038868366957553406 0.04803524092017767 0.0011233487232653924 0.043516203101441858 0.044951310853906731
leaf_weight=4.9757576510310164 7.4178064391016942 1.8951532393693922 58.468823149800301 200.19398391619325 9.0632449388504011 12.309777677059172 4.5428665541112414 258.26529115065932 2.9310962930321693 1.2993717566132543
leaf_count=22 38 12 264 961 39 76 25 1152 42 15
internal_value=1.91507e-05 0.017746 -0.000419099 -0.0034296 -0.00715822 0.00759408 0.00272914 0.00194728 0.0467184 0.043957
internal_weight=561.363 13.5434 547.82 280.036 209.257 70.7786 267.784 263.241 6.12562 4.23047
internal_count=2646 107 2539 1340 1000 340 1199 1174 69 57
is_linear=0
shrinkage=0.04


Tree=116
num_leaves=10
num_cat=0
split_feature=22 41 54 22 49 9 13 23 13
split_gain=2.74474 9.09292 7.04711 6.4492 5.87989 4.96552 4.72768 4.32757 3.67978
threshold=2.5110155039532112 4.200609286394061e-06 0.042404801133810642 1.9577900687019365 0.32021334281791519 0.00018044533039503292 0.00047192052584920009 2.5693785796613029 0.00044308087558780007
decision_type=2 2 2 2 2 2 2 2 2
left_child=3 -2 -3 6 -5 -4 8 -8 -1
right_child=1 2 5 4 -6 -7 7 -9 -10
leaf_value=0.00038370339222154376 0.043822155726165768 0.015352231188689293 -0.0027474261289650039 -0.0024929579673394387 0.051343882500264566 -0.053750200055312627 0.00048057157955264519 -0.0354002349788652 0.038135309244563785
leaf_weight=498.34526990354061 3.7478157430887249 5.3078942224383381 4.3587429076433173 5.697773873805998 7.542748898267746 10.20468272641301 10.207141250371935 11.368274942040442 4.1656860932707778
leaf_count=2364 17 25 19 26 34 46 43 53 19
internal_value=1.93569e-05 -0.0133262 -0.0241046 0.000605985 0.0281764 -0.0384854 -9.05535e-05 -0.0184253 0.000696654
internal_weight=560.946 23.6191 19.8713 537.327 13.2405 14.5634 524.086 21.5754 502.511
internal_count=2646 107 90 2539 60 65 2479 96 2383
is_linear=0
shrinkage=0.04


Tree=117
num_leaves=13
num_cat=0
split_feature=52 50 22 57 38 27 21 42 52 22 27 1
split_gain=2.66986 4.68517 8.50211 7.77827 3.78044 3.74839 4.47348 3.67327 3.29043 3.54663 1.5847 0.250505
threshold=-0.5783722513438837 0.1482149493936965 0.3154158202729479 0.42389349592625919 0.71146879654745832 3.6803768558009029 0.00044588520630005005 9.8059731454121872e-05 -0.66625545378771511 -0.4034986818064315 1.9417915303441446 -4.2947276773556942
decision_type=2 2 2 2 2 2 2 2 2 2 2 2
left_child=8 5 3 -3 -4 7 -7 -2 -1 10 -10 -11
right_child=1 2 4 -5 -6 6 -8 -9 9 11 -12 -13
leaf_value=-0.013235546785517758 0.02907199835982888 -0.020990402249527716 -0.051102360382232551 0.050667262926683367 -0.007869858371375495 -0.049253821206707314 0.00045172717678775671 0.00045925968038503412 -0.025183188747513574 0.0519368868269003 0.022731345410751152 0.036420612045344997
leaf_weight=4.3587813638150683 7.283073052763938 5.3799954578280467 9.8205212056636793 4.410736259073019 4.8268999680876723 5.2907004058361036 6.4033493399620056 501.60070282965899 2.1250730194151393 4.0810216926038256 2.2994701415300369 2.8118583299219608
leaf_count=33 34 30 42 34 23 25 29 2308 21 27 20 20
internal_value=1.88069e-05 -0.000449314 -0.0175663 0.0112915 -0.0368556 0.000354229 -0.0220364 0.000868761 0.016294 0.027667 -0.000281626 0.0456072
internal_weight=560.692 545.016 24.4382 9.79073 14.6474 520.578 11.694 508.884 15.6762 11.3174 4.42454 6.89288
internal_count=2646 2525 129 64 65 2396 54 2342 121 88 41 47
is_linear=0
shrinkage=0.04


Tree=118
num_leaves=10
num_cat=0
split_feature=61 31 22 31 15 10 20 53 29
split_gain=2.71262 3.05185 10.584 9.35717 8.81413 7.7821 5.89623 2.02675 0.996995
threshold=0.4857994637220569 1.1495333374518679 0.45218926509898333 1.0981126382252144 0.00026788666592960009 0.00016268146437810004 0.0025846084208059504 -0.007650588940271234 2.8798868950696579
decision_type=2 2 2 2 2 2 2 2 2
left_child=8 3 5 6 -4 -3 -2 -5 -1
right_child=1 2 4 7 -6 -7 -8 -9 -10
leaf_value=0.0086066912019999529 0.0060978862387612463 -0.020206040575602865 -0.010803206312403843 0.052510070468316405 0.023985389634131805 0.019492799104143501 -0.00350369591316912 0.017189065805747722 0.047236152377414777
leaf_weight=1.8219729550182808 172.41161835193634 64.560497768223286 20.59058403968811 6.3926800414919853 26.84466003626585 9.0022753179073316 251.75577659159899 4.3803568705916387 2.5866345390677452
leaf_count=22 796 314 91 30 128 46 1167 20 32
internal_value=1.87593e-05 -0.000229076 -0.00584801 0.00133408 0.00888443 -0.0153479 0.000399066 0.0381484 0.0312715
internal_weight=560.347 555.938 120.998 434.94 47.4352 73.5628 424.167 10.773 4.40861
internal_count=2646 2592 579 2013 219 360 1963 50 54
is_linear=0
shrinkage=0.04


Tree=119
num_leaves=13
num_cat=0
split_feature=61 22 3 61 52 55 8 61 25 23 23 20
split_gain=2.70062 6.48613 7.14265 3.32608 6.9826 10.9463 9.80596 6.11697 10.3304 9.90156 0.0257044 0.00112277
threshold=0.52459656732960724 0.099447729622880163 0.0010648269492734503 0.49764505321801289 -0.20182690622528318 0.41509921341055711 0.00095847815958430011 0.50001740612756784 0.90000000000000013 -0.50446959540617942 2.3758503336174406 0.0025873353365381004
decision_type=2 2 2 2 2 2 2 2 2 2 2 2
left_child=3 10 -3 4 5 -1 -6 8 -5 -9 -2 -12
right_child=1 2 -4 7 6 -7 -8 9 -10 -11 11 -13
leaf_value=0.037289208761075256 0.049612203693646509 0.034717906183758959 -0.038821093571408116 -0.016657549684204905 -0.0025043825383344238 -0.0003722616251431525 0.038026709245882973 0.047419846522840259 0.023488613728828503 -0.0010435889614155524 0.043362196068143913 0.04464098556541219
leaf_weight=22.198629070073366 1.9724074527621258 3.7649916410446149 4.8167889416217804 82.878896877169609 184.9588053189218 27.826054193079472 10.070682652294634 6.9831057935953131 11.703497141599653 197.99140365049243 1.6948942355811594 3.1221193373203278
leaf_count=138 13 20 22 348 837 135 51 31 52 936 25 38
internal_value=1.86751e-05 0.0165533 -0.00655812 -0.000448001 0.00300814 0.0163401 -0.00041149 -0.00327532 -0.0116899 0.000607471 0.0457659 0.044191
internal_weight=559.982 15.3712 8.58178 544.611 245.054 50.0247 195.029 299.557 94.5824 204.975 6.78942 4.81701
internal_count=2646 118 42 2528 1161 273 888 1367 400 967 76 63
is_linear=0
shrinkage=0.04


Tree=120
num_leaves=15
num_cat=0
split_feature=7 3 21 41 42 15 42 6 23 41 23 6 30 9
split_gain=2.56652 7.58 11.0449 8.15031 7.91303 13.4425 9.11652 6.81836 9.1122 8.30241 6.73638 8.30923 5.44613 4.44794
threshold=2.2099640144405843e-05 0.0010463477795653001 0.00013872034315105003 3.7948371955535508e-05 0.00012219656035077832 0.00045399194901135008 0.00018215929748547998 -0.00010806965002845 -0.68499284915969871 2.8396639553266806e-06 1.4844345514258419 -0.00013350334385464995 -1.187826376001436 0.00023000088585452546
decision_type=2 2 2 2 2 2 2 2 2 2 2 2 2 2
left_child=7 4 13 -4 5 -2 -6 10 -9 -10 11 -1 -12 -3
right_child=1 2 3 -5 6 -7 -8 8 9 -11 12 -13 -14 -15
leaf_value=0.0075994878086126285 -0.02738254622901121 0.046854902720559012 -0.017266525646922989 0.0046059085903073669 0.01931661189375539 0.045547291955509495 -0.00595539548832033 -0.047040244473889492 -0.0020419360978095888 -0.030675437009959214 0.0067642721245564268 0.050450315904167049 -0.013807387003952348 -0.0009905586117352652
leaf_weight=54.496234569698572 19.089973896741871 8.7033820152282697 67.699628338217735 45.631134536117315 92.565406922250986 5.1305965334177008 30.319237198680639 9.3746835440397245 111.30827498063445 18.96244715154171 39.043576400727034 8.3497418537735921 43.566473532468081 4.8363801017403594
leaf_count=257 85 39 312 232 431 23 144 39 526 83 211 40 202 22
internal_value=1.91033e-05 0.00278375 -0.00438052 -0.00845988 0.00896256 -0.011934 0.0130813 -0.00263766 -0.00895091 -0.00620988 0.00342339 0.0132927 -0.00408471 0.0297646
internal_weight=559.077 273.976 126.871 113.331 147.105 24.2206 122.885 285.101 139.645 130.271 145.456 62.846 82.61 13.5398
internal_count=2646 1288 605 544 683 108 575 1358 648 609 710 297 413 61
is_linear=0
shrinkage=0.04


Tree=121
num_leaves=12
num_cat=0
split_feature=61 22 3 61 22 61 57 38 43 22 44
split_gain=2.55022 6.2244 6.5853 3.19968 6.41915 4.22152 5.92167 5.25591 3.84875 0.0220334 0.00099037
threshold=0.52459656732960724 0.099447729622880163 0.0010648269492734503 0.52084233830978988 -0.068744063382416329 0.51286378461648841 0.38053162851031147 1.0408065871683727 0.32953799745805007 -0.6279903857144965 0.013969385742728803
decision_type=2 2 2 2 2 2 2 2 2 2 2
left_child=3 9 -3 5 -5 7 -7 -1 -6 10 -2
right_child=1 2 -4 4 8 6 -8 -9 -10 -11 -12
leaf_value=0.0020501183032304686 0.043232850010347157 0.033694942331273542 -0.037495313924029584 0.018196430589760407 -0.0072089928349577019 0.03690898156002987 0.00067281007041680859 -0.0068204202590673255 -0.052143872636671612 0.049129363858105485 0.044454750130509084
leaf_weight=338.65005999803543 1.6369496956467617 3.6901601403951627 4.7616801261901855 5.7110759466886547 5.3121670931577665 11.710764385759832 18.79884086176753 156.15216547250748 7.1611536741256714 1.9075835198163984 3.0181240998208523
leaf_count=1522 25 20 22 38 23 67 102 745 31 13 38
internal_value=1.93418e-05 0.0162814 -0.00641292 -0.00042991 -0.0169257 0.000141116 0.0145817 -0.000749291 -0.0330069 0.0455087 0.0440251
internal_weight=558.511 15.0145 8.45184 543.496 18.1844 525.312 30.5096 494.802 12.4733 6.56266 4.65507
internal_count=2646 118 42 2528 92 2436 169 2267 54 76 63
is_linear=0
shrinkage=0.04


Tree=122
num_leaves=15
num_cat=0
split_feature=61 23 1 55 25 32 43 19 13 3 61 52 61 0
split_gain=2.55368 5.76145 6.18312 7.20431 6.66581 4.86052 4.4388 5.84052 7.98982 5.57331 8.42975 6.38863 4.34188 0.0674429
threshold=0.49623166192440987 8.958418039893461 19.599674198907454 -0.28698347873953894 0.75000000000000011 -0.78561813300565031 0.48602087850348702 -2.188574086160735 9.0191497748326877e-06 0.0016788309857127001 0.50001740612756784 -0.60376315655486723 0.50413027870558869 71.786083964224176
decision_type=2 2 2 2 2 2 2 2 2 2 2 2 2 2
left_child=1 2 3 -1 -4 -3 9 12 -9 10 -2 -11 -8 -7
right_child=6 5 4 -5 -6 13 7 8 -10 11 -12 -13 -14 -15
leaf_value=0.041387272735828817 -0.01051435001959182 -0.0078893117071782044 -0.022676859927942133 0.00344573029638072 0.026720491683994218 0.046455735860130049 -0.048024439243593856 0.018301648281052872 -0.0025738008412988767 0.046179366907340126 0.0046791202627723015 -0.029552736279473298 -0.00048324025273819849 0.054359104197442727
leaf_weight=8.5812632739543897 117.32849041372538 3.4541077055037022 25.111483767628673 119.70199656113982 5.2919494807720175 5.312160409986971 5.584640294313429 54.068124786019325 64.127917379140854 1.9417778588831449 116.38704941421747 21.6930684261024 6.8361548185348511 2.5601262971758842
leaf_count=43 495 20 117 571 24 51 23 269 306 22 550 104 36 15
internal_value=1.93251e-05 0.00410713 0.00213988 0.00598376 -0.0140789 0.031669 -0.00177201 0.00423361 0.00697556 -0.00482013 -0.00294822 -0.0233308 -0.0218587 0.049026
internal_weight=557.98 170.013 158.687 128.283 30.4034 11.3264 387.967 130.617 118.196 257.35 233.716 23.6348 12.4208 7.87229
internal_count=2646 841 755 614 141 86 1805 634 575 1171 1045 126 59 66
is_linear=0
shrinkage=0.04


Tree=123
num_leaves=9
num_cat=0
split_feature=57 49 22 8 55 0 54 31
split_gain=2.58429 5.34745 9.09513 8.59479 5.85284 8.46282 4.5303 4.14524
threshold=-0.23272220966569018 -0.18804870523831571 1.6974084807086351 8.3263201145915752e-05 -0.19786077571815244 58.788503441739437 -0.047365438458049691 1.2926116640698364
decision_type=2 2 2 2 2 2 2 2
left_child=7 2 3 -2 5 -3 -6 -1
right_child=1 4 -4 -5 6 -7 -8 -9
leaf_value=0.04212195278616232 -0.025524311144902306 0.031529425484994829 -0.060994788765852265 0.01156334361995026 -0.035647626300670046 -0.02559051408578605 0.00026342283381165999 -0.0072016581927999892
leaf_weight=5.8787905722856504 19.764568395912647 19.920140694826845 5.6466715633869162 20.231346677988768 5.6887827664613715 5.2422702610492697 469.71225090697408 5.0837281793355942
leaf_count=30 88 91 25 97 27 24 2239 25
internal_value=1.96025e-05 -0.000366332 -0.0134732 -0.00676407 0.000828785 0.0196292 -0.000166299 0.0192488
internal_weight=557.169 546.206 45.6426 39.9959 500.563 25.1624 475.401 10.9625
internal_count=2646 2591 210 185 2381 115 2266 55
is_linear=0
shrinkage=0.04


Tree=124
num_leaves=10
num_cat=0
split_feature=61 31 31 8 50 42 57 23 45
split_gain=2.50834 2.73526 8.571 6.17289 9.54625 7.67926 5.5547 2.76097 1.09698
threshold=0.4857994637220569 1.1495333374518679 1.0981126382252144 0.00094655482729020005 0.037985785814888283 0.00011531966671352201 -0.23833740525487859 0.7218249526224193 0.49224968909624883
decision_type=2 2 2 2 2 2 2 2 2
left_child=8 2 6 5 -5 -3 -2 -4 -1
right_child=1 3 7 4 -6 -7 -8 -9 -10
leaf_value=0.0060221957119137286 0.051176712990242255 -0.050894687930591244 0.06337149128781433 0.04313933584120578 -0.0066401720607157455 -0.0071465589958473264 -3.9797238796335406e-05 0.021119130987193677 0.047448172918581173
leaf_weight=1.7199121192097653 3.4157975018024436 6.9331411570310584 3.9316975623369199 9.6769742518663424 16.978388302028179 86.701639372855425 418.35315239429474 6.6761732921004295 2.5231876559555531
leaf_count=26 17 30 18 47 84 418 1946 32 28
internal_value=1.90896e-05 -0.000216129 0.00126814 -0.00555124 0.0114318 -0.0103859 0.000374992 0.0367795 0.0306564
internal_weight=556.91 552.667 432.377 120.29 26.6554 93.6348 421.769 10.6079 4.2431
internal_count=2646 2592 2013 579 131 448 1963 50 54
is_linear=0
shrinkage=0.04


Tree=125
num_leaves=11
num_cat=0
split_feature=42 31 3 43 32 7 58 30 33 50
split_gain=2.49657 3.49656 3.42891 3.23542 9.51945 9.74186 4.65106 3.54314 4.27638 2.63471
threshold=0.00010814510228516625 -0.95252010945971188 0.00076689807717120011 0.053527805470074651 0.15770051769185214 -0.00036017483253979996 -0.31149287871127712 -1.9480271471035639 -8.2717233020562055 0.023723240503025763
decision_type=2 2 2 2 2 2 2 2 2 2
left_child=1 -1 -3 4 5 -2 -6 9 -9 -5
right_child=3 2 -4 7 6 -7 -8 8 -10 -11
leaf_value=0.042635328057695883 0.052221376000126128 0.026656419497778607 -0.017079527525538114 -0.053697700645019698 -0.007744068913390848 -0.016595688582617729 0.043713725345002778 0.037536244320903737 -0.0012103940213351234 -0.010938501968908236
leaf_weight=5.1565619036555317 3.9114477857947376 5.3070642650127393 6.2409953474998474 3.3060578405857068 3.5405094847083118 20.759818755090237 13.628635369241236 4.6009687557816497 482.56703627482057 7.619562316685915
leaf_count=27 21 25 28 15 20 98 68 23 2282 39
internal_value=1.89288e-05 0.0152488 0.00301991 -0.000452258 0.0102312 -0.00568525 0.0331024 -0.00134968 -0.000844459 -0.0238773
internal_weight=556.639 16.7046 11.5481 539.934 41.8404 24.6713 17.1691 498.094 487.168 10.9256
internal_count=2646 80 53 2566 207 119 88 2359 2305 54
is_linear=0
shrinkage=0.04


Tree=126
num_leaves=14
num_cat=0
split_feature=9 55 54 9 51 45 37 23 39 9 38 30 61
split_gain=2.59593 8.74124 9.0104 8.34659 6.87798 7.18786 6.89175 7.28149 7.16956 4.83182 4.53518 4.36146 3.64709
threshold=0.00020980391946122677 -0.28698347873953894 0.11360347335821029 0.0001887660388003379 0.033934544838367664 0.6314142479417626 -0.44527157996461847 8.4604868923468075 1.8587399980032018 0.00023675620674336992 -1.0000000180025095e-35 0.76690977401685967 0.49661417225503374
decision_type=2 2 2 2 2 2 2 2 2 2 2 2 2
left_child=1 12 3 -3 6 9 8 -8 -2 -6 -4 -7 -1
right_child=4 2 10 -5 5 11 7 -9 -10 -11 -12 -13 -14
leaf_value=0.051002698371115436 0.030590627237043037 0.0029381607141765291 -0.025112010696153805 -0.013497648383656016 0.040424837124141418 0.020373283966307207 -0.005760072738051898 0.014406773980112943 -0.017392193681274683 0.0049669838262694525 0.01435403742025204 -0.026743402176269346 0.0057552291047621596
leaf_weight=6.5569069236516935 20.679412771016363 76.030513904988766 5.1542119085788718 141.33482153341174 19.296675592660907 5.4302293471991998 170.98244476690888 34.411216624081135 6.5639164596796027 9.0248535834252817 48.461778365075588 7.4643249809741974 5.0418695956468582
leaf_count=34 111 339 24 624 83 27 783 227 35 42 264 32 21
internal_value=1.89579e-05 -0.00267065 -0.00412615 -0.0077487 0.00279427 0.0178547 0.000126027 -0.00238136 0.0190298 0.0291259 0.0105601 -0.00690135 0.0313341
internal_weight=556.433 282.58 270.981 217.365 273.853 41.2161 232.637 205.394 27.2433 28.3215 53.616 12.8946 11.5988
internal_count=2646 1306 1251 963 1340 184 1156 1010 146 125 288 59 55
is_linear=0
shrinkage=0.04


Tree=127
num_leaves=12
num_cat=0
split_feature=22 41 52 22 45 1 48 14 39 19 9
split_gain=2.64457 8.4294 6.61004 6.10937 10.381 7.7089 7.03915 6.43324 6.2403 6.15028 4.46141
threshold=2.5110155039532112 4.200609286394061e-06 -0.059310505044919616 1.0694578071432665 0.76232629393108198 19.2465656068016 0.054076838777329751 0.00020666230234960001 0.68276046121163236 0.79299922002377354 0.00018044533039503292
decision_type=2 2 2 2 2 2 2 2 2 2 2
left_child=3 -2 10 5 6 9 -5 -7 -6 -1 -3
right_child=1 2 -4 4 8 7 -8 -9 -10 -11 -12
leaf_value=-0.0022651242392040787 0.042368101178626036 -0.0028936180974485325 0.016597634597856827 0.024758760591131024 -0.056833740307087884 -0.033430788528749401 -0.0071439665960391207 -0.0035614238502541195 0.0022493574819529645 0.0089300997969680856 -0.051204561464977261
leaf_weight=304.71670889854431 3.6826862841844585 4.3342335224151656 4.9127853624522659 49.04091165214777 5.078810438513754 20.332217410206795 14.290406972169874 26.671215958893299 6.5476240366697311 105.76651009917259 10.39050545170903
leaf_count=1463 17 19 24 223 22 99 66 133 29 504 47
internal_value=1.93302e-05 -0.0131651 -0.0235795 0.000596789 0.0111821 -0.00113757 0.0175601 -0.016482 -0.0235601 0.000619475 -0.0369842
internal_weight=555.765 23.3202 19.6375 532.444 74.9578 457.487 63.3313 47.0034 11.6264 410.483 14.7247
internal_count=2646 107 90 2539 340 2199 289 232 51 1967 66
is_linear=0
shrinkage=0.04


Tree=128
num_leaves=15
num_cat=0
split_feature=61 44 22 23 0 48 3 43 3 61 52 44 20 23
split_gain=2.48185 6.01918 7.52461 5.5214 12.3558 7.90427 4.20893 4.17454 5.11438 7.71793 5.88541 4.35123 8.38762 4.90461
threshold=0.49623166192440987 0.013969170669377256 1.6974084807086351 0.046867956087158054 46.804637454265198 -0.31996468206357037 0.0013109588704211502 0.48602087850348702 0.0016788309857127001 0.50001740612756784 -0.60376315655486723 0.013970008329834848 0.0025851652962813505 9.2513163765636914
decision_type=2 2 2 2 2 2 2 2 2 2 2 2 2 2
left_child=1 3 6 4 -1 -5 -3 8 9 -2 -10 12 -9 -13
right_child=7 2 -4 5 -6 -7 -8 11 10 -11 -12 13 -14 -15
leaf_value=-0.022025096951346509 -0.010159685101641218 0.0051920131526128612 -0.034191592279442184 -0.04088104068075013 0.028262683634064655 -0.00013726975152223504 0.049829406960628639 0.010578417850938238 0.045810278337886992 0.0044018975757121361 -0.028381405294570516 0.041011750845256573 -0.011315308470014664 -0.0076451943389391364
leaf_weight=10.812440559267996 117.07851601392031 4.870857477188113 2.8709818795323363 8.2278577685356122 28.222248546779156 102.83565815538168 11.041087884455917 67.28059933707118 1.8578255027532602 115.87814873456955 21.609402466565371 9.775674067437647 47.951628781855106 5.0150967910885802
leaf_count=48 495 29 16 51 129 484 84 329 22 550 104 52 221 32
internal_value=1.87725e-05 0.00406386 0.0254112 0.0013925 0.0143332 -0.00315567 0.0361653 -0.00174897 -0.00470937 -0.00291641 -0.0225079 0.00408936 0.00146777 0.0245137
internal_weight=555.328 168.881 18.7829 150.098 39.0347 111.064 15.9119 386.447 256.424 232.957 23.4672 130.023 115.232 14.7908
internal_count=2646 841 129 712 177 535 113 1805 1171 1045 126 634 550 84
is_linear=0
shrinkage=0.04


Tree=129
num_leaves=15
num_cat=0
split_feature=9 56 48 31 6 38 52 56 9 27 7 5 44 22
split_gain=2.4735 7.7193 12.4365 8.7477 8.72844 7.79407 7.68814 8.31132 8.96911 7.22778 5.60684 5.09418 3.49085 2.43834
threshold=0.00020980391946122677 0.040872462391454124 0.045438839213158236 1.0078413033942006 0.00038161285330020006 0.085263154219920173 0.10340962952272895 0.036364915236113911 0.0001887660388003379 -1.7642026662518957 0.00026110289600925007 1.0000000180025095e-35 0.013968672731455117 0.82936737356335855
decision_type=2 2 2 2 2 2 2 2 2 2 2 2 2 2
left_child=6 2 4 9 -2 -4 7 8 -1 -3 -8 -9 -12 -5
right_child=1 3 5 13 -6 -7 10 11 -10 -11 12 -13 -14 -15
leaf_value=0.0035668098867380682 0.01371936580274755 6.6686573165402108e-05 0.022212576797761598 0.00477750981946512 -0.030274521932217611 -0.020554618257375368 0.058833028758771777 0.020705553267664462 -0.013755483911747243 -0.028828083992102668 0.035429139707857715 -0.0033858796123804455 -0.015491130971542935 0.042667531067070809
leaf_weight=73.121911652386189 154.73000044748187 25.702711272984743 8.4413985386490804 5.4351512715220434 7.5685397237539283 35.454803954809904 5.2739969491958609 30.228030353784561 138.24368377774954 30.039361596107483 3.8098257482051832 26.228443428874016 4.9566800445318222 5.4347265362739563
leaf_count=326 713 160 38 40 34 168 26 164 609 160 21 139 21 27
internal_value=1.94041e-05 0.00273453 0.00655889 -0.00910363 0.0116678 -0.0123303 -0.00260849 -0.00412108 -0.00776284 -0.0155047 0.026244 0.0095132 0.00663825 0.0237218
internal_weight=554.669 272.807 206.195 66.612 162.299 43.8962 281.863 267.822 211.366 55.7421 14.0405 56.4565 8.76651 10.8699
internal_count=2646 1340 953 387 747 206 1306 1238 935 320 68 303 42 67
is_linear=0
shrinkage=0.04


Tree=130
num_leaves=10
num_cat=0
split_feature=50 22 6 39 22 14 20 22 3
split_gain=2.49355 4.47868 2.6697 6.532 4.64639 4.53884 8.35072 5.79658 4.09355
threshold=-0.063584233827165076 -0.55357668382300584 0.00031238027299140006 1.0283765151896727 1.4000014832754211 0.00019649972137790003 0.0025830460115896007 -0.84734387638633712 0.0010463477795653001
decision_type=2 2 2 2 2 2 2 2 2
left_child=1 -1 5 8 -5 7 -7 -2 -4
right_child=2 -3 3 4 -6 6 -8 -9 -10
leaf_value=-0.009418619737014397 0.0079107797630135167 0.04909006782590835 0.0076671806257215449 -0.010393803045571873 0.040104599756425954 -0.084842232909330809 0.0080012271819532334 -0.0042691509345813327 -0.037957063718958239
leaf_weight=3.9432767555117607 78.378784023225307 4.4618872702121717 4.092569485306746 6.9290442615747434 5.0327122360467911 1.5691801458597172 127.0396586060524 308.93299159780145 13.61147717386484
leaf_count=19 431 25 18 34 26 7 607 1416 63
internal_value=1.97346e-05 0.0216408 -0.000313353 -0.0119821 0.0108526 0.000357606 0.00686843 -0.00180435 -0.0274103
internal_weight=553.992 8.40516 545.586 29.6658 11.9618 515.921 128.609 387.312 17.704
internal_count=2646 44 2602 141 60 2461 614 1847 81
is_linear=0
shrinkage=0.04


Tree=131
num_leaves=12
num_cat=0
split_feature=61 22 61 44 39 22 61 60 25 22 20
split_gain=2.4349 4.63275 3.01051 6.77318 7.54922 7.25061 4.82091 9.46981 9.22565 0.0147004 0.000462937
threshold=0.52490193735124813 0.099447729622880163 0.49764505321801289 0.013969170669377256 0.20984935070412483 1.5027456534585755 0.50001740612756784 0.1976908143840832 0.90000000000000013 -1.8480228088699431 0.0025873353365381004
decision_type=2 2 2 2 2 2 2 2 2 2 2
left_child=2 9 3 4 -1 -5 8 -8 -4 10 -2
right_child=1 -3 6 5 -6 -7 7 -9 -10 -11 -12
leaf_value=0.013856238560386138 0.042988176723919781 -0.004167301415623317 -0.015295549808963438 0.029346325876785199 -0.0037358771477629046 -0.028961232385442074 0.011281532873184024 -0.0064099539992112159 0.022804536202428921 0.048091620750650571 0.043877715020042299
leaf_weight=51.355690568685532 1.5330070219933989 6.992973655462265 82.20102583616972 24.547903716564182 162.60109455138445 3.963184989988803 78.466048829257488 126.38010898977518 11.604192420840262 1.5868920311331729 2.4040043577551842
leaf_count=226 25 36 348 151 763 21 361 617 52 12 34
internal_value=1.94239e-05 0.017461 -0.000384026 0.0029272 0.000486729 0.0212413 -0.00307233 0.000366747 -0.0105824 0.0448414 0.0435313
internal_weight=553.636 12.5169 541.119 242.468 213.957 28.5111 298.651 204.846 93.8052 5.5239 3.93701
internal_count=2646 107 2539 1161 989 172 1378 978 400 71 59
is_linear=0
shrinkage=0.04


Tree=132
num_leaves=9
num_cat=0
split_feature=3 9 15 6 44 38 3 56
split_gain=2.40488 4.49924 2.94833 6.14169 8.28056 5.90498 5.83365 5.28707
threshold=0.00043774466399680009 0.00017630645762918169 0.00010367618860700001 -0.00010589918190069998 0.013968500025156138 -0.10545734923277049 0.0010463477795653001 -0.020247400979217883
decision_type=2 2 2 2 2 2 2 2
left_child=1 -1 3 7 -5 -4 -7 -2
right_child=2 -3 5 4 -6 6 -8 -9
leaf_value=-0.0081704922355755553 0.048719809616590129 0.05260112718377543 -0.053569196772545333 0.0044312119823912925 -0.014515293993779033 0.010127162381063154 -0.0024382933647394659 0.0019232450112700466
leaf_weight=3.9162146896123877 3.9752843454480162 3.8807613551616669 2.9136498495936385 55.67357674986124 109.49922907166183 116.02178144827485 120.52719638496637 136.56438404321671
leaf_count=20 22 24 13 252 497 554 593 671
internal_value=1.94471e-05 0.0220772 -0.000296017 -0.00289942 -0.00812914 0.00302765 0.00372477 0.00324693
internal_weight=552.972 7.79698 545.175 305.712 165.173 239.463 236.549 140.54
internal_count=2646 44 2602 1442 749 1160 1147 693
is_linear=0
shrinkage=0.04


Tree=133
num_leaves=10
num_cat=0
split_feature=50 18 55 8 39 38 57 7 55
split_gain=2.35381 2.77844 6.72216 8.21246 7.09628 5.11476 6.46509 5.26407 2.71509
threshold=-0.063584233827165076 1.0000000180025095e-35 0.41600410070158161 0.00057262425550955013 1.0911489258707985 0.010411961945460234 0.30899933088957693 2.2099640144405843e-05 -0.34110797172141161
decision_type=2 2 2 2 2 2 2 2 2
left_child=8 2 4 -4 -2 7 -7 -3 -1
right_child=1 5 3 -5 -6 6 -8 -9 -10
leaf_value=-0.00050784423571015867 0.012903558118834002 -0.004874384517220956 -0.01100367788694305 0.023378361373959648 -0.0049303725316442292 -0.0068367933493143082 0.017565607851777777 0.026297744745760663 0.045298483713458085
leaf_weight=4.3784442320466042 116.48708868399262 16.637637697160244 77.625970393419266 12.973194003105162 51.473922809585929 232.275735180825 18.775329500436783 18.094665221869946 3.9276195019483549
leaf_count=23 586 72 396 65 273 1044 84 82 21
internal_value=1.92786e-05 -0.000303186 0.00270124 -0.0060804 0.00743811 -0.00302142 -0.00501181 0.0113655 0.0211522
internal_weight=552.65 544.344 258.56 90.5992 167.961 285.783 251.051 34.7323 8.30606
internal_count=2646 2602 1320 461 859 1282 1128 154 44
is_linear=0
shrinkage=0.04


Tree=134
num_leaves=11
num_cat=0
split_feature=41 0 37 37 14 51 8 7 23 13
split_gain=2.3184 9.85067 3.51106 7.18037 6.75036 7.18862 5.57272 5.26582 2.81208 2.27722
threshold=6.205747688999473e-05 82.179895226489563 0.38317777915062262 0.3660375460750715 0.00027733813103835006 0.00078313528095624646 0.00094655482729020005 0.00059328405606475009 0.7218249526224193 -2.5552582566733214e-06
decision_type=2 2 2 2 2 2 2 2 2 2
left_child=2 9 3 7 5 -4 -6 -1 -5 -2
right_child=1 -3 4 8 6 -7 -8 -9 -10 -11
leaf_value=0.001213056535613108 0.064998819393253512 -0.035990288199992268 -0.0017768614721342282 0.061678588545952755 -0.0026054855522573851 -0.025619746446027582 0.034756151917544394 -0.026073921402933124 0.01805341452037559 0.023628950098634798
leaf_weight=407.73526393994689 3.5491028502583495 3.9154190346598616 44.534623268991709 3.8278052657842618 18.972299322485927 37.076633557677269 9.6296732574701291 11.638528615236281 6.1827541515231133 5.3201663084328166
leaf_count=1944 18 20 226 18 94 163 49 52 30 32
internal_value=1.91357e-05 0.0168546 -0.000379746 0.00125495 -0.00674844 -0.0126089 0.00997338 0.000455784 0.0347347 0.0401834
internal_weight=552.382 12.7847 539.598 429.384 110.213 81.6113 28.602 419.374 10.0106 8.86927
internal_count=2646 70 2576 2044 532 389 143 1996 48 50
is_linear=0
shrinkage=0.04


Tree=135
num_leaves=9
num_cat=0
split_feature=61 47 30 24 10 49 61 45
split_gain=2.35386 2.51321 8.31109 7.68506 4.27149 5.01334 4.33544 1.14368
threshold=0.4857994637220569 -0.40102138813087113 -1.4075637350749683 0.024999999999958254 0.00014495199755810002 0.41002533913345374 0.51188885497356063 0.48767771547531152
decision_type=2 2 2 2 2 2 2 2
left_child=7 2 -2 -4 5 -3 -6 -1
right_child=1 4 3 -5 6 -7 -8 -9
leaf_value=0.0035520353043788965 0.03756933246070078 -0.00069294492137521671 0.024172261977740868 -0.038574440176249496 0.0065422812933286284 -0.038254671250082632 0.046416207801164094 0.047091909843809454
leaf_weight=1.5707910917699326 4.1847888864576843 439.154391778633 3.9929146729409721 14.336589206010101 75.807301916182041 5.7599047943949691 4.6293242685496798 2.5040429830551147
leaf_count=25 25 2070 23 76 340 27 31 29
internal_value=1.88183e-05 -0.000206462 -0.0132933 -0.0249056 0.000354383 -0.00117922 0.00883712 0.0303079
internal_weight=551.94 547.865 22.5143 18.3295 525.351 444.914 80.4366 4.07483
internal_count=2646 2592 124 99 2468 2097 371 54
is_linear=0
shrinkage=0.04


Tree=136
num_leaves=8
num_cat=0
split_feature=37 37 47 50 37 23 27
split_gain=2.31079 2.87278 11.1519 5.64943 3.63631 9.2827 5.90935
threshold=-0.75360213592132996 -0.59921480225927748 -0.39373798867273285 0.056462430009867205 -0.4288417324420522 -0.48315974023100833 -3.0520858609450423
decision_type=2 2 2 2 2 2 2
left_child=-1 2 -2 -4 5 -3 -6
right_child=1 4 3 -5 6 -7 -8
leaf_value=0.029383392627318879 0.038379873475103118 -0.045510024693256809 -0.0051711605145274364 -0.054011047744689955 -0.049291922920529391 0.014370262831769088 -0.0004007274117271531
leaf_weight=4.254685826599597 4.760613668709996 4.4869631379842749 6.9671131297945967 8.3084498792886716 3.9894023090600959 53.902004640549421 465.06604071520269
leaf_count=22 30 19 33 36 19 267 2220
internal_value=1.87171e-05 -0.000209487 -0.0150759 -0.0317354 0.000355249 0.0097687 -0.000816556
internal_weight=551.735 547.481 20.0362 15.2756 527.444 58.389 469.055
internal_count=2646 2624 99 69 2525 286 2239
is_linear=0
shrinkage=0.04


Tree=137
num_leaves=12
num_cat=0
split_feature=61 23 61 44 14 22 53 53 44 22 24
split_gain=2.30342 4.84952 2.81469 6.30831 6.98044 6.74153 4.44555 6.43235 2.78207 0.0610601 0.00070064
threshold=0.52490193735124813 4.9763668871797853 0.49764505321801289 0.013969170669377256 0.00020279045911225004 1.5027456534585755 0.022711244387710831 0.014740416326565928 0.013969575206827014 -1.8480228088699431 0.091666666666513866
decision_type=2 2 2 2 2 2 2 2 2 2 2
left_child=2 -2 3 4 -1 -5 7 -4 -8 10 -3
right_child=1 9 6 5 -6 -7 8 -9 -10 -11 -12
leaf_value=-0.0040076730976802179 -0.0047020919840380457 0.042847357325324451 -0.0031432346444869204 0.028513146896890142 0.012130451471281502 -0.02801244886317264 -0.045224372084781486 0.030016877652942375 -0.0041510514856898922 0.052859441846663802 0.043941906059370178
leaf_weight=153.90672225505114 6.9944002255797368 2.0560298599302773 277.21011235937476 24.22470806539059 59.448781058192253 3.92252093553543 6.3295253664255124 9.6866602599620801 4.5248094499111176 1.511771500110626 1.7172545194625852
leaf_count=706 38 35 1288 151 283 21 27 43 20 10 24
internal_value=1.84019e-05 0.0171488 -0.000371678 0.00283714 0.000489009 0.0206359 -0.00297431 -0.00202363 -0.0281023 0.0460669 0.0433455
internal_weight=551.533 12.2795 539.254 241.503 213.356 28.1472 297.751 286.897 10.8543 5.28506 3.77328
internal_count=2646 107 2539 1161 989 172 1378 1331 47 69 59
is_linear=0
shrinkage=0.04


Tree=138
num_leaves=10
num_cat=0
split_feature=42 31 56 43 6 14 13 9 22
split_gain=2.24189 3.35917 3.32967 2.75219 5.05638 5.23418 3.18039 4.21793 3.70624
threshold=0.00010814510228516625 -0.95252010945971188 0.0053194312202738464 0.053527805470074651 -0.0002863344851583999 0.00023970814652390002 0.00047192052584920009 0.00020980391946122677 0.12616094662593652
decision_type=2 2 2 2 2 2 2 2 2
left_child=1 -1 -3 4 -2 -6 7 -5 -8
right_child=3 2 -4 6 5 -7 8 -9 -10
leaf_value=0.041740505240443183 0.053151918485142488 0.024897221854732414 -0.018289617165905443 -0.004206985805147178 -0.0042104902489228258 0.029375383149712466 -0.040488970820840881 0.0033818207730177564 -0.0056628199498939356
leaf_weight=5.0442271009087589 3.8501706421375266 5.5218048095703107 5.9174626991152763 241.64642253145576 27.060265906155109 10.231405913829802 6.7748420797288444 227.51958850957453 17.566940568387508
leaf_count=27 21 25 28 1120 131 55 32 1129 78
internal_value=1.83242e-05 0.0145478 0.00255694 -0.000429625 0.00950999 0.00500419 -0.00125825 -0.000526834 -0.0153557
internal_weight=551.133 16.4835 11.4393 534.65 41.1418 37.2917 493.508 469.166 24.3418
internal_count=2646 80 53 2566 207 186 2359 2249 110
is_linear=0
shrinkage=0.04


Tree=139
num_leaves=10
num_cat=0
split_feature=3 9 7 8 22 24 23 61 42
split_gain=2.33845 4.2603 2.60267 6.93459 11.9451 6.56192 8.86231 5.50348 1.805
threshold=0.00043774466399680009 0.00017630645762918169 2.2099640144405843e-05 -5.194830525130964e-05 0.79751037448848372 0.24166666666626388 -0.48315974023100833 0.49876863299586488 0.00014669798626574854
decision_type=2 2 2 2 2 2 2 2 2
left_child=1 -1 3 7 -5 6 -4 -2 -7
right_child=2 -3 5 4 -6 8 -8 -9 -10
leaf_value=-0.0072414783840756896 0.0067063973695043674 0.052148039921898377 0.027959091489834609 -0.032283394512436031 0.0069851722490120232 -0.055052045333149398 0.0013472019620501176 -0.0058249123388675259 -0.015670275793985718
leaf_weight=3.9441575035452834 104.96688866429031 3.789323203265667 21.868725061416626 30.409987267106771 20.920929446816444 3.558850221335887 237.15081065148115 120.38570542633533 3.9057157188653946
leaf_count=20 507 24 101 134 94 19 1133 593 21
internal_value=1.80622e-05 0.0218588 -0.0002929 -0.00301025 -0.0162787 0.00252846 0.00359401 1.20411e-05 -0.0344462
internal_weight=550.901 7.73348 543.168 276.684 51.3309 266.484 259.02 225.353 7.46457
internal_count=2646 44 2602 1328 228 1274 1234 1100 40
is_linear=0
shrinkage=0.04


Tree=140
num_leaves=8
num_cat=0
split_feature=38 27 7 27 57 47 45
split_gain=2.22631 3.13147 6.07582 3.03981 6.65817 3.63056 1.38858
threshold=2.8953454956138094 -3.5720683969226643 -0.00043417153108119992 -3.3153621779726872 0.20258211322388417 -0.40102138813087113 0.65158841228672959
decision_type=2 2 2 2 2 2 2
left_child=1 2 -1 4 -3 -5 -2
right_child=6 3 -4 5 -6 -7 -8
leaf_value=0.058505737719986552 -0.0031059769250840826 -0.066905189665650677 -0.0070868349331015355 -0.015739558975894442 0.0051757495828679227 0.0010113780190652403 -0.035792277375685938
leaf_weight=4.250009547919035 3.912680119276045 3.4241690710186941 4.8244166895747167 21.59076340124011 5.1105605810880661 502.99344922788441 4.4384365677833557
leaf_count=22 19 15 23 125 28 2393 21
internal_value=1.75996e-05 0.000333283 0.0236335 -6.33185e-05 -0.0237434 0.000321945 -0.020478
internal_weight=550.544 542.193 9.07443 533.119 8.53473 524.584 8.35112
internal_count=2646 2606 45 2561 43 2518 40
is_linear=0
shrinkage=0.04


Tree=141
num_leaves=11
num_cat=0
split_feature=41 13 3 31 31 14 59 8 49 24
split_gain=2.26433 6.72915 4.35659 3.29276 6.64885 6.03279 6.69648 5.25011 5.04213 1.85419
threshold=6.205747688999473e-05 9.0191497748326877e-06 0.0016886929924119002 1.1495333374518679 1.0981126382252144 0.00027733813103835006 -0.1609914490628801 0.00094655482729020005 -0.18804870523831571 0.041666666666597151
decision_type=2 2 2 2 2 2 2 2 2 2
left_child=3 -2 -3 4 8 6 -5 -7 -1 -6
right_child=1 2 -4 5 9 7 -8 -9 -10 -11
leaf_value=-0.013968620109469096 0.063067515758271617 0.03726192641241137 -0.021398474821912445 0.065210010393236692 0.017465149158138949 -0.0028656887336890834 -0.013792484136649257 0.033605837738565195 0.0017812612076562298 0.052192698916699871
leaf_weight=35.543857142329216 3.5926286764442912 3.0560348927974683 6.0084173120558262 1.7544631659984578 5.2847583591938001 18.890569739043716 79.67531519010663 9.4863886609673482 382.55732670985162 4.6021467372775078
leaf_count=165 20 20 30 9 25 94 380 49 1831 23
internal_value=1.71967e-05 0.0167401 -0.00162141 -0.00037638 0.00120899 -0.00655559 -0.0120903 0.00932671 0.000442323 0.0336301
internal_weight=550.452 12.6571 9.06445 537.795 427.988 109.807 81.4298 28.377 418.101 9.88691
internal_count=2646 70 50 2576 2044 532 389 143 1996 48
is_linear=0
shrinkage=0.04


Tree=142
num_leaves=9
num_cat=0
split_feature=57 49 25 23 55 0 54 37
split_gain=2.23708 4.72208 8.0515 7.29218 5.10121 8.29062 4.17175 3.69975
threshold=-0.23272220966569018 -0.18804870523831571 0.75000000000000011 6.0901962509384777 -0.19786077571815244 58.788503441739437 -0.047365438458049691 0.43087055468994545
decision_type=2 2 2 2 2 2 2 2
left_child=7 2 3 -2 5 -3 -6 -1
right_child=1 4 -4 -5 6 -7 -8 -9
leaf_value=0.040558206554523253 -0.008317476299404887 0.030370806346009561 0.036146860077441716 -0.046876227351753168 -0.034386146875695987 -0.026811901340340994 0.00026998774836127 -0.0068022050840382976
leaf_weight=5.596189506351946 29.280236706137657 19.561645504087213 4.8053701147437087 10.720821395516394 5.6247892566025248 5.1181599721312514 464.42428957857192 4.9945220947265625
leaf_count=30 134 91 28 48 27 24 2239 25
internal_value=1.71901e-05 -0.000340183 -0.0127747 -0.0186517 0.000785985 0.0185121 -0.000144721 0.0182233
internal_weight=550.126 539.535 44.8064 40.0011 494.729 24.6798 470.049 10.5907
internal_count=2646 2591 210 182 2381 115 2266 55
is_linear=0
shrinkage=0.04


Tree=143
num_leaves=12
num_cat=0
split_feature=61 22 30 61 29 22 22 8 0 22 20
split_gain=2.23126 5.42651 5.3693 2.71952 5.73065 3.93142 7.24756 6.98408 3.22477 0.0207624 0.000559449
threshold=0.52459656732960724 0.099447729622880163 0.27954810125149016 0.52160616950551308 2.7873916996309771 0.79751037448848372 1.5234361505045222 0.00072419841855630009 48.475666634917893 -0.6279903857144965 0.0025873353365381004
decision_type=2 2 2 2 2 2 2 2 2 2 2
left_child=3 9 -3 5 8 7 -7 -1 -5 10 -2
right_child=1 2 -4 4 -6 6 -8 -9 -10 -11 -12
leaf_value=-0.00032166609587590186 0.042786268329565308 -0.034464549816574756 0.031025689624605779 -0.012032773449180759 0.014666032214180049 0.020803562128907972 -0.00096257304071379213 -0.021350390000374947 -0.062103366708848799 0.048553092214676616 0.043767114963111899
leaf_weight=389.51114408113062 1.4434138853102911 4.5179357677698118 3.5983210653066635 3.8447215184569341 5.2272036746144286 38.453282907605171 67.340414073318243 27.023041192442179 4.4286422803997993 1.8268357664346693 2.6179101392626762
leaf_count=1834 25 22 20 19 29 177 313 134 22 13 38
internal_value=1.67928e-05 0.0157784 -0.00542962 -0.000395152 -0.0181203 6.29876e-05 0.00694886 -0.00168592 -0.038835 0.0450115 0.0434185
internal_weight=549.833 14.0044 8.11626 535.828 13.5006 522.328 105.794 416.534 8.27336 5.88816 4.06132
internal_count=2646 118 42 2528 70 2458 490 1968 41 76 63
is_linear=0
shrinkage=0.04


Tree=144
num_leaves=13
num_cat=0
split_feature=61 42 22 41 23 41 3 23 39 15 51 31
split_gain=2.23262 6.31904 5.12083 10.8076 3.67152 9.48695 6.60321 3.52906 10.6304 3.83608 3.00335 2.28933
threshold=0.49210559988329755 0.00013964112270602332 -0.55003969285847021 -4.3729985750573515e-05 -0.7236471282160627 -1.1820484915237017e-05 0.00063097852089635017 -0.50446959540617942 0.61472683364437464 0.00076204487209865005 -0.017937139279828093 1.1098662400174018
decision_type=2 2 2 2 2 2 2 2 2 2 2 2
left_child=1 11 10 -4 5 -2 -7 8 -6 -9 -3 -1
right_child=4 2 3 -5 7 6 -8 9 -10 -11 -12 -13
leaf_value=0.047845243343992358 -0.054708624819693408 0.048617256803202884 -0.099598842033184726 -0.0025400843462550821 0.04081203116235263 -0.034667389634388784 0.027083684443176798 0.00019249621792965342 -0.015358894103223924 -0.013509094299402372 0.0045670508882319806 0.015321897274146234
leaf_weight=6.6965016126632673 7.0802316665649441 4.3967711590230465 1.9787674881517876 25.370469909161333 12.013440147042276 4.4415549933910352 7.3650758191943169 422.02241302281618 9.7786008492112142 35.439249761402607 5.6701159104704839 7.171316534280777
leaf_count=37 30 50 11 145 54 19 33 1987 44 169 30 37
internal_value=1.66337e-05 0.00796356 -0.000584545 -0.00956246 -0.000801508 -0.0181001 0.00385345 -0.000119791 0.0156068 -0.000868957 0.0238062 0.0310268
internal_weight=549.425 51.2839 37.4161 27.3492 498.141 18.8869 11.8066 479.254 21.792 457.462 10.0669 13.8678
internal_count=2646 310 236 156 2336 82 52 2254 98 2156 80 74
is_linear=0
shrinkage=0.04


Tree=145
num_leaves=9
num_cat=0
split_feature=48 49 25 55 60 23 50 21
split_gain=2.2166 4.01452 7.24663 4.72626 6.95012 4.20451 4.05874 3.77809
threshold=0.11808798992691623 -0.18804870523831571 0.75000000000000011 -0.19786077571815244 -0.0071872623981779757 2.4139326257409643 -0.011047931645001079 0.00054047758586190005
decision_type=2 2 2 2 2 2 2 2
left_child=1 2 5 4 -3 -1 -5 -2
right_child=7 3 -4 6 -6 -7 -8 -9
leaf_value=-0.0012262458061480458 -0.0086617101214907354 -0.014625597685227636 0.034866295040867121 -0.012603882896394638 0.031787070072051969 -0.027919498766453048 0.00090638944653515538 0.037830927305025762
leaf_weight=15.51691699773073 4.9701180383563024 7.388386249542239 4.7396771088242522 38.787352964282036 17.133128879591823 24.112842448055744 430.00448482856154 6.3946957439184189
leaf_count=71 26 35 28 182 80 109 2081 34
internal_value=1.69551e-05 -0.000352547 -0.0118773 0.000684013 0.0178028 -0.0174678 -0.000211437 0.0174985
internal_weight=549.048 537.683 44.3694 493.313 24.5215 39.6298 468.792 11.3648
internal_count=2646 2586 208 2378 115 180 2263 60
is_linear=0
shrinkage=0.04


Tree=146
num_leaves=14
num_cat=0
split_feature=7 6 23 41 45 23 6 19 45 23 23 56 30
split_gain=2.22124 6.03526 7.86345 10.7026 10.4689 6.29308 6.52989 5.91733 5.32094 10.0713 6.35654 4.76983 3.69754
threshold=2.2099640144405843e-05 -0.00010806965002845 4.2862311234922847 -8.955963779773885e-07 0.48956810735532158 1.4999258067851511 -0.00013350334385464995 0.037064919711404708 0.4278645305031506 1.3984765205407335 1.2462036780331978 -0.020247400979217883 -0.33939374134277833
decision_type=2 2 2 2 2 2 2 2 2 2 2 2 2
left_child=1 5 4 -4 -3 6 -1 12 9 -9 -10 -7 -2
right_child=7 2 3 -5 -6 11 -8 8 10 -11 -12 -13 -14
leaf_value=0.0077073613483873366 0.0033830618590785684 -0.036859587473026409 0.018000500963855498 -0.030580915815867249 -0.0068801237717777877 0.044806259700125847 0.045617162893560784 -0.0066334569206734171 0.0075620781639972583 0.031877609712824134 -0.0066557818563712356 -0.0060923557028997434 0.050485653558367975
leaf_weight=54.495498914271593 4.50024788454175 25.028266496956348 30.61380385607481 9.5092208310961706 72.981562122702599 3.0630766060203305 8.3889093324542028 20.179545238614082 81.469526715576649 23.538853634148836 131.55443473905325 76.976377587765455 6.543967664241789
leaf_count=260 20 110 168 44 326 18 41 89 379 119 651 391 30
internal_value=1.67011e-05 -0.00246718 -0.0084295 0.00648663 -0.0145358 0.00329527 0.0127646 0.00262367 0.00139043 0.0141017 -0.00121826 -0.00414449 0.0312925
internal_weight=548.843 281.057 138.133 40.123 98.0098 142.924 62.8844 267.787 256.742 43.7184 213.024 80.0395 11.0442
internal_count=2646 1358 648 212 436 710 301 1288 1238 208 1030 409 50
is_linear=0
shrinkage=0.04


Tree=147
num_leaves=8
num_cat=0
split_feature=61 42 42 15 42 30 29
split_gain=2.17628 2.52542 5.06207 3.55832 3.38317 3.12481 0.898424
threshold=0.4857994637220569 0.0002928299776820533 0.00026482566483865283 5.2456039835184637e-05 0.00023242447907153649 -0.66184095268797793 2.8798868950696579
decision_type=2 2 2 2 2 2 2
left_child=6 2 4 -4 -2 -3 -1
right_child=1 5 3 -5 -6 -7 -8
leaf_value=0.0074959054594669824 0.00026488893165035155 0.010183296543145856 0.057444237951360527 0.0085781989068106131 -0.015723152290301121 -0.04317159292073855 0.04636414149562483
leaf_weight=1.656575478613376 505.0863970965147 2.803707979619503 4.0257133916020376 5.8473878838121891 22.1031623929739 4.7011913508176795 2.2355823963880539
leaf_count=22 2363 21 28 38 120 22 32
internal_value=1.70222e-05 -0.000195995 0.000126009 0.0285031 -0.000405432 -0.0232391 0.0298211
internal_weight=548.46 544.568 537.063 9.8731 527.19 7.5049 3.89216
internal_count=2646 2592 2549 66 2483 43 54
is_linear=0
shrinkage=0.04


Tree=148
num_leaves=10
num_cat=0
split_feature=3 9 45 42 56 45 25 9 42
split_gain=2.18964 4.08766 2.5779 6.02411 6.12631 5.54997 5.11241 8.83598 7.32549
threshold=0.00043774466399680009 0.00017630645762918169 0.74012780303021497 0.0001406764623201967 0.0080439492112585505 0.75727927701545339 0.50000000000000011 0.00026851348986241274 0.00012725866089589082
decision_type=2 2 2 2 2 2 2 2 2
left_child=1 -1 6 5 -5 -4 7 -2 -8
right_child=2 -3 3 4 -6 -7 8 -9 -10
leaf_value=-0.0070091783449775591 -0.0020534509434748187 0.051617990342127218 -0.030771587161417143 -0.00017366765421782514 -0.024752340499140407 0.013896924923093662 -0.011489573908575754 -0.05386433791730081 0.0084011619234426547
leaf_weight=3.9393614381551734 211.12358397245407 3.6806785017251968 5.2263880670070639 30.454451687633991 34.728380173444748 29.978076763451099 35.146407626569271 5.4013711810111991 188.56808250583708
leaf_count=20 940 24 24 138 170 143 166 23 998
internal_value=1.67065e-05 0.0213093 -0.000283409 -0.00606769 -0.0132688 0.00726552 0.00103557 -0.00334591 0.00527625
internal_weight=548.247 7.62004 540.627 100.387 65.1828 35.2045 440.239 216.525 223.714
internal_count=2646 44 2602 475 308 167 2127 963 1164
is_linear=0
shrinkage=0.04


Tree=149
num_leaves=12
num_cat=0
split_feature=61 22 3 55 25 52 38 45 61 22 20
split_gain=2.15134 5.13343 6.31144 2.64864 6.56207 5.43762 5.28312 4.98538 4.48154 0.0174733 0.000478987
threshold=0.52459656732960724 0.099447729622880163 0.0013169756971212502 0.41823965892241777 0.90000000000000013 -0.66625545378771511 -1.0000000180025095e-35 0.49843512119179295 0.52084233830978988 -0.6279903857144965 0.0025873353365381004
decision_type=2 2 2 2 2 2 2 2 2 2 2
left_child=3 9 -3 4 8 -6 -5 -8 -1 10 -2
right_child=1 2 -4 6 5 -7 7 -9 -10 -11 -12
leaf_value=2.3010868627408259e-06 0.042706223114990005 0.028784676283528449 -0.042268485135604411 -0.037853454662526147 -0.033580288608263766 0.021116878067938098 -0.022080384945691693 0.0021309925462640088 -0.027228318715514725 0.04809567502583352 0.043629329377467045
leaf_weight=402.93553366698325 1.4014814719557755 4.2160743176937086 3.80584916472435 8.0013688579201681 3.1688363626599303 35.333183107897639 17.88195588439703 56.926613017916679 9.9079136550426465 1.7622037604451177 2.5103278420865536
leaf_count=1843 25 23 19 37 16 218 86 279 49 13 38
internal_value=1.65717e-05 0.0156704 -0.00492515 -0.000384799 0.000821693 0.0166151 -0.00696063 -0.0036564 -0.000651212 0.0447885 0.0432986
internal_weight=547.851 13.6959 8.02192 534.155 451.345 38.502 82.8099 74.8086 412.843 5.67401 3.91181
internal_count=2646 118 42 2528 2126 234 402 365 1892 76 63
is_linear=0
shrinkage=0.04


Tree=150
num_leaves=15
num_cat=0
split_feature=9 23 23 29 30 51 20 55 8 21 8 38 56 61
split_gain=2.18415 7.6883 9.79544 11.4802 8.19533 6.50481 5.3118 8.50292 7.27963 10.3481 6.19481 5.08451 4.34517 3.18079
threshold=0.00022035861299794148 1.5207724677869805 8.4604868923468075 2.849830942787912 1.3397466214708633 0.024600249902302754 0.0025851269041698003 -0.26634656536305334 -0.00053807392573979984 -0.00045299911996304996 -0.00048221534824074996 1.3467251838973076 0.013213472285595879 0.50001740612756784
decision_type=2 2 2 2 2 2 2 2 2 2 2 2 2 2
left_child=6 4 3 -3 11 -4 7 12 13 -10 -9 -2 -1 -8
right_child=1 2 5 -5 -6 -7 8 10 9 -11 -12 -13 -14 -15
leaf_value=0.050964342426691081 0.025800821702324048 -0.018771576801667151 0.02593723466195132 0.012291995071540036 -0.023662223585439991 -0.015474392660483345 -0.0140714057991229 0.012769667385584721 0.057043153151006422 -0.0084700040282759299 -0.0033654023449900196 -0.017314168580504431 0.0032998519053961256 -0.049053170112369003
leaf_weight=7.9557525739073736 44.845156244933605 60.687367539852858 25.977681756019592 27.735257610678673 7.3492393046617499 7.9189128540456286 7.3432365581393269 45.999483197927475 4.092877432703971 67.123449809849262 220.91674058884382 4.849619733169674 4.9728828072547913 9.590301286429165
leaf_count=41 205 288 188 149 32 40 34 226 20 304 1027 28 21 43
internal_value=1.66483e-05 0.00363591 -0.00201953 -0.00902796 0.0157628 0.0162627 -0.0017474 0.00094979 -0.0103101 -0.00470489 -0.000584736 0.0215933 0.0326306 -0.0338833
internal_weight=547.358 179.363 122.319 88.4226 57.044 33.8966 367.995 279.845 88.1499 71.2163 266.916 49.6948 12.9286 16.9335
internal_count=2646 930 665 437 265 228 1716 1315 401 324 1253 233 62 77
is_linear=0
shrinkage=0.04


Tree=151
num_leaves=13
num_cat=0
split_feature=7 24 23 8 30 6 23 41 23 51 23 42
split_gain=2.13648 6.00558 8.37759 5.77116 5.76919 5.63686 7.41097 6.69883 5.59551 6.07794 4.47407 1.75477
threshold=2.2099640144405843e-05 0.24166666666626388 -0.48315974023100833 2.1447982966803063e-05 0.018668736981147963 -0.00010806965002845 -0.68499284915969871 2.8396639553266806e-06 1.4999258067851511 -0.073346332335083711 4.5701279708702058 0.00014669798626574854
decision_type=2 2 2 2 2 2 2 2 2 2 2 2
left_child=5 2 3 -2 -4 8 -7 -8 9 -1 -10 -3
right_child=1 11 4 -5 -6 6 7 -9 10 -11 -12 -13
leaf_value=0.038964580883700882 -0.015720095350063197 -0.053993822061880636 0.016488699003251759 0.037165038667111329 -0.0011638862960400109 -0.042674929270601063 -0.0019136295723550445 -0.027775599052714713 -0.013542310490455425 0.0063245974595273992 0.0054154816049738494 -0.014765705938020259
leaf_weight=11.103100456297396 4.056620046496394 3.4312932565808287 34.678227409720421 17.737154640257359 203.17531140334904 9.3002322912216169 109.54723526909947 18.770765036344528 39.005488121882081 51.313868328928947 40.703006124123931 3.8962114900350571
leaf_count=69 18 19 161 84 985 39 526 83 192 232 217 21
internal_value=1.72646e-05 0.00257687 0.0035847 0.0273212 0.0014098 -0.0024255 -0.00819578 -0.0056968 0.00316178 0.0121308 -0.00386155 -0.0331353
internal_weight=546.719 266.975 259.647 21.7938 237.854 279.744 137.618 128.318 142.125 62.417 79.7085 7.3275
internal_count=2646 1288 1248 102 1146 1358 648 609 710 301 409 40
is_linear=0
shrinkage=0.04


Tree=152
num_leaves=8
num_cat=0
split_feature=31 31 47 53 31 23 8
split_gain=2.13645 2.62488 10.069 5.33032 3.09094 8.14002 5.46005
threshold=-2.2608064077639898 -1.7976444067778325 -0.39373798867273285 -0.021669614929628846 -1.2865251973261567 -0.52536146666305739 -0.00073528081398129984
decision_type=2 2 2 2 2 2 2
left_child=-1 2 -2 -4 5 -3 -6
right_child=1 4 3 -5 6 -7 -8
leaf_value=0.028545370370175065 0.037277505695754026 -0.045889776779409086 -0.055383452712488714 -0.0079650164760089563 -0.01720853922550919 0.01319691734234788 0.00039892603635668109
leaf_weight=4.1680465787649146 4.615619624033573 4.0097215026617041 7.1307557821273813 8.1031780466437304 30.13308092020452 53.569491242989898 434.50148607417941
leaf_count=22 30 17 31 38 165 269 2074
internal_value=1.7033e-05 -0.000202328 -0.0144794 -0.0301608 0.000340348 0.00908222 -0.000742976
internal_weight=546.231 542.063 19.8496 15.2339 522.214 57.5792 464.635
internal_count=2646 2624 99 69 2525 286 2239
is_linear=0
shrinkage=0.04


Tree=153
num_leaves=11
num_cat=0
split_feature=41 13 53 31 53 41 42 20 54 22
split_gain=2.07632 6.22262 3.98534 3.10452 4.74185 5.74205 4.24129 3.18297 9.22684 7.29124
threshold=6.205747688999473e-05 9.0191497748326877e-06 -0.010291609774887455 1.5474394230663069 0.0073074995737729504 4.2376283859043213e-05 0.00011620921870568987 0.0025846084208059504 0.11141875786726563 -2.8066531284510878
decision_type=2 2 2 2 2 2 2 2 2 2
left_child=3 -2 -3 7 6 -6 -5 8 -1 -9
right_child=1 2 -4 4 5 -7 -8 9 -10 -11
leaf_value=-1.8242809227860688e-05 0.061570443903162318 0.023475297257415706 -0.030072376346569847 -0.062805331327922986 -0.0095238179494902438 0.055146427144849755 -0.012233529510429888 -0.051683303905665001 0.02099958991420842 -0.0012521940154066056
leaf_weight=154.42145060002804 3.4793289210647336 4.7713806629180899 4.1651136130094519 2.8558405339717856 5.5616401359438878 3.6308522373437881 37.429436614736915 4.6626763381063929 42.649284079670906 282.43480488844216
leaf_count=705 20 28 22 13 27 19 176 33 230 1373
internal_value=1.67336e-05 0.0161873 -0.00148216 -0.000359491 -0.00990335 0.0160196 -0.0158186 0.000615808 0.00453036 -0.00207123
internal_weight=546.062 12.4158 8.93649 533.646 49.4778 9.19249 40.2853 484.168 197.071 287.097
internal_count=2646 70 50 2576 235 46 189 2341 935 1406
is_linear=0
shrinkage=0.04


Tree=154
num_leaves=15
num_cat=0
split_feature=61 23 23 0 39 32 61 3 45 47 47 39 55 0
split_gain=2.10459 5.18262 5.24234 11.6042 5.94577 4.66311 3.62965 6.32387 8.6047 7.67104 5.97204 10.5113 10.4155 0.047326
threshold=0.49623166192440987 8.958418039893461 0.046867956087158054 46.804637454265198 -0.0010839294865202034 -0.78561813300565031 0.50413027870558869 0.00073481159459165004 0.43807763945902184 -0.12135639264430609 -0.26929407564000818 0.33188944125360648 -0.26634656536305334 71.786083964224176
decision_type=2 2 2 2 2 2 2 2 2 2 2 2 2 2
left_child=1 2 3 -1 -4 -3 7 8 -2 -9 11 -8 -12 -7
right_child=6 5 4 -5 -6 13 10 9 -10 -11 12 -13 -14 -15
leaf_value=-0.020952598913765365 0.015121730391936924 -0.0084171863667600096 0.039036387255819378 0.028025040174702 -0.0043498587995585026 0.046165597791932314 -0.019927952674309447 0.0052705083255861884 -0.022258516345881666 -0.011653533873635182 -0.030568498867641267 0.0082192821710018616 0.02872701079719478 0.052957509086140206
leaf_weight=10.658594384789465 12.139750137925146 3.3590187635272741 5.2967903241515151 28.266242735087872 110.19754426926374 4.9181110896170122 31.966561876237392 121.56149505823851 52.308772340416908 66.180874764919281 5.7302145510911933 63.19003558345139 27.421101190149784 2.463805265724659
leaf_count=48 54 20 26 134 547 51 168 535 225 283 25 374 141 15
internal_value=1.67342e-05 0.00378731 0.00191855 0.0146137 -0.00236008 0.0306539 -0.00161993 -0.00440655 -0.0152174 -0.000695369 0.00385721 -0.0012364 0.0184778 0.0484325
internal_weight=545.659 165.16 154.419 38.9248 115.494 10.7409 380.499 252.191 64.4485 187.742 128.308 95.1566 33.1513 7.38192
internal_count=2646 841 755 182 573 86 1805 1097 279 818 708 542 166 66
is_linear=0
shrinkage=0.04


Tree=155
num_leaves=9
num_cat=0
split_feature=57 49 25 23 23 23 45 37
split_gain=2.06877 4.14184 6.51742 6.36729 3.64828 8.04492 6.5968 3.60721
threshold=-0.23272220966569018 -0.18804870523831571 0.75000000000000011 6.0901962509384777 4.2862311234922847 2.7100194279993643 0.39770948448457338 0.43087055468994545
decision_type=2 2 2 2 2 2 2 2
left_child=7 2 3 -2 5 -3 -6 -1
right_child=1 4 -4 -5 6 -7 -8 -9
leaf_value=0.039900428480792755 -0.0076353313987394767 0.00087378968192457912 0.033083813388008462 -0.043932741258277938 0.033228509940789998 -0.017097087612410838 0.0033474153822496758 -0.0071736124662749971
leaf_weight=5.5088080465793592 29.133665017783642 293.53959044441581 4.5887187011539927 10.526466697454451 12.932486932724713 46.118930546566844 137.56251834891737 4.9402233883738518
leaf_count=30 134 1358 28 48 71 219 733 25
internal_value=1.73878e-05 -0.000327264 -0.0120475 -0.0172693 0.000730789 -0.0015663 0.00591519 0.0176442
internal_weight=544.851 534.402 44.2489 39.6601 490.154 339.659 150.495 10.449
internal_count=2646 2591 210 182 2381 1577 804 55
is_linear=0
shrinkage=0.04


Tree=156
num_leaves=11
num_cat=0
split_feature=22 1 52 22 59 9 19 22 20 59
split_gain=2.23912 6.01443 7.33864 5.63163 9.38277 4.14851 9.6179 3.93337 3.89417 1.40691
threshold=2.5110155039532112 -2.0608418767951657 -0.057947428268262512 1.9577900687019365 0.090848039650851142 0.00026851348986241274 0.049920181461370706 0.79751037448848372 0.0025845100198878504 0.16167555341736814
decision_type=2 2 2 2 2 2 2 2 2 2
left_child=3 -2 8 5 -5 7 -7 -1 -3 -6
right_child=1 2 -4 4 9 6 -8 -9 -10 -11
leaf_value=-0.00089814369692631495 0.026861186750148331 -0.011190098920619449 0.01885185104085927 -0.022454678776665529 0.067094984949545827 0.0088439273471999872 -0.048926175563830131 0.0091533967250144194 -0.056080554956712401 0.034405824872945273
leaf_weight=417.3929196856916 4.9334129244089153 5.0480063855648076 4.8736980669200394 4.1198740899562827 4.3308299183845502 9.6703382562845963 8.8133506216108781 73.216780692338943 7.9791583269834518 4.1017219573259354
leaf_count=2012 24 22 24 20 20 79 45 343 37 20
internal_value=1.69805e-05 -0.0122433 -0.0230204 0.000553658 0.0270218 -9.89531e-05 -0.0187019 0.000601911 -0.0386856 0.0511945
internal_weight=544.48 22.8343 17.9009 521.646 12.5524 509.093 18.4837 490.61 13.0272 8.43255
internal_count=2646 107 83 2539 60 2479 124 2355 59 40
is_linear=0
shrinkage=0.04


Tree=157
num_leaves=12
num_cat=0
split_feature=61 23 61 52 55 8 61 60 45 23 24
split_gain=2.12075 4.20315 2.48159 5.84482 10.0168 8.22595 4.09086 9.0234 7.24115 0.050379 0.000355827
threshold=0.52490193735124813 4.9763668871797853 0.49764505321801289 -0.20182690622528318 0.41509921341055711 0.00095847815958430011 0.50001740612756784 0.1976908143840832 0.6739737845706032 7.1311177524934868 0.074999999999874958
decision_type=2 2 2 2 2 2 2 2 2 2 2
left_child=2 -2 3 4 -1 -5 8 -8 -4 -3 -11
right_child=1 9 6 5 -6 -7 7 -9 -10 10 -12
leaf_value=0.035760991653596884 -0.0034799110725334814 0.052022501740544402 -0.0022141072104871207 -0.0023916378837240525 -0.00093383424522774732 0.035777703436292767 0.011126437296426506 -0.0062662495288337769 -0.026339931390987382 0.042564822896308543 0.043386009815372183
leaf_weight=21.136791100725532 6.6722608283162099 1.3989333286881445 63.564925879240036 180.18445427156985 27.244477715343237 9.5107758119702321 77.283974669873714 124.78857956826687 28.979972079396248 1.592411929741502 1.7969587594270704
leaf_count=138 38 10 271 837 135 51 361 617 129 30 29
internal_value=1.64258e-05 0.0170411 -0.000349849 0.00268724 0.0150974 -0.000477936 -0.00280408 0.000385698 -0.00976899 0.0456361 0.0430002
internal_weight=544.155 11.4606 532.694 238.076 48.3813 189.695 294.617 202.073 92.5449 4.7883 3.38937
internal_count=2646 107 2539 1161 273 888 1378 978 400 69 59
is_linear=0
shrinkage=0.04


Tree=158
num_leaves=12
num_cat=0
split_feature=22 41 52 22 59 13 9 54 61 31 59
split_gain=2.12725 7.30417 5.81828 5.28054 8.74234 4.06809 4.17932 3.91973 3.8667 3.66153 1.3349
threshold=2.5110155039532112 4.200609286394061e-06 -0.14903601882714659 1.9577900687019365 0.090848039650851142 0.00047192052584920009 0.00020395770251402631 0.099033476245521279 0.50009890159611403 -2.2608064077639898 0.16167555341736814
decision_type=2 2 2 2 2 2 2 2 2 2 2
left_child=3 -2 7 5 -5 9 -7 -3 -4 -1 -6
right_child=1 2 8 4 10 6 -8 -9 -10 -11 -12
leaf_value=0.040602442460916842 0.040884801870581959 -0.06642809350930548 0.033391216827601503 -0.02145956657887841 0.065529505023121271 0.018297615560321272 -0.026328752035805199 -0.015924702886332166 -0.019582307241722378 0.00034972287068743058 0.033478132332945616
leaf_weight=3.642920307815074 3.5320345759391811 5.3130544573068654 3.6112067848443949 4.1059774905443183 4.2551488727331144 4.2017403766512897 16.715120606124401 4.5771630853414536 5.6603261530399323 483.84559174440801 4.0655903816223145
leaf_count=20 17 23 21 20 20 19 77 20 26 2363 20
internal_value=1.66899e-05 -0.0119715 -0.0217144 0.000539042 0.0263009 -9.06424e-05 -0.0173643 -0.0430553 0.00105056 0.000650525 0.0498689
internal_weight=543.526 22.6938 19.1618 520.832 12.4267 508.405 20.9169 9.89022 9.27153 487.489 8.32074
internal_count=2646 107 90 2539 60 2479 96 43 47 2383 40
is_linear=0
shrinkage=0.04


Tree=159
num_leaves=10
num_cat=0
split_feature=3 32 15 60 41 42 44 61 52
split_gain=2.06216 3.26677 2.74916 5.27943 6.12679 4.86325 6.82076 6.50427 4.27125
threshold=0.00043774466399680009 -0.068939377371932467 0.00010367618860700001 -0.0089508515609270992 3.3097261424774872e-05 0.00021223120329372651 0.01396845840060265 0.50413027870558869 0.061166882014317588
decision_type=2 2 2 2 2 2 2 2 2
left_child=1 -1 3 4 -2 6 -4 -7 -5
right_child=2 -3 5 8 -6 7 -8 -9 -10
leaf_value=0.046058972023917698 -0.026356231939544263 -0.0067503415260237324 -0.0073776446696224894 -0.0023606371470503667 0.014200355408343602 -0.024872260916485214 0.00976702855321652 0.0089817619876229604 0.016564822393879165
leaf_weight=3.9229282066226006 27.162270843982697 3.5887737348675719 49.563487149775028 245.5868623405695 7.6350013315677634 21.133875284343958 147.96907390654087 15.920619750395415 20.687389053404331
leaf_count=23 117 21 239 1196 34 105 718 98 95
internal_value=1.62583e-05 0.0208289 -0.000275604 -0.00280509 -0.0174576 0.00297077 0.00546521 -0.0103267 -0.00089028
internal_weight=543.17 7.5117 535.659 301.072 34.7973 234.587 197.533 37.0545 266.274
internal_count=2646 44 2602 1442 151 1160 957 203 1291
is_linear=0
shrinkage=0.04


Tree=160
num_leaves=13
num_cat=0
split_feature=47 30 27 3 22 61 57 58 38 38 42 38
split_gain=2.06486 7.55503 4.09544 4.6398 4.45284 3.65771 7.99215 7.93804 5.04658 7.8387 4.76995 3.02305
threshold=-0.40102138813087113 -1.4075637350749683 0.30238626215218484 0.00097678037740975016 0.3154158202729479 0.51286378461648841 0.38974457730797812 -0.3315384370160166 1.0408065871683727 1.1037927992371628 0.00012579083067135172 0.82849872433043104
decision_type=2 2 2 2 2 2 2 2 2 2 2 2
left_child=1 -1 4 -4 -3 8 11 -8 10 -10 -2 -7
right_child=5 2 3 -5 -6 6 7 -9 9 -11 -12 -13
leaf_value=0.036394918449242475 -0.0098237463043882364 -0.010468990380188619 0.02739848951169592 -0.031014722967153952 -0.065974254297561444 0.016546260339831472 0.017410672436455398 -0.028762280522413201 -0.038701620299474465 -0.003982500365899185 0.0042080675878912854 0.047293979434690207
leaf_weight=4.2058568485081222 44.944358922541142 4.1405330151319522 4.1266957074403745 4.6019469201564789 5.2380542606115341 12.207350179553034 12.622120147570969 11.282594636082647 11.25531107932329 137.66250977665186 281.78902295604348 8.8071908615529519
leaf_count=32 205 28 22 25 25 84 85 65 51 672 1293 59
internal_value=1.59704e-05 -0.0118995 -0.0231171 -0.00339834 -0.0414694 0.000526701 0.0114374 -0.00438213 -0.000503677 -0.0066066 0.0022779 0.0294326
internal_weight=542.884 22.3131 18.1072 8.72864 9.37859 520.57 44.9193 23.9047 475.651 148.918 326.733 21.0145
internal_count=2646 132 100 47 53 2514 293 150 2221 723 1498 143
is_linear=0
shrinkage=0.04


Tree=161
num_leaves=10
num_cat=0
split_feature=42 57 56 30 39 19 15 14 3
split_gain=2.04826 3.18917 4.66312 2.44223 4.45466 3.58869 6.98693 4.82969 1.56362
threshold=0.00010814510228516625 0.22071231340548747 0.0084270161393511997 -1.9480271471035639 1.0283765151896727 -1.3117229864902906 -0.00022477597935409999 -0.00012501734301069998 0.0010000331243348504
decision_type=2 2 2 2 2 2 2 2 2
left_child=1 -1 -3 4 -2 7 -7 -5 -6
right_child=3 2 -4 5 8 6 -8 -9 -10
leaf_value=-0.012490313354595002 0.022649984864411721 0.058801099189442471 0.0056458705068426389 0.01047301746729791 -0.015738452204611862 -0.013664788369655989 0.00062816085635254682 -0.018397865459186515 -0.049480141069848112
leaf_weight=5.0149523243308094 3.1322111301124087 4.2650943771004659 6.9329380318522453 81.170379610732198 4.319591283798216 64.594418222084641 358.04592748358846 10.466230990365146 4.472822792828083
leaf_count=25 20 21 34 411 19 311 1731 53 21
internal_value=1.60859e-05 0.0140194 0.0258916 -0.000415375 -0.0183113 -4.20249e-07 -0.00155631 0.00717554 -0.0329033
internal_weight=542.415 16.213 11.198 526.202 11.9246 514.277 422.64 91.6366 8.79241
internal_count=2646 80 55 2566 60 2506 2042 464 40
is_linear=0
shrinkage=0.04


Tree=162
num_leaves=11
num_cat=0
split_feature=61 22 30 3 39 0 0 45 22 44
split_gain=2.00346 4.59335 5.46822 2.68865 5.22313 3.82922 6.14267 6.00077 0.0151508 0.000367867
threshold=0.52459656732960724 0.099447729622880163 0.33043571875862221 0.0026895228432562003 1.0478740396212982 21.66917659873349 24.89074402038403 0.50727556254739736 -0.6279903857144965 0.013969385742728803
decision_type=2 2 2 2 2 2 2 2 2 2
left_child=3 8 -3 5 -5 7 -7 -1 9 -2
right_child=1 2 -4 4 -6 6 -8 -9 -10 -11
leaf_value=-0.023690015313941288 0.042421692330981947 -0.03286224267630021 0.035340707792625027 -0.050215169848355654 0.01122591575034978 -0.028075546317249383 0.00014841144531689581 0.036515905299312354 0.047580843963040513 0.043269974842934947
leaf_weight=3.5816246867179862 1.269103989005089 4.4575482532382011 3.2538399249315262 4.8443659320473653 4.0767744574695826 12.653986081480978 493.93162019923329 10.170167557895182 1.6736336499452571 2.3009505458176136
leaf_count=17 25 23 19 22 33 63 2337 56 13 38
internal_value=1.58739e-05 0.0155569 -0.00408383 -0.000364535 -0.0221379 8.76674e-06 -0.000556594 0.0208354 0.0444406 0.0429684
internal_weight=542.214 12.9551 7.71139 529.259 8.92114 520.337 506.586 13.7518 5.24369 3.57005
internal_count=2646 118 42 2528 55 2473 2400 73 76 63
is_linear=0
shrinkage=0.04


Tree=163
num_leaves=13
num_cat=0
split_feature=9 42 3 37 20 32 22 22 45 8 55 43
split_gain=2.02242 7.17193 6.4328 5.03224 7.53066 4.93851 4.82078 6.6182 8.87242 7.00475 4.05386 3.77015
threshold=0.00022035861299794148 0.00014470946695642725 0.00075101846732850011 -0.44857806669564249 0.0025873353365381004 -1.4904251550225378 2.6489407964307037 0.79751037448848372 0.74265804332490648 0.00072419841855630009 0.41424955966088112 0.54081604186225907
decision_type=2 2 2 2 2 2 2 2 2 2 2 2
left_child=6 2 -2 4 -3 -5 7 9 -9 -1 -4 -8
right_child=1 3 10 5 -6 -7 11 8 -10 -11 -12 -13
leaf_value=-0.0014819616908835615 -0.011723283172585447 0.049953984079774374 0.05423301100332549 0.042367151761297413 -0.0071533491104054823 -0.0027599500136139599 -0.056393474307054395 0.022336780103107801 -0.023016839085033668 -0.027474057181802507 0.0033096447385280035 -0.0079898996045909536
leaf_weight=292.710647854954 4.9608288779854801 7.8200840801000577 10.07681158185005 3.9910047799348822 7.0033744219690561 139.60940676368773 4.4362775683402997 35.726447455585003 8.5537799447774869 17.586064878851175 3.3270750045776358 6.1355917602777481
leaf_count=1381 23 45 52 23 40 728 20 162 40 86 19 27
internal_value=1.5972e-05 0.00352777 0.0271907 0.000784726 0.0229735 -0.00150576 -0.00168428 -0.000890677 0.0135756 -0.00295506 0.041593 -0.0283015
internal_weight=541.937 176.789 18.3647 158.424 14.8235 143.6 365.149 354.577 44.2802 310.297 13.4039 10.5719
internal_count=2646 930 94 836 85 751 1716 1669 202 1467 71 47
is_linear=0
shrinkage=0.04


Tree=164
num_leaves=6
num_cat=0
split_feature=10 10 10 45 9
split_gain=2.81383 3.78642 2.74284 4.69013 2.7407
threshold=-0.00062085339121309988 -0.00037643199756019996 -0.00027304925772604995 0.59501568658477055 0.00022035861299794148
decision_type=2 2 2 2 2
left_child=-1 -2 3 -3 -4
right_child=1 2 4 -5 -6
leaf_value=-0.042981168192394142 0.035842342544041665 -0.042746253306365861 -0.0016474582747085975 0.0039165824298710988 0.0045554370001958449
leaf_weight=2.4243112355470648 4.7295290827751151 6.412040049210189 351.85335716791451 7.4513799697160721 168.57448954880238
leaf_count=11 22 29 1656 37 891
internal_value=1.60269e-05 0.000209412 -0.00010601 -0.0176657 0.000361754
internal_weight=541.445 539.021 534.291 13.8634 520.428
internal_count=2646 2635 2613 66 2547
is_linear=0
shrinkage=0.04


Tree=165
num_leaves=6
num_cat=0
split_feature=10 10 51 9 10
split_gain=2.57516 3.51905 2.85787 6.17189 2.78005
threshold=-0.00062085339121309988 -0.00037643199756019996 0.054191869827001214 0.00020568186181781282 -0.00027304925772604995
decision_type=2 2 2 2 2
left_child=-1 -2 4 -4 -3
right_child=1 2 3 -5 -6
leaf_value=-0.04097855810611236 0.034693039287580933 -0.017646215438136274 -0.050844489805861731 0.00048064111651188903 0.00090594665742318829
leaf_weight=2.4407252669334403 4.6915381103754035 13.263760278001426 5.5527648031711605 11.537980381399391 503.89333452656865
leaf_count=11 22 63 24 53 2473
internal_value=1.55339e-05 0.000201186 -0.000101707 -0.0161948 0.000430131
internal_weight=541.38 538.939 534.248 17.0907 517.157
internal_count=2646 2635 2613 77 2536
is_linear=0
shrinkage=0.04


Tree=166
num_leaves=6
num_cat=0
split_feature=10 10 51 9 10
split_gain=2.35908 3.27122 2.64236 5.75629 2.55615
threshold=-0.00062085339121309988 -0.00037643199756019996 0.054191869827001214 0.00020568186181781282 -0.00027304925772604995
decision_type=2 2 2 2 2
left_child=-1 -2 4 -4 -3
right_child=1 2 3 -5 -6
leaf_value=-0.039107823408609022 0.033586917714185101 -0.016898710132143471 -0.049255218452750313 0.00046145251210810554 0.00086984888505303856
leaf_weight=2.4548772275447837 4.6529935747385016 13.295782651752232 5.5036481618881252 11.53706396743655 503.81382979266346
leaf_count=11 22 63 24 53 2473
internal_value=1.49199e-05 0.00019317 -9.77239e-05 -0.0155956 0.000412988
internal_weight=541.258 538.803 534.15 17.0407 517.11
internal_count=2646 2635 2613 77 2536
is_linear=0
shrinkage=0.04


Tree=167
num_leaves=8
num_cat=0
split_feature=31 31 47 50 41 32 47
split_gain=1.98781 2.41402 8.90375 4.69247 3.21461 6.33489 3.81548
threshold=-2.2608064077639898 -1.7976444067778325 -0.39373798867273285 0.056462430009867205 -5.0059483048237033e-05 -0.63450502347551929 -0.40102138813087113
decision_type=2 2 2 2 2 2 2
left_child=-1 2 -2 -4 5 -3 -6
right_child=1 4 3 -5 6 -7 -8
leaf_value=0.027907108566219554 0.035730913915354393 -0.053153323607257663 -0.004236017477357701 -0.048817283172236312 -0.016318176843277871 -0.0010699576659313381 0.0016363151319567857
leaf_weight=4.0573469474911681 4.4649264365434673 5.2704442664980915 6.939836122095584 8.2903478741645795 19.716083882376552 12.837768742814658 479.5537837613374
leaf_count=22 30 30 33 36 110 82 2303
internal_value=1.43187e-05 -0.000196399 -0.0139412 -0.0285032 0.000326827 -0.016229 0.000927295
internal_weight=541.131 537.073 19.6951 15.2302 517.378 18.1082 499.27
internal_count=2646 2624 99 69 2525 112 2413
is_linear=0
shrinkage=0.04


Tree=168
num_leaves=12
num_cat=0
split_feature=61 15 41 31 22 22 45 1 15 54 25
split_gain=1.9968 4.14936 4.28183 3.65591 2.63054 9.65261 7.28657 6.76014 5.92238 5.33786 0.0357576
threshold=0.49066617302549137 -0.00052234930794519991 -3.6138456404296204e-05 -1.1241365206565395 1.0694578071432665 1.2546578193877596 0.63450504297059862 19.2465656068016 0.00015947892938475002 0.098573574247965312 0.50000000000000011
decision_type=2 2 2 2 2 2 2 2 2 2 2
left_child=1 10 -3 -4 7 -6 -7 8 -2 -9 -1
right_child=4 2 3 -5 5 6 -8 9 -10 -11 -12
leaf_value=0.052442216082176564 -0.0036613677259004955 -0.050988056810003929 0.05247107987191553 0.0036946000325967987 0.05209386666096532 0.012791291909180488 -0.011117111618820525 -0.030039575665294114 0.0071519468314448142 0.0015779475734855597 0.044753288250800292
leaf_weight=1.7733867913484567 265.53489568270743 2.0786698721349266 2.731120981276038 24.642929937690496 6.6239670217037192 44.775067858397961 37.459232538938522 23.096157424151897 116.63688533194363 13.558971671387551 2.1301662437617779
leaf_count=10 1255 10 17 146 30 209 176 106 568 81 38
internal_value=1.40703e-05 0.00949433 0.00435828 0.00856105 -0.000608808 0.00564225 0.00190058 -0.00193503 -0.000361199 -0.018344 0.0482464
internal_weight=541.041 33.3563 29.4527 27.3741 507.685 88.8583 82.2343 418.827 382.172 36.6551 3.90355
internal_count=2646 221 173 163 2425 415 385 2010 1823 187 48
is_linear=0
shrinkage=0.04


Tree=169
num_leaves=15
num_cat=0
split_feature=61 44 1 42 3 20 43 9 7 29 42 32 10 30
split_gain=1.92951 5.09646 5.992 6.49392 4.91914 7.85501 3.2806 4.81715 6.67566 6.63439 4.40575 9.29049 6.38081 0.514235
threshold=0.49623166192440987 0.013969170669377256 13.520994372447605 0.0001853620296968993 0.0019199388478941502 0.0025851269041698003 0.48602087850348702 0.00019136385701076829 0.00025124157025095006 0.018706135466653544 0.00012725866089589082 0.74033799672527223 -2.1905065075176928e-05 -1.305238410844926
decision_type=2 2 2 2 2 2 2 2 2 2 2 2 2 2
left_child=1 4 13 -4 5 -1 10 8 -8 -9 11 -2 -12 -3
right_child=6 2 3 -5 -6 -7 7 9 -10 -11 12 -13 -14 -15
leaf_value=0.004359675540710148 -0.027397811523546155 0.031794997148738388 0.04397459748322706 -0.028214414973996838 0.043806047375133043 -0.020119392361411654 0.032792485188939499 -0.079127084150316107 -0.018791257947455647 0.0013724294398706157 -0.0097816907750323499 0.023936925759407722 0.0040914116056733393 0.053060054328154575
leaf_weight=116.42048750817776 28.537666209042072 2.5463766269385815 3.2651697322726232 5.1206387393176556 4.2134883943945161 25.582644145935774 16.976556565612558 1.6646744459867466 5.2571580708026877 102.52957454882562 95.217803066596389 7.0303502008318892 119.76743518933654 6.3738611303269881
leaf_count=561 129 33 18 33 29 122 80 7 26 521 446 33 563 45
internal_value=1.41414e-05 0.00364288 0.0241689 -0.000106287 0.00121344 -5.0363e-05 -0.00155989 0.00369308 0.0205955 8.63174e-05 -0.00421051 -0.017251 -0.00205304 0.0469897
internal_weight=540.504 163.523 17.306 8.38581 146.217 142.003 376.981 126.428 22.2337 104.194 250.553 35.568 214.985 8.92024
internal_count=2646 841 129 51 712 683 1805 634 106 528 1171 162 1009 78
is_linear=0
shrinkage=0.04


Tree=170
num_leaves=6
num_cat=0
split_feature=10 10 51 56 10
split_gain=2.16951 3.0571 2.38503 4.96447 2.29494
threshold=-0.00062085339121309988 -0.00037643199756019996 0.054191869827001214 -0.0051004788760076539 -0.00027304925772604995
decision_type=2 2 2 2 2
left_child=-1 -2 4 -4 -3
right_child=1 2 3 -5 -6
leaf_value=-0.037379759270995044 0.032603809144935963 -0.015997727386273374 0.021112085212845147 -0.027874030779842972 0.00082537753309907993
leaf_weight=2.4710167944431296 4.6145900189876548 13.317948760464786 4.5085837393999126 12.452941186726092 502.57497560232878
leaf_count=11 22 63 20 57 2473
internal_value=1.46615e-05 0.000186583 -9.41549e-05 -0.0148529 0.000391083
internal_weight=539.94 537.469 532.854 16.9615 515.893
internal_count=2646 2635 2613 77 2536
is_linear=0
shrinkage=0.04


Tree=171
num_leaves=9
num_cat=0
split_feature=10 10 41 53 45 49 31 22
split_gain=1.90584 3.08805 4.63444 6.42396 3.98149 3.47173 3.0789 2.17905
threshold=0.00035904484559035006 0.00014495199755810002 1.6408653027758888e-05 0.022711244387710831 0.66418004709424172 0.41002533913345374 1.1495333374518679 0.85353664962693765
decision_type=2 2 2 2 2 2 2 2
left_child=1 5 4 -4 -3 6 -1 -2
right_child=7 2 3 -5 -6 -7 -8 -9
leaf_value=0.0012018840960713276 0.0017435249342692893 -0.0056474467110633813 0.033629704568536249 -0.019944009685746906 0.016923158340011093 -0.030808874626664224 -0.0068733139474857095 -0.037745155357862215
leaf_weight=348.24029815010726 4.4059695936739427 39.213461503386497 17.998129112645987 4.4706559404730788 18.359587527811527 6.1506726369261733 96.474104350432754 4.5393919944763184
leaf_count=1702 20 193 89 21 87 30 484 20
internal_value=1.41695e-05 0.00032267 0.00756299 0.02297 0.00155014 -0.0009627 -0.000549909 -0.0182953
internal_weight=539.852 530.907 80.0418 22.4688 57.573 450.865 444.714 8.94536
internal_count=2646 2606 390 110 280 2216 2186 40
is_linear=0
shrinkage=0.04


Tree=172
num_leaves=8
num_cat=0
split_feature=13 43 13 59 22 18 21
split_gain=1.97533 3.3632 3.30071 3.52168 2.9855 2.91299 2.64766
threshold=0.00047192052584920009 0.088589784771194752 0.00044308087558780007 -0.1609914490628801 0.13637081848366586 1.0000000180025095e-35 0.00069843015712980005
decision_type=2 2 2 2 2 2 2
left_child=2 -2 3 -1 -3 -5 -6
right_child=1 4 -4 5 6 -7 -8
leaf_value=0.039832563321412613 0.025437516474102334 -0.040131234014663626 0.035926948286666843 0.0032233101220629219 -0.022504612568668789 -0.0028587077242188037 0.010034645763577946
leaf_weight=3.5739930197596541 3.5400383397936848 6.1939221993088749 4.1868776008486739 236.74624888040125 8.648194260895254 269.34532181546092 7.4456035643815985
leaf_count=20 17 30 20 1248 39 1238 34
internal_value=1.38598e-05 -0.0107803 0.000556405 0.000265838 -0.0165329 -1.35805e-05 -0.00745071
internal_weight=539.68 25.8278 513.852 509.666 22.2877 506.092 16.0938
internal_count=2646 120 2526 2506 103 2486 73
is_linear=0
shrinkage=0.04


Tree=173
num_leaves=13
num_cat=0
split_feature=55 25 38 53 9 3 46 46 51 18 20 53
split_gain=2.01306 5.40137 4.78608 4.70849 4.0908 6.25217 4.96554 3.53292 5.17746 4.59303 3.26653 2.11725
threshold=0.41823965892241777 0.90000000000000013 -1.0000000180025095e-35 -0.24616029831024086 0.00019237224600579465 0.00049537720722210013 -0.17189171149613861 -0.18070583945713861 -0.11255588471278392 1.0000000180025095e-35 0.0025848573158529504 -0.072908112103776387
decision_type=2 2 2 2 2 2 2 2 2 2 2 2
left_child=1 7 11 -3 5 -4 -6 8 -1 -9 -5 -2
right_child=2 3 4 10 6 -7 -8 9 -10 -11 -12 -13
leaf_value=0.021137845289755514 -0.054364593562573844 -0.030994855779546381 -0.033247750096036539 0.0097900336741606059 0.016181440213247859 0.028902522810788693 -0.012385686714465991 0.0062015180245936019 -0.050658012931085045 -0.0027730140063840199 0.034957017486978596 -0.014405962503649535
leaf_weight=2.3648310117423534 4.1791992634534836 3.1709769144654265 3.2773572355508795 20.436000574380159 12.005085874348877 12.344540517777203 51.493314325809479 138.10080105997622 5.0154690146446219 268.90748632699251 13.84011705778539 4.3093377053737623
leaf_count=15 20 16 17 113 68 68 257 686 26 1235 105 20
internal_value=1.34972e-05 0.00108946 -0.00553571 0.0156379 -0.00247341 0.0158639 -0.00698475 -0.000225238 -0.0276528 0.000272108 0.019952 -0.034079
internal_weight=539.445 451.836 87.6088 37.4471 79.1203 15.6219 63.4984 414.389 7.3803 407.008 34.2761 8.48854
internal_count=2646 2196 450 234 410 85 325 1962 41 1921 218 40
is_linear=0
shrinkage=0.04


Tree=174
num_leaves=10
num_cat=0
split_feature=61 23 3 39 3 39 7 22 43
split_gain=1.89584 3.77211 2.65327 7.15153 3.70889 4.08886 3.17777 0.0343316 0.000241647
threshold=0.52490193735124813 4.9763668871797853 0.0026895228432562003 1.1618997035819245 0.0023442896805550505 0.70752965538714208 -0.00075149619531834986 -1.8480228088699431 0.18470328994365418
decision_type=2 2 2 2 2 2 2 2 2
left_child=2 -2 4 -4 6 -6 -1 8 -3
right_child=1 7 3 -5 5 -7 -8 -9 -10
leaf_value=-0.031558031556420701 -0.0029068688190094635 0.043212863962480058 -0.051512791670670278 0.022036922625090015 -0.010809958216094293 0.047396469633433157 -7.1293383117421194e-05 0.050488227537626197 0.042481697080438113
leaf_weight=5.1809959914535275 6.4792343303561193 1.1389413289725783 5.287639379501341 3.5255687925964594 3.017557926476 5.3626402523368597 505.73416754417121 1.2986610755324361 1.9813530892133711
leaf_count=30 38 18 24 31 16 34 2404 10 41
internal_value=1.37764e-05 0.0165276 -0.000327007 -0.0220905 4.23516e-05 0.0264374 -0.000390588 0.0450231 0.0427486
internal_weight=539.007 10.8982 528.109 8.81321 519.295 8.3802 510.915 4.41896 3.12029
internal_count=2646 107 2539 55 2484 50 2434 69 59
is_linear=0
shrinkage=0.04


Tree=175
num_leaves=10
num_cat=0
split_feature=3 9 15 6 44 42 44 61 32
split_gain=1.8783 4.03325 2.28507 5.05812 7.38842 4.56888 6.13176 5.74528 3.46634
threshold=0.00043774466399680009 0.00017630645762918169 0.00010367618860700001 -0.00010589918190069998 0.013968500025156138 0.00021223120329372651 0.01396845840060265 0.50413027870558869 -0.91646386588958106
decision_type=2 2 2 2 2 2 2 2 2
left_child=1 -1 3 8 -5 6 -4 -7 -2
right_child=2 -3 5 4 -6 7 -8 -9 -10
leaf_value=-0.0081680099274452841 -0.0059866043352426743 0.05092238153264602 -0.0070741785249504507 0.0045949361233680111 -0.01345146405806516 -0.023927921144105597 0.0092419300887845064 0.0081271295680035421 0.007554438219999288
leaf_weight=3.8748726323246947 45.136140022426844 3.5335203856229782 49.242886457592249 54.822596967220306 107.42772278003395 20.987998072057962 146.46854067966342 15.592590667307375 91.695963026955724
leaf_count=20 218 24 239 252 497 105 718 98 475
internal_value=1.38342e-05 0.0200158 -0.000265033 -0.00257673 -0.00735378 0.00271134 0.00513664 -0.0102644 0.00308772
internal_weight=538.783 7.40839 531.374 299.082 162.25 232.292 195.711 36.5806 136.832
internal_count=2646 44 2602 1442 749 1160 957 203 693
is_linear=0
shrinkage=0.04


Tree=176
num_leaves=9
num_cat=0
split_feature=41 0 1 25 22 27 2 13
split_gain=1.89538 7.89868 2.81815 7.48275 8.12446 4.94948 6.27459 1.83517
threshold=6.205747688999473e-05 82.179895226489563 19.2465656068016 0.90000000000000013 0.56574751948232105 3.6803768558009029 0.67411816554826498 1.8813408090280672e-05
decision_type=2 2 2 2 2 2 2 2
left_child=2 7 5 4 -4 6 -1 -2
right_child=1 -3 3 -5 -6 -7 -8 -9
leaf_value=-0.0015902495348340448 0.060112142391035052 -0.032714915930597936 -0.025752088100031253 0.040780808625000012 0.0020729167475135872 -0.040406781411678541 0.0091241011890900569 0.021886473066811647
leaf_weight=330.68800674378872 3.3659466039389354 3.7304547801613799 31.924027360975742 4.7590504437685004 35.415988959372044 4.6119157299399367 118.89545177295804 4.9864234589040279
leaf_count=1618 20 20 156 26 171 23 582 30
internal_value=1.37356e-05 0.0156775 -0.000345877 -0.00769244 -0.0111181 0.000820319 0.00124323 0.0372911
internal_weight=538.377 12.0828 526.294 72.0991 67.34 454.195 449.583 8.35237
internal_count=2646 70 2576 353 327 2223 2200 50
is_linear=0
shrinkage=0.04


Tree=177
num_leaves=12
num_cat=0
split_feature=55 25 45 38 45 53 46 18 51 31 53
split_gain=1.91522 5.00245 4.48791 5.05854 6.95751 4.31288 3.35475 4.1204 3.68777 3.22701 1.92121
threshold=0.41823965892241777 0.90000000000000013 0.84965143728800252 -1.0000000180025095e-35 0.51581207576727817 -0.24616029831024086 -0.18070583945713861 1.0000000180025095e-35 -0.11155871148529568 0.90334311675536838 -0.072908112103776387
decision_type=2 2 2 2 2 2 2 2 2 2 2
left_child=1 6 3 10 -5 -3 8 -8 -1 -7 -2
right_child=2 5 -4 4 -6 9 7 -9 -10 -11 -12
leaf_value=0.011497647529049922 -0.051942207763037998 -0.029245106163649406 -0.047541233278316879 -0.018301416200192176 0.0080347026081503056 0.027213372682251147 0.0059155505907324581 -0.0025960986558545012 -0.047843375548684119 -1.0805658420225189e-05 -0.013925277665445313
leaf_weight=2.5841719657182693 4.1985262483358383 3.2003631666302672 3.8657759428024283 23.273353409022093 51.710622407495975 24.069292047992349 137.61361867375672 268.63533142954111 4.7658769860863677 9.8040494471788389 4.310426250100134
leaf_count=16 20 16 19 118 273 164 686 1235 25 54 20
internal_value=1.35945e-05 0.00106432 -0.00540695 -0.00345611 -0.000139441 0.0151403 -0.000197407 0.000287155 -0.0269799 0.0193338 -0.0326838
internal_weight=538.031 450.673 87.3587 83.4929 74.984 37.0737 413.599 406.249 7.35005 33.8733 8.50895
internal_count=2646 2196 450 431 391 234 1962 1921 41 218 40
is_linear=0
shrinkage=0.04


Tree=178
num_leaves=9
num_cat=0
split_feature=48 23 49 25 22 7 39 47
split_gain=1.91289 4.89634 3.183 5.75465 6.03986 3.52198 6.71156 4.75414
threshold=0.11808798992691623 6.0363262686661034 -0.18804870523831571 0.75000000000000011 1.5027456534585755 0.00057106552541545013 1.4579885471219483 0.089404138531564051
decision_type=2 2 2 2 2 2 2 2
left_child=2 -2 3 4 -1 7 -7 -4
right_child=1 -3 5 -5 -6 6 -8 -9
leaf_value=-0.009011750858591629 0.053282164465556135 -0.0028356051587768954 0.00061678994385006415 0.032216083043450673 -0.053062777210624724 -0.025804457615894231 0.018062934134926188 0.021738582845488855
leaf_weight=33.127562440931797 3.7967884466052038 7.2148205488920212 438.01975470595062 4.4838490672409526 5.8611692115664473 19.613466486334804 7.7993749752640715 17.740795187652111
leaf_count=152 23 37 2155 28 28 93 46 84
internal_value=1.36484e-05 0.0165137 -0.000331351 -0.0106986 -0.0156339 0.000601421 -0.0133235 0.00143897
internal_weight=537.658 11.0116 526.646 43.4726 38.9887 483.173 27.4128 455.761
internal_count=2646 60 2586 208 180 2378 139 2239
is_linear=0
shrinkage=0.04


Tree=179
num_leaves=11
num_cat=0
split_feature=32 8 15 51 2 50 1 21 9 15
split_gain=1.88903 3.50515 4.96889 3.38757 2.51369 5.92951 4.94987 3.28745 6.11948 4.73751
threshold=-1.323885434921555 -0.00081774538448974986 -0.0007942062565534999 -0.033059485442439619 -0.030780974085998895 0.015604519631921459 -23.08209412880387 -0.00041450698530184996 0.00021428505323557506 -0.00021555341068579996
decision_type=2 2 2 2 2 2 2 2 2 2
left_child=1 -1 -3 -4 5 -2 -7 8 -6 -9
right_child=4 2 3 -5 7 6 -8 9 -10 -11
leaf_value=-0.036737659409029344 -0.054926565360211177 0.059091132325386361 0.027247715711629327 -0.0068751415268526453 0.022942499134324227 -0.037570923993950761 0.017289732624711264 -0.01045459463910388 -0.0027097936565108173 0.000670311653626145
leaf_weight=2.2592196911573437 4.5175333470106152 3.533078424632552 8.0253399908542686 11.084189340472216 26.915954139083624 3.953072041273118 7.8706984594464275 73.712174998596311 33.272565819323063 362.14485011808574
leaf_count=12 19 21 39 49 135 19 37 342 205 1768
internal_value=1.3303e-05 0.010772 0.0155124 0.00745528 -0.000509565 -0.0159455 -0.00105197 -1.05541e-06 0.00876176 -0.00121113
internal_weight=537.289 24.9018 22.6426 19.1095 512.387 16.3413 11.8238 496.046 60.1885 435.857
internal_count=2646 121 109 88 2525 75 56 2450 340 2110
is_linear=0
shrinkage=0.04


Tree=180
num_leaves=14
num_cat=0
split_feature=9 56 48 37 8 37 47 56 58 30 5 45 22
split_gain=1.95959 6.90283 9.62646 7.26159 6.57084 6.17021 6.13439 6.37904 8.64306 5.92002 4.70099 2.80169 2.18065
threshold=0.00020980391946122677 0.040872462391454124 0.045438839213158236 0.33594710113140019 0.00094655482729020005 -0.4288417324420522 0.17134245505763188 0.036364915236113911 -0.30663527498178783 0.17337639289196827 1.0000000180025095e-35 0.52672332059743987 0.82936737356335855
decision_type=2 2 2 2 2 2 2 2 2 2 2 2 2
left_child=6 2 5 9 -4 -2 7 8 -1 -3 -9 -8 -5
right_child=1 3 4 12 -6 -7 11 10 -10 -11 -12 -13 -14
leaf_value=-0.042753079823113542 0.03323220519790316 -0.0082822598290757266 -0.016705142554679354 0.0034461665979600409 0.03193292707812339 0.007893762257728993 0.0054926724170487485 0.019685143274422584 -0.004823143785113183 -0.04167578646456261 -0.0038984182941566694 0.048999823628357378 0.040528789665459954
leaf_weight=10.096719510853289 17.270946472883224 42.466173589229584 37.019021138548851 5.0803829804062826 5.0504538044333449 140.18901485577226 4.3550781533122045 29.104640353471041 200.31016753613949 10.617926042526959 25.261250454932451 5.1908987760543823 5.0686856433749199
leaf_count=46 89 262 177 40 29 658 22 164 909 58 138 27 27
internal_value=1.31843e-05 0.00248189 0.00613162 -0.00903467 -0.0108661 0.010673 -0.00235152 -0.00348729 -0.00664327 -0.0149617 0.00872698 0.0291509 0.0219661
internal_weight=537.081 262.763 199.529 63.2332 42.0695 157.46 274.319 264.773 210.407 53.0841 54.3659 9.54598 10.1491
internal_count=2646 1340 953 387 206 747 1306 1257 955 320 302 49 67
is_linear=0
shrinkage=0.04


Tree=181
num_leaves=13
num_cat=0
split_feature=61 42 41 31 23 41 3 23 39 15 56 29
split_gain=1.89187 5.63294 4.63708 5.98581 3.06291 8.18335 5.81359 3.1391 9.1529 3.54669 2.89263 3.31089
threshold=0.49210559988329755 0.00013964112270602332 -4.3729985750573515e-05 1.6350262577808305 -0.7236471282160627 -1.1820484915237017e-05 0.00063097852089635017 -0.50446959540617942 0.61472683364437464 0.0007264950060354501 0.0030728458066803933 3.818774435608502
decision_type=2 2 2 2 2 2 2 2 2 2 2 2
left_child=1 10 -3 -4 5 -2 -7 8 -6 -9 -1 -12
right_child=4 2 3 -5 7 6 -8 9 -10 -11 11 -13
leaf_value=0.052862628369150712 -0.050893859416755012 -0.045094999177178165 0.012852373354376447 -0.028961917979992917 0.038697201704495983 -0.032419072996898016 0.025995554296444481 0.00025803603151870183 -0.014047314393975148 -0.012547030558127302 -0.011641726554694346 0.039941731922383386
leaf_weight=5.2525852471590024 6.9792644530534771 3.4094465821981421 25.670902367681265 6.9635024219751349 11.671043470501901 4.3813314884901029 7.2149657383561134 409.67262718454003 9.5892069637775403 37.801692109555006 3.9097293838858604 4.056466706097126
leaf_count=31 30 33 169 34 54 19 33 1970 44 186 20 23
internal_value=1.36803e-05 0.00748394 -0.000707287 0.00393007 -0.000741495 -0.0166715 0.00392525 -0.0001102 0.0149074 -0.000823709 0.0298191 0.0146251
internal_weight=536.573 49.2626 36.0439 32.6344 487.31 18.5756 11.5963 468.735 21.2603 447.474 13.2188 7.9662
internal_count=2646 310 236 203 2336 82 52 2254 98 2156 74 43
is_linear=0
shrinkage=0.04


Tree=182
num_leaves=8
num_cat=0
split_feature=31 31 47 42 51 3 61
split_gain=1.88784 2.41917 8.10687 4.58588 3.20507 8.95811 5.65345
threshold=-2.2608064077639898 -1.7976444067778325 -0.3971260062693901 0.00018496896523362492 -0.094129241041445058 0.00074655839428725012 0.51286378461648841
decision_type=2 2 2 2 2 2 2
left_child=-1 2 -2 -4 5 -3 -6
right_child=1 4 3 -5 6 -7 -8
leaf_value=0.027303420769695049 0.041329248798734092 0.019471933881769078 -0.039003370742177461 0.0094779299643266372 0.00072040370458728033 -0.015549062931232269 0.025602476110763599
leaf_weight=4.0255049914121619 3.4748870618641403 15.019540943205355 11.716776087880133 4.2555262520909301 429.89335751347244 52.659532085061073 15.124367933720348
leaf_count=22 25 86 53 21 1996 333 110
internal_value=1.38678e-05 -0.000192569 -0.0140404 -0.0260864 0.000332694 -0.0077771 0.00156605
internal_weight=536.169 532.144 19.4472 15.9723 512.697 67.6791 445.018
internal_count=2646 2624 99 74 2525 419 2106
is_linear=0
shrinkage=0.04


Tree=183
num_leaves=13
num_cat=0
split_feature=9 9 60 10 3 32 55 49 39 20 22 13
split_gain=1.88301 5.36994 6.69077 5.7135 5.61489 4.67326 4.67222 4.60436 4.5361 4.38749 4.34725 2.71285
threshold=0.00022035861299794148 0.00022854543349040921 0.049233386662798036 -8.6280561820680914e-05 0.00068603223117540016 0.50376258492404424 -0.28698347873953894 -0.22707560719227815 1.1618997035819245 0.0025853625826217507 2.6489407964307037 -0.0001202694430422
decision_type=2 2 2 2 2 2 2 2 2 2 2 2
left_child=6 2 3 -2 -3 -4 9 -8 -6 11 -9 -1
right_child=1 4 5 -5 8 -7 7 10 -10 -11 -12 -13
leaf_value=0.015572913176346397 -0.036136523317981326 -0.057995336406685548 0.017420335087342677 0.0097504521292870981 -0.0038094495361999632 0.05396309102810469 -0.033061196834719968 -0.0010580250353420435 0.015520892910334171 -0.014442907970768137 -0.027282725787457919 0.056603645337202753
leaf_weight=5.5983182638883582 5.884788982570174 2.7185967192053786 22.105582451447848 16.555300891399384 95.053597854450345 7.4987868741154662 7.7419913187623015 329.05537615716457 24.411627817898989 4.0909956693649283 10.434502989053724 4.7793745100498191
leaf_count=26 27 12 113 80 512 40 35 1562 146 20 47 26
internal_value=1.39364e-05 0.00343017 0.01419 -0.00228315 -0.001153 0.0266766 -0.00163164 -0.00255964 0.000140529 0.0206395 -0.00186406 0.0344693
internal_weight=535.929 174.228 52.0445 22.4401 122.184 29.6044 361.701 347.232 119.465 14.4687 339.49 10.3777
internal_count=2646 930 260 107 670 153 1716 1644 658 72 1609 52
is_linear=0
shrinkage=0.04


Tree=184
num_leaves=9
num_cat=0
split_feature=61 41 3 39 3 31 39 3
split_gain=1.84767 3.47628 2.47048 4.18254 3.37004 3.04997 2.79213 1.55343
threshold=0.52490193735124813 -2.6950111861386474e-05 0.0026895228432562003 1.0478740396212982 0.0023442896805550505 1.1495333374518679 0.7333040248853423 0.0010648269492734503
decision_type=2 2 2 2 2 2 2 2
left_child=2 -2 4 -4 5 -1 -6 -3
right_child=1 7 3 -5 6 -7 -8 -9
leaf_value=0.0012326407162909119 -0.016269319160572553 0.050468770383063702 -0.046216075319367035 0.0093145806429904988 -0.002327385705675521 -0.0063579738170607613 0.045184966868869879 0.013232125662481133
leaf_weight=400.4892936013639 3.4865391049534082 3.697487108409403 4.8490954339504224 3.9282063208520412 3.3742198422551137 107.41094473004341 4.7859523687511683 3.4793434273451567
leaf_count=1909 38 32 22 33 18 525 32 37
internal_value=1.40989e-05 0.0164979 -0.00032081 -0.0213638 3.70953e-05 -0.000372625 0.0255387 0.0324164
internal_weight=535.501 10.6634 524.838 8.7773 516.06 507.9 8.16017 7.17683
internal_count=2646 107 2539 55 2484 2434 50 69
is_linear=0
shrinkage=0.04


Tree=185
num_leaves=12
num_cat=0
split_feature=47 30 24 10 45 6 37 22 37 37 22
split_gain=1.842 6.8723 6.62379 3.29799 3.77614 4.4653 3.49151 8.06271 7.65655 2.94283 2.84343
threshold=-0.40102138813087113 -1.4075637350749683 0.024999999999958254 0.00014495199755810002 0.70506364397989441 1.1697730709605872e-05 0.38317777915062262 0.44414096342943082 0.3660375460750715 0.27869470050650397 -0.37815708818660349
decision_type=2 2 2 2 2 2 2 2 2 2 2
left_child=1 -1 -3 6 5 -5 8 -8 -2 -4 -6
right_child=3 2 9 4 10 -7 7 -9 -10 -11 -12
leaf_value=0.035658679704060219 5.5386008391966126e-05 0.024574284356887632 -0.047291447021412462 -0.025801030855389796 0.049652404363252772 0.0071553569595554046 -0.016811523301579288 0.0071417831265102247 0.037840204635722186 -0.0076506943584810543 0.014537308982490267
leaf_weight=4.0480269622057703 331.36015125364065 3.8190925568342236 9.5746926628053171 7.5715394932776681 4.8317885324358967 50.126976855099201 58.687326742336154 36.44719398021698 8.8087218850851041 4.361279444769024 15.607348322868345
leaf_count=32 1614 23 52 38 26 236 301 181 45 25 73
internal_value=1.40192e-05 -0.0113731 -0.022096 0.00049757 0.00806425 0.00283063 -0.000860661 -0.00763472 0.00103383 -0.0348858 0.0228385
internal_weight=535.244 21.8031 17.7551 513.441 78.1377 57.6985 435.303 95.1345 340.169 13.936 20.4391
internal_count=2646 132 100 2514 373 274 2141 482 1659 77 99
is_linear=0
shrinkage=0.04


Tree=186
num_leaves=9
num_cat=0
split_feature=50 22 6 39 3 14 27 22
split_gain=1.83053 4.85263 2.11952 4.63826 3.70165 3.60557 6.37436 4.72384
threshold=-0.063584233827165076 -0.65927553273136108 0.00030580249903095006 1.4579885471219483 0.0010463477795653001 0.00019649972137790003 0.53696209055976263 -0.84734387638633712
decision_type=2 2 2 2 2 2 2 2
left_child=1 -1 5 4 -4 7 -7 -2
right_child=2 -3 3 -5 -6 6 -8 -9
leaf_value=-0.015232755719165143 0.0073455188330915511 0.04817928850665399 0.010177266726103654 0.019770887368473961 -0.027136801009147206 -0.0039806554586687701 0.014447063482051893 -0.003843406893412506
leaf_weight=3.5487214922904968 75.633822804316878 4.2353274375200263 5.5218475908041063 6.3911094889044753 18.522306140512228 53.656425196677446 68.219911089166999 299.1973947416991
leaf_count=18 431 26 26 36 89 258 346 1416
internal_value=1.40941e-05 0.01927 -0.000270247 -0.0105168 -0.0185675 0.000357599 0.0063342 -0.00158569
internal_weight=534.927 7.78405 527.143 30.4353 24.0442 496.708 121.876 374.831
internal_count=2646 44 2602 151 115 2451 604 1847
is_linear=0
shrinkage=0.04


Tree=187
num_leaves=15
num_cat=0
split_feature=55 55 21 18 39 22 44 22 45 1 51 61 3 30
split_gain=1.80832 4.43087 4.58912 4.27796 7.0063 9.63238 5.54691 4.4521 9.43194 6.37468 3.91868 6.43541 3.99216 2.82047
threshold=0.41823965892241777 0.42005107639886913 -5.3448508508554696e-05 1.0000000180025095e-35 1.2019286052206051 0.30345799314665539 0.013968420600632159 0.79751037448848372 0.63450504297059862 19.2465656068016 -0.11255588471278392 0.51286378461648841 0.00097678037740975016 0.55758732519439558
decision_type=2 2 2 2 2 2 2 2 2 2 2 2 2 2
left_child=3 2 -2 4 5 -1 -6 9 -9 -5 12 -12 -3 -4
right_child=1 10 13 7 6 -7 -8 8 -10 -11 11 -13 -14 -15
leaf_value=0.017759097704438783 0.010582809923591905 0.0036983169249268973 -0.066576695196298066 -0.002582543586245449 -0.027507807681411051 -0.0069700458310016167 0.0022467572636874233 0.018359966049464667 -0.0095519918638254566 -0.024647363512642552 -0.003829799183398248 0.028254861495287008 -0.042315831149864883 -0.023236362725467009
leaf_weight=90.683876501396298 3.9761644899845132 5.4131091311573964 3.9402529001235926 174.11198166757822 14.829790372401474 34.901525925844908 30.937299577519298 43.808872349560261 34.724030256271362 23.815195798873901 47.809264931827784 12.648585278540848 6.8147181943058968 6.1558104567229748
leaf_count=488 22 31 17 798 71 172 182 207 166 112 224 92 33 31
internal_value=1.38967e-05 -0.00527163 -0.025816 0.0010379 0.00600384 0.0108866 -0.00739454 -0.00204003 0.00601844 -0.00523745 -0.00129416 0.00288274 -0.0219459 -0.0401511
internal_weight=534.57 86.7579 14.0722 447.813 171.352 125.585 45.7671 276.46 78.5329 197.927 72.6857 60.4579 12.2278 10.0961
internal_count=2646 450 70 2196 913 660 253 1283 373 910 380 316 64 48
is_linear=0
shrinkage=0.04


Tree=188
num_leaves=9
num_cat=0
split_feature=61 43 41 27 24 41 6 38
split_gain=1.89384 4.92807 4.12874 6.54114 2.61242 3.53102 4.77737 3.32025
threshold=0.49210559988329755 0.053527805470074651 -4.3729985750573515e-05 1.1728569536355653 0.27499999999954167 6.205747688999473e-05 0.00012045030377895001 -0.10545734923277049
decision_type=2 2 2 2 2 2 2 2
left_child=1 -1 -3 -4 5 7 -7 -2
right_child=4 2 3 -5 -6 6 -8 -9
leaf_value=0.0485818833729907 -0.036023177324472425 -0.037149343242955914 0.037771022708735884 -0.0011361988146559824 -0.031469005707986428 0.060315010651326779 0.0024350476709955539 -0.00063815778735156273
leaf_weight=4.2675996832549563 4.2817495390772811 3.654378553852438 8.8054858203977329 32.181314673274755 4.3872354775667182 3.5527051929384452 6.3775325417518616 466.33586327731609
leaf_count=38 19 34 66 172 26 22 37 2232
internal_value=1.40661e-05 0.00751599 0.00359018 0.00722252 -0.000742551 -0.000462029 0.0231426 -0.000960096
internal_weight=533.844 48.9088 44.6412 40.9868 484.935 480.548 9.93024 470.618
internal_count=2646 310 272 238 2336 2310 59 2251
is_linear=0
shrinkage=0.04


Tree=189
num_leaves=8
num_cat=0
split_feature=31 31 51 50 41 9 51
split_gain=1.83832 2.24804 7.54526 5.40196 2.88749 5.18491 3.42367
threshold=-2.2608064077639898 -1.7976444067778325 -0.074541011591791537 0.064138547887301653 -5.4566361945725574e-05 0.00023711626226092839 -0.094129241041445058
decision_type=2 2 2 2 2 2 2
left_child=-1 2 -2 -4 5 -3 -6
right_child=1 4 3 -5 6 -7 -8
leaf_value=0.027011559089375709 0.024388989591907578 -0.038488979336392254 -0.0071920552884832583 -0.058041206499188286 -0.0078056251179732632 0.016368983719034461 0.0020658322312261338
leaf_weight=4.0052326694130889 5.8485602457076338 7.7732463646680099 7.4546638727188093 6.0602135807275772 64.590096041560173 4.2714428920298815 433.51516779139638
leaf_count=22 38 41 35 26 388 40 2056
internal_value=1.42638e-05 -0.000189943 -0.0135676 -0.0299934 0.000317825 -0.0190345 0.000785785
internal_weight=533.519 529.513 19.3634 13.5149 510.15 12.0447 498.105
internal_count=2646 2624 99 61 2525 81 2444
is_linear=0
shrinkage=0.04


Tree=190
num_leaves=9
num_cat=0
split_feature=61 23 38 15 45 6 22 24
split_gain=1.7788 3.50281 2.17408 2.30973 6.29233 4.25311 0.0295895 0.000473035
threshold=0.52490193735124813 4.9763668871797853 -0.10545734923277049 0.00015002676240070004 0.4278645305031506 -0.00010589918190069998 -1.7208618144946748 0.074999999999874958
decision_type=2 2 2 2 2 2 2 2
left_child=2 -2 -1 5 -5 -4 7 -3
right_child=1 6 3 4 -6 -7 -8 -9
leaf_value=-0.027473687318396119 -0.0025542192708548064 0.042083893583433854 0.0031662701834036123 0.019355611932331075 0.00018803290131017041 -0.0062559137955229618 0.050221746098935843 0.043094656625640236
leaf_weight=4.6730214506387702 6.2665553763508779 1.2832148838788273 133.87486932054162 32.575426410883665 172.57812276482582 179.33039757236838 1.1415353789925573 1.7526765186339615
leaf_count=21 38 29 670 162 861 825 9 31
internal_value=1.39621e-05 0.0163594 -0.000312426 -6.75668e-05 0.00323157 -0.00222854 0.0447317 0.0426674
internal_weight=533.476 10.444 523.032 518.359 205.154 313.205 4.17743 3.03589
internal_count=2646 107 2539 2518 1023 1495 69 60
is_linear=0
shrinkage=0.04


Tree=191
num_leaves=9
num_cat=0
split_feature=57 49 22 56 31 9 9 22
split_gain=1.75951 3.41649 6.38544 6.28001 3.34332 3.00827 6.01022 4.79074
threshold=-0.23272220966569018 -0.18804870523831571 1.6974084807086351 0.0059086538507510137 1.2926116640698364 0.00022035861299794148 0.00022854543349040921 2.6489407964307037
decision_type=2 2 2 2 2 2 2 2
left_child=4 2 3 -2 -1 7 -7 -3
right_child=1 5 -4 -5 -6 6 -8 -9
leaf_value=0.038679517895060515 0.011325062890407574 -0.00060597979998774747 -0.05385200370343695 -0.021172574293509605 -0.0075097242330722375 0.017690937292723429 0.00014572297356483721 -0.028483976953161558
leaf_weight=5.2436769530177099 18.324014976620674 320.67154604382813 4.9471651315689078 19.789522763341665 4.8049001842737198 44.509538462385535 104.77234906330705 10.175745666027067
leaf_count=30 92 1527 25 93 25 225 583 46
internal_value=1.38159e-05 -0.000304616 -0.011098 -0.00554854 0.0165933 0.000663399 0.00537696 -0.00146341
internal_weight=533.238 523.19 43.0607 38.1135 10.0486 480.129 149.282 330.847
internal_count=2646 2591 210 185 55 2381 808 1573
is_linear=0
shrinkage=0.04


Tree=192
num_leaves=11
num_cat=0
split_feature=61 23 23 57 38 31 22 22 1 3
split_gain=1.80109 4.48061 4.3425 5.2182 2.89656 2.69289 2.56443 8.23063 5.49268 0.0291544
threshold=0.49066617302549137 1.950628622181652 8.958418039893461 -0.20598956799984267 -0.10545734923277049 1.2926116640698364 1.0694578071432665 1.2546578193877596 19.2465656068016 0.00086524785637875012
decision_type=2 2 2 2 2 2 2 2 2 2
left_child=1 5 3 -3 -2 9 8 -8 -6 -1
right_child=4 2 -4 -5 6 -7 7 -9 -10 -11
leaf_value=0.053923214963451704 -0.033257442817408542 0.020123193995071741 0.039082123341425599 -0.025994692887786566 -0.00018018112374082812 0.011498562086030907 0.049613309866260259 0.0024766814913741633 -0.016563840317157196 0.047873857994480649
leaf_weight=2.2018039226531965 4.3020951002836219 6.0012380704283741 3.4517358373850575 11.349649773910643 373.92391857132316 6.2354598119854927 6.4006914049386969 80.090783447027206 35.882065165787935 3.0272828340530396
leaf_count=12 19 35 35 71 1806 33 30 383 187 35
internal_value=1.33482e-05 0.00917308 -0.00189233 -0.0100437 -0.000577061 0.0292515 -0.000293775 0.00596497 -0.00161471 0.0504211
internal_weight=532.867 32.2672 20.8026 17.3509 500.6 11.4645 496.297 86.4915 409.806 5.22909
internal_count=2646 221 141 106 2425 80 2406 413 1993 47
is_linear=0
shrinkage=0.04


Tree=193
num_leaves=11
num_cat=0
split_feature=32 8 21 51 2 20 56 7 45 24
split_gain=1.79379 4.51425 4.46587 4.43389 2.33472 5.78109 3.53575 2.99822 6.98084 3.76868
threshold=-1.323885434921555 -0.00082982514616564997 -0.00045299911996304996 -0.033059485442439619 -0.030780974085998895 0.0025853152287144501 0.030692763337257883 -0.00038366327934479997 0.46521693759869842 0.27499999999954167
decision_type=2 2 2 2 2 2 2 2 2 2
left_child=1 -1 -3 -4 5 6 -2 8 -6 -9
right_child=4 2 3 -5 7 -7 -8 9 -10 -11
leaf_value=-0.046771969087830219 -0.022377101346223751 0.049132180309466193 0.029599883648160078 -0.011003911129397487 -0.022311914591731669 -0.048744936835986595 0.023638654814535986 -0.00060218940279627088 0.017309224421559893 -0.034345730603392799
leaf_weight=2.0172972530126598 5.1077405512332934 4.9780721683055189 7.4746935926377835 10.140847668051714 8.8000177256762964 5.505027048289775 5.6018888875842094 440.36606024205685 37.157734224572778 5.3602212816476813
leaf_count=11 23 28 37 45 54 24 28 2145 219 32
internal_value=1.35509e-05 0.01056 0.015679 0.00622525 -0.000497492 -0.0154316 0.00169237 -4.9995e-06 0.00972255 -0.00100798
internal_weight=532.51 24.6109 22.5936 17.6155 507.899 16.2147 10.7096 491.684 45.9578 445.726
internal_count=2646 121 110 82 2525 75 51 2450 273 2177
is_linear=0
shrinkage=0.04


Tree=194
num_leaves=15
num_cat=0
split_feature=61 23 23 0 39 32 61 3 45 49 3 47 23 53
split_gain=1.75641 4.60308 4.64996 11.2454 5.14138 4.33628 3.19017 5.74193 7.38546 6.66623 5.53146 8.2099 7.8462 0.482653
threshold=0.49623166192440987 8.958418039893461 0.046867956087158054 46.804637454265198 -0.0010839294865202034 -0.98395198133430795 0.50413027870558869 0.00073481159459165004 0.43807763945902184 0.24074301870128659 0.00072328500198545005 -0.26929407564000818 0.15364065449922701 -0.03738053929641711
decision_type=2 2 2 2 2 2 2 2 2 2 2 2 2 2
left_child=1 2 3 -1 -4 -3 7 8 -2 -9 12 -12 -8 -7
right_child=6 5 4 -5 -6 13 10 9 -10 -11 11 -13 -14 -15
leaf_value=-0.021623519370409468 0.01392701699370146 -0.020821751351093543 0.036863231463404408 0.027246096540387472 -0.0041960735793352957 0.024712865625651743 -0.021290623828425819 -0.0091436326896453379 -0.021038229799871421 0.0061833768367706501 -0.0069400322418335094 0.017282751790562181 0.040382711318286246 0.048533254081405415
leaf_weight=10.372280567884443 11.892905995249746 2.1426925174891949 5.1120118163526049 27.53048649430275 107.28600730746984 1.744069807231426 4.4292058348655727 80.911994852125645 51.607356674969196 103.45724409818649 74.58169749006629 31.990519091486931 12.95221398770809 6.1964258477091771
leaf_count=48 54 12 26 134 547 21 23 356 225 462 439 165 81 53
internal_value=1.33746e-05 0.00351218 0.001757 0.0138727 -0.00232864 0.029675 -0.00149582 -0.00411591 -0.0144896 -0.000543011 0.00374358 0.000331088 0.0246669 0.0433013
internal_weight=532.207 160.384 150.301 37.9028 112.398 10.0832 371.823 247.87 63.5003 184.369 123.954 106.572 17.3814 7.9405
internal_count=2646 841 755 182 573 86 1805 1097 279 818 708 604 104 74
is_linear=0
shrinkage=0.04


Tree=195
num_leaves=15
num_cat=0
split_feature=7 3 42 42 56 41 8 48 6 23 45 41 23 6
split_gain=1.76286 5.00684 9.4458 10.1771 6.94314 8.32359 6.34104 6.18779 4.76973 6.35893 8.96784 8.80046 4.53379 5.98361
threshold=2.2099640144405843e-05 0.00087827218760420012 0.00018215929748547998 0.0001265100887962154 0.0094614661855926506 3.6347437126208849e-05 0.00030125523517000007 -0.22127966357867454 -0.00010806965002845 4.2862311234922847 0.48956810735532158 -8.955963779773885e-07 1.4999258067851511 -0.00013350334385464995
decision_type=2 2 2 2 2 2 2 2 2 2 2 2 2 2
left_child=8 2 3 -2 6 -6 -3 -4 12 10 -10 -11 13 -1
right_child=1 4 7 -5 5 -7 -8 -9 9 11 -12 -13 -14 -15
leaf_value=0.0062969145142564601 -0.0053587698370792611 0.024071393808712649 0.031647328334993591 0.023738613179430549 -0.022378374110983278 0.0071956708524751412 -0.0009510387534744705 -0.030503756171685562 -0.033780870778782827 0.016839618249240022 -0.0058799859435831048 -0.027920802775550722 -0.0034093314918070662 0.043448937097898009
leaf_weight=52.628078065812588 28.39373741671443 21.509436532855034 3.170716110616925 59.607314676046371 43.092238061130047 23.547383137047291 65.694374687969685 13.373746201395987 24.834623578935862 29.391435446217656 71.494002886116505 9.2367890886962396 77.526115888729692 7.9890741035342208
leaf_count=260 137 103 20 289 227 134 317 61 110 168 326 44 409 41
internal_value=1.41978e-05 0.00238255 0.00913702 0.0143503 -0.00220751 -0.0119283 0.00522092 -0.0185926 -0.00222657 -0.00757484 -0.0130732 0.0061365 0.00299833 0.0111934
internal_weight=531.489 258.389 104.546 88.0011 153.843 66.6396 87.2038 16.5445 273.1 134.957 96.3286 38.6282 138.143 60.6172
internal_count=2646 1288 507 426 781 361 420 81 1358 648 436 212 710 301
is_linear=0
shrinkage=0.04


Tree=196
num_leaves=12
num_cat=0
split_feature=50 53 42 51 3 39 9 61 41 8 13
split_gain=1.85167 3.80779 4.13359 3.07157 8.39828 12.4535 6.92425 5.97875 5.9917 3.63973 0.00671742
threshold=0.16425800104301971 -0.22792677438083006 0.00018946764242153404 -0.094129241041445058 0.00074655839428725012 0.39190749913704731 0.00018453170396951231 0.51286378461648841 -5.4566361945725574e-05 -0.00034233027928784991 -0.00014928043696539999
decision_type=2 2 2 2 2 2 2 2 2 2 2
left_child=3 2 -2 4 6 -6 -1 8 -5 -9 -3
right_child=1 10 -4 7 5 -7 -8 9 -10 -11 -12
leaf_value=-0.01830020064112373 -0.02642254769826682 0.048757828562785897 0.035904794475841564 -0.033870620903189499 -0.042998484203851002 -0.000449085505651209 0.039583654327790908 0.010250414815644848 0.00055472190281893744 0.049736176428636682 0.045495784748606813
leaf_weight=5.2543789073824874 4.2658162266016006 1.8700289223343132 2.8332933504134417 8.2426474094390851 18.059559211134911 28.178119834512472 8.9197678267955762 10.174095362424852 434.93577873706818 5.901870470494031 2.1963611468672735
leaf_count=30 22 19 33 36 95 172 55 68 2040 50 26
internal_value=1.46215e-05 0.0161317 -0.00154737 -0.000331669 -0.00881065 -0.0170681 0.018126 0.000783683 -8.55529e-05 0.0247466 0.0469959
internal_weight=530.832 11.1655 7.09911 519.666 60.4118 46.2377 14.1741 459.254 443.178 16.076 4.06639
internal_count=2646 100 55 2546 352 267 85 2194 2076 118 45
is_linear=0
shrinkage=0.04


Tree=197
num_leaves=12
num_cat=0
split_feature=23 20 22 41 23 39 2 54 43 1 45
split_gain=1.77423 8.77056 9.46996 9.33114 3.45058 7.81654 5.79072 4.18579 3.08504 7.11491 6.20489
threshold=-0.7236471282160627 0.0025851144886414007 -0.042902492073527247 -6.7550360200267302e-06 -0.50446959540617942 0.61472683364437464 0.39791455343419319 0.065585669761751078 0.51412150575580329 14.708820246851248 0.52345646871792495
decision_type=2 2 2 2 2 2 2 2 2 2 2
left_child=1 2 3 -1 5 6 -2 -7 9 -6 -10
right_child=4 -3 -4 -5 8 7 -8 -9 10 -11 -12
leaf_value=-0.022004355440694064 0.0009813725027286186 -0.058558168184430881 -0.041351806795152379 0.052797268311958155 -0.00019958010869394285 0.022592419378000061 0.058388184072272205 -0.029172134672014561 -0.0070464744037826944 -0.018054283614453489 0.010168232422413459
leaf_weight=4.3875801563262975 4.4094260334968585 4.8517989739775649 5.3151453882455835 6.8093777149915695 293.73309478349984 4.0422414764761907 7.7576202154159546 6.5482893064618111 49.919906105846167 40.651593204587698 101.85392886027694
leaf_count=19 20 23 24 33 1436 19 39 32 255 203 543
internal_value=1.50879e-05 -0.0112776 0.00261504 0.0234859 0.000489144 0.0157124 0.0375835 -0.00941441 -0.000223474 -0.0023702 0.00450615
internal_weight=530.28 21.3639 16.5121 11.197 508.916 22.7576 12.167 10.5905 486.159 334.385 151.774
internal_count=2646 99 76 52 2547 110 59 51 2437 1639 798
is_linear=0
shrinkage=0.04


Tree=198
num_leaves=12
num_cat=0
split_feature=52 50 61 42 38 38 61 61 52 61 23
split_gain=1.74564 3.67622 4.4059 4.22283 5.36889 3.87216 3.42412 3.42061 4.18997 4.27075 0.278226
threshold=-0.5783722513438837 0.1482149493936965 0.52322311035699232 0.00014924501063500375 0.76905759784782501 0.18688137442405886 0.52160616950551308 0.50595262122359907 -0.66625545378771511 0.50092280424648361 5.9464593630551832
decision_type=2 2 2 2 2 2 2 2 2 2 2
left_child=7 2 6 -3 -5 -4 -2 8 -1 -10 -9
right_child=1 3 5 4 -6 -7 -8 10 9 -11 -12
leaf_value=-0.042629794059116967 0.00012376237417496824 0.011945987195757537 -0.012461789388070021 -0.046604487579502613 -5.0689964842813652e-05 0.041330159502779962 -0.035264996414043875 0.050687562754967941 0.03987968365554672 -0.027141696919989477 0.030535419364834646
leaf_weight=2.6303613185882559 478.47315673157573 6.1766412928700474 2.995439335703848 9.370149118825795 6.8694812301546326 7.5071408469229937 4.4149593338370314 2.6933126524090758 4.4337410256266585 2.3158047795295715 1.8484923243522642
leaf_count=12 2277 33 21 47 49 75 23 18 45 14 32
internal_value=1.51108e-05 -0.000362126 0.00035766 -0.0162049 -0.0269119 0.0259882 -0.000199791 0.0139919 0.000195051 0.0168843 0.0424857
internal_weight=529.729 515.807 493.391 22.4163 16.2396 10.5026 482.888 13.9217 9.37991 6.74955 4.5418
internal_count=2646 2525 2396 129 96 96 2300 121 71 59 50
is_linear=0
shrinkage=0.04


Tree=199
num_leaves=12
num_cat=0
split_feature=32 8 15 13 15 45 23 61 42 9 13
split_gain=1.73808 4.04232 4.65503 3.79589 2.34056 6.09023 7.86401 5.31838 4.23996 4.59417 4.24001
threshold=-1.323885434921555 -0.00082982514616564997 -0.0007942062565534999 -0.00029286180299914992 0.00015331944739355004 0.4278645305031506 1.3351280273163335 0.49764505321801289 0.00025649683168408271 0.00029216390957612662 0.00028122289400125006
decision_type=2 2 2 2 2 2 2 2 2 2 2
left_child=1 -1 -3 -4 8 6 -6 -7 10 -10 -2
right_child=4 2 3 -5 5 7 -8 -9 9 -11 -12
leaf_value=-0.044016210300172096 -0.0023393438504339496 0.056902155164685872 -0.016027022318449928 0.021148152635269053 -0.0032540925877828533 0.0072624945349682637 0.036281621060481592 -0.0067370614067859035 0.04247216753884011 -0.019653570484750471 -0.022127242583366121
leaf_weight=2.0023958534002331 270.23606506548822 3.6104573011398342 6.9990848004818025 11.810256361961359 14.527410738170145 81.590720120817423 18.053348964080215 92.802326271310449 6.4296199399977905 2.7060772199183702 18.512443855404854
leaf_count=11 1318 22 31 57 67 424 101 466 48 21 80
internal_value=1.52195e-05 0.010437 0.0153005 0.00731502 -0.00048893 0.00277846 0.0186531 -0.000187294 -0.00275915 0.02407 -0.003608
internal_weight=529.28 24.4222 22.4198 18.8093 504.858 206.974 32.5808 174.393 297.884 9.1357 288.749
internal_count=2646 121 110 88 2525 1058 168 890 1467 69 1398
is_linear=0
shrinkage=0.04


Tree=200
num_leaves=8
num_cat=0
split_feature=38 33 7 31 61 31 39
split_gain=1.7365 2.49161 5.44166 2.53483 7.55155 2.90411 0.847214
threshold=2.8953454956138094 -7.5964067572721712 -0.00043417153108119992 -1.7679236524753668 0.50413027870558869 -1.2865251973261567 2.7175089782006823
decision_type=2 2 2 2 2 2 2
left_child=1 2 -1 4 -3 -5 -2
right_child=6 3 -4 5 -6 -7 -8
leaf_value=0.056368335232701239 -0.031597155399590016 -0.030074040609295208 -0.007495921975147448 0.009678258006774184 0.032705356075638299 -0.00055701041504897667 -0.0054188447157217014
leaf_weight=3.9260791800916195 3.978801190853118 12.9828083422035 4.6784994453191739 49.249647963792086 4.0133155509829512 446.20961914770305 3.9335234835743904
leaf_count=22 20 63 23 255 25 2218 20
internal_value=1.53538e-05 0.000297769 0.0216439 -6.06515e-05 -0.0152499 0.000460396 -0.0185829
internal_weight=528.972 521.06 8.60458 512.455 16.9961 495.459 7.91232
internal_count=2646 2606 45 2561 88 2473 40
is_linear=0
shrinkage=0.04


Tree=201
num_leaves=14
num_cat=0
split_feature=9 23 45 29 30 39 33 9 6 9 9 55 51
split_gain=1.70582 6.07593 7.61788 8.15998 7.61323 7.04802 4.8912 4.41969 12.0724 7.43826 6.20432 6.17918 5.66713
threshold=0.00022035861299794148 1.5207724677869805 0.43559367311146274 3.5970979584891869 1.3397466214708633 0.018903791868765469 -4.5471863283335532 0.00021470025870232715 -0.00023734026536934998 0.00021545043286456489 0.00020980391946122677 -0.28698347873953894 0.032027955271152195
decision_type=2 2 2 2 2 2 2 2 2 2 2 2 2
left_child=7 4 5 -4 6 -3 -2 10 -9 -10 11 -1 -12
right_child=1 2 3 -5 -6 -7 -8 8 9 -11 12 -13 -14
leaf_value=0.027975922243695186 -0.032932206444295987 -0.040599739628836853 -0.012194049947912618 0.014837001359900572 -0.024273951615001149 0.035129242250287934 0.023113140743361987 -0.072518417039259236 -0.046791117332335305 0.0017273417034921041 0.0066275102431822309 -0.0033935058784669014 0.041891405922842455
leaf_weight=10.450408071279524 2.6370170246809712 2.3044187724590293 77.171254172921181 23.252126928418875 7.1360392272472373 13.403923764824865 45.141676045954227 4.9259531795978537 6.0069829598069182 31.922825332731009 34.920542038977146 260.28507694229484 9.2159383296966535
leaf_count=55 15 12 429 142 32 82 218 21 29 150 168 1251 42
internal_value=1.51434e-05 0.00330072 -0.00188344 -0.00593525 0.014264 0.0240198 0.0200199 -0.00155584 -0.0136074 -0.00595658 8.44335e-05 -0.00218264 0.0139908
internal_weight=528.774 171.046 116.132 100.423 54.9147 15.7083 47.7787 357.728 42.8558 37.9298 314.872 270.735 44.1365
internal_count=2646 930 665 571 265 94 233 1716 200 179 1516 1306 210
is_linear=0
shrinkage=0.04


Tree=202
num_leaves=11
num_cat=0
split_feature=42 43 10 42 8 5 45 14 25 10
split_gain=1.72031 2.99233 4.58848 2.12518 12.3324 10.1222 4.26066 8.40569 6.12952 3.73067
threshold=0.00010814510228516625 0.060783616146299242 2.8833438648859128e-05 0.00012725866089589082 -0.00048221534824074996 1.0000000180025095e-35 0.74265804332490648 0.00032013689267285003 0.50000000000000011 -2.7664344908843569e-06
decision_type=2 2 2 2 2 2 2 2 2 2
left_child=1 -1 -3 4 9 -6 8 -8 -5 -2
right_child=3 2 -4 6 5 -7 7 -9 -10 -11
leaf_value=-0.019086874161043592 0.047973212691731541 0.0032263566012986525 0.053843480948363998 -0.0027089911227106325 -0.0051991345053409134 -0.045226196812825289 -0.015104299890570201 0.017059255103514807 0.0075723081404433989 0.0020488727363929698
leaf_weight=3.5813600271940222 7.1682065725326538 7.5184256657958013 4.6301032081246376 187.90155462920666 40.273714158684015 13.495979659259318 59.17008638009429 16.661463432013988 183.27286342717707 4.6767491623759252
leaf_count=17 38 39 24 852 196 61 294 81 1020 24
internal_value=1.54993e-05 0.0130453 0.0225178 -0.000384323 -0.00710659 -0.0152458 0.000602418 -0.00803743 0.00236755 0.0298409
internal_weight=528.351 15.7299 12.1485 512.621 65.6146 53.7697 447.006 75.8315 371.174 11.845
internal_count=2646 80 63 2566 319 257 2247 375 1872 62
is_linear=0
shrinkage=0.04


Tree=203
num_leaves=9
num_cat=0
split_feature=50 22 56 42 51 51 31 14
split_gain=1.68859 4.75505 1.91797 5.8563 5.78023 4.79755 5.53664 4.18919
threshold=-0.063584233827165076 -1.0033389100101735 -0.01231760384434186 0.0002497435679497387 0.034608850268278764 0.054191869827001214 0.70222718592807032 0.00018452659122045003
decision_type=2 2 2 2 2 2 2 2
left_child=1 -1 3 4 -2 7 -7 -4
right_child=2 -3 5 -5 -6 6 -8 -9
leaf_value=-0.016499027882157628 -0.011407171569309173 0.047119618315162627 -0.0004805960682060656 0.033422386558702548 0.01517874961308037 0.012646324847716708 -0.04113417244050082 0.0092204944315648647
leaf_weight=3.3950563594698906 85.215106770396233 4.2117367200553408 307.40389740839601 5.9785900563001624 15.458207562565802 4.691325966268777 8.8229310065507871 92.697884686291218
leaf_count=17 397 27 1550 36 71 23 40 485
internal_value=1.55705e-05 0.0187254 -0.000257984 -0.00504078 -0.00732495 0.00097527 -0.0224649 0.00176701
internal_weight=527.875 7.60679 520.268 106.652 100.673 413.616 13.5143 400.102
internal_count=2646 44 2602 504 468 2098 63 2035
is_linear=0
shrinkage=0.04


Tree=204
num_leaves=9
num_cat=0
split_feature=3 39 3 39 31 31 14 41
split_gain=1.69384 4.48491 3.22001 3.51977 2.25512 5.24213 4.3372 0.438656
threshold=0.0026895228432562003 1.1618997035819245 0.0023442896805550505 0.64806265194792534 1.1495333374518679 1.0981126382252144 0.00027733813103835006 4.849441362105486e-05
decision_type=2 2 2 2 2 2 2 2
left_child=2 -2 4 -4 5 -1 -6 -5
right_child=1 -3 3 7 6 -7 -8 -9
leaf_value=0.00059339185383367496 -0.037854892744230158 0.020071300365464333 -0.014031405976471897 0.031371366862355268 -0.010004466439641351 0.031009686093631382 0.0082079107218936114 0.053542342102876832
leaf_weight=392.85477598197758 5.9211463965475541 3.3476655930280685 2.5443954635411483 2.8365669567137957 79.570899020880461 9.2801537960767728 28.384956765919924 2.8749883100390434
leaf_count=1916 39 31 17 24 400 48 152 19
internal_value=1.53048e-05 -0.0169334 0.000318373 0.0250994 -8.27141e-05 0.00129532 -0.00521587 0.0425314
internal_weight=527.616 9.26881 518.347 8.25595 510.091 402.135 107.956 5.71156
internal_count=2646 70 2576 60 2516 1964 552 43
is_linear=0
shrinkage=0.04


Tree=205
num_leaves=14
num_cat=0
split_feature=55 25 55 21 4 45 15 53 2 46 18 58 30
split_gain=1.79604 4.49203 4.00014 4.20794 3.69644 5.27238 5.17456 3.39556 3.17313 2.98646 3.59697 2.84172 2.37312
threshold=0.41823965892241777 0.90000000000000013 0.42005107639886913 -5.3448508508554696e-05 1.0000000180025095e-35 0.49616158510531927 0.00083868674141630015 -0.24616029831024086 0.84754909063599493 -0.18070583945713861 1.0000000180025095e-35 -0.32648777607939999 0.55758732519439558
decision_type=2 2 2 2 2 2 2 2 2 2 2 2 2
left_child=1 9 3 -2 5 -4 -6 -3 -9 11 -11 -1 -5
right_child=2 7 4 12 6 -7 -8 8 -10 10 -12 -13 -14
leaf_value=0.00099832075135991637 0.01018087689511888 -0.024794581549906682 -0.037182036521083844 -0.062976162008322303 0.020706220755224544 -0.0018846635034062257 -0.024147593726932148 0.023595298778857288 -0.011327594967181222 0.0056163561833337807 -0.002416741466751833 -0.049828028146011429 -0.023063815817488866
leaf_weight=3.3210205137729645 3.9304345026612291 3.1951639950275412 8.1977152042090875 3.9123244285583461 19.270069865509871 38.899556443095207 5.2327166870236388 27.975234400480986 4.890553042292594 134.67630141787231 264.0282713919878 3.7445444501936427 6.0998308733105659
leaf_count=21 22 16 42 17 110 203 25 190 28 686 1235 20 31
internal_value=1.51248e-05 0.00104225 -0.00529 -0.0248916 -0.00147301 -0.0080285 0.0111274 0.0145715 0.0183986 -0.000160105 0.000296716 -0.0259382 -0.0386599
internal_weight=527.374 441.831 85.5426 13.9426 71.6001 47.0973 24.5028 36.061 32.8658 405.77 398.705 7.06556 10.0122
internal_count=2646 2196 450 70 380 245 135 234 218 1962 1921 41 48
is_linear=0
shrinkage=0.04


Tree=206
num_leaves=10
num_cat=0
split_feature=32 44 3 23 32 61 51 43 1
split_gain=1.69092 3.9585 4.03954 7.21805 2.1929 4.4175 2.06384 7.83906 3.60675
threshold=-1.323885434921555 0.013968433531698439 0.00078875938412870008 0.93403190943492709 -1.1499942761251807 0.50024810630713046 0.016815542845453741 0.96249243999205769 32.372467755471014
decision_type=2 2 2 2 2 2 2 2 2
left_child=1 -1 -3 -4 5 -2 8 -8 -6
right_child=4 2 3 -5 6 -7 7 -9 -10
leaf_value=0.058826802214138912 -0.036042376345620165 -0.019520668793950861 0.064690684268172219 0.00048913248191553231 -0.0025136675403431385 0.0090895917199041772 0.0061289071772830973 -0.045522701792267417 0.016534559865614411
leaf_weight=2.4233063571155098 7.8355975635349733 7.2297237962484386 3.7731795608997336 10.884290242567657 339.37955856882036 6.228089602664113 127.63792364299297 4.8810682892799369 16.68675222247839
leaf_count=14 35 32 17 58 1747 31 590 28 94
internal_value=1.50662e-05 0.0103182 0.00494739 0.0170161 -0.000483241 -0.0160557 -3.49943e-05 0.00422642 -0.00162099
internal_weight=526.959 24.3105 21.8872 14.6575 502.649 14.0637 488.585 132.519 356.066
internal_count=2646 121 107 75 2525 66 2459 618 1841
is_linear=0
shrinkage=0.04


Tree=207
num_leaves=11
num_cat=0
split_feature=7 37 8 8 7 41 10 41 37 46
split_gain=1.74658 5.38342 6.76896 4.0084 3.75551 3.06334 3.08203 6.09508 3.76699 1.80935
threshold=0.00058267855231805012 0.43362140933763288 0.0010512760171231003 0.0013749971538127004 0.00067836113309730015 6.3230583245577068e-05 0.00014495199755810002 1.60844534491685e-05 0.38317777915062262 -0.093641225175557272
decision_type=2 2 2 2 2 2 2 2 2 2
left_child=5 3 -3 4 -2 6 8 -8 -1 -4
right_child=1 2 9 -5 -6 -7 7 -9 -10 -11
leaf_value=0.00083467440097887802 -0.03082929241860952 -0.022760375980850688 0.016134648772447656 -0.056559989354419152 0.011214941373276442 0.033475837269483118 0.0018744611953577751 0.030228240389453931 -0.0087400710272693867 0.056704235527066445
leaf_weight=337.56704406905919 7.8293377012014442 5.3721081241965276 3.4429094344377518 4.3594961315393439 6.0073574222624302 4.4901873543858519 57.034282986074686 15.407429749146102 81.645844619721174 3.5960140377283096
leaf_count=1686 38 31 19 19 31 31 282 78 409 22
internal_value=1.47e-05 -0.00925878 0.0110537 -0.0231133 -0.0125753 0.000586782 0.000286413 0.00790495 -0.0010301 0.0368607
internal_weight=526.752 30.6072 12.411 18.1962 13.8367 496.145 491.655 72.4417 419.213 7.03892
internal_count=2646 160 72 88 69 2486 2455 360 2095 41
is_linear=0
shrinkage=0.04


Tree=208
num_leaves=11
num_cat=0
split_feature=50 59 24 50 61 29 45 58 61 61
split_gain=1.65627 4.08023 3.40865 2.69066 4.10683 4.3891 4.04417 6.50197 3.12282 0.00524619
threshold=0.16425800104301971 0.60865592749480102 0.041666666666597151 0.1482149493936965 0.52322311035699232 0.67090487731140269 0.8201724601507262 -0.3315384370160166 0.52160616950551308 0.50243064268876092
decision_type=2 2 2 2 2 2 2 2 2 2
left_child=3 9 -3 4 8 -6 7 -5 -1 -2
right_child=1 2 -4 6 5 -7 -8 -9 -10 -11
leaf_value=0.00012010985861419003 0.044818976498180965 -0.037778628665696576 0.020605227990816918 0.015788510815236429 -0.014208023274105664 0.042707283642263158 -0.050156400866592586 -0.028635628352226716 -0.033628382866155805 0.047659082897004094
leaf_weight=475.89467376470566 1.9147552270442227 2.7791728600859642 3.7709593046456575 10.685601526871327 3.1149572730064374 7.1303074415773153 3.9653866291046134 10.403809083625674 4.4277146309614173 2.2794631803408265
leaf_count=2277 28 15 35 74 20 76 19 57 23 22
internal_value=1.44095e-05 0.0155582 -0.00416661 -0.000309486 0.000343523 0.0254028 -0.0130953 -0.00612677 -0.000190991 0.0463625
internal_weight=526.367 10.7444 6.55013 515.622 490.568 10.2453 25.0548 21.0894 480.322 4.19422
internal_count=2646 100 50 2546 2396 96 150 131 2300 50
is_linear=0
shrinkage=0.04


Tree=209
num_leaves=10
num_cat=0
split_feature=57 22 49 22 8 55 0 54 32
split_gain=1.63736 3.41479 3.22766 5.97739 5.64015 3.65571 7.59372 3.56762 1.44732
threshold=-0.23272220966569018 -1.6461444931465785 -0.18804870523831571 1.6974084807086351 8.3263201145915752e-05 -0.19786077571815244 58.788503441739437 -0.047365438458049691 -0.20332121922019003
decision_type=2 2 2 2 2 2 2 2 2
left_child=1 -1 3 4 -2 6 -4 -7 -3
right_child=2 8 5 -5 -6 7 -8 -9 -10
leaf_value=-0.017075291669270624 -0.020717413009078381 0.014160223663261889 0.027677105057399329 -0.053013555688086605 0.010275391000495246 -0.032488272213582373 -0.028408245650574947 0.00024194566857531265 0.051769865284024413
leaf_weight=3.2887637764215469 19.152706526219845 3.2890032753348351 18.611809095367793 4.7777733057737342 18.440145280212164 5.3930511008948079 4.8741002455353728 444.85421447549015 3.2597131133079511
leaf_count=15 88 18 91 25 97 27 24 2239 22
internal_value=1.45373e-05 0.0161801 -0.000293595 -0.0108708 -0.00551474 0.000652426 0.0160375 -0.000150096 0.0328809
internal_weight=525.941 9.83748 516.104 42.3706 37.5929 473.733 23.4859 450.247 6.54872
internal_count=2646 55 2591 210 185 2381 115 2266 40
is_linear=0
shrinkage=0.04


Tree=210
num_leaves=14
num_cat=0
split_feature=61 42 22 41 49 56 29 23 41 3 23 39 43
split_gain=1.64779 5.01226 4.46523 5.92292 3.02807 2.79723 3.0413 2.47753 7.07612 4.95702 2.75637 7.00933 2.91882
threshold=0.49210559988329755 0.00013964112270602332 -0.55003969285847021 -1.8616359092119927e-05 -0.34086381246016884 0.0030728458066803933 3.818774435608502 -0.7236471282160627 -1.1820484915237017e-05 0.00063097852089635017 -0.50446959540617942 0.61472683364437464 0.51412150575580329
decision_type=2 2 2 2 2 2 2 2 2 2 2 2 2
left_child=1 5 4 -4 -3 -1 -7 8 -2 -10 11 -9 -12
right_child=7 2 3 -5 -6 6 -8 10 9 -11 12 -13 -14
leaf_value=0.051997519982655317 -0.047142654268050137 -0.019979753664936123 -0.057892012189415094 -0.0016959011039807831 0.035215991729447914 -0.011775168007732206 0.038678856394941043 0.035528113386404429 -0.029420677658487129 0.025102266423990237 -0.0028994956387373761 -0.011384121629346045 0.0042472175389862707
leaf_weight=4.990315914154051 6.8840518444776562 2.0385092943906784 3.471984962001442 22.114027690142397 7.2325354022905213 3.8160738348960876 3.830198846757412 11.207944124937059 4.3142386078834516 6.9917856752872467 309.599329829216 9.3447153195738775 129.75701065920293
leaf_count=31 30 9 21 135 71 20 23 54 19 33 1487 44 669
internal_value=1.41838e-05 0.00712023 -0.000703772 -0.00932163 0.0230796 0.0287021 0.0134984 -0.00069172 -0.0151704 0.00429699 -0.000119067 0.0141984 -0.000788826
internal_weight=525.593 47.4936 34.8571 25.586 9.27104 12.6366 7.64627 478.099 18.1901 11.306 459.909 20.5527 439.356
internal_count=2646 310 236 156 80 74 43 2336 82 52 2254 98 2156
is_linear=0
shrinkage=0.04


Tree=211
num_leaves=8
num_cat=0
split_feature=31 31 47 42 41 61 31
split_gain=1.66225 1.9143 6.46841 3.90369 2.77847 6.96668 3.06307
threshold=-2.2608064077639898 -1.7976444067778325 -0.3971260062693901 0.00018496896523362492 -5.4566361945725574e-05 0.51139850702872325 -1.5832816126641625
decision_type=2 2 2 2 2 2 2
left_child=-1 2 -2 -4 5 -3 -6
right_child=1 4 3 -5 6 -7 -8
leaf_value=0.026029110944775048 0.039099753653458851 -0.03842701458135029 -0.035092406885352659 0.0098522595641631003 0.016986604029332993 0.029095841207548483 0.00013898353479528013
leaf_weight=3.9006856605410567 3.2150636687874821 8.424406470730899 11.618787564337252 4.2132197916507712 17.921394728124142 3.4443810600787392 472.3844689540565
leaf_count=22 25 51 53 21 87 30 2357
internal_value=1.44495e-05 -0.000180237 -0.0126273 -0.0231317 0.00029187 -0.0188315 0.000754789
internal_weight=525.122 521.222 19.0471 15.832 502.175 11.8688 490.306
internal_count=2646 2624 99 74 2525 81 2444
is_linear=0
shrinkage=0.04


Tree=212
num_leaves=13
num_cat=0
split_feature=55 25 45 27 1 22 6 50 9 42 42 61
split_gain=1.64795 4.23452 3.88301 4.37039 5.28884 3.5734 5.88503 5.70326 2.74697 4.58048 2.37104 0.218222
threshold=0.41823965892241777 0.90000000000000013 0.84965143728800252 -2.2708351857629991 -3.8119623510137894 -0.84734387638633712 1.0403911005134364e-05 -0.063584233827165076 0.00024146012730116531 0.00015353806937803291 0.00014640829255358162 0.50292738743783993
decision_type=2 2 2 2 2 2 2 2 2 2 2 2
left_child=1 5 3 10 -5 6 -1 -7 9 -3 -2 -10
right_child=2 8 -4 4 -6 7 -8 -9 11 -11 -12 -13
leaf_value=-0.0012355476413680247 0.043340283290246563 0.019628541361560128 -0.044454562089181096 -0.022843716199924244 0.00064307791035192572 0.04606362570364847 0.022112403070407901 -0.0024984537992485201 0.032631571781693076 -0.014442379384966562 0.0043881497159392905 0.049504857540847484
leaf_weight=44.275111325085163 4.4172675758600217 21.794114448130134 3.8266573846340171 22.357116360217333 48.877351576462388 3.9156988225877276 28.322697625495493 327.58732216060162 2.239861335605382 8.8881583623588067 5.761564239859581 2.7102905958890915
leaf_count=240 23 126 19 116 260 26 165 1531 32 58 32 18
internal_value=1.42861e-05 0.001001 -0.00507593 -0.00322502 -0.00672831 -0.000164592 0.00787323 -0.00192484 0.0142197 0.00975875 0.0212921 0.04187
internal_weight=524.973 439.733 85.24 81.4133 71.2345 404.101 72.5978 331.503 35.6324 30.6823 10.1788 4.95015
internal_count=2646 2196 450 431 376 1962 405 1557 234 184 55 50
is_linear=0
shrinkage=0.04


Tree=213
num_leaves=11
num_cat=0
split_feature=7 60 43 0 21 56 37 61 37 29
split_gain=1.67267 5.19447 6.65226 4.27883 3.08624 4.18138 3.16244 6.83124 3.94425 1.51346
threshold=0.00058267855231805012 -0.15707395286861089 0.71865325317972129 81.340164881373283 0.00065138851596130008 -0.0031064581275049392 0.41581372668244393 0.49407037553151995 0.08954087079575572 3.6910502542580264
decision_type=2 2 2 2 2 2 2 2 2 2
left_child=4 -2 9 -4 6 -6 8 -8 -1 -3
right_child=1 2 3 -5 5 -7 7 -9 -10 -11
leaf_value=-0.0011312319493203698 0.032061075386445995 -0.045141455437751443 0.027885557907709208 -0.021196771378828302 0.050675662647967155 0.00047517385744390474 0.010007360317191903 -0.015848665543080179 0.0073905850221459958 -0.019045446546678241
leaf_weight=283.34613141883165 4.2207433655858067 8.2149066329002398 6.6168610081076604 4.9810716174542904 4.5890548005700111 6.2982796244323236 24.185273356735706 50.460067960433662 125.34113040938973 6.2696912735700598
leaf_count=1426 23 39 37 29 24 33 126 254 623 32
internal_value=1.46383e-05 -0.00910753 -0.0157695 0.00680572 0.000573968 0.0216349 9.9559e-05 -0.00747125 0.00148234 -0.0338457
internal_weight=524.523 30.3033 26.0825 11.5979 494.22 10.8873 483.333 74.6453 408.687 14.4846
internal_count=2646 160 137 66 2486 57 2429 380 2049 71
is_linear=0
shrinkage=0.04


Tree=214
num_leaves=10
num_cat=0
split_feature=32 44 9 45 32 61 22 45 1
split_gain=1.59549 3.73082 3.80407 5.12088 2.01421 4.10269 2.0217 6.33787 6.22674
threshold=-1.323885434921555 0.013968433531698439 0.00020607732012224594 0.46703561739495197 -1.1499942761251807 0.50024810630713046 0.79751037448848372 0.63450504297059862 19.2465656068016
decision_type=2 2 2 2 2 2 2 2 2
left_child=1 -1 -3 -4 5 -2 8 -8 -6
right_child=4 2 3 -5 6 -7 7 -9 -10
leaf_value=0.057860156563420688 -0.034740695610420945 -0.016076197497382018 -0.02331691046244207 0.033093756643713855 0.00036287118820000583 0.0088414663543177931 0.013976263897171834 -0.006481461664498157 -0.016435229592212493
leaf_weight=2.3577043693512705 7.7981102615594846 8.4611134082078951 3.4948252178728572 9.7805873639881593 348.19634423777461 6.2066649366170168 55.688514780253172 42.891571179032326 39.291061826981604
leaf_count=14 35 39 18 50 1755 31 280 213 211
internal_value=1.4226e-05 0.0100681 0.00488419 0.0182433 -0.000470183 -0.0154259 -3.92742e-05 0.00507524 -0.00134045
internal_weight=524.166 24.0942 21.7365 13.2754 500.072 14.0048 486.067 98.5801 387.487
internal_count=2646 121 107 68 2525 66 2459 493 1966
is_linear=0
shrinkage=0.04


Tree=215
num_leaves=9
num_cat=0
split_feature=38 30 23 20 30 49 15 42
split_gain=1.62905 2.2036 7.16762 3.22693 2.92884 4.68682 2.49724 1.45048
threshold=2.8953454956138094 1.8250362685947989 1.2798852255506017 0.0025853778560969505 1.5830302419292248 0.38165695356292412 0.0009174700984817001 0.00015606257581554295
decision_type=2 2 2 2 2 2 2 2
left_child=1 4 -3 -4 6 -6 -1 -2
right_child=7 2 3 -5 5 -7 -8 -9
leaf_value=0.00097079160821117309 -0.0358631299412027 0.048280295838636127 0.025904431118488943 -0.020894817763466661 -0.0039612526944506907 -0.045056388450250749 -0.017596175111609463 -0.0014104759331723523
leaf_weight=462.47200357820839 3.7913715690374366 6.3040009662508991 3.5124336183071119 7.1687347292900085 18.879674654453996 5.805833898484706 11.888346031308172 4.0370394960045815
leaf_count=2321 18 35 20 37 101 29 63 22
internal_value=1.39161e-05 0.000288654 0.0144572 -0.00550519 -0.000193574 -0.0136265 0.000505469 -0.0180962
internal_weight=523.859 516.031 16.9852 10.6812 499.046 24.6855 474.36 7.82841
internal_count=2646 2606 92 57 2514 130 2384 40
is_linear=0
shrinkage=0.04


Tree=216
num_leaves=9
num_cat=0
split_feature=38 38 49 31 8 49 50 61
split_gain=1.61903 1.99995 8.08419 4.80153 4.42304 3.23005 7.96931 5.36549
threshold=-0.10545734923277049 -0.0026734436261564372 0.18548908443060239 0.59205345456851877 7.4366449695873407e-05 0.2360940027095027 0.01782977360098064 0.50258099707148463
decision_type=2 2 2 2 2 2 2 2
left_child=-1 2 3 -2 -4 7 -7 -3
right_child=1 5 4 -5 -6 6 -8 -9
leaf_value=-0.023245158877831296 0.047384087452679434 -0.0063648102379268851 -0.021596685721071169 0.004516156540460255 0.015494207175618214 0.046390755796153219 0.0014551341647464988 0.012068970184415587
leaf_weight=4.7451167106628409 9.9932028055191058 195.43533770181239 13.323455579578878 7.1872951462864867 8.379192650318144 6.4790058135986319 249.14787956792861 29.014607818797231
leaf_count=22 48 937 68 32 40 31 1305 163
internal_value=1.36344e-05 0.000226301 0.00895154 0.0294507 -0.00727623 -0.000480387 0.00259405 -0.00398188
internal_weight=523.705 518.96 38.8831 17.1805 21.7026 480.077 255.627 224.45
internal_count=2646 2624 188 80 108 2436 1336 1100
is_linear=0
shrinkage=0.04


Tree=217
num_leaves=15
num_cat=0
split_feature=61 44 1 42 48 22 54 61 3 3 54 23 31 56
split_gain=1.60454 4.3255 5.44913 5.60996 4.22176 10.507 10.474 2.83221 5.46747 4.8789 7.23462 7.05987 3.98421 0.543598
threshold=0.49623166192440987 0.013969170669377256 13.520994372447605 0.0001853620296968993 -0.31996468206357037 -0.54074233267750549 0.10480686850475027 0.50413027870558869 0.00048226869299310002 0.00072328500198545005 0.082300920090640162 0.15364065449922701 1.1578151709243067 0.062553288851734043
decision_type=2 2 2 2 2 2 2 2 2 2 2 2 2 2
left_child=1 4 13 -4 5 -1 -6 8 -2 11 -11 -9 -10 -3
right_child=7 2 3 -5 6 -7 -8 9 12 10 -12 -13 -14 -15
leaf_value=-0.071727288879038065 -0.046541490823200089 0.052011974273126808 0.042044154906351529 -0.027386861884369257 0.00029979048286752545 0.011751129164760019 0.049409081577076783 -0.019856575468601773 -0.00081775267374067885 0.017124680694530183 -0.0062784219948539893 0.039046682971228264 -0.014832094651279455 0.028553526144337021
leaf_weight=4.2293935511261225 4.7216163277626029 6.0552406813949364 3.0234975777566424 4.8467779010534286 124.38648197799921 5.6153468452393991 7.359897691756486 4.4162905588746098 201.36304765194654 29.468173380941153 74.73027812782675 12.387916048988698 38.694778315722942 2.1387713924050331
leaf_count=26 22 45 18 33 608 34 44 23 896 155 449 81 179 33
internal_value=1.35162e-05 0.00338686 0.0230572 -0.000713779 0.00115515 -0.024112 0.00304324 -0.00144042 -0.00391512 0.0035657 0.000340167 0.0235664 -0.00307672 0.0458889
internal_weight=523.438 157.655 16.0643 7.87028 141.591 9.84474 131.746 365.782 244.779 121.003 104.198 16.8042 240.058 8.19401
internal_count=2646 841 129 51 712 60 652 1805 1097 708 604 104 1075 78
is_linear=0
shrinkage=0.04


Tree=218
num_leaves=8
num_cat=0
split_feature=42 42 21 6 1 39 56
split_gain=1.56563 4.12392 2.84632 2.71181 4.3634 3.09792 1.90771
threshold=0.0002928299776820533 0.00026482566483865283 0.00020663599629760002 0.00031238027299140006 36.095563871902421 1.0283765151896727 0.017619456669010387
decision_type=2 2 2 2 2 2 2
left_child=1 3 -3 4 -1 -5 -2
right_child=6 2 -4 5 -6 -7 -8
leaf_value=4.3503475108953522e-06 0.0005783217607166299 0.053251684246418261 0.0076500515291154413 -0.02362278343713645 0.03178289243976682 0.0056253800689226629 -0.040476874005027356
leaf_weight=474.3732498716563 3.9177037347108117 3.8339343201369029 5.1074404306709766 15.99036727845669 7.0153970010578623 9.0868837833404523 3.3674894701689482
leaf_count=2362 27 34 36 73 42 49 23
internal_value=1.4558e-05 0.00027483 0.0272034 -0.000200579 0.000467467 -0.0130245 -0.0183989
internal_weight=522.692 515.407 8.94137 506.466 481.389 25.0773 7.28519
internal_count=2646 2596 70 2526 2404 122 50
is_linear=0
shrinkage=0.04


Tree=219
num_leaves=14
num_cat=0
split_feature=7 24 23 8 30 23 27 8 23 8 20 61 42
split_gain=1.61471 4.73966 6.89531 5.05518 4.68459 4.2707 7.54034 6.63237 7.54782 6.22491 5.19173 5.15221 1.30832
threshold=2.2099640144405843e-05 0.24166666666626388 -0.48315974023100833 2.1447982966803063e-05 0.018668736981147963 5.5526592442215206 1.1063146556422805 -4.8433889392250868e-05 1.6330550450750085 -0.00058154838651304985 0.0025837905985364004 0.49267244698675788 0.00014669798626574854
decision_type=2 2 2 2 2 2 2 2 2 2 2 2 2
left_child=5 2 3 -2 -4 7 9 8 -1 -7 -8 -9 -3
right_child=1 12 4 -5 -6 6 10 11 -10 -11 -12 -13 -14
leaf_value=0.0046285299936247573 -0.015813535044846731 -0.051144470712985363 0.015067031328105331 0.035198977927200933 -0.0011921316982577031 -0.0058152735675578065 0.032771738008705781 0.025347986870986178 -0.012283245263826275 0.023874402105524495 -0.043360944006203453 -0.027146102914730401 -0.014978712934645724
leaf_weight=111.06009714398533 3.8334581553936031 2.9542753323912612 33.223667396232486 16.427701219916344 193.38924975320697 17.419183652848005 1.8195247165858726 3.3430729657411602 68.125101696699858 32.159498058259487 6.7488715052604675 28.448035344481468 3.492420494556427
leaf_count=546 18 19 161 84 985 114 12 18 327 178 38 125 21
internal_value=1.42888e-05 0.00230635 0.00319051 0.0255473 0.00119162 -0.00214319 0.00745494 -0.00478853 -0.00180122 0.0134431 -0.0271939 -0.021626 -0.0315521
internal_weight=522.444 253.321 246.874 20.2612 226.613 269.123 58.1471 210.976 179.185 49.5787 8.5684 31.7911 6.4467
internal_count=2646 1288 1248 102 1146 1358 342 1016 873 292 50 143 40
is_linear=0
shrinkage=0.04


Tree=220
num_leaves=8
num_cat=0
split_feature=50 59 10 51 51 57 61
split_gain=1.60449 3.85295 3.19623 2.61264 3.24669 3.55319 0.00494721
threshold=0.16425800104301971 0.60865592749480102 -5.42874137838915e-05 -0.12722308681116851 -0.12198532448704268 0.39613485836172529 0.50243064268876092
decision_type=2 2 2 2 2 2 2
left_child=3 6 -3 -1 -5 -6 -2
right_child=1 2 -4 4 5 -7 -8
leaf_value=-0.027385930344536118 0.044570257628281748 -0.034774904369173958 0.021680787154972129 0.033297783363460967 0.00054818050438829144 -0.013520755700701858 0.04738130961651555
leaf_weight=5.6368012279272071 1.8276269864290933 2.9088824894279242 3.578209524974227 4.6415745280683032 470.41420990973711 30.589827938005328 2.2166310967877507
leaf_count=30 28 17 33 31 2293 192 22
internal_value=1.41169e-05 0.0154688 -0.00363456 -0.000304217 -2.31694e-06 -0.000310827 0.046111
internal_weight=521.814 10.5314 6.48709 511.282 505.646 501.004 4.04426
internal_count=2646 100 50 2546 2516 2485 50
is_linear=0
shrinkage=0.04


Tree=221
num_leaves=11
num_cat=0
split_feature=22 41 54 22 59 9 9 21 44 59
split_gain=1.52897 6.20772 4.7175 4.46345 6.91187 3.49039 3.41559 7.86706 2.9672 1.23508
threshold=2.5110155039532112 4.200609286394061e-06 0.042404801133810642 1.9577900687019365 0.090848039650851142 0.00018044533039503292 0.00026851348986241274 7.5462660156750232e-05 0.013969472451232669 0.16167555341736814
decision_type=2 2 2 2 2 2 2 2 2 2
left_child=3 -2 -3 6 -5 -4 8 -8 -1 -6
right_child=1 2 5 4 9 -7 7 -9 -10 -11
leaf_value=-0.00059770600868170871 0.039001438606996335 0.014414180797677256 -0.0019149190394818294 -0.019410843386007851 0.062216847933875698 -0.046125449201929188 0.0061797990647014809 -0.048456776430888492 0.0095200101942496292 0.030153909460129635
leaf_weight=419.57235787808895 3.4102839231491116 4.7286030016839531 4.1789400428533545 3.7466258332133275 4.0052477866411209 9.0337124280631524 9.6661108694970626 7.4793287478387347 52.140099316835403 3.696149617433548
leaf_count=2083 17 25 19 20 20 46 84 40 272 20
internal_value=1.40024e-05 -0.0104686 -0.0198719 0.00046137 0.0251504 -0.0321424 -0.000116795 -0.0176542 0.000520642 0.0468288
internal_weight=521.657 21.3515 17.9413 500.306 11.448 13.2127 488.858 17.1454 471.712 7.7014
internal_count=2646 107 90 2539 60 65 2479 124 2355 40
is_linear=0
shrinkage=0.04


Tree=222
num_leaves=11
num_cat=0
split_feature=61 27 41 27 50 12 50 61 3 19
split_gain=1.53798 3.09851 2.89789 3.71664 2.40351 3.20953 2.74699 4.12819 3.51272 0.387503
threshold=0.49080325214249448 3.5528343459211857 -4.3729985750573515e-05 1.1728569536355653 0.16425800104301971 -5.7149417687344718e-05 0.1482149493936965 0.52322311035699232 0.00076348414494550008 -1.1275487248101961
decision_type=2 2 2 2 2 2 2 2 2 2
left_child=1 2 -1 -4 6 -6 7 -2 -8 -7
right_child=4 -3 3 -5 5 9 8 -9 -10 -11
leaf_value=-0.024138954349877166 -0.00080214193368542122 -0.029289483544960419 0.042765330344846517 0.0080934663155411528 -0.0092260887829685705 0.023998694846737861 0.013392346133547881 0.025250857969021455 -0.022664933571621484 0.047623216265950806
leaf_weight=3.1060239169746664 445.88023582100868 3.1538485363125792 6.5796043369919088 19.932284623384476 3.5147396102547646 1.6116596236824987 5.6624031886458424 9.9482649862766248 18.274300334975123 3.5751981604844314
leaf_count=31 2109 16 64 120 23 15 33 96 99 40
internal_value=1.353e-05 0.00840203 0.0124156 0.0166982 -0.000549264 0.0202851 -0.000927141 -0.000233546 -0.0141353 0.0402826
internal_weight=521.239 32.7718 29.6179 26.5119 488.467 8.7016 479.765 455.829 23.9367 5.18686
internal_count=2646 231 215 184 2415 78 2337 2205 132 55
is_linear=0
shrinkage=0.04


Tree=223
num_leaves=15
num_cat=0
split_feature=7 3 42 42 48 56 43 19 6 23 41 45 22 9
split_gain=1.53714 4.54464 8.53374 8.98987 5.99099 5.9819 7.69159 4.76467 4.24828 5.32771 8.21904 7.65382 3.97874 4.80623
threshold=2.2099640144405843e-05 0.00087827218760420012 0.00018215929748547998 0.0001265100887962154 -0.23136548807839638 0.0094614661855926506 0.17869954983507108 0.400338120190951 -0.00010806965002845 4.2862311234922847 -8.955963779773885e-07 0.48956810735532158 2.6489407964307037 0.0001950804593138511
decision_type=2 2 2 2 2 2 2 2 2 2 2 2 2 2
left_child=8 2 3 -2 -4 7 -7 -3 12 11 -11 -10 13 -1
right_child=1 5 4 -5 -6 6 -8 -9 9 10 -12 -13 -14 -15
leaf_value=0.018375858785049583 -0.0048977587808672202 0.029803601356462379 0.038671552091416074 0.022671520586847446 -0.028327288840423584 -0.039681406736149914 -0.0046435346840642622 0.0012157733119405282 -0.031442923000976557 0.016020849057615513 -0.027778901122188206 -0.0055230093069348445 -0.033789952752901885 3.5292301054748093e-05
leaf_weight=29.509524799883366 27.99673742800951 10.670283094048498 2.5299443192780044 58.399878904223442 13.693793691694735 12.380285618826745 52.680137002840638 74.154559582471848 24.582612419500947 28.671533837914467 9.0086506232619268 70.509592652320862 4.5727612823247901 101.47230966296047
leaf_count=145 137 52 18 289 63 70 291 368 110 168 44 326 22 543
internal_value=1.37254e-05 0.00225381 0.00873922 0.0137377 -0.0178794 -0.00218648 -0.0113109 0.00481189 -0.00209428 -0.00717982 0.00554912 -0.0122237 0.00288689 0.00416733
internal_weight=520.833 252.506 102.62 86.3966 16.2237 149.885 65.0604 84.8248 268.327 132.772 37.6802 95.0922 135.555 130.982
internal_count=2646 1288 507 426 81 781 361 420 1358 648 212 436 710 688
is_linear=0
shrinkage=0.04


Tree=224
num_leaves=9
num_cat=0
split_feature=41 0 61 3 43 3 39 41
split_gain=1.54695 6.33093 3.0747 2.40693 3.5668 2.09854 3.99703 3.10259
threshold=6.205747688999473e-05 82.179895226489563 0.50147029570047208 0.0026895228432562003 0.66603041055175649 0.0022800520892791508 0.64806265194792534 4.7027362819947652e-05
decision_type=2 2 2 2 2 2 2 2
left_child=3 2 -2 5 -5 7 -7 -1
right_child=1 -3 -4 4 -6 6 -8 -9
leaf_value=0.00036022569636510424 0.0060635813862328193 -0.030523830042925224 0.056596853810503917 -0.048252168767833246 0.012154098420669834 -0.016883636900333669 0.03743921229444102 -0.01440450153730392
leaf_weight=468.86733997985721 3.4183552041649801 3.4449094906449318 4.4142484683543444 3.9623525831848374 2.5838891863822937 3.3209435492753965 6.2378094401210546 23.933996783569455
leaf_count=2324 18 20 32 25 31 23 49 124
internal_value=1.39005e-05 0.0146671 0.0345428 -0.000310818 -0.024409 3.20455e-06 0.0185661 -0.000356856
internal_weight=520.184 11.2775 7.8326 508.906 6.54624 502.36 9.55875 492.801
internal_count=2646 70 50 2576 56 2520 72 2448
is_linear=0
shrinkage=0.04


Tree=225
num_leaves=13
num_cat=0
split_feature=22 47 45 51 1 14 2 25 8 22 51 55
split_gain=1.52582 6.16026 5.80714 7.27752 5.49975 5.67612 5.4743 12.9699 5.87385 4.72586 4.51805 3.9709
threshold=0.79751037448848372 -0.40102138813087113 0.6314142479417626 -0.0094286776111872344 19.2465656068016 0.00020279045911225004 0.67411816554826498 0.75000000000000011 0.00040673752428760005 1.5234361505045222 -0.029501046003550063 -0.25892892965302605
decision_type=2 2 2 2 2 2 2 2 2 2 2 2
left_child=4 -2 3 -3 6 10 8 -8 -1 -4 -6 -7
right_child=1 2 9 -5 5 11 7 -9 -10 -11 -12 -13
leaf_value=-0.0033723576117923077 -0.035035387705201482 0.0020515371851520144 0.015033271345146997 0.031076132096374765 -0.0039622950095101828 0.035955926995600254 0.016214953117998674 -0.017877435759980104 0.038292129152464674 -0.012970015631938642 -0.049131075703449108 -0.0098531004097353464
leaf_weight=268.25476193707436 6.0139969363808623 30.394504062831402 14.101316422224043 25.350028719753027 5.3552937284111968 3.5822147205472019 77.610679320991039 23.188868779689074 5.5254188850522032 30.493617840111256 10.471175648272036 19.557539076544344
leaf_count=1359 32 155 71 126 34 20 385 126 28 153 51 106
internal_value=1.37814e-05 0.00428684 0.00664367 0.0152506 -0.00108514 -0.0153872 0.000402651 0.00837202 -0.00253149 -0.00411513 -0.0338471 -0.0027615
internal_weight=519.899 106.353 100.339 55.7445 413.546 38.9662 374.58 100.8 273.78 44.5949 15.8265 23.1398
internal_count=2646 537 505 281 2109 211 1898 511 1387 224 85 126
is_linear=0
shrinkage=0.04


Tree=226
num_leaves=10
num_cat=0
split_feature=3 9 15 6 44 42 44 61 56
split_gain=1.53288 3.794 1.95336 4.1987 6.2337 3.76811 5.82641 5.16439 3.71851
threshold=0.00043774466399680009 0.00017630645762918169 9.9280933926072624e-05 -0.00010589918190069998 0.013968500025156138 0.00021223120329372651 0.01396845840060265 0.50413027870558869 -0.01882545452588608
decision_type=2 2 2 2 2 2 2 2 2
left_child=1 -1 3 8 -5 6 -4 -7 -2
right_child=2 -3 5 4 -6 7 -8 -9 -10
leaf_value=-0.0088346052955853936 0.03992649542891271 0.050176413500570213 -0.0071614951080891647 0.00439834444625971 -0.012562803865640322 -0.022652501694248661 0.0088836036814681479 0.0085864044458548103 0.0016064778077726238
leaf_weight=3.7502768859267226 4.1841824967414132 3.2572759017348289 48.693984910845757 52.155315358191729 103.41516833379865 20.190501186996698 141.24727827869356 14.583118906244634 127.96266785729676
leaf_count=20 25 24 244 247 492 106 723 98 667
internal_value=1.35954e-05 0.0185951 -0.000240508 -0.00242307 -0.00687655 0.00255397 0.00477023 -0.00955175 0.00281981
internal_weight=519.44 7.00755 512.432 287.717 155.57 224.715 189.941 34.7736 132.147
internal_count=2646 44 2602 1431 739 1171 967 204 692
is_linear=0
shrinkage=0.04


Tree=227
num_leaves=9
num_cat=0
split_feature=41 0 61 3 43 1 41 45
split_gain=1.5179 5.91608 2.92587 2.13633 3.27894 2.02924 4.13869 3.46296
threshold=6.205747688999473e-05 82.179895226489563 0.50147029570047208 0.0026895228432562003 0.66603041055175649 -32.077856232266633 -5.0059483048237033e-05 0.47149221115787238
decision_type=2 2 2 2 2 2 2 2
left_child=3 2 -2 5 -5 7 -7 -1
right_child=1 -3 -4 4 -6 6 -8 -9
leaf_value=-0.016640678151439211 0.0063000685520990165 -0.029197059112320498 0.055944466665840777 -0.045962544304504895 0.012070729949655195 -0.024891022336536818 0.00014353993581257807 0.030287884967441104
leaf_weight=3.5905132498592129 3.3975998312234861 3.414373017847538 4.3078483138233423 3.9464580845087758 2.5736189242452383 10.804333746433256 478.59479413740337 8.4061035308986884
leaf_count=21 18 20 32 25 31 49 2392 58
internal_value=1.35116e-05 0.0146329 0.0340545 -0.000306552 -0.0230555 -1.07279e-05 -0.000409141 0.0162425
internal_weight=519.036 11.1198 7.70545 507.916 6.52008 501.396 489.399 11.9966
internal_count=2646 70 50 2576 56 2520 2441 79
is_linear=0
shrinkage=0.04


Tree=228
num_leaves=8
num_cat=0
split_feature=38 27 1 8 21 42 42
split_gain=1.52843 2.1672 4.49233 2.53136 6.44854 5.41995 1.35354
threshold=2.8953454956138094 -3.5720683969226643 -20.491468886022627 -0.00068023713332429983 -0.00052029579388589988 0.00014157769119640346 0.00015606257581554295
decision_type=2 2 2 2 2 2 2
left_child=1 2 -1 5 -5 -3 -2
right_child=6 3 -4 4 -6 -7 -8
leaf_value=0.054289617949196768 -0.034780910447004126 0.013452275172368494 -0.0049430884510298393 0.024230932940890914 -0.0001138745735497907 -0.017188354414081789 -0.0012887852468217388
leaf_weight=3.588708033785224 3.7732178568840018 12.656079389154909 4.7738776952028257 18.129814038053155 437.74451011233032 34.188575117848814 3.9536237046122551
leaf_count=21 18 66 24 97 2185 213 22
internal_value=1.34204e-05 0.000280374 0.020476 -5.55737e-05 0.000854302 -0.00891014 -0.0176439
internal_weight=518.808 511.082 8.36259 502.719 455.874 46.8447 7.72684
internal_count=2646 2606 45 2561 2282 279 40
is_linear=0
shrinkage=0.04


Tree=229
num_leaves=11
num_cat=0
split_feature=23 20 22 41 23 27 8 31 9 1
split_gain=1.51725 7.88887 8.16726 8.17539 2.90726 7.40804 8.71984 2.73951 5.71414 4.52707
threshold=-0.7236471282160627 0.0025851144886414007 -0.042902492073527247 -6.7550360200267302e-06 -0.50446959540617942 -1.3287488930014792 0.00078172914896365011 -1.2865251973261567 0.00020637830366187053 -23.08209412880387
decision_type=2 2 2 2 2 2 2 2 2 2
left_child=1 2 3 -1 5 -2 -7 8 -6 -9
right_child=4 -3 -4 -5 7 6 -8 9 -10 -11
leaf_value=-0.020175027859840346 -0.032408612957167363 -0.056009545550871634 -0.038320726470683575 0.050716414598979825 -0.0033382213944452965 0.041779552611224346 -0.024851583749858339 -0.016181603571471456 0.019197449526004544 -0.00026436781761064629
leaf_weight=4.3202249258756673 4.2888838201761272 4.7249425053596488 5.225033402442933 6.5474054478108883 39.407441448420286 13.46547704190016 4.0991176366806021 30.966047044843435 33.143020399846137 372.46213863883168
leaf_count=19 19 23 24 33 193 69 22 177 193 1874
internal_value=1.3323e-05 -0.0105665 0.002776 0.0225348 0.000455733 0.0147215 0.0262296 -0.000199245 0.00695668 -0.00148613
internal_weight=518.65 20.8176 16.0927 10.8676 497.832 21.8535 17.5646 475.979 72.5505 403.428
internal_count=2646 99 76 52 2547 110 91 2437 386 2051
is_linear=0
shrinkage=0.04


Tree=230
num_leaves=13
num_cat=0
split_feature=43 42 61 21 1 42 30 42 22 22 22 43
split_gain=1.477 4.76302 6.10103 6.76879 4.97945 10.1871 5.56953 4.38007 4.3253 4.68186 4.48237 2.85161
threshold=0.51412150575580329 0.00012725866089589082 0.49407037553151995 7.5462660156750232e-05 13.106935868316215 0.0001434108035228105 -1.9006358705111903 0.00011620921870568987 0.42115052020432447 0.099447729622880163 1.5027456534585755 0.86768590458959605
decision_type=2 2 2 2 2 2 2 2 2 2 2 2
left_child=1 2 -1 -4 6 -6 -3 11 9 -9 -10 -2
right_child=7 4 3 -5 5 -7 -8 8 10 -11 -12 -13
leaf_value=0.029167907254764178 0.043575518448481648 -0.037558912220449818 -0.031928075798905983 -0.0010438942221887048 0.046409478658372194 -0.016546604792443648 0.0035446182733017638 0.00091702665434366772 0.021672117561783232 -0.021060854816434639 -0.0010306772798901161 -0.00025005000232028397
leaf_weight=5.0002427548170081 6.8047237843275052 5.3857552818953982 24.099493354558945 21.469367861747742 4.5117141902446738 46.461806785315275 255.29986920207739 69.951384389773011 27.617093849927187 19.926032058894634 28.044407229870558 3.6495347991585732
leaf_count=28 39 31 111 100 24 235 1275 396 139 100 146 22
internal_value=1.3419e-05 -0.00138796 -0.0127749 -0.0173773 0.000459664 -0.0109743 0.00269542 0.00326752 0.00147111 -0.00395552 0.0102336 0.0282762
internal_weight=518.221 362.228 50.5691 45.5689 311.659 50.9735 260.686 155.993 145.539 89.8774 55.6615 10.4543
internal_count=2646 1804 239 211 1565 259 1306 842 781 496 285 61
is_linear=0
shrinkage=0.04


Tree=231
num_leaves=12
num_cat=0
split_feature=32 20 15 29 15 45 23 15 42 3 6
split_gain=1.48751 3.35295 3.631 3.05464 1.93474 5.24137 6.85667 4.89684 3.79693 3.61198 3.4211
threshold=-1.323885434921555 0.0025840141434326507 -0.0007942062565534999 0.96910993595968142 0.00015331944739355004 0.4278645305031506 1.3351280273163335 0.00016877276859435003 0.00025649683168408271 0.0021088987911040504 -0.00010806965002845
decision_type=2 2 2 2 2 2 2 2 2 2 2
left_child=1 -1 -3 -4 8 6 -6 -7 10 -10 -2
right_child=4 2 3 -5 5 7 -8 -9 9 -11 -12
leaf_value=0.056159417528317393 0.0021207180023014049 0.036221943695251134 0.0076644375741975026 -0.029273613948694179 -0.0029310831698322283 0.037881148003638149 0.034492910655470929 -0.0014346423042738649 0.045848787746473774 -0.0062839783926483851 -0.0068647825339352934
leaf_weight=2.2586807236075428 111.7957708965987 4.6439342554658678 11.598870605230333 5.182580452412366 14.334896177053453 5.2299498226493588 17.270028207451105 164.46151047199965 4.9650905728340131 3.7192233111709356 172.25553976651281
leaf_count=14 580 29 53 25 67 30 101 860 37 32 818
internal_value=1.34372e-05 0.00980594 0.00491932 -0.00374306 -0.000456019 0.00256264 0.0175187 -0.000222916 -0.00253176 0.0235219 -0.00332831
internal_weight=517.716 23.6841 21.4254 16.7815 494.032 201.296 31.6049 169.691 292.736 8.68431 284.051
internal_count=2646 121 107 78 2525 1058 168 890 1467 69 1398
is_linear=0
shrinkage=0.04


Tree=232
num_leaves=12
num_cat=0
split_feature=52 22 24 50 22 58 56 22 22 29 14
split_gain=1.46653 2.87415 5.15287 2.61924 5.09581 5.61059 3.12564 3.6104 3.37955 2.26625 2.17876
threshold=-0.5783722513438837 0.19648789727845647 0.024999999999958254 0.1482149493936965 0.3154158202729479 -0.32402572856025252 0.07371203037311333 0.70838087351077761 0.75288437086676485 2.7873916996309771 -0.00020632301066344998
decision_type=2 2 2 2 2 2 2 2 2 2 2
left_child=1 2 -1 6 5 -5 8 -8 -2 -6 -4
right_child=3 -3 10 4 9 -7 7 -9 -10 -11 -12
leaf_value=-0.045694574571363653 -0.0019712942685671019 0.04968878848743561 -0.0063233920333773041 0.030135418732375973 -0.041395779673264022 -0.040921204451153291 0.031701372199867357 -0.016511983763840724 0.0064582820386501795 -0.0060736219472905494 0.037003255596168863
leaf_weight=2.5544084757566434 373.75938832387328 2.7373231481760731 3.0792375076562157 6.2197504434734583 8.7445019558072072 2.4896187260746974 9.8303587250411493 3.3258448764681807 95.551042459905148 4.3529852479696265 4.67860012035817
leaf_count=15 1835 24 30 49 43 15 62 20 479 22 52
internal_value=1.37284e-05 0.0132528 0.00358114 -0.000328873 -0.0138886 0.00982351 0.00028401 0.0195132 -0.000255043 -0.0296564 0.0198061
internal_weight=517.323 13.0496 10.3122 504.273 21.8069 8.70937 482.467 13.1562 469.31 13.0975 7.75784
internal_count=2646 121 97 2525 129 64 2396 82 2314 65 82
is_linear=0
shrinkage=0.04


Tree=233
num_leaves=11
num_cat=0
split_feature=49 1 1 1 55 0 3 54 54 20
split_gain=1.49964 5.95242 4.98989 6.09968 3.19665 7.10132 4.3259 3.30095 3.96639 3.03391
threshold=-0.18804870523831571 29.627818867775208 19.2465656068016 6.9490418876739577 -0.19786077571815244 58.788503441739437 0.00083258887294565011 -0.047365438458049691 -0.021045685235657832 0.0025850387042917005
decision_type=2 2 2 2 2 2 2 2 2 2
left_child=1 2 3 -1 5 6 -2 -6 -9 -4
right_child=4 -3 9 -5 7 -7 -8 8 -10 -11
leaf_value=-0.01639481551025998 -0.0031634073629435186 0.030828100817891856 -0.0083695005621245173 0.019050287580707377 -0.031584353834063224 -0.028134479058789078 0.039317762910553201 0.01989630719675908 -0.0003954498089090589 -0.054161255491669079
leaf_weight=23.056684054434299 5.4748747348785463 6.0143154114484778 3.7364602833986265 11.715036332607268 5.2423833403736344 4.7861673571169367 12.807240879163144 15.996788240969179 422.03909548278898 6.0851267501711845
leaf_count=108 27 36 20 72 27 24 65 78 2161 28
internal_value=1.37443e-05 -0.00652621 -0.0115642 -0.00445291 0.000723455 0.0152407 0.0265961 -3.2024e-05 0.000345592 -0.0367405
internal_weight=516.954 50.6076 44.5933 34.7717 466.347 23.0683 18.2821 443.278 438.036 9.82159
internal_count=2646 264 228 180 2382 116 92 2266 2239 48
is_linear=0
shrinkage=0.04


Tree=234
num_leaves=10
num_cat=0
split_feature=61 23 3 39 3 7 39 22 24
split_gain=1.47447 3.11182 1.86592 4.61502 2.43961 2.6187 2.1305 0.0206798 0.000479776
threshold=0.52490193735124813 4.9763668871797853 0.0026895228432562003 1.1344978071771448 0.0023442896805550505 -0.00075149619531834986 0.74187795070782592 -1.7208618144946748 0.074999999999874958
decision_type=2 2 2 2 2 2 2 2 2
left_child=2 -2 4 -4 5 -1 -6 8 -3
right_child=1 7 3 -5 6 -7 -8 -9 -10
leaf_value=-0.028864221648086868 -0.0025154913852741536 0.041799916433344499 -0.043905296738008401 0.01661543689806794 -0.0011157079924097846 -9.6085550910693911e-06 0.042284680605937978 0.049094852220859748 0.042893151856787541
leaf_weight=5.0850141551345578 5.8807418718934041 1.0887805037200458 4.909792445600031 3.42039998434484 3.2641726061701766 486.33583926875144 4.0615277979522943 1.0417860895395277 1.5662459535524247
leaf_count=30 38 29 23 32 19 2404 31 9 31
internal_value=1.34745e-05 0.015562 -0.000280202 -0.0190553 3.33849e-05 -0.000308184 0.0229464 0.0443189 0.0424448
internal_weight=516.654 9.57755 507.077 8.33019 498.747 491.421 7.3257 3.69681 2.65503
internal_count=2646 107 2539 55 2484 2434 50 69 60
is_linear=0
shrinkage=0.04


Tree=235
num_leaves=8
num_cat=0
split_feature=42 57 46 42 9 42 42
split_gain=1.44558 2.82768 3.52601 2.15532 2.15977 7.80906 3.97892
threshold=0.00010814510228516625 0.22071231340548747 -0.127323118638799 0.00011150289837601363 0.0001879562314928331 0.0001359185371395323 0.00013387944709535149
decision_type=2 2 2 2 2 2 2
left_child=1 -1 -3 -2 5 -5 -6
right_child=3 2 -4 4 6 -7 -8
leaf_value=-0.013571175380874299 -0.023748783713295998 0.0042687112535250956 0.051110070171266918 0.023052792118742088 -0.0094353914476720483 -0.003871042070105381 0.00066085433347386896
leaf_weight=4.7435535341501227 6.2241481840610495 6.2372116819024077 4.3746796026825896 27.648849621415138 76.250208212062716 45.768540296703577 345.19945292361081
leaf_count=25 33 33 22 139 381 224 1789
internal_value=1.33813e-05 0.0121025 0.0235787 -0.000357078 -6.2871e-05 0.00626842 -0.0011658
internal_weight=516.447 15.3554 10.6119 501.091 494.867 73.4174 421.45
internal_count=2646 80 55 2566 2533 363 2170
is_linear=0
shrinkage=0.04


Tree=236
num_leaves=9
num_cat=0
split_feature=13 13 22 9 22 30 30 30
split_gain=1.45361 2.78713 2.53243 3.62609 3.1213 2.32907 4.80126 3.10927
threshold=0.00047192052584920009 0.00044308087558780007 2.0172364339487645 0.0002067788732003569 0.11717657224509447 1.8250362685947989 2.0495244524725518 1.5830302419292248
decision_type=2 2 2 2 2 2 2 2
left_child=1 5 3 -2 -5 7 -7 -1
right_child=2 -3 -4 4 -6 6 -8 -9
leaf_value=0.00047566364964728429 0.015620757558157618 0.033796979950834076 0.016630947039566985 -0.048402853523490032 -0.011138613081393607 0.03160924693464897 -0.020490074167996152 -0.014653692514463608
leaf_weight=451.04762931261212 4.5572120696306291 3.9870960265398017 4.8031459078192702 5.7262401208281508 9.6693913936614972 9.7341081984341127 3.9903372153639785 22.834185089915991
leaf_count=2307 21 20 24 29 46 55 23 121
internal_value=1.32026e-05 0.000489468 -0.00944426 -0.0157212 -0.0249986 0.000217116 0.0164615 -0.00025335
internal_weight=516.349 491.593 24.756 19.9528 15.3956 487.606 13.7244 473.882
internal_count=2646 2526 120 96 75 2506 78 2428
is_linear=0
shrinkage=0.04


Tree=237
num_leaves=15
num_cat=0
split_feature=61 14 59 55 22 52 56 55 55 54 38 49 53 38
split_gain=1.43595 5.10497 6.31573 6.26318 5.90772 10.8004 5.46447 4.84957 3.9728 8.23698 5.98785 4.55964 3.44528 1.86256
threshold=0.49764505321801289 0.00018237820215925003 0.14620586152738346 0.41509921341055711 -0.4034986818064315 -0.36548026330596917 -0.017188220660117003 -0.28698347873953894 -0.25892892965302605 -0.0025061658336337426 0.095666175482631316 0.073802602731564818 0.0046020842316283886 0.83939905968574291
decision_type=2 2 2 2 2 2 2 2 2 2 2 2 2 2
left_child=1 2 7 -4 5 -3 -6 -1 10 12 -2 -11 -10 -12
right_child=8 4 3 -5 6 -7 -8 -9 9 11 13 -13 -14 -15
leaf_value=0.018101100130067816 0.0077632581857759392 -0.055883886730582588 0.027247830688975225 -0.0057652470356502842 -0.013956236482394895 0.037076821724031275 0.013912892661891402 -0.0089144396664597308 0.046062802289120228 -0.024699194421542336 -0.058434885766361341 -0.0011691916061307163 0.0095810035250179088 -0.023921722919667193
leaf_weight=11.818608287721871 7.0148731321096447 2.2144832573831108 20.848979722708464 16.449237763881683 18.154644623398781 20.615740276873112 29.628243807703257 105.84795696474612 7.7605285048484829 13.932170301675795 4.7919834405183774 242.99783971067518 8.8824250400066358 5.234994500875473
leaf_count=67 31 13 137 83 93 107 158 503 40 69 22 1255 43 25
internal_value=1.28351e-05 0.00240745 -0.0016545 0.0126884 0.0113216 0.0280598 0.00332429 -0.00620096 -0.00184588 -0.000678613 -0.0205841 -0.00244512 0.0265923 -0.0404159
internal_weight=516.193 225.578 154.965 37.2982 70.6131 22.8302 47.7829 117.667 290.615 273.573 17.0419 256.93 16.643 10.027
internal_count=2646 1161 790 220 371 120 251 570 1485 1407 78 1324 83 47
is_linear=0
shrinkage=0.04


Tree=238
num_leaves=15
num_cat=0
split_feature=61 38 3 22 50 57 55 37 37 18 39 0 39 48
split_gain=1.46953 6.89826 12.536 6.73168 5.27948 7.28655 3.41492 4.49059 5.64357 4.07304 6.75739 4.91149 1.06709 0.183709
threshold=0.51286378461648841 0.83939905968574291 0.00074655839428725012 -1.9897615688648438 0.13882519985877539 0.42219211342301094 0.41874600328307215 -0.55307633145795565 -0.35659643915706335 1.0000000180025095e-35 1.1525743270294686 24.89074402038403 0.25156467006548394 -0.38149755379641154
decision_type=2 2 2 2 2 2 2 2 2 2 2 2 2 2
left_child=6 2 12 -4 13 -6 9 -8 -9 10 -1 -11 -2 -3
right_child=1 4 3 -5 5 -7 7 8 -10 11 -12 -13 -14 -15
leaf_value=0.011558370729496184 0.053002180275175219 0.036946056415481258 0.033113806319809314 -0.026994665389550324 -0.017643745412163698 0.041591108555556658 -0.058512657642534383 0.02656456927571435 -0.012300963474633555 -0.028421775726991508 -0.0077396464837414646 -0.0012398697551125745 0.020765572858799045 0.050340854044059337
leaf_weight=101.18843365088105 4.5320125669240943 2.1615905165672302 3.4517478048801449 21.861881881952286 7.8248909413814527 5.77482118178159 2.8898526877164832 6.8562588207423678 46.658800929784775 11.105892695486544 40.712518284097314 251.31281388830394 2.5772528387606144 6.766421493142845
leaf_count=519 29 17 54 115 44 47 13 34 224 51 222 1204 22 51
internal_value=1.31914e-05 0.00619614 -0.0056173 -0.0187983 0.0231985 0.00750904 -0.000724248 -0.0099443 -0.00732158 0.000562002 0.00602162 -0.00239024 0.0413158 0.0470978
internal_weight=515.675 54.9506 32.4229 25.3136 22.5277 13.5997 460.725 56.4049 53.5151 404.32 141.901 262.419 7.10927 8.92801
internal_count=2646 379 220 169 159 91 2267 271 258 1996 741 1255 51 68
is_linear=0
shrinkage=0.04


Tree=239
num_leaves=15
num_cat=0
split_feature=43 42 8 58 10 8 40 32 39 42 55 10 43 39
split_gain=1.44241 4.48012 6.72548 7.78219 4.69928 5.81152 4.97902 4.37951 4.82403 4.88469 4.08438 3.30186 3.18432 1.38826
threshold=0.51412150575580329 0.00012725866089589082 8.3263201145915752e-05 -0.15623474413590124 -2.3554068570497637e-05 -8.2079131381677467e-05 -3.5023997663083337 0.68980710611163631 0.088716911030884388 0.00011466363086098853 0.41600410070158161 -1.0727799024565809e-05 0.64167588239632656 0.62459261507498376
decision_type=2 2 2 2 2 2 2 2 2 2 2 2 2 2
left_child=1 2 10 -4 5 -3 -6 8 -2 -10 -1 13 -13 -9
right_child=7 4 3 -5 6 -7 -8 11 9 -11 -12 12 -14 -15
leaf_value=-0.016369009471679484 -0.028540100542504693 0.0023302556805725582 -0.01374012650318204 0.039772572825145951 -0.037892572988926315 -0.014230242785917517 0.0058931396320868502 0.055233331220484433 0.032853512125799435 0.00056149868496196595 -0.052064536047905084 -0.017196592222771988 0.025616288741183886 0.023572784437799154
leaf_weight=25.474775426089767 8.4910270944237691 75.488697512075305 11.314985752105715 7.0620129108428946 4.260391727089881 61.549026444554329 168.39685796573758 4.2945284508168715 8.0015517696738225 118.37063916306943 6.4217233359813681 5.0770691707730276 6.142689049243927 4.5782371833920479
leaf_count=120 39 386 56 35 19 305 855 23 49 650 28 26 30 25
internal_value=1.4061e-05 -0.00137494 -0.0124506 0.00682402 0.000422995 -0.00510771 0.00481271 0.00324078 0.000645167 0.00260614 -0.0235556 0.0206628 0.00624297 0.0388969
internal_weight=514.924 359.968 50.2735 18.377 309.695 137.038 172.657 154.956 134.863 126.372 31.8965 20.0925 11.2198 8.87277
internal_count=2646 1804 239 91 1565 691 874 842 738 699 148 104 56 48
is_linear=0
shrinkage=0.04


Tree=240
num_leaves=9
num_cat=0
split_feature=13 13 22 9 22 9 61 59
split_gain=1.40315 2.59056 2.37801 3.27528 2.92803 2.20285 7.04061 5.35153
threshold=0.00047192052584920009 0.00044308087558780007 2.0172364339487645 0.0002067788732003569 0.11717657224509447 0.00020637830366187053 0.50686601238303919 -0.008329175479864049
decision_type=2 2 2 2 2 2 2 2
left_child=1 5 3 -2 -5 6 -1 -7
right_child=2 -3 -4 4 -6 7 -8 -9
leaf_value=-0.0055615440156618883 0.014451965745483672 0.032819060465795365 0.015978396396719347 -0.047053174301981436 -0.010840915027403189 -0.0077914970477848764 0.013959490917397408 0.0059514340713117779
leaf_weight=195.73639615997672 4.5376236066222253 3.932184934616088 4.7978316098451605 5.669988401234149 9.6580164507031423 58.936324447393417 34.820133823901415 196.45316199958324
leaf_count=928 21 20 24 29 46 297 208 1073
internal_value=1.40859e-05 0.000482776 -0.00929527 -0.0153992 -0.0242362 0.000221116 -0.00261335 0.00277997
internal_weight=514.542 489.878 24.6635 19.8656 15.328 485.946 230.557 255.389
internal_count=2646 2526 120 96 75 2506 1136 1370
is_linear=0
shrinkage=0.04


Tree=241
num_leaves=12
num_cat=0
split_feature=47 36 24 32 61 9 29 38 38 38 7
split_gain=1.46492 5.57156 5.12395 3.19532 2.81857 6.06659 5.9235 3.75541 7.96234 3.74702 1.47334
threshold=-0.40102138813087113 -0.46918791169165613 0.024999999999958254 -0.3936756192113437 0.51188885497356063 0.00019708799466116165 1.3841443838730665 1.0408065871683727 1.1037927992371628 0.99663920021259111 4.0015206341021915e-05
decision_type=2 2 2 2 2 2 2 2 2 2 2
left_child=1 -1 -3 -4 7 10 -7 9 -9 -2 -6
right_child=4 2 3 -5 5 6 -8 8 -10 -11 -12
leaf_value=0.034292427288311902 0.0012015740043453927 0.022788234862666262 -0.0055487783952435912 -0.046445518661541951 0.050262809148486833 -0.017853926643985225 0.016493404208657688 -0.039161650919381619 -0.0031944518578437089 0.027592656710549123 0.019691579150206313
leaf_weight=3.6485776035115149 302.77278967387974 3.4989322908222702 4.7911081966012743 8.44398564472794 5.8316733203828317 14.022563258185981 18.810116437263787 10.666187338531016 128.38044330012053 8.8596602194011194 4.4447482638061047
leaf_count=32 1446 23 31 46 44 90 142 50 664 45 33
internal_value=1.37371e-05 -0.0104951 -0.0202603 -0.0316409 0.00044752 0.0102188 0.00182395 -0.000487143 -0.00595348 0.00195187 0.0370402
internal_weight=514.171 20.3826 16.734 13.2351 493.788 43.1091 32.8327 450.679 139.047 311.632 10.2764
internal_count=2646 132 100 77 2514 309 232 2205 714 1491 77
is_linear=0
shrinkage=0.04


Tree=242
num_leaves=15
num_cat=0
split_feature=61 23 32 46 48 43 45 44 20 43 45 1 23 52
split_gain=1.447 4.08092 4.28527 3.93226 6.81367 2.58467 4.02815 7.03777 4.79404 3.42741 5.45672 5.43301 1.9608 0.458416
threshold=0.49623166192440987 8.958418039893461 -1.1301736241477034 -0.1651813550080132 -0.31996468206357037 0.48602087850348702 0.52200953049893684 0.013970008329834848 0.0025851269041698003 0.1258781061279762 0.2659296403617275 -6.7243835801491505 0.85699291475514994 -0.30143011539972675
decision_type=2 2 2 2 2 2 2 2 2 2 2 2 2 2
left_child=1 3 -3 12 -5 9 7 -7 -8 11 -11 -2 -1 -4
right_child=5 2 13 4 -6 6 8 -9 -10 10 -12 -13 -14 -15
leaf_value=0.054030159168439042 -0.014080421036284617 -0.023546981291199792 0.023632322061255279 -0.037001959594138267 0.0023356992605698297 -0.014044315627300493 0.018084513549240813 0.03585957660766749 -0.0013564302520343526 0.036794075150367943 -0.0077665570354967916 0.011791436726623748 0.0075838520788265506 0.04767833633146757
leaf_weight=3.3013721406459799 18.333968117833138 1.9885621424764393 1.6169654019176958 7.4432206237688652 131.69768291711807 33.191301979124546 41.05252979695797 5.2346358671784392 40.137380667030811 4.5121187195181838 172.2270537558943 44.529187448322773 2.5993072334676981 5.8863288536667806
leaf_count=18 87 11 20 50 654 161 223 31 219 22 841 221 33 55
internal_value=1.39611e-05 0.00325054 0.0286602 0.00158767 0.000231366 -0.0013784 0.00342375 -0.00724608 0.00847361 -0.00377575 -0.00662893 0.00424594 0.0335701 0.0424964
internal_weight=513.752 154.533 9.49186 145.042 139.141 359.218 119.616 38.4259 81.1899 239.602 176.739 62.8632 5.90068 7.50329
internal_count=2646 841 86 755 704 1805 634 192 442 1171 863 308 51 75
is_linear=0
shrinkage=0.04


Tree=243
num_leaves=11
num_cat=0
split_feature=32 44 51 3 2 50 1 7 45 24
split_gain=1.42002 3.17339 3.66242 6.43472 2.07212 4.84465 4.34301 2.43172 6.21827 3.07521
threshold=-1.323885434921555 0.013968433531698439 -0.0029451644286309299 0.00068603223117540016 -0.030780974085998895 0.015604519631921459 -23.08209412880387 -0.00038366327934479997 0.46521693759869842 0.27499999999954167
decision_type=2 2 2 2 2 2 2 2 2 2
left_child=1 -1 3 -3 5 -2 -7 8 -6 -9
right_child=4 2 -4 -5 7 6 -8 9 -10 -11
leaf_value=0.055481401105292497 -0.050491539023089234 -0.029552589271154464 -0.017567997556492746 0.033167402649832901 -0.021242689055535859 -0.035818099443619675 0.016527844548631248 -0.00053122023982222328 0.016457577895066265 -0.032937262902255751
leaf_weight=2.1894658412784365 4.3748033642768851 3.513941772282128 7.5070162266492817 10.255754612386225 8.7315342482179386 3.809652477502822 7.5852544307708731 425.28647549357265 35.299634492024779 4.7375545650720587
leaf_count=14 19 16 34 57 54 19 37 2145 219 32
internal_value=1.44699e-05 0.00962671 0.00490806 0.0171616 -0.000446026 -0.0147103 -0.000972944 2.84827e-05 0.00898148 -0.000888236
internal_weight=513.291 23.4662 21.2767 13.7697 489.825 15.7697 11.3949 474.055 44.0312 430.024
internal_count=2646 121 107 73 2525 75 56 2450 273 2177
is_linear=0
shrinkage=0.04


Tree=244
num_leaves=8
num_cat=0
split_feature=38 27 7 27 41 50 29
split_gain=1.40093 2.03175 4.60037 2.33036 3.46594 2.99644 1.27186
threshold=2.8953454956138094 -3.5720683969226643 -0.00043417153108119992 -3.3153621779726872 -5.4566361945725574e-05 0.05936424142008348 9.2198364303346612
decision_type=2 2 2 2 2 2 2
left_child=1 2 -1 5 -5 -3 -2
right_child=6 3 -4 4 -6 -7 -8
leaf_value=0.054109908220108846 -0.033879163928043118 -0.046347641448624723 -0.0063891492104994306 -0.021354010191994711 0.00081538286978487956 0.0030972686940522586 -0.0011078978748932284
leaf_weight=3.5721992291510105 3.6895566247403613 3.931454010307788 4.6014733612537366 11.55612131487578 477.79769179783762 3.9126844890415668 3.895408533513546
leaf_count=22 19 18 23 79 2439 25 21
internal_value=1.42324e-05 0.000270327 0.0200512 -5.48604e-05 0.000291851 -0.0216843 -0.0170488
internal_weight=512.957 505.372 8.17367 497.198 489.354 7.84414 7.58497
internal_count=2646 2606 45 2561 2518 43 40
is_linear=0
shrinkage=0.04


Tree=245
num_leaves=9
num_cat=0
split_feature=50 41 56 42 51 51 52 14
split_gain=1.38322 3.18216 1.94539 5.30971 5.09028 4.21666 4.93859 3.75162
threshold=-0.063584233827165076 1.8874850447107389e-05 -0.01231760384434186 0.0002497435679497387 0.034608850268278764 0.054191869827001214 -0.11781806166793724 0.00018452659122045003
decision_type=2 2 2 2 2 2 2 2
left_child=1 -1 3 4 -2 7 -7 -4
right_child=2 -3 5 -5 -6 6 -8 -9
leaf_value=-0.0098663877622598064 -0.011129352005082083 0.043822865484258067 -0.00036782443378246269 0.032793779765411264 0.014135559055954814 0.017221230644874234 -0.036898857187021745 0.0089618851710055198
leaf_weight=3.4544466920197001 83.356055714190006 3.6144278347492218 299.02911647129804 5.5959729775786391 15.065337501466272 3.7938976958394042 9.3375599943101388 89.631202631630003
leaf_count=19 397 25 1550 36 71 19 44 485
internal_value=1.3936e-05 0.0175858 -0.000231637 -0.00510712 -0.00726206 0.00103055 -0.0212627 0.00178375
internal_weight=512.878 7.06887 505.809 104.017 98.4214 401.792 13.1315 388.66
internal_count=2646 44 2602 504 468 2098 63 2035
is_linear=0
shrinkage=0.04


Tree=246
num_leaves=14
num_cat=0
split_feature=61 44 1 42 7 6 61 3 58 54 3 58 8
split_gain=1.40605 3.97703 4.89562 5.04198 4.04133 4.24072 2.43352 5.00249 4.45617 10.0709 5.90877 3.53402 0.552743
threshold=0.49623166192440987 0.013969170669377256 13.520994372447605 0.0001853620296968993 -0.00054685583234179993 -0.00030077377028154992 0.50413027870558869 0.00048226869299310002 -0.20670490161783783 -0.05040013283411366 0.00072328500198545005 -0.13712485829134716 -0.00056052586429124987
decision_type=2 2 2 2 2 2 2 2 2 2 2 2 2
left_child=1 4 12 -4 -1 -6 7 -2 10 -10 -8 -9 -3
right_child=6 2 3 -5 5 -7 8 11 9 -11 -12 -13 -14
leaf_value=-0.040233229448806612 -0.044686883454587517 0.026546206235830032 0.041312419885503895 -0.025506389191153011 0.049771535295518393 0.00114070664371112 0.021602138490252134 0.00035899998217167215 -0.030906321946437512 0.031948481035719518 -0.0052032136102776764 -0.010299018110977377 0.051195397987645698
leaf_weight=3.6897408086806527 4.6626028642058364 1.9460120992735026 2.9130387492477894 4.7582034729421139 2.9327817708253852 132.00114176422358 15.866920743137596 165.41004504263401 5.1792739704251316 19.191857412457466 77.05384380929172 71.20628696680069 5.7757843406870943
leaf_count=25 22 30 18 33 16 671 103 755 25 106 474 320 48
internal_value=1.36693e-05 0.00321021 0.0224993 -0.000132952 0.00106831 0.0021977 -0.00135934 -0.00365689 0.0033669 0.0185908 -0.000625998 -0.00284838 0.0449834
internal_weight=512.588 154.017 15.393 7.67124 138.624 134.934 358.571 241.279 117.292 24.3711 92.9208 236.616 7.7218
internal_count=2646 841 129 51 712 687 1805 1097 708 131 577 1075 78
is_linear=0
shrinkage=0.04


Tree=247
num_leaves=8
num_cat=0
split_feature=61 42 42 21 42 56 45
split_gain=1.60659 1.64336 3.42171 2.64999 2.60284 1.49989 0.93875
threshold=0.4857994637220569 0.0002928299776820533 0.00026482566483865283 0.00020663599629760002 0.00023242447907153649 0.017619456669010387 0.48767771547531152
decision_type=2 2 2 2 2 2 2
left_child=6 2 4 -4 -2 -3 -1
right_child=1 5 3 -5 -6 -7 -8
leaf_value=0.00053443593347095471 0.00026458381806048549 -0.0017190707436474479 0.051780214730561679 0.0060550140027280774 -0.014566728719834511 -0.039912207728061665 0.045980652913960973
leaf_weight=1.1706442311406129 474.23851480241865 3.436882469803094 3.5404935926198942 4.7468164786696434 19.719794539734721 3.1557692158967257 1.9199678022414444
leaf_count=25 2363 22 34 32 120 21 29
internal_value=1.43331e-05 -0.000160305 0.000100135 0.0255897 -0.000327512 -0.0200014 0.0287668
internal_weight=511.929 508.838 502.246 8.28731 493.958 6.59265 3.09061
internal_count=2646 2592 2549 66 2483 43 54
is_linear=0
shrinkage=0.04


Tree=248
num_leaves=9
num_cat=0
split_feature=38 32 32 38 23 61 38 61
split_gain=1.41212 1.75893 5.39491 4.86066 3.3373 2.78589 6.66157 3.64848
threshold=-0.10545734923277049 0.81887837019158549 0.88290090409414568 0.69851538502908606 2.1430458889362454 0.51139850702872325 0.83939905968574291 0.49840718302705739
decision_type=2 2 2 2 2 2 2 2
left_child=-1 5 4 -4 -3 7 -7 -2
right_child=1 2 3 -5 -6 6 -8 -9
leaf_value=-0.021924337674958525 0.0013991412251526034 0.052259972247695345 0.0082264389840870124 -0.015451788005775747 0.005651113892880184 -0.0051191193946638434 0.023876388103636161 -0.0065664430672446828
leaf_weight=4.6517287716269484 216.08990004472435 5.9318609908223134 50.313749596476555 19.151188649237156 4.1971457600593567 28.12178292311728 23.084009427577257 160.21412508189678
leaf_count=22 1106 29 257 100 21 194 163 754
internal_value=1.41114e-05 0.000215356 0.00567506 0.00169845 0.0329467 -0.000801134 0.0079523 -0.00199226
internal_weight=511.755 507.104 79.5939 69.4649 10.129 427.51 51.2058 376.304
internal_count=2646 2624 407 357 50 2217 357 1860
is_linear=0
shrinkage=0.04


Tree=249
num_leaves=11
num_cat=0
split_feature=23 20 41 3 23 33 1 15 54 9
split_gain=1.39767 7.06053 7.3392 5.719 2.64497 6.84483 5.99125 2.73314 3.59747 3.01217
threshold=-0.7236471282160627 0.0025851144886414007 -1.5664285626471037e-05 0.00063097852089635017 -0.50446959540617942 -0.39100067621622164 19.93629307259835 0.00076204487209865005 -0.073910907872616297 0.00022018640186035842
decision_type=2 2 2 2 2 2 2 2 2 2
left_child=1 2 -1 -4 5 -2 -7 9 -9 -6
right_child=4 -3 3 -5 7 6 -8 8 -10 -11
leaf_value=-0.043180161560868839 -0.031009849734635001 -0.053824572802476663 -0.015388918614037624 0.04170473031272387 -0.0015406391726541185 0.041136659943641692 -0.010274970225517472 0.044414363737624626 -0.013771733351072011 0.0056713130254908003
leaf_weight=4.1585526764392862 4.2883021086454418 4.6056967526674262 4.7005610764026642 6.9689671769738197 299.94430638477206 11.922007679939272 5.2123378589749327 1.7901861481368531 33.791252311319113 134.08169903047383
leaf_count=18 19 23 22 36 1477 63 28 13 183 764
internal_value=1.40582e-05 -0.0102362 0.00244726 0.018707 0.000440614 0.0141857 0.025497 -0.000186413 -0.0108443 0.000687317
internal_weight=511.464 20.4338 15.8281 11.6695 491.03 21.4226 17.1343 469.607 35.5814 434.026
internal_count=2646 99 76 58 2547 110 91 2437 196 2241
is_linear=0
shrinkage=0.04


Tree=250
num_leaves=12
num_cat=0
split_feature=47 30 24 32 22 22 3 41 22 23 32
split_gain=1.41032 5.13436 4.66599 2.87459 2.68198 5.08239 6.03503 5.99178 5.03464 11.2027 4.84253
threshold=-0.40102138813087113 -1.4075637350749683 0.024999999999958254 -0.3936756192113437 0.79751037448848372 1.5234361505045222 0.00095679539834785012 2.5489124442520021e-06 0.32458744402616474 2.5195243201651545 0.32371832560120367
decision_type=2 2 2 2 2 2 2 2 2 2 2
left_child=1 -1 -3 -4 8 6 -6 -7 10 -10 -2
right_child=4 2 3 -5 5 7 -8 -9 9 -11 -12
leaf_value=0.033263460853190804 -0.0027363461122249699 0.021782488205407381 -0.0055889298352827747 -0.04442852140041656 0.044186788819815977 0.019862043623133464 0.0081227241614500838 -0.0084145535763121612 -0.0023518195289947965 -0.045743193513553111 0.0072975787660488727
leaf_weight=3.5618503801524666 221.19763611536473 3.4509587213397053 4.7645008247345713 8.4674894027411884 10.198006398975847 16.417675338685513 27.295478764921427 44.459348954260349 40.785779029130936 12.418604221194981 118.01691698282957
leaf_count=32 1136 23 31 46 50 79 139 237 193 64 616
internal_value=1.39214e-05 -0.0103324 -0.0196402 -0.0304434 0.0004407 0.00634655 0.0179319 -0.000788754 -0.00103976 -0.0124799 0.00075458
internal_weight=511.034 20.2448 16.6829 13.232 490.789 98.3705 37.4935 60.877 392.419 53.2044 339.215
internal_count=2646 132 100 77 2514 505 189 316 2009 257 1752
is_linear=0
shrinkage=0.04


Tree=251
num_leaves=8
num_cat=0
split_feature=61 33 21 33 8 52 45
split_gain=1.48423 1.61422 4.72111 2.7972 2.29426 1.52101 0.910544
threshold=0.4857994637220569 8.3086078605295501 0.00044588520630005005 6.8640387544128556 0.0014740938320070502 -0.094236478957355679 0.48767771547531152
decision_type=2 2 2 2 2 2 2
left_child=6 3 -3 4 -2 -5 -1
right_child=1 2 -4 5 -6 -7 -8
leaf_value=0.00036140626643354047 7.8779683618208725e-05 -0.045863124357286504 0.0070472027948965824 0.0058294016013089815 -0.030270716223965665 0.04357996241579852 0.045616684567653575
leaf_weight=1.1614052895456546 485.63698495458812 4.6654918715357763 6.3991803154349327 3.2643912509083748 4.0182585790753356 3.5809299796819678 1.8356908028945325
leaf_count=25 2473 24 33 20 22 20 29
internal_value=1.36891e-05 -0.000152037 -0.0152628 0.000184711 -0.000170277 0.0255775 0.0280798
internal_weight=510.562 507.565 11.0647 496.501 489.655 6.84532 2.9971
internal_count=2646 2592 57 2535 2495 40 54
is_linear=0
shrinkage=0.04


Tree=252
num_leaves=10
num_cat=0
split_feature=41 10 20 22 20 24 44 19 9
split_gain=1.4476 3.40472 1.85827 3.78145 6.18514 3.19221 2.9146 4.95725 3.00812
threshold=6.205747688999473e-05 -1.0727799024565809e-05 0.0025910113606156002 -0.6068186067646294 0.0025977457496705503 0.041666666666597151 0.013970099205133601 -0.035851519806182945 0.00027523571048921914
decision_type=2 2 2 2 2 2 2 2 2
left_child=2 -2 6 5 -5 -4 8 -8 -1
right_child=1 -3 3 4 -6 -7 7 -9 -10
leaf_value=-0.00024953504528451442 0.040323356280488575 -0.0051000101018416327 -0.021881419929394491 -0.041332849208722759 0.022203227674366392 0.047687340763244997 0.031758388533598927 -0.0026611449544528048 -0.030777975329055997
leaf_weight=450.51800864655524 4.6496155392378569 6.1094040768221003 1.8035626299679304 9.228647053241728 3.3382524885237208 2.5437171142548323 12.233252331614496 14.788403879851101 5.2241256181150666
leaf_count=2286 31 39 16 52 20 34 66 72 30
internal_value=1.32996e-05 0.0145301 -0.000299276 -0.0133313 -0.0244552 0.0188252 0.000157316 0.0129213 -0.000599479
internal_weight=510.437 10.759 499.678 16.9142 12.5669 4.34728 482.764 27.0217 455.742
internal_count=2646 70 2576 122 72 50 2454 138 2316
is_linear=0
shrinkage=0.04


Tree=253
num_leaves=8
num_cat=0
split_feature=42 30 59 19 14 2 61
split_gain=1.34404 1.61247 2.61339 1.76256 4.98391 4.91971 1.73288
threshold=9.8059731454121872e-05 -1.9480271471035639 0.071365729470053554 -1.3117229864902906 -0.00012501734301069998 0.33012323311454955 0.50016314499820924
decision_type=2 2 2 2 2 2 2
left_child=-1 2 -2 4 -3 -5 -4
right_child=1 3 6 5 -6 -7 -8
leaf_value=0.01757401614913159 -0.04653283663012836 0.0087444917118129819 0.020585799812355879 -0.010673318059448482 -0.020145021641284806 0.0010118509885225981 -0.017491014149248491
leaf_weight=6.8793059810996047 3.0888414829969397 78.110157016664743 3.041129117831586 69.703449187800288 10.886157359927891 333.33679215610027 5.1522172968834639
leaf_count=36 14 420 17 344 58 1727 30
internal_value=1.31378e-05 -0.000226882 -0.0151784 0.00011595 0.00521068 -0.00100903 -0.00335802
internal_weight=510.198 503.319 11.2822 492.037 88.9963 403.04 8.19335
internal_count=2646 2610 61 2549 478 2071 47
is_linear=0
shrinkage=0.04


Tree=254
num_leaves=8
num_cat=0
split_feature=31 31 60 53 31 8 43
split_gain=1.55706 1.81076 5.49303 3.74735 2.32621 4.14623 4.05996
threshold=-2.2608064077639898 -1.7976444067778325 0.51453192897758371 -0.021669614929628846 -1.2865251973261567 -0.00073528081398129984 0.25841732104305909
decision_type=2 2 2 2 2 2 2
left_child=-1 2 3 -2 6 -6 -3
right_child=1 4 -4 -5 5 -7 -8
leaf_value=0.025783666223232131 -0.044550841700609072 -0.0067487567813927776 0.031437354353097871 -0.0042689551675108971 -0.015487120967898673 0.00034933199842158774 0.016259122522243642
leaf_weight=3.7237791866064063 7.0031680315732965 18.963469445705414 3.6574183879420152 7.8224619030952462 28.296397840604186 405.81306330394 34.772421731613576
leaf_count=22 32 92 29 38 165 2074 194
internal_value=1.27917e-05 -0.00017674 -0.0124661 -0.0232969 0.000288868 -0.00068293 0.00813961
internal_weight=510.052 506.328 18.483 14.8256 487.845 434.109 53.7359
internal_count=2646 2624 99 70 2525 2239 286
is_linear=0
shrinkage=0.04


Tree=255
num_leaves=12
num_cat=0
split_feature=61 41 51 38 46 9 51 22 45 9 58
split_gain=1.35606 3.04445 1.75445 5.43344 4.71972 4.51498 4.45962 3.68519 3.12164 1.22705 0.264156
threshold=0.52490193735124813 -2.6950111861386474e-05 -0.094129241041445058 0.77536125663512134 -0.16634108554501806 0.00019535547081297688 -0.089266829050868732 0.75288437086676485 0.59501568658477055 0.00023288501269267528 -0.32316660629443567
decision_type=2 2 2 2 2 2 2 2 2 2 2
left_child=2 -2 3 5 -5 -1 8 -8 -4 10 -3
right_child=1 9 6 4 -6 -7 7 -9 -10 -11 -12
leaf_value=0.01120428257800395 -0.017907678868210281 0.053022696114815179 0.055897954518616046 0.029284647138606977 -0.0060520105732383899 -0.024652538579773384 -0.0018332381706184558 0.0074043725766025584 0.00872660675005958 0.0042798094695236863 0.03320397502007464
leaf_weight=7.0973538234829894 2.9855668023228645 2.1381550123915072 3.8003246039152128 9.6498093074187654 16.200855282135308 26.967905670404434 345.11645246483386 86.394640669226646 5.4833430387079716 1.875293895602226 2.1662010401487337
leaf_count=48 38 16 23 75 104 151 1670 437 31 24 29
internal_value=1.25409e-05 0.0152597 -0.00026655 -0.00668876 0.00713883 -0.0171819 0.000606402 1.62625e-05 0.0280365 0.0312838 0.0430488
internal_weight=509.876 9.16522 500.711 59.9159 25.8507 34.0653 440.795 431.511 9.28367 6.17965 4.30436
internal_count=2646 107 2539 378 179 199 2161 2107 54 69 45
is_linear=0
shrinkage=0.04


Tree=256
num_leaves=8
num_cat=0
split_feature=31 31 51 53 41 61 31
split_gain=1.44201 1.69668 5.29086 4.74832 2.17096 4.68886 2.94385
threshold=-2.2608064077639898 -1.7976444067778325 -0.074541011591791537 -0.021669614929628846 -5.8255822634478695e-05 0.51081110784739259 -1.5832816126641625
decision_type=2 2 2 2 2 2 2
left_child=-1 2 -2 -4 5 -3 -6
right_child=1 4 3 -5 6 -7 -8
leaf_value=0.024916145239093655 0.021829429730965591 -0.035140947033442178 -0.054096330146735254 -0.0053226805155112047 0.01674709963834968 0.024982540663350258 5.6848490295687474e-05
leaf_weight=3.6932590231299391 5.2538583409041193 7.2779545402154309 5.4786748141050348 7.6573238223791096 17.554267130792141 2.9032918680459261 459.75419697724283
leaf_count=22 38 46 24 37 88 26 2365
internal_value=1.2704e-05 -0.000169108 -0.0120961 -0.0256649 0.00028082 -0.0179961 0.000670676
internal_weight=509.573 505.88 18.3899 13.136 487.49 10.1812 477.308
internal_count=2646 2624 99 61 2525 72 2453
is_linear=0
shrinkage=0.04


Tree=257
num_leaves=13
num_cat=0
split_feature=13 43 38 44 8 2 21 7 0 45 39 14
split_gain=1.34777 3.91845 4.68555 5.26745 5.15716 2.81324 6.69117 7.3446 6.91137 5.24179 10.1478 5.91943
threshold=0.00035467562598655002 0.047228128349003889 0.14765956187734572 0.013968779518524101 0.00044264341186435002 0.68154731647124744 0.00012922038734400004 0.00014145159798925001 66.807581052031168 0.45378308332604955 1.4073002512032284 0.00031618423255545006
decision_type=2 2 2 2 2 2 2 2 2 2 2 2
left_child=5 -2 3 -3 -4 6 7 -1 -8 10 -7 -11
right_child=1 2 4 -5 -6 9 8 -9 -10 11 -12 -13
leaf_value=-0.00060539135067410417 0.041619653933291027 -0.065587292509160164 0.01910924073185765 -0.0091675187953806376 -0.014435680084027062 0.031946614723711117 -0.032952571710247403 0.049923591433521992 0.019985399404542838 -0.0041825839707963193 -0.028320752439761523 0.015883280982652338
leaf_weight=291.07605378329754 2.5394236594438544 4.4462512582540494 11.877769827842714 6.5450429469347 19.164311550557613 23.487334627658132 18.813621089793745 4.6765883266925803 4.9931984338909379 83.510127704590559 5.520988516509532 32.746242038905621
leaf_count=1496 15 19 58 34 94 128 103 24 26 438 26 185
internal_value=1.23652e-05 -0.00663194 -0.00954703 -0.0319907 -0.00160024 0.000649499 -0.00144858 0.000193598 -0.0218495 0.00526495 0.0204763 0.00146942
internal_weight=509.397 44.5728 42.0334 10.9913 31.0421 464.824 319.559 295.753 23.8068 145.265 29.0083 116.256
internal_count=2646 220 205 53 152 2426 1649 1520 129 777 154 623
is_linear=0
shrinkage=0.04


Tree=258
num_leaves=14
num_cat=0
split_feature=9 23 30 23 33 15 9 6 9 9 55 51 52
split_gain=1.35162 5.58038 6.87189 6.652 6.38846 4.52843 3.89928 9.76585 6.34932 5.1955 5.21821 4.85338 3.8772
threshold=0.00022035861299794148 1.5207724677869805 1.3397466214708633 8.5819225231438718 -3.108610005571641 -0.00021049384530869998 0.00021470025870232715 -0.00023734026536934998 0.00021545043286456489 0.00020980391946122677 -0.28698347873953894 0.032027955271152195 0.039705709745820106
decision_type=2 2 2 2 2 2 2 2 2 2 2 2 2
left_child=6 2 5 4 -3 -2 9 -8 -9 10 -1 -11 -5
right_child=1 3 -4 12 -6 -7 7 8 -10 11 -12 -13 -14
leaf_value=0.026626544891982195 0.0046859896130894106 0.029779522735866024 -0.023480671666242296 0.0089576144264701518 -0.011354065131535281 0.030038799991158004 -0.065689775632049655 -0.043812282581879573 0.0014501525650861893 0.0062206945103483414 -0.0030460726040793602 0.039518066827019693 0.053992238423959525
leaf_weight=9.8530448973178846 19.621684275567532 6.5764573942869893 6.9258230179548255 25.097568088211123 74.224959069862962 26.491106063127518 4.9356454610824576 5.901812555268406 31.032171363011003 33.717842672020197 252.25488005019724 8.840302646160124 3.483283892273902
leaf_count=55 102 48 32 200 393 131 21 29 150 168 1251 42 24
internal_value=1.2442e-05 0.00302337 0.0136709 -0.00213953 -0.00800619 0.0192508 -0.00139878 -0.0128444 -0.00578249 0.000174177 -0.00193063 0.0131373 0.0144462
internal_weight=508.957 162.421 53.0386 109.382 80.8014 46.1128 346.536 41.8696 36.934 304.666 262.108 42.5581 28.5809
internal_count=2646 930 265 665 441 233 1716 200 179 1516 1306 210 224
is_linear=0
shrinkage=0.04


Tree=259
num_leaves=10
num_cat=0
split_feature=32 51 51 54 32 61 51 31 13
split_gain=1.35752 2.70084 2.46896 2.19784 1.71304 3.72292 1.81057 5.45072 3.17178
threshold=-1.323885434921555 -0.02502765155023336 -0.057790903299791745 0.017430123544077348 -1.1499942761251807 0.50024810630713046 0.016815542845453741 0.7884096742538248 -0.00037117084928714998
decision_type=2 2 2 2 2 2 2 2 2
left_child=1 2 -1 -3 5 -2 8 -8 -6
right_child=4 3 -4 -5 6 -7 7 -9 -10
leaf_value=0.0027865908749365609 -0.032973292911167566 -0.022263252888383517 0.04066059128690995 0.012053799010411304 -0.015713674076707672 0.0092243028976526833 0.010720624179511598 -0.0061114452988820624 -0.00050745582310758792
leaf_weight=4.9942431189119816 7.6182805001735669 5.5105372518300992 6.1391761098057049 6.5180390253663063 23.564907183870673 5.9641653429716825 77.277917865663767 51.161212667822838 319.71942261885852
leaf_count=33 35 26 32 30 129 31 372 246 1712
internal_value=1.27901e-05 0.00947345 0.023671 -0.00366755 -0.000438735 -0.014444 -3.54788e-05 0.0040159 -0.00155129
internal_weight=508.468 23.162 11.1334 12.0286 485.306 13.5824 471.723 128.439 343.284
internal_count=2646 121 65 56 2525 66 2459 618 1841
is_linear=0
shrinkage=0.04


Tree=260
num_leaves=8
num_cat=0
split_feature=31 31 47 15 31 23 40
split_gain=1.36186 1.5789 4.96148 3.13383 1.99087 5.9974 3.76749
threshold=-2.2608064077639898 -1.7976444067778325 -0.3971260062693901 -8.9013925671927737e-05 -1.2865251973261567 -0.52536146666305739 -3.0520858609450428
decision_type=2 2 2 2 2 2 2
left_child=-1 2 -2 -4 5 -3 -6
right_child=1 4 3 -5 6 -7 -8
leaf_value=0.024304415436641476 0.036513121428834359 -0.040758956296982403 -0.0038432090872817029 -0.040009633941542326 -0.040696783257776925 0.011276370679484223 -0.00028153920417660474
leaf_weight=3.6659250482916823 2.8770264405757215 3.8167507201433173 8.2192617878317833 7.183937638998029 3.7224811986088744 49.581193556077778 429.19747260771692
leaf_count=22 25 17 41 33 19 269 2220
internal_value=1.24592e-05 -0.000164023 -0.0117048 -0.020711 0.000269783 0.00755702 -0.000629051
internal_weight=508.264 504.598 18.2802 15.4032 486.318 53.3979 432.92
internal_count=2646 2624 99 74 2525 286 2239
is_linear=0
shrinkage=0.04


Tree=261
num_leaves=12
num_cat=0
split_feature=22 41 52 22 59 59 9 19 44 51 59
split_gain=1.33588 5.38443 4.67196 4.00405 6.0242 3.12262 2.90755 4.23248 2.63318 1.54984 1.11495
threshold=2.5110155039532112 4.200609286394061e-06 -0.14903601882714659 1.9577900687019365 0.090848039650851142 0.19439252654661329 0.00026470724966232118 0.049920181461370706 0.013969518366984264 0.021367854305371668 0.16167555341736814
decision_type=2 2 2 2 2 2 2 2 2 2 2
left_child=3 -2 5 6 -5 -3 8 -8 -1 -4 -6
right_child=1 2 9 4 10 -7 7 -9 -10 -11 -12
leaf_value=-0.00050342164244898257 0.036995999054472185 -0.060329227155322782 0.02395164768609484 -0.01789649270452506 0.060080724092036054 -0.013398412556299137 0.0030358343616084882 -0.035542286157068372 0.009625515386792495 -0.011652411770715363 0.028938009419229367
leaf_weight=412.7991825081408 3.2744714021682766 4.8924071937799489 3.3658481985330546 3.6277058199048025 3.8171749636530876 4.2294402718544006 9.3228792361915129 8.8883865866810066 45.601533502340317 4.6707057654857635 3.5498751327395439
leaf_count=2097 17 23 19 20 20 20 90 52 240 28 20
internal_value=1.2143e-05 -0.0100078 -0.0189779 0.000432023 0.0242972 -0.0385693 -0.000118513 -0.015793 0.000504201 0.00325919 0.0450743
internal_weight=508.04 20.4329 17.1584 487.607 10.9948 9.12185 476.612 18.2113 458.401 8.03655 7.36705
internal_count=2646 107 90 2539 60 43 2479 142 2337 47 40
is_linear=0
shrinkage=0.04


Tree=262
num_leaves=15
num_cat=0
split_feature=43 42 8 57 3 8 6 22 32 13 42 32 39 14
split_gain=1.36393 4.03567 5.92897 6.42058 4.5843 4.72846 4.45625 4.0969 3.92937 6.54995 6.91412 5.24933 3.02498 2.65148
threshold=0.51412150575580329 0.00012725866089589082 8.3263201145915752e-05 0.17335346147182001 0.0016788309857127001 -0.00087395688788884996 0.00011842333767565002 -0.38524120890967312 0.68980710611163631 9.0191497748326877e-06 0.00012458142025392551 -0.6990744303763502 1.2430410997426542 0.00036126572167880004
decision_type=2 2 2 2 2 2 2 2 2 2 2 2 2 2
left_child=1 2 6 -4 5 -3 -1 -6 9 11 -11 -2 13 -10
right_child=8 4 3 -5 7 -7 -8 -9 12 10 -12 -13 -14 -15
leaf_value=-0.016091690136809181 -0.0087481818116841199 -0.058121318677191412 0.037412343664826681 -0.011893517030197281 0.0048224208396562343 0.0024321444206180801 -0.058344374584834581 -0.026094855983915317 0.046077040336516564 0.023335979251397715 -0.014386775233920545 0.015633460431867245 -0.0016962749274346961 0.0088023417305059543
leaf_weight=27.000116869807247 19.429582758806646 2.078964337706565 6.7049866989254978 11.427862353622912 10.894187127240004 273.77774199098349 4.6870379000902167 18.507800191640854 7.738331466913225 9.1206406317651254 52.656938556581736 51.784784297458827 6.7723276242613784 5.0433750674128532
leaf_count=127 103 10 34 57 90 1362 21 103 43 46 288 301 36 25
internal_value=1.17161e-05 -0.00134729 -0.011903 0.00633832 0.000375461 0.00197579 -0.0223415 -0.0146392 0.00317506 0.000713407 -0.00881751 0.00898136 0.0199174 0.0313693
internal_weight=507.625 355.079 49.82 18.1328 305.259 275.857 31.6872 29.402 152.546 132.992 61.7776 71.2144 19.554 12.7817
internal_count=2646 1804 239 91 1565 1372 148 193 842 738 334 404 104 68
is_linear=0
shrinkage=0.04


Tree=263
num_leaves=13
num_cat=0
split_feature=61 30 38 51 38 3 46 51 7 20 19 44
split_gain=1.33571 2.19458 2.5935 1.66296 4.67489 8.9854 4.36931 4.00467 3.23311 2.83249 0.692666 0.199076
threshold=0.52459656732960724 0.36895523971712019 0.39391969504709018 -0.094129241041445058 0.77536125663512134 0.00074655839428725012 -0.16634108554501806 -0.089266829050868732 -0.00075149619531834986 0.0025846604006670004 -1.4779021824632672 0.013968666236529243
decision_type=2 2 2 2 2 2 2 2 2 2 2 2
left_child=3 2 -2 4 5 -1 -6 9 -9 -5 -4 -3
right_child=1 11 10 7 6 -7 -8 8 -10 -11 -12 -13
leaf_value=0.016125885967289432 -0.020804731490208988 0.028280118876794928 0.0083636594516694231 0.046795874064378955 0.028119066002794728 -0.02992772056524335 -0.00636027710259342 -0.028254773175543466 0.00043033838077919073 0.001688431530238639 0.046987883342043561 0.047563075767961448
leaf_weight=9.5467678196728212 3.8373906221240741 1.4435826428234579 1.3961897715926173 5.0528040155768377 9.2873676344752329 23.375980252400041 16.0306799672544 6.3815918713808051 423.13221844192594 3.9832523241639137 1.5876541230827568 2.1068175556138158
leaf_count=60 33 15 19 30 73 132 103 33 2074 23 22 29
internal_value=1.17941e-05 0.0142189 0.000944386 -0.000284812 -0.00663533 -0.0165733 0.00628771 0.000558558 4.1433e-06 0.0269117 0.028915 0.0397227
internal_weight=507.162 10.3716 6.82123 496.791 58.2408 32.9227 25.318 438.55 429.514 9.03606 2.98384 3.5504
internal_count=2646 118 74 2528 368 192 176 2160 2107 53 41 44
is_linear=0
shrinkage=0.04


Tree=264
num_leaves=11
num_cat=0
split_feature=32 44 51 3 43 43 29 1 23 9
split_gain=1.33811 2.97444 3.34444 5.98944 1.58937 7.81076 6.57002 8.12347 5.27921 4.33406
threshold=-1.323885434921555 0.013968433531698439 -0.0029451644286309299 0.00068603223117540016 0.40107147926562325 0.39078550392868494 0.14273935908017002 3.2239873994403756 1.7073797140074161 0.00018831134150829854
decision_type=2 2 2 2 2 2 2 2 2 2
left_child=1 -1 3 -3 5 8 7 -6 -2 -8
right_child=4 2 -4 -5 6 -7 9 -9 -10 -11
leaf_value=0.054623320531890174 0.0040274779964381974 -0.028397447406946306 -0.016715983097914829 0.032418125902726899 -0.051321468012593144 -0.046486169353875582 0.0183275438847398 0.013705159881158358 -0.0070968953391980782 0.0015562267207185913
leaf_weight=2.1159310378134277 140.35480601340532 3.4939412698149726 7.4215378612279865 10.026752594858406 7.7292161509394628 6.2843931540846816 29.06995134241879 5.1033829711377621 132.87233107350767 162.27998897526413
leaf_count=14 685 16 34 57 38 29 152 27 697 897
internal_value=1.20396e-05 0.00942618 0.00485962 0.0167025 -0.000436742 -0.00239648 0.002246 -0.0254611 -0.00138239 0.00410413
internal_weight=506.752 23.0582 20.9422 13.5207 483.694 279.512 204.183 12.8326 273.227 191.35
internal_count=2646 121 107 73 2525 1411 1114 65 1382 1049
is_linear=0
shrinkage=0.04


Tree=265
num_leaves=14
num_cat=0
split_feature=9 42 3 9 19 41 21 0 55 30 61 21 55
split_gain=1.35619 4.72895 5.25514 3.4934 8.96917 4.93282 4.80855 5.67667 5.54657 3.30675 7.16488 5.50788 2.94511
threshold=0.00022035861299794148 0.00014470946695642725 0.00075101846732850011 0.00021470025870232715 -1.4779021824632672 2.2349953510580892e-05 -0.00041450698530184996 35.519991014249094 -0.28698347873953894 0.29633413253193436 0.49685888782832555 0.00039952087290755006 0.35599210668758796
decision_type=2 2 2 2 2 2 2 2 2 2 2 2 2
left_child=3 2 -2 6 -5 -6 7 -1 -8 10 -3 -11 -4
right_child=1 9 12 4 5 -7 8 -9 -10 11 -12 -13 -14
leaf_value=0.0062044619806446502 -0.012476485773820014 0.030139211839838375 0.054263337256897595 -0.055202731343894661 -0.012022811727884972 0.024567332487776372 0.027899131442133972 0.04649671799044601 -0.0029681506604138574 -0.020002859647580907 0.00014259544442504212 0.0035299002493874359 0.013935791491294338
leaf_weight=32.109309367835522 4.7198070250451591 16.026556710712612 6.9285625144839269 6.5564426556229582 27.757079146802425 7.4846195429563513 9.6676032841205579 6.7750801593065253 254.83337469026446 26.454038760624826 62.135561658069491 39.937117978930473 4.9800960347056389
leaf_count=168 23 119 42 29 134 37 54 33 1261 143 343 231 29
internal_value=1.18232e-05 0.00304121 0.0232422 -0.00140273 -0.012244 -0.00425181 9.08873e-05 0.0132248 -0.00183994 0.000717422 0.00629318 -0.0058469 0.0373987
internal_weight=506.365 161.182 16.6285 345.184 41.7981 35.2417 303.385 38.8844 264.501 144.553 78.1621 66.3912 11.9087
internal_count=2646 930 94 1716 200 171 1516 201 1315 836 462 374 71
is_linear=0
shrinkage=0.04


Tree=266
num_leaves=8
num_cat=0
split_feature=61 42 42 21 6 56 45
split_gain=1.39027 1.43771 3.43387 2.40377 2.27504 1.30661 0.880218
threshold=0.4857994637220569 0.0002928299776820533 0.00026482566483865283 0.00020663599629760002 0.00031238027299140006 0.017619456669010387 0.48767771547531152
decision_type=2 2 2 2 2 2 2
left_child=6 2 4 -4 -2 -3 -1
right_child=1 5 3 -5 -6 -7 -8
leaf_value=0.00020057092755106296 0.00029269254237349957 -0.001613294803488919 0.051400022262726178 0.007215165828201804 -0.012301855969641735 -0.037574422434412155 0.045383105997765329
leaf_weight=1.1352060642093413 464.25783826317638 3.3686312846839419 3.425659326836465 4.6360503807663918 24.141244262456894 3.1081840395927429 1.7585671767592428
leaf_count=25 2361 22 34 32 122 21 29
internal_value=1.23473e-05 -0.000146721 9.75536e-05 0.0259906 -0.000329848 -0.0188708 0.0276583
internal_weight=505.831 502.938 496.461 8.06171 488.399 6.47682 2.89377
internal_count=2646 2592 2549 66 2483 43 54
is_linear=0
shrinkage=0.04


Tree=267
num_leaves=11
num_cat=0
split_feature=49 1 1 1 9 55 0 43 54 54
split_gain=1.42831 5.58769 4.56228 5.32087 3.30046 2.9009 6.47674 3.66483 2.91231 3.5012
threshold=-0.18804870523831571 29.627818867775208 19.2465656068016 6.9490418876739577 0.00020948780353987367 -0.19786077571815244 58.788503441739437 0.15751124726673563 -0.047365438458049691 -0.021045685235657832
decision_type=2 2 2 2 2 2 2 2 2 2
left_child=1 2 3 -1 -4 6 7 -2 -7 -10
right_child=5 -3 4 -5 -6 8 -8 -9 9 -11
leaf_value=-0.015713940395138511 -0.00046210197489244978 0.030447693322265629 -0.0057447314513260506 0.017942043037764241 -0.054280960187388934 -0.029918320107996978 -0.027041071954885035 0.038231647688172901 0.018934810261551655 -0.00036121634449181672
leaf_weight=22.583923138678074 5.7960604056716027 5.7883864864706984 3.6129583492875081 11.264694884419439 5.9058522060513496 5.1500448267906895 4.7101594805717459 12.076975643634794 15.613923132419584 413.12783197406679
leaf_count=108 30 36 20 72 28 27 24 62 78 2161
internal_value=1.21738e-05 -0.00646635 -0.0113934 -0.00451335 -0.0358586 0.000709818 0.0146869 0.0256836 -1.766e-05 0.000341507
internal_weight=505.631 49.1558 43.3674 33.8486 9.51881 456.475 22.5832 17.873 433.892 428.742
internal_count=2646 264 228 180 48 2382 116 92 2266 2239
is_linear=0
shrinkage=0.04


Tree=268
num_leaves=14
num_cat=0
split_feature=10 43 32 9 22 43 10 29 22 58 13 57 61
split_gain=1.32734 3.96627 4.91026 5.28585 3.38008 3.93056 2.62981 4.99536 3.7227 2.80706 7.07337 7.06034 1.42302
threshold=0.00014495199755810002 0.16421419200838158 0.79269889585067899 0.00020164211633197905 -1.1829607378468199 0.19449881781738718 9.7017920745208223e-05 0.029723413092402323 -2.447633702189532 -0.13712485829134716 0.00029876884947725003 0.14966680941877683 0.49713728839460419
decision_type=2 2 2 2 2 2 2 2 2 2 2 2 2
left_child=6 2 3 -2 12 -6 9 -8 -9 11 -11 -1 -3
right_child=1 4 -4 -5 5 -7 7 8 -10 10 -12 -13 -14
leaf_value=0.047108134753460928 -0.060380401840652839 0.053902330631724026 0.027801641537522445 -0.0073544790395014062 0.044924797088018713 0.0031847306752055631 0.057649183368205598 0.039780460742093328 -0.014046999815767146 -0.0019987420919912856 -0.042245535566496156 0.0019560383316882144 0.019023427221952934
leaf_weight=5.6859344840049735 4.1167294457554844 3.3646230995655051 4.0703268498182288 11.166887128725646 3.8761853650212279 52.49919874407351 1.7188671454787243 2.1489157062023869 47.417389744892716 140.25567965582013 7.3531891768798223 217.40998347476125 4.2176008746027946
leaf_count=25 20 22 21 57 19 257 9 15 236 704 38 1189 34
internal_value=1.19493e-05 0.00462592 -0.0112398 -0.0216373 0.00942698 0.00605464 -0.000898965 -0.0093886 -0.0117133 0.000275534 -0.00400365 0.00310681 0.034501
internal_weight=505.302 83.3116 19.3539 15.2836 63.9576 56.3754 421.99 51.2852 49.5663 370.705 147.609 223.096 7.58222
internal_count=2646 430 98 77 332 276 2216 260 251 1956 742 1214 56
is_linear=0
shrinkage=0.04


Tree=269
num_leaves=9
num_cat=0
split_feature=50 49 24 25 29 50 3 58
split_gain=1.36059 1.55572 7.6456 6.80916 4.29613 3.67958 5.54777 4.18013
threshold=-0.065481186193399779 0.073802602731564818 0.14166666666643057 0.75000000000000011 1.1296601351505051 0.024918949792178218 0.00058899627084370006 -0.092248083193882766
decision_type=2 2 2 2 2 2 2 2
left_child=-1 2 3 -2 -4 6 -3 -7
right_child=1 5 4 -5 -6 7 -8 -9
leaf_value=0.020110408485272825 -0.010431167094291078 0.066829856304115462 0.061159365338747405 0.019664667274494382 0.011241470571552675 -0.00081561145489666314 0.0086741867394116538 0.032428236697151551
leaf_weight=5.332378987222909 111.21293271891773 2.842513680458068 3.4689485430717495 13.486874697729943 13.470859028398989 314.81504318397492 34.226840250194073 6.170459769666194
leaf_count=33 550 13 17 84 72 1680 166 31
internal_value=1.21709e-05 -0.000202303 -0.00375089 -0.00717616 0.0214637 0.00120145 0.0131336 -0.000176549
internal_weight=505.027 499.694 141.64 124.7 16.9398 358.055 37.0694 320.986
internal_count=2646 2613 723 634 89 1890 179 1711
is_linear=0
shrinkage=0.04


Tree=270
num_leaves=8
num_cat=0
split_feature=61 24 30 22 50 22 45
split_gain=1.30577 1.45465 2.60025 2.16278 4.7583 3.01741 0.869255
threshold=0.4857994637220569 0.27499999999954167 1.2171251336375468 2.6194642739286169 0.028590931078681221 1.9577900687019365 0.48767771547531152
decision_type=2 2 2 2 2 2 2
left_child=6 3 -3 5 -5 -2 -1
right_child=1 2 -4 4 -6 -7 -8
leaf_value=-3.1095986632627207e-05 6.998630003208028e-05 0.011305823579614547 -0.041699278791684051 0.021223305734128475 -0.026573999005248178 0.0197308005032917 0.045178749499546693
leaf_weight=1.1345440214499825 466.03682940918952 2.5419441908597937 3.5472691580653191 4.5369377061724689 12.552514463663099 12.833625823259352 1.7001387309283016
leaf_count=25 2394 16 26 24 62 70 29
internal_value=1.21756e-05 -0.000140679 -0.0195723 9.78954e-05 -0.0138847 0.000596892 0.0270841
internal_weight=504.884 502.049 6.08921 495.96 17.0895 478.87 2.83468
internal_count=2646 2592 42 2550 86 2464 54
is_linear=0
shrinkage=0.04


Tree=271
num_leaves=6
num_cat=0
split_feature=38 59 49 8 55
split_gain=1.34474 1.62912 2.61777 5.18598 2.94331
threshold=-0.10545734923277049 -0.1609914490628801 -0.18804870523831571 0.00090891154150275018 -0.19786077571815244
decision_type=2 2 2 2 2
left_child=-1 -2 3 -3 -4
right_child=1 2 4 -5 -6
leaf_value=-0.021542108231974888 0.022331739659276276 -0.013259689166626962 0.015300544096447323 0.035217009445735095 0.00017274780495440121
leaf_weight=4.5892493501305571 5.2700403481721869 41.735778527334332 21.618536000140011 3.8572175875306121 427.56059387791902
leaf_count=22 32 216 112 25 2239
internal_value=1.16893e-05 0.000209504 -2.61297e-05 -0.00915851 0.000900833
internal_weight=504.631 500.042 494.772 45.593 449.179
internal_count=2646 2624 2592 241 2351
is_linear=0
shrinkage=0.04


Tree=272
num_leaves=8
num_cat=0
split_feature=42 57 56 42 24 2 52
split_gain=1.29137 2.74002 3.92595 2.05524 1.74731 1.99855 1.92166
threshold=0.00010814510228516625 0.22071231340548747 0.0084270161393511997 0.00011150289837601363 0.27499999999954167 0.76727558773128057 -0.5783722513438837
decision_type=2 2 2 2 2 2 2
left_child=1 -1 -3 -2 6 -6 -5
right_child=3 2 -4 4 5 -7 -8
leaf_value=-0.013918872204772989 -0.023455947826112714 0.05602673292544566 0.0045778760836866841 0.016460467149483203 0.0058838863313804583 -0.043070518963018757 -0.00018988703898246094
leaf_weight=4.6427019573748103 6.0787569694221011 3.7071815654635412 6.594311498105526 11.360464161261914 2.300100425258278 3.1776610314846039 466.61290375050157
leaf_count=25 33 21 34 105 29 24 2375
internal_value=1.13977e-05 0.0115943 0.0230927 -0.000342202 -5.15774e-05 -0.0225147 0.000205858
internal_weight=504.474 14.9442 10.3015 489.53 483.451 5.47776 477.973
internal_count=2646 80 55 2566 2533 53 2480
is_linear=0
shrinkage=0.04


Tree=273
num_leaves=9
num_cat=0
split_feature=41 0 61 3 43 0 45 0
split_gain=1.29185 5.02665 2.79579 1.68972 2.74786 1.86109 4.45301 3.95273
threshold=6.205747688999473e-05 82.179895226489563 0.50147029570047208 0.0026895228432562003 0.66603041055175649 21.66917659873349 0.50727556254739736 24.89074402038403
decision_type=2 2 2 2 2 2 2 2
left_child=3 2 -2 5 -5 6 -1 -7
right_child=1 -3 -4 4 -6 7 -8 -9
leaf_value=-0.024084200465635485 0.0047790684930404496 -0.027633868455630536 0.054726687502931463 -0.042520697890790438 0.011828603531610412 -0.022011389185857096 0.028712899533369082 0.00018647061938839864
leaf_weight=3.4696450531482688 3.2441733926534635 3.225597083568573 4.0086315087974072 3.7582155391573897 2.464456545189023 13.202402101829646 9.7060042489320022 461.16755921393633
leaf_count=17 18 20 32 25 31 70 62 2371
internal_value=1.11286e-05 0.0139093 0.0323852 -0.000283809 -0.0209959 -1.94548e-05 0.0148094 -0.000431328
internal_weight=504.247 10.4784 7.2528 493.768 6.22267 487.546 13.1756 474.37
internal_count=2646 70 50 2576 56 2520 79 2441
is_linear=0
shrinkage=0.04


Tree=274
num_leaves=15
num_cat=0
split_feature=55 23 45 32 1 13 23 49 49 24 31 8 38 54
split_gain=1.27813 3.52165 9.7959 6.85377 6.59203 5.03458 4.30435 3.32764 5.44208 4.47618 5.8202 4.30656 4.0643 3.63678
threshold=0.41823965892241777 1.1680913693023187 0.46703561739495197 0.26401611878857406 -2.9304320596493194 0.00031955508129885004 3.075592602447303 0.25932757036383541 0.2777950090895594 0.14166666666643057 1.3941119473352328 -0.00073528081398129984 0.63513904890098416 0.027600518628450147
decision_type=2 2 2 2 2 2 2 2 2 2 2 2 2 2
left_child=7 2 -2 6 -4 -5 -3 9 12 11 -11 -1 -9 -10
right_child=1 3 4 5 -6 -7 -8 8 13 10 -12 -13 -14 -15
leaf_value=-0.027498556425655789 -0.039696148196466961 -0.02475656242426617 -0.0032039377945527374 -0.043855357846310505 0.031616542988929727 0.0015765525189425764 0.014962998650549571 0.050256148365054071 0.047610461690423343 0.02002437516024843 -0.029303702764314793 -0.0025742785420236002 0.0076298124130386646 0.0022254996074326824
leaf_weight=11.692602738738058 7.0270781442522994 6.2901686355471638 19.907197847962379 13.354011964052917 15.450539685785769 5.5141576901078215 14.265614327043293 7.1447430718690139 2.8801167681813231 25.426077730022374 4.5052166208624831 215.89981801714748 7.1709251496940851 147.5314998626709
leaf_count=71 33 30 101 76 79 28 103 40 14 145 27 1073 48 778
internal_value=1.1082e-05 -0.00456497 0.00343905 -0.0131701 0.0120118 -0.030578 0.00280862 0.000897667 0.00533752 -0.00194232 0.0125996 -0.00385477 0.028904 0.00309454
internal_weight=504.06 81.8088 42.3848 39.424 35.3577 18.8682 20.5558 422.251 164.727 257.524 29.9313 227.592 14.3157 150.412
internal_count=2646 450 213 237 180 104 133 2196 880 1316 172 1144 88 792
is_linear=0
shrinkage=0.04


Tree=275
num_leaves=6
num_cat=0
split_feature=10 10 10 45 51
split_gain=1.37785 2.50813 1.869 3.6351 1.94002
threshold=-0.00062085339121309988 -0.00037643199756019996 -0.00027304925772604995 0.59501568658477055 0.054191869827001214
decision_type=2 2 2 2 2
left_child=-1 -2 3 -3 -4
right_child=1 2 4 -5 -6
leaf_value=-0.030382931703789914 0.030591919672664867 -0.037099207105586014 0.00075651732819231475 0.004808279403620672 -0.013728341576108702
leaf_weight=2.3750998079776755 4.2948467135429373 6.2529489863663894 468.50281361211091 7.0406024679541588 15.276787254959343
leaf_count=11 22 29 2473 37 74
internal_value=1.15225e-05 0.000155508 -0.000107471 -0.0149039 0.000299115
internal_weight=503.743 501.368 497.073 13.2936 483.78
internal_count=2646 2635 2613 66 2547
is_linear=0
shrinkage=0.04


Tree=276
num_leaves=14
num_cat=0
split_feature=61 23 32 23 22 61 3 45 50 45 31 22 48
split_gain=1.32 3.91749 3.79128 3.3627 5.92358 2.62238 4.59641 4.11723 7.64538 5.72806 3.21351 2.33285 0.456032
threshold=0.49623166192440987 8.958418039893461 -1.1301736241477034 6.7120074284605478 0.9770706423059764 0.50413027870558869 0.00048226869299310002 0.74595685980864446 0.027332522877971475 0.67205477826009163 1.1578151709243067 -0.33936761110924613 -0.2581657952117869
decision_type=2 2 2 2 2 2 2 2 2 2 2 2 2
left_child=1 3 -3 4 -1 6 -2 9 -9 -7 -8 -5 -4
right_child=5 2 12 11 -6 7 10 8 -10 -11 -12 -13 -14
leaf_value=0.00056860007248298538 -0.043157320557262333 -0.021136377079491106 0.022393135148338558 0.0040178828203653897 0.029978997177814576 0.0029506951426841437 -0.00088804662756315474 0.054085742983148465 -0.022232390074388975 0.030385921561035534 -0.01368076226449645 -0.034495970903120399 0.047257480866141933
leaf_weight=119.33689232729375 4.6371061131358138 1.9288768302649257 1.4918483681976793 4.0313299670815468 12.065056856721638 80.402338615618646 195.92206515371799 2.3898288309574154 17.330461036413908 14.349210979416965 37.417931772768497 6.6960524618625623 5.6499395845457894
leaf_count=632 22 11 19 22 69 496 896 14 104 94 179 32 56
internal_value=1.11179e-05 0.00313759 0.0286241 0.00151105 0.003269 -0.00133013 -0.00372313 0.00364469 -0.0129837 0.0071055 -0.00293946 -0.0200225 0.0420636
internal_weight=503.649 151.2 9.07066 142.129 131.402 352.449 237.977 114.472 19.7203 94.7515 233.34 10.7274 7.14179
internal_count=2646 841 86 755 701 1805 1097 708 118 590 1075 54 75
is_linear=0
shrinkage=0.04


Tree=277
num_leaves=10
num_cat=0
split_feature=12 12 41 53 45 12 29 51 22
split_gain=1.28019 2.09073 3.49316 4.75337 3.48619 2.42964 4.60244 2.65226 1.85422
threshold=0.00035904484559035006 0.00014495199755810002 1.6408653027758888e-05 0.022711244387710831 0.66418004709424172 9.7017920745208223e-05 0.029723413092402323 -0.12198532448704268 0.85353664962693765
decision_type=2 2 2 2 2 2 2 2 2
left_child=1 5 4 -4 -3 7 -7 -1 -2
right_child=8 2 3 -5 -6 6 -8 -9 -10
leaf_value=0.027359297220806301 0.003688866408187344 -0.0058030682109998736 0.030056682713326094 -0.018285044167396888 0.016070803286203576 0.056338653099662198 -0.011202888758380696 -0.00011450082594041174 -0.034032278055071974
leaf_weight=5.7104462608695021 4.0929999984800798 36.898021487519145 16.460991151630882 4.0564345754683009 17.042405772954226 1.6687391251325596 49.419126618653536 363.37765722442418 4.2500395476818085
leaf_count=50 20 193 89 21 87 9 251 1906 20
internal_value=1.1568e-05 0.000273654 0.00645136 0.0204992 0.00110795 -0.000821074 -0.00899671 0.000310567 -0.0155267
internal_weight=502.977 494.634 74.4579 20.5174 53.9404 420.176 51.0879 369.088 8.34304
internal_count=2646 2606 390 110 280 2216 260 1956 40
is_linear=0
shrinkage=0.04


Tree=278
num_leaves=12
num_cat=0
split_feature=32 20 15 29 2 45 39 24 21 0 41
split_gain=1.27432 2.82479 3.12685 2.52657 1.64775 5.66932 6.58049 4.66751 4.45939 5.40365 3.83537
threshold=-1.323885434921555 0.0025840141434326507 -0.0007942062565534999 0.96910993595968142 0.68154731647124744 0.45378308332604955 1.4073002512032284 0.22499999999962497 0.00012922038734400004 66.807581052031168 3.0770342134101024e-05
decision_type=2 2 2 2 2 2 2 2 2 2 2
left_child=1 -1 -3 -4 8 6 -6 -7 10 -10 -2
right_child=4 2 3 -5 5 7 -8 -9 9 -11 -12
leaf_value=0.0538280950889179 -0.0018869561050667925 0.034663709363256356 0.0072231370880407588 -0.026891381132636446 0.026124793810182196 0.00076524773873738023 -0.020093968327941924 -0.034341422323417879 -0.028274129175714282 0.018775458832587931 0.019265862923524654
leaf_weight=2.0683794580400017 264.58471450861543 4.4150612168014076 11.275888413190843 5.0199273228645316 26.824489697813988 137.58927781879902 6.0383015275001517 6.3384910412132731 19.22465946990997 4.901446968317031 14.464600097388027
leaf_count=14 1370 29 53 25 146 728 30 43 107 26 75
internal_value=1.14997e-05 0.00925552 0.00480409 -0.00328584 -0.000427223 0.00264193 0.0176324 -0.000780829 -0.00221694 -0.0187156 -0.000790494
internal_weight=502.745 22.7793 20.7109 16.2958 479.966 176.791 32.8628 143.928 303.175 24.1261 279.049
internal_count=2646 121 107 78 2525 947 176 771 1578 133 1445
is_linear=0
shrinkage=0.04


Tree=279
num_leaves=9
num_cat=0
split_feature=13 13 9 22 23 9 51 51
split_gain=1.26964 2.33856 2.03831 3.21016 3.04055 2.03328 6.96521 5.49828
threshold=0.00047192052584920009 0.00044308087558780007 0.00020269632586787496 0.11717657224509447 7.7841903259562937 0.00020637830366187053 0.031394668443679198 0.033934544838367664
decision_type=2 2 2 2 2 2 2 2
left_child=1 5 -2 -4 -5 6 -1 -7
right_child=2 -3 3 4 -6 7 -8 -9
leaf_value=0.00051691424619399341 0.015542992378475401 0.031743822227531415 -0.039552045727699374 -0.016736612017685847 0.023693445168809921 0.00020797988940406381 -0.018699146817959183 0.016861597282632233
leaf_weight=190.01645277440548 4.4289748668670681 3.7933737412095061 5.7736331112682846 9.4736301228404027 4.3394911810755721 211.35568317677826 35.879132628440857 37.320780918002129
leaf_count=967 21 20 30 45 24 1187 169 183
internal_value=1.13788e-05 0.000461938 -0.00896323 -0.0145046 -0.00403522 0.000211894 -0.00253518 0.00270732
internal_weight=502.381 478.365 24.0157 19.5868 13.8131 474.572 225.896 248.676
internal_count=2646 2526 120 99 69 2506 1136 1370
is_linear=0
shrinkage=0.04


Tree=280
num_leaves=14
num_cat=0
split_feature=61 23 32 46 48 61 51 37 47 48 23 24 21
split_gain=1.25834 3.74426 3.5348 3.422 6.16571 2.40692 3.92898 4.34965 3.86907 5.35173 1.75545 1.70673 0.013103
threshold=0.49623166192440987 8.958418039893461 -0.78561813300565031 -0.1651813550080132 -0.31996468206357037 0.50413027870558869 0.028881637405879939 0.20537209711968377 -0.39937896435165954 -0.33936766369567778 6.2324222294086491 0.058333333333236058 0.00052358936850125011
decision_type=2 2 2 2 2 2 2 2 2 2 2 2 2
left_child=1 3 -3 11 -5 8 7 -7 -2 -10 -8 -1 -4
right_child=5 2 12 4 -6 6 10 -9 9 -11 -12 -13 -14
leaf_value=0.05300761796332247 -0.040385799243253862 -0.0073279874131283729 0.044823106692111918 -0.03526284824487308 0.002274311089274326 -0.0034347043835131659 0.052859922185336368 0.014428129606765226 0.027036798555091539 -0.004112448603479665 0.011651530293991274 0.0087872040435009527 0.048761967575041691
leaf_weight=2.9577003549784413 4.4865553155541411 2.9638897767290473 3.7929788380861265 7.4039999172091475 128.73311253264546 76.892870073206723 3.4936465844511977 30.447388301603496 9.1873035877943021 223.83635532483459 3.1411238983273506 2.6456599151715636 2.0991241075098515
leaf_count=21 23 20 50 50 654 465 21 203 50 1024 19 30 16
internal_value=1.10078e-05 0.00307028 0.028303 0.00149373 0.000232802 -0.00129976 0.00347855 0.00163214 -0.00359274 -0.00288434 0.0333505 0.0321287 0.0462264
internal_weight=502.082 150.596 8.85599 141.74 136.137 351.485 113.975 107.34 237.51 233.024 6.63477 5.60336 5.8921
internal_count=2646 841 86 755 704 1805 708 668 1097 1074 40 51 66
is_linear=0
shrinkage=0.04


Tree=281
num_leaves=11
num_cat=0
split_feature=22 52 52 22 59 13 56 31 10 56
split_gain=1.2811 4.19209 8.29501 3.57348 5.7206 2.42466 2.74503 2.60299 2.03706 0.635637
threshold=2.5110155039532112 -0.26868020695367556 -0.14903601882714659 1.9577900687019365 0.086266085921676686 0.00047192052584920009 -0.02661686050162591 -2.2608064077639898 -5.1835538215325803e-05 -0.0051004788760076539
decision_type=2 2 2 2 2 2 2 2 2 2
left_child=3 -2 -3 5 -5 7 -7 -1 -4 -6
right_child=1 2 8 4 9 6 -8 -9 -10 -11
leaf_value=0.036721545800570472 0.025114197281778345 -0.054944159842814075 -0.022309744983594726 -0.018988180482017995 0.055862393667626596 -0.03355589015044845 -0.0023805142765918252 0.00024320648637710473 0.01760068901675289 0.032102765491181746
leaf_weight=3.1518394723534575 4.2819890826940563 6.3119849562644967 3.046580296009779 3.4581389054656011 3.4866999983787537 7.1892000362277058 12.1670023240149 448.55369472689927 6.2316741310059989 3.7275991886854172
leaf_count=20 21 31 18 19 20 33 63 2363 37 21
internal_value=1.16647e-05 -0.00994124 -0.0195695 0.000422236 0.0233103 -9.63189e-05 -0.0139595 0.000497739 0.00449582 0.0435859
internal_weight=501.606 19.8722 15.5902 481.734 10.6724 471.062 19.3562 451.706 9.27825 7.2143
internal_count=2646 107 86 2539 60 2479 96 2383 55 41
is_linear=0
shrinkage=0.04


Tree=282
num_leaves=9
num_cat=0
split_feature=57 31 49 22 56 55 0 54
split_gain=1.23032 2.87744 2.64669 4.70869 4.82478 2.40899 5.89262 2.78546
threshold=-0.23272220966569018 1.2926116640698364 -0.18804870523831571 1.6974084807086351 0.0059086538507510137 -0.19786077571815244 58.788503441739437 -0.047365438458049691
decision_type=2 2 2 2 2 2 2 2
left_child=1 -1 3 4 -2 6 -4 -7
right_child=2 -3 5 -5 -6 7 -8 -9
leaf_value=0.036763987195705082 0.010072071861933762 -0.0086240637760196387 0.024276416550683147 -0.049928944852773396 -0.019422397200735336 -0.029518857432805596 -0.026096338697849848 0.00030441951153062233
leaf_weight=4.5997361056506616 16.930529907345772 4.3467124290764332 17.363374836742882 4.251107618212699 18.648112658411264 5.0705258548259726 4.7272826582193366 425.26589002925903
leaf_count=30 92 25 91 25 93 27 24 2239
internal_value=1.12496e-05 0.0147118 -0.000255923 -0.0101411 -0.0053871 0.000614329 0.0134969 -4.69793e-05
internal_weight=501.203 8.94645 492.257 39.8298 35.5786 452.427 22.0907 430.336
internal_count=2646 55 2591 210 185 2381 115 2266
is_linear=0
shrinkage=0.04


Tree=283
num_leaves=6
num_cat=0
split_feature=12 12 12 45 50
split_gain=1.26643 2.37088 1.75626 3.34362 1.69704
threshold=-0.00062085339121309988 -0.00037643199756019996 -0.00027304925772604995 0.59501568658477055 -0.063584233827165076
decision_type=2 2 2 2 2
left_child=-1 -2 3 -3 -4
right_child=1 2 4 -5 -6
leaf_value=-0.029225407197619499 0.029879515314602416 -0.035843659825274161 0.020563135716130537 0.0044812459163552356 9.9629588902659488e-06
leaf_weight=2.359420731663703 4.2550937458872786 6.215182797983287 6.5159432254731646 6.9901394732296467 474.54409741051495
leaf_count=11 22 29 43 37 2504
internal_value=1.08825e-05 0.000149253 -0.000106692 -0.014498 0.000288355
internal_weight=500.88 498.52 494.265 13.2053 481.06
internal_count=2646 2635 2613 66 2547
is_linear=0
shrinkage=0.04


Tree=284
num_leaves=11
num_cat=0
split_feature=23 20 22 41 23 27 44 15 45 32
split_gain=1.23679 6.51744 6.78856 7.29855 2.42393 6.10973 5.65183 2.2285 3.25638 3.12005
threshold=-0.7236471282160627 0.0025851144886414007 -0.042902492073527247 -6.7550360200267302e-06 -0.50446959540617942 -1.3287488930014792 0.013968800209361492 0.00076204487209865005 0.46521693759869842 0.64766140672102457
decision_type=2 2 2 2 2 2 2 2 2 2
left_child=1 2 3 -1 5 -2 -7 9 -9 -6
right_child=4 -3 -4 -5 7 6 -8 8 -10 -11
leaf_value=-0.019479590627473439 -0.029015883117940823 -0.051957904138274114 -0.035264769561819384 0.048746886742337757 -0.0010449528129501428 0.010562901773167767 0.063208958309114133 0.011675100038474939 -0.016994671120302795 0.0077232713586737212
leaf_weight=4.2168209552764893 4.25379350781441 4.5260262973606578 5.0879840776324281 6.1932686604559422 345.62607916630805 12.137492030858995 4.4621885418891898 8.3877694159746152 25.948605675250292 79.952511815354228
leaf_count=19 19 23 24 33 1826 70 21 49 147 415
internal_value=1.05295e-05 -0.00972972 0.00260252 0.0211103 0.000416213 0.0137545 0.0247148 -0.000188574 -0.00999115 0.000602314
internal_weight=500.793 20.0241 15.4981 10.4101 480.768 20.8535 16.5997 459.915 34.3364 425.579
internal_count=2646 99 76 52 2547 110 91 2437 196 2241
is_linear=0
shrinkage=0.04


Tree=285
num_leaves=13
num_cat=0
split_feature=61 27 14 51 52 54 45 52 61 61 45 23
split_gain=1.22586 2.36046 2.41512 4.28316 1.75226 2.74659 4.78021 2.57709 2.41307 2.58517 1.61213 0.196045
threshold=0.49080325214249448 3.5528343459211857 0.00020279045911225004 0.016815542845453741 -0.5783722513438837 0.1382990293577718 0.76232629393108198 -0.50484243515775129 0.50595262122359907 0.50001740612756784 0.5282223465837691 5.9464593630551832
decision_type=2 2 2 2 2 2 2 2 2 2 2 2
left_child=1 2 3 -1 8 7 -7 -6 9 -2 -4 -10
right_child=4 -3 10 -5 5 6 -8 -9 11 -11 -12 -13
leaf_value=-0.0057889027414212832 0.025392838687780531 -0.026428351755139905 0.00055210001731009469 0.042892113788529987 0.032741428354437774 -0.0026509011336665676 -0.050558618505181299 -0.00056519507862596902 0.048638253725018066 -0.02376855564244473 0.039319129819784991 0.029886894889691599
leaf_weight=15.366349911317238 3.5146728791296464 2.9197608008980742 2.3525047581642848 3.5621339641511431 3.7486494854092589 10.888840582221745 4.8019804656505576 439.82304486073554 2.2958537638187408 3.3357434347271919 6.3464971333742142 1.4590195314958694
leaf_count=119 25 16 20 25 22 68 27 2203 18 20 51 32
internal_value=1.04782e-05 0.00777505 0.0113898 0.00337233 -0.000494315 -0.00086551 -0.0173125 -0.000283719 0.0155803 0.00145418 0.0288352 0.0413521
internal_weight=500.415 30.5472 27.6275 18.9285 469.868 459.263 15.6908 443.572 10.6053 6.85042 8.699 3.75487
internal_count=2646 231 215 144 2415 2320 95 2225 95 45 71 50
is_linear=0
shrinkage=0.04


Tree=286
num_leaves=11
num_cat=0
split_feature=41 6 54 31 31 14 59 13 38 9
split_gain=1.22082 3.43392 2.78194 1.56995 4.56486 3.95877 4.35447 3.83582 3.19147 1.38056
threshold=6.205747688999473e-05 0.00011842333767565002 0.09232023933487557 1.1495333374518679 1.0981126382252144 0.00027733813103835006 0.24492803221217641 0.00015930922094575001 -0.10545734923277049 0.00021760474836774425
decision_type=2 2 2 2 2 2 2 2 2 2
left_child=3 -2 -3 4 8 6 -5 -7 -1 -6
right_child=1 2 -4 5 9 7 -8 -9 -10 -11
leaf_value=-0.042123119561360216 0.045093954608579637 -0.033390682651079771 0.019005457567726911 -0.015361522752874239 0.013520058853030715 0.03564132181098946 0.0066350130833802484 -0.00027723023481736954 0.00051944800499172583 0.045213066770518909
leaf_weight=2.8290818259119979 3.6063440917059761 2.8339522257447243 3.7890773117542267 53.723671790212393 4.4032550081610662 6.4185967929661301 19.672208865173161 18.377036724239588 379.98387348279357 4.393238477408886
leaf_count=13 26 17 27 273 24 36 116 107 1983 24
internal_value=1.06125e-05 0.013687 -0.00341452 -0.000275016 0.000858958 -0.00479756 -0.00946582 0.00902064 0.000204309 0.0293485
internal_weight=500.03 10.2294 6.62303 489.801 391.609 98.1915 73.3959 24.7956 382.813 8.79649
internal_count=2646 70 44 2576 2044 532 389 143 1996 48
is_linear=0
shrinkage=0.04


Tree=287
num_leaves=12
num_cat=0
split_feature=32 20 51 3 15 44 3 47 20 3 14
split_gain=1.22916 2.66879 2.99017 5.2047 1.56659 4.42078 7.10164 6.20009 3.27508 6.48747 5.24782
threshold=-1.323885434921555 0.0025840141434326507 -0.0029451644286309299 0.00068603223117540016 7.2000473489350621e-05 0.013968443677858674 0.0010192472313101002 -0.27108713538416424 0.0025841408059519007 0.00079253916392710017 -0.00014184200667969997
decision_type=2 2 2 2 2 2 2 2 2 2 2
left_child=1 -1 3 -3 8 7 -7 -6 10 -10 -2
right_child=4 2 -4 -5 5 6 -8 -9 9 -11 -12
leaf_value=0.053177204984831292 -0.009194450411020268 -0.026008093261357734 -0.015664753269640303 0.0310846617461106 0.0083383708836282031 0.014277749160156266 -0.0018657836009675292 -0.020366965683254797 -0.019214785326550448 -0.0012611236572084453 0.013612798433080883
leaf_weight=2.0054297875613001 26.227084700018167 3.4573296755552336 7.3280978053808186 9.7864450216293317 20.423602472990751 75.022724319249392 104.09343692567199 29.325512450188398 42.002177039161325 138.02155254222453 41.977606154978275
leaf_count=14 134 16 34 57 110 398 588 147 198 740 210
internal_value=1.05505e-05 0.00913041 0.00483655 0.0161804 -0.000421025 0.00196608 0.00489593 -0.00858251 -0.00262192 -0.00544998 0.00484262
internal_weight=499.671 22.5773 20.5719 13.2438 477.094 228.865 179.116 49.7491 248.228 180.024 68.2047
internal_count=2646 121 107 73 2525 1243 986 257 1282 938 344
is_linear=0
shrinkage=0.04


Tree=288
num_leaves=15
num_cat=0
split_feature=55 55 21 18 39 22 9 29 1 6 51 46 45 30
split_gain=1.27602 3.40011 3.70765 3.34242 5.80269 8.95791 4.7385 4.73336 6.08768 4.55831 3.17791 5.21441 3.57162 1.64663
threshold=0.41823965892241777 0.42005107639886913 -5.3448508508554696e-05 1.0000000180025095e-35 0.90498333573818901 0.30345799314665539 0.00021833292011078678 3.8527123002728669 19.2465656068016 0.00013943492637520001 -0.11255588471278392 -0.17189171149613861 0.55542685234928546 0.55758732519439558
decision_type=2 2 2 2 2 2 2 2 2 2 2 2 2 2
left_child=3 2 -2 4 5 -1 -6 8 -5 -9 12 -12 -3 -4
right_child=1 10 13 7 6 -7 -8 9 -10 -11 11 -13 -14 -15
leaf_value=0.018798108669483251 0.010680735008438288 -0.044698106703468903 -0.057142083943913388 -0.0019880095931112166 -0.011644558518684303 -0.007892216001302816 0.013321418468336524 0.001116309456780766 -0.022432536004768008 0.026766942565444773 0.031517351505960363 -0.0022534171111293902 0.00046951805518955755 -0.023045536051135618
leaf_weight=72.025162254460156 3.7319980841130027 5.1962285190820676 3.7175314873456919 179.15687708836049 42.218204626813531 27.918332848697901 17.086478036828339 37.215178765356541 26.78761899843812 15.787089571356772 8.6362801119685155 47.834064177237451 6.0770403295755386 5.8046676702797413
leaf_count=414 22 30 17 860 226 149 124 196 136 91 56 260 34 31
internal_value=1.06064e-05 -0.00458462 -0.0231126 0.00090063 0.00546068 0.0113424 -0.00445152 -0.00190373 -0.00464727 0.00875653 -0.000959584 0.00291131 -0.0203498 -0.0363571
internal_weight=499.193 80.9978 13.2542 418.195 159.248 99.9435 59.3047 258.947 205.944 53.0023 67.7436 56.4703 11.2733 9.5222
internal_count=2646 450 70 2196 913 563 350 1283 996 287 380 316 64 48
is_linear=0
shrinkage=0.04


Tree=289
num_leaves=12
num_cat=0
split_feature=56 56 51 6 10 51 30 9 52 9 41
split_gain=1.20071 5.13387 5.6005 6.50688 6.0286 3.83627 4.43762 3.02146 4.93195 4.62812 2.11161
threshold=-0.01231760384434186 -0.013347308817226003 0.034608850268278764 -0.00011557448426014999 -9.7385280242496611e-05 0.054191869827001214 0.30680435626191171 0.0001950804593138511 0.058474927576219783 0.00019609213982229909 2.2349953510580892e-05
decision_type=2 2 2 2 2 2 2 2 2 2 2
left_child=1 2 3 -1 -4 7 -7 8 -2 -9 -8
right_child=5 -3 4 -5 -6 6 10 9 -10 -11 -12
leaf_value=0.037879884887238958 0.0050571242896074835 -0.03816553734295354 -0.017968146347688129 -0.00838664426164548 0.037945342926416062 0.014648153879631422 -0.055658555226151187 -0.031930004206615681 0.037537485805748498 0.0004417249059431509 -0.016256166772486931
leaf_weight=5.185047358274459 92.9480608291924 6.5200370699167243 4.4005189538002005 78.454751212149858 10.323405314236878 3.9268519505858412 4.4913339763879758 7.2542731016874304 8.1345458403229696 272.7286120140925 4.2216271348297596
leaf_count=32 482 30 21 393 53 20 20 37 48 1487 23
internal_value=1.08446e-05 -0.00379227 -0.00151384 -0.00551846 0.0212346 0.001024 -0.020656 0.00174312 0.00767096 -0.000397017 -0.0365672
internal_weight=498.589 104.884 98.3637 83.6398 14.7239 393.705 12.6398 381.065 101.083 279.983 8.71296
internal_count=2646 529 499 425 74 2117 63 2054 530 1524 43
is_linear=0
shrinkage=0.04


Tree=290
num_leaves=14
num_cat=0
split_feature=61 42 22 27 56 46 38 23 38 22 6 39 15
split_gain=1.2157 4.25611 3.68072 4.53306 2.40648 2.39784 2.06733 1.78322 5.0714 5.17873 1.92796 4.1478 2.3267
threshold=0.49210559988329755 0.00013964112270602332 -0.55003969285847021 -1.8475222605255719 0.0030728458066803933 0.085114345564985455 1.2420703198099516 -0.7236471282160627 0.61842309634189385 -0.099629090959845637 0.00035134783352925003 1.4579885471219483 -0.00026163538600624999
decision_type=2 2 2 2 2 2 2 2 2 2 2 2 2
left_child=1 4 5 -4 -1 -3 -6 8 9 -2 12 -12 -9
right_child=7 2 3 -5 6 -7 -8 10 -10 -11 11 -13 -14
leaf_value=0.050495952778780134 0.0001855640167393259 0.038700010966535886 -0.058065566092603813 -0.0028655252756694615 -0.0052859763694017726 -0.0052138926865418688 0.038804581674579029 -0.0040694790712036905 0.016848184683080251 -0.054377558067420582 -0.022664635265108136 0.025262614871587871 0.0024082342924587135
leaf_weight=4.4123918600380403 5.1894555538892755 5.1475859992206079 2.6821784656494847 21.149345362558964 4.1456307843327522 3.2427385225892067 2.8860753327608109 127.4014134677127 5.8621539473533621 6.0024123936891565 14.27466915920377 3.6223139613866797 292.20006998814642
leaf_count=31 23 60 15 141 22 20 21 656 31 28 72 25 1501
internal_value=1.0811e-05 0.00638588 -0.00105648 -0.00907815 0.0273405 0.0217279 0.0128104 -0.000601601 -0.0132911 -0.0290777 -0.000106954 -0.0129643 0.00044144
internal_weight=498.218 43.6659 32.2218 23.8315 11.4441 8.39032 7.03171 454.552 17.054 11.1919 437.498 17.897 419.601
internal_count=2646 310 236 156 74 80 43 2336 82 51 2254 97 2157
is_linear=0
shrinkage=0.04


Tree=291
num_leaves=14
num_cat=0
split_feature=55 23 45 32 1 7 23 57 59 59 56 58 39
split_gain=1.19789 3.19213 8.9393 6.23962 6.06209 4.52428 3.88324 2.80815 7.31992 4.77029 7.8262 4.33593 4.32937
threshold=0.41823965892241777 1.1680913693023187 0.46703561739495197 0.26401611878857406 -2.9304320596493194 0.00041476464053400006 3.075592602447303 0.30899933088957693 0.23649306077110036 0.30303660641526964 0.024410749692749225 -0.2743913590269475 1.1282918334633478
decision_type=2 2 2 2 2 2 2 2 2 2 2 2 2
left_child=7 2 -2 6 -4 -5 -3 8 11 12 -11 -1 -9
right_child=1 3 4 5 -6 -7 -8 9 -10 10 -12 -13 -14
leaf_value=-0.035701858943066579 -0.038067628915439897 -0.023450256091897419 -0.003078010548672348 -0.042459393680466972 0.030565650780629332 0.00010690103481355846 0.014456758057399042 0.035134408553138027 -0.03975204100678327 -0.056321324767270378 0.0049813323995257768 0.00074254103798471779 0.00061497052103636786
leaf_weight=5.309194639325141 6.9907969981431952 6.2638643383979824 19.79277665168047 12.948641039431097 15.111501321196554 5.7779229879379264 13.961240855976937 15.481305044144394 7.5236860886216155 3.5552385449409476 53.078991779126227 322.65047165192664 9.3086069971322996
leaf_count=24 33 30 101 73 79 31 103 77 34 17 388 1612 44
internal_value=1.08272e-05 -0.00444522 0.00321869 -0.0126883 0.0114877 -0.0293259 0.00271668 0.000874944 -0.000742358 0.00753854 0.00113303 0.000152559 0.0221724
internal_weight=497.754 80.8467 41.8951 38.9517 34.9043 18.7266 20.2251 416.907 335.483 81.4241 56.6342 327.96 24.7899
internal_count=2646 450 213 237 180 104 133 2196 1670 526 405 1636 121
is_linear=0
shrinkage=0.04


Tree=292
num_leaves=14
num_cat=0
split_feature=9 23 30 45 23 32 15 9 6 9 9 55 14
split_gain=1.21291 4.70462 6.2919 5.96537 6.19383 4.65511 4.27369 3.33598 8.02963 5.45822 4.6196 4.35093 4.01156
threshold=0.00022035861299794148 1.5207724677869805 1.3397466214708633 0.43559367311146274 4.5407253509037373 -0.94441962956938941 -0.00021049384530869998 0.00021470025870232715 -0.00023734026536934998 0.00021545043286456489 0.00020980391946122677 -0.28698347873953894 0.00039757296541215002
decision_type=2 2 2 2 2 2 2 2 2 2 2 2 2
left_child=7 2 6 5 -5 -3 -2 10 -9 -10 11 -1 -12
right_child=1 3 -4 4 -6 -7 -8 8 9 -11 12 -13 -14
leaf_value=0.024874050788088863 0.003984693766211818 -0.025163768425118402 -0.02311964563916423 -0.019144098233326256 0.0023605999066342049 0.033364827184158216 0.028910340370524916 -0.059946740178608397 -0.041042786024387053 0.0012531463918378832 0.017447229844543669 -0.0028776223087100799 -0.018588481784826374
leaf_weight=9.381690036505459 19.270976513624191 2.683399584144353 6.7794253230094901 34.151094268076122 57.527662117965519 11.459599947556852 25.662205949425697 4.9205276519060126 5.8096528630703679 30.56418093200773 35.948488377034664 247.50404270738363 5.730668142437934
leaf_count=55 102 15 32 192 379 79 131 21 29 150 183 1251 27
internal_value=1.10319e-05 0.00291229 0.0128006 -0.00191992 -0.00565008 0.02226 0.0182202 -0.00133378 -0.0119898 -0.00550239 0.000140052 -0.00186411 0.0124925
internal_weight=497.394 157.534 51.7126 105.822 91.6788 14.143 44.9332 339.859 41.2944 36.3738 298.565 256.886 41.6792
internal_count=2646 930 265 665 571 94 233 1716 200 179 1516 1306 210
is_linear=0
shrinkage=0.04


Tree=293
num_leaves=15
num_cat=0
split_feature=19 15 54 22 15 58 3 9 9 22 22 23 44 13
split_gain=1.23449 4.78592 8.44217 5.93082 5.0935 4.04792 4.79047 4.70101 10.1154 6.15226 4.49599 3.27336 3.03548 2.99493
threshold=-1.3117229864902906 -0.00026163538600624999 0.045629320962149306 -0.51050537490387604 -0.0005893565037102999 -0.14115423153628548 0.0014554300856282501 0.00021374784697542583 0.00022018640186035842 -0.70946665135918507 0.027981190440894553 -0.76714266559094246 0.013968537224977968 -0.00026371896912924997
decision_type=2 2 2 2 2 2 2 2 2 2 2 2 2 2
left_child=5 2 4 -4 -2 7 10 9 -9 -1 -7 12 -3 -13
right_child=1 11 3 -5 -6 6 -8 8 -10 -11 -12 13 -14 -15
leaf_value=-0.005316139482091824 -0.037002307116511472 0.0047784068071437336 0.0019426084147703255 -0.034096319496049972 0.017632773454304126 -0.023468836777214223 0.026745430251413033 -0.043511771685196592 0.012938613113773622 0.031088093153186627 0.0066610975482462873 0.01738075028590097 -0.039531232081696094 0.00056225156486507393
leaf_weight=10.685399621725081 3.2565724775195148 4.1738096475601179 10.298328019678591 25.146485581994057 16.890849567949772 20.623473986983299 6.0638519218191496 7.0067771002650288 18.459197157993913 24.362541442736983 12.868507236242293 17.909694181755185 6.0731410086154938 313.12019818276167
leaf_count=54 17 21 63 125 81 99 38 32 130 131 66 94 31 1664
internal_value=1.11991e-05 -0.000989907 -0.0118733 -0.0236254 0.00880171 0.00398151 -0.00596904 0.0104858 -0.0025933 0.0199892 -0.0118921 0.000782947 -0.0214829 0.00147218
internal_weight=496.939 396.869 55.5922 35.4448 20.1474 100.07 39.5558 60.5139 25.466 35.0479 33.492 341.277 10.247 331.03
internal_count=2646 2096 286 188 98 550 203 347 162 185 165 1810 52 1758
is_linear=0
shrinkage=0.04


Tree=294
num_leaves=8
num_cat=0
split_feature=50 56 42 56 51 52 61
split_gain=1.20025 1.69485 4.62385 4.68806 3.57741 4.33851 3.24111
threshold=-0.065481186193399779 -0.01231760384434186 0.00025402594971190868 -0.013347308817226003 0.054191869827001214 -0.11781806166793724 0.49840718302705739
decision_type=2 2 2 2 2 2 2
left_child=-1 2 3 -2 6 -6 -3
right_child=1 4 -4 -5 5 -7 -8
leaf_value=0.019135850540098899 -0.0043213356850538417 0.0055815296308233042 0.035109375034076469 -0.040139625648872558 0.016720648065817724 -0.035029466297069052 -0.001838666609628079
leaf_weight=5.1955759376287451 90.51977826282382 180.26854065712541 4.4403313528746358 6.2503071725368491 3.6542986631393424 8.916652746498583 197.23473106604069
leaf_count=33 449 955 32 28 19 44 1086
internal_value=1.11779e-05 -0.000191075 -0.0048034 -0.00663481 0.00100566 -0.019986 0.00170469
internal_weight=496.48 491.285 101.21 96.7701 390.074 12.571 377.503
internal_count=2646 2613 509 477 2104 63 2041
is_linear=0
shrinkage=0.04


Tree=295
num_leaves=6
num_cat=0
split_feature=10 10 10 45 9
split_gain=1.20722 2.23116 1.59392 2.95668 1.64942
threshold=-0.00062085339121309988 -0.00037643199756019996 -0.00027304925772604995 0.59501568658477055 0.00022035861299794148
decision_type=2 2 2 2 2
left_child=-1 -2 3 -3 -4
right_child=1 2 4 -5 -6
leaf_value=-0.028541346836974235 0.029304288770985513 -0.033982254604853046 -0.0013147353890231184 0.0041103088632566025 0.0037550303210798414
leaf_weight=2.3580831885337821 4.1637476459145537 6.1765438783913833 326.97485177777708 6.9047860540449619 149.68107066117227
leaf_count=11 22 29 1656 37 891
internal_value=1.08255e-05 0.000147145 -0.000100749 -0.0138757 0.000277289
internal_weight=496.259 493.901 489.737 13.0813 476.656
internal_count=2646 2635 2613 66 2547
is_linear=0
shrinkage=0.04


Tree=296
num_leaves=8
num_cat=0
split_feature=9 22 59 50 22 39 22
split_gain=1.16039 1.4547 4.67164 3.86291 2.44326 5.68084 4.38651
threshold=0.00016703143449688465 2.6194642739286169 0.068403583533795498 0.087255902561041945 0.79751037448848372 0.075618046464160302 0.32458744402616474
decision_type=2 2 2 2 2 2 2
left_child=-1 4 -3 -4 6 -6 -2
right_child=1 2 3 -5 5 -7 -8
leaf_value=0.020951367688321315 0.0006429522485677621 0.016049551316921418 -0.047904775806874841 0.0025328137086632471 -0.016965710282931659 0.011235453274560513 -0.011453951152822868
leaf_weight=4.1980169191956511 337.81891183368862 6.0125949718058136 6.2733592391014081 3.9651954174041748 13.726330928504465 68.277764312922955 55.897240795195103
leaf_count=22 1814 37 34 20 74 365 280
internal_value=1.04495e-05 -0.00016824 -0.0119365 -0.0283713 0.000233776 0.00651498 -0.00107449
internal_weight=496.169 491.971 16.2511 10.2386 475.72 82.0041 393.716
internal_count=2646 2624 91 54 2533 439 2094
is_linear=0
shrinkage=0.04


Tree=297
num_leaves=10
num_cat=0
split_feature=61 41 20 31 46 44 6 42 3
split_gain=1.18727 2.71889 1.55109 5.5864 4.27731 2.32814 8.95513 2.64356 1.17782
threshold=0.52490193735124813 -2.6950111861386474e-05 0.0025910113606156002 1.3008642280128986 -0.045606580878650542 0.013970099205133601 7.3768624480886004e-05 9.8059731454121872e-05 0.0010648269492734503
decision_type=2 2 2 2 2 2 2 2 2
left_child=2 -2 5 4 -4 7 -7 -1 -3
right_child=1 8 3 -5 -6 6 -8 -9 -10
leaf_value=0.031861764504952997 -0.01739255395275012 0.048284400206291718 -0.046293661323272957 0.032418755830766414 -0.0011547630518657763 0.031700954919915376 -0.015604762848079266 -0.0007988263868125684 0.012009781447343949
leaf_weight=4.001214623451232 2.8167484411969781 2.9377397401258332 6.7782875858247289 3.5617447718977919 6.6581195294857034 15.184330265037717 11.070975452661513 440.07752967067063 2.7944866325706244
leaf_count=22 38 32 42 24 44 78 56 2273 37
internal_value=9.96771e-06 0.0147875 -0.000249265 -0.0121197 -0.0239261 0.00017974 0.0117537 -0.00050455 0.0306004
internal_weight=495.881 8.54897 487.332 16.9982 13.4364 470.334 26.2553 444.079 5.73223
internal_count=2646 107 2539 110 86 2429 134 2295 69
is_linear=0
shrinkage=0.04


Tree=298
num_leaves=12
num_cat=0
split_feature=49 8 14 56 55 41 61 49 50 3 46
split_gain=1.17091 7.35246 3.12958 6.15761 2.30737 5.60469 4.8485 3.22762 2.06989 3.49216 2.79908
threshold=-0.18804870523831571 0.00094655482729020005 0.00037199535944625002 0.0059086538507510137 -0.19786077571815244 6.9017313973536917e-07 0.49337525666088683 -0.13157714237634391 -0.03558406116281683 0.0011609298962791002 0.01262753247762125
decision_type=2 2 2 2 2 2 2 2 2 2 2
left_child=1 2 3 -1 5 7 -7 -2 9 -6 -10
right_child=4 -3 -4 -5 8 6 -8 -9 10 -11 -12
leaf_value=0.01138354801482651 0.05162617720432372 0.048419554822064031 -0.040546824288405711 -0.020596336583517269 -0.039806028841402101 0.02387262746226897 -0.032965672387601702 0.010304111131174043 -0.00044367806531951339 0.0054192310419228463 0.012581715377665484
leaf_weight=17.040236428380013 6.2160992659628391 3.6748270504176608 4.9179536756128064 22.162551000714302 5.4631170183420164 4.1389678157865983 5.7196403369307518 5.8902352517470735 386.60920143639669 5.4641753043979406 28.331328853964806
leaf_count=96 34 27 28 113 27 24 27 31 2066 29 144
internal_value=1.00352e-05 -0.0059412 -0.0104689 -0.00669567 0.000645189 0.0132877 -0.00910309 0.0315213 -6.87225e-06 -0.0171912 0.00044567
internal_weight=495.628 47.7956 44.1207 39.2028 447.833 21.9649 9.85861 12.1063 425.868 10.9273 414.941
internal_count=2646 264 237 209 2382 116 51 65 2266 56 2210
is_linear=0
shrinkage=0.04


Tree=299
num_leaves=14
num_cat=0
split_feature=49 49 24 9 38 54 30 59 22 38 22 23 23
split_gain=1.12658 6.22973 4.0557 5.33002 4.86728 3.91726 4.8018 4.18134 3.86916 4.54671 3.28753 8.99868 5.84277
threshold=0.25932757036383541 0.2777950090895594 0.14166666666643057 0.00018689737010643223 1.1217562862844421 0.062881160164616173 -0.66184095268797793 0.12367415662404808 -0.38524120890967312 0.63513904890098416 0.56574751948232105 6.2778685311655709 8.958418039893461
decision_type=2 2 2 2 2 2 2 2 2 2 2 2 2
left_child=2 8 10 -4 -5 6 -3 -7 -2 -10 12 -12 -1
right_child=1 5 3 4 -6 7 -8 -9 9 -11 11 -13 -14
leaf_value=-0.0080273380266155121 0.058154966624025493 0.048633865156584369 0.060064879741605494 0.020984266910797418 -0.014252870136722353 -0.017171398659793252 -0.0043454362908817634 0.0010740456540691819 0.042665302560407084 -0.01293193933252095 0.017878938639196693 -0.0184280853922336 0.023518237580869097
leaf_weight=165.28045356832445 4.5521624786779276 5.8103138580918312 3.3011072576046017 14.819918736815454 10.874010556377469 22.406069602817297 5.1753109842538816 194.99292454402894 4.4501261822879297 4.995271809399128 32.085034105926752 16.559602290391922 9.9603788675740343
leaf_count=801 33 29 20 81 71 110 26 1077 27 28 160 95 88
internal_value=1.01522e-05 0.00195879 -0.00185759 0.0122186 0.00607144 0.000371202 0.0236754 -0.000806408 0.0278619 0.0132623 -0.00368057 0.00551931 -0.00623434
internal_weight=495.263 242.382 252.881 28.995 25.6939 228.385 10.9856 217.399 13.9976 9.4454 223.885 48.6446 175.241
internal_count=2646 1330 1316 172 152 1242 55 1187 88 55 1144 255 889
is_linear=0
shrinkage=0.04


end of trees

feature_importances:
Column_61=307
Column_22=225
Column_23=152
Column_42=140
Column_3=127
Column_9=124
Column_31=104
Column_41=99
Column_45=94
Column_38=72
Column_43=72
Column_39=68
Column_44=67
Column_51=65
Column_55=63
Column_8=61
Column_32=61
Column_1=55
Column_6=55
Column_50=55
Column_24=52
Column_52=51
Column_56=50
Column_15=49
Column_7=48
Column_10=46
Column_20=46
Column_49=46
Column_59=46
Column_25=44
Column_13=42
Column_30=42
Column_54=40
Column_57=39
Column_0=35
Column_14=35
Column_29=35
Column_21=30
Column_47=30
Column_19=28
Column_18=27
Column_37=27
Column_27=26
Column_48=24
Column_53=23
Column_58=21
Column_46=18
Column_60=17
Column_2=16
Column_12=9
Column_33=8
Column_5=3
Column_36=3
Column_4=2
Column_40=2

parameters:
[boosting: gbdt]
[objective: binary]
[metric: binary_logloss]
[tree_learner: serial]
[device_type: cpu]
[data_sample_strategy: bagging]
[data: ]
[valid: ]
[num_iterations: 300]
[learning_rate: 0.04]
[num_leaves: 15]
[num_threads: 1]
[seed: 42]
[deterministic: 0]
[force_col_wise: 0]
[force_row_wise: 0]
[histogram_pool_size: -1]
[max_depth: 4]
[min_data_in_leaf: 20]
[min_sum_hessian_in_leaf: 0.001]
[bagging_fraction: 0.8]
[pos_bagging_fraction: 1]
[neg_bagging_fraction: 1]
[bagging_freq: 0]
[bagging_seed: 400]
[bagging_by_query: 0]
[feature_fraction: 0.8]
[feature_fraction_bynode: 1]
[feature_fraction_seed: 30056]
[extra_trees: 0]
[extra_seed: 12879]
[early_stopping_round: 0]
[early_stopping_min_delta: 0]
[first_metric_only: 0]
[max_delta_step: 0]
[lambda_l1: 0]
[lambda_l2: 0]
[linear_lambda: 0]
[min_gain_to_split: 0]
[drop_rate: 0.1]
[max_drop: 50]
[skip_drop: 0.5]
[xgboost_dart_mode: 0]
[uniform_drop: 0]
[drop_seed: 17869]
[top_rate: 0.2]
[other_rate: 0.1]
[min_data_per_group: 100]
[max_cat_threshold: 32]
[cat_l2: 10]
[cat_smooth: 10]
[max_cat_to_onehot: 4]
[top_k: 20]
[monotone_constraints: ]
[monotone_constraints_method: basic]
[monotone_penalty: 0]
[feature_contri: ]
[forcedsplits_filename: ]
[refit_decay_rate: 0.9]
[cegb_tradeoff: 1]
[cegb_penalty_split: 0]
[cegb_penalty_feature_lazy: ]
[cegb_penalty_feature_coupled: ]
[path_smooth: 0]
[interaction_constraints: ]
[verbosity: -1]
[saved_feature_importance_type: 0]
[use_quantized_grad: 0]
[num_grad_quant_bins: 4]
[quant_train_renew_leaf: 0]
[stochastic_rounding: 1]
[linear_tree: 0]
[max_bin: 255]
[max_bin_by_feature: ]
[min_data_in_bin: 3]
[bin_construct_sample_cnt: 200000]
[data_random_seed: 175]
[is_enable_sparse: 1]
[enable_bundle: 1]
[use_missing: 1]
[zero_as_missing: 0]
[feature_pre_filter: 1]
[pre_partition: 0]
[two_round: 0]
[header: 0]
[label_column: ]
[weight_column: ]
[group_column: ]
[ignore_column: ]
[categorical_feature: ]
[forcedbins_filename: ]
[precise_float_parser: 0]
[parser_config_file: ]
[objective_seed: 16083]
[num_class: 1]
[is_unbalance: 0]
[scale_pos_weight: 1]
[sigmoid: 1]
[boost_from_average: 1]
[reg_sqrt: 0]
[alpha: 0.9]
[fair_c: 1]
[poisson_max_delta_step: 0.7]
[tweedie_variance_power: 1.5]
[lambdarank_truncation_level: 30]
[lambdarank_norm: 1]
[label_gain: ]
[lambdarank_position_bias_regularization: 0]
[eval_at: ]
[multi_error_top_k: 1]
[auc_mu_weights: ]
[num_machines: 1]
[local_listen_port: 12400]
[time_out: 120]
[machine_list_filename: ]
[machines: ]
[gpu_platform_id: -1]
[gpu_device_id: -1]
[gpu_use_dp: 0]
[num_gpu: 1]

end of parameters

pandas_categorical:null
