tree
version=v4
num_class=1
num_tree_per_iteration=1
label_index=0
max_feature_idx=40
objective=binary sigmoid:1
feature_names=Column_0 Column_1 Column_2 Column_3 Column_4 Column_5 Column_6 Column_7 Column_8 Column_9 Column_10 Column_11 Column_12 Column_13 Column_14 Column_15 Column_16 Column_17 Column_18 Column_19 Column_20 Column_21 Column_22 Column_23 Column_24 Column_25 Column_26 Column_27 Column_28 Column_29 Column_30 Column_31 Column_32 Column_33 Column_34 Column_35 Column_36 Column_37 Column_38 Column_39 Column_40
feature_infos=[1.4374083741530941:95.571774830102527] [-205.98025348506053:198.67067128668717] [-0.50531378337163457:1.4278254595920472] [0.0007128896551956:0.0105346442082783] [0:1] [0:1] [-0.0029161373461220998:0.0039330886872286997] [-0.0036258498768814:0.0042557485497961003] [-0.0049543542082845001:0.0046664484055075998] [0.00036989164564563387:0.0008761628524284117] [-0.0033916117622078:0.0045776651281014] [-1:1] [-0.0033916117622078:0.0045776651281014] [-0.0039812898227725999:0.0053842266877933004] [-0.0039414024653650999:0.0057596073989827998] [-0.0055732991847768998:0.0060023452622662999] [0:1] [0:1] [-1:1] [-13.315240501238348:7.8889927132979967] [0.0025862154301259:0.0028095628959482] [-0.0043547971148646001:0.0049370191816854002] [-3:3] [-0.96289747399987125:10] [0:0.64999999999891667] [0.20000000000000001:1] [0.014501455976591006:86.257245637643322] [0:1] [0:0.99411945097730159] [0:0.30869327172036926] [0:0.3245230775890714] [0.3505161257758197:1.9992785641873199] [0:0.00081368124302615879] [-0.68421052631578949:0.68421052631578938] [0:0.55790155670335106] [0:1.9509564543343871] [0.10000000000000001:0.90000000000000002] [0:0.83785413984727142] [0:0.99999999988778576] [0:0.59853892322410107] [0.3276712747301801:0.63702694845097885]
tree_sizes=1697 1311 1745 1430 1734 1533 1534 1532 1319 1540 1429 1427 1434 1734 1755 1539 1422 1750 1427 1531 1430 1534 1632 1426 1429 1746 1435 1429 1755 1427 1746 1317 1215 1438 1444 1656 1329 1437 1314 1751 1437 1430 1431 1322 1317 1212 1218 1425 1007 1753 1006 1330 1331 1540 1644 1107 1102 1007 1322 1207 1097 1007 1424 1004 1121 1103 1095 1542 1006 1213 1650 1122 1003 1108 1764 999 1204 1329 1525 1317 1096 1212 1104 896 1434 1106 1333 1005 1646 1013 1329 1756 1428 1110 1224 1425 1098 1212 1646 1101 1113 1534 1103 1223 1008 1006 1327 1097 1424 1748 1549 894 1108 1321 1211 998 1537 1439 1097 1754 1758 897 902 1006 1096 1328 1439 1746 1647 1324 1107 1002 1436 1746 1765 1221 896 1004 1113 1754 1011 1752 1532 1324 896 1544 1004 1552 1431 1755 1211 1745 1651 1425 1542 905 1013 906 1545 1738 907 1103 1004 893 892 1653 1755 1660 1110 1206 902 1648 1537 1415 1311 1747 1208 1205 1434 1747 1011 1536 911 1010 1430 806 897 1109 1539 1427 1751 1538 1766 1752 1004 798 1325 1545 1542 911 1230 904 1648 1216 1640 802 1756 1418 1225 1428 799 1108 1319 1764 1530 1107 1744 1647 1435 1533 1641 899 792 1008 1116 1330 1005 1541 1202 1108 1442 1642 1754 1103 1319 1528 1320 1746 906 1743 1107 1757 1332 1534 1108 1114 1217 1532 1646 696 1640 1757 1232 1658 1118 1002 800 1334 1332 899 695 1109 902 1339 1749 1112 1113 1530 801 1749 1206 1226 1757 1225 802 1656 1539 1315 1656 1528 1438 1752 1756 1532 1213 1319 1664 1640 1327 1749 1636 1315 1771 1420 1317 1641 1331 1537 1437 1436

Tree=0
num_leaves=15
num_cat=0
split_feature=40 32 3 40 35 32 35 38 28 22 40 22 27 9
split_gain=172.703 39.7426 26.4094 36.945 21.39 20.6218 14.3595 18.3404 13.7063 9.77401 16.5749 13.5932 8.90057 12.1737
threshold=0.50013786569613961 0.00054607589571681249 0.0029748144464930505 0.52239936404923437 1.0316735823026424 0.00062407002172888183 1.2684402707339968 0.80594852317273946 0.97187057660879261 2.0578529907228975 0.4641219678072056 -0.65495582272279385 0.069229866586251326 0.00060657374217904924
decision_type=2 2 2 2 2 2 2 2 2 2 2 2 2 2
left_child=5 2 3 -2 -4 6 8 -8 -1 11 -11 -7 13 -3
right_child=1 12 4 -5 -6 9 7 -9 -10 10 -12 -13 -14 -15
leaf_value=0.16307112791123332 0.11435381700261857 0.10077738361979763 0.16509244425763966 0.14720748052175162 0.12577144509981666 0.17189031488663573 0.15153376945711916 0.087439845149492434 0.13503609977691461 0.10243659893189302 0.20332726000299295 0.21742559714676268 0.080503846525132178 0.16150881208076892
leaf_weight=347.17691087722778 172.09629106521606 35.065862774848938 56.702246189117432 80.328182101249695 36.309333086013794 21.885077476501465 27.10765278339386 9.6990684270858747 30.340675592422485 5.4712693691253644 4.9738812446594238 20.144219040870667 27.356346845626831 6.2173515558242789
leaf_count=1396 692 141 228 323 146 88 109 39 122 22 20 81 110 25
internal_value=0.144804 0.125998 0.131522 0.124809 0.149743 0.161485 0.158493 0.134644 0.160818 0.185109 0.15048 0.193715 0.0981984 0.109924
internal_weight=880.874 414.076 345.436 252.424 93.0116 466.799 414.324 36.8067 377.518 52.4744 10.4452 42.0293 68.6396 41.2832
internal_count=3542 1665 1389 1015 374 1877 1666 148 1518 211 42 169 276 166
is_linear=0
shrinkage=1


Tree=1
num_leaves=11
num_cat=0
split_feature=31 22 8 28 24 31 27 24 3 25
split_gain=24.0538 25.156 25.1534 21.6491 18.1774 18.6812 14.8577 13.4865 13.677 4.59313
threshold=0.85821961956902515 2.9283336605520973 0.00055394251287160009 0.79454696212612863 0.25833333333290281 0.6483494359527493 0.32490826829118252 0.32499999999945833 0.0044446343697624501 0.75000000000000011
decision_type=2 2 2 2 2 2 2 2 2 2
left_child=1 4 7 9 5 -1 -5 8 -2 -4
right_child=2 -3 3 6 -6 -7 -8 -9 -10 -11
leaf_value=0.069170052830272902 -0.01026996520774363 -0.054963368364818105 -0.06712678553916647 0.0086837661619310388 -0.058209586265617855 0.011766877059309988 0.058497796068693098 -0.066963336999629225 0.025955022008176464 -0.016710455705031341
leaf_weight=9.4218007028102857 405.93253016471863 9.210007578134535 6.4704494625329954 161.09081664681435 5.7189790159463874 243.58714024722576 10.185812160372732 6.4720120131969443 17.390513688325882 5.2268017083406448
leaf_count=38 1632 37 26 648 23 980 41 26 70 21
internal_value=1.0951e-06 0.00999804 -0.00437015 0.00805055 0.0123105 0.0139045 0.0116462 -0.00965793 -0.00878181 -0.0445987
internal_weight=880.707 267.938 612.769 182.974 258.728 253.009 171.277 429.795 423.323 11.6973
internal_count=3542 1078 2464 736 1041 1018 689 1728 1702 47
is_linear=0
shrinkage=0.04


Tree=2
num_leaves=15
num_cat=0
split_feature=40 32 22 40 32 8 37 38 15 22 40 22 27 23
split_gain=156.694 36.593 25.24 33.596 18.7737 14.2078 23.0771 19.7674 11.1141 10.5061 19.513 10.9823 8.20522 20.1001
threshold=0.50013786569613961 0.00054607589571681249 -1.8312467273380848 0.52611598159372341 0.00061084352607168775 0.00051276077811785012 0.060750695847358017 0.90895635133334185 -0.0011187611034047498 2.0578529907228975 0.47181759789394784 -1.696620928399786 0.069229866586251326 5.3539761575174376
decision_type=2 2 2 2 2 2 2 2 2 2 2 2 2 2
left_child=4 2 8 -4 5 7 -7 -1 -2 11 -11 -6 13 -3
right_child=1 12 3 -5 9 6 -8 -9 -10 10 -12 -13 -14 -15
leaf_value=-0.0056769068512019421 0.0017904101730192121 -0.044155831758282631 -0.017188984115027953 0.012291762837151178 0.0077503446794733319 0.0085218129753204652 0.038536223636625254 0.01762967556867762 -0.061860421505938866 -0.040333098109772245 0.058697594500962368 0.052749445164562543 -0.061477647456099294 0.038149416023325999
leaf_weight=113.55503337085247 5.4732346534729031 35.902190864086151 234.09042839705944 84.057321980595589 10.917987853288649 94.317113056778908 72.486150950193405 119.4986455142498 22.160817712545395 7.2253890484571439 5.6908941864967346 42.291423216462135 27.452234521508217 5.4709221422672263
leaf_count=457 22 144 940 338 44 380 292 481 89 29 23 171 110 22
internal_value=1.52567e-06 -0.0178866 -0.0125849 -0.00939992 0.0159175 0.0126525 0.0215649 0.00627358 -0.0492537 0.0356607 0.00329967 0.0435161 -0.0445225 -0.0332723
internal_weight=880.59 414.607 345.782 318.148 465.983 399.857 166.803 233.054 27.6341 66.1257 12.9163 53.2094 68.8253 41.3731
internal_count=3542 1665 1389 1278 1877 1610 672 938 111 267 52 215 276 166
is_linear=0
shrinkage=0.04


Tree=3
num_leaves=12
num_cat=0
split_feature=32 8 31 2 22 22 3 14 24 23 15
split_gain=29.3114 17.9412 18.3998 16.323 16.1585 16.4284 16.1269 13.3497 12.4024 9.62409 5.43892
threshold=0.00063371408424002876 0.00052532406486665011 0.85263221216756313 0.99955657180508284 -1.7498998368294125 2.6754003178017696 0.0035750198903852005 -0.00095265857395879997 0.30833333333281948 1.0418247709086648 -0.0013286262580480498
decision_type=2 2 2 2 2 2 2 2 2 2 2
left_child=1 2 6 7 -2 10 -1 -3 -4 -5 -6
right_child=4 3 8 9 5 -7 -8 -9 -10 -11 -12
leaf_value=0.015124313661896116 -0.017482882100485632 -0.054040496191152226 -0.0088369564763163197 -0.036435476031064153 0.034666105277138003 -0.022349882204979608 -0.016698396818978542 0.012222866723875753 -0.058399562775003667 0.0037394835785720423 0.068620732653593655
leaf_weight=101.3366840928793 8.6912764608859998 4.9713418483734122 421.91741035878658 20.137170672416687 13.036538451910017 5.2254813015460959 34.038429662585258 226.50038297474384 8.2359312474727613 18.129892200231552 17.92853565514088
leaf_count=408 35 20 1695 81 53 21 137 913 33 73 73
internal_value=2.49625e-06 -0.00168959 -0.00573831 0.00679887 0.0314929 0.0432546 0.00712288 0.0107997 -0.00978591 -0.0174017 0.0543256
internal_weight=880.149 835.267 565.528 269.739 44.8818 36.1906 135.375 231.472 430.153 38.2671 30.9651
internal_count=3542 3360 2273 1087 182 147 545 933 1728 154 126
is_linear=0
shrinkage=0.04


Tree=4
num_leaves=15
num_cat=0
split_feature=40 32 22 40 32 35 37 28 22 40 22 37 19 21
split_gain=141.881 33.9478 24.5649 31.0496 16.2699 12.8752 18.674 12.6033 7.92516 13.9197 11.8632 7.38164 9.01865 8.69507
threshold=0.50013786569613961 0.00054417196054968632 -1.8312467273380848 0.52611598159372341 0.00062407002172888183 1.2684402707339968 0.059668314310213307 0.97187057660879261 2.0578529907228975 0.4641219678072056 -0.65495582272279385 0.15820396145797849 1.0526458524620683 0.00028345246927000009
decision_type=2 2 2 2 2 2 2 2 2 2 2 2 2 2
left_child=4 2 -2 -4 5 7 -7 -1 10 -10 -6 12 -3 -13
right_child=1 11 3 -5 8 6 -8 -9 9 -11 -12 13 -14 -15
leaf_value=0.016902410377935148 -0.048029869655224662 -0.056427579611832153 -0.01610271457396853 0.012375111982399208 0.023750386153282062 -0.031314864116062685 0.0281553352598824 -0.0099942041697137548 -0.03864212501962485 0.054118004348310433 0.06663886277320144 0.011675579626324928 -0.01566501753833659 -0.047367691190177925
leaf_weight=346.08230170607567 27.452927187085152 45.704010739922523 231.8475766479969 83.255244091153145 21.683388113975525 23.635871917009354 13.147256553173063 30.316395178437233 5.491264343261717 4.8962994664907455 19.6890519708395 7.9741301089525205 10.721624925732611 7.9888069778680801
leaf_count=1396 110 183 930 335 88 95 53 122 22 20 81 32 43 32
internal_value=2.95954e-06 -0.0169996 -0.0117401 -0.00857841 0.0151771 0.0125287 -0.0100587 0.0147361 0.0363182 0.00508144 0.0441609 -0.0418882 -0.0486821 -0.0178732
internal_weight=879.886 414.944 342.556 315.103 464.942 413.182 36.7831 376.399 51.76 10.3876 41.3724 72.3886 56.4256 15.9629
internal_count=3542 1665 1375 1265 1877 1666 148 1518 211 42 169 290 226 64
is_linear=0
shrinkage=0.04


Tree=5
num_leaves=13
num_cat=0
split_feature=40 32 22 40 31 32 15 23 15 37 19 36
split_gain=130.855 31.2741 22.6022 28.6006 15.4514 13.9306 14.4227 9.96013 8.75194 6.7962 8.30815 8.19792
threshold=0.50013786569613961 0.00054417196054968632 -1.8312467273380848 0.52611598159372341 0.6483494359527493 0.00061084352607168775 -0.0017656559691650998 7.6069176650291803 -0.0011187611034047498 0.15820396145797849 1.0526458524620683 0.60639344271613005
decision_type=2 2 2 2 2 2 2 2 2 2 2 2
left_child=4 2 8 -4 -1 6 -6 -7 -2 10 -3 -11
right_child=1 9 3 -5 5 7 -8 -9 -10 11 -12 -13
leaf_value=0.065123481712147324 0.00045373513445270882 -0.054146900513796004 -0.015446881193807407 0.011891986173800108 -0.019399757818818239 0.045859259427342883 0.012702059221815797 0.013801661114490039 -0.057009837192638094 -0.048620395976706456 -0.015031567940314438 0.0089555354244053916
leaf_weight=9.486417353153227 5.2395926713943508 45.723257526755333 232.01989839971066 83.173755466938019 23.842209190130234 33.671821281313896 368.34109030663967 28.744459688663483 22.244587987661362 7.2402596622705451 10.726406484842299 8.7249180823564512
leaf_count=39 21 183 930 335 96 138 1487 117 89 29 43 35
internal_value=3.7204e-06 -0.0163134 -0.0112662 -0.00823266 0.0145982 0.0135439 0.0107505 0.0310958 -0.046055 -0.0401975 -0.0467143 -0.0171553
internal_weight=879.179 415.093 342.678 315.194 464.086 454.6 392.183 62.4163 27.4842 72.4148 56.4497 15.9652
internal_count=3542 1665 1375 1265 1877 1838 1583 255 110 290 226 64
is_linear=0
shrinkage=0.04


Tree=6
num_leaves=13
num_cat=0
split_feature=40 32 3 40 35 31 32 15 9 27 23 6
split_gain=120.705 28.9037 22.8836 29.1998 19.7062 14.4829 12.9599 13.2989 9.84893 7.26132 17.5676 10.4783
threshold=0.50013786569613961 0.00054607589571681249 0.0029748144464930505 0.52219023174464996 1.0316735823026424 0.6483494359527493 0.00061084352607168775 -0.0017656559691650998 0.00066066147710193445 0.069229866586251326 5.3539761575174376 0.00032527525123500007
decision_type=2 2 2 2 2 2 2 2 2 2 2 2
left_child=5 2 3 -2 -4 -1 7 -7 -8 10 -3 -11
right_child=1 9 4 -5 -6 6 8 -9 -10 11 -12 -13
leaf_value=0.063234976026080941 -0.026639565785775084 -0.038906531784670462 0.020749012838777038 0.0023424438671501959 -0.01696570966497403 -0.018598203075492408 0.041947955370782754 0.0122092555064555 0.0087714804339142447 -0.069044794837206408 0.03807987220107404 -0.010892243913877657
leaf_weight=9.3810473233461362 170.58777244389057 35.96638397872448 56.697669938206673 82.531745418906212 36.396202981472015 23.874296769499779 39.744439825415611 367.88945308327675 22.377965971827507 20.950289785861973 5.4627789556980124 6.4944595098495475
leaf_count=39 683 144 228 332 146 96 163 1487 92 84 22 26
internal_value=4.16178e-06 -0.015661 -0.0109531 -0.0171897 0.00600397 0.0140401 0.0130234 0.0103318 0.029997 -0.0393263 -0.0287552 -0.0552837
internal_weight=878.355 415.087 346.213 253.12 93.0939 463.267 453.886 391.764 62.1224 68.8739 41.4292 27.4447
internal_count=3542 1665 1389 1015 374 1877 1838 1583 255 276 166 110
is_linear=0
shrinkage=0.04


Tree=7
num_leaves=13
num_cat=0
split_feature=40 32 3 40 35 31 32 18 23 0 27 28
split_gain=111.365 26.7758 20.7621 27.059 17.5424 13.6089 12.0534 13.6116 12.8157 6.27068 7.74847 6.40547
threshold=0.50013786569613961 0.00054417196054968632 0.0029748144464930505 0.52219023174464996 1.0316735823026424 0.6483494359527493 0.00061084352607168775 1.0000000180025095e-35 -0.75855984060644899 59.023339742828249 0.069229866586251326 0.95678866376776439
decision_type=2 2 2 2 2 2 2 2 2 2 2 2
left_child=5 2 3 -2 -4 -1 8 -8 -7 10 -3 -11
right_child=1 9 4 -5 -6 6 7 -9 -10 11 -12 -13
leaf_value=0.061502849982339347 -0.025483868302128725 -0.031758301946337532 0.01992481790785745 0.0025476878410427258 -0.01582914888205383 0.065967313359142993 0.041792432675065161 0.0015430213495647195 0.0089948174350980344 -0.036453523043747778 -0.063194559922174709 0.0096214082868845124
leaf_weight=9.2618349194526655 168.91611313819885 30.907538309693336 55.86708077788353 81.770754739642143 36.172665014863014 6.4227386415004721 42.081330507993698 19.754227936267853 384.90640024840832 12.22674770653248 21.115859523415565 7.9776919186115256
leaf_count=39 676 124 225 329 145 26 174 81 1557 49 85 32
internal_value=4.51882e-06 -0.0150394 -0.0103749 -0.0163403 0.0058731 0.0135041 0.0125231 0.0289342 0.00992989 -0.0371731 -0.044518 -0.0182609
internal_weight=877.381 414.954 342.727 250.687 92.0397 462.427 453.165 61.8356 391.329 72.2278 52.0234 20.2044
internal_count=3542 1665 1375 1005 370 1877 1838 255 1583 290 209 81
is_linear=0
shrinkage=0.04


Tree=8
num_leaves=11
num_cat=0
split_feature=32 1 22 31 23 23 22 22 15 7
split_gain=21.0209 13.8379 17.4082 17.5774 13.7564 17.3401 13.2165 16.7994 5.11389 4.26873
threshold=0.00063371408424002876 -16.369598920849963 -2.7675443081758853 1.0611451026897116 -0.75855984060644899 0.11884722511214811 -1.7498998368294125 2.7536158348306654 -0.0013286262580480498 -0.00061388365449344996
decision_type=2 2 2 2 2 2 2 2 2 2
left_child=1 2 9 -4 -3 -6 -2 8 -8 -1
right_child=6 4 3 -5 5 -7 7 -9 -10 -11
leaf_value=-0.030850191955728152 -0.017341737104058615 0.063581908874999107 -0.0012175805925379909 -0.024160171396400029 -0.010033234807821603 0.0066637909947764827 0.029472868167444054 -0.032304466619749055 0.062798130987651954 -0.081518647865461771
leaf_weight=4.9685990959405899 8.6054201275110227 5.8805385977029792 251.09200672805309 67.873658835887909 137.60687458515167 359.51256573200226 12.633949115872381 4.7086723893880835 17.674669548869137 5.7266279608011228
leaf_count=20 35 24 1012 273 555 1453 53 19 75 23
internal_value=4.84779e-06 -0.00141318 -0.00778276 -0.0060996 0.00276137 0.00204191 0.0270719 0.0379865 0.0489067 -0.05798
internal_weight=876.284 832.661 329.661 318.966 503 497.119 43.6227 35.0173 30.3086 10.6952
internal_count=3542 3360 1328 1285 2032 2008 182 147 128 43
is_linear=0
shrinkage=0.04


Tree=9
num_leaves=13
num_cat=0
split_feature=40 32 22 40 31 32 15 20 15 27 23 15
split_gain=100.734 23.8458 19.0552 23.8718 12.6632 10.6234 12.6644 9.60228 9.1767 6.63032 15.7327 7.9124
threshold=0.50033590339765233 0.00054607589571681249 -1.8312467273380848 0.53075023455205927 0.6483494359527493 0.00061084352607168775 -0.0017656559691650998 0.0026210978622075005 -0.0011187611034047498 0.069229866586251326 5.3539761575174376 0.00041460442003470006
decision_type=2 2 2 2 2 2 2 2 2 2 2 2
left_child=4 2 8 -4 -1 6 -6 -7 -2 10 -3 -11
right_child=1 9 3 -5 5 7 -8 -9 -10 11 -12 -13
leaf_value=0.059543040634805887 0.0043706213031342424 -0.035598527624545462 -0.012989670691620533 0.014069837922284896 -0.018337339215808161 0.041606760461636798 0.011278622963181269 0.0097513278556477026 -0.053403634848451217 -0.065813056472718665 0.03739208872937802 -0.019214317281764367
leaf_weight=9.0791718214750272 5.4865482151508358 35.374930307269096 249.54544547200203 65.948785871267319 24.642052069306374 33.798082292079926 369.69752664864063 27.425426483154297 22.188242480158806 18.765083312988285 5.453227072954177 8.4579728543758375
leaf_count=39 22 142 1000 266 99 141 1498 114 89 76 22 34
internal_value=5.25965e-06 -0.0144143 -0.010125 -0.00733333 0.012767 0.0118347 0.00942794 0.0273369 -0.0419498 -0.0360448 -0.0258495 -0.0513352
internal_weight=875.862 411.22 343.169 315.494 464.642 455.563 394.34 61.2235 27.6748 68.0512 40.8282 27.2231
internal_count=3542 1651 1377 1266 1891 1852 1597 255 111 274 164 110
is_linear=0
shrinkage=0.04


Tree=10
num_leaves=12
num_cat=0
split_feature=40 32 22 22 31 15 32 15 0 27 9
split_gain=92.9769 22.1787 18.8482 23.0599 11.9534 10.3239 11.291 7.21748 5.67063 6.99726 6.60705
threshold=0.50033590339765233 0.00054417196054968632 -1.8312467273380848 -0.25913614121019651 0.6483494359527493 0.0029607724795608003 0.00061084352607168775 -0.0011187611034047498 59.023339742828249 0.069229866586251326 0.000564527048361913
decision_type=2 2 2 2 2 2 2 2 2 2 2
left_child=4 2 7 -4 -1 6 -6 -2 9 -3 -10
right_child=1 8 3 -5 5 -7 -8 -9 10 -11 -12
leaf_value=0.058097210314164517 0.00080101734577505876 -0.028964088782321325 0.0087330681040817554 -0.014408904540584902 0.009591540756200374 -0.042396557070551365 0.028372209339345013 -0.051422292389055775 -0.036840089904996022 -0.059029476539710191 0.0094755324072201656
leaf_weight=8.9358113557100278 5.2365125715732601 30.540887296199799 102.62499816715717 209.60051138699055 390.19112278521061 5.640723153948783 58.958297088742256 22.122699737548828 10.958954691886904 20.834871411323547 8.9548263996839506
leaf_count=39 21 123 412 841 1582 23 247 89 44 85 36
internal_value=5.35555e-06 -0.01385 -0.00959197 -0.0068024 0.0122816 0.0113814 0.0120568 -0.0414268 -0.0341332 -0.0411568 -0.0160129
internal_weight=874.6 410.874 339.585 312.226 463.726 454.79 449.149 27.3592 71.2895 51.3758 19.9138
internal_count=3542 1651 1363 1253 1891 1852 1829 110 288 208 80
is_linear=0
shrinkage=0.04


Tree=11
num_leaves=12
num_cat=0
split_feature=40 32 3 40 35 31 23 32 37 15 19
split_gain=85.8317 21.6051 18.9805 23.9498 16.3509 11.2559 10.1831 10.0774 5.77374 8.15244 6.2459
threshold=0.50013786569613961 0.00054417196054968632 0.0030622676417844503 0.52219023174464996 1.1757662633176682 0.6483494359527493 -0.75855984060644899 0.00061084352607168775 0.15820396145797849 -0.0005186528694859498 1.0526458524620683
decision_type=2 2 2 2 2 2 2 2 2 2 2
left_child=5 2 3 -2 -4 -1 -7 -8 10 -10 -3
right_child=1 8 4 -5 -6 6 7 -9 9 -11 -12
leaf_value=0.056754278349869555 -0.023159092264275764 -0.045806626206391747 0.013386719716948549 0.0030127028587492665 -0.038767017815430939 0.061571488247273695 0.0079272565581908882 0.025483614906729454 0.023918774943035036 -0.0348188599432551 -0.011783843331263328
leaf_weight=8.78442434966564 170.78819665312767 44.945996642112732 77.571945086121559 83.196448266506195 10.979500502347944 6.2908067852258673 383.69440884888172 60.569675147533417 6.1932136118412027 9.7056627273559535 10.685816049575804
leaf_count=39 684 183 312 335 44 26 1557 255 25 39 43
internal_value=5.32832e-06 -0.0132018 -0.00902638 -0.0145861 0.00692017 0.0119107 0.0110364 0.0103208 -0.0331962 -0.0119383 -0.0392715
internal_weight=873.406 414.067 342.536 253.985 88.5514 459.339 450.555 444.264 71.5307 15.8989 55.6318
internal_count=3542 1665 1375 1019 356 1877 1838 1812 290 64 226
is_linear=0
shrinkage=0.04


Tree=12
num_leaves=12
num_cat=0
split_feature=40 32 18 22 29 31 23 3 27 23 6
split_gain=79.3121 19.1259 17.4911 27.0051 16.0035 10.6998 9.57332 9.77764 5.83734 14.1725 8.65755
threshold=0.50033590339765233 0.00054607589571681249 1.0000000180025095e-35 -0.25913614121019651 0.0097906890065224492 0.6483494359527493 -0.75855984060644899 0.0010719202560861502 0.069229866586251326 5.3539761575174376 0.00032527525123500007
decision_type=2 2 2 2 2 2 2 2 2 2 2
left_child=5 2 3 -2 -4 -1 -7 -8 9 -3 -10
right_child=1 8 4 -5 -6 6 7 -9 10 -11 -12
leaf_value=0.055502738315015114 -0.0014212034531670252 -0.032047772309240122 -0.044194466067423735 -0.030832018366948735 0.0056233573762148083 0.059829186951439982 -0.035719450877720257 0.010614904460426011 -0.059671980574986447 0.037321753164287957 -0.0064656002462818952
leaf_weight=8.6264043152332288 96.749454781413078 35.104867309331894 11.194545686244963 103.27032159268856 131.65792311728001 6.2165355533361426 7.4097909033298484 439.65961876511574 20.25704708695412 5.4428849369287482 6.451521471142768
leaf_count=39 389 142 45 414 529 26 30 1796 84 22 26
internal_value=5.38291e-06 -0.0127967 -0.00897101 -0.016606 0.00171941 0.0113723 0.0105324 0.00984695 -0.0323001 -0.022736 -0.0468198
internal_weight=872.041 410.129 342.872 200.02 142.852 461.912 453.286 447.069 67.2563 40.5478 26.7086
internal_count=3542 1651 1377 803 574 1891 1852 1826 274 164 110
is_linear=0
shrinkage=0.04


Tree=13
num_leaves=15
num_cat=0
split_feature=40 27 40 23 28 32 40 35 10 1 31 38 9 30
split_gain=73.2091 17.9327 20.564 16.2118 11.6288 11.3273 16.3679 10.1781 12.4113 14.818 8.86262 9.14175 3.80036 3.55329
threshold=0.50033590339765233 0.20794906412009892 0.5153590118336312 6.6564773757380555 0.76333026116483671 0.00046608234398300092 0.5185734127361179 1.1926152398418493 0.00034673737000705007 37.109286904858898 0.6483494359527493 0.65783926357658329 0.0004700111838568263 0.06034082331607616
decision_type=2 2 2 2 2 2 2 2 2 2 2 2 2 2
left_child=7 2 4 -4 -2 6 -3 10 9 -9 -1 -12 -7 -10
right_child=1 5 3 -5 -6 12 -8 8 13 -11 11 -13 -14 -15
leaf_value=0.054307742190335129 -0.05800476797794888 0.03658854917924638 -0.0024191088185468034 0.05141374062013717 -0.016186920104636588 -0.020652686912530825 -0.042749304276865019 -0.026574292101312826 0.052632365505061299 0.019839606100164445 -0.013650479666246598 0.01388318037522686 -0.050042666109058408 0.0082103120353501265
leaf_weight=8.2625323235988599 11.422317922115324 7.9661584645509746 174.77704785764217 9.4338140934705716 155.30221681296825 8.9372263103723508 8.709152087569235 35.902350544929504 6.602235332131384 15.870633810758589 20.358585372567177 368.95272521674633 33.153773039579391 5.1116925925016403
leaf_count=38 46 32 704 38 624 36 35 146 27 65 83 1511 136 21
internal_value=5.26921e-06 -0.0122985 -0.00887397 0.000337781 -0.0190519 -0.0327487 -0.00484789 0.0109385 -0.00393392 -0.0123464 0.0133134 0.0124433 -0.0438023 0.0332476
internal_weight=870.762 409.702 350.935 184.211 166.725 58.7663 16.6753 461.061 63.4869 51.773 397.574 389.311 42.091 11.7139
internal_count=3542 1651 1412 742 670 239 67 1891 259 211 1632 1594 172 48
is_linear=0
shrinkage=0.04


Tree=14
num_leaves=15
num_cat=0
split_feature=40 32 3 40 35 32 35 38 18 36 23 29 27 6
split_gain=67.5749 18.256 17.7719 21.2904 16.4197 9.94982 10.5712 15.0073 9.02342 15.4482 8.14788 5.4243 8.6665 6.06437
threshold=0.50013786569613961 0.00054607589571681249 0.0029748144464930505 0.51793294392857969 1.0316735823026424 0.00063371408424002876 1.2815704900614671 0.80594852317273946 1.0000000180025095e-35 0.65851954848675398 -0.75855984060644899 0.017917515070689206 0.050752361671010431 -0.00016977101893399997
decision_type=2 2 2 2 2 2 2 2 2 2 2 2 2 2
left_child=5 2 3 -2 -4 6 10 -8 -7 -10 -1 12 -3 -13
right_child=1 11 4 -5 -6 8 7 -9 9 -11 -12 13 -14 -15
leaf_value=0.057485326094618427 -0.023804588626861186 0.0039538065545189219 0.020415559609168858 -0.00041068528582557072 -0.014011567207067283 0.044939889823178911 0.0032400300776275681 -0.056895823725022672 -0.030760550471903642 0.055283155981591253 0.010009201529400805 -0.02312022362497005 -0.04431103492173942 -0.053420782460288654
leaf_weight=5.8736203759908667 141.57992094755173 14.500164538621904 56.588454976677895 111.07890270650387 36.439034000039101 24.181330472230911 25.592959687113762 8.9659193158149701 8.1663700640201551 5.6472689658403388 378.25908814370632 19.600531280040741 10.097859904170035 22.933819770812988
leaf_count=25 568 59 228 447 146 105 104 36 35 25 1547 81 42 94
internal_value=5.33622e-06 -0.0117233 -0.00801638 -0.0135197 0.00693039 0.0106073 0.00882873 -0.0123616 0.0302067 0.00441569 0.0107351 -0.0308112 -0.0158596 -0.0394578
internal_weight=869.505 412.819 345.686 252.659 93.0275 456.687 418.692 34.5589 37.995 13.8136 384.133 67.1324 24.598 42.5344
internal_count=3542 1665 1389 1015 374 1877 1712 140 165 60 1572 276 101 175
is_linear=0
shrinkage=0.04


Tree=15
num_leaves=13
num_cat=0
split_feature=3 35 0 36 22 24 37 10 0 22 20 15
split_gain=15.2287 19.0649 18.3638 17.7031 13.6418 12.7834 12.5444 11.6828 11.2302 10.8494 9.52108 4.24352
threshold=0.0025701615606695005 1.1757662633176682 23.630240129538745 0.65100287581418759 0.49668495887773212 0.058333333333236058 0.059668314310213307 -0.00075242335402939998 35.196321397207036 0.10286711979125586 0.0025910460663274002 -0.0015355477135401998
decision_type=2 2 2 2 2 2 2 2 2 2 2 2
left_child=2 7 -1 5 9 -3 -5 11 -6 -4 -9 -2
right_child=1 3 4 6 8 -7 -8 10 -10 -11 -12 -13
leaf_value=-0.062582702526677081 -0.0083320551399575869 0.0052944706045545652 -0.0035025333249895396 -0.010510164785001537 -0.033744439851462894 -0.043656177021273272 0.043982077619395869 0.046434256209087046 0.014870762168456682 -0.019868120661388346 0.0095391610399948451 -0.057828173491166847
leaf_weight=8.7030064016580564 6.1242900788784027 11.897828400135039 274.09932123124599 17.036156475543979 8.4075445383787137 30.208870604634285 11.20503284037113 11.597447291016577 79.407478675246239 84.884574070572853 319.32607015967369 5.0622617155313474
leaf_count=35 25 49 1112 70 34 123 46 47 323 344 1313 21
internal_value=5.47757e-06 0.00557344 -0.00503632 -0.0133912 -0.0039154 -0.0298245 0.0111103 0.00947313 0.0102163 -0.00737231 0.0108322 -0.0307306
internal_weight=867.96 412.458 455.502 70.3479 446.799 42.1067 28.2412 342.11 87.815 358.984 330.924 11.1866
internal_count=3542 1694 1848 288 1813 172 116 1406 357 1456 1360 46
is_linear=0
shrinkage=0.04


Tree=16
num_leaves=12
num_cat=0
split_feature=32 22 22 28 23 23 0 35 31 36 15
split_gain=14.3833 10.8702 14.9913 10.2073 24.6443 24.4181 14.1392 12.0233 10.6992 6.20806 4.7313
threshold=0.00063371408424002876 -1.7498998368294125 2.7536158348306654 0.96604361155981433 0.90991851482036623 2.3416096298383109 68.94440546731667 1.4982625449854055 0.85923556454176886 0.64740315879797972 -0.0013286262580480498
decision_type=2 2 2 2 2 2 2 2 2 2 2
left_child=3 -2 10 7 6 -6 -5 8 -1 -9 -3
right_child=1 2 -4 4 5 -7 -8 9 -10 -11 -12
leaf_value=0.0096836494037504228 -0.017815862154586727 0.024993072161354046 -0.033395583386184119 -0.046638311521924838 0.046734657485383857 -0.0092196063917723142 0.02572694169574067 -0.061027683192849014 -0.0015744277896960475 -0.0030814181990982334 0.057945525766222195
leaf_weight=185.12497635185719 8.3596027940511686 12.056746229529379 4.6500472277402869 34.850941330194473 15.000884160399435 74.214009836316109 4.9312702715396872 7.5315368771553022 499.48319959640503 4.8716178089380264 16.528774455189708
leaf_count=759 35 53 19 141 61 302 20 31 2026 20 75
internal_value=5.57299e-06 0.0229565 0.0332118 -0.00115016 -0.0114862 0.000188727 -0.0376682 0.000762744 0.00146987 -0.038268 0.0440469
internal_weight=867.604 41.5952 33.2356 826.008 128.997 89.2149 39.7822 697.011 684.608 12.4032 28.5855
internal_count=3542 182 147 3360 524 363 161 2836 2785 51 128
is_linear=0
shrinkage=0.04


Tree=17
num_leaves=15
num_cat=0
split_feature=40 27 40 35 3 32 40 32 8 37 38 18 2 24
split_gain=61.028 16.2702 17.7411 25.8713 17.1873 10.232 15.1158 8.52158 9.26944 23.8692 14.2411 8.37511 8.73648 4.19703
threshold=0.50033590339765233 0.20794906412009892 0.52482865035920656 1.0817301025839219 0.0030622676417844503 0.00046608234398300092 0.5185734127361179 0.00063371408424002876 0.00051276077811785012 0.060750695847358017 0.90895635133334185 1.0000000180025095e-35 0.39550058585563336 0.041666666666597151
decision_type=2 2 2 2 2 2 2 2 2 2 2 2 2 2
left_child=7 2 4 -4 -2 6 -3 8 10 -10 -1 13 -13 -9
right_child=1 5 3 -5 -6 -7 -8 11 9 -11 -12 12 -14 -15
leaf_value=-0.006294393570188659 -0.019697999358973733 0.035499047466225113 0.019018799681818428 -0.026733255567657741 0.004399223162511341 -0.041416665973891487 -0.040790271750164163 0.023203966530828578 0.0024416922324584488 0.032446049005782303 0.012847818945456975 -0.035972772090154988 0.029448310820265902 0.057333494367434311
leaf_weight=122.01165141165257 188.03151293098927 7.9624601602554348 71.540992945432663 27.329256758093834 63.301075503230095 41.606301009654999 8.6914831846952421 10.040746256709101 97.270876839756966 75.232161745429039 126.81802575290203 5.4249753803014746 8.2068794667720777 13.538123130798338
leaf_count=497 757 32 290 110 255 172 35 44 400 310 519 23 37 61
internal_value=5.91723e-06 -0.0112382 -0.00798207 0.00637223 -0.0136288 -0.0308111 -0.00431539 0.010022 0.00840153 0.0155272 0.00346159 0.0283709 0.00341313 0.0427999
internal_weight=867.007 408.463 350.203 98.8702 251.333 58.2602 16.6539 458.543 421.333 172.503 248.83 37.2107 13.6319 23.5789
internal_count=3542 1651 1412 400 1012 239 67 1891 1726 710 1016 165 60 105
is_linear=0
shrinkage=0.04


Tree=18
num_leaves=12
num_cat=0
split_feature=40 32 18 8 8 31 15 0 0 34 27
split_gain=56.3526 15.852 15.9493 17.433 13.7374 9.50304 9.61973 9.62245 5.06952 6.42457 5.54042
threshold=0.50033590339765233 0.00054417196054968632 1.0000000180025095e-35 0.0019089198774774501 -6.2913225019713866e-05 0.6483494359527493 0.0029607724795608003 79.390329953307841 59.023339742828249 0.16897750533216085 0.069229866586251326
decision_type=2 2 2 2 2 2 2 2 2 2 2
left_child=5 2 3 -2 -4 -1 7 -7 10 -10 -3
right_child=1 8 4 -5 -6 6 -8 -9 9 -11 -12
leaf_value=0.052457632584207339 -0.016650195191592596 -0.024195418920283065 0.015495889238844048 0.054270856158935114 -0.0094286631800461103 0.0082367737730100962 -0.043164702320364762 0.036449968074373902 0.010211991701058567 -0.035670081422971796 -0.051473146515280239
leaf_weight=8.1470016390085203 191.21301990747452 30.08313125371933 70.631924986839294 5.7111451625823966 70.892750337719917 423.54810073971748 5.6141985654830924 20.267538860440254 10.560539498925211 9.0823160707950574 19.725491538643837
leaf_count=39 770 123 285 23 285 1745 23 84 43 37 85
internal_value=6.26661e-06 -0.0108042 -0.00723213 -0.0145934 0.00301065 0.0096431 0.00886698 0.00952517 -0.0282115 -0.0110026 -0.0349981
internal_weight=865.477 407.9 338.449 196.924 141.525 457.577 449.43 443.816 69.4515 19.6429 49.8086
internal_count=3542 1651 1363 793 570 1891 1852 1829 288 80 208
is_linear=0
shrinkage=0.04


Tree=19
num_leaves=13
num_cat=0
split_feature=40 32 22 9 22 35 9 36 9 22 3 22
split_gain=52.0828 16.3242 17.8452 22.1675 19.4831 9.2578 11.6168 12.1988 8.531 7.71878 4.79251 5.39669
threshold=0.49932953886379855 0.00054607589571681249 0.49668495887773212 0.00045539199418145497 -0.25913614121019651 1.1926152398418493 0.00052297335714452222 0.66309810642134115 0.00041477762181278932 2.9283336605520973 0.0017245209222735002 2.4630160401695629
decision_type=2 2 2 2 2 2 2 2 2 2 2 2
left_child=5 2 4 -4 -2 8 -7 -8 -1 -10 -3 -12
right_child=1 10 3 -5 -6 6 7 -9 9 -11 11 -13
leaf_value=-0.033070844496140075 0.00040052833518965667 -0.05967037249112811 -0.03091287912931754 0.02552669205196121 -0.020274846716793672 -0.049166730692553298 -0.014703366202137009 0.023812614138028036 0.013810899403927573 -0.020207040239174152 -0.02098017814227468 -0.065730484991492741
leaf_weight=6.6014167964458457 135.53492416441441 6.8611932694911948 14.413850426673887 48.938989788293839 157.85981148481369 8.1607116609811765 30.21731661260128 23.303531125187874 360.308882817626 10.997926637530325 56.281674832105637 4.6694990247488013
leaf_count=27 547 29 58 197 636 33 124 96 1496 45 234 20
internal_value=6.09503e-06 -0.00998624 -0.00656661 0.0126857 -0.0107238 0.00965679 -0.00471152 0.00206689 0.012002 0.0128033 -0.0279763 -0.0244085
internal_weight=864.15 424.56 356.748 63.3528 293.395 439.59 61.6816 53.5208 377.908 371.307 67.8124 60.9512
internal_count=3542 1721 1438 255 1183 1821 253 220 1568 1541 283 254
is_linear=0
shrinkage=0.04


Tree=20
num_leaves=12
num_cat=0
split_feature=40 27 40 3 32 32 40 31 15 0 34
split_gain=48.1746 14.9042 16.0522 19.1579 16.623 9.08285 13.7825 9.02313 8.68943 8.93424 3.73305
threshold=0.50033590339765233 0.20794906412009892 0.5153590118336312 0.0030622676417844503 0.00043041431961626965 0.00046608234398300092 0.5185734127361179 0.6483494359527493 0.0029607724795608003 79.390329953307841 0.050737076925943751
decision_type=2 2 2 2 2 2 2 2 2 2 2
left_child=7 2 3 -2 -4 6 -3 -1 9 -9 -7
right_child=1 5 4 -5 -6 10 -8 8 -10 -11 -12
leaf_value=0.051227503487701997 -0.02389366386757474 0.034092090700814967 0.057802884654633159 0.0072938433065634226 -0.0013082910067573883 -0.016912321737006155 -0.038822868117291409 0.0075754777200217486 -0.041143854708768454 0.034881159058489042 -0.045569750546753503
leaf_weight=7.9309427291154853 123.27195355296135 7.9592245370149639 7.9564649909734717 42.337921515107155 175.74420885741711 9.452688053250311 8.6615968346595746 422.29295234382153 5.6413978636264792 20.084009379148483 31.539430916309357
leaf_count=39 499 32 32 171 710 39 35 1745 23 84 133
internal_value=5.95128e-06 -0.00999859 -0.00688966 -0.0159206 0.00125194 -0.0288482 -0.00390603 0.00893476 0.00818608 0.00881516 -0.0389614
internal_weight=862.873 406.923 349.311 165.61 183.701 57.6129 16.6208 455.949 448.018 442.377 40.9921
internal_count=3542 1651 1412 670 742 239 67 1891 1852 1829 172
is_linear=0
shrinkage=0.04


Tree=21
num_leaves=13
num_cat=0
split_feature=3 0 35 36 31 37 10 20 0 20 22 0
split_gain=11.8369 16.5359 16.3373 14.4126 12.6604 11.2709 10.5508 10.0977 9.30185 8.83986 7.83624 3.96706
threshold=0.0025701615606695005 23.630240129538745 1.1757662633176682 0.65100287581418759 0.78634164440365251 0.059668314310213307 -0.00075242335402939998 0.0026026712488111505 36.724063961471636 0.0025910460663274002 0.49668495887773212 29.061403076347968
decision_type=2 2 2 2 2 2 2 2 2 2 2 2
left_child=1 -1 6 8 7 -5 11 -3 -4 -8 -6 -2
right_child=2 4 3 5 10 -7 9 -9 -10 -11 -12 -13
leaf_value=-0.059177171667659567 -0.003016953882331818 0.075128770645767076 -0.049674899246343315 -0.010969284702689368 -0.0075316077971202778 0.041084059215795665 0.044317041986842026 0.01125437200865724 -0.011446517089616852 0.0086201837039111655 0.0064870894303190717 -0.051129125290973895
leaf_weight=8.6631390154361707 4.9319608658552152 5.1460902690887478 17.609793499112129 16.857088953256611 343.84342306852341 10.997621342539786 11.503574341535566 17.180017277598381 24.150609686970711 316.03379337489605 78.333212241530418 6.1755425482988358
leaf_count=35 20 21 73 70 1401 46 47 71 99 1313 320 26
internal_value=5.71867e-06 -0.0044448 0.00494576 -0.0127025 -0.00337809 0.00958246 0.00857371 0.0259772 -0.0275669 0.00987391 -0.00493049 -0.0297663
internal_weight=861.426 453.166 408.26 69.6151 444.503 27.8547 338.645 22.3261 41.7604 327.537 422.177 11.1075
internal_count=3542 1848 1694 288 1813 116 1406 92 172 1360 1721 46
is_linear=0
shrinkage=0.04


Tree=22
num_leaves=14
num_cat=0
split_feature=32 18 36 2 0 3 8 31 36 0 1 2 36
split_gain=11.8783 10.771 14.4179 9.3013 16.1732 11.9332 10.9436 10.4216 7.6129 4.41269 4.10962 3.51066 1.73182
threshold=0.00063371408424002876 1.0000000180025095e-35 0.68902704955028871 0.11721544570022492 25.871775838840083 0.0052311977088848509 -0.0012727456486460499 1.1323511014503029 0.58028996644437203 33.177712259996404 -38.460000827588367 0.63307567603707193 0.49469385708425878
decision_type=2 2 2 2 2 2 2 2 2 2 2 2 2
left_child=3 11 10 7 5 -5 -6 8 -1 -9 -3 12 -2
right_child=1 2 -4 4 6 -7 -8 9 -10 -11 -12 -13 -14
leaf_value=-0.020246877183897095 0.062505338731345075 -0.058312730357261811 0.045260252365971122 0.040227324401655558 -0.01645883316259901 -0.017951722670896949 0.0010607516382543749 -0.049394724172629668 0.0020763879005674659 -0.0061538008568838704 -0.0064347177964750651 0.011583053132926098 0.037093343847764186
leaf_weight=38.635908052325249 6.7897617220878663 5.2720696926116934 5.7999195158481589 26.464508339762688 63.047517389059067 7.168839067220687 599.39723996818066 14.323516204953195 66.538800299167633 5.1278210282325736 4.5532337129116049 6.1661574840545645 11.658728942275046
leaf_count=158 31 22 27 108 259 31 2453 58 272 21 21 27 54
internal_value=5.72318e-06 0.0212242 -0.00475012 -0.00103464 0.000767193 0.0278266 -0.000606657 -0.0110985 -0.00612406 -0.0379954 -0.0342715 0.0377125 0.0464459
internal_weight=860.944 40.2399 15.6252 820.704 696.078 33.6333 662.445 124.626 105.175 19.4513 9.8253 24.6146 18.4485
internal_count=3542 182 70 3360 2851 139 2712 509 430 79 43 112 85
is_linear=0
shrinkage=0.04


Tree=23
num_leaves=12
num_cat=0
split_feature=40 22 22 36 18 31 23 15 40 29 15
split_gain=43.7922 13.5351 14.1445 30.9984 28.3858 8.37339 8.19005 7.93581 5.61114 11.7181 3.76404
threshold=0.49932953886379855 -1.8312467273380848 -0.25913614121019651 0.77271846404286337 1.0000000180025095e-35 0.6483494359527493 -0.75855984060644899 0.0029607724795608003 0.5185734127361179 0.02785226656883762 -0.00107124993590665
decision_type=2 2 2 2 2 2 2 2 2 2 2
left_child=5 8 3 -3 -4 -1 -7 -8 9 -2 -10
right_child=1 2 4 -5 -6 6 7 -9 10 -11 -12
leaf_value=0.050170721150047635 0.0029078923745600093 0.01149560061397787 -0.025205691888514094 -0.04561082638348838 0.0015354895789947212 0.055567230755824738 0.0081327797350650745 -0.039554215551223473 -0.021617867738512108 -0.055339545221678915 -0.06482657603935324
leaf_weight=7.7197899222373954 14.278878509998323 112.80992372334003 132.677634075284 17.578448683023453 121.83478355407715 5.7476185709238043 418.25243386626244 5.6591115891933432 4.7301808148622504 9.0151630640029889 10.142380952835081
leaf_count=39 59 458 540 71 493 25 1734 23 20 38 42
internal_value=6.00708e-06 -0.0091693 -0.00691634 0.00379674 -0.0124047 0.00888109 0.00813922 0.00749617 -0.0318898 -0.0196348 -0.0510842
internal_weight=860.446 423.067 384.901 130.388 254.512 437.379 429.659 423.912 38.1666 23.294 14.8726
internal_count=3542 1721 1562 529 1033 1821 1782 1757 159 97 62
is_linear=0
shrinkage=0.04


Tree=24
num_leaves=12
num_cat=0
split_feature=40 27 40 8 28 31 23 9 40 15 10
split_gain=40.5494 13.1851 14.306 15.6145 10.4125 8.09422 8.25819 7.8467 12.7905 7.19594 3.37068
threshold=0.50033590339765233 0.20794906412009892 0.5153590118336312 -2.6256116384985424e-05 0.76333026116483671 0.6483494359527493 -0.75855984060644899 0.00047795566152817524 0.5185734127361179 0.0029607724795608003 1.9646384358071501e-05
decision_type=2 2 2 2 2 2 2 2 2 2 2
left_child=5 2 4 -4 -2 -1 -7 8 -3 -8 -9
right_child=1 7 3 -5 -6 6 9 10 -10 -11 -12
leaf_value=0.049305301610603001 -0.052091744105605353 0.016103511253754161 0.010826988575833385 -0.013053547022583668 -0.012109203225670105 0.054588124591720869 0.0074804375461493978 -0.029514890381988221 -0.039280592681247457 -0.037843464195913425 -0.056529827145496023
leaf_weight=7.544630914926528 11.179025888442991 13.520668789744379 111.14720858633518 72.309126362204552 153.81267765164375 5.8867932707071295 434.61985750496387 17.41051742434502 13.170744299888609 5.6779315322637549 12.83929732441902
leaf_count=39 46 55 450 292 624 26 1803 75 54 23 55
internal_value=5.73994e-06 -0.00918792 -0.00627177 0.0014145 -0.0148182 0.00821991 0.00752519 -0.0270331 -0.0112255 0.00689596 -0.0409812
internal_weight=859.118 405.389 348.448 183.456 164.992 453.729 446.185 56.9412 26.6914 440.298 30.2498
internal_count=3542 1651 1412 742 670 1891 1852 239 109 1826 130
is_linear=0
shrinkage=0.04


Tree=25
num_leaves=15
num_cat=0
split_feature=40 27 40 35 3 35 38 36 28 34 31 40 29 24
split_gain=37.445 11.6127 12.5044 22.5697 11.7157 8.01831 16.2146 9.90307 8.81328 16.4573 7.61452 11.963 7.36937 5.75826
threshold=0.49932953886379855 0.27025102266848228 0.52482865035920656 1.0411447395161095 0.0030622676417844503 1.2684402707339968 0.80594852317273946 0.54768050573230476 0.97187057660879261 0.26749874366419391 0.95456837865348487 0.5185734127361179 0.018736340230486207 0.10833333333315277
decision_type=2 2 2 2 2 2 2 2 2 2 2 2 2 2
left_child=5 2 4 -4 -2 8 7 -7 12 -10 13 -12 -1 -3
right_child=1 10 3 -5 -6 6 -8 -9 9 -11 11 -13 -14 -15
leaf_value=0.021625075945161738 -0.015377934023003937 -0.051150601561030663 0.020411383587741475 -0.018979783240879802 0.0036604686961840757 -0.034638439616288673 -0.049353995081948092 0.019493206325807776 -0.023970811328768327 0.047762624728020085 0.024446588928409063 -0.039720667454530491 0.0084712303815721712 -0.014780951530348495
leaf_weight=91.07651948928833 202.52594782412052 20.489440530538563 63.637271001935005 36.69108647108078 69.450740277767181 7.0611201524734524 11.306644231081007 23.088482528924942 26.180764690041542 6.3604509979486457 9.6597738116979617 8.9612941294908506 270.67657177150249 10.552375748753546
leaf_count=382 823 88 259 148 281 29 46 96 107 27 40 37 1134 45
internal_value=5.45432e-06 -0.0084876 -0.00606404 0.00600564 -0.0105164 0.00822987 -0.00850404 0.00681543 0.00998928 -0.00994992 -0.0266562 -0.00643358 0.0117829 -0.0387871
internal_weight=857.718 421.968 372.305 100.328 271.977 435.751 41.4562 30.1496 394.294 32.5412 49.6629 18.6211 361.753 31.0418
internal_count=3542 1721 1511 407 1104 1821 171 125 1650 134 210 77 1516 133
is_linear=0
shrinkage=0.04


Tree=26
num_leaves=12
num_cat=0
split_feature=40 32 22 40 37 25 31 23 3 15 21
split_gain=34.7254 13.0365 15.5718 18.711 7.98933 13.8146 7.71215 7.82665 8.06192 7.36217 5.62295
threshold=0.50033590339765233 0.00052575493365236508 -1.8312467273380848 0.53075023455205927 0.15579914315568702 0.25000000000000006 0.6483494359527493 -0.75855984060644899 0.0010719202560861502 -0.00088946769812004985 0.00035439257829045001
decision_type=2 2 2 2 2 2 2 2 2 2 2
left_child=6 2 9 -4 10 -6 -1 -8 -9 -2 -3
right_child=1 4 3 -5 5 -7 7 8 -10 -11 -12
leaf_value=0.048315816923653464 -0.0012007083037277664 -0.032877349223987606 -0.0067128089373061396 0.019595552551840759 0.054579041416618977 -0.018135751589200364 0.053224410810022979 -0.035037135410285664 0.0070525292361280347 -0.049859345155895698 -0.010007148218624142
leaf_weight=7.3304481059312812 7.0928480774164226 59.262489423155785 221.6402138620615 53.742318451404572 5.6857406198978451 15.788869976997374 5.7724108546972266 7.4062326699495307 431.5677375048399 16.663310438394547 24.234596565365791
leaf_count=39 29 251 895 218 23 65 26 30 1796 70 100
internal_value=5.33876e-06 -0.00851497 -0.00425908 -0.0015786 -0.020643 0.00111663 0.00762163 0.00695089 0.00634241 -0.0353314 -0.0262394
internal_weight=856.187 404.11 299.139 275.383 104.972 21.4746 452.077 444.746 438.974 23.7562 83.4971
internal_count=3542 1651 1212 1113 439 88 1891 1852 1826 99 351
is_linear=0
shrinkage=0.04


Tree=27
num_leaves=12
num_cat=0
split_feature=40 27 23 3 34 31 23 3 9 40 10
split_gain=32.0681 10.959 12.561 19.3185 12.955 7.34689 7.38738 7.41608 7.06193 11.3175 3.20957
threshold=0.50033590339765233 0.20794906412009892 1.1222422488708903 0.0030935836429769503 0.24444005079090661 0.6483494359527493 -0.75855984060644899 0.0010719202560861502 0.00047795566152817524 0.5185734127361179 1.9646384358071501e-05
decision_type=2 2 2 2 2 2 2 2 2 2 2
left_child=5 2 3 -2 -4 -1 -7 -8 9 -3 -10
right_child=1 8 4 -5 -6 6 7 -9 10 -11 -12
leaf_value=0.047538208122017464 -0.019219603113576615 0.016024852305403393 0.0081884014420171031 0.0087778088689790396 -0.027676971358412773 0.052056018852090304 -0.033527188872037719 0.0067791137133191518 -0.026803199907256492 -0.036278046152444073 -0.053523194306956096
leaf_weight=7.1558836549520484 150.9818067997694 13.497767865657808 124.53022632002831 53.372436940670013 18.509143069386482 5.6680103391408911 7.4296863079071036 431.02603103220463 17.040860190987591 12.989578068256376 12.446082532405851
leaf_count=39 614 55 507 216 75 26 30 1796 75 54 55
internal_value=5.12326e-06 -0.00819037 -0.00554383 -0.0119073 0.00354746 0.00733051 0.00668267 0.00609612 -0.0246156 -0.00962485 -0.0380814
internal_weight=854.648 403.368 347.394 204.354 143.039 451.28 444.124 438.456 55.9743 26.4873 29.4869
internal_count=3542 1651 1412 830 582 1891 1852 1826 239 109 130
is_linear=0
shrinkage=0.04


Tree=28
num_leaves=15
num_cat=0
split_feature=40 32 22 9 22 32 28 23 29 22 40 22 3 32
split_gain=29.6747 13.4856 15.0944 19.8077 18.0794 7.56524 7.58968 16.79 13.3277 6.89983 11.9866 10.9589 4.52253 4.58688
threshold=0.49932953886379855 0.00054607589571681249 0.49668495887773212 0.00045539199418145497 -0.25913614121019651 0.00062407002172888183 0.96604361155981433 -0.15571001377805221 0.018610675069360431 2.0578529907228975 0.4641219678072056 -1.696620928399786 0.0017245209222735002 0.00055162216343744379
decision_type=2 2 2 2 2 2 2 2 2 2 2 2 2 2
left_child=5 2 4 -4 -2 6 8 -8 -1 11 -11 -7 -3 -14
right_child=1 12 3 -5 -6 9 7 -9 -10 10 -12 -13 13 -15
leaf_value=0.023994107468278358 0.0024432277121960787 -0.055684454195331218 -0.028086003628439538 0.02540014165763833 -0.01755925061292753 -0.011042576789390066 -0.05588560215116304 0.0022318430490550572 0.0038329567792241932 -0.046978451327572016 0.042189190175901427 0.042549153594719259 -0.051322977061411201 -0.016662221648978761
leaf_weight=65.094435945153236 134.24018031358719 6.571461394429206 14.334289416670797 48.770948305726051 156.6905795186758 7.8047542572021475 9.7824617773294431 42.539627090096474 270.33093784749508 5.3887100964784604 4.3668779879808426 28.034568533301353 6.9163889139890662 52.322713449597359
leaf_count=271 547 29 58 197 636 33 40 175 1126 22 20 134 29 225
internal_value=4.8439e-06 -0.00757397 -0.00448314 0.0132508 -0.00832978 0.00734762 0.00553528 -0.00863415 0.00774554 0.0227601 -0.00706449 0.0308784 -0.0242014 -0.020709
internal_weight=853.189 419.847 354.036 63.1052 290.931 433.342 387.747 52.3221 335.425 45.5949 9.75559 35.8393 65.8106 59.2391
internal_count=3542 1721 1438 255 1183 1821 1612 215 1397 209 42 167 283 254
is_linear=0
shrinkage=0.04


Tree=29
num_leaves=12
num_cat=0
split_feature=40 18 22 36 25 37 22 31 23 23 3
split_gain=27.4323 10.6902 19.5003 21.1022 15.5779 14.8431 15.5088 6.97084 7.03629 6.76935 6.69188
threshold=0.50033590339765233 1.0000000180025095e-35 -0.25143766517433319 0.83100896844435079 0.90000000000000013 0.22505278354538907 -0.49312113514310574 0.6483494359527493 -0.75855984060644899 3.0882235583035986 0.0010719202560861502
decision_type=2 2 2 2 2 2 2 2 2 2 2
left_child=7 2 3 -2 -4 6 -3 -1 -9 -7 -10
right_child=1 5 4 -5 -6 9 -8 8 10 -11 -12
leaf_value=0.046619272163335099 0.0032844030727231239 -0.025065368456954642 -0.028945411125154551 -0.063002536338002901 0.017731836081447645 -0.069945865670252919 0.0097351669487613004 0.050912902240621269 -0.031990277004137556 -0.01173914259959455 0.0062547020470779284
leaf_weight=6.9240123629569998 110.2100792080164 24.560309126973152 109.94294160604477 8.2599771171808225 12.76841017603874 6.4173009246587736 123.60827569663525 5.5534509867429724 7.4470098167657843 6.3702190667390823 429.65443553030491
leaf_count=39 454 104 453 34 52 26 502 26 30 26 1796
internal_value=5.15576e-06 -0.00758515 -0.0129129 -0.00133726 -0.0240885 0.00039818 0.00396666 0.0067945 0.00617156 -0.0409497 0.00560311
internal_weight=851.716 402.138 241.181 118.47 122.711 160.956 148.169 449.579 442.655 12.7875 437.101
internal_count=3542 1651 993 488 505 658 606 1891 1852 52 1826
is_linear=0
shrinkage=0.04


Tree=30
num_leaves=15
num_cat=0
split_feature=40 22 22 36 25 35 37 7 0 30 9 29 29 40
split_gain=25.3824 10.4902 11.5335 27.353 19.6427 7.4525 12.0376 8.51564 7.46435 7.48524 6.57851 5.58185 4.74662 10.4758
threshold=0.49932953886379855 -1.8312467273380848 -0.25913614121019651 0.77271846404286337 0.90000000000000013 1.2684402707339968 0.059668314310213307 0.00093264154381390017 81.657272764247708 0.015732246728123952 0.00058941027064542486 0.030903844973186208 0.02785226656883762 0.51949765639911716
decision_type=2 2 2 2 2 2 2 2 2 2 2 2 2 2
left_child=5 12 3 -3 -4 8 10 -8 9 -1 -7 -10 13 -2
right_child=1 2 4 -5 -6 6 7 -9 11 -11 -12 -13 -14 -15
leaf_value=-0.0082367177316377566 0.005367581940041063 0.01188263609064753 -0.015443258834494763 -0.042006215909050806 0.012989394910307941 -0.046045903390287579 -0.010436663480684727 0.050010752157415399 0.058340735690376129 0.0095159876288359417 -0.0060323936840746334 0.0032777891539803421 -0.04850908353707846 -0.046475149060570473
leaf_weight=42.866936206817627 14.053387373685839 112.28915432095528 204.14150692522526 17.406666412949562 48.021469786763191 12.891328603029253 7.5701383650302869 7.3487897664308548 8.2008496373891813 334.78416340053082 13.41537384688854 4.5967133045196524 11.640864774584768 11.211721330881117
leaf_count=178 59 458 838 71 195 52 32 31 36 1416 56 20 51 49
internal_value=4.89497e-06 -0.00701124 -0.00504306 0.00465013 -0.0100286 0.0068112 -0.00936331 0.0193386 0.00851899 0.00750089 -0.0256406 0.0385629 -0.0273756 -0.0176383
internal_weight=850.439 418.765 381.859 129.696 252.163 431.674 41.2256 14.9189 390.449 377.651 26.3067 12.7976 36.906 25.2651
internal_count=3542 1721 1562 529 1033 1821 171 63 1650 1594 108 56 159 108
is_linear=0
shrinkage=0.04


Tree=31
num_leaves=11
num_cat=0
split_feature=32 18 36 21 0 24 31 29 36 28
split_gain=9.30984 10.0544 12.9072 7.63619 11.3531 8.44165 8.09209 3.75801 3.4422 3.71631
threshold=0.00063371408424002876 1.0000000180025095e-35 0.68902704955028871 0.0025034896880960001 81.229476882534698 0.14166666666643057 0.85263221216756313 0.03765462380966985 0.67333586866731754 0.91850126463954807
decision_type=2 2 2 2 2 2 2 2 2 2
left_child=3 8 7 4 6 -6 -1 -3 9 -2
right_child=1 2 -4 -5 5 -7 -8 -9 -10 -11
leaf_value=0.0055942260040285005 0.023000990679290321 -0.010422407103454682 0.042639796003947829 -0.042922279253502088 -0.0021286853863769434 0.04559045200492947 -0.0037699092080126125 -0.061012636447898276 0.0073958439757602157 0.059594287528873247
leaf_weight=197.9212424904108 7.7810896784067216 4.8673076629638654 5.4227309972047797 6.8622535765171042 9.9874073863029498 14.605721220374106 581.37116770446301 4.5413216799497604 5.3601552098989478 10.342876657843588
leaf_count=832 37 21 27 29 42 61 2396 22 25 50
internal_value=4.69523e-06 0.0192718 -0.00651207 -0.000905858 -0.000547191 0.0262114 -0.00139165 -0.0348411 0.0355556 0.0438838
internal_weight=849.063 38.3155 14.8314 810.748 803.886 24.5931 779.292 9.40863 23.4841 18.124
internal_count=3542 182 70 3360 3331 103 3228 43 112 87
is_linear=0
shrinkage=0.04


Tree=32
num_leaves=10
num_cat=0
split_feature=40 32 27 23 35 31 15 1 32
split_gain=23.135 12.8394 9.36522 12.9252 8.34748 6.66807 6.80894 7.61788 6.20739
threshold=0.50033590339765233 0.00043041431961626965 0.20794906412009892 1.5301062809821613 1.0316735823026424 0.6483494359527493 0.0029607724795608003 83.590123528498239 0.00046608234398300092
decision_type=2 2 2 2 2 2 2 2 2
left_child=5 4 3 -3 -2 -1 7 -7 -4
right_child=1 2 8 -5 -6 6 -8 -9 -10
leaf_value=0.045791567651742443 -0.0044732565932648375 -0.012059743618253346 1.9735684455716141e-05 0.0041316481294767851 0.056842884709036152 0.0044511264145736806 -0.037916047621764995 0.022051636015509586 -0.032192594895293365
leaf_weight=6.7230163365602484 6.3078406304121009 207.90333805978298 12.708894386887549 127.11426450312138 8.1324403584003431 391.5197823792696 5.6654005050659171 43.742188557982445 38.773698687553406
leaf_count=39 26 849 52 519 33 1642 23 187 172
internal_value=5.12474e-06 -0.00697358 -0.00835716 -0.00591631 0.0300586 0.00625564 0.00565282 0.00621991 -0.0242407
internal_weight=848.591 400.94 386.5 335.018 14.4403 447.65 440.927 435.262 51.4826
internal_count=3542 1651 1592 1368 59 1891 1852 1829 224
is_linear=0
shrinkage=0.04


Tree=33
num_leaves=12
num_cat=0
split_feature=3 35 0 36 24 31 37 20 10 20 8
split_gain=8.08616 13.9548 13.6091 11.9433 10.9927 10.7143 10.0675 9.63893 9.45451 8.29421 7.74661
threshold=0.0025701615606695005 1.1757662633176682 23.630240129538745 0.65100287581418759 0.058333333333236058 0.78634164440365251 0.059668314310213307 0.0026026712488111505 -0.00079479841680039985 0.0025910460663274002 -0.0022436844492967995
decision_type=2 2 2 2 2 2 2 2 2 2 2
left_child=2 8 -1 4 -3 7 -5 -4 -2 -10 -7
right_child=1 3 5 6 -6 10 -8 -9 9 -11 -12
leaf_value=-0.053890000414900732 -0.032265660491100627 0.0071603274126911592 0.072902463884577648 -0.011382112377335862 -0.038926756416087227 0.039991977824761549 0.038437232059377394 0.0099962540491183357 0.042257148695191343 0.0074437261268487489 -0.0048286415684218173
leaf_weight=8.4770183712244016 9.2878439575433713 11.515580609440802 5.0669647753238705 16.506529554724697 29.477050304412842 6.2639977782964698 10.695116892457007 16.882648274302483 11.348941653966902 311.24389466643333 410.58310337364674
leaf_count=35 39 49 21 70 123 26 46 71 47 1320 1695
internal_value=4.97156e-06 0.00413655 -0.00369062 -0.0123438 -0.0259801 -0.00272083 0.00820581 0.0245179 0.00752291 0.00866848 -0.00415512
internal_weight=847.349 400.075 447.274 68.1943 40.9926 438.797 27.2016 21.9496 331.881 322.593 416.847
internal_count=3542 1694 1848 288 172 1813 116 92 1406 1367 1721
is_linear=0
shrinkage=0.04


Tree=34
num_leaves=12
num_cat=0
split_feature=40 32 18 37 30 9 35 38 23 3 32
split_gain=21.1741 12.3852 10.7972 13.8376 10.4861 6.68148 7.33024 11.2242 6.59213 4.29976 4.31724
threshold=0.49932953886379855 0.00054607589571681249 1.0000000180025095e-35 0.22505278354538907 0.16919348795377473 0.00041477762181278932 1.1926152398418493 0.835537039711434 0.091998870861290175 0.0017245209222735002 0.00055162216343744379
decision_type=2 2 2 2 2 2 2 2 2 2 2
left_child=5 2 4 -4 -2 -1 8 -8 -7 -3 -11
right_child=1 9 3 -5 -6 6 7 -9 -10 10 -12
leaf_value=-0.033778995622608943 -0.0078378519011846996 -0.053656386452705221 0.0084975488027525907 -0.037142789200692562 -0.063557212029852511 -0.00087402012279413303 0.0048337831623737875 -0.033275852822599643 0.011963330437780022 -0.049070322784651434 -0.015136034964572758
leaf_weight=6.5731602460145941 201.20170858502388 6.3819755613803855 134.17487300932407 11.543191269040106 5.5532232522964469 83.047466829419136 43.541017785668373 17.269912153482437 279.08317229151726 6.7868414521217337 51.647188946604729
leaf_count=27 822 29 546 47 23 347 182 71 1194 29 225
internal_value=4.9785e-06 -0.00641216 -0.00345707 0.00488211 -0.00933442 0.00623946 0.00686141 -0.00598911 0.00901934 -0.0224821 -0.0190773
internal_weight=846.804 417.289 352.473 145.718 206.755 429.515 422.942 60.8109 362.131 64.816 58.434
internal_count=3542 1721 1438 593 845 1821 1794 253 1541 283 254
is_linear=0
shrinkage=0.04


Tree=35
num_leaves=14
num_cat=0
split_feature=40 32 27 32 24 32 8 37 38 9 18 22 26
split_gain=19.6221 11.7616 8.72148 12.1949 7.05339 6.45185 8.96734 19.9964 14.6703 8.68743 13.3722 9.45732 5.71303
threshold=0.50033590339765233 0.00043041431961626965 0.20794906412009892 0.00043993388609573091 0.074999999999874958 0.00061084352607168775 0.00051276077811785012 0.060750695847358017 0.90895635133334185 0.00066066147710193445 1.0000000180025095e-35 2.1053453397756305 0.014504848477105332
decision_type=2 2 2 2 2 2 2 2 2 2 2 2 2
left_child=5 4 3 -3 -2 6 8 -8 -1 11 -11 -7 -4
right_child=1 2 12 -5 -6 9 7 -9 -10 10 -12 -13 -14
leaf_value=-0.011473548582889088 0.0073586042601951254 -0.047809266628163177 -0.010687787055348046 -0.0040332127179805886 0.06513858007914089 0.039589645659144024 -0.0012013578125535695 0.027381226409438485 0.0087856186826635926 0.021789415061597438 -0.044011290652167086 -0.014241203256343121 -0.037540682072171191
leaf_weight=112.29108211398125 9.011015519499777 10.512453451752661 27.259535863995552 323.7167392373085 5.4097571372985831 29.917922303080559 90.252972587943077 69.181522414088249 116.54549497365952 13.708221763372423 7.7268972545862189 6.3260076045989981 23.696224436163902
leaf_count=463 37 43 114 1325 22 140 381 294 486 64 36 27 110
internal_value=4.65256e-06 -0.00643243 -0.00776024 -0.00541009 0.029034 0.00577277 0.00391839 0.0112011 -0.00115564 0.0182557 -0.00193032 0.030194 -0.0231753
internal_weight=845.556 399.606 385.185 334.229 14.4208 445.95 388.271 159.434 228.837 57.679 21.4351 36.2439 50.9558
internal_count=3542 1651 1592 1368 59 1891 1624 675 949 267 100 167 224
is_linear=0
shrinkage=0.04


Tree=36
num_leaves=11
num_cat=0
split_feature=40 32 32 22 35 23 32 36 40 35
split_gain=18.1192 10.8491 8.48596 11.7942 7.62181 6.66588 6.5858 9.41522 8.39979 4.74066
threshold=0.50033590339765233 0.00043041431961626965 0.00054417196054968632 0.49668495887773212 1.0751651096376114 -0.75855984060644899 0.00061084352607168775 0.71942126611187363 0.43175912919968185 0.89854178111875604
decision_type=2 2 2 2 2 2 2 2 2 2
left_child=5 4 3 -3 -2 -1 7 -7 -8 -4
right_child=1 2 9 -5 -6 6 8 -9 -10 -11
leaf_value=0.049671037546872195 0.0010266618600713012 -0.0084323199361544827 -0.0075921693757650503 0.011370418236420666 0.059387090716194253 -0.0012183915141754308 -0.024349256808445852 0.01220331700263203 0.023250484680223737 -0.029514811752489056
leaf_weight=5.4132562428712836 7.7789348810911161 260.30310535430908 26.622306391596794 59.035173818469048 6.6339446157217026 258.89043265581131 6.7205532044172278 123.52465227246284 50.534690946340561 38.760848611593246
leaf_count=26 32 1065 117 239 27 1082 30 516 237 171
internal_value=5.0823e-06 -0.0061831 -0.00745954 -0.00477144 0.0278887 0.00555441 0.00501125 0.00311698 0.0176633 -0.0205885
internal_weight=844.218 399.134 384.721 319.338 14.4129 445.084 439.67 382.415 57.2552 65.3832
internal_count=3542 1651 1592 1304 59 1891 1865 1598 267 288
is_linear=0
shrinkage=0.04


Tree=37
num_leaves=12
num_cat=0
split_feature=40 32 22 40 37 25 15 31 23 15 21
split_gain=16.7266 10.0368 12.9507 15.0575 7.15736 12.1741 6.97371 6.41712 6.47732 6.18784 5.1792
threshold=0.50033590339765233 0.00052575493365236508 -1.8312467273380848 0.53075023455205927 0.15579914315568702 0.25000000000000006 -0.00088946769812004985 0.6483494359527493 -0.75855984060644899 0.0029607724795608003 0.00035439257829045001
decision_type=2 2 2 2 2 2 2 2 2 2 2
left_child=7 2 6 -4 10 -6 -2 -1 -9 -10 -3
right_child=1 4 3 -5 5 -7 -8 8 9 -11 -12
leaf_value=0.044852101383491119 0.0022536714170379351 -0.0287001295905863 -0.0044242352851034568 0.019234698648254774 0.054069142809836927 -0.014413320484554421 -0.045630597351880846 0.048695639991079849 0.0047686208281534862 -0.037356621936622716 -0.0064907020795558767
leaf_weight=6.4811710715293875 6.9952974468469646 57.166604921221733 219.99630531668663 53.510021284222603 5.6755052655935314 15.486155301332472 15.989232629537581 5.3030564337968817 426.94292376935482 5.6531012356281272 23.791806519031525
leaf_count=39 29 251 895 218 23 65 70 26 1803 23 100
internal_value=5.13279e-06 -0.00594402 -0.00221895 0.000204506 -0.0167592 0.00395351 -0.0310571 0.00534155 0.00475677 0.00421813 -0.0221733
internal_weight=842.991 398.611 296.491 273.506 102.12 21.1617 22.9845 444.38 437.899 432.596 80.9584
internal_count=3542 1651 1212 1113 439 88 99 1891 1852 1826 351
is_linear=0
shrinkage=0.04


Tree=38
num_leaves=11
num_cat=0
split_feature=32 22 22 19 13 21 0 2 15 0
split_gain=7.26107 8.5929 11.5794 6.97037 12.7511 7.033 9.27793 6.45161 4.40506 3.557
threshold=0.00063371408424002876 2.8089867902767187 -1.7498998368294125 -2.6528247654827912 -0.0011037589981663998 0.0025034896880960001 81.229476882534698 -0.17335875486521907 -0.0013286262580480498 24.805137997010409
decision_type=2 2 2 2 2 2 2 2 2 2
left_child=3 2 -2 4 7 6 -5 -1 -4 -6
right_child=1 -3 8 5 9 -7 -8 -9 -10 -11
leaf_value=-0.028783280152100112 -0.018510303320790452 -0.036188837729162579 0.018165202169301578 -0.00047521633588120505 -0.072251917997086051 -0.040600136626566759 0.024679267800253618 0.020721708153039323 0.052142892075881728 -0.030668058635626477
leaf_weight=6.642687231302264 7.712533935904502 4.2430930733680716 10.687399297952652 742.09292355179787 5.8521991074085218 6.7797133773565283 24.226562917232513 11.510865226387979 14.238392546772957 7.5208008885383606
leaf_count=28 35 18 53 3096 25 29 103 48 76 31
internal_value=4.85217e-06 0.0173598 0.0243214 -0.000790644 -0.0192268 -3.88283e-05 0.000320022 0.00260701 0.0375743 -0.0488657
internal_weight=841.507 36.8814 32.6383 804.626 31.5266 773.099 766.319 18.1536 24.9258 13.373
internal_count=3542 182 164 3360 132 3228 3199 76 129 56
is_linear=0
shrinkage=0.04


Tree=39
num_leaves=15
num_cat=0
split_feature=40 32 22 9 22 35 37 9 7 22 27 34 3 29
split_gain=15.2492 10.0599 12.8184 17.8431 16.0508 6.31666 9.68478 8.07692 7.56257 6.81211 19.6941 9.88999 4.12185 4.27389
threshold=0.49932953886379855 0.00054607589571681249 0.49668495887773212 0.00045539199418145497 -0.25913614121019651 1.2815704900614671 0.059668314310213307 0.00058941027064542486 0.00093264154381390017 2.9283336605520973 0.93342520804091478 0.2762327588568273 0.0017245209222735002 0.051525636218121652
decision_type=2 2 2 2 2 2 2 2 2 2 2 2 2 2
left_child=5 2 4 -4 -2 9 7 -7 -8 11 -11 -1 -3 -14
right_child=1 12 3 -5 -6 6 8 -9 -10 10 -12 -13 13 -15
leaf_value=0.0055521058307285544 0.0038159571276631843 -0.051311317370881626 -0.025818559601546297 0.025084750270844242 -0.01511176702245876 -0.051176694053685245 -0.01171272736027038 -0.0045051029227424592 0.046825867518605235 0.036232761003260949 -0.068949631358864658 0.026687028793673188 -0.010835171996234435 -0.036848495059026737
leaf_weight=336.91417708992958 133.12251925468445 6.1237054467201224 14.244355976581572 48.641978442668915 155.31949876248837 10.888100117444994 7.4622312784194929 13.035987511277197 6.7027223408222198 5.0279737710952741 6.5698157995939255 39.587917760014534 44.183269336819649 13.101959839463232
leaf_count=1432 547 29 58 197 636 44 32 55 29 21 27 181 196 58
internal_value=5.08367e-06 -0.00545525 -0.00280865 0.0135547 -0.00637619 0.0053187 -0.0102257 -0.0257458 0.0159872 0.00684426 -0.0233501 0.00777437 -0.0201192 -0.0167848
internal_weight=840.926 414.737 351.328 62.8863 288.442 426.189 38.089 23.9241 14.165 388.1 11.5978 376.502 63.4089 57.2852
internal_count=3542 1721 1438 255 1183 1821 160 99 61 1661 48 1613 283 254
is_linear=0
shrinkage=0.04


Tree=40
num_leaves=12
num_cat=0
split_feature=3 35 0 36 31 20 31 37 10 15 20
split_gain=6.90387 12.1168 11.9078 10.4638 9.74136 9.05913 8.82774 8.80196 8.48159 8.21652 7.49166
threshold=0.0025701615606695005 1.1757662633176682 23.630240129538745 0.65100287581418759 0.78634164440365251 0.0026026712488111505 0.90227552789245868 0.059668314310213307 -0.00079479841680039985 -0.00029217593100929997 0.0026190268381096503
decision_type=2 2 2 2 2 2 2 2 2 2 2
left_child=2 8 -1 6 5 -4 -3 -5 -2 -10 -6
right_child=1 3 4 7 10 -7 -8 -9 9 -11 -12
leaf_value=-0.050807527343803498 -0.030818154837559508 -0.008855768234569978 0.070930364469336607 -0.010569243203705595 -0.0032865660022822329 0.0094965671270902247 -0.046854751876127212 0.036435688854077719 0.014985463945815883 0.0021137134115783748 -0.052636452163540015
leaf_weight=8.3241967409849149 9.2121675759553892 23.794602736830711 4.9863700866699245 16.346680253744129 409.25925555825233 16.71298936009407 16.610550731420517 10.447937130928038 148.62372871488333 170.23011895269156 4.9817338436841956
leaf_count=35 39 103 21 70 1700 71 69 46 638 729 21
internal_value=5.00888e-06 0.00385061 -0.00341645 -0.0116235 -0.00251153 0.0236136 -0.0244771 0.00775924 0.00702027 0.00811348 -0.00388006
internal_weight=839.53 395.266 444.265 67.1998 435.94 21.6994 40.4052 26.7946 328.066 318.854 414.241
internal_count=3542 1694 1848 288 1813 92 172 116 1406 1367 1721
is_linear=0
shrinkage=0.04


Tree=41
num_leaves=12
num_cat=0
split_feature=40 36 26 22 27 35 22 0 31 31 31
split_gain=13.9576 8.84668 10.5578 16.9754 15.5347 7.73406 6.79923 6.30543 5.79206 6.17973 5.68116
threshold=0.49932953886379855 0.79905342073933849 0.014504699568130252 -0.25913614121019651 0.081180974923182866 0.92691411153390291 -0.54982551860209716 7.9411956198121709 0.6483494359527493 0.69734757467971431 1.0475272387721442
decision_type=2 2 2 2 2 2 2 2 2 2 2
left_child=7 2 3 -2 -4 10 -7 -1 -9 -10 -3
right_child=1 5 4 -5 -6 6 -8 8 9 -11 -12
leaf_value=-0.072203911350024422 0.016429539875256746 -0.061398904951923933 -0.0041649359628935165 -0.0065740966798459735 -0.033769240569789062 -0.041007419874993359 0.0038144727345708106 0.043811835437566511 -0.033626715434264279 0.0054489794836535977 -0.0090133033477502334
leaf_weight=1.6817436665296543 84.719858676195145 10.670317009091375 120.36135520040989 130.22033955156803 37.102830335497856 7.6850679814815548 18.332016512751579 6.1899497061967841 6.5792819857597342 410.66240832209587 4.8034227490425101
leaf_count=7 348 45 495 535 170 33 75 39 28 1747 20
internal_value=4.95003e-06 -0.0052237 -0.00327172 0.00249291 -0.0111405 -0.0227438 -0.00942526 0.00509562 0.00540263 0.00483281 -0.0451371
internal_weight=839.009 413.895 372.404 214.94 157.464 41.4908 26.0171 425.113 423.432 417.242 15.4737
internal_count=3542 1721 1548 883 665 173 108 1821 1814 1775 65
is_linear=0
shrinkage=0.04


Tree=42
num_leaves=12
num_cat=0
split_feature=40 18 22 36 37 22 28 9 3 36 23
split_gain=12.9532 8.88085 16.1003 17.7874 12.7495 12.621 10.2636 6.01846 6.1503 6.48161 5.95074
threshold=0.50033590339765233 1.0000000180025095e-35 -0.25143766517433319 0.83100896844435079 0.22505278354538907 -0.47922465487329308 0.96722819286671535 0.00041477762181278932 0.0009766711320604003 0.55673055711147112 3.0882235583035986
decision_type=2 2 2 2 2 2 2 2 2 2 2
left_child=7 2 3 -2 5 -3 -4 -1 -9 -10 -6
right_child=1 4 6 -5 10 -7 -8 8 9 -11 -12
leaf_value=-0.033252631789425238 0.00464890124467376 -0.021015532851349678 -0.014621768728169247 -0.057221699967770379 -0.064120613205805713 0.01060852730748005 -0.043952138151303381 -0.05467037210565126 -0.0013421257528092535 0.0090894118189386985 -0.0091334789676067347
leaf_weight=6.5803770720958701 108.85769447684288 24.185798421502113 96.472799956798553 7.9796817302703849 6.2806691676378232 122.27703209221363 23.798093304038048 2.7200036793947211 141.83981536328793 290.47343094646931 6.3153230547904968
leaf_count=27 454 106 404 34 26 500 101 11 606 1247 26
internal_value=4.4469e-06 -0.00524683 -0.010152 0.000423304 0.00206528 0.00538636 -0.0204254 0.00471531 0.00528962 0.00566688 -0.0365514
internal_weight=837.781 396.167 237.108 116.837 159.059 146.463 120.271 441.614 435.033 432.313 12.596
internal_count=3542 1651 993 488 658 606 505 1891 1864 1853 52
is_linear=0
shrinkage=0.04


Tree=43
num_leaves=11
num_cat=0
split_feature=40 32 3 31 27 35 23 23 25 23
split_gain=11.9575 9.96115 8.32778 9.94575 9.82139 6.82242 6.0239 6.01217 21.1046 12.3547
threshold=0.50033590339765233 0.00043041431961626965 0.0013141020768078502 1.121987105824896 0.20794906412009892 1.0316735823026424 -0.75855984060644899 0.11884722511214811 0.50000000000000011 0.28803977348624216
decision_type=2 2 2 2 2 2 2 2 2 2
left_child=6 5 3 -3 -4 -2 -1 8 -8 -9
right_child=1 2 4 -5 -6 -7 7 9 -10 -11
leaf_value=0.047517130657857794 -0.0036422069380484235 -0.043265702965649154 -0.002107380447007999 0.018741390358612924 -0.021355177722767335 0.052053599686766309 -0.028102194640741106 0.037609494561280744 0.010852358426741423 0.0046098876400389593
leaf_weight=5.1553884893655768 6.2483118176460257 18.317991361021999 308.41594037413597 5.3468882739543906 49.179771333932877 8.0559228509664518 37.606220483779907 19.227725982666016 54.504334330558777 324.60421966761351
leaf_count=26 26 77 1270 23 222 33 156 81 227 1401
internal_value=3.87678e-06 -0.00504581 -0.0062753 -0.0292557 -0.00475451 0.0277248 0.0045323 0.00402396 -0.00505172 0.00645529
internal_weight=836.663 395.565 381.261 23.6649 357.596 14.3042 441.098 435.943 92.1106 343.832
internal_count=3542 1651 1592 100 1492 59 1891 1865 383 1482
is_linear=0
shrinkage=0.04


Tree=44
num_leaves=11
num_cat=0
split_feature=32 18 36 21 0 24 22 36 28 1
split_gain=6.46472 8.8894 11.2685 6.30283 8.74322 8.15209 7.40376 3.69703 3.44199 3.25333
threshold=0.00063371408424002876 1.0000000180025095e-35 0.68902704955028871 0.0025034896880960001 81.229476882534698 0.14166666666643057 0.49668495887773212 0.67333586866731754 0.91850126463954807 -38.460000827588367
decision_type=2 2 2 2 2 2 2 2 2 2
left_child=3 7 9 4 6 -6 -1 8 -2 -3
right_child=1 2 -4 -5 5 -7 -8 -9 -10 -11
leaf_value=-0.0032448596226335585 0.020892128541005681 -0.056240032949536792 0.040209657474502239 -0.039314504037932421 -0.0047763319756120763 0.042738772560585329 0.0062167739172713874 0.002631332148999699 0.057421431178770563 -0.0080607613830922051
leaf_weight=599.28230997920036 7.2871232032775941 5.025890886783599 4.9651784598827353 6.7208941280841819 9.7448285818099993 14.189945384860037 169.82192642986774 5.0772391110658637 9.5173183381557447 4.0491340681910506
leaf_count=2513 37 22 27 29 42 61 715 25 50 21
internal_value=3.94822e-06 0.0166042 -0.00823686 -0.000741666 -0.000414767 0.0233934 -0.00115569 0.0325433 0.0415808 -0.0347432
internal_weight=835.682 35.9219 14.0402 799.76 793.039 23.9348 769.104 21.8817 16.8044 9.07502
internal_count=3542 182 70 3360 3331 103 3228 112 87 43
is_linear=0
shrinkage=0.04


Tree=45
num_leaves=10
num_cat=0
split_feature=40 32 3 36 31 35 0 9 3
split_gain=10.9054 8.88233 7.65801 9.23426 8.85967 6.55911 5.82262 5.68994 5.76172
threshold=0.49932953886379855 0.00043041431961626965 0.0013141020768078502 0.79322416823398811 1.121987105824896 1.0751651096376114 7.9411956198121709 0.00041477762181278932 0.0009766711320604003
decision_type=2 2 2 2 2 2 2 2 2
left_child=6 5 4 -4 -3 -2 -1 -8 -9
right_child=1 2 3 -5 -6 -7 7 8 -10
leaf_value=-0.070133200534306508 0.0020276335630078409 -0.040865311530091576 -0.0021097319391490568 -0.022146605357241844 0.01554802196053055 0.055687339859836919 -0.032025619169717079 -0.052594807677800823 0.0057800158841221291
leaf_weight=1.6652618497610081 8.214896231889723 18.675505802035335 331.3862042427063 41.398622170090675 5.8493597209453574 6.5514934659004203 6.6042597740888587 2.7232110798358908 412.09305050224066
leaf_count=7 34 79 1382 174 25 27 27 11 1776
internal_value=4.3879e-06 -0.0046271 -0.00575926 -0.00433487 -0.0274103 0.0258352 0.00451535 0.00481033 0.00539679
internal_weight=835.162 412.076 397.31 372.785 24.5249 14.7664 423.086 421.421 414.816
internal_count=3542 1721 1660 1556 104 61 1821 1814 1787
is_linear=0
shrinkage=0.04


Tree=46
num_leaves=10
num_cat=0
split_feature=40 32 8 21 19 24 31 15 1
split_gain=10.0917 8.53522 8.12965 16.9748 9.61201 6.15753 5.69227 5.69878 6.44957
threshold=0.50033590339765233 0.00043041431961626965 -0.00059714569166184996 4.3881094451171048e-05 -1.5103002472586213 0.074999999999874958 0.6483494359527493 0.0029607724795608003 97.370385462039863
decision_type=2 2 2 2 2 2 2 2 2
left_child=6 5 3 -3 -4 -2 -1 8 -8
right_child=1 2 4 -5 -6 -7 7 -9 -10
leaf_value=0.042987308383188934 0.005445768797748443 -0.002696555637891384 -0.040722561424477298 0.045787453189128552 -0.0084097097345873974 0.059833212057443554 0.0028261740582591348 -0.036341867130228044 0.022179833012615568
leaf_weight=5.9630900770425788 8.9095348417758924 145.99854017794132 15.86362251639366 12.546820297837256 206.00076068937778 5.3190806210041037 398.46563743054867 5.6303394585847846 29.596502274274826
leaf_count=39 37 619 67 52 854 22 1698 23 131
internal_value=4.14198e-06 -0.00463929 -0.00577698 0.00114033 -0.0107201 0.0257774 0.00417213 0.00363843 0.0041643
internal_weight=834.294 394.638 380.41 158.545 221.864 14.2286 439.656 433.692 428.062
internal_count=3542 1651 1592 671 921 59 1891 1852 1829
is_linear=0
shrinkage=0.04


Tree=47
num_leaves=12
num_cat=0
split_feature=40 18 22 36 25 37 22 23 23 31 37
split_gain=9.31223 8.24939 14.7366 16.2676 13.6617 11.7088 11.3577 5.73365 5.59477 5.56139 5.53037
threshold=0.50033590339765233 1.0000000180025095e-35 -0.25143766517433319 0.83100896844435079 0.90000000000000013 0.22505278354538907 -0.47922465487329308 -0.75855984060644899 3.0882235583035986 0.6483494359527493 0.20763382992648069
decision_type=2 2 2 2 2 2 2 2 2 2 2
left_child=7 2 3 -2 -4 6 -3 -1 -7 -9 -11
right_child=1 5 4 -5 -6 8 -8 9 -10 10 -12
leaf_value=0.046504111172728901 0.0049407803052572627 -0.019407204900219497 -0.023725862395319899 -0.05479569764114859 0.020254116606485177 -0.061575285664238484 0.010722142230105517 0.042402707194518482 -0.008024951517230523 0.00095189436500526658 0.013119492126358023
leaf_weight=5.0224770903587332 108.57954654097557 23.946448445320129 106.79312102496624 7.8192499279975882 12.638383522629736 6.1912881880998594 122.04110167920589 5.8066648989915839 6.2960033565759659 356.44375172257423 71.807985737919807
leaf_count=26 454 106 453 34 52 26 500 39 26 1517 309
internal_value=4.13378e-06 -0.00445777 -0.00920057 0.0009279 -0.0190718 0.00260012 0.00578 0.00401103 -0.0345756 0.00351934 0.00299212
internal_weight=833.386 394.305 235.83 116.399 119.432 158.475 145.988 439.081 12.4873 434.058 428.252
internal_count=3542 1651 993 488 505 658 606 1891 52 1865 1826
is_linear=0
shrinkage=0.04


Tree=48
num_leaves=8
num_cat=0
split_feature=8 2 39 15 36 3 10
split_gain=6.5824 7.30454 6.42297 6.15894 9.17954 8.04423 4.09267
threshold=-0.004131982733148399 -0.059360673289073143 0.14767198848639601 -0.0023895147354720996 0.56523165552879451 0.0025701615606695005 -0.00082476101299489989
decision_type=2 2 2 2 2 2 2
left_child=-1 2 6 4 -3 -5 -2
right_child=1 3 -4 5 -6 -7 -8
leaf_value=0.059849446771763869 -0.0086901829773241065 -0.058146756953915024 0.014067351677330977 -0.0026236309987897988 -0.0029638962983428458 0.0055347403961867525 -0.046358943377331097
leaf_weight=2.930262640118598 7.364124253392224 7.0098316371440914 6.3101454377174369 427.99818322062492 15.46174208819866 352.74963016062975 12.361701443791389
leaf_count=15 31 30 28 1793 71 1522 52
internal_value=3.74073e-06 -0.00020773 -0.0210595 0.000468169 -0.0201778 0.0010624 -0.0322963
internal_weight=832.186 829.255 26.036 803.219 22.4716 780.748 19.7258
internal_count=3542 3527 111 3416 101 3315 83
is_linear=0
shrinkage=0.04


Tree=49
num_leaves=15
num_cat=0
split_feature=40 32 22 9 22 35 38 10 28 34 29 23 23 30
split_gain=8.57774 8.83081 11.823 16.1904 13.5227 5.44527 11.7489 8.20474 7.18424 13.3806 6.78766 3.98893 4.52378 2.7875
threshold=0.49932953886379855 0.00054607589571681249 0.49668495887773212 0.00045539199418145497 -0.25913614121019651 1.2815704900614671 0.80594852317273946 -0.00016000008480634997 0.97187057660879261 0.26749874366419391 0.018736340230486207 -0.5017488986847557 0.99923887174552839 0.052918717587527239
decision_type=2 2 2 2 2 2 2 2 2 2 2 2 2 2
left_child=5 2 4 -4 -2 8 7 -7 10 -10 -1 -3 -13 -8
right_child=1 11 3 -5 -6 6 13 -9 9 -11 -12 12 -14 -15
leaf_value=0.016737940768869516 0.0042907859762580181 0.02998428112810601 -0.023614864859868724 0.025069998358399185 -0.013152868482172642 0.037011539885686673 -0.027148516669481055 -0.010991032885724807 -0.025127220037858028 0.041527538949274377 0.0038871908341820537 -0.041660501222769972 -0.014491539693471714 -0.06875052672293501
leaf_weight=87.562182284891605 132.30957505106926 2.6508053690195075 14.106578409671782 48.522426724433899 153.71874359250069 8.0992887467145938 5.4496020674705488 19.208761170506477 25.946804359555248 5.9177420139312735 264.15847190469503 12.395479768514631 46.931459203362465 4.8886382877826691
leaf_count=383 547 12 58 197 636 35 23 82 107 27 1144 56 215 20
internal_value=3.59976e-06 -0.00411028 -0.00163713 0.0141042 -0.00508387 0.004014 -0.0105031 0.00324604 0.00543875 -0.0127484 0.00708643 -0.0180231 -0.0201681 -0.0468208
internal_weight=831.867 410.635 348.657 62.629 286.028 421.231 37.6463 27.308 383.585 31.8645 351.721 61.9777 59.3269 10.3382
internal_count=3542 1721 1438 255 1183 1821 160 117 1661 134 1527 283 271 43
is_linear=0
shrinkage=0.04


Tree=50
num_leaves=8
num_cat=0
split_feature=8 19 31 10 15 9 31
split_gain=6.13047 6.97097 8.14528 7.32315 6.28147 5.09892 3.44874
threshold=-0.004131982733148399 -2.7640316670973122 0.88746668540798213 -0.00079479841680039985 -0.0023895147354720996 0.00051499344607074398 1.0738435152478805
decision_type=2 2 2 2 2 2 2
left_child=-1 2 -2 5 -5 -3 -4
right_child=1 3 6 4 -6 -7 -8
leaf_value=0.058405169737193167 0.012665883727264817 -0.061002927538236169 -0.022289028855012456 -0.02035374936845134 0.0014845493348017466 -0.0046936053378393346 -0.059085963508920251
leaf_weight=2.8659070283174506 7.923856899142268 5.1870633661746961 10.692297130823137 21.666364967823029 770.56802476942539 5.1055382639169693 6.5851464867591849
leaf_count=15 35 22 45 98 3277 22 28
internal_value=3.4925e-06 -0.000198716 -0.0209135 0.000451779 0.000887306 -0.0330713 -0.0363139
internal_weight=830.594 827.728 25.2013 802.527 792.234 10.2926 17.2774
internal_count=3542 3527 108 3419 3375 44 73
is_linear=0
shrinkage=0.04


Tree=51
num_leaves=11
num_cat=0
split_feature=40 22 32 8 10 31 31 32 1 40
split_gain=7.89998 8.43351 11.3887 12.0244 7.15414 5.12042 5.48241 6.80893 4.99229 7.0829
threshold=0.49932953886379855 -1.8312467273380848 0.00052977832068686992 -0.00018913470262834999 0.00034284300535075007 0.6483494359527493 0.69734757467971431 0.00063371408424002876 13.630011652057876 0.51949765639911716
decision_type=2 2 2 2 2 2 2 2 2 2
left_child=5 8 3 -3 -4 -1 -7 -8 9 -2
right_child=1 2 4 -5 -6 6 7 -9 -10 -11
leaf_value=0.041756463366227618 -0.00074531183220034772 0.0094400276549480248 -0.010063867805102241 -0.0068507781002912797 -0.041929286420548037 -0.032883394183059605 0.0025555830563535353 0.023408050918988437 -0.058396959832369345 -0.040749891772714208
leaf_weight=5.6269938275218001 18.186007305979732 150.05501295626163 71.1175766736269 140.24958185851574 13.396449059247969 6.5786126852035514 381.4416798055172 26.815744683146477 5.3177390545606604 11.596878930926321
leaf_count=39 82 618 310 575 59 28 1617 137 23 54
internal_value=3.32874e-06 -0.00394805 -0.0021923 0.00156975 -0.0151149 0.00385562 0.00334152 0.00392524 -0.0226966 -0.0163223
internal_weight=830.382 409.919 374.819 290.305 84.514 420.463 414.836 408.257 35.1006 29.7829
internal_count=3542 1721 1562 1193 369 1821 1782 1754 159 136
is_linear=0
shrinkage=0.04


Tree=52
num_leaves=11
num_cat=0
split_feature=40 32 8 21 32 24 23 23 25 23
split_gain=7.31838 8.02183 7.57204 15.4868 8.02196 5.6263 5.44083 5.35444 19.4325 11.6559
threshold=0.50033590339765233 0.00043041431961626965 -0.0006062680825514999 4.3881094451171048e-05 0.00044305611610886948 0.074999999999874958 -0.75855984060644899 0.11884722511214811 0.50000000000000011 0.28803977348624216
decision_type=2 2 2 2 2 2 2 2 2 2
left_child=6 5 3 -3 -4 -2 -1 8 -8 -9
right_child=1 2 4 -5 -6 -7 7 9 -10 -11
leaf_value=0.045521497546436057 0.0061276777858595421 -0.001948684602083507 -0.040569837671079814 0.045283554478711741 -0.0079204502253490024 0.058270608201955974 -0.027567503252798404 0.035880875361820212 0.0098486710422084119 0.0036038639926516975
leaf_weight=4.889606460928916 8.8614284098148328 143.20601263642311 12.772212341427801 12.041085019707678 210.21792663633823 5.2859785854816428 37.626137673854828 18.957358255982399 54.202527388930321 321.29234131425619
leaf_count=26 37 611 53 50 878 22 156 81 227 1401
internal_value=3.10681e-06 -0.00396211 -0.00506821 0.00171468 -0.00979051 0.0256101 0.00356376 0.00308894 -0.00548234 0.00540221
internal_weight=829.353 392.385 378.237 155.247 222.99 14.1474 436.968 432.078 91.8287 340.25
internal_count=3542 1651 1592 661 931 59 1891 1865 383 1482
is_linear=0
shrinkage=0.04


Tree=53
num_leaves=13
num_cat=0
split_feature=40 27 8 22 25 32 40 23 36 30 34 0
split_gain=6.75247 7.89804 10.2531 13.0913 12.6298 6.57973 10.5283 5.15217 5.04914 16.4778 10.5466 4.2711
threshold=0.50033590339765233 0.24699634915493765 -0.0006062680825514999 0.49668495887773212 0.90000000000000013 0.00046608234398300092 0.52377561178434795 -0.75855984060644899 0.55673055711147112 0.088467899412147999 0.11711205570816723 56.350672917945964
decision_type=2 2 2 2 2 2 2 2 2 2 2 2
left_child=7 2 4 -4 -2 6 -3 -1 9 -9 -10 -7
right_child=1 5 3 -5 -6 11 -8 8 10 -11 -12 -13
leaf_value=0.044727693021339186 0.0029180124606267809 0.029852192611288339 -0.012476861054634204 0.011032275984677761 0.043982246530211502 -0.038488755586771298 -0.040030654508174869 0.0022095157092515412 -0.0014796374658646661 -0.037578875210567013 0.013745880749723934 -0.0058853792286656173
leaf_weight=4.7795650511980048 117.38055431842804 8.9787559658288938 165.63702906668186 49.143667906522751 13.346202179789541 23.096485108137131 5.6011376529932013 121.08951101452112 148.73913365602493 19.309111639857292 142.56419360637665 8.9085486978292447
leaf_count=26 490 37 689 203 55 113 24 522 632 82 629 40
internal_value=3.36383e-06 -0.00380654 -0.00172196 -0.00709777 0.00711036 -0.0192673 0.0030054 0.00342581 0.00296854 -0.00326261 0.00597175 -0.0294137
internal_weight=828.574 392.092 345.507 214.781 130.727 46.5849 14.5799 436.482 431.702 140.399 291.303 32.005
internal_count=3542 1651 1437 892 545 214 61 1891 1865 604 1261 153
is_linear=0
shrinkage=0.04


Tree=54
num_leaves=14
num_cat=0
split_feature=40 32 22 8 0 40 23 35 40 39 28 34 29
split_gain=6.24682 7.73279 11.9324 11.3623 7.10513 6.08182 7.65147 5.10534 8.79165 11.2082 6.59091 12.2113 6.26733
threshold=0.49932953886379855 0.00052575493365236508 -1.8312467273380848 -0.00018913470262834999 45.570811875989392 0.5604691224283288 0.99923887174552839 1.2815704900614671 0.4539465237080737 0.11727337538509243 0.97187057660879261 0.26749874366419391 0.018736340230486207
decision_type=2 2 2 2 2 2 2 2 2 2 2 2 2
left_child=7 2 4 -4 -2 6 -3 10 -9 -10 12 -12 -1
right_child=1 5 3 -5 -6 -7 -8 8 9 -11 11 -13 -14
leaf_value=0.015724779261876168 -0.008261604797095921 -0.02555511635125967 0.0096674640654791279 -0.0063770019418835557 -0.052693958093330155 -0.04763778609557176 -0.0018318372467788825 -0.05571103345536068 -0.041584468633597292 0.012130321916508154 -0.024324584548364739 0.039912583236500584 0.0033275042207884849
leaf_weight=86.781124480068684 13.093016073107721 33.797763362526894 146.54256163537502 136.31198759377003 10.278948694467543 7.528658688068389 61.037680864334106 5.8478670418262473 8.5030423104763049 23.102399528026581 25.990106180310253 5.7896103560924521 262.9156661182642
leaf_count=383 58 147 604 560 46 32 274 25 35 100 107 27 1144
internal_value=3.21555e-06 -0.00351584 -0.00033431 0.00193539 -0.0278029 -0.0130335 -0.0102864 0.00343542 -0.0106572 -0.00232096 0.00481903 -0.0126219 0.00640403
internal_weight=827.52 408.591 306.227 282.855 23.372 102.364 94.8354 418.93 37.4533 31.6054 381.477 31.7797 349.697
internal_count=3542 1721 1268 1164 104 453 421 1821 160 135 1661 134 1527
is_linear=0
shrinkage=0.04


Tree=55
num_leaves=9
num_cat=0
split_feature=7 0 24 23 28 9 36 18
split_gain=6.10086 7.77787 7.80848 6.96135 21.8559 13.2559 4.3906 3.30246
threshold=0.0023326425637539504 81.657272764247708 0.14166666666643057 0.92662306905329295 0.96604361155981433 0.00051059637596432964 0.59785963525088381 1.0000000180025095e-35
decision_type=2 2 2 2 2 2 2 2
left_child=1 3 6 4 -1 -5 -3 -4
right_child=-2 2 7 5 -6 -7 -8 -9
leaf_value=-0.0011864167139975447 -0.041507055485563535 -0.032473444067244665 0.060905875104336656 -0.0047127595937087839 -0.033820213110593897 0.0090213802081292351 0.021497297398016531 0.022227326101047145
leaf_weight=305.73222699761391 5.6264918744564048 4.7211665064096469 7.14017306268215 203.92986510694027 36.787289336323738 250.6352715715766 4.9302511662244797 6.9893412366509438
leaf_count=1284 26 20 31 857 156 1113 23 32
internal_value=3.01533e-06 0.000287539 0.0228295 -0.000384998 -0.00469135 0.00285988 -0.00490347 0.041773
internal_weight=826.492 820.866 23.7809 797.085 342.52 454.565 9.65142 14.1295
internal_count=3542 3516 106 3410 1440 1970 43 63
is_linear=0
shrinkage=0.04


Tree=56
num_leaves=9
num_cat=0
split_feature=7 0 24 24 38 31 40 18
split_gain=5.61926 7.22111 7.29068 6.53512 8.22539 6.24715 5.71024 3.13897
threshold=0.0023326425637539504 81.657272764247708 0.14166666666643057 0.29166666666618063 0.91975375522227842 0.85821961956902515 0.49582400973117552 1.0000000180025095e-35
decision_type=2 2 2 2 2 2 2 2
left_child=1 3 6 5 -5 -1 -3 -4
right_child=-2 2 7 4 -6 -7 -8 -9
leaf_value=0.0056962587655222515 -0.039823307732307203 0.02592422059276939 0.059341866117097651 -0.062637931461120844 -0.0051692457242304172 -0.0021463659653771475 -0.035684139475967443 0.021448708578043863
leaf_weight=231.0787658020854 5.6297279596328726 4.8399393409490603 7.0373019129037839 5.9586552530527142 12.02988940477371 547.65926596522331 4.7887468934059143 6.9540681540966034
leaf_count=1026 26 23 31 26 51 2307 20 32
internal_value=3.07673e-06 0.00027639 0.0220724 -0.000369783 -0.0242056 0.000180815 -0.00471618 0.040508
internal_weight=825.976 820.347 23.6201 796.727 17.9885 778.738 9.62869 13.9914
internal_count=3542 3516 106 3410 77 3333 43 63
is_linear=0
shrinkage=0.04


Tree=57
num_leaves=8
num_cat=0
split_feature=8 19 31 10 15 9 36
split_gain=5.58476 6.68828 7.44885 6.81156 6.05456 4.61475 3.45326
threshold=-0.004131982733148399 -2.7640316670973122 1.0738435152478805 -0.00079479841680039985 -0.0023895147354720996 0.00051499344607074398 0.52213903233577064
decision_type=2 2 2 2 2 2 2
left_child=-1 2 6 5 -5 -3 -2
right_child=1 3 -4 4 -6 -7 -8
leaf_value=0.056860501811008754 -0.037828756108768388 -0.058662372852207566 -0.057376081503522518 -0.02008654819984344 0.0014595620548144691 -0.0049327334697945573 0.0022561357609298584
leaf_weight=2.7548584043979636 4.5624827295541825 5.1496066749095899 6.5038654953241339 21.451513916254044 766.14445272833109 5.081418514251709 13.960127055644987
leaf_count=15 20 22 28 98 3277 22 60
internal_value=3.11804e-06 -0.000187237 -0.0205488 0.00045147 0.000872717 -0.0319766 -0.00761756
internal_weight=825.608 822.853 25.0265 797.827 787.596 10.231 18.5226
internal_count=3542 3527 108 3419 3375 44 80
is_linear=0
shrinkage=0.04


Tree=58
num_leaves=11
num_cat=0
split_feature=40 32 3 31 27 35 9 13 38 35
split_gain=5.51512 7.65593 7.06531 8.76401 8.7561 5.60978 5.00787 5.49763 9.50413 8.05678
threshold=0.50033590339765233 0.00043041431961626965 0.0013141020768078502 1.121987105824896 0.20794906412009892 1.0751651096376114 0.00041477762181278932 0.00019566350628130003 0.80594852317273946 1.14895468410167
decision_type=2 2 2 2 2 2 2 2 2 2
left_child=6 5 3 -3 -4 -2 -1 9 -9 -8
right_child=1 2 4 -5 -6 -7 7 8 -10 -11
leaf_value=-0.0314532823065444 0.0022808948494492821 -0.039276753433240205 -0.00063624628870465375 0.019362213992325131 -0.019050542257785678 0.052954896782069216 0.010036890337954432 0.011403993918638366 -0.0094291437285095366 -0.008905173599099838
leaf_weight=6.6081721782684317 7.6236862093210203 17.903387710452083 305.61710943281651 5.280911222100257 47.774888068437576 6.4548903107643127 229.38918533921242 53.083164781332016 103.05944146215916 42.59950815141201
leaf_count=27 32 77 1270 23 222 27 1003 233 448 180
internal_value=2.94643e-06 -0.0034463 -0.00452902 -0.02592 -0.00312567 0.0255144 0.00310243 0.00363579 -0.00234659 0.00707014
internal_weight=825.394 390.655 376.576 23.1843 353.392 14.0786 434.739 428.131 156.143 271.989
internal_count=3542 1651 1592 100 1492 59 1891 1864 681 1183
is_linear=0
shrinkage=0.04


Tree=59
num_leaves=10
num_cat=0
split_feature=37 1 22 23 22 0 36 33 38
split_gain=5.32948 9.02639 6.07391 12.5494 13.2192 12.6507 8.1456 6.67769 3.16373
threshold=0.35927199456886949 33.310763884874184 -0.95811756168640871 0.92662306905329295 1.0641748165381564 83.849317126464769 0.88569669799516726 0.31578947368421056 0.92982290775894583
decision_type=2 2 2 2 2 2 2 2 2
left_child=2 -2 6 5 -5 -4 7 -1 -8
right_child=1 -3 3 4 -6 -7 8 -9 -10
leaf_value=-0.0023832440273985661 -0.048828073104010938 0.014358200842619998 -0.0041173903881457277 0.015277611613734808 -0.001397422766174599 0.055821578972874229 -0.020146596317984364 -0.040282194158579553 -0.067952135858723936
leaf_weight=139.61314179003239 9.0466406941413862 6.0274173319339743 338.27522864937782 173.95287917554379 135.17529490590096 5.7294152230024329 4.4594542384147626 7.8572460711002341 4.4007260501384735
leaf_count=607 39 26 1424 757 589 26 20 34 20
internal_value=2.9026e-06 -0.0235628 0.00044175 0.00213693 0.00798597 -0.0031191 -0.00664055 -0.00440251 -0.0438909
internal_weight=824.537 15.0741 809.463 653.133 309.128 344.005 156.331 147.47 8.86018
internal_count=3542 65 3477 2796 1346 1450 681 641 40
is_linear=0
shrinkage=0.04


Tree=60
num_leaves=9
num_cat=0
split_feature=7 1 31 31 38 31 31 38
split_gain=5.22134 6.19511 13.6004 9.48963 6.53514 9.22755 4.75663 3.66889
threshold=0.0023326425637539504 101.29094442810312 0.7570093974490042 0.72015120738305438 0.99999999987119803 0.85821961956902515 0.79581947611699577 0.74180622015657338
decision_type=2 2 2 2 2 2 2 2
left_child=1 4 3 -3 5 -1 -6 -4
right_child=-2 2 7 -5 6 -7 -8 -9
leaf_value=0.007113673774316767 -0.038407728414381039 0.023145529010236032 0.058286398868925365 -0.058358078573558507 -0.043804824751922926 -0.0026936596754298919 0.006183699542729541 0.022979195204258136
leaf_weight=211.95582962036133 5.623711369931697 3.884715370833872 6.1062116473913219 5.5528652667999268 9.4199057817459089 556.55882842838764 4.5008585155010215 20.579603806138039
leaf_count=936 26 22 29 24 46 2348 20 91
internal_value=3.00452e-06 0.000266896 0.0164622 -0.0248094 -0.000480807 1.11963e-05 -0.0276425 0.0310581
internal_weight=824.183 818.559 36.1234 9.43758 782.435 768.515 13.9208 26.6858
internal_count=3542 3516 166 46 3350 3284 66 120
is_linear=0
shrinkage=0.04


Tree=61
num_leaves=8
num_cat=0
split_feature=8 19 31 12 39 38 12
split_gain=5.1935 6.11777 7.13111 6.31137 5.93865 3.71185 3.01821
threshold=-0.004131982733148399 -2.7640316670973122 0.88746668540798213 -0.00079479841680039985 0.091764186279242446 0.97185042504244445 -0.00082476101299489989
decision_type=2 2 2 2 2 2 2
left_child=-1 2 -2 5 -5 -3 -4
right_child=1 3 6 4 -6 -7 -8
leaf_value=0.055584516836716773 0.011849176593893231 -0.0081610518573282075 -0.011269022528970399 0.0025636733049056591 -0.0061670394728437642 -0.056524070698231281 -0.046558546935857502
leaf_weight=2.6810681819915763 7.8496595919132259 5.415637403726576 5.9618771672248885 630.67332507669926 155.36249961704016 4.7804314941167831 11.092549219727513
leaf_count=15 35 23 25 2698 677 21 48
internal_value=3.28633e-06 -0.00017819 -0.0197006 0.00043242 0.00083802 -0.0308361 -0.0342221
internal_weight=823.817 821.136 24.9041 796.232 786.036 10.1961 17.0544
internal_count=3542 3527 108 3419 3375 44 73
is_linear=0
shrinkage=0.04


Tree=62
num_leaves=12
num_cat=0
split_feature=40 18 22 36 25 37 32 23 31 23 31
split_gain=5.00347 7.80658 12.8378 15.0576 12.0636 10.789 9.7864 4.98517 4.92611 4.90287 4.88259
threshold=0.50033590339765233 1.0000000180025095e-35 -0.25143766517433319 0.83100896844435079 0.90000000000000013 0.22505278354538907 0.00051387069400854761 -0.75855984060644899 0.6483494359527493 3.2931421680992243 0.69734757467971431
decision_type=2 2 2 2 2 2 2 2 2 2 2
left_child=7 2 3 -2 -4 6 -3 -1 -9 -7 -10
right_child=1 5 4 -5 -6 9 -8 8 10 -11 -12
leaf_value=0.044093562162146292 0.0054049874397185272 0.013780087059571306 -0.021670096571276842 -0.052797205316145894 0.019691114846188591 -0.055353581593321842 -0.008546555697650688 0.040678429923976883 -0.032138701721391036 -0.0044817850565303874 0.0025695368512555368
leaf_weight=4.6631141155958167 107.6016912907362 98.535794854164124 105.01723219454288 7.61545605957508 12.640674531459807 6.7299279570579511 46.112021997570992 5.343222312629222 6.5873101353645316 5.5153753608465195 417.25827820599079
leaf_count=26 454 407 453 34 52 29 199 39 28 23 1798
internal_value=3.1508e-06 -0.00328612 -0.00793264 0.00155802 -0.0172264 0.00361067 0.00666262 0.0029582 0.00251126 -0.0324405 0.00203011
internal_weight=823.62 389.768 232.875 115.217 117.658 156.893 144.648 433.852 429.189 12.2453 423.846
internal_count=3542 1651 993 488 505 658 606 1891 1865 52 1826
is_linear=0
shrinkage=0.04


Tree=63
num_leaves=8
num_cat=0
split_feature=8 19 31 10 15 9 31
split_gain=4.87192 5.66253 6.72162 5.82432 5.57101 4.13861 3.15484
threshold=-0.004131982733148399 -2.7640316670973122 1.0738435152478805 -0.00079479841680039985 -0.0023895147354720996 0.00051499344607074398 0.80380095836042864
decision_type=2 2 2 2 2 2 2
left_child=-1 2 6 5 -5 -3 -2
right_child=1 3 -4 4 -6 -7 -8
leaf_value=0.054367146708490903 0.023106217709181739 -0.055005830306755245 -0.054522574408752605 -0.01935836115179837 0.001368397717390304 -0.004027604107650332 -0.015948213836614513
leaf_weight=2.629065290093421 4.3247517049312654 5.1184073537588102 6.3426986783742896 21.328253954648972 763.61006104946136 5.073908731341362 14.097026050090788
leaf_count=15 20 22 28 98 3277 22 60
internal_value=2.77811e-06 -0.000171546 -0.0190076 0.000415107 0.000805213 -0.029628 -0.00677968
internal_weight=822.524 819.895 24.7645 795.131 784.938 10.1923 18.4218
internal_count=3542 3527 108 3419 3375 44 80
is_linear=0
shrinkage=0.04


Tree=64
num_leaves=9
num_cat=0
split_feature=7 3 20 40 15 28 15 37
split_gain=4.79844 5.69646 10.818 12.4911 7.39342 9.84281 7.42516 5.46932
threshold=0.0023326425637539504 0.0028116711868058507 0.0025988912623447504 0.48806421956954177 -0.0009194662887707499 0.92126353815019879 -0.00088946769812004985 0.11819270373961394
decision_type=2 2 2 2 2 2 2 2
left_child=1 4 7 -4 5 -1 -6 -3
right_child=-2 2 3 -5 6 -7 -8 -9
leaf_value=-0.028623263740808921 -0.036877158674869973 0.021641643508560914 0.0084022440196847032 -0.010956707904645962 0.04852652552858195 -0.00066637513490390421 -0.00084648049327563902 0.0022402515280323999
leaf_weight=37.13896943628788 5.6062565669417372 68.429324835538864 113.50478012859821 100.58740296959877 4.9317860901355735 44.046168372035027 412.81338921189308 35.210490062832832
leaf_count=156 26 286 525 442 21 187 1750 149
internal_value=2.606e-06 0.00025578 0.00444208 -0.000693215 -0.00241017 -0.0134555 -0.000263596 0.0150502
internal_weight=822.269 816.662 317.732 214.092 498.93 81.1851 417.745 103.64
internal_count=3542 3516 1402 967 2114 343 1771 435
is_linear=0
shrinkage=0.04


Tree=65
num_leaves=9
num_cat=0
split_feature=28 40 40 28 0 29 2 22
split_gain=4.72303 7.49414 6.98998 6.03418 9.48613 8.69455 5.89336 4.69745
threshold=0.67617062445752096 0.50663261017017036 0.49721538164699647 0.77551878289388132 65.97076603033355 0.081296590058979976 -0.17335875486521907 -0.95811756168640871
decision_type=2 2 2 2 2 2 2 2
left_child=1 2 -1 4 5 -2 -5 -8
right_child=3 -3 -4 6 -6 -7 7 -9
leaf_value=0.033746304205927148 -0.037721129744537556 0.061609670159245893 -0.029121346893366321 -0.039229273564315895 -0.065828164188836691 0.0059808152565316974 -0.0057191209523789191 0.0022079463416166283
leaf_weight=5.8128300160169619 10.708807706832884 5.0811031907796851 5.5138953477144241 5.973013460636138 5.2494976520538321 22.775181829929352 148.65858626365662 612.03627897053957
leaf_count=25 47 21 24 26 23 98 649 2629
internal_value=2.63498e-06 0.0212481 0.00314208 -0.000430182 -0.0158338 -0.00799589 0.000348038 0.000658801
internal_weight=821.809 16.4078 11.3267 805.401 38.7335 33.484 766.668 760.695
internal_count=3542 70 49 3472 168 145 3304 3278
is_linear=0
shrinkage=0.04


Tree=66
num_leaves=9
num_cat=0
split_feature=37 1 28 30 23 13 35 24
split_gain=4.58998 8.40162 4.80406 10.8813 8.09099 4.92807 4.74625 1.21816
threshold=0.35927199456886949 33.310763884874184 0.67617062445752096 0.18107214317148809 2.9369111936097223 -0.00023463234808854995 1.1926152398418493 0.074999999999874958
decision_type=2 2 2 2 2 2 2 2
left_child=2 -2 4 6 5 -1 -4 -5
right_child=1 -3 3 7 -6 -7 -8 -9
leaf_value=-0.026814023239481347 -0.046532683831668691 0.0147218840587075 0.0016198635157039626 -0.05825000413481745 0.06418014438084263 0.026864855105400594 -0.0080153178460200761 -0.029002231453992479
leaf_weight=4.9342192858457574 8.9390861839055997 5.97894163429737 688.68399942666292 4.5128906816244108 5.0179795771837226 6.1436825990676889 92.825069800019264 4.6017590910196304
leaf_count=21 39 26 2967 20 21 27 401 20
internal_value=2.52374e-06 -0.0219827 0.000409079 -3.13493e-05 0.0220428 0.00295569 0.000475428 -0.0434835
internal_weight=821.638 14.918 806.72 790.624 16.0959 11.0779 781.509 9.11465
internal_count=3542 65 3477 3408 69 48 3368 40
is_linear=0
shrinkage=0.04


Tree=67
num_leaves=13
num_cat=0
split_feature=32 18 36 9 10 22 1 22 10 36 28 6
split_gain=4.61922 7.7648 10.443 6.01046 7.12014 6.23281 12.8932 12.3341 5.44276 3.68947 3.15688 2.55276
threshold=0.00063371408424002876 1.0000000180025095e-35 0.65851954848675398 0.00064825973239121309 -0.00016000008480634997 0.49668495887773212 109.60747624615762 1.0641748165381564 0.00015923137489830001 0.67333586866731754 0.91850126463954807 -5.1246131494535452e-05
decision_type=2 2 2 2 2 2 2 2 2 2 2 2
left_child=3 9 11 5 -5 6 -1 -7 -6 10 -2 -3
right_child=1 2 -4 4 8 7 -8 -9 -10 -11 -12 -13
leaf_value=-0.0027587341813349272 0.019577482974623497 -0.058339648085731943 0.036088774220342831 0.014109271692469599 -0.057096668024721638 0.023662563087407783 0.039985056158885333 -0.00014613347763985917 -0.011435170470987348 -0.00026859881632151212 0.055819445735861235 -0.014191773490362981
leaf_weight=583.68679742515087 6.9828513711690929 4.2469305992126456 5.0876813009381285 6.7499354630708721 8.4656673967838305 49.084473103284836 11.513742327690123 119.74944444000721 8.2442733943462354 4.9004776030778876 8.5590882301330549 4.1369384303688994
leaf_count=2479 37 20 29 33 38 209 52 510 39 25 50 21
internal_value=2.42724e-06 0.0144568 -0.00912046 -0.00062006 -0.0205627 -7.71437e-06 -0.00193189 0.00677568 -0.0345684 0.0299942 0.0395363 -0.0365553
internal_weight=821.408 33.914 13.4716 787.494 23.4599 764.034 595.201 168.834 16.7099 20.4424 15.5419 8.38387
internal_count=3542 182 70 3360 110 3250 2531 719 77 112 87 41
is_linear=0
shrinkage=0.04


Tree=68
num_leaves=8
num_cat=0
split_feature=8 19 31 10 39 38 36
split_gain=4.48041 4.72319 6.34511 5.42505 5.23603 3.32014 3.11564
threshold=-0.004131982733148399 -2.7640316670973122 1.0738435152478805 -0.00079479841680039985 0.091764186279242446 0.97185042504244445 0.52213903233577064
decision_type=2 2 2 2 2 2 2
left_child=-1 2 6 5 -5 -3 -2
right_child=1 3 -4 4 -6 -7 -8
leaf_value=0.053219367807762714 -0.034499427627037005 -0.0071810328438870466 -0.052389387933057918 0.0023727829298823811 -0.0058383165812453683 -0.053013241969247844 0.0037859496271480538
leaf_weight=2.5235419273376456 4.5075538456440034 5.3923787474632245 6.2089096158742896 628.72970081865788 154.8623131737113 4.7623825669288635 13.853265687823294
leaf_count=15 20 23 28 2698 677 21 60
internal_value=3.01127e-06 -0.000161098 -0.0174337 0.00037356 0.000750013 -0.0286754 -0.00561305
internal_weight=820.84 818.317 24.5697 793.747 783.592 10.1548 18.3608
internal_count=3542 3527 108 3419 3375 44 80
is_linear=0
shrinkage=0.04


Tree=69
num_leaves=10
num_cat=0
split_feature=40 32 3 31 27 35 23 31 36
split_gain=4.54368 7.29624 6.57029 8.40693 7.68715 5.01862 4.70955 4.72894 4.76243
threshold=0.50033590339765233 0.00043041431961626965 0.0012974999550224001 1.121987105824896 0.20794906412009892 1.0316735823026424 -0.75855984060644899 0.6483494359527493 0.78727849849256681
decision_type=2 2 2 2 2 2 2 2 2
left_child=6 5 3 -3 -4 -2 -1 -8 -9
right_child=1 2 4 -5 -6 -7 7 8 -10
leaf_value=0.043347720038974934 -0.0019893584853376105 -0.039792545898503014 -0.00058255172979468448 0.020655485299398264 -0.017873906163266 0.046387688705854913 0.040244629293059532 -0.00010036615796001445 0.010823309378631667
leaf_weight=4.5401464104652396 6.0898090600967389 16.124707192182544 305.79972696304321 4.7702726125717154 47.530318588018417 7.8586568087339401 5.2165337651967993 344.30346223711967 78.397688776254654
leaf_count=26 26 70 1277 21 224 33 39 1488 338
internal_value=2.84066e-06 -0.00313874 -0.00419749 -0.0259924 -0.0029086 0.0252666 0.00282272 0.00239276 0.00192563
internal_weight=820.631 388.173 374.225 20.895 353.33 13.9485 432.458 427.918 422.701
internal_count=3542 1651 1592 91 1501 59 1891 1865 1826
is_linear=0
shrinkage=0.04


Tree=70
num_leaves=14
num_cat=0
split_feature=23 23 26 39 36 39 3 29 3 38 37 36 25
split_gain=4.59045 11.9443 14.31 10.9268 11.7436 10.9351 9.92856 9.74543 9.20555 7.66103 7.37415 6.29587 4.72315
threshold=0.92662306905329295 2.910321225381661 0.014502588250560878 0.091764186279242446 0.62830038891603412 0.081093106569240278 0.0036772563496856006 0.012897115645764238 0.0012188074927234501 0.87931611711209468 0.19810962444730065 0.66529293285625812 0.50000000000000011
decision_type=2 2 2 2 2 2 2 2 2 2 2 2 2
left_child=3 2 12 5 6 7 -5 -1 -3 -6 -10 -4 -2
right_child=1 8 11 4 9 -7 -8 -9 10 -11 -12 -13 -14
leaf_value=-0.019573747051538054 -0.041044001360002844 -0.049208354866769256 0.024469893862917917 -0.025942520007680818 0.0072163551432861293 0.054881783405442024 -0.087123936415165013 0.0018245916383913324 -0.0029762366813612991 -0.044416282140067896 0.014764890135978566 0.0059536636479459292 0.0022292977880547377
leaf_weight=39.70527172088623 9.4515675753355044 6.3600090444087973 73.97122223675251 26.746435850858692 27.19017693400383 5.6716711223125449 5.0443114787340155 239.23209693282843 281.82915446907282 5.5336352437734595 43.236945569515228 48.741266191005707 7.0427493602037421
leaf_count=170 39 28 315 114 115 24 21 1012 1253 23 188 210 30
internal_value=2.84452e-06 0.00258091 0.0124134 -0.00347249 -0.0183357 -0.00010333 -0.0356503 -0.00122135 -0.00154896 -0.00151478 -0.000616495 0.0171153 -0.0225672
internal_weight=819.757 470.633 139.207 349.124 64.5146 284.609 31.7907 278.937 331.426 32.7238 325.066 122.712 16.4943
internal_count=3542 2063 594 1479 273 1206 135 1182 1469 138 1441 525 69
is_linear=0
shrinkage=0.04


Tree=71
num_leaves=9
num_cat=0
split_feature=7 3 20 9 31 21 20 35
split_gain=4.39213 5.11791 9.69185 11.9901 7.45423 12.5687 7.88415 6.61399
threshold=0.0023326425637539504 0.0028116711868058507 0.0025988912623447504 0.00051142261736540596 0.80148480448544579 0.00023394616147710001 0.0026194812987800002 1.0353087920626578
decision_type=2 2 2 2 2 2 2 2
left_child=1 4 7 -4 5 -1 -6 -3
right_child=-2 2 3 -5 6 -7 -8 -9
leaf_value=-0.0027852483378208977 -0.035489859870936516 0.019530749487612895 -0.022109803778232181 0.0035464723407865866 -0.0031458369878498509 0.045354444951699401 -0.055187278254018743 -0.0052426058424392113
leaf_weight=23.611836485564709 5.5407477170228949 81.37123541533947 34.847983434796333 178.06857360899448 455.62870500981808 13.719999521970747 4.7058577090501776 21.879427284002304
leaf_count=103 26 344 151 816 1930 61 20 91
internal_value=2.91669e-06 0.000244559 0.00422425 -0.000652682 -0.00228374 0.0149068 -0.00367784 0.0142811
internal_weight=819.374 813.834 316.167 212.917 497.666 37.3318 460.335 103.251
internal_count=3542 3516 1402 967 2114 164 1950 435
is_linear=0
shrinkage=0.04


Tree=72
num_leaves=8
num_cat=0
split_feature=28 30 22 35 10 36 10
split_gain=4.33154 7.83274 6.39707 4.27742 11.8037 6.45131 2.96961
threshold=0.65781112659444696 0.18107214317148809 0.21885849133573732 1.1581676209500722 0.00034673737000705007 0.26472008278298392 0.00012395084940070004
decision_type=2 2 2 2 2 2 2
left_child=6 3 -3 5 -5 -2 -1
right_child=1 2 -4 4 -6 -7 -8
leaf_value=0.037563272137384328 0.036169080461641363 -0.057760639358094716 0.00096536355744892058 -0.012944780540017955 0.019805526668698357 0.00090595449715913617 -0.002224150244389178
leaf_weight=8.1862764507532102 8.4053237289190275 6.8515415191650373 5.2357883900403976 95.827349364757538 21.57154968380928 668.26580023765564 4.7389132380485526
leaf_count=35 36 30 23 414 94 2889 21
internal_value=3.01731e-06 -0.000365303 -0.0323227 0.000121152 -0.00692705 0.00134398 0.0229755
internal_weight=819.083 806.157 12.0873 794.07 117.399 676.671 12.9252
internal_count=3542 3486 53 3433 508 2925 56
is_linear=0
shrinkage=0.04


Tree=73
num_leaves=9
num_cat=0
split_feature=8 28 23 19 29 3 28 3
split_gain=4.24261 4.34996 16.8211 9.62508 9.29183 20.8999 10.5125 4.87098
threshold=-0.004131982733148399 0.96604361155981433 0.14198642433068898 1.4553411228158628 0.019313558084640321 0.0019506349984125002 0.93572937278134061 0.0023031992731584504
decision_type=2 2 2 2 2 2 2 2
left_child=-1 4 7 -4 5 -2 -6 -3
right_child=1 2 3 -5 6 -7 -8 -9
leaf_value=0.052319929686734136 -0.016415860003041374 -0.056420900744238195 -0.005336363153039936 0.027227033782242064 0.0013673180317839526 0.019428455777319019 -0.012924756899317926 -0.021204672080963775
leaf_weight=2.472592018544673 34.821323320269585 10.674129605293276 81.025067329406738 17.69502991437912 453.30050376057625 103.05384595692158 100.62406031042337 15.280139878392218
leaf_count=15 148 46 350 76 1948 455 438 66
internal_value=2.85126e-06 -0.000155585 -0.00703312 0.000500445 0.00108387 0.0103757 -0.00122893 -0.0356879
internal_weight=818.947 816.474 124.674 98.7201 691.8 137.875 553.925 25.9543
internal_count=3542 3527 538 426 2989 603 2386 112
is_linear=0
shrinkage=0.04


Tree=74
num_leaves=15
num_cat=0
split_feature=40 18 8 32 8 37 19 13 38 27 14 36 25 32
split_gain=4.32957 6.95155 12.0461 11.188 9.28534 7.69536 7.28711 4.5832 9.50524 7.97407 7.92925 10.6 6.40483 6.2984
threshold=0.50033590339765233 1.0000000180025095e-35 -2.6256116384985424e-05 0.00052575493365236508 0.0019089198774774501 1.0000000180025095e-35 0.8639370892497118 0.00019566350628130003 0.80594852317273946 0.3840082541212857 -0.00043658339274219997 0.62566048292996024 0.75000000000000011 0.00045258321614282234
decision_type=2 2 2 2 2 2 2 2 2 2 2 2 2 2
left_child=7 4 3 -3 5 -2 -4 10 12 -10 11 -1 -9 -12
right_child=1 2 6 -5 -6 -7 -8 8 9 -11 13 -13 -14 -15
leaf_value=-0.014188929589279142 -0.016002716859735127 0.022293004095647547 -0.021632609571483195 -0.013983591066243783 0.031883010519417526 -0.0010580690314577633 0.0032133006507290818 -0.00026946133226107464 -0.015129739160157824 0.01302110028544276 -0.017882201941844377 0.0093124536515968338 0.028132162692880117 0.014237505303018174
leaf_weight=57.56920150667429 119.48208822309971 62.134763181209564 34.137477368116379 17.41507800668478 9.2091668844223005 102.35497073829174 42.278198510408401 31.739968955516815 83.931098282337189 19.920912116765976 10.496129482984541 65.80925914645195 21.182322204113007 140.81499895453453
leaf_count=252 518 261 143 79 39 436 175 141 363 90 44 288 94 619
internal_value=2.86323e-06 -0.00306891 0.00345599 0.0143513 -0.00747349 -0.0091073 -0.00788621 0.00275817 -0.00269886 -0.00972984 0.00587267 -0.00165345 0.0110984 0.0120094
internal_weight=818.476 387.012 155.966 79.5498 231.046 221.837 76.4157 431.464 156.774 103.852 274.69 123.378 52.9223 151.311
internal_count=3542 1651 658 340 993 954 318 1891 688 453 1203 540 235 663
is_linear=0
shrinkage=0.04


Tree=75
num_leaves=8
num_cat=0
split_feature=7 0 31 32 39 36 29
split_gain=4.16241 5.3715 5.0996 14.0008 11.1732 4.95438 7.16891
threshold=0.0023326425637539504 81.657272764247708 0.85821961956902515 0.0004739108087943418 0.091764186279242446 0.50148128937776815 0.033972405453028119
decision_type=2 2 2 2 2 2 2
left_child=1 2 3 -1 -4 -3 -7
right_child=-2 5 4 -5 -6 6 -8
leaf_value=0.049820018332420564 -0.034585504694278166 -0.013778095834155311 4.8021214981278188e-05 0.002538856854387712 -0.015557443978743691 0.048249194269145479 -0.0059674450185994276
leaf_weight=10.499615415930746 5.5290777236223212 5.49058869481087 472.08593691885471 219.67695889621973 86.924810335040092 11.471949793398382 5.9137517660856238
leaf_count=50 26 24 2005 985 370 56 26
internal_value=3.06779e-06 0.00023857 -0.00031531 0.00469561 -0.00237859 0.0193463 0.0298074
internal_weight=817.593 812.064 789.187 230.177 559.011 22.8763 17.3857
internal_count=3542 3516 3410 1035 2375 106 82
is_linear=0
shrinkage=0.04


Tree=76
num_leaves=10
num_cat=0
split_feature=37 1 22 23 28 22 3 40 31
split_gain=4.12261 7.70698 4.88533 10.1705 15.2348 10.9277 7.87398 13.902 11.0968
threshold=0.35927199456886949 33.310763884874184 -0.95811756168640871 0.92662306905329295 0.97187057660879261 1.0641748165381564 0.0051620708730597013 0.48374953955225303 0.7510264360655684
decision_type=2 2 2 2 2 2 2 2 2
left_child=2 -2 6 4 -4 -5 7 -1 -8
right_child=1 -3 3 5 -6 -7 8 -9 -10
leaf_value=0.014389291504335771 -0.04449521454007891 0.014421973040518012 -0.00064610319036517 0.013907507360953388 -0.03556320647184074 -0.0013312681736659146 -0.063373521213453923 -0.012141625107946323 0.0045764906179768658
leaf_weight=48.27653232216835 8.8765501827001554 5.9226112663745871 320.09956531971693 171.50032852590084 21.325095787644386 134.21387527883053 8.5966944396495801 91.48159570991993 6.9575680047273627
leaf_count=208 39 26 1358 757 92 589 38 400 35
internal_value=3.28091e-06 -0.0209166 0.000389095 0.00191808 -0.002827 0.00721742 -0.0059817 -0.00297707 -0.0329788
internal_weight=817.25 14.7992 802.451 647.139 341.425 305.714 155.312 139.758 15.5543
internal_count=3542 65 3477 2796 1450 1346 681 608 73
is_linear=0
shrinkage=0.04


Tree=77
num_leaves=11
num_cat=0
split_feature=32 9 18 32 1 3 32 7 32 26
split_gain=4.22106 5.94323 9.58492 6.00849 7.03719 5.53222 5.41121 5.17777 3.87665 1.3384
threshold=0.00067697001235674534 0.00066066147710193445 1.0000000180025095e-35 0.00061084352607168775 71.418339658754135 0.0039884676539963006 0.00054302147269305677 -0.00020178306075544999 0.00063371408424002876 0.014521324272329083
decision_type=2 2 2 2 2 2 2 2 2 2
left_child=1 3 8 6 -5 -2 -1 -4 -3 -7
right_child=5 2 7 4 -6 9 -8 -9 -10 -11
leaf_value=0.0014225939430483447 -0.015564845053020105 -0.01340466978240132 -0.078175281761035095 0.02608181649861957 -0.026366338508660797 0.059388941164570969 -0.0066715783797187513 -0.021895393253794481 0.029776658865500297 0.025780194709345231
leaf_weight=578.17003364861012 3.7510841414332372 9.7718716710805875 4.9908671528100967 25.593444749712948 4.8724011480808249 4.0805322378873825 171.30552917718887 5.495443120598793 5.0432761907577524 3.5409964770078659
leaf_count=2447 19 45 23 129 23 23 752 29 29 23
internal_value=3.20343e-06 -0.000338563 -0.019418 0.000280379 0.0176938 0.0242021 -0.000427468 -0.0486813 0.00129484 0.0437742
internal_weight=816.615 805.243 25.3015 779.941 30.4658 11.3726 749.476 10.4863 14.8151 7.62153
internal_count=3542 3477 126 3351 152 65 3199 52 74 46
is_linear=0
shrinkage=0.04


Tree=78
num_leaves=13
num_cat=0
split_feature=38 40 5 31 32 33 1 20 1 35 15 3
split_gain=3.96962 9.51798 9.24507 6.46115 14.8768 12.5423 9.3697 10.2886 6.4297 4.88309 4.823 2.03403
threshold=0.99999999986527388 0.43892057906981236 1.0000000180025095e-35 0.85821961956902515 0.0004739108087943418 0.31578947368421056 106.1215100212503 0.0025991681826365003 -65.492240281382678 0.86410538027777983 0.0023466464703441503 0.0019897228841653501
decision_type=2 2 2 2 2 2 2 2 2 2 2 2
left_child=3 -2 9 4 11 -6 7 -5 -4 -3 -8 -1
right_child=1 2 8 6 5 -7 10 -9 -10 -11 -12 -13
leaf_value=0.073531778269009099 -0.072601225158187205 -0.0018514010115478446 -0.0036026700388698913 0.0008485197013268596 0.0064257566598108686 -0.037058726996775919 0.041687398477067025 -0.011214980292519758 -0.062235333022325458 0.050730477748629252 -0.0049303438796242764 0.037013159968981572
leaf_weight=4.7038736194372159 3.924101501703265 6.7536012902855873 6.69573874771595 393.11889283359051 198.83889392018318 11.211182951927183 11.785486146807672 158.81476554274559 5.4106136932969093 4.8588096052408218 5.0820464044809333 5.0712643563747406
leaf_count=19 18 33 31 1660 891 50 54 687 25 23 23 28
internal_value=3.37906e-06 -0.0148958 -0.00534884 0.000525623 0.00634962 0.00410482 -0.00172518 -0.00262266 -0.029807 0.0201497 0.0276419 0.0545862
internal_weight=816.269 27.6429 23.7188 788.626 219.825 210.05 568.801 551.934 12.1064 11.6124 16.8675 9.77514
internal_count=3542 130 112 3412 988 941 2424 2347 56 56 77 47
is_linear=0
shrinkage=0.04


Tree=79
num_leaves=11
num_cat=0
split_feature=32 9 23 14 39 32 23 1 3 26
split_gain=3.99304 5.6251 8.91324 10.3906 6.83109 6.18965 7.60489 6.70059 5.03213 1.31921
threshold=0.00067697001235674534 0.00064825973239121309 8.0601536711764812 2.5259317691774146e-05 0.29983286466077591 0.00061084352607168775 4.2572755868721091 109.60747624615762 0.0039884676539963006 0.014521324272329083
decision_type=2 2 2 2 2 2 2 2 2 2
left_child=1 5 3 -3 -4 7 -7 -1 -2 -10
right_child=8 2 4 -5 -6 6 -8 -9 9 -11
leaf_value=-0.00094647742695968401 -0.014152500833358965 -0.022133714842322957 -0.057109646763079266 0.041833242620118248 -0.0043493466127412323 0.049097754332211994 0.0041402782736280229 0.022473052235633059 0.058167257098478496 0.024569686021369233
leaf_weight=724.08636289834976 3.7574357539415342 9.8691404610872286 10.349993474781515 6.9062925726175299 6.3264234364032736 9.0409170538187045 18.018040679395199 20.089149884879589 4.020089253783226 3.4960448816418648
leaf_count=3085 19 46 48 36 34 48 89 91 23 23
internal_value=3.73831e-06 -0.000327465 -0.0163856 0.0042009 -0.0370943 0.000369047 0.0191614 -0.000314263 0.0236444 0.0425397
internal_weight=815.96 804.686 33.4518 16.7754 16.6764 771.234 27.059 744.176 11.2736 7.51613
internal_count=3542 3477 164 82 82 3313 137 3176 65 46
is_linear=0
shrinkage=0.04


Tree=80
num_leaves=9
num_cat=0
split_feature=28 30 40 40 35 9 36 23
split_gain=3.91407 9.70541 6.68201 6.01759 3.92985 4.51671 3.90968 1.03462
threshold=0.67617062445752096 0.18107214317148809 0.50663261017017036 0.49721538164699647 1.4982625449854055 0.00051059637596432964 0.6744058993538552 0.94155887851011788
decision_type=2 2 2 2 2 2 2 2
left_child=2 4 3 -1 5 -2 -6 -3
right_child=1 7 -4 -5 6 -7 -8 -9
leaf_value=0.03110168522742526 -0.0026264460105948845 -0.05467019098400959 0.057590637561234094 -0.027754532883551956 -0.03784514482733195 0.0034711206187969875 0.0098900151735190987 -0.02807987194288836
leaf_weight=5.6489858478307742 385.5738575309515 4.5006023645400983 5.0595949292182913 5.4716140478849411 8.3746212720870954 391.95791441202164 4.0840531885623923 4.8798808008432388
leaf_count=25 1629 20 21 24 41 1740 20 22
internal_value=4.21536e-06 -0.00039003 0.0194816 0.00214295 9.02503e-05 0.00044737 -0.0221972 -0.0408375
internal_weight=815.551 799.371 16.1802 11.1206 789.99 777.532 12.4587 9.38048
internal_count=3542 3472 70 49 3430 3369 61 42
is_linear=0
shrinkage=0.04


Tree=81
num_leaves=10
num_cat=0
split_feature=40 32 8 24 22 24 23 31 31
split_gain=3.85146 6.77008 7.28922 11.2118 10.485 4.73133 4.58508 4.47248 7.54493
threshold=0.50033590339765233 0.00043041431961626965 -1.4716032305600429e-05 0.29166666666618063 0.49668495887773212 0.074999999999874958 -0.75855984060644899 1.2981694280564906 1.1739048812097974
decision_type=2 2 2 2 2 2 2 2 2
left_child=6 5 3 -3 -4 -2 -1 8 -8
right_child=1 2 4 -5 -6 -7 7 -9 -10
leaf_value=0.042981346362168077 0.0065439001727404279 0.0020160192877011606 -0.017969181956781755 -0.053988679740482777 0.0054575282679628356 0.054930564253252476 0.0026498239901067045 0.033332788117880256 -0.027116243760261897
leaf_weight=4.4541964530944815 8.6722404062747938 220.68029621988535 101.51087974011898 5.8715336918830863 43.738826900720596 5.1555156260728827 403.79953411966562 7.2504903525114051 14.100639477372168
leaf_count=26 37 952 428 26 186 22 1775 31 59
internal_value=3.98804e-06 -0.0028979 -0.00392 0.000564548 -0.0109147 0.0245843 0.00260883 0.00218586 0.00164547
internal_weight=815.234 385.629 371.802 226.552 145.25 13.8278 429.605 425.151 417.9
internal_count=3542 1651 1592 978 614 59 1891 1865 1834
is_linear=0
shrinkage=0.04


Tree=82
num_leaves=9
num_cat=0
split_feature=7 0 24 24 7 33 40 18
split_gain=3.80406 4.95807 6.46127 5.48882 6.05974 5.51821 4.78734 2.68517
threshold=0.0023326425637539504 81.657272764247708 0.14166666666643057 0.29166666666618063 0.00087082126942975013 -0.10526315789473688 0.49582400973117552 1.0000000180025095e-35
decision_type=2 2 2 2 2 2 2 2
left_child=1 3 6 5 -5 -1 -3 -4
right_child=-2 2 7 4 -6 -7 -8 -9
leaf_value=0.0047008138206947733 -0.033374776202914853 0.022270416921533084 0.05469001763379662 -0.038783003240611021 0.01117040719338779 -0.0023497156027110461 -0.035218136571578004 0.018760398654317303
leaf_weight=278.41247250139713 5.4265727177262297 4.5630463808774966 6.5956440269947034 11.831672996282579 5.7853625565767279 490.57478196918964 4.7099646627902985 6.7175568640232086
leaf_count=1213 26 23 31 52 25 2120 20 32
internal_value=3.9099e-06 0.000227753 0.0187054 -0.000302807 -0.0223785 0.000202934 -0.00692927 0.0365607
internal_weight=814.617 809.191 22.5862 786.604 17.617 768.987 9.27301 13.3132
internal_count=3542 3516 106 3410 77 3333 43 63
is_linear=0
shrinkage=0.04


Tree=83
num_leaves=7
num_cat=0
split_feature=28 30 22 2 38 13
split_gain=3.73426 6.65315 5.75502 3.88793 4.21852 2.8624
threshold=0.65781112659444696 0.18107214317148809 0.21885849133573732 -0.17335875486521907 0.99999999986527388 -7.8262610820015082e-05
decision_type=2 2 2 2 2 2
left_child=5 3 -3 -2 -5 -1
right_child=1 2 -4 4 -6 -7
leaf_value=0.0045914302519527907 -0.031684959059271198 -0.054470952015386626 0.0015901506541622016 0.0009150551115565843 -0.015082792756420875 0.042691310133681465
leaf_weight=7.1314269006252289 6.1061571240425101 6.7143999487161619 5.1979936808347702 756.21457080543041 27.325844027101994 5.6583568304777128
leaf_count=31 27 30 23 3277 129 25
internal_value=3.91304e-06 -0.00033824 -0.0300086 0.000109359 0.000357133 0.0214473
internal_weight=814.349 801.559 11.9124 789.647 783.54 12.7898
internal_count=3542 3486 53 3433 3406 56
is_linear=0
shrinkage=0.04


Tree=84
num_leaves=12
num_cat=0
split_feature=32 22 22 32 9 22 40 24 23 18 9
split_gain=3.75289 6.67003 8.01974 5.69556 12.037 11.7779 11.2493 9.79473 9.8941 4.9205 2.37414
threshold=0.00063371408424002876 2.8089867902767187 -1.7498998368294125 0.00054302147269305677 0.00051059637596432964 -1.8675361623513838 0.4877275723660614 0.25833333333290281 0.94155887851011788 1.0000000180025095e-35 0.00063123520352470052
decision_type=2 2 2 2 2 2 2 2 2 2 2
left_child=3 2 -2 4 5 -1 -6 8 -5 -4 -9
right_child=1 -3 9 7 6 -7 -8 10 -10 -11 -12
leaf_value=-0.026635123590518839 -0.016021941878606644 -0.034585648863031039 0.045322514846691607 -0.018329350996118664 0.021349411561434543 -0.00079847137284439916 0.0022624534466752113 -0.025595975927955043 0.0014220096942746683 0.003418541210831821 -0.066956544398402609
leaf_weight=30.876811966300011 7.2965811789035824 4.0711326152086249 14.763436138629915 57.655282959342003 75.733503632247448 329.36203064024448 142.11528438329697 4.2262491434812528 137.00954674184322 6.4389726594090453 4.6788141131401062
leaf_count=134 35 18 90 256 341 1381 599 19 609 39 21
internal_value=3.70126e-06 0.0133073 0.0201489 -0.000550633 0.00147556 -0.00301298 0.00889789 -0.0063045 -0.00442789 0.0325967 -0.0473273
internal_weight=814.228 32.5701 28.499 781.658 578.088 360.239 217.849 203.57 194.665 21.2024 8.90506
internal_count=3542 182 164 3360 2455 1515 940 905 865 129 40
is_linear=0
shrinkage=0.04


Tree=85
num_leaves=9
num_cat=0
split_feature=37 20 32 38 35 28 31 22
split_gain=3.68964 5.79945 4.36489 4.20431 6.77613 5.03116 3.82141 2.87275
threshold=0.35927199456886949 0.0025934493533060006 0.00053080666162974512 0.54978013020705296 1.4982625449854055 0.67617062445752096 0.81046082451006185 -0.015013173355208298
decision_type=2 2 2 2 2 2 2 2
left_child=3 -2 -3 6 5 -5 -1 -6
right_child=1 2 -4 4 7 -7 -8 -9
leaf_value=0.051054910277809416 -0.053418697204492445 0.024712433645746285 -0.02986608030164464 0.024967137875396946 -0.050885487539735798 4.6678606714262593e-05 0.00030751366525700035 -0.0070733710965638083
leaf_weight=4.9672776311635953 5.2788309603929511 4.9698671251535398 4.4381815493106842 13.185187757015226 5.8183896094560623 766.14700026065111 4.5479773133993149 4.0693341940641385
leaf_count=24 23 22 20 58 28 3326 20 21
internal_value=4.16045e-06 -0.0198628 -0.0010346 0.000369467 5.08142e-05 0.000468297 0.0267993 -0.0328544
internal_weight=813.422 14.6869 9.40805 798.735 789.22 779.332 9.51525 9.88772
internal_count=3542 65 42 3477 3433 3384 44 49
is_linear=0
shrinkage=0.04


Tree=86
num_leaves=11
num_cat=0
split_feature=32 9 18 32 40 7 33 3 32 20
split_gain=3.62051 5.19421 8.44121 5.22997 6.64923 4.68914 4.66937 4.54732 3.27323 1.49589
threshold=0.00067697001235674534 0.00066066147710193445 1.0000000180025095e-35 0.00061084352607168775 0.49391471799523784 -0.00020178306075544999 -0.10526315789473688 0.0039884676539963006 0.00063371408424002876 0.0026612654717508505
decision_type=2 2 2 2 2 2 2 2 2 2
left_child=1 3 8 6 -5 -4 -1 -2 -3 -9
right_child=7 2 5 4 -6 -7 -8 9 -10 -11
leaf_value=0.0039097076988818293 -0.013193826469028865 -0.012031985308448985 -0.07409479828495634 0.024143853466898527 -0.031080096625906519 -0.020196114841602525 -0.0027146283246855364 0.056608324122768172 0.028242262080470898 0.020121637839908182
leaf_weight=262.33806932717562 3.7398258447647077 9.7175579816102964 4.9372676387429237 25.822295904159549 4.0333722308278075 5.415199488401413 485.02439898252487 4.2007991522550583 4.8354510962963113 3.1429366022348404
leaf_count=1122 19 45 23 131 21 29 2077 25 29 21
internal_value=3.99119e-06 -0.000309744 -0.0182911 0.000266458 0.0166833 -0.0459013 -0.000389364 0.0227092 0.00134973 0.0409929
internal_weight=813.207 802.124 24.9055 777.218 29.8557 10.3525 747.362 11.0836 14.553 7.34374
internal_count=3542 3477 126 3351 152 52 3199 65 74 46
is_linear=0
shrinkage=0.04


Tree=87
num_leaves=8
num_cat=0
split_feature=24 24 38 3 8 23 23
split_gain=3.48954 5.57453 11.5173 6.65249 4.62763 10.7953 7.91596
threshold=0.42499999999929167 0.29166666666618063 0.90077035102045089 0.0035002772398418504 -0.00040560044457069996 0.11884722511214811 0.24938800244941059
decision_type=2 2 2 2 2 2 2
left_child=1 4 -3 -4 6 -6 -1
right_child=-2 2 3 -5 5 -7 -8
leaf_value=0.015750493711462834 0.035345050355087108 -0.068379436531515306 -0.036439498642947883 0.024581550489023676 -0.011642543784563378 0.0017047799769805308 0.00066554410139247396
leaf_weight=71.214322000741959 4.4457850456237784 5.838863834738734 4.7611499130725843 7.153324767947197 137.86808720231056 326.70542035996914 254.81593349575996
leaf_count=303 20 27 20 32 588 1425 1127
internal_value=4.0622e-06 -0.000190305 -0.0223571 0.000196895 0.000307458 -0.00225621 0.00396053
internal_weight=812.803 808.357 17.7533 11.9145 790.604 464.574 326.03
internal_count=3542 3522 79 52 3443 2013 1430
is_linear=0
shrinkage=0.04


Tree=88
num_leaves=14
num_cat=0
split_feature=40 36 3 27 22 29 29 22 22 27 8 37 18
split_gain=3.46599 6.50864 8.15842 9.05766 7.19318 4.63993 13.9736 5.655 4.37875 20.3224 5.45785 14.3291 10.5602
threshold=0.50033590339765233 0.79322416823398811 0.0013141020768078502 0.20794906412009892 0.20841193921177453 0.033290935889658944 0.020943218046001483 -0.18031378441996151 2.9283336605520973 0.93342520804091478 0.00051276077811785012 0.055534740749786156 1.0000000180025095e-35
decision_type=2 2 2 2 2 2 2 2 2 2 2 2 2
left_child=8 2 4 -4 -2 6 -3 -7 10 -10 12 -12 -1
right_child=1 5 3 -5 -6 7 -8 -9 9 -11 11 -13 -14
leaf_value=0.0045797242822330862 -0.036271271789218622 -0.033687433763498434 0.0034013444618841439 -0.015874935316470273 0.019513652996459692 -0.05808391411499228 0.029416553822404538 -0.013561480796335386 0.037090523851645678 -0.06699916923939736 -0.001631625601367591 0.02253685512355439 -0.013565053761347709
leaf_weight=185.52311797440052 17.433353178203109 12.612972766160967 275.68115058541298 45.429431699216366 4.6941725909709922 7.9458435773849514 10.118856295943258 10.726226121187208 5.3625772595405561 6.8150216490030289 89.338567301630974 70.007082343101501 70.945144534111023
leaf_count=820 78 56 1158 215 20 36 43 45 23 28 400 316 304
internal_value=3.79536e-06 -0.0027518 -0.000944628 0.000674214 -0.024437 -0.0177333 -0.0055973 -0.0325079 0.00248029 -0.0211618 0.00317268 0.00898658 -0.000439547
internal_weight=812.634 384.642 343.238 321.111 22.1275 41.4039 22.7318 18.6721 427.992 12.1776 415.814 159.346 256.468
internal_count=3542 1651 1471 1373 98 180 99 81 1891 51 1840 716 1124
is_linear=0
shrinkage=0.04


Tree=89
num_leaves=8
num_cat=0
split_feature=32 15 9 18 32 34 18
split_gain=3.46124 4.79732 4.48121 7.77 6.59471 2.09727 1.09778
threshold=0.00067697001235674534 0.0031812438673385003 0.00066066147710193445 1.0000000180025095e-35 0.00061084352607168775 0.30244292783827792 1.0000000180025095e-35
decision_type=2 2 2 2 2 2 2
left_child=1 2 4 -4 -1 6 -2
right_child=5 -3 3 -5 -6 -7 -8
leaf_value=-0.00026086092116558963 0.025723998908867556 -0.041497055691989172 0.0012061334926747251 -0.045611107268248484 0.019481492200373932 0.047451238191421122 -0.0051140803554945644
leaf_weight=744.32027840614319 3.6565004512667638 4.4976377934217444 14.450814269483089 9.3364474177360535 28.093630090355873 3.5795507058501244 3.7321796640753746
leaf_count=3190 21 21 74 46 146 24 20
internal_value=3.59039e-06 -0.000302127 -6.94226e-05 -0.0171695 0.000457192 0.0223215 0.010147
internal_weight=811.667 800.699 796.201 23.7873 772.414 10.9682 7.38868
internal_count=3542 3477 3456 120 3336 65 41
is_linear=0
shrinkage=0.04


Tree=90
num_leaves=11
num_cat=0
split_feature=37 26 22 8 19 7 31 40 28 32
split_gain=3.49442 5.35223 4.07858 8.21993 9.39781 7.34861 7.29268 11.5388 5.67109 4.01001
threshold=0.35927199456886949 0.014503471326326027 -0.95811756168640871 -0.00040560044457069996 -2.9748813000991241 -0.00015887361372069996 0.73316759101394446 0.48374953955225303 0.86483766999147449 0.00053080666162974512
decision_type=2 2 2 2 2 2 2 2 2 2
left_child=2 -2 6 4 -4 -5 8 -8 -1 -3
right_child=1 9 3 5 -6 -7 7 -9 -10 -11
leaf_value=0.0042572108148889566 -0.051746173420938908 0.023502856406137234 -0.027665063501599252 -0.014060512121074708 0.009863239804323444 0.00069929726213505984 0.012961223652697626 -0.01115143911766126 -0.049858632451975853 -0.028961853772058656
leaf_weight=4.5379537716507903 5.242332622408866 4.9390456229448301 11.243917167186735 63.597832217812538 211.56368011981249 356.56609866768122 48.878592416644096 90.629274062812328 9.7671854197978956 4.4141631275415421
leaf_count=21 23 22 50 271 925 1550 217 399 44 20
internal_value=3.64314e-06 -0.0193916 0.000358927 0.00175866 0.00796939 -0.00153481 -0.00549225 -0.00270322 -0.0326917 -0.00125739
internal_weight=811.38 14.5955 796.785 642.972 222.808 420.164 153.813 139.508 14.3051 9.35321
internal_count=3542 65 3477 2796 975 1821 681 616 65 42
is_linear=0
shrinkage=0.04


Tree=91
num_leaves=15
num_cat=0
split_feature=23 28 9 9 26 20 22 22 38 30 2 34 34 23
split_gain=3.44748 14.1256 11.1912 9.79854 14.5924 12.915 10.6587 10.3832 9.18923 8.61031 8.42084 7.60941 4.63563 1.91638
threshold=0.92662306905329295 0.97187057660879261 0.00056869570990398892 0.00051059637596432964 0.014505900773517598 0.0025972742335645007 -1.8312467273380848 -0.69324792045290184 0.85357041033278025 0.03589770352024825 0.99955657180508284 0.24640131012493519 0.23332238626575211 -0.084158751318862343
decision_type=2 2 2 2 2 2 2 2 2 2 2 2 2 2
left_child=1 2 10 4 6 9 -2 -7 -6 -5 -1 -4 13 -3
right_child=3 12 11 5 8 7 -8 -9 -10 -11 -12 -13 -14 -15
leaf_value=0.00348702574788841 -0.020757836770843335 -0.057058237437818599 -0.028809347809524741 0.052318473804438458 0.0005596804347474389 -0.0060615489043798999 0.0043452488311609902 0.011429415273183535 -0.049399193433601336 0.010253902016924223 -0.025181726510236594 0.021721652398404855 -0.0028028316606659004 -0.028737497126061339
leaf_weight=270.02497076243162 33.000510483980179 9.3911100924015045 32.360153645277023 15.84991702437401 8.9952144324779528 92.875052213668823 150.40305010974407 130.75119286030531 17.068862438201904 15.303060516715048 17.452501252293587 5.5922070294618598 5.4645885676145545 6.4475211352109918
leaf_count=1145 145 41 142 68 38 423 632 615 76 66 74 25 24 28
internal_value=3.48131e-06 -0.00301426 -0.000948601 0.00225735 -0.00415164 0.00752653 -0.000171646 0.00416518 -0.0321574 0.0316554 0.00174657 -0.0213637 -0.0345695 -0.0455296
internal_weight=810.98 346.733 325.43 464.247 209.468 254.779 183.404 223.626 26.0641 31.153 287.477 37.9524 21.3032 15.8386
internal_count=3542 1479 1386 2063 891 1172 777 1038 114 134 1219 167 93 69
is_linear=0
shrinkage=0.04


Tree=92
num_leaves=12
num_cat=0
split_feature=31 22 24 32 39 36 19 39 20 4 36
split_gain=3.38587 13.2314 11.6684 14.9302 9.85365 9.94985 9.59993 8.84796 7.57568 5.02761 2.98803
threshold=0.85821961956902515 2.9283336605520973 0.25833333333290281 0.0004739108087943418 0.091764186279242446 0.78145623487296645 -2.6528247654827912 0.082099655920794615 0.0025990690820140001 1.0000000180025095e-35 0.6720399091129069
decision_type=2 2 2 2 2 2 2 2 2 2 2
left_child=1 2 3 -1 6 8 10 -8 -6 -7 -2
right_child=4 -3 -4 -5 5 9 7 -9 -10 -11 -12
leaf_value=0.056517277560044217 -0.040300958612687038 -0.046057513593719533 -0.05488888853987868 0.005010942793826966 0.00038667087293699535 -0.0086485224254672678 0.0010227547214115881 0.043856542573238823 -0.027403657884962417 0.039810790104076711 -0.0078202594349742523
leaf_weight=9.4018977805972082 11.355160996317865 8.1429335176944715 4.952676683664321 213.08793381601572 22.033785194158554 6.3477358222007734 457.64772379398346 7.8482900857925406 54.553259298205376 7.4410585314035416 7.5411709398031226
leaf_count=46 50 37 23 972 94 27 1958 34 236 32 33
internal_value=3.4679e-06 0.00404206 0.00583573 0.00718748 -0.00165187 -0.0137769 0.000610378 0.00174493 -0.0194085 0.0175023 -0.0273385
internal_weight=810.354 235.585 227.443 222.49 574.768 90.3758 484.392 465.496 76.587 13.7888 18.8963
internal_count=3542 1078 1041 1018 2464 389 2075 1992 330 59 83
is_linear=0
shrinkage=0.04


Tree=93
num_leaves=9
num_cat=0
split_feature=23 23 28 33 23 20 3 34
split_gain=3.32136 3.85284 13.3089 9.40965 9.14434 11.784 9.36958 4.6401
threshold=-0.75855984060644899 0.92662306905329295 0.97187057660879261 -0.10526315789473688 2.9980631955495305 0.0025905926414617002 0.0012188074927234501 0.23332238626575211
decision_type=2 2 2 2 2 2 2 2
left_child=-1 2 3 -2 5 -3 -6 -4
right_child=1 4 7 -5 6 -7 -8 -9
leaf_value=0.033177660905908603 0.0080663666720994492 -0.018400316016075141 -0.045466389689291169 -0.0063599097817493297 -0.051163510221749142 0.01501397487567236 -0.0006581306058399336 -0.0026048696303125406
leaf_weight=4.8001334816217414 110.26202639937401 19.515529602766037 15.501235201954843 210.34459544718266 5.9897403120994559 125.36477901786566 312.58615004271269 5.4662961214780799
leaf_count=28 464 82 68 895 27 545 1409 24
internal_value=3.49132e-06 -0.000194315 -0.00341766 -0.00139847 0.00218133 0.010513 -0.00160771 -0.0342923
internal_weight=809.83 805.03 341.574 320.607 463.456 144.88 318.576 20.9675
internal_count=3542 3514 1451 1359 2063 627 1436 92
is_linear=0
shrinkage=0.04


Tree=94
num_leaves=10
num_cat=0
split_feature=40 32 8 21 19 35 9 3 32
split_gain=3.28161 6.69226 6.34078 13.9216 8.85252 4.38476 4.1107 4.33286 5.29067
threshold=0.50033590339765233 0.00043041431961626965 -0.0006062680825514999 -2.2419824783217333e-05 -1.5103002472586213 1.0751651096376114 0.00041477762181278932 0.0009766711320604003 0.00047253246387557799
decision_type=2 2 2 2 2 2 2 2 2
left_child=6 5 3 -3 -4 -2 -1 -8 -9
right_child=1 2 4 -5 -6 -7 7 8 -10
leaf_value=-0.028894906129783772 0.0039607587332715338 -0.001473263343254369 -0.037168610619519669 0.038829290423473217 -0.0058365771568242722 0.049369818431523202 -0.047792350037108092 0.015559632522388041 0.0015889519439281487
leaf_weight=6.6042192727327338 7.4271703660488111 136.11020731180906 15.535330444574354 15.249804317951201 202.44120555371046 6.2785535752773285 2.6794957816600791 49.167060136795044 367.87933627516031
leaf_count=27 32 596 69 65 862 27 11 215 1638
internal_value=3.31997e-06 -0.00268375 -0.00370225 0.00258729 -0.00806963 0.0247625 0.00241755 0.00291024 0.003236
internal_weight=809.372 383.042 369.337 151.36 217.977 13.7057 426.33 419.726 417.046
internal_count=3542 1651 1592 661 931 59 1891 1864 1853
is_linear=0
shrinkage=0.04


Tree=95
num_leaves=12
num_cat=0
split_feature=36 34 36 3 22 30 25 22 0 20 40
split_gain=3.2702 7.26305 4.42884 8.81542 9.69904 8.52837 11.6604 7.77068 7.32564 3.86716 3.7868
threshold=0.30742331191759409 0.079351984965735464 0.57839485156251835 0.0025701615606695005 2.5217167506067111 0.088467899412147999 0.75000000000000011 0.49668495887773212 36.414429696794052 0.0025975835187858004 0.49932953886379855
decision_type=2 2 2 2 2 2 2 2 2 2 2
left_child=1 10 5 7 -5 8 -7 -4 -2 -3 -1
right_child=2 9 3 4 -6 6 -8 -9 -10 -11 -12
leaf_value=0.017517522729709092 -0.012977455366285938 0.054653422993606759 -0.0064349437117603358 0.0090548680814631181 -0.03605378878129905 -0.039070820301785214 0.0035693340860270483 0.010854812666902715 0.0026793061133936679 0.0099747212242560709 -0.032312080751310701
leaf_weight=4.3288230597972888 65.397435687482357 7.1113478094339353 216.36927822977304 225.16649437695742 7.8939403146505347 24.266210988163948 17.779257670044899 51.488460645079613 177.84290584176779 5.4945623576641083 5.5928400158882141
leaf_count=20 293 30 926 1011 39 105 77 220 773 24 24
internal_value=3.16882e-06 0.0150296 -0.000427392 0.00183826 0.007527 -0.00440554 -0.0210401 -0.00311145 -0.00153016 0.0351792 -0.0105714
internal_weight=808.732 22.5276 786.204 500.918 233.06 285.286 42.0455 267.858 243.24 12.6059 9.92166
internal_count=3542 98 3444 2196 1050 1248 182 1146 1066 54 44
is_linear=0
shrinkage=0.04


Tree=96
num_leaves=9
num_cat=0
split_feature=7 0 24 24 38 8 40 36
split_gain=3.2477 4.333 6.15529 4.35539 6.53388 4.27603 4.23268 2.6619
threshold=0.0023326425637539504 81.657272764247708 0.14166666666643057 0.29166666666618063 0.91975375522227842 -0.00040560044457069996 0.49582400973117552 0.65100287581418759
decision_type=2 2 2 2 2 2 2 2
left_child=1 3 6 5 -5 -1 -3 -4
right_child=-2 2 7 4 -6 -7 -8 -9
leaf_value=0.0036506476001990822 -0.031399403751679655 0.02053334506582119 0.051776189824997182 -0.056122285287919099 -0.0033456008497877057 -0.0024059936208481215 -0.034045602188707232 0.01543279080864775
leaf_weight=323.90059450268745 5.2353293672204009 4.4159725233912486 7.1196731105446798 5.5035368427634266 11.80152568221092 439.68824221938848 4.6858295202255249 5.893774650990963
leaf_count=1429 26 23 34 26 51 1904 20 29
internal_value=3.15385e-06 0.000207887 0.0176679 -0.000286588 -0.0201302 0.000163124 -0.00756523 0.0353163
internal_weight=808.244 803.009 22.1152 780.894 17.3051 763.589 9.1018 13.0134
internal_count=3542 3516 106 3410 77 3333 43 63
is_linear=0
shrinkage=0.04


Tree=97
num_leaves=10
num_cat=0
split_feature=32 3 31 35 1 6 24 30 14
split_gain=3.24944 4.19475 12.5031 12.4921 6.12004 7.8607 6.76271 6.09869 4.09034
threshold=0.00067697001235674534 0.0054760953686316003 0.75911191642655407 0.84312479816087071 109.60747624615762 0.00067002730990205011 0.29166666666618063 0.016003955471208722 -0.00022470072996454997
decision_type=2 2 2 2 2 2 2 2 2
left_child=1 4 3 -3 6 -6 -1 -4 -2
right_child=8 2 7 -5 5 -7 -8 -9 -10
leaf_value=0.00023927549327830441 -0.0080744345178544175 -0.077106152164702513 -0.022404539533680087 -0.0075950155443083095 0.048453327885106909 -0.0058877630591921849 -0.028959406602646148 0.035465641669479304 0.042108153487728332
leaf_weight=737.56721149384975 4.3641925156116486 7.2912245467305246 4.52318101376295 9.560955807566641 9.4162235409021395 7.7767620980739585 12.913754433393477 8.1885938569903356 6.424443416297434
leaf_count=3188 27 32 22 53 45 37 57 43 38
internal_value=3.10616e-06 -0.000291975 -0.0150771 -0.0376695 0.000277418 0.0238737 -0.000263155 0.0148739 0.0218084
internal_weight=808.027 797.238 29.564 16.8522 767.674 17.193 750.481 12.7118 10.7886
internal_count=3542 3477 150 85 3327 82 3245 65 65
is_linear=0
shrinkage=0.04


Tree=98
num_leaves=14
num_cat=0
split_feature=31 32 33 3 15 39 36 1 19 39 20 27 13
split_gain=3.1114 11.5304 12.3719 9.41235 9.30436 8.92843 9.22905 9.14997 8.90042 8.11488 6.92534 4.35035 3.68112
threshold=0.85821961956902515 0.0004739108087943418 0.31578947368421056 0.0019132644665636504 0.0014726915982345003 0.091764186279242446 0.78145623487296645 3.6435447480689622 -2.6528247654827912 0.082099655920794615 0.0025990690820140001 0.082673399705728845 -0.0011037589981663998
decision_type=2 2 2 2 2 2 2 2 2 2 2 2 2
left_child=1 11 3 -3 -4 8 10 -8 12 -10 -7 -1 -2
right_child=5 2 4 -5 -6 6 7 -9 9 -11 -12 -13 -14
leaf_value=0.064967113518209996 -0.0073166727569912091 -0.018745456574911331 -0.078196943332774271 0.0072529843496042202 -0.0056515074465888406 0.00038243815136893624 -0.023689242444327172 0.043297977151756761 0.0009723970999941904 0.042182463003497359 -0.026227075372801077 0.010210119910357996 -0.042844105963859229
leaf_weight=6.5572485923767072 8.6734082847833651 25.278212778270245 5.179730758070944 187.87473629415035 6.2320989370346069 21.969969302415848 5.3598810881376258 8.3376196324825269 456.38424912840128 7.7755698710679999 54.391940824687481 3.5938092246651649 10.100221961736677
leaf_count=28 37 109 22 867 30 94 23 36 1958 34 236 22 46
internal_value=3.36118e-06 0.00388231 0.00199738 0.00416978 -0.0385793 -0.00158558 -0.0131481 0.0170856 0.000570646 0.00166274 -0.0185713 0.0455813 -0.0264304
internal_weight=807.709 234.716 224.565 213.153 11.4118 572.993 90.0594 13.6975 482.933 464.16 76.3619 10.1511 18.7736
internal_count=3542 1078 1028 976 52 2464 389 59 2075 1992 330 50 83
is_linear=0
shrinkage=0.04


Tree=99
num_leaves=9
num_cat=0
split_feature=28 30 40 40 35 10 36 34
split_gain=3.23205 8.136 5.97416 5.30801 3.21818 10.5345 5.65695 0.997308
threshold=0.67617062445752096 0.18107214317148809 0.50663261017017036 0.49721538164699647 1.1581676209500722 0.00032532229910415004 0.30742331191759409 0.082894583746939518
decision_type=2 2 2 2 2 2 2 2
left_child=2 4 3 -1 6 -6 -2 -3
right_child=1 7 -4 -5 5 -7 -8 -9
leaf_value=0.029027013296727452 0.022204371600292636 -0.050239134507359638 0.054001830023266049 -0.026817883020512655 -0.01217302904174257 0.017938993789387452 0.00050511742129678654 -0.023742139818466158
leaf_weight=5.4708750620484334 19.811103388667107 4.8766008168458921 5.0111886560916892 5.4222732782363892 91.98847208917141 23.296706557273865 647.14175275713205 4.2565790563821793
leaf_count=25 87 22 21 24 405 103 2835 20
internal_value=3.54642e-06 -0.000355256 0.0178569 0.00122915 8.29886e-05 -0.00608802 0.00114967 -0.03789
internal_weight=807.276 791.371 15.9043 10.8931 782.238 115.285 666.953 9.13318
internal_count=3542 3472 70 49 3430 508 2922 42
is_linear=0
shrinkage=0.04


Tree=100
num_leaves=9
num_cat=0
split_feature=23 23 28 32 23 20 28 34
split_gain=3.14288 3.38375 12.3266 11.9806 8.60426 12.5709 9.34106 4.42921
threshold=-0.75855984060644899 0.92662306905329295 0.97187057660879261 0.00052977832068686992 2.910321225381661 0.0025905926414617002 0.67617062445752096 0.23332238626575211
decision_type=2 2 2 2 2 2 2 2
left_child=-1 2 3 -2 5 -3 -6 -4
right_child=1 4 7 -5 6 -7 -8 -9
leaf_value=0.032626514737586126 0.0032636618512116196 -0.020690609889358828 -0.044082332478575882 -0.014487788903421813 0.052365572301618146 0.015200212583165293 -0.0023460957260857743 -0.0020226179747972837
leaf_weight=4.697446957230567 237.96555723249912 17.983464121818542 15.326523676514627 81.723313942551613 5.0719926804304114 118.51662351936102 320.33594520390034 5.4236426502466193
leaf_count=28 1003 76 68 356 22 518 1447 24
internal_value=3.41924e-06 -0.000187577 -0.00321335 -0.00127421 0.0020425 0.0104717 -0.00149333 -0.0330888
internal_weight=807.045 802.347 340.439 319.689 461.908 136.5 325.408 20.7502
internal_count=3542 3514 1451 1359 2063 594 1469 92
is_linear=0
shrinkage=0.04


Tree=101
num_leaves=13
num_cat=0
split_feature=40 36 22 31 32 35 31 31 23 20 35 3
split_gain=3.17026 6.34806 11.3701 8.64639 6.75465 7.47753 4.38615 7.29488 11.6781 4.72152 3.24113 0.373283
threshold=0.49932953886379855 0.84002883752888968 -0.36745412700149088 0.90122313197517434 0.00043041431961626965 1.0854617560740543 1.2981694280564906 1.1701069097700241 0.47813186944777192 0.0025887102236667003 1.0751651096376114 0.0019897228841653501
decision_type=2 2 2 2 2 2 2 2 2 2 2 2
left_child=6 4 11 -4 10 -6 7 9 -9 -1 -2 -3
right_child=1 2 3 -5 5 -7 -8 8 -10 -11 -12 -13
leaf_value=0.04007160940338008 0.0081237771815215031 -0.045505902536921092 -0.036331678207054109 0.023261441525166588 0.00095869715834900437 -0.012670327739338799 0.034681592198803464 0.016599593414434659 -0.054031726169326867 0.002498705774870191 0.047987517386123835 -0.061591778868161785
leaf_weight=5.4275387972593299 6.8824216127395612 3.6984210908412951 6.5688070058822658 9.5719309300184232 275.40590879321098 84.071020446717739 6.6580706834793082 6.3613431751728049 9.1079425960779172 380.51550057530403 6.2058553248643875 6.1403581127524376
leaf_count=23 29 19 28 40 1181 368 29 27 38 1704 27 29
internal_value=3.37302e-06 -0.00253411 -0.0216515 -0.000991211 -0.00120103 -0.00222873 0.00248162 0.00194753 -0.0249864 0.0030271 0.0270253 -0.0555451
internal_weight=806.615 398.545 25.9795 16.1407 372.565 359.477 408.07 401.412 15.4693 385.943 13.0883 9.83878
internal_count=3542 1721 116 68 1605 1549 1821 1792 65 1727 56 48
is_linear=0
shrinkage=0.04


Tree=102
num_leaves=9
num_cat=0
split_feature=7 0 24 40 28 28 23 15
split_gain=3.0538 3.93639 5.69104 3.8994 3.81388 12.2473 9.64971 3.49251
threshold=0.0023326425637539504 81.657272764247708 0.14166666666643057 0.49582400973117552 0.93572937278134061 0.93238361742259002 0.90991851482036623 0.0017692065476049503
decision_type=2 2 2 2 2 2 2 2
left_child=1 4 3 -3 5 -1 -6 -4
right_child=-2 2 7 -5 6 -7 -8 -9
leaf_value=0.0007141344026642785 -0.030617948867678088 0.019820530308727942 0.066079972309096943 -0.032834633502956491 -0.012890331270667695 0.034168765283221374 0.0016892219857743379 0.020449843594933098
leaf_weight=448.80162943899632 5.1774969771504393 4.3552946746349352 3.8311901539564124 4.6558277159929276 115.1421173363924 18.219243563711643 196.75157289206982 8.9616362527012807
leaf_count=1951 26 23 18 20 497 83 879 45
internal_value=3.13602e-06 0.000201134 0.0169639 -0.00738511 -0.000268103 0.00201925 -0.00369313 0.0341151
internal_weight=805.896 800.719 21.8039 9.01112 778.915 467.021 311.894 12.7928
internal_count=3542 3516 106 43 3410 2034 1376 63
is_linear=0
shrinkage=0.04


Tree=103
num_leaves=10
num_cat=0
split_feature=32 9 18 1 31 38 39 14 40
split_gain=3.01014 4.40081 6.69912 4.54816 4.41432 10.7461 7.94009 3.86819 3.00208
threshold=0.00067697001235674534 0.00066066147710193445 1.0000000180025095e-35 4.6100751293633957 0.85821961956902515 0.7974760141428493 0.091764186279242446 -0.00022470072996454997 0.49324685262163143
decision_type=2 2 2 2 2 2 2 2 2
left_child=1 4 8 -4 5 -1 -6 -2 -3
right_child=7 2 3 -5 6 -7 -8 -9 -10
leaf_value=0.019084058000301857 -0.0078853209450910587 0.013267144543301246 -0.06961663740185442 -0.016005402806609375 0.00048287689742494347 -0.00086128646719744355 -0.012521198722808068 0.041083931967840409 -0.026025714677535009
leaf_weight=62.67720777541399 4.3613230809569359 9.6954623907804471 4.8902031257748604 5.2501182556152344 479.45062729716301 139.22695348411798 89.08394879847765 6.3225264847278577 4.5811066851019868
leaf_count=284 27 51 24 28 2064 617 386 38 23
internal_value=3.22463e-06 -0.00028026 -0.0169991 -0.0418596 0.000249597 0.00533036 -0.00155474 0.0210939 0.000658738
internal_weight=805.539 794.856 24.4169 10.1403 770.439 201.904 568.535 10.6838 14.2766
internal_count=3542 3477 126 52 3351 901 2450 65 74
is_linear=0
shrinkage=0.04


Tree=104
num_leaves=8
num_cat=0
split_feature=24 24 38 40 33 23 38
split_gain=3.00838 4.36457 9.76227 5.30396 3.91863 10.0711 9.45984
threshold=0.42499999999929167 0.29166666666618063 0.90077035102045089 0.5108560493560409 1.0000000180025095e-35 0.55243924081328621 0.99999999985976895
decision_type=2 2 2 2 2 2 2
left_child=1 4 -3 -4 6 -6 -1
right_child=-2 2 3 -5 5 -7 -8
leaf_value=0.0043662905701381885 0.033417258851060595 -0.064149811902674728 0.025254027497417196 -0.028753877356110444 -0.011492114708393302 0.0022409885114855889 -0.022653755931452368
leaf_weight=391.81365811824799 4.2881829887628546 5.4847826957702663 6.3496885448694211 5.3698917925357819 133.89981080591679 236.07503597438335 21.889776520431042
leaf_count=1713 20 27 29 23 578 1045 107
internal_value=3.15166e-06 -0.000175758 -0.0201052 0.000507697 0.000261761 -0.00272924 0.00293661
internal_weight=805.171 800.883 17.2044 11.7196 783.678 369.975 413.703
internal_count=3542 3522 79 52 3443 1623 1820
is_linear=0
shrinkage=0.04


Tree=105
num_leaves=8
num_cat=0
split_feature=23 32 22 22 32 25 3
split_gain=2.97834 3.01262 5.44974 6.88704 4.65496 10.3444 10.3045
threshold=-0.75855984060644899 0.00063371408424002876 2.8089867902767187 -1.7498998368294125 0.00054302147269305677 0.75000000000000011 0.0045877200831976007
decision_type=2 2 2 2 2 2 2
left_child=-1 4 3 -3 6 -6 -2
right_child=1 2 -4 -5 5 -7 -8
leaf_value=0.032019890451789663 0.000160422744243382 -0.015186579244545405 -0.031638098592324866 0.03062430902934004 -0.012278060377906725 0.0070412205882994577 0.029773788598728684
leaf_weight=4.6220389306545249 549.14530834555626 7.1407363563776078 3.9806481897830954 19.837265111505985 134.5630134344101 66.141655214130878 19.467104598879814
leaf_count=28 2337 35 18 129 606 294 95
internal_value=2.93982e-06 -0.000181976 0.0120522 0.0184987 -0.000674299 -0.00591145 0.00117427
internal_weight=804.898 800.276 30.9586 26.978 769.317 200.705 568.612
internal_count=3542 3514 182 164 3332 900 2432
is_linear=0
shrinkage=0.04


Tree=106
num_leaves=11
num_cat=0
split_feature=37 20 31 37 35 15 24 28 8 29
split_gain=2.95158 4.95883 3.71136 3.39161 12.4071 11.8685 7.30015 6.00535 8.64904 8.53638
threshold=0.35927199456886949 0.0025934493533060006 0.95086761819834187 0.20763382992648069 1.009056480987444 -0.00076982464304244992 0.14166666666643057 0.93572937278134061 -0.0016434693175488497 0.019313558084640321
decision_type=2 2 2 2 2 2 2 2 2 2
left_child=3 -2 -3 7 6 -6 -5 8 -1 -9
right_child=1 2 -4 4 5 -7 -8 9 -10 -11
leaf_value=-0.014702646522544454 -0.049278202911055946 -0.024128438897785705 0.026701057384797135 0.023692876604523176 -0.04660129908935038 0.0032984181391087488 -0.020239698732320729 -0.00034398300279962963 0.0042725919313320402 -0.01545215918150371
leaf_weight=42.789107292890549 5.176014155149459 4.916764557361601 4.3158534914255142 52.924761056900024 10.558736696839331 27.461319476366043 6.8330434858798972 182.84081371873617 377.59919302165508 88.945580884814262
leaf_count=195 23 22 20 237 45 122 30 807 1648 393
internal_value=3.26622e-06 -0.0179379 -0.000367826 0.000330511 0.007304 -0.0105595 0.0186694 -0.000654576 0.0023412 -0.00528833
internal_weight=804.361 14.4086 9.23262 789.953 97.7779 38.0201 59.7578 692.175 420.388 271.786
internal_count=3542 65 42 3477 434 167 267 3043 1843 1200
is_linear=0
shrinkage=0.04


Tree=107
num_leaves=9
num_cat=0
split_feature=1 1 9 38 24 21 22 38
split_gain=2.92323 3.44564 7.43516 6.64169 5.67137 5.09867 4.69537 3.64517
threshold=148.94596996308977 101.29094442810312 0.00061623349659480141 0.8956722408511727 0.29166666666618063 0.0013872420695980002 0.49668495887773212 0.91975375522227842
decision_type=2 2 2 2 2 2 2 2
left_child=1 4 5 -4 6 -3 -1 -6
right_child=-2 2 3 -5 7 -7 -8 -9
leaf_value=-0.0015359927228436 -0.031290957049300433 0.062717549754828544 0.016064348200658551 -0.044623785501728533 -0.057620155602463648 0.016198097094043865 0.0061655414058517568 -0.012589736149975968
leaf_weight=591.04808688908815 4.7476969957351676 4.8850542753934887 6.0264009460806829 5.5356243923306465 4.0390289053320876 16.510833509266376 161.20426557213068 9.9909099936485273
leaf_count=2586 26 23 32 26 21 80 705 43
internal_value=3.2414e-06 0.000189137 0.0128531 -0.0129917 -0.000355543 0.0268193 0.000114411 -0.0255534
internal_weight=803.988 799.24 32.9579 11.562 766.282 21.3959 752.252 14.0299
internal_count=3542 3516 161 58 3355 103 3291 64
is_linear=0
shrinkage=0.04


Tree=108
num_leaves=12
num_cat=0
split_feature=34 8 0 1 1 19 9 23 32 9 36
split_gain=2.90575 7.90872 7.98644 11.4336 6.16061 4.6325 8.26013 8.81566 5.01846 11.3219 7.08297
threshold=0.01706386775059306 0.0007371189300507501 60.514789501083641 8.4445540315864509 37.109286904858898 2.6924762535433047 0.00046451729549483955 1.0418247709086648 0.00054302147269305677 0.00051361821314373885 0.55673055711147112
decision_type=2 2 2 2 2 2 2 2 2 2 2
left_child=1 2 3 -1 -3 8 -7 -8 9 -2 -10
right_child=5 4 -4 -5 -6 6 7 -9 10 -11 -12
leaf_value=-0.0094828008224234015 -0.00090182259925933501 0.046313965271274994 0.020886961625399398 -0.054988472774027283 -0.010315778567203893 0.027258150788912514 -0.056596460716210592 -0.00034084199112006697 -0.013689611859838446 0.011737005768966958 0.001582907663056245
leaf_weight=35.884048104286194 325.61162324249744 6.879964664578436 8.7530854120850545 11.719468250870703 5.5556719750165939 5.2438514083623913 9.3699198514223117 8.500411391258238 75.363249778747559 174.00648591667414 136.74540491402149
leaf_count=156 1385 30 38 51 24 22 40 37 354 764 641
internal_value=3.24127e-06 -0.00785792 -0.0142289 -0.0206858 0.0210144 0.000739165 -0.0168842 -0.0298373 0.0013115 0.00350002 -0.00384349
internal_weight=803.633 68.7922 56.3566 47.6035 12.4356 734.841 23.1142 17.8703 711.727 499.618 212.109
internal_count=3542 299 245 207 54 3243 99 77 3144 2149 995
is_linear=0
shrinkage=0.04


Tree=109
num_leaves=15
num_cat=0
split_feature=23 18 0 1 23 7 23 5 9 3 23 29 9 31
split_gain=2.82881 15.0645 12.4245 17.2712 10.737 28.588 6.7651 12.8413 10.3192 9.74089 5.81591 8.17385 7.66426 4.37433
threshold=-0.30019059011615407 1.0000000180025095e-35 67.929112841587838 29.80374162232329 -0.53521367397540087 0.00012619752756170001 0.11884722511214811 1.0000000180025095e-35 0.0005169667176270898 0.0012595358182371501 0.27644604937635148 0.035819024218363991 0.00048794805416159929 1.006919289218684
decision_type=2 2 2 2 2 2 2 2 2 2 2 2 2 2
left_child=1 2 3 -1 5 -3 7 9 -9 -2 11 -8 -12 -6
right_child=6 4 -4 -5 13 -7 10 8 -10 -11 12 -13 -14 -15
leaf_value=-0.0043739936113902358 0.03570528962808682 -0.070651769695887962 0.051745078427585335 -0.074612653553083122 0.025115278670664314 0.044351268694162213 0.036406989733962732 -0.00019017688575540434 0.053769715902641846 -0.020229327539850257 -0.0064061293347791549 -0.0054676463544248276 0.003385244811729189 0.058743051159825373
leaf_weight=32.171386644244194 5.2894190400838843 5.8420215249061576 4.7773357704281798 6.7821253985166541 13.170530527830126 8.4767055511474592 16.991182610392574 23.409482315182689 7.4831694364547721 85.562677204608917 194.41052059829235 13.293762192130087 373.93410247564316 11.676169469952582
leaf_count=145 22 25 21 28 55 41 75 98 31 367 831 57 1697 49
internal_value=3.21832e-06 0.00700071 -0.00913648 -0.0166031 0.025019 -0.00256982 -0.00080201 -0.00939752 0.0128806 -0.0169728 0.000946081 0.0180259 3.59633e-05 0.0409179
internal_weight=803.271 82.8963 43.7308 38.9535 39.1654 14.3187 720.374 121.745 30.8927 90.8521 598.63 30.2849 568.345 24.8467
internal_count=3542 364 194 173 170 66 3178 518 129 389 2660 132 2528 104
is_linear=0
shrinkage=0.04


Tree=110
num_leaves=13
num_cat=0
split_feature=40 32 8 18 20 13 38 32 23 31 6 24
split_gain=2.87954 5.76754 5.8804 9.91529 6.28343 4.35054 8.21284 7.09011 6.31448 6.31058 5.73176 4.01884
threshold=0.50033590339765233 0.00043041431961626965 -1.4716032305600429e-05 1.0000000180025095e-35 0.0025919472514175502 0.00019566350628130003 0.80594852317273946 0.00044610162277574332 2.4282917539464819 1.2845817753626949 0.00033974826827050001 0.074999999999874958
decision_type=2 2 2 2 2 2 2 2 2 2 2 2
left_child=5 11 3 -3 -4 9 8 -8 -7 10 -1 -2
right_child=1 2 4 -5 -6 6 7 -9 -10 -11 -12 -13
leaf_value=0.0033033766983387412 0.00642055534888943 -0.0054787091081367348 -0.028303656865778033 0.01229430948941293 -0.0060047565470942189 0.02191236651587767 0.052647282169288261 -0.0114246225417303 -0.0065217777927218399 0.049416530016980015 0.033811239484532518 0.051594401372348511
leaf_weight=254.02406924962997 8.5167168825864774 147.36275842040777 24.38318906724453 76.189281888306141 118.37523455172777 29.741939589381218 2.8423005044460288 99.499817579984665 21.550843738019466 5.0982207208871833 10.250988706946371 5.0013752132654181
leaf_count=1132 37 646 104 332 510 134 12 441 101 22 49 22
internal_value=3.54277e-06 -0.00252452 -0.0034714 0.000578554 -0.00981342 0.00227355 -0.00309788 -0.00964518 0.00996566 0.0053371 0.00448675 0.0231338
internal_weight=802.837 379.829 366.31 223.552 142.758 423.008 153.635 102.342 51.2928 269.373 264.275 13.5181
internal_count=3542 1651 1592 978 614 1891 688 453 235 1203 1181 59
is_linear=0
shrinkage=0.04


Tree=111
num_leaves=7
num_cat=0
split_feature=1 8 6 38 30 31
split_gain=2.78084 3.6165 11.1579 4.45971 6.39785 4.10844
threshold=148.94596996308977 0.0027945433611626003 0.00072895343733680009 0.99999999986833732 0.051839202446386172 0.85821961956902515
decision_type=2 2 2 2 2 2
left_child=1 3 -3 5 -5 -1
right_child=-2 2 -4 4 -6 -7
leaf_value=0.0050975220511026665 -0.03057964657535529 0.06557512544380073 -0.013048944404328701 -0.0044291688841438569 -0.054555064558922263 -0.001462417058677715
leaf_weight=210.73229583352804 4.7288581654429427 5.2454738914966565 6.4256622791290283 14.166020557284357 5.7187703698873511 555.23265507817268
leaf_count=966 26 24 30 67 29 2400
internal_value=3.76058e-06 0.000185103 0.0222878 -0.000143158 -0.0188451 0.000342354
internal_weight=802.25 797.521 11.6711 785.85 19.8848 765.965
internal_count=3542 3516 54 3462 96 3366
is_linear=0
shrinkage=0.04


Tree=112
num_leaves=9
num_cat=0
split_feature=28 28 0 26 15 15 8 10
split_gain=2.80896 3.33958 8.77695 7.07327 3.5066 5.03843 3.93195 2.85247
threshold=0.65781112659444696 0.77551878289388132 65.97076603033355 0.014504367115004373 -0.0021047766038997493 -0.0033291342857830497 -0.0022436844492967995 0.00012395084940070004
decision_type=2 2 2 2 2 2 2 2
left_child=7 2 3 -2 5 -3 -6 -1
right_child=1 4 -4 -5 6 -7 -8 -9
leaf_value=0.033250083901633462 0.02118405683373803 0.024060659249929842 -0.060963095898028369 -0.016869833244451227 0.015182801849714782 -0.016766828674612128 0.00034304156993185565 -0.0066936006135289673
leaf_weight=7.950920104980467 11.588721662759779 5.612292803823947 5.0227700769901267 24.00128760933876 29.823137588799 34.976197212934494 678.59303940832615 4.4679708331823349
leaf_count=35 50 28 23 109 137 165 2974 21
internal_value=3.78626e-06 -0.000293085 -0.0114645 -0.00447883 0.000312655 -0.0111215 0.000967771 0.0188795
internal_weight=802.036 789.617 40.6128 35.59 749.005 40.5885 708.416 12.4189
internal_count=3542 3486 182 159 3304 193 3111 56
is_linear=0
shrinkage=0.04


Tree=113
num_leaves=11
num_cat=0
split_feature=32 9 18 1 32 1 34 3 20 16
split_gain=2.7609 4.05164 6.10398 4.35447 4.18662 6.31601 3.84108 3.55179 2.85657 1.44386
threshold=0.00067697001235674534 0.00066066147710193445 1.0000000180025095e-35 4.6100751293633957 0.00061084352607168775 71.418339658754135 0.01706386775059306 0.0040957969154121008 0.0026314337663720004 1.0000000180025095e-35
decision_type=2 2 2 2 2 2 2 2 2 2
left_child=1 4 8 -4 6 -6 -1 -2 -3 -9
right_child=7 2 3 -5 5 -7 -8 9 -10 -11
leaf_value=-0.0096308674395068246 -0.010989987164170864 0.017559607537434858 -0.067913213798508149 -0.01492973734164771 0.023501630936762701 -0.027494301807473264 0.00055289478892539231 0.055264908475313623 -0.01852015542546832 0.018439722998523693
leaf_weight=64.974440485239029 3.744140721857546 7.423588789999485 4.7865730375051498 5.1544169485569 24.000616520643238 4.6366104409098616 673.70935194939375 3.5302673205733299 6.6618406474590302 3.2922557666897774
leaf_count=279 20 40 24 28 129 23 2920 25 34 20
internal_value=3.63492e-06 -0.000267576 -0.0164423 -0.0404412 0.000238888 0.015245 -0.000342866 0.0203148 0.000495333 0.0374947
internal_weight=801.914 791.347 24.0264 9.94099 767.321 28.6372 738.684 10.5667 14.0854 6.82252
internal_count=3542 3477 126 52 3351 152 3199 65 74 45
is_linear=0
shrinkage=0.04


Tree=114
num_leaves=10
num_cat=0
split_feature=37 1 1 1 8 22 26 22 29
split_gain=2.73758 6.49327 3.37337 12.4839 12.271 9.66442 8.46808 8.21441 5.94923
threshold=0.35927199456886949 33.310763884874184 -16.369598920849963 -11.764880803850245 -0.00044228800657589992 -0.93731044618949555 0.014503050038873432 2.9283336605520973 0.029965280493609102
decision_type=2 2 2 2 2 2 2 2 2
left_child=2 -2 4 8 5 -1 -6 -5 -4
right_child=1 -3 3 7 6 -7 -8 -9 -10
leaf_value=-0.010411957961500891 -0.039474557499790737 0.015620377298352727 0.049763112246158078 0.001865596210279055 -0.055614455508212021 0.0055159248341408096 -0.013187672027346086 -0.030849522478276634 0.010926607533383165
leaf_weight=90.549416370689869 8.532168507575987 5.7152889072895041 12.302916407585146 427.56964129209518 9.5741642713546735 186.46393546462059 35.203280419111252 12.643151365220545 12.958233729004858
leaf_count=410 39 26 53 1879 41 831 150 57 56
internal_value=3.67124e-06 -0.0173735 0.000318154 0.00249522 -0.00283099 0.000309459 -0.0222592 0.000926 0.0298411
internal_weight=801.512 14.2475 787.265 465.474 321.791 277.013 44.7774 440.213 25.2612
internal_count=3542 65 3477 2045 1432 1241 191 1936 109
is_linear=0
shrinkage=0.04


Tree=115
num_leaves=8
num_cat=0
split_feature=23 37 2 38 38 31 13
split_gain=2.6968 2.8193 5.14254 3.80637 6.44227 3.13467 2.18362
threshold=-0.75855984060644899 0.35927199456886949 0.47499984541165835 0.54978013020705296 0.61579156401034651 0.81046082451006185 0.00038954484429150007
decision_type=2 2 2 2 2 2 2
left_child=-1 3 -3 5 -5 -2 -4
right_child=1 2 6 4 -6 -7 -8
leaf_value=0.030904415873033129 0.048714401878975543 -0.049011546383215823 0.021363086461751904 -0.028746356214782734 0.00030939012997876461 0.0019081289928613082 -0.018833775219273881
leaf_weight=4.4934775084257117 4.672056242823599 5.3020897805690756 4.2722908332943899 12.408442497253416 761.20961418002844 4.4888228476047516 4.3781604766845703
leaf_count=28 24 24 20 57 3349 20 20
internal_value=3.48419e-06 -0.000170794 -0.0179933 0.00014688 -0.000156649 0.0257794 0.00101868
internal_weight=801.225 796.731 13.9525 782.779 773.618 9.16088 8.65045
internal_count=3542 3514 64 3450 3406 44 40
is_linear=0
shrinkage=0.04


Tree=116
num_leaves=13
num_cat=0
split_feature=32 25 32 25 30 3 37 12 38 23 20 8
split_gain=2.70762 4.33361 4.0688 9.67212 12.4836 9.04409 8.68672 6.47849 4.73388 3.51342 4.85175 2.87647
threshold=0.00063371408424002876 0.25000000000000006 0.00054302147269305677 0.75000000000000011 0.027984385359407279 0.0045877200831976007 0.23429847673978757 0.00019888967392195001 0.98533042393614478 9.6941539580383758 0.0026379902395274502 -0.001969557812967
decision_type=2 2 2 2 2 2 2 2 2 2 2 2
left_child=2 -2 5 6 -5 7 -4 -1 -7 11 -11 -3
right_child=1 9 3 4 -6 8 -8 -9 -10 10 -12 -13
leaf_value=-0.0024263863385162406 0.053428270803954882 -0.0023114660697626872 -0.015509285853995563 -0.02011129183745904 0.018214359392868085 0.039899788157133041 0.014521021812297608 0.0071599169789630032 -0.0057552089123245574 -0.026407858267001601 0.023333164336213203 0.035740855074388365
leaf_weight=392.90054471790791 3.5234373882412937 5.2309009879827526 116.42301950603724 19.118060275912285 47.09708846360445 14.282208159565927 17.763390764594078 158.21703839302063 4.8738344907760611 8.5423592403531057 4.9589087963104257 8.1007524207234347
leaf_count=1685 21 34 525 84 213 70 83 675 25 41 33 53
internal_value=3.45573e-06 0.0117211 -0.000458094 -0.00536094 0.00714873 0.00126483 -0.0115339 0.000325688 0.0282839 0.00624451 -0.00813837 0.0208104
internal_weight=801.032 30.3564 770.675 200.402 66.2151 570.274 134.186 551.118 19.156 26.8329 13.5013 13.3317
internal_count=3542 182 3360 905 297 2455 608 2360 95 161 74 87
is_linear=0
shrinkage=0.04


Tree=117
num_leaves=12
num_cat=0
split_feature=36 34 8 36 3 22 22 14 23 0 26
split_gain=2.66714 6.61339 5.67363 3.8173 7.55187 8.23671 6.59633 6.25227 6.11874 5.92958 3.41527
threshold=0.30742331191759409 0.079351984965735464 -0.00044228800657589992 0.57839485156251835 0.0025701615606695005 2.5217167506067111 0.49668495887773212 -0.00064875052951444989 -1.0000000180025095e-35 38.845364264134069 0.014505207149495635
decision_type=2 2 2 2 2 2 2 2 2 2 2
left_child=1 2 -1 7 6 -6 -5 9 -9 -2 -3
right_child=3 10 -4 4 5 -7 -8 8 -10 -11 -12
leaf_value=0.024303237380381454 -0.024098669775293284 0.049000396589155053 -0.037417504262515958 -0.005926284141998861 0.0084550484874757678 -0.033573535176402824 0.010081398650810036 -0.013718231477702673 0.0026530260700371572 0.0010063551956956992 0.0055994197381144598
leaf_weight=4.1634660065174103 41.419159613549709 7.8592060506343824 5.5722705274820346 214.97752931714058 221.96388974785805 7.7202797308564177 50.948734700679779 46.442394122481346 171.09454602003098 23.647011324763298 4.5983129888772964
leaf_count=20 189 34 24 926 1011 39 220 201 753 105 20
internal_value=3.91515e-06 0.013677 -0.0110228 -0.000386017 0.00172945 0.00704236 -0.00285938 -0.00409599 -0.000842106 -0.0149747 0.0329803
internal_weight=800.407 22.1933 9.73574 778.214 495.61 229.684 265.926 282.603 217.537 65.0662 12.4575
internal_count=3542 98 44 3444 2196 1050 1146 1248 954 294 54
is_linear=0
shrinkage=0.04


Tree=118
num_leaves=9
num_cat=0
split_feature=7 0 24 23 15 1 8 36
split_gain=2.6722 3.34964 5.15136 3.78794 3.70246 5.78116 4.90219 2.48434
threshold=0.0023326425637539504 81.657272764247708 0.14166666666643057 2.8784684664176048 0.0019739627806837005 47.283253999601591 0.0027945433611626003 0.65100287581418759
decision_type=2 2 2 2 2 2 2 2
left_child=1 4 3 -3 6 -6 -1 -4
right_child=-2 2 7 -5 5 -7 -8 -9
leaf_value=6.6252320319866675e-05 -0.02923855365221913 0.022351701945903749 0.048889962640480969 -0.030432626472249345 -0.046840101678791539 -0.0049481762303487655 0.039422739511440381 0.012963694732377129
leaf_weight=735.92512250691652 4.9688541442155829 3.8506991043686885 6.7407502904534322 4.999496765434742 6.6079726740717879 26.046295464038849 5.0988991111516944 5.6703080907464027
leaf_count=3240 26 19 34 24 29 118 23 29
internal_value=3.84103e-06 0.000186624 0.0158497 -0.00746629 -0.00024381 -0.0134255 0.00033706 0.0324761
internal_weight=799.908 794.94 21.2613 8.8502 773.678 32.6543 741.024 12.4111
internal_count=3542 3516 106 43 3410 147 3263 63
is_linear=0
shrinkage=0.04


Tree=119
num_leaves=15
num_cat=0
split_feature=23 24 36 14 38 25 23 8 31 24 20 20 1 6
split_gain=2.66388 15.4393 9.37316 10.8436 7.46562 11.8881 6.27775 20.0388 10.5597 9.96409 6.20245 6.35165 5.11766 2.96043
threshold=-0.30019059011615407 0.074999999999874958 0.68649986988889455 -9.7632303282874281e-05 0.99999999982520194 0.75000000000000011 0.11884722511214811 -0.00036170055905334996 1.0611451026897116 0.17499999999970828 0.0025896212530573007 0.0025890542153332004 -16.909001329186136 -0.00014054122865994999
decision_type=2 2 2 2 2 2 2 2 2 2 2 2 2 2
left_child=1 2 3 -1 5 -3 7 8 -2 -9 11 -8 -12 -4
right_child=6 4 13 -5 -6 -7 10 9 -10 -11 12 -13 -14 -15
leaf_value=-0.012746040785117436 0.035226568619551576 -0.040704249116922199 0.066105573615624191 0.031622725422246561 0.018238460554202952 0.027579631347440094 -0.0059372562210686817 -0.023869400921473449 -0.016022297819436052 0.013384547933563909 -0.0026208004319282986 -0.049495325904223703 0.0050561405877389311 0.030383530600807344
leaf_weight=17.603580862283707 20.68307784199715 18.901708580553535 7.0581629425287247 17.649720124900341 8.1895259320735914 5.2021187096834174 19.629587009549144 77.945037335157394 9.3367056250572187 13.472710087895392 241.28355537354946 7.3664551973342887 327.54154389351606 7.829592749476431
leaf_count=79 87 84 30 79 35 23 85 332 41 58 1086 31 1458 34
internal_value=3.87663e-06 0.00681376 0.0207062 0.00946738 -0.0147567 -0.0259671 -0.000778781 -0.00906785 0.0192872 -0.0183791 0.000910658 -0.017823 0.00179974 0.0473191
internal_weight=799.693 82.4344 50.1411 35.2533 32.2934 24.1038 717.259 121.438 30.0198 91.4177 595.821 26.996 568.825 14.8878
internal_count=3542 364 222 158 142 107 3178 518 128 390 2660 116 2544 64
is_linear=0
shrinkage=0.04


Tree=120
num_leaves=15
num_cat=0
split_feature=40 36 3 27 31 35 24 13 38 27 14 14 36 39
split_gain=2.64514 5.76727 6.76406 7.52487 7.18046 6.46653 7.78639 4.06047 7.51346 7.6561 6.13767 6.12903 8.48942 6.06032
threshold=0.50033590339765233 0.79322416823398811 0.0013141020768078502 0.20794906412009892 1.121987105824896 0.91938952604730073 0.058333333333236058 0.00019566350628130003 0.80594852317273946 0.3840082541212857 0.00035140400749295004 -0.00043658339274219997 0.62566048292996024 0.030297050140124248
decision_type=2 2 2 2 2 2 2 2 2 2 2 2 2 2
left_child=7 2 4 -4 -2 -3 -7 11 10 -10 -9 12 -1 -13
right_child=1 5 3 -5 -6 6 -8 8 9 -11 -12 13 -14 -15
leaf_value=-0.012846441189657748 -0.034446005987137929 -0.039674761384195581 0.0032582779652563449 -0.014508385235225555 0.021797472216145079 0.026013568225340126 -0.020006793819068606 -0.0095451865380242525 -0.014558747749408369 0.013405770949113034 0.019658955886658759 0.0152860924381616 0.0084089561357308332 -0.0035213086356064866
leaf_weight=56.446709543466568 16.941182121634487 13.197450734674929 271.83416992425919 44.367775388062 4.6229064017534247 8.5688183158636111 18.763197883963585 17.61298243701458 82.816887147724628 19.318312771618366 33.252605818212032 110.78783885389566 64.327081084251404 36.426322374492884
leaf_count=252 77 60 1158 215 21 38 82 80 363 90 155 499 288 164
internal_value=3.77166e-06 -0.0024237 -0.000712866 0.000765354 -0.0223885 -0.0166815 -0.00557902 0.00218507 -0.00301398 -0.00926941 0.00954658 0.00515333 -0.0015253 0.0106324
internal_weight=799.284 378.296 337.766 316.202 21.5641 40.5295 27.332 420.989 153.001 102.135 50.8656 267.988 120.774 147.214
internal_count=3542 1651 1471 1373 98 180 120 1891 688 453 235 1203 540 663
is_linear=0
shrinkage=0.04


Tree=121
num_leaves=7
num_cat=0
split_feature=1 8 6 38 25 32
split_gain=2.60379 3.11504 10.1235 3.96283 6.93026 3.71501
threshold=148.94596996308977 0.0027945433611626003 0.00072895343733680009 0.99999999986833732 0.25000000000000006 0.00062407002172888183
decision_type=2 2 2 2 2 2
left_child=1 3 -3 5 -5 -1
right_child=-2 2 -4 4 -6 -7
leaf_value=-0.00023242016379943216 -0.029940006634970734 0.063056887929559324 -0.012640777541139526 0.025403312174772489 -0.030879873039008087 0.014140957569413229
leaf_weight=732.7701221704483 4.6195038668811312 5.073898032307623 6.3825768828392029 4.5548304617404964 15.119893893599508 29.947377182543278
leaf_count=3192 26 24 30 21 75 174
internal_value=3.6782e-06 0.000177924 0.0208846 -0.000125281 -0.0178499 0.000331937
internal_weight=798.468 793.849 11.4565 782.392 19.6747 762.717
internal_count=3542 3516 54 3462 96 3366
is_linear=0
shrinkage=0.04


Tree=122
num_leaves=7
num_cat=0
split_feature=28 30 23 2 13 10
split_gain=2.54717 5.56064 4.02022 3.25957 3.66372 2.72004
threshold=0.65781112659444696 0.18107214317148809 2.9980631955495305 -0.17335875486521907 -5.4777460093963173e-05 0.00012395084940070004
decision_type=2 2 2 2 2 2
left_child=5 3 -3 -2 -5 -1
right_child=1 2 -4 4 -6 -7
leaf_value=0.032127899325018389 -0.029275693439696437 -0.046897601843970502 0.0016859208490285231 0.0032947705673700991 -0.0022393393827285345 -0.0070066483682549507
leaf_weight=7.8940565809607488 5.9848337322473517 6.9860024079680425 4.4681145399808884 360.79197896271944 407.67687007412314 4.4399515464901924
leaf_count=35 27 32 21 1605 1801 21
internal_value=3.76599e-06 -0.0002793 -0.0279457 0.000129885 0.000358895 0.0180404
internal_weight=798.242 785.908 11.4541 774.454 768.469 12.334
internal_count=3542 3486 53 3433 3406 56
is_linear=0
shrinkage=0.04


Tree=123
num_leaves=8
num_cat=0
split_feature=24 24 39 3 8 22 1
split_gain=2.54778 3.66416 6.831 6.3969 3.4054 8.85184 7.93498
threshold=0.42499999999929167 0.29166666666618063 0.049639277003458056 0.0034575825865748506 -0.00040560044457069996 -0.95811756168640871 -16.369598920849963
decision_type=2 2 2 2 2 2 2
left_child=1 4 3 -3 5 -1 -6
right_child=-2 2 -4 -5 6 -7 -8
leaf_value=-0.0060591616544383503 0.03121021928574633 -0.03639751514493527 -0.057281632241725479 0.023969591900194265 -0.018948876868404289 0.0080702520866452118 -0.00034283341196615278
leaf_weight=105.99443697929382 4.1640417128801337 4.8812358975410479 5.1009550243616095 6.6144551634788513 40.213727064430714 214.52321272343397 416.63763450458646
leaf_count=477 20 23 25 31 172 953 1841
internal_value=3.54237e-06 -0.000160125 -0.0187574 -0.00166315 0.000236923 0.00339769 -0.00198061
internal_weight=798.13 793.966 16.5966 11.4957 777.369 320.518 456.851
internal_count=3542 3522 79 54 3443 1430 2013
is_linear=0
shrinkage=0.04


Tree=124
num_leaves=9
num_cat=0
split_feature=37 40 38 38 34 35 40 40
split_gain=2.49389 4.58583 3.40096 6.18896 3.98246 3.47121 2.47865 2.28253
threshold=0.35927199456886949 0.47181759789394784 0.54978013020705296 0.61579156401034651 0.10778909794136468 1.1926152398418493 0.49559459612725737 0.50571778335287376
decision_type=2 2 2 2 2 2 2 2
left_child=2 -2 6 4 -4 -5 -1 -3
right_child=1 7 3 5 -6 -7 -8 -9
leaf_value=0.0463095100112512 -0.046075134499162181 0.021101465681136453 -0.059462438409902452 0.0014036328382597116 -0.011646005791704129 -0.007356607857909734 0.0043848972095519891 -0.019788152154187028
leaf_weight=4.3782140463590604 5.2971409857273093 4.4631936252117139 4.242992475628852 681.49947623163462 8.1206909641623479 80.970365069806576 4.6554951816797256 4.2779013514518738
leaf_count=23 23 20 19 3018 38 358 21 22
internal_value=3.33877e-06 -0.0167071 0.000302605 1.81142e-05 -0.0280557 0.00047334 0.0247038 0.00109004
internal_weight=797.905 14.0382 783.867 774.834 12.3637 762.47 9.03371 8.74109
internal_count=3542 65 3477 3433 57 3376 44 42
is_linear=0
shrinkage=0.04


Tree=125
num_leaves=11
num_cat=0
split_feature=40 15 18 8 8 31 31 29 28 31
split_gain=2.49435 5.32594 6.50834 12.3624 8.05537 3.73157 6.07848 8.64076 4.95767 3.57052
threshold=0.49932953886379855 0.0020650412933124005 1.0000000180025095e-35 0.0019089198774774501 -2.6256116384985424e-05 1.2981694280564906 1.1739048812097974 0.016787456247927282 0.96498360717797738 0.93037438958264229
decision_type=2 2 2 2 2 2 2 2 2 2
left_child=5 2 3 -2 -4 6 8 -8 -1 -3
right_child=1 9 4 -5 -6 -7 7 -9 -10 -11
leaf_value=0.004496407289912188 -0.0072151629546540674 -0.044146433460712231 0.013925672867215631 0.048349288450704596 -0.0045769817934948878 0.032262792206540471 0.01758887225984055 -0.047837789057219471 -0.0086759930539337376 -0.00098945828085716665
leaf_weight=329.63719989359379 224.0935065895319 7.9484938979148847 78.556939251720905 6.5951855033636084 72.293474972248077 6.5064327567815772 5.059635490179061 8.9298835694789869 53.07700078189373 4.9946412891149521
leaf_count=1497 983 37 344 29 306 29 22 37 236 22
internal_value=3.31523e-06 -0.00225806 -0.00140202 -0.00562662 0.00505847 0.00221574 0.00172294 -0.0241747 0.00266958 -0.0274925
internal_weight=797.692 394.482 381.539 230.689 150.85 403.21 396.704 13.9895 382.714 12.9431
internal_count=3542 1721 1662 1012 650 1821 1792 59 1733 59
is_linear=0
shrinkage=0.04


Tree=126
num_leaves=12
num_cat=0
split_feature=36 34 36 30 32 3 20 22 0 6 20
split_gain=2.49603 6.1465 3.37859 7.1797 10.2165 6.89135 7.92179 6.04234 5.96548 3.28211 2.05131
threshold=0.30742331191759409 0.044417742161406926 0.57839485156251835 0.088467899412147999 0.00048481219790678112 0.0025701615606695005 0.0025909548845059502 0.49668495887773212 36.414429696794052 -0.00014054122865994999 0.0025974422810552005
decision_type=2 2 2 2 2 2 2 2 2 2 2
left_child=1 -1 3 8 -5 7 -7 -4 -2 -3 -11
right_child=2 9 5 4 -6 6 -8 -9 -10 10 -12
leaf_value=-0.019631944695624907 -0.011633258598339215 0.050833238747764672 -0.0057055067788923542 0.025506555450207854 -0.028056268032140667 0.053079498813076234 0.0055161436357247838 0.0096499095913251329 0.0025995856480613023 0.029820732459877652 -0.0067837844298879995
leaf_weight=6.4301189184188869 64.378700621426105 5.7568323910236368 214.30577435344458 6.8196362406015387 34.630620457231998 5.7473339736461631 222.65000738948584 50.702240772545338 175.73256538808346 5.2722032517194712 4.5752188563346863
leaf_count=30 293 25 926 29 153 26 1024 220 773 23 20
internal_value=3.27179e-06 0.0132786 -0.000374182 -0.00387043 -0.0192438 0.00162095 0.00671302 -0.00276766 -0.00121653 0.0268403 0.0128139
internal_weight=797.001 22.0344 774.967 281.562 41.4503 493.405 228.397 265.008 240.111 15.6043 9.84742
internal_count=3542 98 3444 1248 182 2196 1050 1146 1066 68 43
is_linear=0
shrinkage=0.04


Tree=127
num_leaves=15
num_cat=0
split_feature=33 38 31 38 23 31 29 31 26 14 32 1 40 22
split_gain=2.47979 7.55691 10.3625 9.3764 9.18782 7.30834 6.69701 10.6402 15.299 8.98033 7.11931 8.30479 5.02809 1.024
threshold=1.0000000180025095e-35 0.99999999985976895 0.86052322331700604 0.99999999985413568 -0.22501584795028212 1.0170563210214747 0.051525636218121652 0.89921033868061595 0.014507872907445962 -0.00058938896871464988 0.00063037170224548758 -88.146526003445601 0.49878950044950937 0.2374080807657081
decision_type=2 2 2 2 2 2 2 2 2 2 2 2 2 2
left_child=1 2 4 -4 -1 12 10 8 -8 -9 11 -2 -3 -12
right_child=6 5 3 -5 -6 -7 7 9 -10 -11 13 -13 -14 -15
leaf_value=0.0576725862779238 -0.069140952156751645 -0.017330221880656034 -0.0018769882280305966 0.044879020397704014 0.010651883169124124 0.018249785101659258 -0.043578189358543594 0.044936952302328852 0.0017317182363596161 -0.0052864368438568909 0.052833542342787365 0.00025833623379898924 -0.062450685915029051 0.023633111085429055
leaf_weight=7.0869114249944678 2.786592222750186 11.302794858813291 274.36134298890829 7.0385339111089698 107.59594842046499 5.9524496644735327 28.26834911108017 6.8792688697576514 20.620960719883442 33.128784976899624 3.9362773820757857 277.78823083639145 6.0758289247751227 3.754067562520504
leaf_count=30 15 56 1185 30 507 26 124 29 97 143 23 1224 32 21
internal_value=3.3268e-06 0.00211972 0.00342284 -0.0007075 0.0135576 -0.0200029 -0.00235016 -0.0119483 -0.024467 0.00334933 0.000609796 -0.000430918 -0.033105 0.0385793
internal_weight=796.576 419.414 396.083 281.4 114.683 23.3311 377.163 88.8974 48.8893 40.0081 288.265 280.575 17.3786 7.69034
internal_count=3542 1866 1752 1215 537 114 1676 393 221 172 1283 1239 88 44
is_linear=0
shrinkage=0.04


Tree=128
num_leaves=14
num_cat=0
split_feature=10 32 3 2 35 31 2 10 37 37 1 40 40
split_gain=2.45575 8.31949 11.4978 7.5684 7.96538 6.90819 5.37873 4.68282 4.36528 4.75418 4.10514 3.90029 4.38272
threshold=0.00020159491131725002 0.0005371341960427958 0.0017742501869580502 0.99955657180508284 1.0836856899277814 0.77412126582240681 0.21329253797406453 0.00016614181269485002 0.35927199456886949 0.20297333814038301 25.429982751600622 0.52219023174464996 0.46795028227435126
decision_type=2 2 2 2 2 2 2 2 2 2 2 2 2
left_child=7 3 -3 5 -5 -2 -4 8 9 -1 -10 12 -9
right_child=1 2 6 4 -6 -7 -8 11 10 -11 -12 -13 -14
leaf_value=-0.0015508413856029581 0.058734524798397268 -0.068290313329374006 0.025141747091584343 0.0066342333760276454 -0.036785736291488826 0.011367654427452729 -0.0077839578467005675 0.012347300007166367 -0.051445749204777326 0.0095262071334365536 0.0012302076893571936 0.013168033961280107 -0.032389672655698691
leaf_weight=463.45020635798573 5.1462728530168524 4.6613572388887397 9.1713120341300947 18.361630111932758 10.698934793472288 115.33707173168659 59.048564337193966 4.2896224558353486 5.1788350194692594 71.566856056451797 4.3599997013807297 5.5256828665733329 19.124315232038498
leaf_count=2063 24 22 44 78 46 494 275 20 25 325 20 24 82
internal_value=3.14561e-06 0.00357086 -0.0075105 0.00897143 -0.00935126 0.0133909 -0.00335751 -0.00138056 -0.000547313 -6.91138e-05 -0.0273687 -0.0170597 -0.0241935
internal_weight=795.921 222.425 72.8812 149.544 29.0606 120.483 68.2199 573.496 544.556 535.017 9.53883 28.9396 23.4139
internal_count=3542 983 341 642 124 518 319 2559 2433 2388 45 126 102
is_linear=0
shrinkage=0.04


Tree=129
num_leaves=11
num_cat=0
split_feature=32 9 18 39 34 39 8 3 8 0
split_gain=2.37167 3.81034 5.53128 4.10558 9.29616 4.32381 4.02804 3.25255 2.65751 1.43279
threshold=0.00067697001235674534 0.00066066147710193445 1.0000000180025095e-35 0.2655755394068518 0.070646047061215925 0.091764186279242446 0.00026471056983965005 0.0040957969154121008 -0.0022853935749996995 35.196321397207036
decision_type=2 2 2 2 2 2 2 2 2 2
left_child=1 3 8 5 -5 -1 -4 -2 -3 -9
right_child=7 2 6 4 -6 -7 -8 9 -10 -11
leaf_value=0.00095677426268296346 -0.011217847028186125 0.02979872145590937 -0.064114379946329236 0.05196572340410912 0.0016466867017554327 -0.0075447723438167242 -0.012337744245443701 0.016881147782232403 -0.010261006737217653 0.054139390713907012
leaf_weight=617.79230085760355 3.6448735445737821 3.5726332813501367 5.0341930463910103 7.8988936245441463 22.918980173766613 113.26609788089991 4.6014892980456352 3.2437684237957001 10.255249656736849 3.364109180867672
leaf_count=2713 20 21 26 34 103 501 26 20 53 25
internal_value=3.05336e-06 -0.000246482 -0.0161231 0.000242471 0.0145439 -0.000360408 -0.0393886 0.019117 8.90026e-05 0.0358495
internal_weight=795.593 785.34 23.4636 761.876 30.8179 731.058 9.63568 10.2528 13.8279 6.60788
internal_count=3542 3477 126 3351 137 3214 52 65 74 45
is_linear=0
shrinkage=0.04


Tree=130
num_leaves=9
num_cat=0
split_feature=15 31 32 33 31 22 33 27
split_gain=2.39411 2.70431 10.1594 9.41494 6.93664 9.02639 8.2455 3.32498
threshold=0.0031812438673385003 0.85821961956902515 0.0004739108087943418 0.31578947368421056 0.89921033868061595 2.5793858723604877 0.2105263157894737 0.040442377830078265
decision_type=2 2 2 2 2 2 2 2
left_child=1 2 7 -4 6 -6 -3 -1
right_child=-2 4 3 -5 5 -7 -8 -9
leaf_value=0.061940162661623631 -0.028846275048588877 -0.015506546855652992 0.0039310100551495052 -0.035199819050533189 2.564788197070709e-05 0.037497700268754507 0.011987375174703215 0.013903383647043291
leaf_weight=6.0774932652711851 4.5760143771767607 90.621134907007217 206.02490428462625 10.331150844693182 441.90060506016016 10.530447669327257 21.615700468420982 3.7146068885922432
leaf_count=26 26 393 960 47 1923 47 97 23
internal_value=3.03361e-06 0.000169969 0.00386613 0.00206249 -0.00131033 0.000897819 -0.0102115 0.0437175
internal_weight=795.392 790.816 226.148 216.356 564.668 452.431 112.237 9.7921
internal_count=3542 3516 1056 1007 2460 1970 490 49
is_linear=0
shrinkage=0.04


Tree=131
num_leaves=8
num_cat=0
split_feature=28 30 22 10 35 35 31
split_gain=2.33134 4.90241 4.32871 3.00116 9.88068 5.8398 2.69395
threshold=0.65781112659444696 0.18107214317148809 0.21885849133573732 0.00025287926948665008 0.87760057214446308 1.1581676209500722 0.98247746993711516
decision_type=2 2 2 2 2 2 2
left_child=6 3 -3 5 -5 -2 -1
right_child=1 2 -4 4 -6 -7 -8
leaf_value=0.03715567807862373 0.00035260203785793671 -0.048443280821106022 0.0015655044618344211 -0.011553406931302928 0.010071500945247917 -0.01104483425040291 -0.00034752595872785552
leaf_weight=5.7827295213937742 508.04326383024454 6.3083276748657209 4.936608612537384 45.144317284226418 134.60679306089878 83.792247891426086 6.5198099911212921
leaf_count=27 2261 30 23 204 591 377 29
internal_value=3.16299e-06 -0.00026836 -0.0264891 0.000113775 0.00464043 -0.00126105 0.0172806
internal_weight=795.134 782.832 11.2449 771.587 179.751 591.836 12.3025
internal_count=3542 3486 53 3433 795 2638 56
is_linear=0
shrinkage=0.04


Tree=132
num_leaves=12
num_cat=0
split_feature=36 34 8 20 36 24 26 3 30 25 1
split_gain=2.31056 5.72797 4.98181 3.16763 3.1337 6.43694 13.4503 7.05484 6.34665 9.90864 6.08177
threshold=0.30742331191759409 0.079351984965735464 -0.00044228800657589992 0.0025975835187858004 0.57839485156251835 1.0000000180025095e-35 0.014505963789255902 0.0025701615606695005 0.088467899412147999 0.75000000000000011 -16.909001329186136
decision_type=2 2 2 2 2 2 2 2 2 2 2
left_child=1 2 -1 -3 8 6 -6 -7 10 -10 -2
right_child=4 3 -4 -5 5 7 -8 -9 9 -11 -12
leaf_value=0.022978397533731442 -0.0087167345478623946 0.048907644443162888 -0.035171914199002202 0.008061044198891712 -0.053120325255303191 -0.0018574828032939231 0.0072180475674119247 0.0080115266262888781 -0.034961522983990079 0.0046969411895581535 0.0041932285939208095
leaf_weight=4.1179037839174271 100.73805476725101 6.8782211095094663 5.5131779611110705 5.4403443783521652 10.323733657598497 256.38971873372793 13.829179078340529 211.49335604906082 23.863871313631535 17.45152635872364 138.8696016818285
leaf_count=20 453 30 24 24 44 1111 65 976 105 77 613
internal_value=3.00363e-06 0.0128005 -0.0103089 0.0308682 -0.000360405 0.00156404 -0.0185725 0.00260352 -0.00373107 -0.0182099 -0.0012345
internal_weight=794.909 21.9496 9.63108 12.3186 772.959 492.036 24.1529 467.883 280.923 41.3154 239.608
internal_count=3542 98 44 54 3444 2196 109 2087 1248 182 1066
is_linear=0
shrinkage=0.04


Tree=133
num_leaves=15
num_cat=0
split_feature=28 8 0 9 0 29 3 28 28 13 37 40 8 0
split_gain=2.31486 9.51544 14.7821 8.33961 7.60243 7.02934 15.23 8.67407 10.3307 7.77945 7.73619 7.15193 3.88789 3.80144
threshold=0.96604361155981433 -0.0019451146103849997 67.429076527407474 0.00047568977152534633 39.856857294327938 0.019313558084640321 0.0019506349984125002 0.93572937278134061 0.93238361742259002 0.00032933572101605002 0.075879176348901747 0.48278618781889598 -0.0033795050473497497 35.788829913437375
decision_type=2 2 2 2 2 2 2 2 2 2 2 2 2 2
left_child=5 12 4 -4 -3 6 10 8 -7 -9 -1 -8 -2 -14
right_child=1 2 3 -5 -6 7 11 9 -10 -11 -12 -13 13 -15
leaf_value=-0.023618657085976824 -0.01500213632972738 -0.039666872203063107 0.061302269329932851 0.0038016069242023391 -0.011274002436652938 0.00012805460169513765 0.030587696911102268 -0.0047761044806085727 0.033743511680768584 -0.029742885151646272 0.023274463325174417 0.0085235229219380402 0.038524053267946584 0.0038637379677259292
leaf_weight=27.065971955657005 5.0697281658649471 21.125379905104637 5.4196370542049435 15.804334685206411 52.803746566176414 426.97100529819727 38.479985188692808 70.385759465396404 15.146504431962965 27.877160847187042 7.1070336401462546 60.401652872562408 12.131622970104219 8.6892831921577436
leaf_count=117 26 98 24 71 232 1880 192 314 71 125 31 266 55 40
internal_value=2.97132e-06 -0.00508984 -0.0109399 0.0184847 -0.0193873 0.000918358 0.00915413 -0.00110949 0.00127969 -0.0118592 -0.0138662 0.0171098 0.0164104 0.0240591
internal_weight=794.479 121.044 95.1531 21.224 73.9291 673.435 133.055 540.38 442.118 98.2629 34.173 98.8816 25.8906 20.8209
internal_count=3542 546 425 95 330 2996 606 2390 1951 439 148 458 121 95
is_linear=0
shrinkage=0.04


Tree=134
num_leaves=15
num_cat=0
split_feature=33 38 14 8 38 19 23 32 8 9 1 2 40 9
split_gain=2.3648 7.08297 8.18262 13.4729 9.19766 7.00868 6.21559 13.6122 11.2092 9.69193 8.96425 13.4791 11.5548 5.53351
threshold=1.0000000180025095e-35 0.99999999985976895 -0.00044296258936819995 -0.00039675037079104996 0.99999999979908416 -1.5103002472586213 0.95912134566792717 0.00054225700104332697 0.0012136248737088502 0.00044650558610525697 -25.542635695441273 0.57485284806402603 0.49898167880201577 0.00046704106086230805
decision_type=2 2 2 2 2 2 2 2 2 2 2 2 2 2
left_child=1 2 3 -1 -4 -3 7 9 -9 -2 12 -12 -8 -7
right_child=6 5 4 -5 -6 13 10 8 -10 -11 11 -13 -14 -15
leaf_value=0.0023291078755797705 0.026696181575196324 0.033277766521639919 0.0029970055585985607 -0.026396327190745961 0.020327507563621321 -0.068744088274743265 -0.038502901090213218 -0.048214637543006908 0.0014123394571805134 -0.0064484848487455452 0.022253031231665603 -0.0015692005645074898 0.008534766351294007 -0.017427694827151726
leaf_weight=122.22920720279217 16.063819617033005 3.4356946498155621 170.52915295213461 33.225885130465031 68.751923568546772 4.3016373515129116 18.023048907518387 21.411841087043285 11.03513231128454 116.39669501781464 55.148643217980862 122.23553885146976 15.578207254409788 15.392944764345883
leaf_count=551 70 17 756 144 301 19 79 95 52 505 247 555 73 78
internal_value=3.20363e-06 0.00207395 0.00333457 -0.00381047 0.00797653 -0.0194396 -0.00229876 -0.00811678 -0.0313366 -0.00242895 0.00224863 0.00583712 -0.0166953 -0.0286361
internal_weight=793.759 417.866 394.736 155.455 239.281 23.1303 375.893 164.907 32.447 132.461 210.985 177.384 33.6013 19.6946
internal_count=3542 1866 1752 695 1057 114 1676 722 147 575 954 802 152 97
is_linear=0
shrinkage=0.04


Tree=135
num_leaves=10
num_cat=0
split_feature=40 32 32 23 23 31 31 13 23
split_gain=2.3749 5.18617 5.5311 5.77858 3.63117 3.5745 3.39653 3.23333 2.90236
threshold=0.50033590339765233 0.00043041431961626965 0.00043993388609573091 8.2276295202599314 -0.75855984060644899 0.6483494359527493 1.0833412890737695 0.00019566350628130003 2.2316338198778638
decision_type=2 2 2 2 2 2 2 2 2
left_child=4 6 8 -4 -1 -6 -2 -7 -3
right_child=1 2 3 -5 5 7 -8 -9 -10
leaf_value=0.040224243176951051 0.036680418364777749 -0.049509263801789508 -0.00047348402423755688 -0.016999662404243682 0.037533502795707968 0.0040211987619274605 -0.0060269448235635717 -0.0033594985189843198 -0.011035887719588808
leaf_weight=3.9546645730733863 8.8002397865056974 5.9612145125865919 311.55072768777609 37.979789935052395 4.4097460173070422 260.17033717781305 4.5047437101602545 149.56016905605793 6.6226118355989456
leaf_count=26 38 27 1347 189 39 1158 21 668 29
internal_value=3.28043e-06 -0.00230604 -0.00320722 -0.00226921 0.00207689 0.00171261 0.0222207 0.00132709 -0.0292615
internal_weight=793.514 375.419 362.114 349.531 418.095 414.14 13.305 409.731 12.5838
internal_count=3542 1651 1592 1536 1891 1865 59 1826 56
is_linear=0
shrinkage=0.04


Tree=136
num_leaves=7
num_cat=0
split_feature=1 8 6 38 25 32
split_gain=2.26624 2.91949 9.21742 3.36236 6.26005 3.21226
threshold=148.94596996308977 0.0027945433611626003 0.00072895343733680009 0.99999999986833732 0.25000000000000006 0.00062407002172888183
decision_type=2 2 2 2 2 2
left_child=1 3 -3 5 -5 -1
right_child=-2 2 -4 4 -6 -7
leaf_value=-0.0002294704386906709 -0.02827692263772728 0.061329449447611782 -0.011628613696338457 0.024768815482773154 -0.029033406234730528 0.013267313813080167
leaf_weight=728.3056166395545 4.5080254487693301 4.9382458627223951 6.3121730387210846 4.5045872181654003 14.923763472586868 29.351388461887836
leaf_count=3192 26 24 30 21 75 174
internal_value=3.22897e-06 0.000164946 0.0203955 -0.000127946 -0.016559 0.000293391
internal_weight=792.844 788.336 11.2504 777.085 19.4284 757.657
internal_count=3542 3516 54 3462 96 3366
is_linear=0
shrinkage=0.04


Tree=137
num_leaves=8
num_cat=0
split_feature=28 30 23 38 2 13 24
split_gain=2.2098 5.94819 5.22176 4.10586 3.01824 2.94609 1.09115
threshold=0.67617062445752096 0.18107214317148809 2.9369111936097223 0.82481939787943859 -0.17335875486521907 -5.4777460093963173e-05 0.074999999999874958
decision_type=2 2 2 2 2 2 2
left_child=2 4 3 -1 -2 -6 -3
right_child=1 6 -4 -5 5 -7 -8
leaf_value=0.020636084214805069 -0.028327954704856939 -0.048180406690878634 0.049217854105712659 -0.029948535174555417 0.0029429140211606063 -0.0020388101789624831 -0.01974146360594773
leaf_weight=6.0405113995075208 5.9388211891055098 4.1169178783893567 4.8776394724845877 4.4651604741811752 357.84359005838633 404.78850284218788 4.5380599498748779
leaf_count=27 27 20 22 21 1604 1799 22
internal_value=3.32201e-06 -0.000293816 0.0150159 -0.000863582 7.75222e-05 0.000298723 -0.033269
internal_weight=792.609 777.226 15.3833 10.5057 768.571 762.632 8.65498
internal_count=3542 3472 70 48 3430 3403 42
is_linear=0
shrinkage=0.04


Tree=138
num_leaves=9
num_cat=0
split_feature=15 40 32 3 14 37 35 24
split_gain=2.19709 2.38275 4.7194 4.3534 3.87255 4.89204 4.36433 3.6644
threshold=0.0031812438673385003 0.49932953886379855 0.00043041431961626965 0.0012974999550224001 0.0017353790610998502 0.059668314310213307 1.2684402707339968 0.074999999999874958
decision_type=2 2 2 2 2 2 2 2
left_child=1 4 7 -4 6 -6 -1 -3
right_child=-2 2 3 -5 5 -7 -8 -9
leaf_value=0.0028819542412713227 -0.02780169609846727 0.0056867172163810008 -0.020708015563313205 -0.0018554705693546122 -0.0036790294976307737 0.046940082571553327 -0.012972264664256192 0.048852405697984692
leaf_weight=354.16871261224151 4.5210713893175116 8.8970840871334058 20.737119764089584 356.72437845170498 5.5107697546482068 6.8543799370527267 30.145585976541042 4.8684541434049597
leaf_count=1605 26 39 95 1561 27 34 133 22
internal_value=3.19731e-06 0.000162744 -0.00205222 -0.0028912 0.00234727 0.0243807 0.00163835 0.0209531
internal_weight=792.428 787.906 391.227 377.461 396.679 12.3651 384.314 13.7655
internal_count=3542 3516 1717 1656 1799 61 1738 61
is_linear=0
shrinkage=0.04


Tree=139
num_leaves=15
num_cat=0
split_feature=33 7 0 38 31 31 29 31 26 14 32 1 33 22
split_gain=2.22177 6.40813 6.55802 6.40855 8.37643 7.43459 5.70784 9.19224 14.0704 8.09511 6.64449 7.5488 4.03363 0.970519
threshold=1.0000000180025095e-35 0.00082005361893630016 66.314621658420805 0.99999999985976895 0.82383538840408466 1.0170563210214747 0.051525636218121652 0.89921033868061595 0.014507872907445962 -0.00058938896871464988 0.00063037170224548758 -88.146526003445601 -0.10526315789473688 0.2374080807657081
decision_type=2 2 2 2 2 2 2 2 2 2 2 2 2 2
left_child=1 3 -3 4 -1 -5 10 8 -8 -9 11 -2 -4 -12
right_child=6 2 12 5 -6 -7 7 9 -10 -11 13 -13 -14 -15
leaf_value=0.014704219573392407 -0.066777434121985502 0.049365345315402154 -0.02657568008899746 -0.033717270992548072 -0.00072202786970515271 0.018553751642422241 -0.041234690741179122 0.042834652283636913 0.0023557969450925843 -0.0050692604974852517 0.051738084799119032 0.00016158934828820932 0.022225441873043549 0.02297781639989941
leaf_weight=69.085907317698002 2.7220339849591246 9.0100294947624224 4.3503790497779846 16.473017755895857 304.77305985987186 5.9176401346921912 28.017617404460907 6.8117819130420676 20.52930174767971 32.927993848919868 3.8273787647485724 276.5106218457222 7.186532646417616 3.6846089214086533
leaf_count=332 15 41 21 85 1328 26 124 29 97 143 23 1224 33 21
internal_value=3.26179e-06 0.00201312 0.0237939 0.000883708 0.00212861 -0.0199025 -0.00223042 -0.0111237 -0.0228013 0.00314193 0.000507756 -0.00049095 0.00382334 0.0376313
internal_weight=791.828 416.797 20.5469 396.25 373.859 22.3907 375.031 88.2867 48.5469 39.7398 286.745 279.233 11.5369 7.51199
internal_count=3542 1866 95 1771 1660 111 1676 393 221 172 1283 1239 54 44
is_linear=0
shrinkage=0.04


Tree=140
num_leaves=8
num_cat=0
split_feature=26 20 9 31 0 23 7
split_gain=2.18726 2.6192 10.1726 6.94341 6.78786 9.38272 7.95322
threshold=0.014501850875429196 0.0025957812174228004 0.00043420300688686708 0.85821961956902515 48.734938899798813 -0.5017488986847557 0.00020530414814330002
decision_type=2 2 2 2 2 2 2
left_child=-1 4 -3 -4 5 -2 -6
right_child=1 2 3 -5 6 -7 -8
leaf_value=-0.023175840170260288 -0.05330766429540712 -0.057162463471694257 0.0045644918309246931 -0.0049728924116884451 0.022306501217257493 -0.00082755391023752378 0.0024304208585482464
leaf_weight=6.4605081081390372 5.684263974428176 5.2033388912677756 211.46878507360816 289.10525290668011 49.976565003395081 132.70542504638433 90.611640959978104
leaf_count=28 26 22 1006 1282 216 571 391
internal_value=3.2682e-06 0.000194091 -0.00152217 -0.0009438 0.00330561 -0.00298314 0.00949601
internal_weight=791.216 784.755 505.777 500.574 278.978 138.39 140.588
internal_count=3542 3514 2310 2288 1204 597 607
is_linear=0
shrinkage=0.04


Tree=141
num_leaves=15
num_cat=0
split_feature=28 8 0 31 21 0 29 3 28 28 21 37 22 8
split_gain=2.16658 8.82182 13.7103 8.81523 7.7451 6.97285 6.43818 13.8754 8.04189 9.43479 7.34692 6.98815 6.64419 5.56307
threshold=0.96604361155981433 -0.0019451146103849997 67.429076527407474 0.79863237754176108 0.0010937696147690502 39.856857294327938 0.019313558084640321 0.0019506349984125002 0.93572937278134061 0.93238361742259002 0.00056595168312405014 0.075879176348901747 -1.2107515192366811 -0.0030385326072345999
decision_type=2 2 2 2 2 2 2 2 2 2 2 2 2 2
left_child=6 3 5 -2 -4 -3 7 11 9 -8 -10 -1 -9 -5
right_child=1 2 4 13 -6 -7 8 12 10 -11 -12 -13 -14 -15
leaf_value=-0.022464391454216467 -0.040007407591551969 -0.038304114426298094 0.049939889369263905 -0.0046342686240682272 -0.00044899044323786359 -0.010987865894899914 0.00015670677237978437 -0.0039576576022676861 -0.0043543550968634034 0.03246835726296747 -0.028400167508505866 0.022151325293481454 0.021754128499803418 0.039033654199543084
leaf_weight=26.999051317572594 3.8509395048022297 20.883701235055923 7.6564466506242779 6.7391552776098296 13.462251767516134 52.636562950909138 425.36645315587521 20.268802493810654 69.263392046093941 14.967622779309748 28.777209095656872 7.0926126390695563 77.817763291299343 15.186400890350338
leaf_count=117 22 98 33 31 62 232 1880 94 310 71 129 31 364 68
internal_value=3.15711e-06 -0.00493702 -0.0105874 0.0158083 0.0178192 -0.0187471 0.000890297 0.0088005 -0.00105176 0.00125503 -0.0114124 -0.0131823 0.016441 0.0256116
internal_weight=790.968 120.415 94.639 25.7765 21.1187 73.5203 670.553 132.178 538.375 440.334 98.0406 34.0917 98.0866 21.9256
internal_count=3542 546 425 121 95 330 2996 606 2390 1951 439 148 458 99
is_linear=0
shrinkage=0.04


Tree=142
num_leaves=13
num_cat=0
split_feature=23 22 0 38 9 23 8 31 20 20 20 23
split_gain=2.23117 9.61465 9.16881 13.2019 8.52402 5.37535 17.0004 9.52462 7.7627 5.46323 6.01311 4.53233
threshold=-0.30019059011615407 0.2674917902671593 40.87865524568447 0.99999999979908416 0.00045834332298863508 0.11884722511214811 -0.00036170055905334996 1.0611451026897116 0.0025931501000366003 0.0025896212530573007 0.0025890542153332004 4.2572755868721091
decision_type=2 2 2 2 2 2 2 2 2 2 2 2
left_child=1 2 3 -1 -4 6 7 -2 -8 10 -7 -11
right_child=5 -3 4 -5 -6 9 8 -9 -10 11 -12 -13
leaf_value=-0.033594235290607004 0.033032760081862012 -0.047999089565547291 0.050311861854353039 0.029485888360905422 0.01075013912343096 -0.0051690640441425231 0.0034388818658936554 -0.015887279606907653 -0.02372871102741228 0.00495861943343165 -0.047775057618119197 -0.0022587801386992445
leaf_weight=14.968145631253721 20.487831428647045 4.9064603000879279 10.979625940322874 8.2258208245038968 42.228010728955269 19.352713227272037 22.332755357027054 9.2396670281887037 68.269751965999603 308.07687812298536 7.298943117260932 253.98133512213826
leaf_count=67 87 21 48 36 192 85 96 41 294 1352 31 1192
internal_value=3.27338e-06 0.00627932 0.00976504 -0.0112227 0.0189139 -0.000716422 -0.00841999 0.0178278 -0.0170321 0.000858156 -0.0168373 0.00169724
internal_weight=790.348 81.3081 76.4016 23.194 53.2076 709.04 120.33 29.7275 90.6025 588.71 26.6517 562.058
internal_count=3542 364 343 103 240 3178 518 128 390 2660 116 2544
is_linear=0
shrinkage=0.04


Tree=143
num_leaves=11
num_cat=0
split_feature=9 10 32 40 8 2 22 1 32 3
split_gain=2.14395 5.3251 5.0746 5.39324 4.58259 4.54032 5.24826 4.09308 6.5805 4.09881
threshold=0.00064825973239121309 -0.00030604767172219994 0.00060494683574229826 0.50256255967952479 0.0013653982270385001 0.78362940391038349 1.9072825788320571 109.60747624615762 0.00057659322482783704 0.0039089983563767505
decision_type=2 2 2 2 2 2 2 2 2 2
left_child=2 -2 7 4 -4 6 -3 9 -9 -1
right_child=1 5 3 -5 -6 -7 -8 8 -10 -11
leaf_value=0.00025987734392114405 0.023290425452214807 -0.014496998690232623 0.030410578673571137 -0.024129007809822717 -0.0095982964643798793 0.012500673173797003 -0.059555956915233112 0.035975050882669363 -0.015190063543006496 -0.010168588042688767
leaf_weight=636.82036479562521 6.452594928443431 17.163236454129226 22.658625375479463 4.6546006947755805 5.7411700859665862 6.5340244881808749 5.4490118175745001 11.856472514569761 6.0865408629178992 66.610208362340927
leaf_count=2768 37 94 131 26 29 39 26 62 27 303
internal_value=3.18735e-06 -0.00958944 0.00045583 0.0157814 0.0223226 -0.0168686 -0.0253551 -0.000246411 0.0186191 -0.000727629
internal_weight=790.027 35.5989 754.428 33.0544 28.3998 29.1463 22.6122 721.374 17.943 703.431
internal_count=3542 196 3346 186 160 159 120 3160 89 3071
is_linear=0
shrinkage=0.04


Tree=144
num_leaves=7
num_cat=0
split_feature=1 0 24 31 33 39
split_gain=2.12734 2.4457 7.71672 2.73973 9.93682 6.53323
threshold=148.94596996308977 84.468412248031157 0.14166666666643057 0.85821961956902515 0.31578947368421056 0.091764186279242446
decision_type=2 2 2 2 2 2
left_child=1 3 -3 4 -1 -5
right_child=-2 2 -4 5 -6 -7
leaf_value=0.0053395453624824661 -0.027530015481166556 -0.022686155019095593 0.044785140266692024 0.00023878602231941254 -0.038598884155271546 -0.011809523776757098
leaf_weight=213.28577363863587 4.4644769281148902 4.4384583532810193 6.9731674492359161 466.67823392897844 8.5660254284739477 85.14937648922205
leaf_count=1008 26 22 35 2038 39 374
internal_value=3.50615e-06 0.000160078 0.0185427 -0.000111063 0.00364302 -0.00162032
internal_weight=789.556 785.091 11.4116 773.679 221.852 551.828
internal_count=3542 3516 57 3459 1047 2412
is_linear=0
shrinkage=0.04


Tree=145
num_leaves=13
num_cat=0
split_feature=14 1 0 1 1 8 7 38 40 32 32 15
split_gain=2.09905 7.11693 12.3255 6.84413 7.51786 8.05533 6.39297 7.26798 5.93392 5.28098 5.04522 2.1791
threshold=-0.00043658339274219997 -88.146526003445601 27.421809802746143 54.294460056196847 29.041583032783823 -0.00039675037079104996 -0.00086449806887989994 0.72943241642995771 0.49637569754771543 0.00051519909540770749 0.00053149552360711773 -0.0012207133118182997
decision_type=2 2 2 2 2 2 2 2 2 2 2 2
left_child=3 6 11 4 5 -1 7 -2 -4 -6 -5 -3
right_child=1 2 8 10 9 -7 -8 -9 -10 -11 -12 -13
leaf_value=0.00093756390572146493 -0.052980820267858164 0.020433034823905773 0.00595751770928412 -0.0057045078865567075 0.046269452018921867 -0.017279976706765527 -0.056212571363256483 0.0077490341923132132 -0.0027119160393996966 0.0022846751539000944 -0.050957782776037783 0.056303598023654033
leaf_weight=164.75942144542933 4.2419059053063455 4.2952184900641441 241.55608531832695 7.8114758431911451 8.5964264869689959 50.811725296080112 5.9437175989150992 12.283281341195105 264.80063993483782 8.8779906779527646 7.9572738707065582 7.3406540825963003
leaf_count=748 21 19 1103 35 37 224 28 60 1159 39 37 32
internal_value=3.54257e-06 0.00140317 0.00235916 -0.00303666 -0.00131098 -0.00335645 -0.020636 -0.00783992 0.00142381 0.0239227 -0.0285404 0.0430625
internal_weight=789.276 540.462 517.993 248.814 233.046 215.571 22.4689 16.5252 506.357 17.4744 15.7687 11.6359
internal_count=3542 2422 2313 1120 1048 972 109 81 2262 76 72 51
is_linear=0
shrinkage=0.04


Tree=146
num_leaves=8
num_cat=0
split_feature=28 30 22 38 23 36 13
split_gain=2.12719 4.04364 3.86559 2.56968 6.88281 3.67969 2.45601
threshold=0.65781112659444696 0.18107214317148809 0.21885849133573732 0.66153897006076157 1.3637535290042819 0.89958226841016498 -7.8262610820015082e-05
decision_type=2 2 2 2 2 2 2
left_child=6 3 -3 4 -2 -5 -1
right_child=1 2 -4 5 -6 -7 -8
leaf_value=0.00087668219099324861 -0.027344015564150503 -0.04566329399164671 0.0021315881730114413 0.001365367804878689 0.0027229959949405464 -0.011986255476580401 0.037235304783692483
leaf_weight=6.8548426851630211 19.422669664025307 6.0797956734895688 4.8813575208187103 678.85979710519314 32.674794234335423 34.715464845299721 5.2486507967114431
leaf_count=31 86 30 23 3036 158 153 25
internal_value=3.66486e-06 -0.00025566 -0.0243787 8.96786e-05 -0.00848641 0.000715811 0.0166435
internal_weight=788.737 776.634 10.9612 765.673 52.0975 713.575 12.1035
internal_count=3542 3486 53 3433 244 3189 56
is_linear=0
shrinkage=0.04


Tree=147
num_leaves=13
num_cat=0
split_feature=10 32 3 31 14 34 10 22 26 37 8 37
split_gain=2.10259 7.3606 10.4927 6.85455 6.37751 5.20831 4.14245 4.03213 8.08712 3.82495 4.16671 3.9242
threshold=0.00020159491131725002 0.0005371341960427958 0.0017742501869580502 0.77412126582240681 0.00083313980386450013 0.010688878828132893 0.00016614181269485002 0.43802605446568749 0.014505739491314637 0.35927199456886949 0.00044403729484905006 0.20297333814038301
decision_type=2 2 2 2 2 2 2 2 2 2 2 2
left_child=6 3 -3 -2 -5 -4 9 8 -8 11 -11 -1
right_child=1 2 5 4 -6 -7 7 -9 -10 10 -12 -13
leaf_value=-0.0013945555235661716 0.053822677962553397 -0.065821239189284897 0.052322711137417537 0.012482218609301817 -0.0057286679141485336 -0.0054228581859319504 -0.0091722680736027445 0.0087612967007881723 -0.06360327526655668 -0.050564986759011221 0.0028789535603760568 0.0087352138518037425
leaf_weight=459.52213406562805 5.1350845098495475 4.5709389746189109 2.599280670285224 98.383247375488281 44.770284757018089 64.825545370578766 14.923342555761343 7.6718609929084769 6.174322083592414 5.0379410162568075 4.3489647805690765 70.588238291442394
leaf_count=2063 25 22 12 423 194 307 64 35 27 24 21 325
internal_value=3.45777e-06 0.00332093 -0.00717269 0.00841569 0.00678689 -0.00319672 -0.00128253 -0.0160716 -0.0251017 -0.000493883 -0.0258043 -4.56995e-05
internal_weight=788.551 220.284 71.9958 148.289 143.154 67.4248 568.267 28.7695 21.0977 539.497 9.38691 530.11
internal_count=3542 983 341 642 617 319 2559 126 91 2433 45 2388
is_linear=0
shrinkage=0.04


Tree=148
num_leaves=12
num_cat=0
split_feature=34 24 10 20 15 19 9 23 36 36 34
split_gain=2.13259 4.33258 6.30171 5.39663 5.33519 3.54919 6.395 7.42614 3.48151 3.53774 2.85785
threshold=0.01706386775059306 0.10833333333315277 -7.2829387227128987e-05 0.0026108426363590505 -0.00023899360433989999 2.6924762535433047 0.00046451729549483955 1.0418247709086648 0.30742331191759409 0.57254107597286874 0.079351984965735464
decision_type=2 2 2 2 2 2 2 2 2 2 2
left_child=1 3 -3 4 -1 8 -7 -8 10 -10 -2
right_child=5 2 -4 -5 -6 6 7 -9 9 -11 -12
leaf_value=-0.031128466848910873 -0.0043505121428583189 -0.017230548490310717 0.047061303842302164 0.027084810858137381 -0.0048442771782839502 0.023951421917059467 -0.051571819897026916 0.00063891406702566353 -0.0032220262318752423 0.0028188084588842682 0.030440594519622756
leaf_weight=20.023180261254311 5.634768724441531 4.4835597351193428 5.350015312433241 5.4022357910871497 32.268796809017658 5.2117006033659008 9.0905607193708438 8.3739090412855131 239.00132459402084 441.93346128612757 11.462012946605681
leaf_count=88 26 20 23 25 143 22 40 37 1074 1993 51
internal_value=3.35918e-06 -0.00679375 0.0177478 -0.0109767 -0.0149088 0.000640224 -0.0149337 -0.0265377 0.00114616 0.000698536 0.0189741
internal_weight=788.236 67.5278 9.83358 57.6942 52.292 720.708 22.6762 17.4645 698.032 680.935 17.0968
internal_count=3542 299 43 256 231 3243 99 77 3144 3067 77
is_linear=0
shrinkage=0.04


Tree=149
num_leaves=15
num_cat=0
split_feature=23 24 36 0 8 23 23 8 24 20 20 10 23 6
split_gain=2.08912 14.0324 8.0056 11.0375 6.83732 8.33218 4.79808 15.5997 8.57825 5.8322 5.15898 6.78383 5.16889 2.56451
threshold=-0.30019059011615407 0.074999999999874958 0.68649986988889455 62.588665918325425 0.0011377394958562504 -0.48307711893793276 0.11884722511214811 -0.00036170055905334996 0.17499999999970828 0.0025951242275180507 0.0025905926414617002 0.00019888967392195001 3.9125656997823222 -0.00014054122865994999
decision_type=2 2 2 2 2 2 2 2 2 2 2 2 2 2
left_child=1 2 3 -1 5 -3 7 9 -9 -2 11 -8 -12 -4
right_child=6 4 13 -5 -6 -7 10 8 -10 -11 12 -13 -14 -15
leaf_value=-0.00095345894519137777 -0.001438894042703195 -0.044230624837426333 0.061822555251379203 0.06039279370089462 0.025704539956330132 0.0011029342434250122 -0.020467068562732331 -0.021356206569420989 0.013398536043504959 0.034078903632092303 0.0057331095634899675 0.01323305620593386 -0.0021147675974796032 0.028307103288428219
leaf_weight=29.064139269292355 14.099702998995783 14.028472244739536 6.9556189626455307 5.5961343348026267 5.5276922509074202 12.066711872816086 36.290742352604866 77.106652647256851 13.326877012848852 15.560599178075789 277.24828564375639 12.973939552903174 260.40111123397946 7.6929588913917524
leaf_count=133 62 62 30 25 26 54 158 332 58 66 1224 55 1223 34
internal_value=3.20287e-06 0.00609083 0.0194293 0.00895131 -0.0147075 -0.0232679 -0.000693653 -0.0079783 -0.0162345 0.0171947 0.000796925 -0.0115921 0.00193213 0.0442213
internal_weight=787.94 80.9317 49.3089 34.6603 31.6229 26.0952 707.008 120.094 90.4335 29.6603 586.914 49.2647 537.649 14.6486
internal_count=3542 364 222 158 142 116 3178 518 390 128 2660 213 2447 64
is_linear=0
shrinkage=0.04


Tree=150
num_leaves=10
num_cat=0
split_feature=32 9 35 21 39 34 33 3 0
split_gain=2.08991 3.70756 5.06743 5.62519 4.09918 8.30823 4.39377 3.26909 1.44374
threshold=0.00067697001235674534 0.00066066147710193445 1.1718533701061187 -0.00064790397155119986 0.2655755394068518 0.070646047061215925 -0.10526315789473688 0.0039884676539963006 34.702437481121919
decision_type=2 2 2 2 2 2 2 2 2
left_child=1 4 3 -3 6 -6 -1 -2 -9
right_child=7 2 -4 -5 5 -7 -8 8 -10
leaf_value=0.0037985716503257713 -0.013370571345714557 -0.03146009404112346 -0.044501504605732517 0.016601109453848528 0.050092923122582109 0.0023313664847173987 -0.002691812911919193 0.01475072356090385 0.052427229247477454
leaf_weight=260.87114514410496 3.4395588487386686 6.7330466434359559 6.9788712486624709 9.2486752420663834 7.8452249914407757 22.65606664121151 463.2104112431407 3.0572019293904305 3.479238748550415
leaf_count=1160 19 36 37 53 34 103 2054 19 27
internal_value=3.21447e-06 -0.00023019 -0.0160647 -0.00364692 0.000251625 0.0146161 -0.000353466 0.0181951 0.0348053
internal_weight=787.519 777.543 22.9606 15.9817 754.583 30.5013 724.082 9.976 6.53644
internal_count=3542 3477 126 89 3351 137 3214 65 46
is_linear=0
shrinkage=0.04


Tree=151
num_leaves=15
num_cat=0
split_feature=1 1 31 1 35 40 29 35 15 23 22 27 27 26
split_gain=2.16054 8.68324 8.03685 8.76542 9.58993 7.47218 7.39932 7.43749 7.15912 8.18698 6.87836 10.0255 10.0086 5.76792
threshold=-16.369598920849963 -11.764880803850245 1.0611451026897116 -61.960860719642362 1.0383576319618213 0.49145575738222369 0.029965280493609102 0.94325231398126197 -4.7391798305223373e-05 -0.57789452677627462 2.9283336605520973 0.92699212108725737 0.35852816746036076 0.01450424616389639
decision_type=2 2 2 2 2 2 2 2 2 2 2 2 2 2
left_child=2 6 8 4 -4 -5 -2 -8 9 -1 12 -12 -3 -10
right_child=1 10 3 5 -6 -7 7 -9 13 -11 11 -13 -14 -15
leaf_value=-0.051674357873618154 0.047288816904568487 -0.00080805183759642717 0.019984585959400628 -0.060033283586191331 -0.038415518482744854 -0.017678684359903083 -0.030969566636931404 0.029330067842591651 0.005425836842920485 0.0050334921219427897 0.015294085568916814 -0.058582809369885837 0.019172364551814647 -0.02332851904968326
leaf_weight=4.1571945697069159 11.998599618673326 386.35457883030176 16.887967206537727 8.4157507568597776 6.1326408982276908 32.026216514408588 5.6308445557951909 7.8151210695505142 17.281114175915718 202.08992616087198 4.8887361809611303 7.3695091530680656 44.759987827390432 31.520774364471436
leaf_count=18 53 1715 76 35 26 147 25 34 74 918 24 33 216 148
internal_value=3.26218e-06 0.00173039 -0.00253889 -0.0152767 0.00442692 -0.0264924 0.0244544 0.00407804 0.000630582 0.00389047 0.000426283 -0.0291198 0.00126639 -0.0131464
internal_weight=787.329 468.817 318.512 63.4626 23.0206 40.442 25.4446 13.446 255.049 206.247 443.373 12.2582 431.115 48.8019
internal_count=3542 2100 1442 284 102 182 112 59 1158 936 1988 57 1931 222
is_linear=0
shrinkage=0.04


Tree=152
num_leaves=14
num_cat=0
split_feature=15 0 31 36 29 8 28 23 23 34 8 15 10
split_gain=2.04571 4.85989 4.50783 4.25188 7.96216 3.34114 4.7148 11.206 4.42706 3.94706 4.52895 2.17823 1.90283
threshold=-0.0021047766038997493 25.520051596144523 0.77108424347417304 0.68101779478570523 0.023086965905310539 -0.0022436844492967995 0.96649995742421113 -0.084158751318862343 -0.26659654799480953 0.094646661368592552 -0.0032015577619198495 -0.0025454986768656497 -0.00037160657772294996
decision_type=2 2 2 2 2 2 2 2 2 2 2 2 2
left_child=1 3 -3 4 -1 9 8 -8 -7 -2 -11 -4 -5
right_child=5 2 11 12 -6 6 7 -9 -10 10 -12 -13 -14
leaf_value=0.028092905292379906 -0.02540099543660233 0.00090041779367470488 -0.021605371976335844 0.0039112985768214913 -0.028837359098979172 0.010261432179617088 -0.036573723254533001 -0.0016702613486582613 -4.7365729138040809e-05 -0.01510790210266707 0.027444390090978061 -0.059939887166716846 0.042107419628963062
leaf_weight=5.9864245504140916 3.6167384088039425 6.0339934453368178 4.2128808423876754 3.7326574698090553 11.446070469915865 75.939824409782887 18.20141227543354 76.889090523123741 545.02400701120496 4.9592704698443439 20.731626123189926 5.4263053834438315 4.7326637059450132
leaf_count=31 16 32 20 18 55 339 85 345 2434 25 96 24 22
internal_value=3.34596e-06 -0.00863242 -0.0262129 0.00200717 -0.00928716 0.000484988 -5.68147e-05 -0.00835118 0.00121333 0.0137225 0.0192303 -0.0431855 0.0252654
internal_weight=786.933 41.571 15.6732 25.8978 17.4325 745.362 716.054 95.0905 620.964 29.3076 25.6909 9.63919 8.46532
internal_count=3542 202 76 126 86 3340 3203 430 2773 137 121 44 40
is_linear=0
shrinkage=0.04


Tree=153
num_leaves=12
num_cat=0
split_feature=40 18 22 30 25 1 22 23 22 22 35
split_gain=2.0696 4.66551 9.84246 13.6362 9.32545 8.263 7.86363 3.4402 3.54034 16.2466 13.6189
threshold=0.50033590339765233 1.0000000180025095e-35 -0.25143766517433319 0.029553407014041893 0.90000000000000013 89.869037849253814 -0.47922465487329308 -0.75855984060644899 -2.3888764811221397 -2.2072859176680493 0.87581109201573359
decision_type=2 2 2 2 2 2 2 2 2 2 2
left_child=7 2 3 -2 -4 6 -3 -1 10 -10 -9
right_child=1 5 4 -5 -6 -7 -8 8 9 -11 -12
leaf_value=0.039790047572283264 0.01796840882934863 -0.016412889764783951 -0.018345034811051576 -0.010264054333430696 0.018268690098003748 -0.046963085133292018 0.0090760998676028218 -0.02033017626142013 -0.049112990945432519 0.0019663195190562388 0.037637381000666659
leaf_weight=3.8082229122519484 50.358762353658676 23.016220882534981 98.984410129487514 59.968882955610752 12.540243238210676 5.0604877322912207 122.10688719898462 10.499838650226595 10.236495643854139 373.00960176065564 16.958082884550095
leaf_count=26 226 112 453 262 52 23 523 45 43 1704 73
internal_value=3.09528e-06 -0.0021627 -0.0058482 0.00262258 -0.0142281 0.00328155 0.0050336 0.00194695 0.00159605 0.000601992 0.0154707
internal_weight=786.548 372.036 221.852 110.328 111.525 150.184 145.123 414.512 410.704 383.246 27.4579
internal_count=3542 1651 993 488 505 658 635 1891 1865 1747 118
is_linear=0
shrinkage=0.04


Tree=154
num_leaves=13
num_cat=0
split_feature=32 25 18 36 36 32 9 40 25 30 37 40
split_gain=2.07036 3.78395 3.88716 8.79764 4.06277 3.29451 8.60482 8.26334 7.90986 10.5265 7.13823 6.40225
threshold=0.00063371408424002876 0.25000000000000006 1.0000000180025095e-35 0.65851954848675398 0.67333586866731754 0.00054302147269305677 0.00051059637596432964 0.4877275723660614 0.75000000000000011 0.027984385359407279 0.23429847673978757 0.49095368662081312
decision_type=2 2 2 2 2 2 2 2 2 2 2 2
left_child=5 -2 4 -4 -3 6 11 -8 10 -10 -7 -1
right_child=1 2 3 -5 -6 8 7 -9 9 -11 -12 -13
leaf_value=-0.012352641843408858 0.051710905166726641 0.031084408452724487 -0.041612032759055013 0.032730980295684817 -0.017344554695347691 -0.014136448896013237 0.018537133019837147 0.0018328010493434694 -0.018582703617402961 0.016870819827855151 0.013520299107896538 0.00034512615947582845
leaf_weight=83.326991252601147 3.1793845519423511 10.943166568875311 6.5854529403150082 4.1530002169311047 3.7116810232400903 113.95973844826221 72.120149239897728 138.13845098018646 18.897280097007751 46.056482940912247 17.183085173368454 267.45135390013456
leaf_count=359 21 74 37 28 22 525 341 599 84 213 83 1156
internal_value=2.99161e-06 0.0105727 0.00542198 -0.0128605 0.0188186 -0.000395888 0.00116405 0.0075625 -0.00485892 0.00655617 -0.0105127 -0.00267121
internal_weight=785.706 28.5727 25.3933 10.7385 14.6548 757.134 561.037 210.259 196.097 64.9538 131.143 350.778
internal_count=3542 182 161 65 96 3360 2455 940 905 297 608 1515
is_linear=0
shrinkage=0.04


Tree=155
num_leaves=7
num_cat=0
split_feature=23 23 2 23 18 23
split_gain=2.23821 2.42868 5.14633 2.94403 13.4852 4.36897
threshold=-0.75855984060644899 -0.67526693013186734 0.49639067071027021 -0.30019059011615407 1.0000000180025095e-35 0.11884722511214811
decision_type=2 2 2 2 2 2
left_child=-1 2 -2 4 -3 -5
right_child=1 3 -4 5 -6 -7
leaf_value=0.029436377328630577 -0.048332449645701984 -0.0086049731854012032 0.010264094071819694 -0.0076216608006451437 0.027494709376010645 0.00076311059818823452
leaf_weight=4.112193912267684 4.9844072908163053 35.698398262262344 4.6218120157718658 119.79164478182793 30.877113044261932 584.95776298642159
leaf_count=28 22 161 20 518 133 2660
internal_value=3.4748e-06 -0.000151512 -0.0201401 9.74293e-05 0.00813773 -0.000662113
internal_weight=785.043 780.931 9.60622 771.325 66.5755 704.749
internal_count=3542 3514 42 3472 294 3178
is_linear=0
shrinkage=0.04


Tree=156
num_leaves=8
num_cat=0
split_feature=28 30 22 10 14 13 10
split_gain=2.0327 3.83505 3.48138 2.80912 6.40619 3.31098 2.54919
threshold=0.65781112659444696 0.18107214317148809 0.21885849133573732 -0.00075242335402939998 -0.00095265857395879997 -5.4777460093963173e-05 0.00012395084940070004
decision_type=2 2 2 2 2 2 2
left_child=6 3 -3 4 -2 -5 -1
right_child=1 2 -4 5 -6 -7 -8
leaf_value=0.030137780898718342 0.0043838628548897932 -0.044361430639838037 0.001302049084711505 0.0033989838656500945 -0.040428786002629578 -0.0019671748673114877 -0.0082732999088106756
leaf_weight=7.6927721649408323 12.21039053797722 5.9661388099193555 4.8372710943222046 339.82071633636951 8.7701138034462911 401.13727647066116 4.3151184096932411
leaf_count=35 55 30 23 1540 39 1799 21
internal_value=3.4104e-06 -0.000250364 -0.0239154 8.51796e-05 -0.0143484 0.000493871 0.0163345
internal_weight=784.75 772.742 10.8034 761.938 20.9805 740.958 12.0079
internal_count=3542 3486 53 3433 94 3339 56
is_linear=0
shrinkage=0.04


Tree=157
num_leaves=7
num_cat=0
split_feature=23 23 7 23 18 23
split_gain=2.09287 2.2526 4.80382 2.71812 12.4478 4.07645
threshold=-0.75855984060644899 -0.67526693013186734 0.00010366642150310002 -0.30019059011615407 1.0000000180025095e-35 0.11884722511214811
decision_type=2 2 2 2 2 2
left_child=-1 2 -2 4 -3 -5
right_child=1 3 -4 5 -6 -7
leaf_value=0.028682771695693027 -0.046835717847995964 -0.0082539822155377578 0.0098995113448883763 -0.0073584389248957651 0.026475330621075599 0.00074144362343544405
leaf_weight=4.0501320138573638 4.9451282918453199 35.65623813867569 4.617381364107132 119.77406665682793 30.756462052464485 584.80835802480578
leaf_count=28 22 161 20 518 133 2660
internal_value=3.19143e-06 -0.00014562 -0.0194404 9.36891e-05 0.00782955 -0.00063548
internal_weight=784.608 780.558 9.56251 770.995 66.4127 704.582
internal_count=3542 3514 42 3472 294 3178
is_linear=0
shrinkage=0.04


Tree=158
num_leaves=13
num_cat=0
split_feature=14 1 21 37 22 21 34 22 3 15 1 10
split_gain=2.04973 6.74577 6.59518 6.75107 6.43397 6.1773 5.67553 5.50681 4.26436 9.06845 6.14261 3.82713
threshold=-0.00043658339274219997 -88.146526003445601 -0.00067356002674574995 0.15820396145797849 -0.52495106756238463 0.00056595168312405014 0.30047313867827113 2.9283336605520973 0.0027028618737733007 -0.0014846526312965998 60.144004001522269 -1.5247726145064149e-05
decision_type=2 2 2 2 2 2 2 2 2 2 2 2
left_child=5 4 3 -3 6 8 -2 -4 9 -1 -10 -6
right_child=1 2 7 -5 11 -7 -8 -9 10 -11 -12 -13
leaf_value=-0.038837341863483997 -0.054895869971875351 0.023059277906811407 0.0015930497595716584 -0.025850789007352361 0.036177266677964566 -0.037192835394415591 0.0029381218919846161 -0.028224548125208467 0.0059350866733518361 -0.0032916656879938351 -0.037470424512278243 -0.01621164421123544
leaf_weight=12.774566061794756 9.3274074494838732 38.147438663989305 461.40575339645147 5.1216310486197463 3.8178655505180359 8.1794174984097463 3.8296346068382254 10.127550229430197 107.0875571668148 113.63745030015707 5.4836691468954077 5.3680360838770849
leaf_count=57 41 172 2069 24 21 38 21 48 498 502 25 26
internal_value=3.13413e-06 0.00139024 0.0023241 0.0172699 -0.0201267 -0.00301139 -0.0380621 0.00095263 -0.0018415 -0.00688373 0.00382068 0.00556236
internal_weight=784.308 537.145 514.802 43.2691 22.3429 247.163 13.157 471.533 238.983 126.412 112.571 9.1859
internal_count=3542 2422 2313 196 109 1120 62 2117 1082 559 523 47
is_linear=0
shrinkage=0.04


Tree=159
num_leaves=15
num_cat=0
split_feature=1 8 1 20 29 32 22 22 37 22 23 0 15 8
split_gain=2.07742 9.3165 7.90248 7.59898 6.95527 6.26808 6.25989 12.1491 6.25079 5.82319 8.59407 5.70408 4.3975 2.51459
threshold=-16.369598920849963 -0.00044228800657589992 -11.764880803850245 0.0025921557076713504 0.029965280493609102 0.0004656315688706125 -0.56237513874585299 -0.42414491275640492 0.21095782926456405 2.9283336605520973 9.9846106539548316 54.458383824398375 5.7712103080818443e-05 -0.00026414764199464994
decision_type=2 2 2 2 2 2 2 2 2 2 2 2 2 2
left_child=1 6 4 -3 13 -5 8 -8 -1 10 -4 -11 -6 -2
right_child=2 3 9 5 12 -7 7 -9 -10 11 -12 -13 -14 -15
leaf_value=-0.010455870034738687 0.061188984664042656 -0.051219406499650975 -0.0007029961740644934 0.026485105549106117 -0.012165489954584252 -0.01852585122699053 0.038103580775329576 0.001619453184919182 0.020049272945310084 0.013029535427075717 0.017813924427615823 -0.045617653787391903 0.03678707790193908 0.023910503254328953
leaf_weight=97.734454706311226 6.9539470374584198 9.4859581440687162 384.8941732943058 5.9659375846385947 9.074459031224249 29.073099587112665 16.223008833825588 146.27975264191628 12.075433827936648 3.905373401939868 44.767953366041183 8.2774666622281057 4.3405523896217337 4.9602617919445056
leaf_count=452 31 42 1713 25 39 126 74 663 60 19 218 38 20 22
internal_value=3.03693e-06 -0.0024972 0.0016987 -0.0194601 0.023427 -0.010862 0.000276347 0.00526174 -0.00710132 0.000453101 0.00122634 -0.0268175 0.00367357 0.0456688
internal_weight=784.012 316.838 467.174 44.525 25.3292 35.039 272.313 162.503 109.81 441.845 429.662 12.1828 13.415 11.9142
internal_count=3542 1442 2100 193 112 151 1249 737 512 1988 1931 57 59 53
is_linear=0
shrinkage=0.04


Tree=160
num_leaves=7
num_cat=0
split_feature=23 23 2 23 18 23
split_gain=1.98875 2.06512 4.45982 2.45516 11.5034 3.68674
threshold=-0.75855984060644899 -0.67526693013186734 0.49639067071027021 -0.30019059011615407 1.0000000180025095e-35 0.11884722511214811
decision_type=2 2 2 2 2 2
left_child=-1 2 -2 4 -3 -5
right_child=1 3 -4 5 -6 -7
leaf_value=0.028163386523773402 -0.045210200821975008 -0.0080111998168779629 0.0095853872968169381 -0.0069999248966510922 0.025431108538928885 0.00070571226862828037
leaf_weight=3.9921810775995246 4.9051184058189374 35.591180548071861 4.6101982295513153 119.70465839654207 30.611773729324341 584.08973192423582
leaf_count=28 22 161 20 518 133 2660
internal_value=3.19263e-06 -0.000141026 -0.0186616 8.78431e-05 0.00745228 -0.000604899
internal_weight=783.505 779.513 9.51532 769.997 66.203 703.794
internal_count=3542 3514 42 3472 294 3178
is_linear=0
shrinkage=0.04


Tree=161
num_leaves=9
num_cat=0
split_feature=7 0 24 36 15 1 8 36
split_gain=2.03981 2.75258 4.4926 3.89205 2.94261 4.99366 3.94919 2.32788
threshold=0.0023326425637539504 81.657272764247708 0.14166666666643057 0.58857475353736599 0.0019739627806837005 47.283253999601591 0.0019089198774774501 0.65100287581418759
decision_type=2 2 2 2 2 2 2 2
left_child=1 4 3 -3 6 -6 -1 -4
right_child=-2 2 7 -5 5 -7 -8 -9
leaf_value=-0.0002696101678214245 -0.026485347898785618 -0.036224453114452153 0.047073246263779706 0.017888388013116815 -0.043595484573830355 -0.0041691660191776224 0.015749067255127439 0.011495407645947222
leaf_weight=700.70977756753564 4.6240746453404418 3.9982283413410205 6.3634334318339807 4.5431600734591484 6.4358268231153515 25.529266223311424 25.521837539970875 5.4735870361328125
leaf_count=3145 26 18 34 25 29 118 118 29
internal_value=3.13132e-06 0.00016045 0.0146677 -0.00744186 -0.000229468 -0.0121072 0.000293332 0.0306216
internal_weight=783.199 778.575 20.3784 8.54139 758.197 31.9651 726.232 11.837
internal_count=3542 3516 106 43 3410 147 3263 63
is_linear=0
shrinkage=0.04


Tree=162
num_leaves=8
num_cat=0
split_feature=32 14 3 29 0 37 39
split_gain=2.0261 2.9931 2.77993 3.64328 2.81145 5.40442 2.64289
threshold=0.00067697001235674534 -0.00022470072996454997 0.0066860683688765507 0.02682242611782519 84.468412248031157 1.0000000180025095e-35 0.2655755394068518
decision_type=2 2 2 2 2 2 2
left_child=2 -2 4 -4 6 -6 -1
right_child=1 -3 3 -5 5 -7 -8
leaf_value=-0.00079387370503084084 -0.0082929009918663952 0.036799814332177168 0.0046399976616741659 -0.047632044486877259 0.050814569722797631 -0.0060614734264454132 0.01026033602402685
leaf_weight=717.54190338775516 4.0149135589599609 5.6973552852869016 4.0499000698328 4.5082737281918526 4.9893911033868772 5.7578319609165192 36.358896926045418
leaf_count=3204 27 38 23 22 27 28 173
internal_value=3.15389e-06 0.0181591 -0.000224904 -0.0228959 2.88364e-05 0.0203432 -0.000260755
internal_weight=782.918 9.71227 773.206 8.55817 764.648 10.7472 753.901
internal_count=3542 65 3477 45 3432 55 3377
is_linear=0
shrinkage=0.04


Tree=163
num_leaves=7
num_cat=0
split_feature=28 28 23 38 2 30
split_gain=1.98277 5.24763 4.7406 3.5316 2.75577 2.74731
threshold=0.67617062445752096 0.69621049238125898 2.9369111936097223 0.82481939787943859 -0.17335875486521907 0.14965630603286464
decision_type=2 2 2 2 2 2
left_child=2 -2 3 -1 -3 -6
right_child=1 4 -4 -5 5 -7
leaf_value=0.019314154774624243 -0.056488124227734984 -0.027426635127223382 0.047408864919493053 -0.028127930573106585 0.00051410227268218142 -0.014825862768097811
leaf_weight=5.8925369977951032 2.6482572704553595 5.8525272756814948 4.7560030221939078 4.3741275742650032 740.07121657952666 19.16378279030323
leaf_count=27 14 27 22 21 3340 91
internal_value=3.18538e-06 -0.000278426 0.014395 -0.000898616 -8.38629e-05 0.000126908
internal_weight=782.758 767.736 15.0227 10.2667 765.088 759.235
internal_count=3542 3472 70 48 3458 3431
is_linear=0
shrinkage=0.04


Tree=164
num_leaves=7
num_cat=0
split_feature=1 8 6 38 25 38
split_gain=1.98283 2.6934 8.60486 2.61798 5.26529 2.59604
threshold=148.94596996308977 0.0027945433611626003 0.00072895343733680009 0.99999999986833732 0.25000000000000006 0.99999999981039334
decision_type=2 2 2 2 2 2
left_child=1 3 -3 5 -5 -1
right_child=-2 2 -4 4 -6 -7
leaf_value=-0.0011070451257248805 -0.027029525069539248 0.060121100342891677 -0.011412052036390483 0.0233978643861582 -0.026326282601228504 0.0043503120936221554
leaf_weight=562.8172645419836 4.3174487426877013 4.7810923233628255 6.1535709798336029 4.4403958469629314 14.644660595804451 185.40991266816854
leaf_count=2527 26 24 30 21 75 839
internal_value=3.07227e-06 0.00015304 0.0198652 -0.000127871 -0.0147573 0.000245282
internal_weight=782.564 778.247 10.9347 767.312 19.0851 748.227
internal_count=3542 3516 54 3462 96 3366
is_linear=0
shrinkage=0.04


Tree=165
num_leaves=14
num_cat=0
split_feature=32 18 36 36 32 9 30 36 30 23 24 19 28
split_gain=1.96232 3.23961 6.42374 3.62958 2.90958 8.00372 6.54016 5.63481 10.4662 7.75076 5.38995 2.82583 2.77536
threshold=0.00063371408424002876 1.0000000180025095e-35 0.65851954848675398 0.67333586866731754 0.00054302147269305677 0.00051059637596432964 0.031838532576611615 0.55673055711147112 0.054011325144512172 0.60665188957930238 0.074999999999874958 -0.46890663568348429 0.91850126463954807
decision_type=2 2 2 2 2 2 2 2 2 2 2 2 2
left_child=4 3 11 12 5 10 -7 9 -9 -6 -1 -3 -2
right_child=1 2 -4 -5 7 6 -8 8 -10 -11 -12 -13 -14
leaf_value=0.001759792968713308 0.012728956625875079 -0.055037546864646479 0.033139548582786879 -0.011053199029814014 -0.042886623317725768 0.017088244899578147 0.0021773719529741939 -0.0086392277073096945 0.014988026780365647 -0.0075971077135862384 -0.0082491669694344655 -0.0053919544088262272 0.050647503003648897
leaf_weight=196.88265208154917 5.8993214294314402 3.4154011607170105 4.2990795448422432 4.047454670071601 12.10738557577133 71.504144795238972 137.70681973546743 78.481912329792976 48.556642599403858 56.093301743268967 152.96873519569635 3.9630289711058158 6.4817209839820862
leaf_count=846 37 16 29 25 57 323 617 367 224 257 669 25 50
internal_value=3.12424e-06 0.0103808 -0.00572675 0.0218302 -0.000383559 0.00108454 0.00727361 -0.00458743 0.000391575 -0.0138619 -0.00261652 -0.0283724 0.0325801
internal_weight=782.408 28.106 11.6775 16.4285 754.302 559.062 209.211 195.239 127.039 68.2007 349.851 7.37843 12.381
internal_count=3542 182 70 112 3360 2455 940 905 591 314 1515 41 87
is_linear=0
shrinkage=0.04


Tree=166
num_leaves=15
num_cat=0
split_feature=40 36 22 31 15 22 37 22 27 1 40 38 7 23
split_gain=1.95209 5.70055 9.6125 7.28052 6.03256 4.05539 3.78397 3.72204 15.1984 10.8221 8.29064 5.81595 4.16981 2.29554
threshold=0.49932953886379855 0.84002883752888968 -0.36745412700149088 0.90122313197517434 0.0020650412933124005 -0.25913614121019651 0.043698307853960998 1.0641748165381564 0.077572225065916364 94.251035388035248 0.47181759789394784 0.99999999982039978 0.0012336568177269004 -0.16124817527299298
decision_type=2 2 2 2 2 2 2 2 2 2 2 2 2 2
left_child=7 4 -3 -4 5 -2 -6 9 12 11 -10 -1 -9 -11
right_child=1 2 3 -5 6 -7 -8 8 10 13 -12 -13 -14 -15
leaf_value=-0.0005357702569481421 0.0054126175754229981 -0.053195431318875865 -0.034436388633018566 0.020698824484637297 -0.0092250387840559899 -0.0033576447523131206 -0.056273385151279116 -0.066979976763851382 -0.0093329066611531966 0.0075133972509949685 0.019439363624158674 0.01363476223252935 -0.017421685549744496 0.043282970662044215
leaf_weight=241.20102533698082 141.40176687762141 9.1283741891384143 6.4518848210573188 9.4368562102317792 6.2720537111163122 209.11046153306961 4.8502432256937027 7.1646576970815641 42.816839098930359 3.6893294230103519 25.606446083635092 57.362147189676762 4.3753728717565536 12.936078250408171
leaf_count=1083 625 48 28 40 31 926 23 31 201 19 125 271 21 70
internal_value=3.29314e-06 -0.00201732 -0.0204834 -0.00168974 -0.000739875 0.000180408 -0.029742 0.00198044 -0.00572697 0.00393581 0.00143471 0.00218678 -0.0481901 0.0353454
internal_weight=781.804 386.652 25.0171 15.8887 361.635 350.512 11.1223 395.152 79.9633 315.189 68.4233 298.563 11.54 16.6254
internal_count=3542 1721 116 68 1605 1551 54 1821 378 1443 326 1354 52 89
is_linear=0
shrinkage=0.04


Tree=167
num_leaves=14
num_cat=0
split_feature=28 28 8 21 14 29 3 21 21 35 39 20 39
split_gain=1.95831 9.51714 8.67175 7.27687 7.14285 7.13907 8.37671 7.08423 6.20052 6.03316 5.77976 2.73235 3.50928
threshold=0.93572937278134061 0.93238361742259002 -0.0016434693175488497 -0.0016838289716685998 -0.0007174119779063498 0.019313558084640321 0.0011157015557401002 0.00068475217863260009 0.00056595168312405014 0.93472532877696557 0.018958080393432213 0.0025921557076713504 0.042789911672273619
decision_type=2 2 2 2 2 2 2 2 2 2 2 2 2
left_child=1 2 4 -4 -1 6 -2 -8 10 -10 -7 -3 -13
right_child=5 11 3 -5 -6 8 7 -9 9 -11 -12 12 -14
leaf_value=-0.0050801589442624195 -0.039804295638640567 -0.00065991274106116482 0.052080903134110824 0.0017207820009262429 -0.040234017858185908 0.003313248172228396 -0.0013531817221198788 0.015270359372251904 -0.047550318524845626 -0.010544681097662153 -0.021121644549152937 0.053884714112678797 0.011894767740881874
leaf_weight=27.463513620197773 7.5407758653163901 3.5356722176075008 4.6436573937535277 403.53814195096493 13.943074479699133 45.823463000357151 152.81393506005406 56.065982311964035 12.762744903564455 15.745438590645788 23.396631546318531 8.833850145339964 4.9796875566244116
leaf_count=128 35 16 26 1800 62 208 703 261 56 73 106 44 24
internal_value=3.33377e-06 0.00164615 0.000524351 0.0022937 -0.0169177 -0.00243848 0.00161356 0.00310878 -0.0114118 -0.0271116 -0.00494583 0.0307166 0.0387476
internal_weight=781.087 466.938 449.588 408.182 41.4066 314.149 216.421 208.88 97.7283 28.5082 69.2201 17.3492 13.8135
internal_count=3542 2100 2016 1826 190 1442 999 964 443 129 314 84 68
is_linear=0
shrinkage=0.04


Tree=168
num_leaves=9
num_cat=0
split_feature=7 14 40 28 22 28 29 14
split_gain=1.94556 2.43481 5.31497 2.61464 9.39345 9.28687 2.46364 1.56488
threshold=0.0023326425637539504 0.0017353790610998502 0.48806421956954177 0.93572937278134061 -0.32681413070180293 0.93238361742259002 0.041546908875578457 0.0021360311601239007
decision_type=2 2 2 2 2 2 2 2
left_child=1 3 7 5 -5 -1 -4 -3
right_child=-2 2 6 4 -6 -7 -8 -9
leaf_value=0.00063224014109076858 -0.026118275646935332 0.056982455783718348 0.013096018506084274 0.0054203567913308874 -0.0088444916212563583 0.031092171255357192 -0.02897555235071057 0.021663945881454635
leaf_weight=436.4463330283761 4.5355345085263243 3.8880144506692904 4.8997783809900266 124.59303878992796 181.3910531885922 16.625217363238335 4.0825628787279129 4.1494009867310524
leaf_count=1949 26 20 22 572 829 81 20 23
internal_value=3.50215e-06 0.000156163 0.0151186 -0.000179328 -0.00303602 0.00174995 -0.00602593 0.0387489
internal_weight=780.611 776.075 17.0198 759.056 305.984 453.072 8.98234 8.03742
internal_count=3542 3516 85 3431 1401 2030 42 43
is_linear=0
shrinkage=0.04


Tree=169
num_leaves=10
num_cat=0
split_feature=22 22 22 36 27 27 1 8 31
split_gain=1.91455 5.89583 9.55441 6.77176 6.34872 5.09403 4.27747 9.78416 3.24187
threshold=-2.7675443081758853 -2.3527314467351519 -2.2072859176680493 0.53754392099834292 0.35621617870119698 0.45415245171017254 -14.389743249477759 -0.0011040141747194496 0.74717178304357823
decision_type=2 2 2 2 2 2 2 2 2
left_child=6 3 4 -2 -3 -5 7 -1 -4
right_child=1 2 8 5 -6 -7 -8 -9 -10
leaf_value=0.0054906685032317173 -0.017602175152788217 -0.072163492784180744 0.0104784086086293 0.013255896824860555 -0.0079166351956084721 0.058145260927283865 0.014397867637002622 -0.067598242802503358 -0.00046112348672042224
leaf_weight=6.6185478940606126 5.491819120943549 4.8307012021541578 46.273089323192835 8.8573924899101275 5.0166029334068298 7.4442225992679587 6.0732607692480078 5.2590285539627084 684.46183179318905
leaf_count=35 25 21 258 40 21 33 26 25 3058
internal_value=3.59359e-06 0.000307621 -0.000295805 0.0208132 -0.0394336 0.0337549 -0.0129085 -0.0268709 0.000231612
internal_weight=780.326 762.376 740.582 21.7934 9.8473 16.3016 17.9508 11.8776 730.735
internal_count=3542 3456 3358 98 42 73 86 60 3316
is_linear=0
shrinkage=0.04


Tree=170
num_leaves=7
num_cat=0
split_feature=1 8 6 28 22 28
split_gain=1.90116 2.39869 8.20672 2.27989 9.23677 8.06667
threshold=148.94596996308977 0.0027945433611626003 0.00072895343733680009 0.93572937278134061 -0.32681413070180293 0.93238361742259002
decision_type=2 2 2 2 2 2
left_child=1 3 -3 5 -5 -1
right_child=-2 2 -4 4 -6 -7
leaf_value=0.00061811487575394756 -0.026644784816352397 0.058957610382777519 -0.011595173784483935 0.0054937288563458057 -0.0086866588576887324 0.028614727790710739
leaf_weight=445.05590092763305 4.2601096443831912 4.6478858664631826 6.0999640971422195 125.49292860925198 177.38061144948006 17.099235914647579
leaf_count=1992 26 24 30 577 809 84
internal_value=3.52972e-06 0.000149867 0.0189152 -0.000113767 -0.00281114 0.00165396
internal_weight=780.037 775.777 10.7478 765.029 302.874 462.155
internal_count=3542 3516 54 3462 1386 2076
is_linear=0
shrinkage=0.04


Tree=171
num_leaves=14
num_cat=0
split_feature=22 36 31 23 38 8 1 9 2 10 31 32 40
split_gain=1.97089 6.4306 5.73516 9.2085 5.12834 4.89385 6.71129 8.11521 6.58345 6.71907 5.7845 5.7318 4.0785
threshold=-0.95811756168640871 0.82847442430726337 0.73316759101394446 6.3611255621789251 0.97185042504244445 -0.00040560044457069996 -16.369598920849963 0.00046154606410317721 0.48216123230560709 0.00053820037484145005 0.94889534421036792 0.00053269643376748063 0.46350258280463386
decision_type=2 2 2 2 2 2 2 2 2 2 2 2 2
left_child=1 2 12 -4 -3 8 7 -7 9 -2 -8 -10 -1
right_child=5 4 3 -5 -6 6 10 -9 11 -11 -12 -13 -14
leaf_value=-0.0619708555853377 0.0044870490305139107 -0.0086925955579005461 -0.012463407068602224 0.0097625007845349374 -0.062193445413283151 -0.047271542170528619 -0.004067799599324292 -0.0058387200320045808 0.03542631085442545 -0.045284915976612265 0.0060023880416681108 -0.0097807531333594742 -0.012833415565686613
leaf_weight=3.7508006244897834 185.46172597259283 6.3754824399948102 49.406696416437626 75.255822643637657 5.2086570486426353 10.668494231998919 224.36809157580137 25.989120118319988 19.511073365807537 4.4436798095703116 153.84656324982643 5.827800676226615 9.6718718931078893
leaf_count=16 847 33 222 344 26 47 1030 111 83 21 684 31 47
internal_value=3.63458e-06 -0.00412254 -0.00172107 0.000953849 -0.0327486 0.00098371 -0.00155541 -0.0178969 0.00587774 0.00332241 2.84556e-05 0.0250289 -0.0265643
internal_weight=779.786 149.669 138.085 124.663 11.5841 630.117 414.872 36.6576 215.244 189.905 378.215 25.3389 13.4227
internal_count=3542 688 629 566 59 2854 1872 158 982 868 1714 114 63
is_linear=0
shrinkage=0.04


Tree=172
num_leaves=13
num_cat=0
split_feature=10 35 31 26 21 22 27 35 2 26 35 37
split_gain=1.94788 5.61083 4.98872 5.99427 4.82656 4.81515 4.60194 3.78082 9.38855 8.45913 4.13067 3.59095
threshold=0.00020159491131725002 0.85196408811405655 0.77412126582240681 0.014503525093517112 0.0012341204705291502 0.14837957463459392 0.050752361671010431 0.76212893164134765 0.66358304336533802 0.014507243566290124 0.77151928857284668 0.35927199456886949
decision_type=2 2 2 2 2 2 2 2 2 2 2 2
left_child=7 4 6 -4 5 -2 -3 8 9 -1 -9 -12
right_child=1 2 3 -5 -6 -7 -8 10 -10 -11 11 -13
leaf_value=0.031106856512888813 -0.014126623212735388 0.05452287501471674 0.017304957481356631 -0.00030362774802213322 -0.037689926342061024 0.016621641698024343 0.0096276481533163656 -0.033706729772613228 -0.030237558323977835 -0.015772687641749845 -0.0012892584133371598 -0.025699910225308077
leaf_weight=25.06035665422678 23.159272138029337 6.2999684810638419 42.058066293597221 116.92627298086882 7.9941878840327254 12.572349295020102 8.694914296269415 6.5563716515898696 7.3987486101686946 8.1651259735226613 504.80272484198213 9.8298206180334073
leaf_count=120 106 29 182 521 37 60 48 29 37 43 2282 48
internal_value=3.37094e-06 0.00321548 0.00643476 0.00435459 -0.00959364 -0.00330769 0.02849 -0.00124133 0.010512 0.0195863 -0.00215745 -0.00175552
internal_weight=779.518 217.705 173.979 158.984 43.7258 35.7316 14.9949 561.813 40.6242 33.2255 521.189 514.633
internal_count=3542 983 780 703 203 166 77 2559 200 163 2359 2330
is_linear=0
shrinkage=0.04


Tree=173
num_leaves=12
num_cat=0
split_feature=34 8 0 1 1 19 9 23 1 8 31
split_gain=1.8806 6.57469 6.45035 9.56646 5.63692 3.19733 5.65479 6.85456 2.65913 8.64311 6.18134
threshold=0.01706386775059306 0.0007371189300507501 60.514789501083641 6.5504636895566373 37.109286904858898 2.6924762535433047 0.00046451729549483955 1.0418247709086648 -16.369598920849963 -4.477795159138848e-05 0.98673812082150658
decision_type=2 2 2 2 2 2 2 2 2 2 2
left_child=1 2 3 -1 -3 8 -7 -8 9 -2 -10
right_child=5 4 -4 -5 -6 6 7 -9 10 -11 -12
leaf_value=-0.0066415148464286713 -0.00034264002831608452 0.045256679352688602 0.019606027600948012 -0.04683146832754502 -0.0097246337837158196 0.022342964190785981 -0.049653593588086145 0.0008711320244270648 -2.1963185243175924e-05 -0.034564065368989788 0.0109635636078881
leaf_weight=32.995865046977997 286.30684475600719 6.5878656655549985 8.56390582770109 13.29430468380451 5.4532132297754288 5.1865276992321041 8.9147101938724536 8.2928490638732892 274.4910640232265 12.316460296511648 116.8343382999301
leaf_count=147 1316 30 38 60 24 22 40 37 1253 54 521
internal_value=3.62958e-06 -0.00640877 -0.012284 -0.0181839 0.0203565 0.00060581 -0.014269 -0.0253042 0.00108861 -0.00175407 0.00325788
internal_weight=779.238 66.8952 54.8541 46.2902 12.0411 712.343 22.3941 17.2076 689.949 298.623 391.325
internal_count=3542 299 245 207 54 3243 99 77 3144 1370 1774
is_linear=0
shrinkage=0.04


Tree=174
num_leaves=11
num_cat=0
split_feature=32 3 3 35 37 22 1 6 24 0
split_gain=1.91955 2.69675 2.33656 5.87353 7.33302 5.67676 3.78511 5.98395 4.49763 1.29616
threshold=0.00067697001235674534 0.0040957969154121008 0.0054760953686316003 0.82956193413084844 0.13546801263009695 -0.74289548790657534 109.60747624615762 0.00067002730990205011 0.29166666666618063 34.702437481121919
decision_type=2 2 2 2 2 2 2 2 2 2
left_child=2 -2 6 4 -4 -5 8 -8 -1 -3
right_child=1 9 3 5 -6 -7 7 -9 -10 -11
leaf_value=0.00019815601641346968 -0.010730660060632233 0.014771997691673111 -0.051657482072104223 -0.033320725705641346 0.016432763907474321 0.021038070802025161 0.04338619669263051 -0.0066043965009019981 -0.024417159610101977 0.051525216456283537
leaf_weight=714.6108138859272 3.4048035964369756 2.9895191192626953 8.8113487586379069 4.3376053944230071 3.5503239259123793 10.550240203738211 8.1351886019110662 7.2414361536502829 12.077341139316557 3.1561280973255634
leaf_count=3188 20 19 42 22 22 64 45 37 57 26
internal_value=3.44e-06 0.0178259 -0.000217813 -0.0117215 -0.0321017 0.00520052 0.000204618 0.0198437 -0.000210943 0.0336468
internal_weight=778.865 9.55045 769.314 27.2495 12.3617 14.8878 742.065 15.3766 726.688 6.14565
internal_count=3542 65 3477 150 64 86 3327 82 3245 45
is_linear=0
shrinkage=0.04


Tree=175
num_leaves=15
num_cat=0
split_feature=3 26 9 1 3 0 40 7 22 26 33 35 40 0
split_gain=1.88325 6.5416 8.02875 6.75105 6.14412 5.5524 6.9957 7.18559 5.93665 8.03752 6.76462 5.33999 4.82489 3.9422
threshold=0.0028116711868058507 0.014504905324996839 0.00051445776569499131 53.471750752476517 0.0031846377336363003 36.414429696794052 0.46019402145808025 -0.0014551285369730498 2.4630160401695629 0.014507311574725516 -0.10526315789473688 1.0353087920626578 0.52332481809861575 16.902775537481109
decision_type=2 2 2 2 2 2 2 2 2 2 2 2 2 2
left_child=5 11 3 -3 -4 6 -1 -8 10 -10 -7 13 -13 -2
right_child=1 2 4 -5 -6 8 7 -9 9 -11 -12 12 -14 -15
leaf_value=-0.062705540430958329 0.048325613457254175 -0.0087504023971193123 0.019121389230986909 -0.048219364670161191 -0.0012481882810650674 0.0078904717896664464 -0.057912586630638696 -0.0053739687107383881 0.044001342099967193 -0.019718630477897667 -0.0039203561982427519 0.0063405236444717241 -0.035544210393018298 0.013378155805126168
leaf_weight=4.0245673581957808 5.5732443854212752 29.863081395626068 28.663799807429314 9.0308053791522962 136.6157081797719 107.63380021601915 4.4324886947870246 69.043122783303261 10.587097086012362 4.5193518698215476 277.96448797732592 13.555584177374842 6.5155194699764243 70.41748384386301
leaf_count=18 25 136 138 40 688 473 20 309 50 20 1224 61 28 312
internal_value=3.52047e-06 0.00248653 -0.0015634 -0.0179147 0.00228443 -0.00155541 -0.011356 -0.00854341 0.000340133 0.0249384 -0.000623546 0.0110944 -0.00725618 0.0159412
internal_weight=778.44 300.235 204.173 38.8939 165.28 478.205 77.5002 73.4756 400.705 15.1064 385.598 96.0618 20.0711 75.9907
internal_count=3542 1428 1002 176 826 2114 347 329 1767 70 1697 426 89 337
is_linear=0
shrinkage=0.04


Tree=176
num_leaves=10
num_cat=0
split_feature=32 22 1 25 21 9 39 2 13
split_gain=1.86415 3.96447 4.89579 4.88498 2.70288 2.82627 3.46419 3.1438 0.387687
threshold=0.00063371408424002876 2.8089867902767187 -32.800447557980071 0.75000000000000011 0.0025034896880960001 0.00066483067424154003 0.2655755394068518 0.54314834329366002 -0.00030591526590564996
decision_type=2 2 2 2 2 2 2 2 2
left_child=4 2 3 -2 5 6 -1 -7 -4
right_child=1 -3 8 -5 -6 7 -8 -9 -10
leaf_value=-0.00042410070283193345 0.029025380164314437 -0.02875162958455451 0.029275944113936574 -0.014989557816988495 -0.028890315633466352 -0.036558892580904535 0.013437986721607412 0.0054801361085836213 0.049342237779759913
leaf_weight=703.4494823217392 7.1112413406372168 3.6189391687512389 2.198626697063446 9.3245392963290197 5.2793880701065055 7.0438945293426496 30.07792492210865 4.7761132642626762 5.1466076113283625
leaf_count=3132 51 18 19 55 29 36 137 26 39
internal_value=3.70718e-06 0.0102517 0.0161872 0.00405431 -0.000370375 -0.000168364 0.000144307 -0.0195722 0.0433359
internal_weight=778.027 27.4 23.781 16.4358 750.627 745.347 733.527 11.82 7.34523
internal_count=3542 182 164 106 3360 3331 3269 62 58
is_linear=0
shrinkage=0.04


Tree=177
num_leaves=10
num_cat=0
split_feature=22 22 22 36 27 27 7 1 32
split_gain=1.84202 5.66114 8.70387 6.28502 5.65751 4.695 4.10678 8.34423 3.52516
threshold=-2.7675443081758853 -2.3527314467351519 -2.2072859176680493 0.53754392099834292 0.35621617870119698 0.45415245171017254 -0.00011390892593714999 -53.351836342604649 0.00067002887059308561
decision_type=2 2 2 2 2 2 2 2 2
left_child=6 3 4 -2 -3 -5 7 -1 -4
right_child=1 2 8 5 -6 -7 -8 -9 -10
leaf_value=0.0066174339108624981 -0.016507495022451239 -0.068546111068454887 -9.9193642822611937e-05 0.013396745325115979 -0.0078658634928927152 0.05676401858626022 0.014971889034721235 -0.060180985486854993 0.024814502031927803
leaf_weight=6.1093782633543023 5.4824060797691372 4.8304770886898023 719.31307496502995 8.803260266780855 5.0062140077352524 7.311648726463317 5.7746165841817847 5.863985739648343 9.2032973468303663
leaf_count=33 25 21 3248 40 21 33 26 27 68
internal_value=3.84858e-06 0.000301346 -0.000289109 0.0204874 -0.0376639 0.0330733 -0.0127347 -0.0260973 0.000215539
internal_weight=777.698 759.95 738.353 21.5973 9.83669 16.1149 17.748 11.9734 728.516
internal_count=3542 3456 3358 98 42 73 86 60 3316
is_linear=0
shrinkage=0.04


Tree=178
num_leaves=12
num_cat=0
split_feature=10 32 3 31 23 9 10 28 22 28 35
split_gain=1.81666 6.02374 9.51915 6.08719 4.90854 4.46141 3.82534 3.61821 7.60327 3.41246 3.78399
threshold=0.00020159491131725002 0.0005371341960427958 0.0017742501869580502 0.77412126582240681 -0.172041110717191 0.00052363567210072343 0.00016614181269485002 0.96189419532451736 0.43802605446568749 0.65781112659444696 1.1581676209500722
decision_type=2 2 2 2 2 2 2 2 2 2 2
left_child=6 3 -3 -2 -5 -4 9 8 -8 -1 -11
right_child=1 2 5 4 -6 -7 7 -9 -10 10 -12
leaf_value=0.025249238398377477 0.051369667409550158 -0.063176634323400815 -0.023871949257016144 -0.01018824230107738 0.0095938595529700618 0.0024153493031573952 -0.035611652746981075 0.015623802630713519 0.015966314015857394 0.00055848399603304285 -0.0091343842217973554
leaf_weight=8.1502046436071378 4.9426124691963187 4.4419681727886191 12.816251344978808 24.209175139665604 117.35387904196978 53.249788973480463 17.339638493955142 4.9461699724197379 6.2108649462461463 448.54704682528973 75.252762533724308
leaf_count=38 25 22 58 107 510 261 75 22 29 2048 347
internal_value=3.88698e-06 0.00311117 -0.00649516 0.00773436 0.00621086 -0.00268416 -0.0011993 -0.0154773 -0.0220092 -0.00043443 -0.000834062
internal_weight=777.46 217.014 70.508 146.506 141.563 66.066 560.447 28.4967 23.5505 531.95 523.8
internal_count=3542 983 341 642 617 319 2559 126 104 2433 2395
is_linear=0
shrinkage=0.04


Tree=179
num_leaves=15
num_cat=0
split_feature=40 36 35 24 3 31 27 31 23 3 23 23 3 14
split_gain=1.84846 4.82259 6.37153 6.6555 5.03189 7.07475 6.35213 3.17869 3.02739 15.4847 10.6128 7.63281 8.63116 8.30668
threshold=0.50033590339765233 0.79322416823398811 0.91938952604730073 0.058333333333236058 0.0013141020768078502 1.121987105824896 0.20794906412009892 1.0425002508544277 2.298842207708212 0.0012188074927234501 5.1849697441918252 0.92662306905329295 0.0013779263993265003 -0.00041778303580929994
decision_type=2 2 2 2 2 2 2 2 2 2 2 2 2 2
left_child=8 4 7 -4 5 -2 -6 -3 11 -10 -11 12 -1 -13
right_child=1 2 3 -5 6 -7 -8 -9 9 10 -12 13 -14 -15
leaf_value=0.023679925541480011 -0.031760771311517395 -0.053088445688865671 0.025172556193323654 -0.017882966371251269 0.0031167507960203583 0.025525103292546675 -0.013474014678119072 -0.010837266355807642 -0.074737817004998527 -0.017498209742210547 0.0049453832903004957 -0.010848781153903695 -0.0025603360126685475 0.029561905187921657
leaf_weight=23.436442211270332 16.248913958668712 8.3412163034081441 8.43195638805628 18.022276468575001 265.178461804986 4.3788988292217246 42.896836280822754 4.3268341273069373 4.5315773189067832 43.122807338833809 154.44682498276234 10.700006626546381 139.06559819728136 33.99981664866209
leaf_count=101 77 40 38 82 1158 21 215 20 19 197 744 50 612 168
internal_value=3.7674e-06 -0.00205411 -0.0153302 -0.00415956 -0.000473995 -0.0196001 0.000806629 -0.0386574 0.00185311 -0.00163014 4.67016e-05 0.00525061 0.0012241 0.0198886
internal_weight=777.128 367.825 39.1223 26.4542 328.703 20.6278 308.075 12.6681 409.303 202.101 197.57 207.202 162.502 44.6998
internal_count=3542 1651 180 120 1471 98 1373 60 1891 960 941 931 713 218
is_linear=0
shrinkage=0.04


Tree=180
num_leaves=8
num_cat=0
split_feature=8 15 40 29 10 38 8
split_gain=1.81481 2.93758 3.84848 3.43416 2.92889 6.0487 4.28101
threshold=-0.0038436253312295493 -0.0021047766038997493 0.46237370259477517 0.011022756420685847 -0.00079479841680039985 0.99999999981456933 -0.0022436844492967995
decision_type=2 2 2 2 2 2 2
left_child=-1 2 -2 -4 5 -3 -6
right_child=1 4 3 -5 6 -7 -8
leaf_value=0.0247953586494409 -0.040317599289096367 0.0015935896421324037 0.029450468216220049 -0.010418272040447216 0.016796599229802686 -0.055175459249904392 0.00016229539929968868
leaf_weight=4.6957207322120658 6.0306110233068457 8.589329004287718 3.9477074071764973 27.798996105790138 25.668964870274067 4.6173561289906493 694.96574690565467
leaf_count=30 26 38 20 136 120 22 3150
internal_value=3.60785e-06 -0.000147263 -0.011025 -0.00546059 0.000412711 -0.0182542 0.000754808
internal_weight=776.314 771.619 37.7773 31.7467 733.841 13.2067 720.635
internal_count=3542 3512 182 156 3330 60 3270
is_linear=0
shrinkage=0.04


Tree=181
num_leaves=13
num_cat=0
split_feature=31 32 20 23 40 20 40 3 20 8 27 23
split_gain=1.81105 9.23697 9.45164 8.32005 5.5032 8.11391 10.6031 7.53422 6.48651 4.85143 2.8311 2.39293
threshold=0.85821961956902515 0.0004739108087943418 0.0025940695944356505 -0.31231434287701826 0.44900805115602277 0.0025991681826365003 0.52076362471969284 0.0033813150944248505 0.0025978069755606004 0.00077228872720630016 0.25897536869982557 3.5726485912167081
decision_type=2 2 2 2 2 2 2 2 2 2 2 2
left_child=1 11 -3 -4 8 7 -7 -6 9 -2 -10 -1
right_child=4 2 3 -5 5 6 -8 -9 10 -11 -12 -13
leaf_value=0.058170372208444572 -0.031017337671073234 -0.060127250247573018 0.048437640267948535 0.0010991059288615772 -0.0011261904105770843 -0.0057942991195490999 -0.037126113774155575 0.015675594313787782 0.049141200541622319 0.018817757229771723 0.011557549615894905 0.017286553725284533
leaf_weight=5.6604471802711469 5.8104638606309909 3.9300228506326667 6.1196164637804022 202.85335428640246 322.28674525767565 136.06334452331066 19.795890405774117 49.223942302167416 8.8148677125573141 6.7637998685240746 5.0406049042940131 3.8475772514939308
leaf_count=25 25 17 28 983 1412 616 90 219 44 33 25 25
internal_value=3.43214e-06 0.00305226 0.0013296 0.00248538 -0.00122101 -0.00211365 -0.00977379 0.00109999 0.0165906 -0.00421063 0.0354683 0.0416261
internal_weight=776.211 222.411 212.903 208.973 553.8 527.37 155.859 371.511 26.4297 12.5743 13.8555 9.50802
internal_count=3542 1078 1028 1011 2464 2337 706 1631 127 58 69 50
is_linear=0
shrinkage=0.04


Tree=182
num_leaves=7
num_cat=0
split_feature=26 20 15 14 3 22
split_gain=1.75474 2.19869 4.41749 2.21944 6.69744 4.83025
threshold=0.014501850875429196 0.0025885883831099506 1.4481071314740406e-05 -0.00051275600958079987 0.0011157015557401002 -0.58107261667616339
decision_type=2 2 2 2 2 2
left_child=-1 2 -2 4 -3 -5
right_child=1 3 -4 5 -6 -7
leaf_value=-0.021019900808325366 0.044870172921761979 -0.064941631653517656 -0.0093822617514893875 -0.0050549626971571719 -0.0027081102548695848 0.0035156982614131366
leaf_weight=6.3005083948373786 5.0686121135950071 2.8036893755197516 4.5633238554000854 142.22000719606876 210.37735045701265 404.30961369723082
leaf_count=28 22 13 20 646 967 1846
internal_value=3.72812e-06 0.000175901 0.019167 -6.48766e-05 -0.00352659 0.00128541
internal_weight=775.643 769.343 9.63194 759.711 213.181 546.53
internal_count=3542 3514 42 3472 980 2492
is_linear=0
shrinkage=0.04


Tree=183
num_leaves=8
num_cat=0
split_feature=7 14 29 40 38 18 28
split_gain=1.79644 2.20619 4.98033 4.97981 2.94254 6.52436 3.46842
threshold=0.0023326425637539504 0.0017353790610998502 0.025961897151092189 0.48806421956954177 0.66153897006076157 1.0000000180025095e-35 0.93572937278134061
decision_type=2 2 2 2 2 2 2
left_child=1 4 -3 -4 5 -1 -6
right_child=-2 2 3 -5 6 -7 -8
leaf_value=0.0014218461947001668 -0.025469857021187807 0.043934099690395335 0.031374839758508334 -0.023999371064123896 0.0028368370540440687 -0.028258821938695111 -0.0028783297565876352
leaf_weight=32.378399297595024 4.4044036939740172 5.9391331151127842 4.3544446453452093 6.4436441957950592 416.14943864196539 18.689859576523304 287.12279400974512
leaf_count=151 26 30 24 31 1871 88 1321
internal_value=3.51431e-06 0.000149018 0.014513 -0.00166913 -0.000169688 -0.00944063 0.000503523
internal_weight=775.482 771.078 16.7372 10.7981 754.34 51.0683 703.272
internal_count=3542 3516 85 55 3431 239 3192
is_linear=0
shrinkage=0.04


Tree=184
num_leaves=12
num_cat=0
split_feature=2 2 29 2 34 13 0 2 32 6 38
split_gain=1.72926 6.06262 5.97961 5.71571 6.10517 5.19547 4.84468 4.79935 4.18193 3.87211 1.16787
threshold=0.99955657180508284 0.94136167755919742 0.020210765727689029 1.0126942024856123 0.042093640458984859 0.00059444558817225014 62.999918386859967 0.90870205318531483 0.00053517589279601185 0.00048291640202905009 0.95613529623672866
decision_type=2 2 2 2 2 2 2 2 2 2 2
left_child=1 7 10 -2 -5 -4 -6 9 -9 -1 -3
right_child=3 2 5 4 6 -7 -8 8 -10 -11 -12
leaf_value=-0.00050925039385306143 -0.045095208842429964 0.031319773604597312 -0.020746683750717927 0.037726432856952381 -0.047718594897267097 0.023132825092910526 -0.0024929725279080107 -0.0089413842143328277 -0.054853040759352274 0.012156670629485587 0.060687359398194127
leaf_weight=648.67865778133273 5.6982586085796347 4.2069859951734561 7.0627082139253643 5.2905919104814521 4.3842153400182715 11.107074059545992 27.952253587543964 10.842220216989515 4.4884129464626303 41.063004195690155 4.4671711176633835
leaf_count=2954 26 20 32 23 19 52 127 49 21 199 20
internal_value=3.49968e-06 0.000463133 0.0191206 -0.00776132 -0.00210746 0.00607659 -0.00862471 -0.000247206 -0.0223831 0.000244801 0.046444
internal_weight=775.242 731.916 26.8439 43.3253 37.6271 18.1698 32.3365 705.072 15.3306 689.742 8.67416
internal_count=3542 3347 124 195 169 84 146 3223 70 3153 40
is_linear=0
shrinkage=0.04


Tree=185
num_leaves=6
num_cat=0
split_feature=15 2 9 10 32
split_gain=1.78538 4.93348 2.41792 4.47481 3.93931
threshold=-0.0033291342857830497 -0.17335875486521907 0.00064825973239121309 -0.00039323728276529995 0.00060494683574229826
decision_type=2 2 2 2 2
left_child=-1 -2 4 -4 -3
right_child=1 2 3 -5 -6
leaf_value=0.022272992164148849 -0.039556150175621918 -4.6788582958865554e-05 0.029963874949885134 -0.016543509201201418 0.014720242925050262
leaf_weight=5.7176153212785712 5.0529865995049468 703.24245731532574 3.7705165371298817 27.112519305199385 30.142560098320246
leaf_count=30 24 3129 23 156 180
internal_value=3.50546e-06 -0.000162002 9.84539e-05 -0.0108654 0.000560145
internal_weight=775.039 769.321 764.268 30.883 733.385
internal_count=3542 3512 3488 179 3309
is_linear=0
shrinkage=0.04


Tree=186
num_leaves=7
num_cat=0
split_feature=23 23 2 7 29 0
split_gain=1.7953 1.87657 3.97139 2.32063 8.2725 6.67424
threshold=-0.75855984060644899 -0.67526693013186734 0.49639067071027021 0.00020530414814330002 0.019568218951345209 67.429076527407474
decision_type=2 2 2 2 2 2
left_child=-1 2 -2 5 -5 -3
right_child=1 3 -4 4 -6 -7
leaf_value=0.027277700962853559 -0.043271442555351085 0.0013152689808469387 0.0087915612197429684 0.00701391760666347 -0.0073732363986505145 0.046214018562029294
leaf_weight=3.842306360602378 4.8126566261053068 464.28238222748041 4.5705882012844086 94.576410729438066 197.43465847894549 5.3584184423089019
leaf_count=28 22 2115 20 441 891 25
internal_value=3.42029e-06 -0.000132496 -0.0179115 8.65343e-05 -0.00271353 0.00182755
internal_weight=774.877 771.035 9.38324 761.652 292.011 469.641
internal_count=3542 3514 42 3472 1332 2140
is_linear=0
shrinkage=0.04


Tree=187
num_leaves=9
num_cat=0
split_feature=28 23 30 38 10 35 35 24
split_gain=1.73752 4.58522 4.43693 3.40565 2.29408 7.72766 4.55872 1.15505
threshold=0.67617062445752096 2.9369111936097223 0.18107214317148809 0.82481939787943859 0.00025287926948665008 0.87760057214446308 1.1581676209500722 0.074999999999874958
decision_type=2 2 2 2 2 2 2 2
left_child=1 3 4 -1 6 -6 -2 -4
right_child=2 -3 7 -5 5 -7 -8 -9
leaf_value=0.018517751699760315 0.00028284409707686643 0.046467972435235164 -0.045585207151298233 -0.028335682986262833 -0.010424259461964293 0.0089517553066326035 -0.0099260411930731946 -0.015398326242931646
leaf_weight=5.8103721886873227 495.50902123749256 4.6505869403481475 3.8387524485588056 4.3334591016173363 44.020383544266224 130.76373420655727 81.495519399642944 4.2996258810162544
leaf_count=27 2259 22 20 21 204 590 377 22
internal_value=3.37987e-06 0.0135799 -0.000260931 -0.0014981 5.70758e-05 0.00407179 -0.00115905 -0.029637
internal_weight=774.721 14.7944 759.927 10.1438 751.789 174.784 577.005 8.13838
internal_count=3542 70 3472 48 3430 794 2636 42
is_linear=0
shrinkage=0.04


Tree=188
num_leaves=13
num_cat=0
split_feature=34 8 37 24 8 0 2 9 40 32 9 25
split_gain=1.72195 5.91916 5.61517 7.18537 6.08953 5.201 2.96896 4.72127 5.80082 3.5409 8.77478 8.06952
threshold=0.01706386775059306 0.0007371189300507501 0.074266654992176731 0.10833333333315277 -0.00070241254029374987 57.808377681105377 1.0392574184746277 0.00046264442622723407 0.49898167880201577 0.00054302147269305677 0.00051361821314373885 0.75000000000000011
decision_type=2 2 2 2 2 2 2 2 2 2 2 2
left_child=1 2 3 -1 -4 -3 9 -8 -9 10 -2 -11
right_child=6 5 4 -5 -6 -7 7 8 -10 11 -12 -13
leaf_value=-0.0096268598568052706 -0.0010027094339063124 0.043992951367814774 0.0087851274639566962 0.043266250145328158 -0.044587251167246253 -0.0090648819359608508 0.019051306095785342 -0.0045245244602710576 -0.049870538092817863 -0.0094031445766887753 0.010323024265941285 0.007332079948602954
leaf_weight=32.315952859818935 315.67365432530642 6.3826045989990217 4.6601040661335018 4.7080033868551245 12.856716267764567 5.5061137974262238 5.6141888946294811 11.226499378681185 7.5486759394407263 128.51451643928885 167.54357078671455 71.887716077268124
leaf_count=144 1381 29 21 21 59 25 24 51 35 631 763 358
internal_value=3.28967e-06 -0.00615438 -0.011729 -0.00290092 -0.0303883 0.0194199 0.000581038 -0.0131325 -0.0227562 0.00107029 0.00292421 -0.00339993
internal_weight=774.438 66.4295 54.5408 37.024 17.5168 11.8887 708.009 24.3894 18.7752 683.619 483.217 200.402
internal_count=3542 299 245 165 80 54 3243 110 86 3133 2144 989
is_linear=0
shrinkage=0.04


Tree=189
num_leaves=12
num_cat=0
split_feature=40 18 15 29 30 25 23 31 31 29 20
split_gain=1.67915 4.17444 8.20505 6.65936 5.41089 10.7289 6.28598 2.91662 4.66522 7.44697 4.67259
threshold=0.49932953886379855 1.0000000180025095e-35 0.0019242199323101503 0.0097906890065224492 0.03007809573684728 0.90000000000000013 0.95912134566792717 1.2981694280564906 1.1739048812097974 0.015853656621140352 0.0025887102236667003
decision_type=2 2 2 2 2 2 2 2 2 2 2
left_child=7 4 3 -3 6 -6 -2 8 10 -10 -1
right_child=1 2 -4 -5 5 -7 -8 -9 9 -11 -12
leaf_value=0.038991550680846296 -0.010666488468874247 -0.024811423274713938 -0.040291933104807567 0.0076626685964157797 -0.01412604282379556 0.026741495871747817 0.009892131104577883 0.0291253589930019 0.020656639628809273 -0.041983741247515631 0.0017098702263042942
leaf_weight=5.4591478556394568 39.38337054848671 10.921263962984083 6.6223454512655726 134.95894661173224 119.73796752840281 11.24339437484741 60.123781338334084 6.1724697649478903 4.5180421620607367 9.2610967308282834 365.55444410815835
leaf_count=24 187 55 31 591 537 47 273 29 20 39 1709
internal_value=3.1744e-06 -0.00187927 0.00325468 0.00523151 -0.00527613 -0.010618 0.00175535 0.00184722 0.00140965 -0.0214446 0.00225844
internal_weight=773.956 382.991 152.503 145.88 230.489 130.981 99.5072 390.965 384.793 13.7791 371.014
internal_count=3542 1721 677 646 1044 584 460 1821 1792 59 1733
is_linear=0
shrinkage=0.04


Tree=190
num_leaves=15
num_cat=0
split_feature=28 23 23 31 22 31 23 30 8 40 7 32 36 40
split_gain=1.81287 8.53249 12.0789 5.01091 7.06337 4.90744 4.27205 3.92269 6.17625 7.53136 6.99696 5.65625 7.81492 6.71788
threshold=0.96604361155981433 0.90991851482036623 2.3416096298383109 1.0718922724106779 0.13467792170456597 0.97673219153310509 1.2235370890459973 0.024904925972464156 -0.0016434693175488497 0.52039614634420139 0.00020530414814330002 0.00057303006329466886 0.68495647628888146 0.4877275723660614
decision_type=2 2 2 2 2 2 2 2 2 2 2 2 2 2
left_child=7 3 6 -2 -5 -4 -3 11 9 -9 -10 13 -13 -1
right_child=1 2 5 4 -6 -7 -8 8 10 -11 -12 12 -14 -15
leaf_value=0.032002881733916987 -0.031014985891915228 0.0096560901540451872 0.0026516562911679566 0.03764264442049127 -0.032648166273400239 -0.020356269908778309 0.055772916467428567 -0.0052263804529782323 0.0050033725950849543 -0.040692420765178178 -0.004493355828517058 0.0045283445696482402 -0.059122194342972251 0.005623271588118736
leaf_weight=21.025628641247749 24.503926701843739 5.3909297883510572 48.593177884817123 4.7315594106912595 4.4279545322060585 21.349449992179871 7.9587457105517387 42.905676681548357 290.07934300601482 12.334006451070307 216.98311003297567 10.4311161711812 4.3831983953714362 58.204475030303001
leaf_count=100 114 23 226 22 25 98 38 204 1301 58 996 57 21 259
internal_value=2.93841e-06 -0.00458507 0.00228346 -0.0215796 0.00366218 -0.00437134 0.0371498 0.000820485 -0.000444155 -0.0131453 0.000939515 0.00838191 -0.0143043 0.0126237
internal_weight=773.302 116.956 83.2923 33.6634 9.15951 69.9426 13.3497 656.347 562.302 55.2397 507.062 94.0444 14.8143 79.2301
internal_count=3542 546 385 161 47 324 61 2996 2559 262 2297 437 78 359
is_linear=0
shrinkage=0.04


Tree=191
num_leaves=13
num_cat=0
split_feature=3 20 36 31 40 0 35 15 35 32 40 20
split_gain=1.82551 6.53032 6.67919 8.61671 5.46231 5.03096 6.85233 5.41768 4.47456 5.54184 5.40911 4.39977
threshold=0.0028116711868058507 0.0025988912623447504 0.57254107597286874 0.89308332189981332 0.52262914150322193 23.630240129538745 0.95425642445546177 -0.0020606517553928495 1.0353087920626578 0.00046093810059793958 0.52332481809861575 0.0026194812987800002
decision_type=2 2 2 2 2 2 2 2 2 2 2 2
left_child=5 8 3 -3 -4 6 -1 -7 9 -2 -10 -9
right_child=1 2 4 -5 -6 7 -8 11 10 -11 -12 -13
leaf_value=0.0071016001302447495 0.045287460465830806 -0.0021233018813816219 0.0068570218634271055 -0.030949532509049842 -0.023700761702880491 -0.051158107977706022 -0.05718599775793435 3.4141145603252393e-05 0.008590267824748872 0.011521790243424203 -0.035129132298651028 -0.027226479915304184
leaf_weight=4.7771674096584302 8.7774079665541631 55.8785002194345 110.11375916004181 23.598345264792442 10.2289462685585 3.4078973084688178 5.9654540494084358 451.33181808888912 13.955039702355863 68.249919183552265 6.7026867866516104 9.6758883818984014
leaf_count=22 40 282 548 108 53 15 29 2003 63 305 29 45
internal_value=2.99199e-06 0.00246013 -0.00168345 -0.0106824 0.00425966 -0.00153546 -0.0285978 -0.000909472 0.010936 0.0153695 -0.0055951 -0.00053802
internal_weight=772.663 297.505 199.82 79.4768 120.343 475.158 10.7426 464.416 97.6851 77.0273 20.6577 461.008
internal_count=3542 1428 991 390 601 2114 51 2063 437 345 92 2048
is_linear=0
shrinkage=0.04


Tree=192
num_leaves=15
num_cat=0
split_feature=28 28 8 21 21 29 3 13 32 21 30 20 39 0
split_gain=1.75856 7.29395 6.80108 6.79615 6.72742 6.20364 7.21655 6.44748 6.21387 5.71148 5.52964 2.6472 3.14965 0.92159
threshold=0.93572937278134061 0.93238361742259002 -0.0016434693175488497 -0.0016838289716685998 -0.0017445246130010997 0.019313558084640321 0.0011321511708079501 0.00012314830871465002 0.00052065914960254382 0.00068475217863260009 0.024904925972464156 0.0025921557076713504 0.042789911672273619 50.582952321975178
decision_type=2 2 2 2 2 2 2 2 2 2 2 2 2 2
left_child=1 2 4 -4 -1 6 13 8 -7 -8 -9 -3 -13 -2
right_child=5 11 3 -5 -6 7 9 10 -10 -11 -12 12 -14 -15
leaf_value=-0.00076571175940089956 -0.021310845755956355 -0.0037032288978393843 0.051161319023754023 0.001614055216386848 -0.033521484132839292 0.0092250294065841457 -0.001071628488732389 -0.0062577222554159283 -0.016997277245932349 0.01399674264997665 -0.036931239391405198 0.050461073182839739 0.010118959811542146 -0.047780943301384278
leaf_weight=23.147104419767857 4.1279236376285535 3.4585526436567333 4.4789917096495619 399.96262288838625 17.70604046434164 32.644535593688488 149.82022766023874 16.719992395490408 25.955356821417809 55.030397094786167 21.489318087697029 8.3939290903508645 4.9063948467373839 4.2932828366756439
leaf_count=111 20 16 26 1800 79 145 698 80 123 261 95 44 24 20
internal_value=2.81144e-06 0.00156662 0.000591644 0.00216277 -0.0149623 -0.00232743 0.00148443 -0.010725 -0.00238949 0.00297629 -0.0235088 0.0274724 0.0355792 -0.0348058
internal_weight=772.135 462.054 445.295 404.442 40.8531 310.081 213.272 96.8092 58.5999 204.851 38.2093 16.7589 13.3003 8.42121
internal_count=3542 2100 2016 1826 190 1442 999 443 268 959 175 84 68 40
is_linear=0
shrinkage=0.04


Tree=193
num_leaves=15
num_cat=0
split_feature=28 23 23 18 29 3 6 40 28 8 13 31 23 34
split_gain=1.72439 7.85337 11.198 5.76115 4.83221 11.12 6.2549 6.23131 6.12918 6.35358 5.89407 4.53214 4.00234 3.83404
threshold=0.96604361155981433 0.90991851482036623 2.3416096298383109 1.0000000180025095e-35 0.019313558084640321 0.0019506349984125002 0.00036008743388815006 0.48732366335846528 0.93572937278134061 0.0024200908872716504 0.00012314830871465002 0.9630817099852268 1.2235370890459973 0.27253584318319496
decision_type=2 2 2 2 2 2 2 2 2 2 2 2 2 2
left_child=4 3 12 13 5 6 -1 -7 9 -6 -10 -4 -3 -2
right_child=1 2 11 -5 8 7 -8 -9 10 -11 -12 -13 -14 -15
leaf_value=-0.019639126209057004 -0.034692451244615667 0.0093998530328986505 0.0029253746069467053 0.015387855063540058 0.0018031091537476912 0.026943361508740722 0.027614124439496256 0.0061305124477461842 -0.0020446662685747884 -0.03463697178677131 -0.022310400230899839 -0.018696694401387961 0.054249551139355819 0.0073611353122374733
leaf_weight=28.054792918264866 23.511157453060154 5.3822672814130765 46.562584660947323 5.7941966056823722 423.03097840026021 39.289779338985682 5.3342577069997779 55.569528307765722 58.321075789630413 7.796709142625331 37.873576872050762 23.258230447769165 7.7931955307722092 4.069065958261489
leaf_count=125 115 23 217 26 1911 208 23 250 266 40 173 107 38 20
internal_value=2.95068e-06 -0.00448408 0.00210529 -0.0208707 0.000799811 0.00776304 -0.0120899 0.014751 -0.000894659 0.00114365 -0.0100237 -0.00427722 0.0359281 -0.028488
internal_weight=771.641 116.371 82.9963 33.3744 655.271 128.248 33.3891 94.8593 527.022 430.828 96.1947 69.8208 13.1755 27.5802
internal_count=3542 546 385 161 2996 606 148 458 2390 1951 439 324 61 135
is_linear=0
shrinkage=0.04


Tree=194
num_leaves=8
num_cat=0
split_feature=28 23 30 38 2 33 24
split_gain=1.66127 4.31291 4.07395 3.04448 2.16866 2.08549 1.07703
threshold=0.67617062445752096 2.9369111936097223 0.18107214317148809 0.82481939787943859 -0.17335875486521907 1.0000000180025095e-35 0.074999999999874958
decision_type=2 2 2 2 2 2 2
left_child=1 3 4 -1 -2 -6 -4
right_child=2 -3 6 -5 5 -7 -8
leaf_value=0.017658548646386329 -0.024551386953919202 0.045581635299146592 -0.044111654906203029 -0.026850269092226636 0.0022420530157168717 -0.0020048899980516376 -0.014777004697539632
leaf_weight=5.7775911241769773 5.6899326145648947 4.5689604729413977 3.7822823598980886 4.2807646170258522 391.99288790300488 350.35002514719963 4.2558499276638031
leaf_count=27 27 22 20 21 1801 1602 22
internal_value=3.07938e-06 0.0133548 -0.000255229 -0.00128409 4.9142e-05 0.000237701 -0.0285802
internal_weight=770.698 14.6273 756.071 10.0584 748.033 742.343 8.03813
internal_count=3542 70 3472 48 3430 3403 42
is_linear=0
shrinkage=0.04


Tree=195
num_leaves=6
num_cat=0
split_feature=15 2 6 3 15
split_gain=1.67559 4.40089 2.25537 5.72268 5.69444
threshold=-0.0033291342857830497 -0.17335875486521907 -0.0007974878964950499 0.0022903424859942001 -0.0023895147354720996
decision_type=2 2 2 2 2
left_child=-1 -2 3 -3 -4
right_child=1 2 4 -5 -6
leaf_value=0.021625453415336997 -0.03780286506791599 0.06248394158902424 -0.032447456558040051 0.004929647888989923 3.2984843378311295e-05
leaf_weight=5.6918912306427947 4.9366891682147971 3.0789810419082668 8.7409812957048398 27.034090176224709 721.03746401891112
leaf_count=30 24 13 45 136 3294
internal_value=2.96533e-06 -0.00015795 8.66125e-05 0.0108144 -0.000356052
internal_weight=770.52 764.828 759.892 30.1131 729.778
internal_count=3542 3512 3488 149 3339
is_linear=0
shrinkage=0.04


Tree=196
num_leaves=11
num_cat=0
split_feature=36 34 13 36 24 20 38 20 1 1
split_gain=1.63905 4.9269 3.65378 2.25029 5.7405 11.3441 5.40097 7.25334 5.22306 4.82495
threshold=0.30742331191759409 0.044417742161406926 -8.6946820857092131e-06 0.57839485156251835 1.0000000180025095e-35 0.0026036700493225003 0.69563154751842859 0.0025959506800670505 -44.019950049245374 -18.555499390298788
decision_type=2 2 2 2 2 2 2 2 2 2
left_child=1 -1 -3 6 5 -5 7 -2 -6 -8
right_child=3 2 -4 4 8 -7 9 -9 -10 -11
leaf_value=-0.019164848502413054 0.033913613331495847 0.043580870484127322 0.0041658243737351577 -0.043041779633492809 0.010427143521664413 0.012431441787426672 -0.0079927183907243654 -0.027897141383941039 6.9654245811134774e-05 0.0034061829175397167
leaf_weight=6.1632378622889545 3.4793224558234241 7.3092011138796815 7.7561846524476978 12.965629786252977 99.931172601878643 10.82075699418783 101.56472090631723 23.926041521131992 353.34268653392792 143.1597922295332
leaf_count=30 15 33 35 56 475 53 472 114 1612 647
internal_value=2.82381e-06 0.0109633 0.0232886 -0.000307745 0.00134797 -0.0178062 -0.00321031 -0.0200498 0.00235312 -0.00132455
internal_weight=770.419 21.2286 15.0654 749.19 477.06 23.7864 272.13 27.4054 453.274 244.725
internal_count=3542 98 68 3444 2196 109 1248 129 2087 1119
is_linear=0
shrinkage=0.04


Tree=197
num_leaves=13
num_cat=0
split_feature=3 20 9 37 32 0 35 7 1 10 14 28
split_gain=1.63145 5.93357 6.86898 5.77303 5.55589 4.76277 6.40981 4.47242 5.18601 4.25416 5.06069 4.68494
threshold=0.0028116711868058507 0.0025988912623447504 0.00051445776569499131 0.21308101005209815 0.00051814377841637334 23.630240129538745 0.95425642445546177 -0.0014551285369730498 -79.563912857680393 -0.00028677949096369995 -0.0008202069360083499 0.91850126463954807
decision_type=2 2 2 2 2 2 2 2 2 2 2 2
left_child=5 9 3 -3 -4 6 -1 -7 -9 11 -11 -2
right_child=1 2 4 -5 -6 7 -8 8 -10 10 -12 -13
leaf_value=0.0064565799281311358 0.051035437030170619 -0.023248947217076592 0.019629863782124189 0.022257230515893914 -0.0011527249702788665 -0.041198135033114779 -0.056007874461325158 0.044721212493459402 -0.0008627956616854887 -0.028217109055054299 0.0089988281260611723 0.012658074007668128
leaf_weight=4.7739993184804899 7.6609459072351482 32.50094448775053 24.215881980955601 5.1700398176908484 137.12927965074778 4.353290542960166 5.8484672009944916 4.0286227390170088 454.99118831381202 6.3965283930301657 67.948243953287601 15.162717908620833
leaf_count=22 34 147 122 25 697 20 29 18 2025 27 307 69
internal_value=2.76586e-06 0.0023317 -0.00162429 -0.0170036 0.00196648 -0.00145251 -0.0279348 -0.000845425 -0.000462724 0.0104342 0.00579682 0.0255397
internal_weight=770.18 296.185 199.016 37.671 161.345 473.996 10.6225 463.373 459.02 97.1684 74.3448 22.8237
internal_count=3542 1428 991 172 819 2114 51 2063 2043 437 334 103
is_linear=0
shrinkage=0.04


Tree=198
num_leaves=13
num_cat=0
split_feature=31 32 20 23 39 19 31 38 37 13 23 14
split_gain=1.71266 8.50929 8.63532 7.50278 5.31883 5.89431 5.47791 5.40768 6.52508 3.31321 2.768 2.73324
threshold=0.85821961956902515 0.0004739108087943418 0.0025940695944356505 -0.31231434287701826 0.097687077744905884 -2.6528247654827912 0.88645556790878854 0.87426535667393035 0.23114950821800997 -0.0011037589981663998 4.0421947583389644 1.7892602535855303e-05
decision_type=2 2 2 2 2 2 2 2 2 2 2 2
left_child=1 10 -3 -4 5 9 -7 8 -6 -2 -1 -9
right_child=4 2 3 -5 7 6 -8 11 -10 -11 -12 -13
leaf_value=0.057456396145652476 -0.0037166081014276685 -0.057324019400270133 0.046498216875523711 0.0011325823180142894 -0.0022720211068607021 -0.010155690227216144 0.0030485808700651158 -0.050445757820020962 -0.046328094275277863 -0.038554912764495908 0.012431397480643534 -0.014377130349152356
leaf_weight=5.7806977778673154 8.1967289745807665 3.9410318881273261 6.0067585557699195 201.58303390815854 63.175003498792648 57.682424694299698 391.17385457083583 7.236666187644003 5.8795100152492514 9.3499531671404821 3.5118102580308914 6.2775673717260361
leaf_count=26 37 17 28 983 288 258 1749 32 26 46 24 28
internal_value=2.63396e-06 0.00297746 0.00133171 0.00244527 -0.00119399 0.000462625 0.0013517 -0.0105516 -0.00602309 -0.0222806 0.0404406 -0.0336913
internal_weight=769.795 220.823 211.531 207.59 548.972 466.403 448.856 82.5687 69.0545 17.5467 9.29251 13.5142
internal_count=3542 1078 1028 1011 2464 2090 2007 374 314 83 50 60
is_linear=0
shrinkage=0.04


Tree=199
num_leaves=7
num_cat=0
split_feature=23 23 7 23 18 9
split_gain=1.67144 1.78699 3.50524 2.33135 9.40709 3.38214
threshold=-0.75855984060644899 -0.67526693013186734 0.00010366642150310002 -0.30019059011615407 1.0000000180025095e-35 0.0004569740988104987
decision_type=2 2 2 2 2 2
left_child=-1 2 -2 4 -3 -5
right_child=1 3 -4 5 -6 -7
leaf_value=0.026683237335709303 -0.041775434344462896 -0.0068060457049543893 0.0075000780921943124 -0.0071943856101850338 0.023780869055101767 0.00059188022066623954
leaf_weight=3.7385506927967063 4.7098038643598539 34.770893435925245 4.5328100621700287 105.28493143618107 29.941776350140572 586.40957280620933
leaf_count=28 22 161 20 468 133 2710
internal_value=2.61502e-06 -0.000127662 -0.0176095 8.59497e-05 0.00734615 -0.000593291
internal_weight=769.388 765.65 9.24261 756.407 64.7127 691.695
internal_count=3542 3514 42 3472 294 3178
is_linear=0
shrinkage=0.04


Tree=200
num_leaves=10
num_cat=0
split_feature=28 40 6 10 14 8 13 37 36
split_gain=1.61956 4.24238 3.45627 1.97827 6.21919 3.68617 2.91088 5.47117 5.02674
threshold=0.67617062445752096 0.50663261017017036 -7.6778257101379292e-05 -0.00075242335402939998 -0.00095265857395879997 -0.0017839214327273498 -5.4777460093963173e-05 0.059668314310213307 0.30742331191759409
decision_type=2 2 2 2 2 2 2 2 2
left_child=1 2 -1 4 5 -2 8 -8 -5
right_child=3 -3 -4 6 -6 -7 7 -9 -10
leaf_value=-0.024555749978666754 -0.01452482221248512 0.045220805587833902 0.022603712199243169 0.032735043779508893 -0.038399874654064081 0.029813195255996384 -0.0055191412263426035 0.0044753913239039102 0.0020276929489191128
leaf_weight=5.0626033619046202 6.4519518613815308 4.5536742210388175 4.8865578696131697 8.7569938227534276 8.6195818483829481 5.6077305153012293 266.25217226147652 130.63017150387168 328.27412799373269
leaf_count=24 30 21 25 41 39 26 1219 599 1518
internal_value=2.57016e-06 0.0132429 -0.00139325 -0.000251901 -0.0124531 0.00609228 9.18875e-05 -0.00222953 0.00282555
internal_weight=769.096 14.5028 9.94916 754.593 20.6793 12.0597 733.913 396.882 337.031
internal_count=3542 70 49 3472 95 56 3377 1818 1559
is_linear=0
shrinkage=0.04


Tree=201
num_leaves=7
num_cat=0
split_feature=26 20 15 36 20 31
split_gain=1.63729 1.98057 4.0504 1.85845 6.61816 6.43118
threshold=0.014501850875429196 0.0025885883831099506 1.4481071314740406e-05 0.57839485156251835 0.0025892764027815006 1.3534048973150294
decision_type=2 2 2 2 2 2
left_child=-1 2 -2 4 -3 -5
right_child=1 3 -4 5 -6 -7
leaf_value=-0.020354832064824913 0.043042192986293963 -0.04522438269829851 -0.0091705219817651423 0.0010217033468066217 -0.0017249858213657029 0.047573560099630603
leaf_weight=6.2697017341852179 5.0138109773397428 5.7096292227506629 4.5205062329769135 460.98163915798068 281.61492028087378 4.7976989597082129
leaf_count=28 22 26 20 2126 1297 23
internal_value=2.55582e-06 0.000169915 0.0182866 -5.94421e-05 -0.00258939 0.0015012
internal_weight=768.908 762.638 9.53432 753.104 287.325 465.779
internal_count=3542 3514 42 3472 1323 2149
is_linear=0
shrinkage=0.04


Tree=202
num_leaves=14
num_cat=0
split_feature=28 23 34 34 29 3 22 37 28 28 32 40 26
split_gain=1.60967 7.22322 6.55883 7.04152 4.39284 9.97894 6.16055 6.03477 5.57344 6.34696 5.66734 3.40597 4.4184
threshold=0.96604361155981433 -0.15571001377805221 0.0090224161100036279 0.022645972865834998 0.019313558084640321 0.0019506349984125002 -1.2107515192366811 0.075879176348901747 0.93572937278134061 0.93300945413430492 0.00054302147269305677 0.49750291812068653 0.014504367115004373
decision_type=2 2 2 2 2 2 2 2 2 2 2 2 2
left_child=4 11 -3 -4 5 7 -7 -1 9 -6 -10 -2 -13
right_child=1 2 3 -5 8 6 -8 -9 10 -11 -12 12 -14
leaf_value=-0.020162778191254276 -0.045315229651229999 -0.069605461985595002 0.046943549902208746 -0.0011412878649178176 0.00028927936464802811 -0.0058110808729625301 0.019351225026320956 0.021660874429440945 -0.0034735930881321987 0.030102465742932943 -0.025086255894454897 -0.037719782324663609 0.019011752937437523
leaf_weight=26.307760551571846 8.898857995867731 2.1250977963209143 5.149269074201583 90.723737888038158 417.89839816093445 19.682972066104412 74.470547024160624 6.98574374616146 68.970945321023464 11.746482457965611 27.016661178320646 4.5304785892367345 4.2637149095535278
leaf_count=117 39 9 24 427 1892 94 364 31 306 59 133 25 22
internal_value=2.52771e-06 -0.0043462 -9.93422e-05 0.00144131 0.000772893 0.00743522 0.014091 -0.0113872 -0.000842483 0.00110437 -0.00955669 -0.0278687 -0.0102145
internal_weight=768.771 115.691 97.9981 95.873 653.08 127.447 94.1535 33.2935 525.632 429.645 95.9876 17.6931 8.79419
internal_count=3542 546 460 451 2996 606 458 148 2390 1951 439 86 47
is_linear=0
shrinkage=0.04


Tree=203
num_leaves=10
num_cat=0
split_feature=32 22 1 35 35 39 39 22 13
split_gain=1.61331 3.80291 4.62663 5.16387 2.28183 4.02859 3.44794 3.00922 0.385575
threshold=0.00063371408424002876 2.8089867902767187 -32.800447557980071 0.72283360933937735 1.4982625449854055 0.36672988648786553 0.33580390474537219 0.78911395209924051 -0.00030591526590564996
decision_type=2 2 2 2 2 2 2 2 2
left_child=4 2 3 -2 5 6 -1 -6 -4
right_child=1 -3 8 -5 7 -7 -8 -9 -10
leaf_value=-0.00012915693956041757 0.042892834423470125 -0.028666809049046324 0.028472009485879184 -0.0093364055418945387 -0.035863051751643657 0.033982417516278708 -0.034636069361966657 0.011699170079923072 0.048890889683774266
leaf_weight=721.89457202330232 4.0458753965795138 3.5851983949542037 2.1207767315208912 12.048070840537546 6.3040708974003774 5.5097260847687712 4.6629782170057288 3.2132398895919323 4.8947500325739375
leaf_count=3255 27 18 19 79 34 27 22 22 39
internal_value=2.55968e-06 0.00966368 0.0156103 0.00379356 -0.00034521 -9.22198e-05 -0.000350619 -0.0198051 0.0427183
internal_weight=768.279 26.6947 23.1095 16.0939 741.585 732.067 726.558 9.51731 7.01553
internal_count=3542 182 164 106 3360 3304 3277 56 58
is_linear=0
shrinkage=0.04


Tree=204
num_leaves=14
num_cat=0
split_feature=31 32 33 22 23 39 36 29 19 13 8 13 23
split_gain=1.59266 7.90828 7.5334 6.1584 5.74878 4.96126 7.50145 6.40796 5.35469 5.39137 4.82921 3.13671 2.64178
threshold=0.85821961956902515 0.0004739108087943418 0.31578947368421056 2.9283336605520973 6.1539687952531592 0.097687077744905884 0.78145623487296645 0.079563995900028522 -2.6528247654827912 -0.00071868641027304986 -0.00018913470262834999 -0.0011037589981663998 4.0421947583389644
decision_type=2 2 2 2 2 2 2 2 2 2 2 2 2
left_child=1 12 3 -3 -4 8 7 -7 11 -10 -8 -2 -1
right_child=5 2 4 -5 -6 6 10 -9 9 -11 -12 -13 -14
leaf_value=0.056057401345913818 -0.0032755289663374434 0.0043969572917865966 -0.054713715308787866 -0.033653711990946661 0.0047972473990468816 -0.010806343876036927 -0.014217569854545715 -0.047920147146932983 0.016185910625314916 1.5932882274884231e-06 0.03736127028376774 -0.037300059149591759 0.01183265951476579
leaf_weight=5.6830844730138761 8.1749074533581751 193.10234110057354 6.5598512887954694 7.0541642904281607 4.2993976473808289 61.384217493236065 4.5985161438584328 8.470476567745207 35.792350172996521 412.23053487017751 7.8835228234529477 9.2299034073948842 3.4873120971024036
leaf_count=26 37 940 29 36 23 278 21 40 159 1848 35 46 24
internal_value=2.6919e-06 0.00287583 0.00129552 0.00305593 -0.0311521 -0.00115223 -0.0102031 -0.0153067 0.000448911 0.00129455 0.0183591 -0.021319 0.0392396
internal_weight=767.951 220.186 211.016 200.157 10.8592 547.764 82.3367 69.8547 465.428 448.023 12.482 17.4048 9.1704
internal_count=3542 1078 1028 976 52 2464 374 318 2090 2007 56 83 50
is_linear=0
shrinkage=0.04


Tree=205
num_leaves=6
num_cat=0
split_feature=15 2 6 15 32
split_gain=1.57742 3.84289 2.1484 5.21641 4.13337
threshold=-0.0033291342857830497 -0.17335875486521907 -0.0007974878964950499 -0.0023895147354720996 0.00051300339621871967
decision_type=2 2 2 2 2
left_child=-1 -2 4 -4 -3
right_child=1 2 3 -5 -6
leaf_value=0.020971842282798678 -0.035672486172061667 0.028896378639829121 -0.031209367690794014 1.2928124928557622e-05 -0.0014957695224641584
leaf_weight=5.6972120180726042 4.8429151475429526 11.88111896812916 8.6650281026959401 718.2525999955833 18.017579980194569
leaf_count=30 24 56 45 3294 93
internal_value=2.53987e-06 -0.000154311 7.29725e-05 -0.000359249 0.0105814
internal_weight=767.356 761.659 756.816 726.918 29.8987
internal_count=3542 3512 3488 3339 149
is_linear=0
shrinkage=0.04


Tree=206
num_leaves=15
num_cat=0
split_feature=40 36 35 24 8 1 29 8 37 35 37 25 22 23
split_gain=1.5842 4.36408 6.0006 6.02315 4.87845 7.85936 6.17691 3.21974 12.8086 16.7506 11.5833 13.5326 12.6 11.4922
threshold=0.50033590339765233 0.79322416823398811 0.91938952604730073 0.058333333333236058 7.9373559106163955e-05 1.0000000180025095e-35 0.028970173485526215 0.00051276077811785012 0.006583398808771122 0.76212893164134765 0.055534740749786156 0.75000000000000011 0.22688693049396844 -0.55387480345650031
decision_type=2 2 2 2 2 2 2 2 2 2 2 2 2 2
left_child=7 4 -3 -4 5 -2 -6 8 13 -10 12 -12 -9 -1
right_child=1 2 3 -5 6 -7 -8 10 9 -11 11 -13 -14 -15
leaf_value=-0.056210461433531374 0.00024041884765778863 -0.037593601760987874 0.024127499556549945 -0.016988346265909764 -0.016514197641067759 0.023119500420353094 0.0016868391244151365 0.013719876445902654 0.03419188262948708 -0.018217917576785616 0.0077026701563047148 0.048125530245039301 -0.016284222286593888 0.0082195045235478326
leaf_weight=4.5689727514982215 176.70363158732653 12.374347947537897 8.3972965851426142 17.75180521607399 55.968359097838402 27.803036794066429 63.887496784329414 40.068553365767002 10.98799232393503 87.108549378812313 47.483582198619843 18.380132526159286 50.766883604228497 145.0145294778049
leaf_count=20 806 60 38 82 254 124 287 188 60 386 229 93 240 675
internal_value=2.39018e-06 -0.00191629 -0.0146447 -0.00378476 -0.000404576 0.00335087 -0.00681239 0.00172419 -0.0011148 -0.0123474 0.00621152 0.0189832 -0.00304907 0.00625152
internal_weight=767.265 362.886 38.5234 26.1491 324.363 204.507 119.856 404.379 247.68 98.0965 156.699 65.8637 90.8354 149.584
internal_count=3542 1651 180 120 1471 930 541 1891 1141 446 750 322 428 695
is_linear=0
shrinkage=0.04


Tree=207
num_leaves=12
num_cat=0
split_feature=34 8 0 1 1 2 9 40 36 40 13
split_gain=1.60923 5.21212 5.46436 8.8398 4.8577 2.52864 4.3343 5.24047 2.61208 3.22014 2.67302
threshold=0.01706386775059306 0.0007371189300507501 60.514789501083641 6.5504636895566373 37.109286904858898 1.0392574184746277 0.00046264442622723407 0.49898167880201577 0.30742331191759409 0.48871119896794463 0.00053314765168435013
decision_type=2 2 2 2 2 2 2 2 2 2 2
left_child=1 2 3 -1 -3 8 -7 -8 9 -2 -10
right_child=5 4 -4 -5 -6 6 7 -9 10 -11 -12
leaf_value=-0.0055231093390133183 0.048542697573292375 0.042155006927735446 0.018326431327299397 -0.044455567115612001 -0.0095744695374392584 0.018732202178415657 -0.004184515951620409 -0.047722425338116964 -0.00048744238848187366 0.0069500788026992171 0.0064578797729159436
leaf_weight=32.53811889141798 3.8875609263777759 6.284091688692568 8.4524236992001516 13.083206493407486 5.4007712304592133 5.5723087936639812 11.109529577195646 7.3497981652617446 554.59267085418105 12.733055196702479 105.53334895893931
leaf_count=147 19 30 38 60 24 24 51 35 2562 58 494
internal_value=3.01065e-06 -0.00597996 -0.0112149 -0.0166881 0.0182455 0.000564432 -0.0121863 -0.0215196 0.00101722 0.0166786 0.000622896
internal_weight=766.537 65.7586 54.0737 45.6213 11.6849 700.778 24.0316 18.4593 676.747 16.6206 660.126
internal_count=3542 299 245 207 54 3243 110 86 3133 77 3056
is_linear=0
shrinkage=0.04


Tree=208
num_leaves=10
num_cat=0
split_feature=32 9 18 1 32 1 14 22 8
split_gain=1.58638 2.7669 4.05954 3.21438 2.94116 4.79469 2.74581 2.47339 2.36546
threshold=0.00067697001235674534 0.00066066147710193445 1.0000000180025095e-35 4.6100751293633957 0.00061084352607168775 71.418339658754135 -0.00022470072996454997 0.49668495887773212 -0.0022853935749996995
decision_type=2 2 2 2 2 2 2 2 2
left_child=1 4 8 -4 7 -6 -2 -1 -3
right_child=6 2 3 -5 5 -7 -8 -9 -10
leaf_value=-0.0015109229017561687 -0.0093300412953971901 0.029282870470850798 -0.060787081882629601 -0.012376971747360375 0.021114353662899755 -0.025483033366954105 0.035402645289824619 0.004204189708326837 -0.0099852284541095924
leaf_weight=554.56487357243896 3.7762812972068787 3.290987443178893 4.1530554667115211 4.6535971164703369 21.579868532717231 4.2248094528913489 5.2449686676263791 155.03282012790442 9.6561322808265668
leaf_count=2501 27 21 24 28 129 23 38 698 53
internal_value=2.89861e-06 -0.000195775 -0.0142549 -0.0352063 0.000220106 0.0134853 0.0166776 -0.000262286 -3.7945e-06
internal_weight=766.177 757.156 21.7538 8.80665 735.402 25.8047 9.02125 709.598 12.9471
internal_count=3542 3477 126 52 3351 152 65 3199 74
is_linear=0
shrinkage=0.04


Tree=209
num_leaves=12
num_cat=0
split_feature=23 23 38 31 3 31 21 22 38 38 7
split_gain=1.64773 12.9988 11.6046 9.04634 8.24603 9.35094 6.32732 5.47222 9.39964 7.4845 3.9961
threshold=4.2572755868721091 6.0032438860252428 0.7974760141428493 0.72833205533665513 0.0012188074927234501 0.98958036229626178 0.0012635153441657501 0.49668495887773212 0.99999999982565935 0.99999999981456933 -0.00078270010217739989
decision_type=2 2 2 2 2 2 2 2 2 2 2
left_child=3 2 10 -1 -3 -6 -4 9 -9 -5 -2
right_child=1 4 6 7 5 -7 -8 8 -10 -11 -12
leaf_value=0.051902108497751488 -0.020896851278210175 -0.056407869521903596 -0.027658330433140671 -0.0035424315100736009 -0.0012749376292990283 0.021446502677976365 -0.076434992025006615 0.017039171716223232 -0.027657371306313339 0.0092912638022959754 0.025591763947904415
leaf_weight=5.590522699058055 4.5472457259893408 3.8535933494567862 26.016319952905182 350.42710488289595 167.38045603781939 35.048677906394005 5.0872045904397956 59.00938206166029 8.6288859695196134 91.742469668388367 8.4672190099954587
leaf_count=28 21 17 125 1579 829 161 24 268 36 415 39
internal_value=2.84219e-06 -0.0026591 -0.0223659 0.00129612 0.00155563 0.00265906 -0.0356361 0.000741178 0.0113371 -0.000879664 0.00934867
internal_weight=765.799 250.401 44.118 515.398 206.283 202.429 31.1035 509.808 67.6383 442.17 13.0145
internal_count=3542 1216 209 2326 1007 990 149 2298 304 1994 60
is_linear=0
shrinkage=0.04


Tree=210
num_leaves=6
num_cat=0
split_feature=23 20 32 38 32
split_gain=1.58938 1.92358 1.75545 5.09897 2.68929
threshold=-0.75855984060644899 0.0025871408217565503 0.00043041431961626965 0.90077035102045089 0.00043993388609573091
decision_type=2 2 2 2 2
left_child=-1 -2 3 -3 -4
right_child=1 2 4 -5 -6
leaf_value=0.026259909815575227 -0.031778486535953852 -0.01095016550572901 -0.014587078225037658 0.030456835912827575 0.00010113589938377041
leaf_weight=3.6708757728338233 3.059151202440261 8.6112180203199404 20.513518765568733 10.634887278079985 718.76266307011247
leaf_count=28 14 37 95 49 3319
internal_value=2.94391e-06 -0.000123617 4.04887e-06 0.0119302 -0.000306434
internal_weight=765.252 761.581 758.522 19.2461 739.276
internal_count=3542 3514 3500 86 3414
is_linear=0
shrinkage=0.04


Tree=211
num_leaves=9
num_cat=0
split_feature=28 23 30 38 10 35 35 24
split_gain=1.60149 4.07741 3.6888 2.74381 2.16479 7.1204 3.85956 1.03371
threshold=0.67617062445752096 2.9369111936097223 0.18107214317148809 0.82481939787943859 0.00025287926948665008 0.87760057214446308 1.1581676209500722 0.074999999999874958
decision_type=2 2 2 2 2 2 2 2
left_child=1 3 4 -1 6 -6 -2 -4
right_child=2 -3 7 -5 5 -7 -8 -9
leaf_value=0.017056271251356721 0.00018375619553406757 0.044966693579524819 -0.042897578576144221 -0.025580722610915766 -0.010022021954969941 0.0086839743609383249 -0.0092736177200437274 -0.013873863656064691
leaf_weight=5.6724879890680295 489.92457693815231 4.4646044000983229 3.6923857033252707 4.2051305696368217 43.546029418706894 129.03486145287752 80.368437562137842 4.1930901035666466
leaf_count=27 2259 22 20 21 204 590 377 22
internal_value=2.8854e-06 0.0132434 -0.000250056 -0.00109528 3.88177e-05 0.00396403 -0.00114902 -0.0274643
internal_weight=765.102 14.3422 750.759 9.87762 742.874 172.581 570.293 7.88548
internal_count=3542 70 3472 48 3430 794 2636 42
is_linear=0
shrinkage=0.04


Tree=212
num_leaves=11
num_cat=0
split_feature=22 22 22 32 27 19 1 32 31 32
split_gain=1.55621 5.08658 7.56287 5.91047 5.20817 4.35962 7.84572 3.87407 3.19889 2.75621
threshold=-2.7675443081758853 -2.3527314467351519 -2.2072859176680493 0.00058024374542864062 0.35621617870119698 1.0000000180025095e-35 -53.351836342604649 0.00060039175410454327 0.74717178304357823 0.00051853693188509285
decision_type=2 2 2 2 2 2 2 2 2 2
left_child=5 3 4 9 -3 6 -1 -5 -4 -2
right_child=1 2 8 7 -6 -7 -8 -9 -10 -11
leaf_value=0.007346431244287791 0.016034447166406812 -0.065090643107594909 0.010566567567323033 -0.030780780547665958 -0.0065688500317870636 0.018049064702378232 -0.05729370821056972 0.021221611457497389 -0.0004980516083024258 0.0547148618670317
leaf_weight=5.9615897722542295 5.1789398044347781 4.7802725508809072 44.580636266618967 4.5513217300176603 4.9555037468671799 5.3965314626693717 6.0564895421266565 4.6177074909210205 671.89723367616534 6.8406942188739777
leaf_count=33 24 21 258 21 21 25 28 22 3058 31
internal_value=2.81489e-06 0.000278234 -0.000285423 0.0195968 -0.0353031 -0.0118177 -0.0252289 -0.00459133 0.00019041 0.0380485
internal_weight=764.817 747.402 726.214 21.1887 9.73578 17.4146 12.0181 9.16903 716.478 12.0196
internal_count=3542 3456 3358 98 42 86 61 43 3316 55
is_linear=0
shrinkage=0.04


Tree=213
num_leaves=15
num_cat=0
split_feature=8 1 9 1 3 9 12 34 23 36 32 22 22 40
split_gain=1.56323 5.66091 6.24866 5.39595 9.40309 10.2016 5.56167 5.32018 4.92711 8.4998 6.42503 4.7446 10.399 7.0305
threshold=-0.00040560044457069996 -16.369598920849963 0.00046154606410317721 -16.369598920849963 0.0017509154754409503 0.00053584933956248829 -0.00033689265765989994 0.087648216303317969 0.11884722511214811 0.38739251693451987 0.00049765593956843256 -0.56237513874585299 -0.42414491275640492 0.52096683680416944
decision_type=2 2 2 2 2 2 2 2 2 2 2 2 2 2
left_child=3 2 -2 11 6 -6 -5 -4 9 -3 -10 13 -13 -1
right_child=1 8 7 4 5 -7 -8 -9 10 -11 -12 12 -14 -15
leaf_value=-0.0012042361311206339 -0.042233117564472497 0.030052078479996341 -0.023110516537847917 0.0024115093770278964 -0.018064287395215511 0.035582729360019251 0.049282600450304914 0.011269141323362604 -0.0054518019200042967 -0.010021511310178534 0.0070365070829951169 0.035063720991379242 0.00098264156890831068 -0.026257124713822907
leaf_weight=84.387367650866508 10.608656771481035 9.1715375483036023 14.751838326454164 5.6999314576387432 17.725929185748104 8.3398810476064664 13.997984096407889 14.071534521877764 101.05893761664629 110.49614532291889 189.54805429279804 15.882673945277928 146.03177419677377 22.754842005670071
leaf_count=401 48 42 63 26 76 42 62 64 450 497 905 75 678 113
internal_value=2.82347e-06 -0.00151053 -0.0159866 0.00216458 0.0148623 -0.000899667 0.0357196 -0.00632641 -0.000119217 -0.0069502 0.00269368 4.8447e-06 0.00432576 -0.00652496
internal_weight=764.527 449.707 39.432 314.82 45.7637 26.0658 19.6979 28.8234 410.275 119.668 290.607 269.057 161.914 107.142
internal_count=3542 2069 175 1473 206 118 88 127 1894 539 1355 1267 753 514
is_linear=0
shrinkage=0.04


Tree=214
num_leaves=13
num_cat=0
split_feature=23 23 38 31 23 1 9 0 23 31 7 18
split_gain=1.55775 12.0717 10.678 8.39472 7.85936 6.12877 5.69446 5.59715 5.25749 5.13725 3.61292 2.35354
threshold=4.2572755868721091 6.0032438860252428 0.7974760141428493 0.72833205533665513 7.1358575185030881 109.60747624615762 0.00056767926682317605 70.100384371049287 6.7100605502446564 1.0170563210214747 -0.00078270010217739989 1.0000000180025095e-35
decision_type=2 2 2 2 2 2 2 2 2 2 2 2
left_child=3 2 10 -1 8 6 -5 -4 -3 -6 -2 -7
right_child=1 4 7 5 9 11 -8 -9 -10 -11 -12 -13
leaf_value=0.050646189061332975 -0.019846959222259881 0.0077291068961656741 -0.026069521243504402 0.0017144424674126191 -0.0044896981153167998 0.04505535869206314 -0.011053761703656984 -0.069194140974342691 0.043508441595815454 0.014553105963462487 0.024431744278981978 0.0082146556669989695
leaf_weight=5.4489353075623503 4.5428214073181143 17.499864675104622 25.028177011758093 433.23148687183857 150.93455247581005 6.6608835607767087 64.164498649537563 5.9626652747392646 10.521928265690802 26.672278188169003 8.4006906896829587 4.7552288174629211
leaf_count=28 21 88 121 1923 742 38 311 28 55 122 39 26
internal_value=2.91093e-06 -0.00259016 -0.0216225 0.00126129 0.00147628 0.000732417 6.73334e-05 -0.0343667 0.0211639 -0.00162993 0.00889112 0.0297099
internal_weight=763.824 249.563 43.9344 514.261 205.629 508.812 497.396 30.9908 28.0218 177.607 12.9435 11.4161
internal_count=3542 1216 209 2326 1007 2298 2234 149 143 864 60 64
is_linear=0
shrinkage=0.04


Tree=215
num_leaves=9
num_cat=0
split_feature=28 30 40 26 36 30 10 10
split_gain=1.49111 2.60497 5.20006 3.86126 3.13953 2.66042 2.75461 2.52446
threshold=0.65781112659444696 0.14965630603286464 0.49366069524061523 0.014504340192580982 0.69335416362623958 0.14460958898364237 -0.00075242335402939998 0.00012395084940070004
decision_type=2 2 2 2 2 2 2 2
left_child=7 5 4 -4 -3 6 -2 -1
right_child=1 2 3 -5 -6 -7 -8 -9
leaf_value=0.028554478778169409 -0.014780339458987013 -0.013744697460223464 0.0047596505120243706 -0.041032003256229396 0.033727260698437088 0.027629750181130168 0.00040824263681868374 -0.010796779134026159
leaf_weight=7.2555134892463666 19.638431333005428 4.3287460729479807 4.1068177521228781 10.426270604133604 4.5952228307723999 5.6174643486738196 703.27178441360593 4.0724426135420799
leaf_count=35 91 21 18 55 22 26 3253 21
internal_value=3.25338e-06 -0.000213734 -0.013334 -0.028092 0.0107001 0.000208711 -4.36728e-06 0.0144076
internal_weight=763.313 751.985 23.4571 14.5331 8.92397 728.528 722.91 11.328
internal_count=3542 3486 116 73 43 3370 3344 56
is_linear=0
shrinkage=0.04


Tree=216
num_leaves=15
num_cat=0
split_feature=23 24 9 2 38 3 13 9 39 22 23 33 23 3
split_gain=1.52133 12.4608 6.26997 5.57599 5.41709 8.7624 4.40004 2.92666 8.07381 5.4442 4.6455 9.88339 6.13517 1.10658
threshold=-0.30019059011615407 0.074999999999874958 0.00045834332298863508 0.30382139909986944 0.90895635133334185 0.0023459522764180504 0.00011765460452395 0.0004569740988104987 0.099341203857391577 -0.17434150928538192 0.92662306905329295 -0.2105263157894737 2.910321225381661 0.0018156818967145502
decision_type=2 2 2 2 2 2 2 2 2 2 2 2 2 2
left_child=1 2 13 -4 6 -6 -3 8 9 -2 11 -9 -12 -1
right_child=7 4 3 -5 5 -7 -8 10 -10 -11 12 -13 -14 -15
leaf_value=0.033803073950760848 0.0066851147423994109 -0.068322802061649951 -0.01235089725233863 0.021144547179127181 -0.031354708914518054 0.020798624395176182 -0.01324132208297373 0.014285308248101827 -0.059929182352015949 -0.01225764420181806 0.011549095709421775 -0.0081385383991347676 2.3678632182964427e-05 0.06199427968053195
leaf_weight=4.3033691644668561 41.359663814306259 4.5404962114989775 11.342772118747233 26.599674619734287 9.6195511966943759 11.104484900832174 4.7456910982728004 38.247244641184807 4.3778212368488303 58.769117414951324 102.64422454684973 176.9308784455061 263.86971289664507 4.6189769506454468
leaf_count=20 186 21 54 127 45 53 23 170 20 262 477 786 1277 21
internal_value=3.03765e-06 0.0053391 0.0182261 0.0111312 -0.0147856 -0.00340958 -0.0401735 -0.000594762 -0.00675781 -0.00443306 0.000512489 -0.00415277 0.00325143 0.0483973
internal_weight=763.074 76.875 46.8648 37.9424 30.0102 20.724 9.28619 686.199 104.507 100.129 581.692 215.178 366.514 8.92235
internal_count=3542 364 222 181 142 98 44 3178 468 448 2710 956 1754 41
is_linear=0
shrinkage=0.04


Tree=217
num_leaves=14
num_cat=0
split_feature=36 38 8 0 0 36 23 20 8 23 1 19 31
split_gain=1.48958 8.82587 10.2861 7.69846 5.81975 3.32573 8.96858 9.19675 3.80534 9.92391 6.18324 3.06652 2.29278
threshold=0.89958226841016498 0.88114049726435717 -9.8020396052563033e-05 51.980230700893138 31.592077256380893 0.82060710386168767 -0.056412961816428096 0.0025967842692815003 -2.6256116384985424e-05 -0.028972390249206247 -16.369598920849963 0.62640245132169248 0.92366500813017871
decision_type=2 2 2 2 2 2 2 2 2 2 2 2 2
left_child=5 2 -2 4 -3 8 11 -8 10 -10 -1 -7 -5
right_child=1 3 -4 12 -6 6 7 -9 9 -11 -12 -13 -14
leaf_value=-0.00040685322321165808 -0.012979065732348907 -0.041945117739001593 0.055683603683657198 -0.071028536874054929 0.014646701974515399 0.024580756245237402 -0.022899582457757459 0.019334795523566119 -0.016145156364995795 0.00038915797344987382 0.011950156052188521 0.068047125885163318 -0.031191405354771395
leaf_weight=265.08652418851852 8.0479403063654882 4.3220036625862148 6.1648839190602294 4.7062170654535276 8.8836547359824163 6.1076458245515806 14.644596561789511 18.890607394278049 75.149497129023075 255.71087224781513 85.748033225536346 4.5179054737091064 4.5429393947124481
leaf_count=1243 37 20 29 20 41 27 67 94 343 1194 386 20 21
internal_value=2.87946e-06 -0.00786303 0.0168037 -0.0234759 -0.00387491 0.000400237 0.0110381 0.000891329 -0.000288894 -0.00336634 0.00261334 0.0430623 -0.0514616
internal_weight=762.523 36.6676 14.2128 22.4548 13.2057 725.856 44.1608 33.5352 681.695 330.86 350.835 10.6256 9.24916
internal_count=3542 168 66 102 61 3374 208 161 3166 1537 1629 47 41
is_linear=0
shrinkage=0.04


Tree=218
num_leaves=12
num_cat=0
split_feature=23 22 9 23 3 9 39 22 23 33 22
split_gain=1.4968 6.93032 7.19813 6.18776 4.53475 2.69914 7.60146 4.97641 4.18202 9.18043 5.7411
threshold=-0.30019059011615407 0.2674917902671593 0.00045759846850935748 -0.47223469250315453 0.0019669791453086507 0.0004569740988104987 0.099341203857391577 -0.17434150928538192 0.92662306905329295 -0.2105263157894737 -0.69324792045290184
decision_type=2 2 2 2 2 2 2 2 2 2 2
left_child=1 2 4 -4 -1 6 7 -2 9 -7 -10
right_child=5 -3 3 -5 -6 8 -8 -9 10 -11 -12
leaf_value=0.012860970210878914 0.0063662883589635979 -0.042222253178649541 -0.0085794055635427767 0.01743459800164579 0.061406234596654008 0.013825106028985528 -0.058450692971292531 -0.011751847993403973 -0.0028892613148821049 -0.0077973579340560716 0.007280979693861823
leaf_weight=6.4132143110036832 41.322642184793949 4.6135605424642554 34.040666159242392 25.656187199056149 5.9215319007635117 38.208447322249413 4.3218759447336188 58.72643980383873 151.45727331191301 176.76906028389931 214.69783779978752
leaf_count=30 186 21 167 119 27 170 20 262 713 786 1041
internal_value=3.13196e-06 0.00530446 0.0083485 0.00260075 0.0361661 -0.000589601 -0.00651224 -0.00426863 0.0004741 -0.00395435 0.00307414
internal_weight=762.149 76.6452 72.0316 59.6969 12.3347 685.504 104.371 100.049 581.133 214.978 366.155
internal_count=3542 364 343 286 57 3178 468 448 2710 956 1754
is_linear=0
shrinkage=0.04


Tree=219
num_leaves=13
num_cat=0
split_feature=9 12 15 0 39 0 6 14 8 32 38 31
split_gain=1.46525 4.28467 5.6094 6.50488 3.35269 4.14716 4.59841 4.25239 3.21929 2.5512 3.40719 2.7815
threshold=0.00066066147710193445 -0.00039323728276529995 0.00075079288986535015 72.625304213320589 0.2655755394068518 37.478690630676986 -0.00086939838841579981 0.00043239922160515006 -0.0022853935749996995 0.00063371408424002876 0.99999999987119803 0.71679493166470898
decision_type=2 2 2 2 2 2 2 2 2 2 2 2
left_child=4 -2 8 -4 9 6 -6 -7 -3 11 -11 -1
right_child=1 2 3 -5 5 7 -8 -9 -10 10 -12 -13
leaf_value=-0.020801757295288291 0.031026982827734421 -0.0024733365620594741 0.048329920139195036 -0.027081147995101824 0.021352526696426018 0.039281575023680529 -0.032955633373986493 0.00060316144332403271 -0.042665187152667504 0.02970110233044088 -0.011954020277146161 -0.00024752586315950048
leaf_weight=10.699488099664448 3.6127739213407066 4.639135546982291 3.8680167868733397 3.473795585334301 4.7310445755720139 11.870947480201723 5.2770552635192889 7.3724452555179587 10.198199808597563 9.8468623012304288 4.6139672324061385 681.44013967737556
leaf_count=58 23 28 27 22 24 53 24 36 56 77 27 3087
internal_value=3.03309e-06 -0.00936813 -0.0159481 0.012649 0.000331496 0.0136016 -0.007283 0.0244633 -0.0300985 -0.000217853 0.0164103 -0.000565265
internal_weight=761.644 25.7919 22.1791 7.34181 735.852 29.2515 10.0081 19.2434 14.8373 706.6 14.4608 692.14
internal_count=3542 156 133 49 3386 137 48 89 84 3249 104 3145
is_linear=0
shrinkage=0.04


Tree=220
num_leaves=14
num_cat=0
split_feature=10 35 40 40 27 10 36 37 1 6 6 35 29
split_gain=1.49302 6.50227 5.88874 5.41275 4.4058 4.03188 5.39594 3.4932 5.7908 3.16294 5.99616 4.83434 2.6762
threshold=0.00025287926948665008 0.87760057214446308 0.52096683680416944 0.52978299935912443 0.37494438872982427 0.00042706002495960003 0.46043242088471015 0.35927199456886949 28.278347667743223 3.8494632511603621e-05 0.00015031895576090004 1.1818421076703334 0.052200886849679176
decision_type=2 2 2 2 2 2 2 2 2 2 2 2 2
left_child=7 5 4 -4 -3 6 -2 9 -9 11 -11 -1 -7
right_child=1 2 3 -5 -6 12 -8 8 -10 10 -12 -13 -14
leaf_value=0.0032272565705046274 0.041453488824997331 0.008373050525915875 -0.038496737390492829 0.0025641707531458154 0.031453886013753339 -0.029455662529096323 -0.0078265943157700257 -0.050981492705431529 0.01150168878434271 -0.01551599164751259 -0.00027612073537309904 -0.011435110679034563 0.0071134802008204993
leaf_weight=330.99344107508659 4.3862081021070507 92.231932729482651 7.4685510061681297 16.451624691486359 15.448938783258198 17.207405459135774 18.760508626699448 5.6468489579856378 4.09359110891819 57.474699392914772 146.8508681692183 40.366891972720623 3.9339309111237517
leaf_count=1534 19 419 35 76 77 82 87 29 20 267 688 189 20
internal_value=3.22684e-06 0.0032349 0.00769646 -0.0102562 0.0116845 -0.0100225 0.00151178 -0.000967716 -0.0247218 -0.000565803 -0.00456294 0.00163346 -0.022651
internal_weight=761.315 175.889 131.601 23.9202 107.681 44.2881 23.1467 585.426 9.74044 575.686 204.326 371.36 21.1413
internal_count=3542 815 607 111 496 208 106 2727 49 2678 955 1723 102
is_linear=0
shrinkage=0.04


Tree=221
num_leaves=7
num_cat=0
split_feature=20 23 23 31 3 1
split_gain=1.80832 1.72958 11.1744 7.54491 7.4565 5.69232
threshold=0.0025871408217565503 4.2572755868721091 4.5884520450080979 0.73089508720975505 0.0012188074927234501 109.60747624615762
decision_type=2 2 2 2 2 2
left_child=-1 3 -3 -2 -4 -5
right_child=1 2 4 5 -6 -7
leaf_value=-0.030898737508721585 0.0466320714325901 -0.052488669491481926 -0.053066013302562512 0.00029224573185536928 -0.00021444094622563665 0.02906151869447594
leaf_weight=3.0178659781813613 5.8478847816586486 6.9851154386997214 4.3496052697300902 492.84304764866829 236.63306321948767 11.255327753722666
leaf_count=14 31 33 21 2220 1159 64
internal_value=3.12706e-06 0.000126172 -0.00261405 0.00145864 -0.00116838 0.000934596
internal_weight=760.932 757.914 247.968 509.946 240.983 504.098
internal_count=3542 3528 1213 2315 1180 2284
is_linear=0
shrinkage=0.04


Tree=222
num_leaves=6
num_cat=0
split_feature=20 9 23 23 31
split_gain=1.67757 1.96605 1.55496 10.4698 7.1468
threshold=0.0025871408217565503 0.00038926252765070999 4.2572755868721091 6.0032438860252428 0.73089508720975505
decision_type=2 2 2 2 2
left_child=-1 -2 4 -4 -3
right_child=1 2 3 -5 -6
leaf_value=-0.029855649491051496 0.032557862059310584 0.045657909853071603 -0.0203941337725843 0.00119768500951222 0.00075432020650618352
leaf_weight=2.9987632110714904 2.9780717343091956 5.7360277622938147 43.611836891621351 204.04585271328688 501.23794899880886
leaf_count=14 13 31 208 1004 2272
internal_value=3.12329e-06 0.00012131 -6.69734e-06 -0.00260457 0.00126237
internal_weight=760.609 757.61 754.632 247.658 506.974
internal_count=3542 3528 3515 1212 2303
is_linear=0
shrinkage=0.04


Tree=223
num_leaves=8
num_cat=0
split_feature=20 32 23 38 32 28 33
split_gain=1.55648 1.67216 4.5037 3.05961 2.22398 5.55027 2.38208
threshold=0.0025871408217565503 0.00043041431961626965 -0.11371460568927899 0.98216509470481395 0.00043993388609573091 0.94372552468077153 1.0000000180025095e-35
decision_type=2 2 2 2 2 2 2
left_child=-1 2 -2 -4 5 -3 -6
right_child=1 4 3 -5 6 -7 -8
leaf_value=-0.02885140123445909 0.047772851298907348 -0.032210850315486927 -0.011186535582613762 0.027996255628324269 0.0023732216563197616 0.0097862430899862147 -0.0022403976627695054
leaf_weight=2.9794148132205001 4.3125113695859936 11.141615405678751 10.019010618329046 4.6770515888929358 377.42216236516833 9.1862887740135175 340.6879771053791
leaf_count=14 21 51 43 22 1762 44 1585
internal_value=3.11777e-06 0.000116617 0.0118306 0.00128347 -0.00018492 -0.0132321 0.000184414
internal_weight=760.426 757.447 19.0086 14.6961 738.438 20.3279 718.11
internal_count=3542 3528 86 65 3442 95 3347
is_linear=0
shrinkage=0.04


Tree=224
num_leaves=9
num_cat=0
split_feature=20 34 13 24 0 32 32 25
split_gain=1.44427 1.62975 4.3682 3.87122 3.54154 2.51283 6.47027 5.95766
threshold=0.0025871408217565503 0.01706386775059306 0.00044247073456945006 0.041666666666597151 60.897545728707037 0.00052977832068686992 0.00052320373351255514 0.75000000000000011
decision_type=2 2 2 2 2 2 2 2
left_child=-1 2 4 -4 -2 6 -3 -7
right_child=1 5 3 -5 -6 7 -8 -9
leaf_value=-0.02788366741801002 -0.015988375867292345 0.0012134229935659871 -0.0093921902970071618 0.030531976236699527 0.01572151905155705 -0.0072120904792128673 0.020572573987418932 0.0053443391073073609
leaf_weight=2.9599069580435744 42.728568829596043 405.85253518819809 7.1073182523250571 8.5735593438148481 6.4915279299020758 159.64495030045509 29.640314869582653 97.312802750617266
leaf_count=14 198 1824 32 38 30 787 139 480
internal_value=3.05767e-06 0.000112046 -0.0059489 0.0124364 -0.0118062 0.000680117 0.00253104 -0.00245683
internal_weight=760.311 757.352 64.901 15.6809 49.2201 692.451 435.493 256.958
internal_count=3542 3528 298 70 228 3230 1963 1267
is_linear=0
shrinkage=0.04


Tree=225
num_leaves=11
num_cat=0
split_feature=13 37 37 36 37 32 19 19 34 40
split_gain=1.42916 5.23325 9.38627 6.78091 4.85033 4.73302 4.38199 4.58601 3.92882 2.45148
threshold=-5.4777460093963173e-05 0.059668314310213307 0.099101312423489782 0.58277619717867746 0.050409320585409277 0.00043446577801997335 1.3879895355513434 1.2468557703472583 0.019294888682610832 0.49095368662081312
decision_type=2 2 2 2 2 2 2 2 2 2
left_child=6 4 9 -4 5 -2 7 8 -1 -3
right_child=1 2 3 -5 -6 -7 -8 -9 -10 -11
leaf_value=-0.011416111614918916 0.028115893302931964 0.046320360867869344 -0.012419458555653913 0.0079607570892826825 -0.044933697437490948 -0.0050454790949674309 0.033575697165949818 -0.03723697112393886 0.003112575448025619 0.018113003893079557
leaf_weight=32.863876640796661 7.0778902173042288 8.4779985547065753 41.790761806070805 69.664154455065727 4.7500425130128852 254.56487637013197 6.8224457800388327 4.8950538560748091 317.39365419000387 11.778769329190252
leaf_count=151 34 46 190 325 21 1180 34 22 1487 52
internal_value=3.02797e-06 -0.00165088 0.00487135 0.00031906 -0.00487565 -0.00414841 0.00182202 0.00121203 0.00174938 0.0299185
internal_weight=760.08 398.104 131.712 111.455 266.393 261.643 361.975 355.153 350.258 20.2568
internal_count=3542 1848 613 515 1235 1214 1694 1660 1638 98
is_linear=0
shrinkage=0.04


Tree=226
num_leaves=8
num_cat=0
split_feature=34 34 14 22 36 40 36
split_gain=1.55054 2.1203 4.03251 4.4956 2.37164 3.1491 2.55025
threshold=0.0012382048793709583 0.01706386775059306 -0.0007781438123517498 0.50520633069284071 0.30742331191759409 0.48871119896794463 0.57254107597286874
decision_type=2 2 2 2 2 2 2
left_child=-1 2 -2 -4 5 -3 -6
right_child=1 4 3 -5 6 -7 -8
leaf_value=0.023642094604758385 -0.033066694820742162 0.047343532155873246 -0.0092612654500476062 0.019454362171116707 -0.0032079211822370894 0.0060574778663243017 0.0019291467758493466
leaf_weight=4.4138607531785956 8.3805619254708272 3.7918964847922352 41.170740183442831 11.068181648850439 238.76982419192791 13.40870516002178 438.74332085996866
leaf_count=19 39 19 190 51 1110 62 2052
internal_value=3.23382e-06 -0.000134902 -0.0073093 -0.00317711 0.000491123 0.015159 0.000118736
internal_weight=759.747 755.333 60.6195 52.2389 694.714 17.2006 677.513
internal_count=3542 3523 280 241 3243 81 3162
is_linear=0
shrinkage=0.04


Tree=227
num_leaves=13
num_cat=0
split_feature=36 38 8 23 20 36 23 20 8 23 1 19
split_gain=1.43901 8.16565 9.58408 6.79623 4.30876 2.95552 8.24349 8.3389 3.51789 9.09295 6.01219 2.98137
threshold=0.89958226841016498 0.88114049726435717 -9.8020396052563033e-05 -0.18002246755698337 0.0025992328123860503 0.82060710386168767 -0.056412961816428096 0.0025967842692815003 -2.6256116384985424e-05 -0.028972390249206247 -16.369598920849963 0.62640245132169248
decision_type=2 2 2 2 2 2 2 2 2 2 2 2
left_child=5 2 -2 -3 -5 8 11 -8 10 -10 -1 -7
right_child=1 3 -4 4 -6 6 7 -9 9 -11 -12 -13
leaf_value=-0.00044295388682853969 -0.012515229579743048 0.017814721925376288 0.054268286158999653 -0.017864528233936933 -0.058391787865821936 0.023154268530286119 -0.021923772899678774 0.018423034574068606 -0.015474950707097956 0.00038105361200229553 0.011763007701311593 0.066319010316685259
leaf_weight=264.23808622360229 8.0064201354980451 5.0995060503482845 6.0259280726313582 10.080726541578771 7.1919079795479766 6.0641464143991453 14.603513628244398 18.680547177791595 74.869681250303984 254.82756224274635 85.445389240980148 4.430912472307682
leaf_count=1243 37 22 29 47 33 27 67 94 343 1194 386 20
internal_value=3.19364e-06 -0.0077566 0.0161637 -0.02276 -0.0347391 0.000393828 0.0104674 0.000720713 -0.000255309 -0.00321963 0.00253958 0.041378
internal_weight=759.564 36.4045 14.0323 22.3721 17.2726 723.16 43.7791 33.2841 679.381 329.697 349.683 10.4951
internal_count=3542 168 66 102 80 3374 208 161 3166 1537 1629 47
is_linear=0
shrinkage=0.04


Tree=228
num_leaves=10
num_cat=0
split_feature=0 24 24 38 34 24 2 38 36
split_gain=1.42689 7.07416 2.56601 5.80759 3.70997 2.38369 12.7157 2.65057 1.391
threshold=84.468412248031157 0.14166666666643057 0.25833333333290281 0.78953046134786342 0.23143257351555527 0.17499999999970828 0.86508509406616207 0.80974886697948223 0.64385884898374868
decision_type=2 2 2 2 2 2 2 2 2
left_child=2 -2 5 -4 -5 7 -7 -1 -3
right_child=1 8 3 4 -6 6 -8 -9 -10
leaf_value=0.0035721403371654511 -0.024691928643161321 0.057120836689488426 -0.04970852807226496 -0.0369707264505671 0.0051393171705837529 0.01540666617248866 -0.048666949716086143 -0.0019970980419082331 0.0217577669066862
leaf_weight=191.60164464265108 4.6250116378068906 3.4413220658898354 5.3386268764734295 4.1571430936455753 17.187539242208004 46.088510304689407 5.5527405068278304 477.45241797715425 3.6858927644789219
leaf_count=913 25 19 30 20 81 220 25 2188 21
internal_value=3.39321e-06 0.0138329 -0.00021407 -0.0123949 -0.00306214 0.000236916 0.00851713 -0.000402197 0.0388326
internal_weight=759.131 11.7522 747.379 26.6833 21.3447 720.695 51.6413 669.054 7.12721
internal_count=3542 65 3477 131 101 3346 245 3101 40
is_linear=0
shrinkage=0.04


Tree=229
num_leaves=9
num_cat=0
split_feature=34 34 8 0 0 2 31 32
split_gain=1.42415 2.00439 3.82834 4.64343 3.46248 2.24732 3.79118 3.16966
threshold=0.0012382048793709583 0.01706386775059306 0.0007371189300507501 60.514789501083641 57.808377681105377 1.0392574184746277 1.0611451026897116 0.00054302147269305677
decision_type=2 2 2 2 2 2 2 2
left_child=-1 2 3 -2 -4 7 -7 -3
right_child=1 5 4 -5 -6 6 -8 -9
leaf_value=0.022678445896349073 -0.016988167589155383 0.0026758169725414858 0.037824903296988767 0.015964723328614851 -0.0087880112729145279 -0.0013412426974892817 -0.036512181374715638 -0.0033724597434182735
leaf_weight=4.406054660677909 42.157785933464766 474.30424416437745 5.2589348778128606 8.1672995910048467 4.9493802934885025 16.770865008234981 6.9300433546304694 195.89031424000859
leaf_count=19 195 2144 25 37 23 80 30 989
internal_value=3.35443e-06 -0.000129074 -0.00710965 -0.0116402 0.0152252 0.000479891 -0.0116251 0.000907974
internal_weight=758.835 754.429 60.5334 50.3251 10.2083 693.895 23.7009 670.195
internal_count=3542 3523 280 232 48 3243 110 3133
is_linear=0
shrinkage=0.04


Tree=230
num_leaves=12
num_cat=0
split_feature=10 32 3 31 14 34 10 40 22 28 32
split_gain=1.44006 4.84406 8.63018 5.72126 4.97173 4.37606 3.38446 3.32386 3.94071 2.76341 2.76968
threshold=0.00020159491131725002 0.0005371341960427958 0.0017742501869580502 0.77412126582240681 0.00083313980386450013 0.010688878828132893 0.00016614181269485002 0.52219023174464996 0.43802605446568749 0.65781112659444696 0.00045306247174315843
decision_type=2 2 2 2 2 2 2 2 2 2 2
left_child=6 3 -3 -2 -5 -4 9 8 -8 -1 -11
right_child=1 2 5 4 -6 -7 7 -9 -10 10 -12
leaf_value=0.023362476760525192 0.0505034879836209 -0.061235836203436006 0.050148097125302667 0.010627343102914471 -0.005750029528654289 -0.0043721118306088141 -0.031584332760231718 0.013962851873171105 0.005665700652559078 -0.0091865083874228311 0.00031309296073263305
leaf_weight=7.7462822571396819 4.678005062043666 4.2366955056786528 2.4488617032766333 95.203929327428341 43.077130205929279 61.802080489695072 16.422501891851432 5.2778218090534201 6.28232368081808 55.026036642491817 456.47178765013814
leaf_count=38 25 22 12 423 194 307 72 24 30 258 2137
internal_value=3.26217e-06 0.0028068 -0.0059403 0.00699729 0.00552549 -0.00229413 -0.00108002 -0.0146307 -0.0212774 -0.000349752 -0.000708857
internal_weight=758.673 211.447 68.4876 142.959 138.281 64.2509 547.227 27.9826 22.7048 519.244 511.498
internal_count=3542 983 341 642 617 319 2559 126 102 2433 2395
is_linear=0
shrinkage=0.04


Tree=231
num_leaves=14
num_cat=0
split_feature=23 24 8 8 22 36 24 36 36 6 23 8 23
split_gain=1.40816 11.1702 5.60315 5.58995 6.01481 3.8012 2.4821 10.2004 6.54652 5.75961 4.66506 12.1055 4.74814
threshold=-0.30019059011615407 0.074999999999874958 -0.0014230045676048497 0.0011377394958562504 0.15974365905218649 0.68649986988889455 0.15833333333306943 0.4663720216836727 0.78448634118207605 0.00016259652216705001 0.11884722511214811 -0.00036170055905334996 0.27644604937635148
decision_type=2 2 2 2 2 2 2 2 2 2 2 2 2
left_child=1 2 -1 4 -3 -4 10 9 -9 -8 11 -2 -12
right_child=6 3 5 -5 -6 -7 7 8 -10 -11 12 -13 -14
leaf_value=-0.021109782750083284 0.015651031502417548 -0.0089366311259765074 0.013987277825136828 0.023678614338699885 -0.052066299254401177 0.039959738037667163 0.060596536373235241 0.0059219926235449171 -0.022275779421178976 0.0027914886566523553 0.017620677773107295 -0.017620286064941214 -0.00085480202014537809
leaf_weight=5.3531819656491271 23.033000245690346 17.080921649932868 27.863578505814075 5.195392094552516 7.4213910289108744 13.328960888087748 7.6983477771282178 68.140939354896545 16.330657735466957 4.2974909991025925 23.371409460902214 72.797631591558456 466.45538780838251
leaf_count=26 101 79 134 26 37 62 35 331 77 22 104 322 2186
internal_value=3.20704e-06 0.00515877 0.0173883 -0.0140088 -0.022 0.0223914 -0.000573048 0.00537219 0.000470596 0.039888 -0.00155233 -0.00962349 2.673e-05
internal_weight=758.368 76.2434 46.5457 29.6977 24.5023 41.1925 682.125 96.4674 84.4716 11.9958 585.657 95.8306 489.827
internal_count=3542 364 222 142 116 196 3178 465 408 57 2713 423 2290
is_linear=0
shrinkage=0.04


Tree=232
num_leaves=15
num_cat=0
split_feature=40 34 38 31 35 38 23 8 37 22 33 37 25 22
split_gain=1.43179 4.55615 10.9925 7.73801 5.7837 5.59899 5.81953 2.98652 12.0838 15.322 10.5475 10.0956 12.5404 11.7406
threshold=0.50033590339765233 0.24444005079090661 0.97806729513036217 1.0023552379010277 1.0953151811282771 0.99999999986527388 1.5301062809821613 0.00051276077811785012 0.006583398808771122 0.13073233904547746 0.31578947368421056 0.055534740749786156 0.75000000000000011 0.24230926075988188
decision_type=2 2 2 2 2 2 2 2 2 2 2 2 2 2
left_child=7 5 4 -4 -3 6 -2 8 10 -10 -1 13 -13 -9
right_child=1 2 3 -5 -6 -7 -8 11 9 -11 -12 12 -14 -15
leaf_value=0.0081046273004808829 -0.0042877624398173679 -0.016692373455326322 -0.016636038590463385 0.028210207334553275 -0.05500653285837822 -0.043976280437616005 0.0068944897079777183 0.013312079060941173 -0.0016611154350970043 -0.036331311287308821 -0.051103300788343312 0.0072347668514331567 0.046765020110142504 -0.015726251483445312
leaf_weight=142.78017907962203 166.85417371988297 18.268026363104585 11.809869833290579 12.858621940016745 9.6253426447510702 4.5555354990065089 134.48180869966745 40.530615635216236 68.046417094767094 29.124047219753265 4.9820182323455802 46.762513764202595 17.70040525496006 49.467021066695452
leaf_count=673 761 85 56 60 52 26 611 192 317 129 22 229 93 236
internal_value=3.19959e-06 -0.00183204 -0.0127111 0.00674038 -0.0299137 3.73233e-05 0.000702712 0.00165032 -0.00109649 -0.0120525 0.00610835 0.00600601 0.0180891 -0.00264878
internal_weight=757.847 358.453 52.5619 24.6685 27.8934 305.892 301.336 399.393 244.933 97.1705 147.762 154.461 64.4629 89.9976
internal_count=3542 1651 253 116 137 1398 1372 1891 1141 446 695 750 322 428
is_linear=0
shrinkage=0.04


Tree=233
num_leaves=9
num_cat=0
split_feature=32 3 0 3 31 0 37 39
split_gain=1.44154 2.69826 1.89216 1.83669 4.88868 2.16432 4.82863 2.35175
threshold=0.00067697001235674534 0.0039884676539963006 34.417142173384491 0.0066860683688765507 0.75395482943138858 84.468412248031157 1.0000000180025095e-35 0.2655755394068518
decision_type=2 2 2 2 2 2 2 2
left_child=3 -2 -3 5 -5 7 -7 -1
right_child=1 2 -4 4 -6 6 -8 -9
leaf_value=-0.00074262620874774741 -0.01419660705455243 0.0069020176381957947 0.052864235954118363 -0.050402442380368589 0.012688771196077329 0.049469386243377204 -0.0065072970452708283 0.0099160352712683395
leaf_weight=695.48948816210032 3.0824362188577634 2.6105559542775154 3.1773543506860733 4.0012013763189307 3.8614920228719711 4.460218667984007 5.5135776922106743 34.777422066777945
leaf_count=3204 19 18 28 22 23 27 28 173
internal_value=3.54683e-06 0.0160339 0.0321336 -0.000186527 -0.0194174 1.77391e-05 0.0185251 -0.00023503
internal_weight=756.974 8.87035 5.78791 748.103 7.86269 740.241 9.9738 730.267
internal_count=3542 65 46 3477 45 3432 55 3377
is_linear=0
shrinkage=0.04


Tree=234
num_leaves=11
num_cat=0
split_feature=35 21 15 40 35 15 0 9 3 19
split_gain=1.4269 6.97434 7.11782 5.71184 2.84211 10.9827 5.82431 2.74143 4.33847 3.91287
threshold=0.74986135571079593 0.0012341204705291502 -0.0015631594925961498 0.49528180181199594 0.77151928857284668 0.00040206714903985005 47.578720882268158 0.00066483067424154003 0.0045877200831976007 0.19098293205891473
decision_type=2 2 2 2 2 2 2 2 2 2
left_child=1 2 -1 -4 5 6 -2 8 -6 -9
right_child=4 -3 3 -5 7 -7 -8 9 -10 -11
leaf_value=-0.038295814457584496 -0.013248574736916817 -0.031896450467264026 0.030903369925078632 -0.003422336485448021 -0.00038588116865267237 -0.053279472634881406 0.048610724426570918 -0.030032864643708027 0.013649892470292288 0.007605954752651755
leaf_weight=3.8368260636925688 6.3396161347627658 6.3453577980399123 22.634340114891529 11.799963850528 638.57686907798052 7.4377501904964438 3.954341322183609 11.223906166851522 37.29356924444437 7.2891773618757716
leaf_count=18 30 33 122 56 2917 34 20 64 200 48
internal_value=3.58357e-06 0.00694284 0.0133824 0.0191406 -0.000431185 -0.0162447 0.0105142 -2.73717e-05 0.000388593 -0.0152133
internal_weight=756.732 44.6165 38.2711 34.4343 712.115 17.7317 10.294 694.384 675.87 18.5131
internal_count=3542 229 196 178 3313 84 50 3229 3117 112
is_linear=0
shrinkage=0.04


Tree=235
num_leaves=13
num_cat=0
split_feature=31 32 20 33 31 22 33 34 38 30 36 24
split_gain=1.42526 6.99476 7.98587 5.72161 4.55704 7.38539 6.41882 6.18134 5.58475 5.3538 2.75016 2.52314
threshold=0.85821961956902515 0.0004739108087943418 0.0025942917336914503 0.31578947368421056 0.89642885358903135 2.5793858723604877 0.2105263157894737 0.18859694254077983 0.99999999984867094 0.017056347295227672 0.50818055399771878 0.074999999999874958
decision_type=2 2 2 2 2 2 2 2 2 2 2 2
left_child=1 11 -3 -4 6 8 7 -2 -6 -8 -7 -1
right_child=4 2 3 -5 5 10 9 -9 -10 -11 -12 -13
leaf_value=0.054542065181442625 -0.0087173385812172634 -0.052498383534620781 0.0039567672453057513 -0.026719600145650318 -0.0014240842843107535 0.0574948469253488 -0.027260627912148842 -0.038117123400347806 0.015745504448356359 0.022945269865625985 0.015034084227246811 0.010801030223795711
leaf_weight=5.4222666919231397 68.294777773320675 4.32891921699047 192.59083713963628 10.245674312114714 395.94354154542089 4.6100576743483526 4.368351191282275 13.745239801704882 32.824114099144936 15.305019550025461 5.1863949298858643 3.4541343525052071
leaf_count=29 308 19 958 51 1803 22 20 61 152 73 25 21
internal_value=3.81319e-06 0.00274977 0.00125994 0.00240724 -0.00109422 0.000674936 -0.00872239 -0.0136431 -0.000109674 0.0117974 0.0350155 0.0375208
internal_weight=756.319 216.042 207.165 202.837 540.277 438.564 101.713 82.04 428.768 19.6734 9.79645 8.8764
internal_count=3542 1078 1028 1009 2464 2002 462 369 1955 93 47 50
is_linear=0
shrinkage=0.04


Tree=236
num_leaves=11
num_cat=0
split_feature=22 22 22 8 31 31 21 19 21 31
split_gain=1.42281 4.70012 6.83807 5.55932 6.28785 4.81351 4.41492 3.86677 8.14081 2.73617
threshold=-2.7675443081758853 -2.3527314467351519 -2.2072859176680493 -0.0015921040387688998 0.79863237754176108 0.79581947611699577 3.81823300419635e-05 1.0000000180025095e-35 -0.00078051950250739987 0.74717178304357823
decision_type=2 2 2 2 2 2 2 2 2 2
left_child=7 3 5 4 -2 -3 -5 8 -1 -4
right_child=1 2 9 6 -6 -7 -8 -9 -10 -11
leaf_value=0.017460900757844736 -0.034928509192781988 -0.063926014924753471 0.0099134622675949406 0.061149169760060511 0.026587668137891908 -0.0073489245825823233 0.0068312621945285021 0.016955002982461578 -0.05054947082476649 -0.00045426367876630472
leaf_weight=4.6083220094442376 4.827573627233507 4.5012703612446767 43.386267997324467 6.2270863056182844 5.9170632809400558 5.1689391285181046 3.8896726816892624 5.3185964673757544 7.2405419200658807 664.82306362316012
leaf_count=26 22 20 258 29 27 22 20 25 35 3058
internal_value=4.04672e-06 0.000268595 -0.000275299 0.018985 -0.0010516 -0.0336843 0.0402651 -0.0113799 -0.0240985 0.000180883
internal_weight=755.908 738.741 717.88 20.8614 10.7446 9.67021 10.1168 17.1675 11.8489 708.209
internal_count=3542 3456 3358 98 49 42 49 86 61 3316
is_linear=0
shrinkage=0.04


Tree=237
num_leaves=15
num_cat=0
split_feature=23 24 9 8 23 2 9 0 1 7 23 33 23 3
split_gain=1.35882 10.2784 5.41028 5.10186 5.67623 4.94157 2.35747 5.23185 6.82941 6.44352 3.74522 8.26815 5.20528 0.986813
threshold=-0.30019059011615407 0.074999999999874958 0.00045834332298863508 0.0011377394958562504 -0.48307711893793276 0.30382139909986944 0.0004569740988104987 67.429076527407474 21.547804208013989 0.00095034117194665012 0.92662306905329295 -0.2105263157894737 2.910321225381661 0.0017509154754409503
decision_type=2 2 2 2 2 2 2 2 2 2 2 2 2 2
left_child=1 2 13 4 -3 -4 7 8 -2 -9 11 -8 -12 -1
right_child=6 3 5 -5 -6 -7 10 9 -10 -11 12 -13 -14 -15
leaf_value=0.030597868269913186 -0.0058145574686554518 -0.03889715579725881 -0.011879336606782316 0.022745130171047737 -0.00015172824894839394 0.019766702435913892 0.013177563957212188 0.031369590655558673 -0.039795408536987917 -0.022604067707202764 0.010597724980674159 -0.0074270613448469058 -7.6211702346465552e-05 0.057666825226909899
leaf_weight=3.9666027873754484 76.313553966581821 13.114546112716202 11.278027929365633 5.165092170238494 11.23036278039217 26.318454042077065 37.887102946639061 11.350372433662416 10.802704520523546 5.1423476636409751 101.48957846313715 175.49612612277269 261.31934220343828 4.7176443859934807
leaf_count=19 344 62 54 26 54 127 170 51 48 25 477 786 1277 22
internal_value=3.97856e-06 0.00508417 0.0168466 -0.013363 -0.0210238 0.0102737 -0.00056241 -0.00611732 -0.0100283 0.0145409 0.000436456 -0.00376862 0.00290964 0.0453029
internal_weight=755.592 75.7907 46.2807 29.51 24.3449 37.5965 679.801 103.609 87.1163 16.4927 576.192 213.383 362.809 8.68425
internal_count=3542 364 222 142 116 181 3178 468 392 76 2710 956 1754 41
is_linear=0
shrinkage=0.04


Tree=238
num_leaves=7
num_cat=0
split_feature=20 20 9 40 23 31
split_gain=1.34992 1.5822 7.29499 5.24302 5.18241 4.85373
threshold=0.0025871408217565503 0.0025957812174228004 0.00043420300688686708 0.55772913413007019 3.3733243450120463 0.85395650204360218
decision_type=2 2 2 2 2 2
left_child=-1 3 -3 4 -2 -4
right_child=1 2 5 -5 -6 -7
leaf_value=-0.027050335319253344 0.0047500183371073134 -0.049808063406870495 0.0041581021475270881 0.036418060652956941 -0.0084921895839143412 -0.0040733895054351653
leaf_weight=2.9394274577498427 201.48294561356306 4.90279497206211 191.61097478121519 7.1243073940277091 61.78639654815197 285.22450333461165
leaf_count=14 912 22 968 33 273 1320
internal_value=3.96736e-06 0.000109699 -0.00126478 0.00255849 0.00164222 -0.000765657
internal_weight=755.071 752.132 481.738 270.394 263.269 476.835
internal_count=3542 3528 2310 1218 1185 2288
is_linear=0
shrinkage=0.04


Tree=239
num_leaves=15
num_cat=0
split_feature=40 34 38 25 35 38 23 22 27 1 40 22 7 33
split_gain=1.33755 4.2791 9.95081 7.19705 5.5519 5.36105 5.4147 2.78183 11.9768 9.68846 7.14075 5.17663 2.67878 1.61961
threshold=0.50033590339765233 0.24444005079090661 0.97806729513036217 0.25000000000000006 1.0953151811282771 0.99999999986527388 1.5301062809821613 1.0641748165381564 0.077572225065916364 98.838552821966019 0.47181759789394784 0.50520633069284071 0.0012336568177269004 0.31578947368421056
decision_type=2 2 2 2 2 2 2 2 2 2 2 2 2 2
left_child=7 5 4 -4 -3 6 -2 9 12 11 -10 -1 -9 -11
right_child=1 2 3 -5 -6 -7 -8 8 10 13 -12 -13 -14 -15
leaf_value=0.00046264450460440683 -0.0041386150524035173 -0.015911448269021782 -0.039592185435635634 0.016482574213971951 -0.053729068301677077 -0.043381292780412001 0.0066601334824075344 -0.056452745881637879 -0.0089627071715727633 0.019551372940251568 0.017757820628787044 0.021380762667375788 -0.016845353491768817 0.048945599620023171
leaf_weight=285.49957972764969 166.35745302215219 18.195249475538734 4.4837929308414486 19.985631316900253 9.4303304702043516 4.4833916984498492 134.24493299424648 7.5837337523698789 41.195302128791809 4.8905321732163411 26.165906220674515 20.272849373519421 4.2707539051771164 7.7552883177995682
leaf_count=1328 761 85 21 95 52 26 611 33 201 28 133 99 21 48
internal_value=3.84329e-06 -0.00177277 -0.0123679 0.0062074 -0.028821 3.63976e-05 0.000683959 0.00159971 -0.00510804 0.00326846 0.00141666 0.00184953 -0.0421836 0.0375779
internal_weight=754.815 357.181 52.095 24.4694 27.6256 305.086 300.602 397.634 79.2157 318.418 67.3612 305.772 11.8545 12.6458
internal_count=3542 1651 253 116 137 1398 1372 1891 388 1503 334 1427 54 76
is_linear=0
shrinkage=0.04


Tree=240
num_leaves=9
num_cat=0
split_feature=34 34 8 24 3 34 40 19
split_gain=1.3428 1.84983 3.52808 4.53965 3.3136 2.07845 7.16873 2.8396
threshold=0.0012382048793709583 0.01706386775059306 0.0007371189300507501 0.10833333333315277 0.0018637178382317004 0.028202228975515772 0.52185558155816736 2.6924762535433047
decision_type=2 2 2 2 2 2 2 2
left_child=-1 2 3 -2 -4 6 -3 -7
right_child=1 5 4 -5 -6 7 -8 -9
leaf_value=0.022080091549371367 -0.016199815765904655 0.016072439984841039 -0.012625218287304479 0.017900829376894422 0.033970853836987863 0.00039181735144767812 -0.032238170847211818 -0.014691824349314694
leaf_weight=4.3827651590108863 42.678365428000689 34.800210401415825 4.1581811606883985 7.3171141594648352 5.9159768894314766 628.45812361314893 5.7226191610097876 20.624707937240601
leaf_count=19 199 156 19 33 29 2965 26 96
internal_value=3.85804e-06 -0.000125204 -0.00685748 -0.011209 0.014738 0.000461226 0.00925003 -8.74677e-05
internal_weight=754.058 749.675 60.0696 49.9955 10.0742 689.606 40.5228 649.083
internal_count=3542 3523 280 232 48 3243 182 3061
is_linear=0
shrinkage=0.04


Tree=241
num_leaves=15
num_cat=0
split_feature=10 35 23 40 18 10 36 23 24 23 10 40 27 9
split_gain=1.30041 5.85409 5.90203 6.4732 4.76291 3.60245 4.92587 2.81656 8.77862 6.05389 4.66816 3.55765 11.1897 3.31445
threshold=0.00025287926948665008 0.87760057214446308 -0.172041110717191 0.52262914150322193 1.0000000180025095e-35 0.00042706002495960003 0.46043242088471015 -0.30019059011615407 0.058333333333236058 -0.44997778423863694 -0.00024368847982974998 0.52560275668157963 0.072856850664399217 0.00041650418122264593
decision_type=2 2 2 2 2 2 2 2 2 2 2 2 2 2
left_child=7 5 4 -4 -3 6 -2 8 10 -10 -1 13 -13 -9
right_child=1 2 3 -5 -6 -7 -8 11 9 -11 -12 12 -14 -15
leaf_value=0.0016347810167766604 0.039831085660841724 -0.030886632387542634 0.01562540872959086 -0.01070118617928191 0.0058436025950198301 -0.021559455604167239 -0.0075653396444219454 -0.024611776021358299 -0.021940562962072186 0.01748583567889719 0.035076460456211017 0.016007955367006881 -0.02519499166708267 -0.0025040814560861164
leaf_weight=10.462762363255026 4.3240116387605694 10.551730580627918 89.361513566225767 17.944109067320824 12.156253732740879 20.994968384504318 18.600523147732019 11.118647024035452 18.294099323451523 9.4502586275339109 18.465988174080849 48.986868694424629 13.43905660510063 449.69559443369508
leaf_count=51 19 50 417 83 57 102 87 49 91 45 88 217 70 2116
internal_value=3.75916e-06 0.0030373 0.00730243 0.011223 -0.0112239 -0.00958866 0.00137454 -0.000906088 0.00756423 -0.00851118 0.0229815 -0.00182352 0.00713778 -0.0030375
internal_weight=753.846 173.933 130.014 107.306 22.708 43.9195 22.9245 579.913 56.6731 27.7444 28.9288 523.24 62.4259 460.814
internal_count=3542 815 607 500 107 208 106 2727 275 136 139 2452 287 2165
is_linear=0
shrinkage=0.04


Tree=242
num_leaves=11
num_cat=0
split_feature=13 37 37 27 12 13 19 19 36 25
split_gain=1.34279 4.72267 8.42828 6.64539 4.53346 4.54802 4.10957 4.1237 3.80779 2.39073
threshold=-5.4777460093963173e-05 0.059668314310213307 0.099101312423489782 0.075516789147202876 -0.00047314036859379995 0.00044247073456945006 1.3879895355513434 1.2468557703472583 0.26472008278298392 0.75000000000000011
decision_type=2 2 2 2 2 2 2 2 2 2
left_child=6 4 9 -4 -2 -6 7 8 -1 -3
right_child=1 2 3 -5 5 -7 -8 -9 -10 -11
leaf_value=0.039022326337566637 0.034797399730393919 0.040491039449872139 0.0062018319009175052 -0.016033451919438869 -0.010217894256173633 0.00041586381251262536 0.032828333761019554 -0.035476716865931131 0.0012250874927943736 0.012364364522310671
leaf_weight=4.3182222768664351 4.5731770172715178 11.471530869603159 81.214007928967476 29.251732297241688 141.38803116232157 118.11158503592014 6.6910762414336196 4.8416709452867499 343.10435602068901 8.3581093028187734
leaf_count=21 22 56 378 137 662 551 34 22 1617 42
internal_value=3.71896e-06 -0.00160745 0.00462416 0.000313847 -0.00468217 -0.00537793 0.00177384 0.00118398 0.00169488 0.0286358
internal_weight=753.323 394.368 130.295 110.466 264.073 259.5 358.955 352.264 347.423 19.8296
internal_count=3542 1848 613 515 1235 1213 1694 1660 1638 98
is_linear=0
shrinkage=0.04


Tree=243
num_leaves=13
num_cat=0
split_feature=35 22 22 32 19 32 23 37 22 32 22 3
split_gain=1.36648 6.24199 6.30307 7.19203 3.13499 2.92385 6.04749 8.26403 7.97514 5.59661 5.64419 4.74771
threshold=0.74986135571079593 2.0874667093422765 0.18080503915914234 0.00054607589571681249 0.80935610356305909 0.00052977832068686992 1.3229282592960103 0.19810962444730065 0.55163781089522279 0.00052320373351255514 -1.8312467273380848 0.0029601113068548003
decision_type=2 2 2 2 2 2 2 2 2 2 2 2
left_child=1 2 3 -1 -4 9 8 -8 -7 10 -2 -11
right_child=5 -3 4 -5 -6 6 7 -9 -10 11 -12 -13
leaf_value=-0.024536030414446474 -0.014097861434669382 -0.029931887727526574 0.048963493087606384 0.019105406871253873 0.0064977821125027872 -0.015783404095474424 -0.0026455161233922726 0.025826530029209788 0.031188577672923073 0.0069725087713572251 0.0017138507122728735 0.040556426653230018
leaf_weight=10.231102511286737 39.749114565551281 6.3341342359781256 8.8695916607975942 14.755871195346115 4.0523111261427394 80.846894823014736 137.17003770172596 18.512014344334602 6.228953704237937 20.55830974876881 395.78004701435566 10.016547799110411
leaf_count=44 188 32 49 83 21 380 691 92 31 94 1786 51
internal_value=3.80855e-06 0.00682392 0.0129654 0.0012361 0.0356462 -0.000421863 -0.00398154 0.00074007 -0.0124233 0.0014321 0.000270775 0.0179748
internal_weight=753.105 44.243 37.9089 24.987 12.9219 708.862 242.758 155.682 87.0758 466.104 435.529 30.5749
internal_count=3542 229 197 127 70 3313 1194 783 411 2119 1974 145
is_linear=0
shrinkage=0.04


Tree=244
num_leaves=9
num_cat=0
split_feature=28 23 30 13 35 9 9 34
split_gain=1.33147 4.00991 3.2365 2.64323 1.86925 2.69228 1.89014 0.767424
threshold=0.67617062445752096 2.9369111936097223 0.18107214317148809 -7.8262610820015082e-05 1.4982625449854055 0.00065643841239015975 0.00066483067424154003 0.082894583746939518
decision_type=2 2 2 2 2 2 2 2
left_child=1 3 4 -1 6 -6 -2 -4
right_child=2 -3 7 -5 5 -7 -8 -9
leaf_value=-0.019080301908074769 0.0006112721814526172 0.04427592899594307 -0.037734503263016958 0.023616818187368015 -0.036957220950795011 0.0057029454551811506 -0.012232237751348105 -0.01230624770389763
leaf_weight=5.824538826942443 702.56575290486217 4.3187733665108672 4.1528550907969466 3.8553806096315375 5.2008693739771825 4.3439778126776218 18.824807785451412 3.4989762380719185
leaf_count=28 3254 22 22 20 30 31 115 20
internal_value=4.15041e-06 0.0122251 -0.000227478 -0.00207462 4.34418e-05 -0.0175421 0.000276119 -0.0261068
internal_weight=752.586 13.9987 738.587 9.67992 730.935 9.54485 721.391 7.65183
internal_count=3542 70 3472 48 3430 61 3369 42
is_linear=0
shrinkage=0.04


Tree=245
num_leaves=9
num_cat=0
split_feature=6 6 38 30 28 39 10 10
split_gain=1.34361 5.22881 10.3995 3.74733 4.69769 3.58695 2.88733 2.45882
threshold=-0.0007974878964950499 -0.00070446992983064997 0.96169550156785388 0.12148023882123378 0.8212938610545315 0.12650207530457594 -0.00079479841680039985 -0.00050219568486299996
decision_type=2 2 2 2 2 2 2 2
left_child=3 2 -2 4 -1 -6 -3 -8
right_child=1 6 -4 -5 5 -7 7 -9
leaf_value=-0.048294476990204921 -0.054992436250273863 -0.027056187131808906 0.013939878367939081 0.040756255797268964 -0.0030561136070377361 0.025296346993120437 0.010812123538452362 -0.00020009361636976679
leaf_weight=2.6696393340826026 7.8976797461509687 6.2094412147998801 6.2912058010697365 4.6973782628774634 20.149997536093 11.057160466909407 34.12000123411417 659.32096494734287
leaf_count=12 37 28 33 23 102 59 159 3089
internal_value=4.00012e-06 -0.000388931 -0.0244286 0.00727543 0.00263296 0.00698959 9.8592e-05 0.00034175
internal_weight=752.413 713.839 14.1889 38.5742 33.8768 31.2072 699.65 693.441
internal_count=3542 3346 70 196 173 161 3276 3248
is_linear=0
shrinkage=0.04


Tree=246
num_leaves=10
num_cat=0
split_feature=32 22 22 15 35 36 9 20 2
split_gain=1.35283 3.10696 4.45341 3.41201 1.9406 4.22383 2.07546 3.86873 3.56592
threshold=0.00063371408424002876 2.8089867902767187 -1.7498998368294125 -0.00074076297717714991 1.4982625449854055 0.65100287581418759 0.00066483067424154003 0.0026314337663720004 0.54314834329366002
decision_type=2 2 2 2 2 2 2 2 2
left_child=4 2 -2 -4 6 -6 7 -1 -8
right_child=1 -3 3 -5 5 -7 8 -9 -10
leaf_value=-0.00023622153968093005 -0.013491167998225211 -0.026029045604783772 0.0094765524660150903 0.047203901255897372 -0.040158288897963537 0.016291898308746312 -0.040304769149479988 0.021730470259256993 0.0086291917035395491
leaf_weight=695.11590050905943 6.3783267140388533 3.4807094931602469 8.6511483713984507 6.8902368657290909 5.595104441046713 3.4153340794146061 5.3499547243118268 13.069193616509436 4.2960325255990028
leaf_count=3188 35 18 65 64 35 21 26 65 25
internal_value=3.68489e-06 0.00907774 0.0146525 0.0262029 -0.00031342 -0.0187613 -8.18563e-05 0.000169163 -0.0185111
internal_weight=752.242 25.4004 21.9197 15.5414 726.842 9.01044 717.831 708.185 9.64599
internal_count=3542 182 164 129 3360 56 3304 3253 51
is_linear=0
shrinkage=0.04


Tree=247
num_leaves=13
num_cat=0
split_feature=15 29 13 14 33 36 8 35 0 1 0 6
split_gain=1.32891 6.27447 5.47281 4.9368 4.73505 6.44868 4.16315 5.57524 4.93309 4.88914 6.72077 3.70658
threshold=0.0017334206005861002 0.024706639049387486 -6.0639306812934007e-05 0.00045600523586050007 0.10526315789473685 0.57457240163678536 0.0019089198774774501 0.85014948626495401 60.514789501083641 59.309106751068619 69.822567248918162 0.00087127933349270012
decision_type=2 2 2 2 2 2 2 2 2 2 2 2
left_child=6 4 -3 -4 -2 -6 9 -8 -9 11 -11 -1
right_child=1 2 3 -5 5 -7 7 8 -10 10 -12 -13
leaf_value=0.00053499792336558869 0.038176968850041459 0.027363956664414841 -0.05554294950307128 -0.01452086359579033 -0.03797472078108715 0.015627938032833594 -0.011391541978789846 -0.0090227562184256403 0.042266353235532059 -0.025829332423212649 0.0054314408993832988 0.033341598157989406
leaf_weight=617.92236939817667 6.8805683217942741 4.0549220591783515 5.7423777431249645 25.706514306366444 5.2452063485980061 11.38666696846485 7.6449916288256672 3.9485170543193844 12.496566243469713 26.377408396452665 18.879626102745533 5.5598226264119139
leaf_count=2879 36 22 28 128 27 61 39 19 63 123 90 27
internal_value=3.7724e-06 -0.00575819 -0.0163721 -0.0220112 0.0102688 -0.00127677 0.000494585 0.0168314 0.0299517 -9.39181e-05 -0.0127884 0.000827547
internal_weight=751.846 59.0163 35.5038 31.4489 23.5124 16.6319 692.829 24.0901 16.4451 668.739 45.257 623.482
internal_count=3542 302 178 156 124 88 3240 121 82 3119 213 2906
is_linear=0
shrinkage=0.04


Tree=248
num_leaves=14
num_cat=0
split_feature=36 38 8 15 9 22 36 7 26 8 1 1 22
split_gain=1.28326 7.31045 8.85102 7.46093 5.98464 5.42741 2.67894 7.53338 5.49082 3.08257 6.69709 5.33031 2.37153
threshold=0.89958226841016498 0.88114049726435717 0.00010927194960545001 0.0012605034203874003 0.00050605413903004749 -0.54982551860209716 0.82060710386168767 0.00042674499010225008 0.014504387776324727 -2.6256116384985424e-05 -16.909001329186136 -16.369598920849963 0.41134512369131876
decision_type=2 2 2 2 2 2 2 2 2 2 2 2 2
left_child=6 2 4 5 -2 -3 9 8 -8 11 -11 -1 -9
right_child=1 3 -4 -5 -6 -7 7 12 -10 10 -12 -13 -14
leaf_value=-0.00044192735222390575 -0.040705719461910254 -0.04389144614413714 0.05957923004086392 -0.064765232221311697 0.024425043631001963 0.0053764092582687982 -0.016098308713704001 0.057609933758267284 0.016390703433858782 -0.034919324607893168 -0.0020070680411220384 0.011102582890198666 0.018018895757760171
leaf_weight=261.67452720925212 4.4657622426748258 5.0697786435484913 4.7688419893383971 4.9682104289531699 4.5644388198852539 12.154549717903139 15.874692559242247 5.6620018258690816 17.496426608413458 10.212103091180323 315.74141747131944 84.705812722444534 4.228790208697319
leaf_count=1243 20 27 24 22 22 53 73 29 85 46 1491 386 21
internal_value=3.98589e-06 -0.00736591 0.0154959 -0.0215811 -0.00778448 -0.00912501 0.000374662 0.0100229 0.000935631 -0.000246161 -0.00303821 0.00238123 0.0406829
internal_weight=751.587 35.9916 13.799 22.1925 9.0302 17.2243 715.596 43.2619 33.3711 672.334 325.954 346.38 9.89079
internal_count=3542 168 66 102 42 80 3374 208 158 3166 1537 1629 50
is_linear=0
shrinkage=0.04


Tree=249
num_leaves=5
num_cat=0
split_feature=15 19 14 39
split_gain=1.48757 2.95061 2.1216 2.17605
threshold=-0.0033291342857830497 -3.3732997388086763 -0.0021635032159558498 0.091764186279242446
decision_type=2 2 2 2
left_child=-1 -2 -3 -4
right_child=1 2 3 -5
leaf_value=0.020750571244953532 -0.025738765638431051 0.02256848958922102 0.00094760879844551593 -0.0046218893903048818
leaf_weight=5.4893868379294863 7.1401827335357657 6.6627317219972602 593.43643535673618 138.42407592013478
leaf_count=30 35 39 2774 664
internal_value=4.07511e-06 -0.000148655 9.87547e-05 -0.000105806
internal_weight=751.153 745.663 738.523 731.861
internal_count=3542 3512 3477 3438
is_linear=0
shrinkage=0.04


Tree=250
num_leaves=14
num_cat=0
split_feature=38 23 3 3 37 13 3 38 22 24 38 24 18
split_gain=1.29323 4.65057 9.3796 5.14233 5.36582 3.40053 2.98027 2.7389 8.70803 6.662 3.44121 4.72469 2.7135
threshold=0.65783926357658329 1.3637535290042819 0.0021321320549251505 0.0024365454978447004 0.0099561758956656764 -0.00011276988918224998 0.0029748144464930505 0.74421110905788734 1.9675383002017417 0.041666666666597151 0.75302017391859821 0.074999999999874958 1.0000000180025095e-35
decision_type=2 2 2 2 2 2 2 2 2 2 2 2 2
left_child=1 2 -1 5 -5 -3 -4 8 9 -2 11 -9 -12
right_child=7 3 6 4 -6 -7 -8 10 -10 -11 12 -13 -14
leaf_value=0.016111877948505503 0.026242325661217914 0.0040008747582345348 -0.063450366979077424 -0.015139213214715137 0.029257741766968871 -0.038753739630237767 -0.024476468806435402 0.0022212421805733067 -0.03854449084165773 0.0022251044847347154 -0.0023175598850467697 -0.049574204362162207 0.0031543968865503269
leaf_weight=6.8937072455883053 28.254580773413181 5.883548229932785 5.6602937839925271 6.3178027495741871 14.024128764867781 6.0239666551351529 7.0483707934617996 5.9369818940758687 6.2251626849174491 53.410406287759542 354.8318411000073 5.3633454144001007 245.19543155282736
leaf_count=31 136 29 29 35 76 28 32 29 30 254 1674 27 1132
internal_value=3.89708e-06 -0.00609121 -0.0214564 0.0032483 0.0154689 -0.0176285 -0.041835 0.000455892 0.0070584 0.0105346 -0.000493347 -0.0223618 -8.14969e-05
internal_weight=751.07 51.8518 19.6024 32.2494 20.3419 11.9075 12.7087 699.218 87.8901 81.665 611.328 11.3003 600.027
internal_count=3542 260 92 168 111 57 61 3282 420 390 2862 56 2806
is_linear=0
shrinkage=0.04


Tree=251
num_leaves=15
num_cat=0
split_feature=40 34 38 25 3 3 24 22 8 37 22 23 37 25
split_gain=1.2788 3.88831 9.15973 6.70096 6.40128 7.74551 6.76888 5.04672 2.70939 11.1452 13.7828 10.2765 8.82703 11.5844
threshold=0.50033590339765233 0.24444005079090661 0.97806729513036217 0.25000000000000006 0.0030622676417844503 0.0038271913772254507 0.22499999999962497 -0.54982551860209716 0.00051276077811785012 0.006583398808771122 0.13073233904547746 -0.55387480345650031 0.055534740749786156 0.75000000000000011
decision_type=2 2 2 2 2 2 2 2 2 2 2 2 2 2
left_child=8 4 7 -4 6 -6 -2 -3 9 11 -11 -1 -10 -14
right_child=1 2 3 -5 5 -7 -8 -9 12 10 -12 -13 13 -15
leaf_value=-0.053310119177365334 -0.001961300966496978 -0.058611480269029209 -0.0384700188668083 0.015870112189250545 0.018757906374435498 -0.016487995846615939 -0.048965067033645254 -0.018195563210241843 -0.0023479939682007414 -0.0016747324310849763 -0.034600918453783859 0.0077988800198535123 0.0067904191100052374 0.045426211987969818
leaf_weight=4.5439656227827063 237.50095305591822 6.486711040139201 4.4417395293712643 19.890182644128799 48.71433798968792 12.544907160103319 5.0052902773022643 20.777354851365089 89.120197836309671 67.499094314873219 29.115016274154186 141.97439832240343 46.045455660670996 17.001767419278622
leaf_count=20 1091 36 21 95 220 62 25 101 428 317 129 675 229 93
internal_value=3.82393e-06 -0.00173745 -0.0118898 0.00595044 -1.30252e-05 0.0115401 -0.00293145 -0.0278114 0.00156917 -0.00105065 -0.0115972 0.00590371 0.00575511 0.0172092
internal_weight=750.661 355.361 51.596 24.3319 303.765 61.2592 242.506 27.2641 395.3 243.132 96.6141 146.518 152.167 63.0472
internal_count=3542 1651 253 116 1398 282 1116 137 1891 1141 446 695 750 322
is_linear=0
shrinkage=0.04


Tree=252
num_leaves=10
num_cat=0
split_feature=20 9 40 21 21 7 36 38 24
split_gain=1.28691 6.52516 4.87945 4.69754 8.58273 6.88763 4.33913 6.26002 6.1487
threshold=0.0025957812174228004 0.00043420300688686708 0.55772913413007019 -0.00025038722780574993 -0.00031174797331519994 0.00020530414814330002 0.56896868263147449 0.69563154751842859 1.0000000180025095e-35
decision_type=2 2 2 2 2 2 2 2 2
left_child=2 -2 3 4 -1 -5 7 -3 -8
right_child=1 6 -4 5 -6 -7 8 -9 -10
leaf_value=-0.002422696663965977 -0.047507533505070185 -0.02543448680762574 0.035194044941177477 0.014719600716204156 -0.050832924103395689 -0.0018577332979585832 -0.0200081147654694 -0.0028730097372204285 0.0035741495764196113
leaf_weight=96.417168445885181 4.8289590030908576 22.695381440222263 6.9879575073719016 72.655335083603859 6.238797888159751 89.500411115586758 18.866810888051987 147.95612678676844 283.65624094381928
leaf_count=438 22 111 33 329 28 404 91 710 1376
internal_value=4.00377e-06 -0.00124559 0.00220161 0.001331 -0.00536477 0.00556989 -0.000773466 -0.00587352 0.00210344
internal_weight=749.803 478.004 271.8 264.812 102.656 162.156 473.175 170.652 302.523
internal_count=3542 2310 1232 1199 466 733 2288 821 1467
is_linear=0
shrinkage=0.04


Tree=253
num_leaves=14
num_cat=0
split_feature=23 22 0 18 39 8 15 10 10 37 38 40 36
split_gain=1.30268 9.71119 10.0497 10.7508 7.43794 5.26551 2.08058 6.84113 6.91278 5.84723 3.66241 9.02128 6.1326
threshold=-0.36500115622852619 0.031987655546922907 67.929112841587838 -1.0000000180025095e-35 0.098368168585872315 -9.8020396052563033e-05 -0.00034520775997584993 0.00031776690566485006 0.00060065701576350009 0.3478661624508797 0.80356535430503839 0.48806421956954177 0.64590940960514331
decision_type=2 2 2 2 2 2 2 2 2 2 2 2 2
left_child=1 4 3 -3 5 -1 7 9 -9 -2 11 -8 -12
right_child=6 2 -4 -5 -6 -7 10 8 -10 -11 12 -13 -14
leaf_value=0.054200717973452203 0.00092417202850912997 -0.035999598158218425 0.046203007267452467 0.009397728865172629 -0.021718846772130422 0.0079511417038226305 0.015692704862457881 0.030441801604748835 -0.017150270942776259 -0.042127455779805131 0.00056796325624741716 -0.0074085806996287149 -0.010847801373313438
leaf_weight=11.548129588365558 242.03989521041512 17.48219886794686 5.051551289856433 15.971766553819181 4.0500139594078055 5.9772319272160539 53.594979252666235 23.223512977361683 6.1833534315228453 5.1551813408732405 168.51837964355946 54.601517535746098 136.10298393666744
leaf_count=53 1149 90 24 72 20 35 280 111 29 26 782 252 619
internal_value=3.84246e-06 0.00565278 -0.00638498 -0.0143258 0.0271365 0.0384268 -0.000488446 0.00219605 0.0204347 2.63429e-05 -0.00228715 0.00403461 -0.00453253
internal_weight=749.501 60.0809 38.5055 33.454 21.5754 17.5254 689.42 276.602 29.4069 247.195 412.818 108.196 304.621
internal_count=3542 294 186 162 108 88 3248 1315 140 1175 1933 532 1401
is_linear=0
shrinkage=0.04


Tree=254
num_leaves=9
num_cat=0
split_feature=28 23 30 13 13 37 35 6
split_gain=1.27326 3.84531 3.05324 2.4539 1.6971 3.90747 3.87147 0.364946
threshold=0.67617062445752096 2.9369111936097223 0.18107214317148809 -7.8262610820015082e-05 -5.4777460093963173e-05 0.059668314310213307 0.79238747212012017 -1.0000000180025095e-35
decision_type=2 2 2 2 2 2 2 2
left_child=1 3 4 -1 6 -6 -2 -4
right_child=2 -3 7 -5 5 -7 -8 -9
leaf_value=-0.018353342179069646 0.01413342103349491 0.043743486197253371 -0.016259578578580906 0.022933715910064018 -0.0046044884730339439 0.0040077684616993273 0.0005856446069161783 -0.033876906477324525
leaf_weight=5.8051854744553557 37.929405856877565 4.2413863092660895 3.5734948292374611 3.8182425871491423 258.02618844807148 125.18667935580015 306.20439118519425 3.9730439558625212
leaf_count=28 193 22 18 20 1208 591 1438 24
internal_value=3.86884e-06 0.0120128 -0.000222696 -0.00197207 3.99257e-05 -0.00179107 0.00207884 -0.0255346
internal_weight=748.758 13.8648 734.893 9.62343 727.347 383.213 344.134 7.54654
internal_count=3542 70 3472 48 3430 1799 1631 42
is_linear=0
shrinkage=0.04


Tree=255
num_leaves=8
num_cat=0
split_feature=32 14 3 31 0 37 39
split_gain=1.25998 2.58217 1.73428 4.17957 1.98268 4.51342 2.2105
threshold=0.00067697001235674534 -0.00022470072996454997 0.0066860683688765507 0.75395482943138858 84.468412248031157 1.0000000180025095e-35 0.30194995465008018
decision_type=2 2 2 2 2 2 2
left_child=2 -2 4 -4 6 -6 -1
right_child=1 -3 3 -5 5 -7 -8
leaf_value=-0.00060787202402875313 -0.010658200738400736 0.033923296239729901 -0.048605201473179267 0.0108685562724257 0.048853497173995994 -0.0061034253416177679 0.012304483115961183
leaf_weight=700.79871122539043 3.5731865130364895 4.9700698368251306 3.8275423422455779 3.7359795272350311 4.2556806951761228 5.4569152891635895 21.87506714835763
leaf_count=3262 27 38 22 23 27 28 115
internal_value=3.80514e-06 0.0152772 -0.000172538 -0.0192283 2.42556e-05 0.0179766 -0.00021702
internal_weight=748.493 8.54326 739.95 7.56352 732.386 9.7126 722.674
internal_count=3542 65 3477 45 3432 55 3377
is_linear=0
shrinkage=0.04


Tree=256
num_leaves=6
num_cat=0
split_feature=15 2 13 31 2
split_gain=1.41555 3.35669 1.7119 5.4173 4.99072
threshold=-0.0033291342857830497 -0.17335875486521907 -0.00071868641027304986 0.90122313197517434 0.092836754362025764
decision_type=2 2 2 2 2
left_child=-1 -2 3 -3 -4
right_child=1 2 4 -5 -6
leaf_value=0.020283793227388151 -0.033956413207551182 -0.0046620108191343509 -0.014392734890247956 0.015193776847861128 0.00025289047829340138
leaf_weight=5.4666757844388476 4.6685265973210326 43.79231271520257 39.645060129463673 44.14961352199316 610.57342664152384
leaf_count=30 24 216 187 201 2884
internal_value=3.74853e-06 -0.000145498 6.83408e-05 0.00530622 -0.000640081
internal_weight=748.296 742.829 738.16 87.9419 650.218
internal_count=3542 3512 3488 417 3071
is_linear=0
shrinkage=0.04


Tree=257
num_leaves=11
num_cat=0
split_feature=32 40 24 32 28 10 33 13 7 33
split_gain=1.27145 5.54388 3.6017 2.05953 5.49624 2.54087 2.20177 5.33108 5.11628 1.74167
threshold=0.00043041431961626965 0.49582400973117552 0.074999999999874958 0.0004389443003854964 0.94372552468077153 -0.00010523464557364999 1.0000000180025095e-35 1.0000000180025095e-35 0.00083949057687650005 -1.0000000180025095e-35
decision_type=2 2 2 2 2 2 2 2 2 2
left_child=1 -1 9 4 5 -2 8 -8 -5 -3
right_child=3 2 -4 6 -6 -7 7 -9 -10 -11
leaf_value=-0.030239055600216776 -0.057201358409365133 -0.011105950374614336 0.049162759036624079 0.0011292628559992799 0.012314389701736476 -0.01621428829498394 0.0032186508568807369 -0.0068852059048048796 0.023023558668613508 0.022632412284891452
leaf_weight=4.2334631532430675 4.1429461985826501 4.4109259322285652 5.0351728200912467 356.92067737132311 7.3634867668151847 5.8188303485512742 153.55021337047219 183.28556587919593 17.935126453638077 5.5016912370920164
leaf_count=19 20 21 24 1685 37 27 719 875 90 25
internal_value=3.54979e-06 0.0101691 0.0216134 -0.000263917 -0.0138903 -0.0332602 6.78009e-05 -0.00227925 0.0021768 0.00761948
internal_weight=748.198 19.1813 14.9478 729.017 17.3253 9.96178 711.692 336.836 374.856 9.91262
internal_count=3542 89 70 3453 84 47 3369 1594 1775 46
is_linear=0
shrinkage=0.04


Tree=258
num_leaves=11
num_cat=0
split_feature=20 9 10 2 10 31 23 40 14 23
split_gain=1.24096 5.98367 4.95597 6.13778 6.58664 4.25976 7.23058 7.04199 3.46463 2.22039
threshold=0.0025957812174228004 0.00043420300688686708 -0.00058317543223434989 -0.066483523854288587 -0.00050219568486299996 0.85395650204360218 -0.31231434287701826 0.44487684901830288 -0.0012977713401145497 0.34229010677581689
decision_type=2 2 2 2 2 2 2 2 2 2
left_child=2 -2 8 -4 -5 6 -3 -7 -1 -10
right_child=1 5 3 4 -6 7 -8 -9 9 -11
leaf_value=0.0077475547960833835 -0.045836444787919692 0.051735327108100256 -0.0582155865896151 0.041045968155882379 0.002911062307093502 0.024335299268681783 0.0025915804544044273 -0.0052949943084137762 -0.012851725373684801 -0.052539774733758468
leaf_weight=4.4174716249108306 4.7623909115791312 4.9179028272628775 2.5602258071303359 7.4654130041599265 247.31877829879522 13.475439660251139 184.52000679448247 269.37711283937097 3.9769296050071699 5.210405245423317
leaf_count=21 22 25 13 34 1120 71 943 1249 20 24
internal_value=3.49782e-06 -0.00122436 0.00216535 0.00340921 0.00402845 -0.00077451 0.00386738 -0.00388337 -0.021363 -0.03536
internal_weight=748.002 477.053 270.949 257.344 254.784 472.29 189.438 282.853 13.6048 9.18733
internal_count=3542 2310 1232 1167 1154 2288 968 1320 65 44
is_linear=0
shrinkage=0.04


Tree=259
num_leaves=7
num_cat=0
split_feature=23 23 2 23 23 24
split_gain=1.55053 1.36217 3.16009 1.8669 7.26434 2.43666
threshold=-0.75855984060644899 -0.67526693013186734 0.49639067071027021 -0.36500115622852619 -0.44997778423863694 0.15833333333306943
decision_type=2 2 2 2 2 2
left_child=-1 2 -2 4 -3 -5
right_child=1 3 -4 5 -6 -7
leaf_value=0.026386163398611377 -0.038881327077781185 -0.0027939731778061851 0.0086689456660917694 -0.0014216363154258428 0.031133449233036792 0.0054382882464078406
leaf_weight=3.5472750961780539 4.5739549398422223 32.424086626619101 4.3753063380718231 591.58700054511428 14.664262965321539 96.338330943137407
leaf_count=28 22 154 20 2775 70 473
internal_value=3.39519e-06 -0.0001224 -0.0156339 6.64629e-05 0.00777171 -0.00046096
internal_weight=747.51 743.963 8.94926 735.014 47.0883 687.925
internal_count=3542 3514 42 3472 224 3248
is_linear=0
shrinkage=0.04


Tree=260
num_leaves=5
num_cat=0
split_feature=23 15 19 14
split_gain=1.44995 1.29832 2.3916 2.01599
threshold=-0.75855984060644899 -0.0033291342857830497 -3.6398091262450194 -0.0021635032159558498
decision_type=2 2 2 2
left_child=-1 -2 -3 -4
right_child=1 2 3 -5
leaf_value=0.025696826480128734 0.019328507457736066 -0.030421041582031707 0.021877012631959389 -0.0002892965072323022
leaf_weight=3.4977541714906684 5.4530968964099875 4.1829298213124266 6.6245571076869956 727.58863075822592
leaf_count=28 30 21 39 3424
internal_value=3.30368e-06 -0.000117513 -0.000261123 -8.92974e-05
internal_weight=747.347 743.849 738.396 734.213
internal_count=3542 3514 3484 3463
is_linear=0
shrinkage=0.04


Tree=261
num_leaves=9
num_cat=0
split_feature=23 15 29 13 33 0 22 35
split_gain=1.35552 1.27844 5.52982 4.94102 4.24455 3.3531 7.124 3.55529
threshold=-0.75855984060644899 0.0017334206005861002 0.024706639049387486 -6.0639306812934007e-05 0.10526315789473685 77.412871848849875 -0.49312113514310574 0.74986135571079593
decision_type=2 2 2 2 2 2 2 2
left_child=-1 5 4 -4 -3 7 -7 -2
right_child=1 2 3 -5 -6 6 -8 -9
leaf_value=0.02501855951218852 0.011669217983733269 0.036405045342916054 0.026279280693031346 -0.021187547789387192 -0.0015329713247752466 -0.025065700293380292 0.032564026862468572 -0.00081138018775701675
leaf_weight=3.4498620331287375 38.769283454865217 6.6389219388365772 3.9558566100895396 31.046403475105762 16.311764597892761 4.6454338356852558 13.13929211348295 629.30563716590405
leaf_count=28 202 35 22 154 87 22 68 2924
internal_value=3.18975e-06 -0.000112834 -0.00581774 -0.015823 0.00944132 0.000369213 0.0175109 -8.71143e-05
internal_weight=747.262 743.813 57.9529 35.0023 22.9507 685.86 17.7847 668.075
internal_count=3542 3514 298 176 122 3216 90 3126
is_linear=0
shrinkage=0.04


Tree=262
num_leaves=7
num_cat=0
split_feature=23 23 2 23 22 24
split_gain=1.26685 1.28654 2.91307 1.72232 10.1728 2.21498
threshold=-0.75855984060644899 -0.67526693013186734 0.49639067071027021 -0.36500115622852619 0.031987655546922907 0.15833333333306943
decision_type=2 2 2 2 2 2
left_child=-1 2 -2 4 -3 -5
right_child=1 3 -4 5 -6 -7
leaf_value=0.024351346392613746 -0.037729572093024029 0.035663324700438509 0.0080620577851478244 -0.0013472778649858677 -0.0048039639098539332 0.0051955622717239592
leaf_weight=3.4035633057355872 4.5239295810461027 14.27254508435726 4.3699053898453712 591.42221785336733 32.736782215535641 96.260253664106131
leaf_count=28 22 66 20 2775 158 473
internal_value=3.3227e-06 -0.000108124 -0.0152303 7.49378e-05 0.00748235 -0.000431426
internal_weight=746.989 743.586 8.89383 734.692 47.0093 687.682
internal_count=3542 3514 42 3472 224 3248
is_linear=0
shrinkage=0.04


Tree=263
num_leaves=11
num_cat=0
split_feature=13 13 13 23 29 26 39 10 10 0
split_gain=1.20533 5.62919 4.47015 4.8093 4.0199 3.71209 2.94236 6.77133 3.3776 2.67364
threshold=0.00053314765168435013 0.00050603022537085011 0.00055965062723425019 -0.55387480345650031 0.046993077335727329 0.014505882735314645 0.041283119510428241 4.4113206925870938e-05 0.00019888967392195001 65.034075446469629
decision_type=2 2 2 2 2 2 2 2 2 2
left_child=1 6 5 -4 -5 -2 8 -8 -1 -3
right_child=2 9 3 4 -6 -7 7 -9 -10 -11
leaf_value=-0.00032140348967421936 0.057910873324023893 -0.012693970871472657 0.03873124651181948 -0.0045800903204266741 0.011406334316731912 0.0058339890284727245 0.0013303205372441733 -0.016344430938056782 0.0083964779264439366 -0.051267685528536396
leaf_weight=356.98247214406729 4.2394190952181798 7.3329502791166288 5.3243770226836196 89.577259797602892 35.000659383833408 4.5303159169852734 95.965389795601368 54.30626529827714 88.792312446981668 4.7291563004255295
leaf_count=1689 19 34 28 425 167 23 459 260 416 22
internal_value=3.27428e-06 -0.000764124 0.00336849 0.00150249 -8.86411e-05 0.0310087 -0.000216649 -0.00505711 0.00141508 -0.0278175
internal_weight=746.781 608.109 138.672 129.902 124.578 8.76974 596.046 150.272 445.775 12.0621
internal_count=3542 2880 662 620 592 42 2824 719 2105 56
is_linear=0
shrinkage=0.04


Tree=264
num_leaves=15
num_cat=0
split_feature=28 8 0 31 21 0 8 29 3 29 12 8 0 40
split_gain=1.19891 6.15477 9.49312 7.37258 6.81735 5.02525 4.69 3.69982 6.84037 6.33194 4.5459 3.97828 5.54567 5.50039
threshold=0.96604361155981433 -0.0019451146103849997 67.429076527407474 0.79863237754176108 0.0010937696147690502 39.856857294327938 -0.0030385326072345999 0.01617168884836671 0.0018272107541591001 0.010549594426986887 -0.00026326984640569993 -0.0016434693175488497 27.763773773249124 0.53391944516489553
decision_type=2 2 2 2 2 2 2 2 2 2 2 2 2 2
left_child=7 3 5 -2 -4 -3 -5 8 10 -10 -1 13 -13 -9
right_child=1 2 4 6 -6 -7 -8 11 9 -11 -12 12 -14 -15
leaf_value=-0.048703796002996944 -0.039635823014865845 -0.03350388307564367 0.045937947808583471 -0.0053122096909349568 -0.0027397662991646989 -0.0091346132674308394 0.03571348655880642 -0.0054558533649928121 -0.0080758237953319906 0.022777140390098087 -0.0017179417427222996 0.018006597540942127 -0.00035830845574930987 -0.041148115554513733
leaf_weight=4.15369834750891 3.5132677331566837 18.654789991676807 7.4439958110451725 6.4601789340376898 12.063302554190157 49.3727803863585 14.388410173356529 49.309607468545437 13.888913735747336 45.539638374000788 15.929825291037558 27.868533208966255 469.98620414361358 8.0337211936712247
leaf_count=20 22 98 33 31 62 232 68 240 73 232 72 133 2186 40
internal_value=3.2724e-06 -0.00381429 -0.00876334 0.0139682 0.0158357 -0.0158173 0.0230012 0.000676293 0.00874623 0.0155666 -0.0114356 -0.000479434 0.000669708 -0.0104563
internal_weight=746.607 111.897 87.5349 24.3619 19.5073 68.0276 20.8486 634.71 79.5121 59.4286 20.0835 555.198 497.855 57.3433
internal_count=3542 546 425 121 95 330 99 2996 397 305 92 2599 2319 280
is_linear=0
shrinkage=0.04


Tree=265
num_leaves=9
num_cat=0
split_feature=34 34 38 3 34 3 34 34
split_gain=1.24276 1.70919 5.80131 7.75548 2.57872 3.10452 2.61441 2.52166
threshold=0.0012382048793709583 0.0073680457193596579 0.92471084637304968 0.0018637178382317004 0.0098557658663353618 0.0016654694175677004 0.01706386775059306 0.0047551545240703515
decision_type=2 2 2 2 2 2 2 2
left_child=-1 2 7 -4 5 -3 -6 -2
right_child=1 4 3 -5 6 -7 -8 -9
leaf_value=0.021285639685485937 -0.010861242113442146 -0.00052483502596225348 -0.021515076277028245 0.049479372801490666 -0.012306961103774501 0.046537263893374523 0.00043696677392929587 -0.045156479479994245
leaf_weight=4.3642976284027091 7.0605412423610705 4.7936766445636732 5.1097160130739194 4.7511377260088921 26.76714276149869 4.214381068944931 682.15942097827792 6.6718592569231987
leaf_count=19 33 21 24 23 126 21 3243 32
internal_value=3.14927e-06 -0.00012211 -0.0107156 0.0126913 0.000226022 0.021493 -4.42094e-05 -0.0275235
internal_weight=745.892 741.528 23.5933 9.86085 717.935 9.00806 708.927 13.7324
internal_count=3542 3523 112 47 3411 42 3369 65
is_linear=0
shrinkage=0.04


Tree=266
num_leaves=9
num_cat=0
split_feature=6 6 38 30 0 34 10 10
split_gain=1.20447 4.86224 9.66149 3.50296 4.03814 4.55136 2.64518 2.19312
threshold=-0.0007974878964950499 -0.00070446992983064997 0.96169550156785388 0.12148023882123378 35.788829913437375 0.23332238626575211 -0.00079479841680039985 -0.00050219568486299996
decision_type=2 2 2 2 2 2 2 2
left_child=3 2 -2 4 5 -1 -3 -8
right_child=1 6 -4 -5 -6 -7 7 -9
leaf_value=-0.019515845474468232 -0.053435975055542678 -0.025990794391408115 0.013385545282918243 0.039442575175272256 0.031111793035013338 0.013332911118175268 0.010269811735984796 -0.00017875421345090028
leaf_weight=14.580217972397806 7.7782253026962263 6.161480985581874 6.238943062722683 4.654212921857833 6.3545078486204138 12.564477197825907 33.804100129753351 653.58975142240524
leaf_count=74 37 28 33 23 31 68 159 3089
internal_value=3.10126e-06 -0.000370192 -0.0236942 0.00692599 0.00240829 -0.00431113 0.0001012 0.000335077
internal_weight=745.726 707.573 14.0172 38.1534 33.4992 27.1447 693.555 687.394
internal_count=3542 3346 70 196 173 142 3276 3248
is_linear=0
shrinkage=0.04


Tree=267
num_leaves=13
num_cat=0
split_feature=39 34 3 0 35 39 2 9 39 23 35 30
split_gain=1.20718 6.81111 6.05847 6.25352 3.22739 3.04518 7.89883 6.93235 5.73721 4.5247 4.27173 2.88839
threshold=0.25728539329153594 0.070646047061215925 0.0019367299786096502 70.819275228920802 1.2403403064257337 0.091764186279242446 0.80680535124809194 0.00045939383181353894 0.081093106569240278 0.99923887174552839 1.3055063674254868 0.035541109693615798
decision_type=2 2 2 2 2 2 2 2 2 2 2 2
left_child=5 4 -3 -4 -2 8 7 -7 10 -8 -1 -10
right_child=1 2 3 -5 -6 6 9 -9 11 -11 -12 -13
leaf_value=0.00061536706593563642 0.051632640452380446 -0.05593737523107975 0.010484028055225072 -0.045187263872740663 0.0072351420780736222 -0.059120178072090621 -0.0061667433249565345 -0.0095751330943767404 0.0079625307884323929 0.028942417975096425 -0.029600572629772427 0.052073376234941141
leaf_weight=579.85422794520855 6.5183633640408498 3.1109294593334225 23.847272787243131 3.7338312193751326 4.380054771900177 4.7955084145069113 10.399004533886911 78.242041371762753 4.4528772160410863 13.494514025747774 7.583937592804431 5.090163990855217
leaf_count=2735 31 14 129 21 21 23 52 365 22 71 35 23
internal_value=2.85225e-06 0.00662477 -0.00302109 0.00294745 0.0337894 -0.000388402 -0.00660475 -0.0124364 0.000725069 0.0136621 0.000225274 0.0314908
internal_weight=745.503 41.5905 30.692 27.5811 10.8984 703.912 106.931 83.0375 596.981 23.8935 587.438 9.54304
internal_count=3542 216 164 150 52 3326 511 388 2815 123 2770 45
is_linear=0
shrinkage=0.04


Tree=268
num_leaves=6
num_cat=0
split_feature=15 2 9 2 8
split_gain=1.20519 2.9583 1.63674 3.55909 2.15705
threshold=-0.0033291342857830497 -0.17335875486521907 0.00064825973239121309 0.54314834329366002 -0.00040560044457069996
decision_type=2 2 2 2 2
left_child=-1 -2 4 -4 -3
right_child=1 2 3 -5 -6
leaf_value=0.018778286771744982 -0.032240367851660436 0.0031576200509010901 -0.020918625811725721 0.007552705141694308 -0.0013563181640492185
leaf_weight=5.4302063994109622 4.5637232214212409 282.07777536660433 17.130088310688738 11.908631153404711 423.96818630024791
leaf_count=30 24 1331 98 81 1978
internal_value=2.81449e-06 -0.000135028 6.42962e-05 -0.00924268 0.00044708
internal_weight=745.079 739.648 735.085 29.0387 706.046
internal_count=3542 3512 3488 179 3309
is_linear=0
shrinkage=0.04


Tree=269
num_leaves=15
num_cat=0
split_feature=1 8 20 32 1 29 35 22 22 40 22 27 27 8
split_gain=1.23232 6.80717 6.18516 5.91847 5.40871 6.03696 6.95886 4.1637 8.3674 5.59016 3.98181 8.06056 7.12442 2.15856
threshold=-16.369598920849963 -0.00044228800657589992 0.0025921557076713504 0.0004656315688706125 -11.764880803850245 0.029965280493609102 0.94325231398126197 -0.56237513874585299 -0.4411662924659337 0.53487232062602919 2.9283336605520973 0.92699212108725737 0.35852816746036076 -0.00015285443959589998
decision_type=2 2 2 2 2 2 2 2 2 2 2 2 2 2
left_child=1 7 13 -4 5 -2 -7 9 -9 -1 12 -12 -6 -3
right_child=4 2 3 -5 10 6 -8 8 -10 -11 11 -13 -14 -15
leaf_value=-0.002265372515374375 0.041424414034920462 -0.067294496218977415 0.028139227188806574 -0.016445664592691998 -0.0008363239218425574 -0.033616467087921389 0.02628778682660134 0.035180246970983799 0.0018049943531458512 -0.030691889423842211 0.017927701490334118 -0.050512136015724261 0.016624079614120608 -0.02797841669835429
leaf_weight=91.251491226255894 11.109085120260717 4.172301210463047 5.7325217127799979 28.190377570688725 366.99500830844045 5.3581122383475286 7.3710972145199776 13.136976275593041 141.204954020679 12.596658345311878 4.6071960031986219 6.8428914248943329 41.63208182528615 4.8102454990148527
leaf_count=446 53 19 25 126 1715 25 34 64 673 66 24 33 216 23
internal_value=2.68144e-06 -0.00197264 -0.0167265 -0.00891141 0.00134249 0.0198771 0.00107226 0.000479113 0.00464576 -0.00571348 0.000290698 -0.0229739 0.000942591 -0.0462403
internal_weight=745.011 301.096 42.9054 33.9229 443.915 23.8383 12.7292 258.19 154.342 103.848 420.077 11.4501 408.627 8.98255
internal_count=3542 1442 193 151 2100 112 59 1249 737 512 1988 57 1931 42
is_linear=0
shrinkage=0.04


Tree=270
num_leaves=10
num_cat=0
split_feature=36 35 1 30 0 33 21 4 1
split_gain=1.20799 4.92584 5.28505 4.38816 1.69569 3.06503 1.87143 5.71271 2.69828
threshold=0.30742331191759409 1.0606629926906026 25.429982751600622 0.036426910425496617 84.468412248031157 0.31578947368421056 0.0018559116914608502 1.0000000180025095e-35 101.29094442810312
decision_type=2 2 2 2 2 2 2 2 2
left_child=1 2 3 -1 6 -6 8 -8 -2
right_child=4 -3 -4 -5 5 -7 7 -9 -10
leaf_value=-0.021075336358978462 -0.00049900779251300801 -0.027236146299426615 0.056255792391608578 0.029216891375468564 -0.0089216437834911694 0.034097124461179351 0.030550798713157027 -0.022215808741579739 0.017493304592006254
leaf_weight=5.2942969575524348 678.44234304875135 4.5051338970661154 4.6022618412971488 5.8355494663119316 4.6738131903111917 6.1196991354227066 4.0538606345653561 17.259234949946404 13.603651557117699
leaf_count=27 3187 22 22 27 26 38 20 95 78
internal_value=2.59353e-06 0.00964158 0.0202021 0.00529365 -0.000266778 0.0154691 -0.000504871 -0.0121793 -0.00014533
internal_weight=744.39 20.2372 15.7321 11.1298 724.153 10.7935 713.359 21.3131 692.046
internal_count=3542 98 76 54 3444 64 3380 115 3265
is_linear=0
shrinkage=0.04


Tree=271
num_leaves=10
num_cat=0
split_feature=32 40 24 32 28 10 33 13 34
split_gain=1.19475 5.05026 3.35576 1.90689 5.06049 2.32876 1.94498 4.82842 3.94284
threshold=0.00043041431961626965 0.49582400973117552 0.058333333333236058 0.0004389443003854964 0.94372552468077153 -0.00010523464557364999 1.0000000180025095e-35 1.0000000180025095e-35 0.20846232897850731
decision_type=2 2 2 2 2 2 2 2 2
left_child=1 -1 -3 4 5 -2 8 -8 -5
right_child=3 2 -4 6 -6 -7 7 -9 -10
leaf_value=-0.028884094390254706 -0.055338311391705676 0.0028415968260722077 0.041080014742023857 0.0043705405193928924 0.011746891501678293 -0.015823600794347664 0.0030990054484705556 -0.0065404445551710232 -0.0052422606732808697
leaf_weight=4.1785767972469356 4.0700367242097863 7.758860915899275 6.9715124443173409 282.91340029239655 7.3224506229162207 5.7683823853731164 152.74717066809535 182.45313660055399 89.984012600034475
leaf_count=19 20 37 33 1322 37 27 719 875 453
internal_value=2.7655e-06 0.00992879 0.0209389 -0.000256026 -0.0134311 -0.0321704 6.32745e-05 -0.00214785 0.00205087
internal_weight=744.168 18.909 14.7304 725.259 17.1609 9.83842 708.098 335.2 372.897
internal_count=3542 89 70 3453 84 47 3369 1594 1775
is_linear=0
shrinkage=0.04


Tree=272
num_leaves=15
num_cat=0
split_feature=28 28 22 15 22 0 15 37 8 7 21 15 20 39
split_gain=1.20207 6.51926 6.11191 8.31546 8.50245 7.02485 7.84425 5.62482 5.08448 5.95016 5.5456 4.88893 2.63262 2.39822
threshold=0.93572937278134061 0.93238361742259002 -0.32681413070180293 -0.00031046121892919996 -1.1373633443558469 69.194462887859544 0.00085812604462965009 0.07913468317693978 -0.0016434693175488497 -0.0012409859551671498 -0.0016838289716685998 -0.0019143828574728499 0.0025921557076713504 0.042789911672273619
decision_type=2 2 2 2 2 2 2 2 2 2 2 2 2 2
left_child=1 8 3 11 -5 7 -7 -4 9 -1 -10 -2 -3 -14
right_child=2 12 5 4 -6 6 -8 -9 10 -11 -12 -13 13 -15
leaf_value=-0.0039536124488605776 -0.0079477012245500328 -0.0053592559353253331 -0.015829479371377683 -0.015638017161995581 0.01152346684864573 0.053561395211442583 0.0010435845975990661 0.00038382056339921248 0.047965299861705626 -0.03915983007904833 0.0012778906451265718 0.025100914797958167 0.048533066288782956 0.012358103283812615
leaf_weight=28.883230932056904 8.9258506894111616 3.273545414209365 97.019333817064762 40.251098699867725 34.029411777853966 5.6989687904715565 22.580344535410404 52.905568059533834 4.1139545887708655 10.46336981654167 387.13911563530564 36.239682920277119 7.8012811727821809 4.697984367609024
leaf_count=143 45 16 465 196 163 28 116 256 26 47 1800 173 44 24
internal_value=2.68095e-06 0.0013156 -0.00196624 0.0050349 -0.00319479 -0.00665893 0.0116272 -0.0101081 0.000390413 -0.0133159 0.0017688 0.0185697 0.0265732 0.0349363
internal_weight=744.023 446.372 297.65 119.446 74.2805 178.204 28.2793 149.925 430.6 39.3466 391.253 45.1655 15.7728 12.4993
internal_count=3542 2100 1442 577 359 865 144 721 2016 190 1826 218 84 68
is_linear=0
shrinkage=0.04


Tree=273
num_leaves=10
num_cat=0
split_feature=32 14 9 18 8 32 23 26 29
split_gain=1.2131 2.48798 1.93213 3.53188 2.94873 2.43848 4.07042 2.24928 2.17591
threshold=0.00067697001235674534 -0.00022470072996454997 0.00066066147710193445 1.0000000180025095e-35 0.00026471056983965005 0.00061084352607168775 4.2572755868721091 0.014513026378704304 0.11551034773094858
decision_type=2 2 2 2 2 2 2 2 2
left_child=2 -2 5 7 -5 8 -7 -4 -1
right_child=1 -3 3 4 -6 6 -8 -9 -10
leaf_value=-0.00060375095450686126 -0.010619669902815045 0.033567461881213297 0.019470689392525428 -0.055558169852492761 -0.007650038084416712 0.036616835220083972 0.0015177266427496303 -0.014683768284866037 0.014476918221267898
leaf_weight=674.27175555750728 3.4984516464173794 4.8865668736398202 5.7835993468761444 4.2788980193436146 3.9561261907219887 7.7203217744827297 16.769185736775398 6.6121575683355331 15.663630548864601
leaf_count=3124 27 38 36 26 26 55 97 38 75
internal_value=2.98334e-06 0.0151314 -0.000169592 -0.0122377 -0.032543 0.000178904 0.0125827 0.00125198 -0.000261374
internal_weight=743.441 8.38502 735.056 20.6308 8.23502 714.425 24.4895 12.3958 689.935
internal_count=3542 65 3477 126 52 3351 152 74 3199
is_linear=0
shrinkage=0.04


Tree=274
num_leaves=6
num_cat=0
split_feature=15 19 32 22 9
split_gain=1.19905 2.29857 1.46406 3.12163 2.24527
threshold=-0.0033291342857830497 -3.6398091262450194 0.00063371408424002876 2.8089867902767187 0.00064825973239121309
decision_type=2 2 2 2 2
left_child=-1 -2 4 -4 -3
right_child=1 2 3 -5 -6
leaf_value=0.018762176874049165 -0.029445257887426975 7.6802942810121451e-05 0.016205031189651591 -0.02514558077581254 -0.014248725481310925
leaf_weight=5.4119628928601733 4.2561352774500838 692.61274510994554 19.446729451417927 3.4373611360788336 17.959075462073088
leaf_count=30 22 3218 153 18 101
internal_value=2.98521e-06 -0.000134635 3.54502e-05 0.00999386 -0.000285262
internal_weight=743.124 737.712 733.456 22.8841 710.572
internal_count=3542 3512 3490 171 3319
is_linear=0
shrinkage=0.04


Tree=275
num_leaves=14
num_cat=0
split_feature=10 35 23 32 18 24 5 15 37 1 20 31 3
split_gain=1.1904 5.41392 5.66511 5.01568 4.02389 3.11998 5.1421 5.04133 2.66689 4.75063 2.758 5.54124 5.385
threshold=0.00025287926948665008 0.87760057214446308 -0.172041110717191 0.00053019229168780712 1.0000000180025095e-35 0.058333333333236058 1.0000000180025095e-35 -0.00049065362239584989 0.35927199456886949 28.278347667743223 0.0026002038233495003 0.87200865564203622 0.0032210142642226506
decision_type=2 2 2 2 2 2 2 2 2 2 2 2 2
left_child=8 5 4 -4 -3 7 -7 -2 10 -10 12 -12 -1
right_child=1 2 3 -5 -6 6 -8 -9 9 -11 11 -13 -14
leaf_value=-0.00055002362579988627 0.026327604729609815 -0.029662072670377029 0.016754409753969975 -0.0020730282530565065 0.0044878820023452042 0.022313372301853533 -0.021731889587067964 -0.025093215960491379 -0.046922073744538419 0.011121367125971011 0.00090614953336640212 -0.011946725582731332 0.012806618926087284
leaf_weight=274.48939618468285 3.5317004956305054 10.269784361124039 73.020648047327995 32.812921192497015 11.937889359891415 10.092282913625242 7.3146919831633559 22.394627928733826 5.297831714153288 3.9295879453420639 143.50742070376873 85.731475874781609 58.607950266450644
leaf_count=1258 19 50 334 166 57 47 36 106 29 20 739 406 275
internal_value=2.89015e-06 0.00292696 0.00706295 0.0109171 -0.0113045 -0.00929403 0.00380484 -0.0180886 -0.000873849 -0.0222037 -0.000523845 -0.00390061 0.00180006
internal_weight=742.938 171.375 128.041 105.834 22.2077 43.3333 17.407 25.9263 571.564 9.22742 562.336 229.239 333.097
internal_count=3542 815 607 500 107 208 83 125 2727 49 2678 1145 1533
is_linear=0
shrinkage=0.04


Tree=276
num_leaves=13
num_cat=0
split_feature=40 31 36 13 27 28 7 35 3 40 39 3
split_gain=1.22083 4.50245 4.20813 7.56048 5.80482 2.66144 6.97248 5.97082 3.55956 13.3757 3.859 2.40268
threshold=0.50013786569613961 1.2981694280564906 0.76472282591111207 0.00075964942165300021 0.08512810111915052 0.97326470305779689 -0.0010368728563496497 0.99827686248435887 0.0012660942323800503 0.48067701927969048 0.011725160077411671 0.0030801184183324001
decision_type=2 2 2 2 2 2 2 2 2 2 2 2
left_child=5 2 4 -4 -2 8 -7 -8 9 -1 -10 -3
right_child=1 11 3 -5 -6 6 7 -9 10 -11 -12 -13
leaf_value=-0.014777757163938834 0.0036218625355918313 -0.0471231326364304 -0.016445515159422049 0.033900117884072656 -0.010832077082329181 0.035462230455122618 -0.034504559738185364 0.0084562753781982011 0.0043760729505908803 0.04436229243845425 -0.0047639581307302187 -0.0065348594968173291
leaf_weight=11.337038129568102 238.13863268122077 5.2121421918272954 47.290777504444122 5.3081909492611876 54.660907331854105 4.4179379269480732 14.774196058511736 7.9676495604217044 226.06580974534154 13.293990962207316 109.81037951633334 4.2252080887556076
leaf_count=50 1088 27 227 23 279 23 67 39 1101 62 535 21
internal_value=2.76296e-06 -0.00169256 -0.000947771 -0.0113647 0.000923547 0.00155451 -0.0105204 -0.0194531 0.00246421 0.0171416 0.00138786 -0.0289513
internal_weight=742.503 354.836 345.399 52.599 292.8 387.667 27.1598 22.7418 360.507 24.631 335.876 9.43735
internal_count=3542 1665 1617 250 1367 1877 129 106 1748 112 1636 48
is_linear=0
shrinkage=0.04


Tree=277
num_leaves=11
num_cat=0
split_feature=39 0 0 7 3 39 0 39 20 29
split_gain=1.26669 6.26004 5.70871 6.27361 3.0099 2.65875 3.6264 2.80534 2.55027 1.46546
threshold=0.25728539329153594 70.819275228920802 37.478690630676986 -0.0012572875642609498 0.0015265679006722503 0.22683255463491714 59.023339742828249 0.2183540741185778 0.0026210978622075005 0.035444692115875802
decision_type=2 2 2 2 2 2 2 2 2 2
left_child=5 2 3 -2 -4 7 9 8 -1 -7
right_child=1 -3 4 -5 -6 6 -8 -9 -10 -11
leaf_value=0.00020562210568776161 0.0083766038083684952 -0.042893030236475359 -0.0018847252405672619 -0.050322679381635864 0.03206750696237274 -0.020763635769397056 -0.048067081320324168 0.031676369929310187 -0.012698847568840141 0.013695104334411021
leaf_weight=658.44711799547076 10.441553518176077 3.6917859613895407 5.4738310575485256 4.0405265465378752 17.642930828034878 3.7645955905318242 4.3744665384292603 4.4252624809741965 25.450532011687756 4.1531860157847404
leaf_count=3089 61 21 24 20 90 20 20 24 153 20
internal_value=2.76286e-06 0.00681101 0.0116914 -0.0080006 0.0240279 -0.00039848 -0.0188376 -6.91898e-05 -0.000274604 -0.00268868
internal_weight=741.906 41.2906 37.5988 14.4821 23.1168 700.615 12.2922 688.323 683.898 7.91778
internal_count=3542 216 195 81 114 3326 60 3266 3242 40
is_linear=0
shrinkage=0.04


Tree=278
num_leaves=14
num_cat=0
split_feature=9 9 8 23 20 30 33 30 19 9 31 38 20
split_gain=1.20867 5.63204 6.32562 5.05412 6.31107 8.60101 5.88404 6.87724 5.25071 4.61443 4.51555 5.3205 4.04204
threshold=0.00051059637596432964 0.00050670439574187359 0.00077228872720630016 0.94155887851011788 0.0025975835187858004 0.033802280143078726 -0.2105263157894737 0.07873230189253623 0.14482767022671697 0.00056869570990398892 0.71112879961906184 0.99999999984486598 0.0025978888592306008
decision_type=2 2 2 2 2 2 2 2 2 2 2 2 2
left_child=1 10 12 6 5 -5 7 -2 -6 -8 -1 -12 -3
right_child=3 2 -4 4 8 -7 9 -9 -10 -11 11 -13 -14
leaf_value=-0.046673985314558949 0.00039532555743368171 -0.013029526074898459 0.022538471250686674 0.044449915704124231 -0.003013264910542796 0.0015173069063193546 -0.0032048018983327183 0.047276031010760299 0.01015272537046104 -0.020986790988335845 -0.0017555461290457814 0.013760322912171458 -0.051609579875993704
leaf_weight=3.3400139920413485 17.636135764420036 8.7885835096240097 4.2109769582748404 14.591544680297377 110.64594213292003 15.289229482412336 92.170609563589096 6.9913899898529044 86.240481723099947 31.271475207060575 301.85047284513712 40.052641712129116 8.5938047096133214
leaf_count=17 83 40 20 70 576 73 426 32 450 152 1378 187 38
internal_value=2.68427e-06 -0.00162959 -0.0214475 0.00160012 0.00535334 0.0224824 -0.00414791 0.0137041 0.00275372 -0.0077095 -0.000390064 6.20786e-05 -0.0321034
internal_weight=741.673 366.836 21.5934 374.837 226.767 29.8808 148.07 24.6275 196.886 123.442 345.243 341.903 17.3824
internal_count=3542 1680 98 1862 1169 143 693 115 1026 578 1582 1565 78
is_linear=0
shrinkage=0.04


Tree=279
num_leaves=13
num_cat=0
split_feature=39 0 0 7 30 39 6 27 39 20 35 35
split_gain=1.19058 5.89155 5.26744 5.88359 3.90349 2.49154 7.18835 7.06892 5.35505 4.98047 3.8729 2.7987
threshold=0.25728539329153594 70.819275228920802 37.478690630676986 -0.0012572875642609498 0.044931205912711873 0.091764186279242446 0.00038402826035975005 0.029146303673658235 0.081093106569240278 0.0025990690820140001 1.3055063674254868 1.0477081095545195
decision_type=2 2 2 2 2 2 2 2 2 2 2 2
left_child=5 2 3 -2 -4 8 9 -8 10 -7 -1 -10
right_child=1 -3 4 -5 -6 6 7 -9 11 -11 -12 -13
leaf_value=0.00051349130563451263 0.0081779313690611231 -0.041749916836105287 0.0010103856342637096 -0.049008796253590753 0.035468086969638317 0.0055490057760266788 0.0010025266669046458 0.052960096720060496 0.0052109356134720317 -0.016914784209922065 -0.028374189900695731 0.049261239152782903
leaf_weight=576.83569012209773 10.439795810729263 3.6688090711832038 8.1487816423177737 3.9743873029947272 14.8390536904335 21.028752543032169 16.246908988803629 5.6454227901995173 4.0178580582141858 63.406802672892809 7.5224234014749518 5.4217094555497169
leaf_count=2735 61 21 39 20 75 98 80 35 18 298 35 27
internal_value=2.9554e-06 0.00662197 0.0113668 -0.00759002 0.0232534 -0.00038533 -0.00602432 0.0144009 0.000624412 -0.0113202 0.000141621 0.0305117
internal_weight=741.196 41.0708 37.402 14.4142 22.9878 700.126 106.328 21.8923 593.798 84.4356 584.358 9.43957
internal_count=3542 216 195 81 114 3326 511 115 2815 396 2770 45
is_linear=0
shrinkage=0.04


Tree=280
num_leaves=12
num_cat=0
split_feature=6 6 36 39 26 10 19 32 29 10 30
split_gain=1.21561 4.30769 3.31122 5.19326 4.39258 3.35051 2.85143 2.55391 2.19383 2.00187 2.15009
threshold=-0.0007974878964950499 -0.00073336371505714989 0.66426066427488972 0.14600736419571961 0.014504387776324727 -0.00028677949096369995 -3.1184891562366972 0.00051174193517963308 0.031531249792664154 -0.00075242335402939998 0.11296014726701849
decision_type=2 2 2 2 2 2 2 2 2 2 2
left_child=2 7 3 4 -1 -5 -4 -2 -8 -3 -11
right_child=1 9 6 5 -6 -7 8 -9 -10 10 -12
leaf_value=0.017075136965092896 -0.05385252154841929 -0.019426766166293515 -0.00085263371944825346 0.054556749979488499 -0.027779632434717594 0.0014756778210721778 0.01520385248558934 -0.0092415789336618981 0.056273106960624937 0.00092278757888400247 -0.0068057284697562075
leaf_weight=4.9865220040082994 3.6823055446147901 8.4099014699459058 5.0239163860678664 3.4644872918725014 11.664478048682211 4.2203237116336814 3.8737331181764585 4.641165416687727 4.4970005042850971 622.80339293181896 63.463871913030744
leaf_count=23 19 39 24 17 65 23 21 23 23 2958 307
internal_value=3.03614e-06 -0.000372365 0.00699758 -0.00179367 -0.0143468 0.0254058 0.0229698 -0.0289775 0.0372674 -2.9625e-05 0.000208078
internal_weight=740.731 703.001 37.7305 24.3358 16.651 7.68481 13.3947 8.32347 8.37073 694.677 686.267
internal_count=3542 3346 196 128 88 40 68 42 44 3304 3265
is_linear=0
shrinkage=0.04


Tree=281
num_leaves=15
num_cat=0
split_feature=0 19 3 1 10 15 6 40 6 7 10 35 23 3
split_gain=1.2003 8.87816 8.59932 6.59538 5.39536 3.48036 3.60391 2.97436 2.77445 4.16126 3.40698 2.38057 2.03395 1.86117
threshold=25.871775838840083 -1.8495207221978187 0.0052311977088848509 -63.915430452347202 -0.00022381852791349997 -0.0021047766038997493 -0.00091254054842689991 0.51893195812052517 -0.0007974878964950499 -0.0014391082907406997 -0.00079479841680039985 0.93977824522767561 7.6348255742565394 0.0036772563496856006
decision_type=2 2 2 2 2 2 2 2 2 2 2 2 2 2
left_child=1 3 7 4 -1 6 -2 -3 9 -7 -10 -5 -4 -8
right_child=5 2 12 11 -6 8 13 -9 10 -11 -12 -13 -14 -15
leaf_value=0.018363598099244077 0.0040613532682278576 0.039845159929515782 0.0063522117739424145 -0.0081172033437724722 -0.018507727476922434 -0.013972630691571314 -0.018963677240969957 0.01258828240727498 -0.027958878184237205 0.037182899919361849 -0.00014409522717540401 -0.046311361531215366 -0.035823824884536004 -0.057124409131730468
leaf_weight=14.897238072007893 5.7091854363679877 17.320030204951767 3.1131852120161048 3.9278060570359212 11.067120648920538 3.8804287500679493 4.2467434257268888 10.165048792958258 7.1249263733625403 7.3888000473380071 635.49815815500915 7.7882161475718021 4.4367753565311432 3.9440673738718033
leaf_count=73 32 83 25 19 55 20 20 48 34 38 3011 39 22 23
internal_value=2.94098e-06 0.00488324 0.0193781 -0.00859402 0.00264746 -0.000528472 -0.0203345 0.0297645 -0.000107449 0.0195681 -0.000452485 -0.0335067 -0.0184328 -0.037339
internal_weight=740.508 72.7154 35.035 37.6804 25.9644 667.792 13.9 27.4851 653.892 11.2692 642.623 11.716 7.54996 8.19081
internal_count=3542 364 178 186 128 3178 75 131 3103 58 3045 58 47 43
is_linear=0
shrinkage=0.04


Tree=282
num_leaves=15
num_cat=0
split_feature=13 31 0 15 3 31 6 0 2 8 23 32 29 22
split_gain=1.2597 4.44483 5.96354 7.72789 5.33578 4.86806 4.19306 5.63469 5.95636 5.111 5.06278 3.87163 2.86833 2.7029
threshold=-0.00071868641027304986 0.90342144155385584 33.177712259996404 2.7956523025670928e-05 0.0030935836429769503 0.87706061370475907 -0.00047912779152739997 28.065406341917235 0.11721544570022492 -0.00079139778597139994 0.24938800244941059 0.00047253246387557799 0.031144691365973195 2.9283336605520973
decision_type=2 2 2 2 2 2 2 2 2 2 2 2 2 2
left_child=1 5 4 -4 -3 11 9 8 -8 10 -2 -1 -11 -9
right_child=6 2 3 -5 -6 -7 7 13 -10 12 -12 -13 -14 -15
leaf_value=0.061630265321650592 0.022933480962288661 -0.022083982562742303 0.038085066773708175 -0.016388253743442941 0.017255229751103419 -0.033601090235408464 -0.020771218333749127 -0.00031892090727033892 0.022467989345003582 -0.019551506564667413 -0.012492489336860202 -0.0012549167719048658 -0.059915242591235415 -0.020502559147887671
leaf_weight=1.6318877190351475 8.3408602699637395 10.844453126192095 19.579010561108593 5.2934908121824256 11.228372342884539 7.6035605520009986 6.0977666899561873 547.84430982731283 31.069959439337254 7.6365578621625883 28.540389981120825 39.065426371991634 4.4631889313459396 10.825537469238041
leaf_count=11 39 52 91 24 52 36 28 2599 153 37 150 196 20 54
internal_value=2.7222e-06 0.00429664 0.0130615 0.0264918 -0.00207226 -0.00422224 -0.000631532 0.000293287 0.0153741 -0.0118816 -0.00448075 0.00126666 -0.0344403 -0.000710026
internal_weight=740.065 95.2462 46.9453 24.8725 22.0728 48.3009 644.819 595.838 37.1677 48.981 36.8813 40.6973 12.0997 558.67
internal_count=3542 462 219 115 104 243 3080 2834 181 246 189 207 57 2653
is_linear=0
shrinkage=0.04


Tree=283
num_leaves=13
num_cat=0
split_feature=38 24 33 30 0 39 0 9 22 22 39 36
split_gain=1.19407 5.6994 5.4818 5.33745 4.6931 4.16258 7.25702 7.92682 4.90882 3.88612 5.93768 5.62677
threshold=0.80974886697948223 0.25833333333290281 0.31578947368421056 0.020969631116217569 15.498663893140781 0.097687077744905884 57.200821353756169 0.00052550290420656863 -0.28829241751335299 -0.95811756168640871 0.081093106569240278 0.86711552338612041
decision_type=2 2 2 2 2 2 2 2 2 2 2 2
left_child=1 2 4 -4 -1 9 8 -8 -7 11 -11 -2
right_child=5 -3 3 -5 -6 6 7 -9 -10 10 -12 -13
leaf_value=0.039713602756048121 -0.0051119294765226567 -0.035829906341143712 -0.016109397845741443 0.040052772951198641 0.00077374064008951435 -0.0035787248350277251 0.038715336207968062 -0.014139991674999684 -0.038201199338693842 0.0011785162918843219 0.038321645676659105 -0.052563043463257568
leaf_weight=5.0933918207883826 88.982203152030706 5.9937017410993567 3.5339935645461074 11.576665319502352 178.53733228333294 10.445501603186132 7.5010831654071835 11.499847657978533 17.57850156724453 387.71588604897261 7.0107222720980635 4.1865205913782111
leaf_count=25 423 35 19 62 875 54 33 54 81 1824 33 24
internal_value=2.66946e-06 0.00260049 0.00375949 0.0269179 0.00185382 -0.000991619 -0.0123573 0.00672594 -0.0252962 0.000103844 0.00183821 -0.00724414
internal_weight=739.655 204.735 198.741 15.1107 183.631 534.92 47.0249 19.0009 28.024 487.895 394.727 93.1687
internal_count=3542 1016 981 81 900 2526 222 87 135 2304 1857 447
is_linear=0
shrinkage=0.04


Tree=284
num_leaves=10
num_cat=0
split_feature=32 22 1 35 35 36 39 39 13
split_gain=1.22361 2.61883 4.01191 4.08192 1.63654 4.24976 2.83227 3.09049 0.361599
threshold=0.00063371408424002876 2.8089867902767187 -32.800447557980071 0.72283360933937735 1.4982625449854055 0.6744058993538552 0.36672988648786553 0.33580390474537219 -0.00028911868290299993
decision_type=2 2 2 2 2 2 2 2 2
left_child=4 2 3 -2 6 -6 7 -1 -4
right_child=1 -3 8 -5 5 -7 -8 -9 -10
leaf_value=-9.2539524280552175e-05 0.039598323701022932 -0.023632708509752992 0.027156749980468593 -0.0092026012395487813 -0.03761260553056079 0.022665194653975606 0.029425873368166395 -0.033454512202543134 0.047985635278777868
leaf_weight=696.75721197016537 3.6405933350324675 3.4173900187015525 1.9598337374627588 11.115299835801123 5.6851226761937124 2.7897290997207165 5.1643746793270102 4.4711791202425948 4.1732608787715444
leaf_count=3255 27 18 20 79 38 18 27 22 38
internal_value=2.56211e-06 0.0088285 0.0141391 0.00283763 -0.000297531 -0.0177705 -8.79008e-05 -0.000305262 0.0413298
internal_weight=739.174 24.3064 20.889 14.7559 714.868 8.47485 706.393 701.228 6.13309
internal_count=3542 182 164 106 3360 56 3304 3277 58
is_linear=0
shrinkage=0.04


Tree=285
num_leaves=11
num_cat=0
split_feature=40 31 32 31 22 38 31 31 29 20
split_gain=1.20726 4.17021 3.74713 3.77146 3.34763 2.55904 2.54243 3.65714 6.8686 4.38261
threshold=0.50013786569613961 1.2981694280564906 0.00043041431961626965 1.1968129880470839 -0.10336940502168974 0.99999999982403043 1.2981694280564906 1.1739048812097974 0.015453052976922821 0.0025887102236667003
decision_type=2 2 2 2 2 2 2 2 2 2
left_child=6 2 4 -4 -2 -3 7 9 -9 -1
right_child=1 5 3 -5 -6 -7 -8 8 -10 -11
leaf_value=0.03777441631917422 0.0013774041430665896 -0.045828694854380514 -0.0026669149463606095 0.017993672084189671 0.044618976053808004 -0.0034068254191579259 0.027327295166648939 0.02409192946729171 -0.038584139750051809 0.0013535670737016314
leaf_weight=5.3648830577731124 6.1675123497843742 5.4290767386555654 317.60844738222659 14.795113082975147 5.3488392531871778 3.9164880961179733 6.0264690071344367 4.0198446959257117 9.2009521350264531 360.96309409476817
leaf_count=25 30 28 1489 72 26 20 30 19 40 1763
internal_value=2.64396e-06 -0.00168658 -0.000970172 -0.00174732 0.0214612 -0.0280508 0.00155032 0.00114103 -0.0195272 0.00188695
internal_weight=738.841 353.265 343.92 332.404 11.5164 9.34556 385.575 379.549 13.2208 366.328
internal_count=3542 1665 1617 1561 56 48 1877 1847 59 1788
is_linear=0
shrinkage=0.04


Tree=286
num_leaves=14
num_cat=0
split_feature=9 22 22 20 15 32 13 32 23 22 21 10 30
split_gain=1.2017 7.67737 8.47124 5.66425 5.5477 5.51239 5.33191 4.7433 7.26359 9.21339 7.80364 5.84397 5.97164
threshold=0.00051059637596432964 -1.8675361623513838 -2.2943164504606708 0.0026079180663267504 -0.00068082810332324988 0.00055690700032902352 0.00019566350628130003 0.00054302147269305677 0.60665188957930238 -0.11581432510260704 0.00021530722322800003 -0.0007123394088572498 0.031530395585573009
decision_type=2 2 2 2 2 2 2 2 2 2 2 2 2
left_child=1 2 6 5 -4 -3 -1 11 9 -9 -10 -2 -13
right_child=7 3 4 -5 -6 -7 -8 8 10 -11 -12 12 -14
leaf_value=-0.01473613633422732 0.05284836992645138 -6.9342198440395803e-05 -0.0033807680863603019 -0.032325214066806496 -0.053234450769377308 0.0240142988061917 0.031729330676304651 -0.061318559158557412 -0.0061166426793161323 -0.0095888108490277298 0.013785816402873834 0.014689412243706559 -0.0001629484554626508
leaf_weight=12.638026073575022 4.1420877128839484 305.4133038893342 4.9902605190873173 8.3065898306667787 12.560952320694922 16.002782225608826 5.7486530020833007 6.6696226187050334 86.684158958494663 31.651995463296771 49.533210752531886 65.260259576141834 128.79504330456257
leaf_count=59 19 1387 23 39 62 83 27 30 465 158 269 314 607
internal_value=2.62428e-06 -0.00162658 -0.0191826 0.000286924 -0.0390598 0.00112974 -0.000208562 0.0016009 -0.00320752 -0.018592 0.00112056 0.00583535 0.00483186
internal_weight=738.397 365.661 35.9379 329.723 17.5512 321.416 18.3867 372.736 174.539 38.3216 136.217 198.197 194.055
internal_count=3542 1680 171 1509 85 1470 86 1862 922 188 734 940 921
is_linear=0
shrinkage=0.04


Tree=287
num_leaves=14
num_cat=0
split_feature=13 31 0 15 3 31 2 0 1 3 31 31 32
split_gain=1.19366 4.07635 5.48566 7.1726 4.87935 4.44546 3.92765 6.74829 6.14249 5.24475 4.66924 4.55468 3.68951
threshold=-0.00071868641027304986 0.90342144155385584 33.177712259996404 2.7956523025670928e-05 0.0030935836429769503 0.87706061370475907 0.092836754362025764 28.065406341917235 -88.146526003445601 0.0038758249780044001 1.2147879983390142 1.0213238307283561 0.00047253246387557799
decision_type=2 2 2 2 2 2 2 2 2 2 2 2 2
left_child=1 5 4 -4 -3 12 10 9 -9 -8 11 -2 -1
right_child=6 2 3 -5 -6 -7 7 8 -10 -11 -12 -13 -14
leaf_value=0.061016852649105613 -0.020961587573802842 -0.021171974319072372 0.036718538689799449 -0.015760730013129106 0.016540096627730573 -0.032181206239045496 0.029832600597835261 -0.027208806535266 -0.00032561005692349391 0.0019178542060272197 -0.050291431509629676 0.0083677140403167188 -0.0011751766635042175
leaf_weight=1.5884148031473149 18.869312763214111 10.771776378154756 19.490405358374122 5.3001244217157355 11.193752102553843 7.5428311079740515 20.867837801575661 13.945565700531004 546.99500136263669 22.2528902515769 4.7048032917082301 15.374493628740309 38.98234161362052
leaf_count=11 92 52 91 24 52 36 99 74 2598 121 25 71 196
internal_value=2.38601e-06 0.00419083 0.0126018 0.0254987 -0.0019537 -0.00398283 -0.000615577 0.000178244 -0.000993954 0.0154269 -0.0129271 -0.00779357 0.00125975
internal_weight=737.88 94.8696 46.7561 24.7905 21.9655 48.1136 643.01 604.061 560.941 43.1207 38.9486 34.2438 40.5708
internal_count=3542 462 219 115 104 243 3080 2892 2672 220 188 163 207
is_linear=0
shrinkage=0.04


Tree=288
num_leaves=11
num_cat=0
split_feature=39 34 3 10 35 32 31 39 9 3
split_gain=1.19657 5.55413 5.88473 4.25708 3.0494 2.46622 3.26523 3.11506 2.85568 1.84351
threshold=0.25728539329153594 0.070646047061215925 0.0019367299786096502 -0.00013656025327104997 1.2403403064257337 0.00068705039476015179 0.70651991280941229 0.22683255463491714 0.00051311395521765372 0.0051620708730597013
decision_type=2 2 2 2 2 2 2 2 2 2
left_child=5 4 -3 -4 -2 6 8 -8 -1 -7
right_child=1 2 3 -5 -6 9 7 -9 -10 -11
leaf_value=-0.05411843074629763 0.049139063906668959 -0.054384890505383914 0.026301350147038407 -0.0074763180987544543 0.0055736511908166097 0.0032906417138471016 8.2903206009390715e-05 -0.020811637497473612 -0.0074119567405735581 0.051865912051574425
leaf_weight=3.3008362874388677 6.3370825499296171 3.0949770659208324 8.9913273006677645 17.766241420060396 4.3252795040607452 2.4974414482712737 671.3275316208601 11.613687522709368 5.7309034392237663 2.5028602313250303
leaf_count=15 31 14 53 97 21 20 3172 55 41 23
internal_value=2.32853e-06 0.00668504 -0.00216605 0.00387397 0.0314664 -0.000386136 -0.000588402 -0.000272417 -0.0244818 0.0276046
internal_weight=737.488 40.5149 29.8525 26.7576 10.6624 696.973 691.973 682.941 9.03174 5.0003
internal_count=3542 216 164 150 52 3326 3283 3227 56 43
is_linear=0
shrinkage=0.04


Tree=289
num_leaves=15
num_cat=0
split_feature=40 36 35 24 3 40 8 28 35 14 3 3 40 29
split_gain=1.17321 3.95429 4.89271 4.83838 4.0923 4.88043 4.78118 2.55567 6.254 4.9586 3.30916 3.17428 12.3329 4.84765
threshold=0.50013786569613961 0.79322416823398811 0.91938952604730073 0.058333333333236058 0.0012660942323800503 0.5127340872350783 7.9373559106163955e-05 0.97326470305779689 0.99827686248435887 -0.0002451249478002499 0.0024879522405505004 0.0012660942323800503 0.48067701927969048 0.017521949280724963
decision_type=2 2 2 2 2 2 2 2 2 2 2 2 2 2
left_child=7 4 -3 -4 5 -2 -6 11 9 -9 -10 12 -1 -13
right_child=1 2 3 -5 6 -7 -8 8 10 -11 -12 13 -14 -15
leaf_value=-0.014265381349566666 -0.049532233304319287 -0.035431885419637925 0.020628131954681831 -0.01639542899944036 0.0047485177180060017 -0.0030976593589142937 -0.0056820896286925524 0.0027329094710192461 -0.0069771565079549082 -0.04114083303551383 0.040276799931093024 0.010637330773104976 0.042855794168746367 -0.0011127288515648038
leaf_weight=11.273680806159975 5.7345795929431906 11.685566045343874 8.4262569695711154 17.126274421811104 187.14634052664042 9.8286129608750326 112.62892001122236 6.6377444788813635 4.9187717288732511 10.873308017849922 4.5781078264117241 71.52250193990767 13.046318858861921 261.86652159690857
leaf_count=50 30 60 39 83 877 49 527 33 22 50 24 371 62 1265
internal_value=2.40953e-06 -0.00166434 -0.0139915 -0.00418646 -0.00020864 -0.0202074 0.000829622 0.00152992 -0.0103349 -0.02451 0.0158023 0.00242574 0.0163769 0.00140803
internal_weight=737.294 352.577 37.2381 25.5525 315.338 15.5632 299.775 384.717 27.0079 17.5111 9.49688 357.709 24.32 333.389
internal_count=3542 1665 182 122 1483 79 1404 1877 129 83 46 1748 112 1636
is_linear=0
shrinkage=0.04


Tree=290
num_leaves=14
num_cat=0
split_feature=31 38 0 15 32 22 40 31 9 33 1 25 23
split_gain=1.18581 12.0059 10.1838 9.04512 6.92348 6.60918 5.3503 5.33569 5.99651 5.24113 4.17299 2.8711 2.47256
threshold=1.0611451026897116 0.99999999984201249 39.856857294327938 0.00067071602051965013 0.00047253246387557799 -1.9573972125917229 0.53075023455205927 1.0170563210214747 0.00048689083319553781 0.10526315789473685 -70.234099457484248 0.75000000000000011 1.4066551258593438
decision_type=2 2 2 2 2 2 2 2 2 2 2 2 2
left_child=4 2 10 -4 5 -1 -7 8 -6 -9 -2 12 -3
right_child=1 11 3 -5 7 6 -8 9 -10 -11 -12 -13 -14
leaf_value=-0.032256477559248105 -0.0063452780299219245 0.052995059068207118 0.011619647403217991 -0.016077000740682208 -0.012155395172521701 0.010172199881357698 0.042251002897130401 0.0042704270142000546 -0.00011973639059551979 0.039096062421826443 -0.034187849154107129 0.003495214893930702 0.016718565515826133
leaf_weight=5.3171121254563323 12.945641197264193 7.1780059263110179 45.905864179134369 32.029001735150814 79.412730261683464 75.215850312262774 9.353280156850813 23.810391679406166 399.1011299919337 9.7437670603394491 25.734029874205589 5.7063705027103415 5.1724388599395752
leaf_count=25 61 34 212 151 363 349 46 110 1957 48 131 29 26
internal_value=2.29789e-06 -0.00339074 -0.00809037 0.000237117 0.0007614 0.0110004 0.0137201 -0.00103591 -0.00211714 0.0143834 -0.0248693 0.0269604 0.0378023
internal_weight=736.626 134.671 116.615 77.9349 601.954 89.8862 84.5691 512.068 478.514 33.5542 38.6797 18.0568 12.3504
internal_count=3542 644 555 363 2898 420 395 2478 2320 158 192 89 60
is_linear=0
shrinkage=0.04


Tree=291
num_leaves=11
num_cat=0
split_feature=31 32 20 23 22 31 23 19 22 24
split_gain=1.16453 5.97188 7.44734 5.52541 3.68467 8.03366 3.59951 7.75245 6.14501 2.26387
threshold=0.85821961956902515 0.0004739108087943418 0.0025942917336914503 -0.31231434287701826 2.5793858723604877 0.9630817099852268 2.9980631955495305 1.9899989521995256 0.49668495887773212 0.041666666666597151
decision_type=2 2 2 2 2 2 2 2 2 2
left_child=1 9 -3 -4 6 -6 8 -8 -2 -1
right_child=4 2 3 -5 5 -7 7 -9 -10 -11
leaf_value=0.059461329524433108 -0.001120065254231776 -0.050933086265433747 0.041744515392297885 0.001142208809673133 -0.018784098185169303 0.048888515164187914 -0.0097958335652004683 0.020189857198501394 0.015948481953004044 0.017554769124863739
leaf_weight=3.6111178584396821 327.36246440559626 4.2999727725982657 5.5173291489481917 191.3388109728694 4.741727836430071 6.878190390765667 134.56700387597084 15.371072039008139 37.627133719623089 4.8097507283091545
leaf_count=20 1527 19 28 981 22 35 634 70 176 30
internal_value=2.41767e-06 0.00252419 0.00114268 0.00228018 -0.0010013 0.0212734 -0.00150395 -0.00672182 0.000639548 0.0355255
internal_weight=736.125 209.577 201.156 196.856 526.548 11.6199 514.928 149.938 364.99 8.42087
internal_count=3542 1078 1028 1009 2464 57 2407 704 1703 50
is_linear=0
shrinkage=0.04


Tree=292
num_leaves=15
num_cat=0
split_feature=8 3 29 40 15 40 15 1 9 34 23 36 40 6
split_gain=1.18793 4.65085 7.51448 8.01009 7.15262 6.51304 6.22182 4.34052 5.20189 4.40607 3.50852 7.20994 5.47793 3.32244
threshold=-0.00040560044457069996 0.0017509154754409503 0.059736610460716821 0.5185734127361179 -0.00015914679496539997 0.50121972848308161 -0.00080634316479254989 -16.369598920849963 0.00046154606410317721 0.087648216303317969 0.11884722511214811 0.38739251693451987 0.50507685687638304 9.5005377708518544e-05
decision_type=2 2 2 2 2 2 2 2 2 2 2 2 2 2
left_child=1 2 3 -1 6 -6 -3 8 13 -10 11 -9 -12 -2
right_child=7 4 -4 -5 5 -7 -8 10 9 -11 12 -13 -14 -15
leaf_value=-0.0060612301265094296 -0.060146841193060983 -0.00075540757475516267 0.038194192634737584 0.028863678662294098 -0.028447565322397363 -0.00042507893314070225 0.017059569634939251 0.029078262930606821 -0.020780758996860316 0.010871025531095159 0.0061360683353494138 -0.0088057489236225469 -0.0059058352004680535 -0.014164690987010516
leaf_weight=34.955870911478996 5.4194871857762319 145.65219781920314 13.373842917382715 15.022811912000178 24.950823463499546 28.348069228231907 39.975343283265829 8.6915556006133539 14.449557542800905 13.71670340374112 191.20810362137854 106.86825765669346 88.381387565284967 4.689925491809845
leaf_count=164 28 719 62 74 124 131 199 42 63 64 944 497 411 20
internal_value=2.80283e-06 0.00192748 0.0115629 0.00443665 -0.000627411 -0.0135433 0.00308109 -0.0013395 -0.014201 -0.00536664 -9.36852e-05 -0.00595639 0.00232949 -0.038815
internal_weight=735.704 302.279 63.3525 49.9787 238.926 53.2989 185.628 433.425 38.2757 28.1663 395.149 115.56 279.589 10.1094
internal_count=3542 1473 300 238 1173 255 918 2069 175 127 1894 539 1355 48
is_linear=0
shrinkage=0.04


Tree=293
num_leaves=12
num_cat=0
split_feature=2 2 22 2 34 23 2 23 23 20 7
split_gain=1.17552 5.31924 5.20696 4.66982 4.71479 4.64794 4.30166 4.07918 4.05144 3.52941 2.86235
threshold=0.99955657180508284 0.94136167755919742 0.29109900870608668 1.0126942024856123 0.042093640458984859 2.6778082953808018 0.90870205318531483 3.1254404117513888 -0.11371460568927899 0.0025940695944356505 0.00085518352239850014
decision_type=2 2 2 2 2 2 2 2 2 2 2
left_child=1 6 8 -2 -5 -6 10 -4 -3 -8 -1
right_child=3 2 7 4 5 -7 9 -9 -10 -11 -12
leaf_value=-0.00051560110409191854 -0.041368503551063973 0.065824204423771862 -0.031784444451672389 0.034450581840924525 -0.019124969653831061 0.013332542571830901 0.015821695898306565 0.02116933674137143 0.020163631118948339 -0.032170515269076251 0.010123109999465037
leaf_weight=611.2717941198498 5.3661645874381056 4.2391270473599443 4.6592289358377439 5.0528299063444129 19.328871570527557 11.120385296642779 3.1248869821429244 4.6509729400277138 11.664536103606224 11.382277820259331 43.332040432840586
leaf_count=2920 26 20 23 23 93 53 15 25 56 55 233
internal_value=2.76812e-06 0.000390816 0.0184265 -0.00658992 -0.00133311 -0.00727115 -0.000288816 -0.00533103 0.0323345 -0.0218328 0.000188637
internal_weight=735.193 694.325 25.2139 40.8683 35.5021 30.4493 669.111 9.3102 15.9037 14.5072 654.604
internal_count=3542 3347 124 195 169 146 3223 48 76 70 3153
is_linear=0
shrinkage=0.04


Tree=294
num_leaves=11
num_cat=0
split_feature=15 40 40 40 40 33 8 15 6 29
split_gain=1.15345 4.99841 7.76546 5.21239 5.09626 4.56441 3.8442 3.59902 3.10653 2.56017
threshold=0.0017334206005861002 0.49439155657308731 0.50237815917778328 0.48041528941730505 0.46081515166183679 0.2105263157894737 0.0027945433611626003 0.0023466464703441503 0.00087127933349270012 0.030667234594558838
decision_type=2 2 2 2 2 2 2 2 2 2
left_child=6 3 -3 4 -2 -4 8 -5 9 -1
right_child=1 2 5 7 -6 -7 -8 -9 -10 -11
leaf_value=-0.0023610150501514153 0.01834255052852515 -0.061549590798564299 0.011308586485854455 0.0091711510035635147 -0.02191574892897967 -0.028232899289630194 0.038160190596712426 0.055435499810387326 0.030525188389732942 0.0025994685333036172
leaf_weight=352.90317608043551 8.0064413696527499 5.3993887752294567 10.024534218013288 7.23247382044792 13.538151439279316 8.7460780143737775 4.3008088618516913 4.2839156538248062 5.3697854802012435 315.12211816385388
leaf_count=1710 47 24 50 38 72 45 23 26 27 1480
internal_value=2.7903e-06 -0.00545025 -0.0192757 0.00465718 -0.00695489 -0.00711558 0.000463296 0.0263808 0.000222535 -2.10466e-05
internal_weight=734.927 57.231 24.17 33.061 21.5446 18.7706 677.696 11.5164 673.395 668.025
internal_count=3542 302 119 183 119 95 3240 64 3217 3190
is_linear=0
shrinkage=0.04


Tree=295
num_leaves=14
num_cat=0
split_feature=8 10 36 1 35 1 9 30 31 38 22 6 22
split_gain=1.12436 4.53068 4.29471 5.51285 4.71745 4.01717 4.90822 4.13971 3.36817 5.31984 4.83296 3.19476 1.02271
threshold=-0.00040560044457069996 0.00060065701576350009 0.86711552338612041 -16.909001329186136 1.0751651096376114 -16.369598920849963 0.00046154606410317721 0.024435413750844071 0.94889534421036792 0.99999999983470178 2.9283336605520973 9.5005377708518544e-05 -0.633296874177949
decision_type=2 2 2 2 2 2 2 2 2 2 2 2 2
left_child=1 2 3 -1 -4 6 11 -8 10 -10 -7 -2 -3
right_child=5 12 4 -5 -6 8 7 -9 9 -11 -12 -13 -14
leaf_value=0.0017314632919622362 -0.059102031816594715 -0.039869499150275704 -0.025603317656558728 0.01786730632248364 0.018231040512186419 -0.0019434353866956725 -0.043564670721138732 0.00096394453692248379 0.0017884903426923534 0.024877499942642673 -0.031102804041146032 -0.013740279413575562 -0.013029504905641599
leaf_weight=232.44238623231649 5.2935502752661687 4.3708326667547226 15.775694973766806 39.657587192952633 5.2307127565145484 228.40383657068014 3.873308070003989 24.284258663654327 138.41787619143724 18.048300795257092 9.4715880304574949 4.6807211637496948 4.7291675619781
leaf_count=1139 28 21 78 188 25 1109 19 108 645 92 48 20 22
internal_value=2.96618e-06 0.00187491 0.00273788 0.0040832 -0.0146883 -0.00130512 -0.0137026 -0.00516134 -0.000106317 0.0044518 -0.00310449 -0.0378147 -0.0259211
internal_weight=734.68 302.206 293.106 272.1 21.0064 432.473 38.1318 28.1576 394.342 156.466 237.875 9.97427 9.1
internal_count=3542 1473 1430 1327 103 2069 175 127 1894 737 1157 48 43
is_linear=0
shrinkage=0.04


Tree=296
num_leaves=11
num_cat=0
split_feature=3 20 9 34 20 36 29 34 22 34
split_gain=1.18058 4.52611 5.31938 5.79412 3.93578 4.04082 6.03755 5.27886 3.64169 2.65565
threshold=0.0028116711868058507 0.0026194812987800002 0.00060432001923385983 0.042093640458984859 0.0025908554744653507 0.57254107597286874 0.073841129217102744 0.20628303039419368 0.49668495887773212 0.062138103436412608
decision_type=2 2 2 2 2 2 2 2 2 2
left_child=1 2 8 -4 -2 6 -6 -7 -1 -3
right_child=4 9 3 -5 5 7 -8 -9 -10 -11
leaf_value=-0.0031144115792709802 0.03693198421235417 -0.0034794866599608732 -0.0074621047688088419 0.054025184147838363 -0.0079789436002583574 0.012311860663949124 0.024794102655159404 -0.0017537522695191877 0.0062003589808485348 -0.046637798477369173
leaf_weight=352.39446507394314 5.0810059905052176 3.8993828445672971 4.2409488800913078 5.8133245781064034 93.626189883798361 84.23279308155179 9.9496631249785406 86.565612180158496 82.96563433483243 5.4970460906624794
leaf_count=1633 25 19 24 28 471 420 54 458 383 27
internal_value=2.65728e-06 -0.00125459 -0.000675023 0.0280895 0.00204882 0.00140284 -0.00483071 0.005183 -0.00133932 -0.0287277
internal_weight=734.266 454.811 445.414 10.0543 279.455 274.374 103.576 170.798 435.36 9.39643
internal_count=3542 2114 2068 52 1428 1403 525 878 2016 46
is_linear=0
shrinkage=0.04


Tree=297
num_leaves=13
num_cat=0
split_feature=38 24 33 30 22 26 13 27 23 23 27 32
split_gain=1.13736 4.98978 4.94193 5.35432 4.44175 3.51607 8.5511 5.00519 4.7206 13.2298 10.1822 3.22763
threshold=0.80974886697948223 0.25833333333290281 0.31578947368421056 0.019969174741048989 -0.39503347057567978 0.014509655042763104 0.00024208289379895004 0.26069409384742204 9.2939781812376179 8.4697232696121159 0.14734773160621814 0.00063037170224548758
decision_type=2 2 2 2 2 2 2 2 2 2 2 2
left_child=1 2 4 -4 -1 8 7 -7 9 -2 -10 -8
right_child=5 -3 3 -5 -6 6 11 -9 10 -11 -12 -13
leaf_value=0.011322499948805645 -0.00066314499940504999 -0.033900507088873238 -0.01861735703893283 0.038891803414837209 -0.0022797907008148166 0.023365237684183165 -0.048057598700356773 -0.016670008202408822 -0.055435395213208671 -0.045700466301395626 0.011949946522978139 -0.0058752485631338638
leaf_weight=55.014123357832432 405.60324937477708 5.8360065110027781 3.3485765904188147 11.438900478184221 127.26901539601386 10.175394468009474 10.631269473582504 9.8165840003639442 3.7647845149040213 10.711429432034491 76.323986303061247 3.992139045149087
leaf_count=274 1889 35 18 63 626 57 49 62 17 48 376 28
internal_value=2.80542e-06 0.00255016 0.00362961 0.025869 0.00182546 -0.000970561 -0.0132964 0.00370689 -0.00011105 -0.00182192 0.00878232 -0.036542
internal_weight=733.925 202.907 197.071 14.7875 182.283 531.019 34.6154 19.992 496.403 416.315 80.0888 14.6234
internal_count=3542 1016 981 81 900 2526 196 119 2330 1937 393 77
is_linear=0
shrinkage=0.04


Tree=298
num_leaves=12
num_cat=0
split_feature=10 32 35 2 29 10 37 20 35 20 39
split_gain=1.14874 4.84475 7.91266 4.53577 4.47223 2.61154 2.3664 2.87717 2.45019 5.16626 4.01812
threshold=0.00025287926948665008 0.00045404562060226617 1.079264477900747 0.12704987338980947 0.012160458692025082 0.00041920623926080001 0.35927199456886949 0.0025936166214224005 1.1581676209500722 0.0026054528631951506 0.26754400052890465
decision_type=2 2 2 2 2 2 2 2 2 2 2
left_child=6 2 5 -3 -5 -2 8 -8 10 -10 -1
right_child=1 3 -4 4 -6 -7 7 -9 9 -11 -12
leaf_value=1.4465228524376607e-05 0.021566093720787851 0.038945419777513507 -0.022442711429421506 -0.019316136642110467 0.0020011143714532579 0.058589767263895094 -0.049210259761318036 -0.0028124401449618058 -0.021243296912502926 0.0004561774126986347 0.026569148533394794
leaf_weight=468.7957751955837 6.1136080548167246 4.7958109304308882 4.4203223139047614 17.916165627539158 130.02193244919181 6.0797044485807419 3.5551469884812814 5.3660709299147129 27.036053970456123 50.058742050081491 9.2980018891394121
leaf_count=2246 29 24 21 88 625 28 20 29 127 253 52
internal_value=2.75972e-06 0.00289194 0.0234055 0.000660577 -0.000580529 0.0400265 -0.000864583 -0.0213022 -0.000536175 -0.00715352 0.000530903
internal_weight=733.457 169.348 16.6136 152.734 147.938 12.1933 564.11 8.92122 555.189 77.0948 478.094
internal_count=3542 815 78 737 713 57 2727 49 2678 380 2298
is_linear=0
shrinkage=0.04


Tree=299
num_leaves=12
num_cat=0
split_feature=36 35 30 14 36 24 35 3 25 14 30
split_gain=1.13076 4.39331 4.70287 3.20221 1.46566 4.52011 8.60807 4.24128 3.83133 9.25107 8.03879
threshold=0.30742331191759409 1.0606629926906026 0.037281866502636755 -0.00030071845026549991 0.57839485156251835 1.0000000180025095e-35 0.9785167305439223 0.0025701615606695005 0.75000000000000011 0.0010900304154653504 0.088467899412147999
decision_type=2 2 2 2 2 2 2 2 2 2 2
left_child=1 2 3 -1 8 6 -6 -7 10 -10 -2
right_child=4 -3 -4 -5 5 7 -8 -9 9 -11 -12
leaf_value=0.026348805154479901 -0.0028479667190711476 -0.02564224368569662 0.042304124705285384 -0.024784349767203222 -0.034235806004927032 -0.0015111316115089294 0.017076109348137539 0.0064789535053291075 0.0081212018115035672 -0.035711855116097396 -0.028833166636328768
leaf_weight=3.5434379577636728 147.52160523086786 4.4377243965864173 7.4695382416248322 4.3840426504611978 14.871991433203222 239.53176826611161 8.0693692788481695 191.09684818424284 81.860419448465109 8.5041919201612455 21.872655469924212
leaf_count=19 713 22 35 22 69 1111 40 976 390 40 105
internal_value=2.72946e-06 0.0094233 0.0195299 -0.00192877 -0.000259218 0.00111291 -0.0161874 0.00203457 -0.00265512 0.00399608 -0.00620325
internal_weight=733.164 19.8347 15.397 7.92748 713.329 453.57 22.9414 430.629 259.759 90.3646 169.394
internal_count=3542 98 76 41 3444 2196 109 2087 1248 430 818
is_linear=0
shrinkage=0.04


end of trees

feature_importances:
Column_23=218
Column_22=195
Column_32=189
Column_40=181
Column_31=161
Column_3=126
Column_36=121
Column_8=119
Column_0=106
Column_35=105
Column_1=100
Column_9=99
Column_38=95
Column_28=89
Column_15=88
Column_20=82
Column_24=81
Column_37=76
Column_10=74
Column_34=67
Column_29=59
Column_39=56
Column_2=53
Column_27=52
Column_30=52
Column_13=49
Column_18=49
Column_7=45
Column_19=41
Column_14=40
Column_6=39
Column_33=37
Column_25=36
Column_21=34
Column_26=29
Column_12=7
Column_5=3
Column_4=2
Column_16=1

parameters:
[boosting: gbdt]
[objective: binary]
[metric: binary_logloss]
[tree_learner: serial]
[device_type: cpu]
[data_sample_strategy: bagging]
[data: ]
[valid: ]
[num_iterations: 300]
[learning_rate: 0.04]
[num_leaves: 15]
[num_threads: 2]
[seed: 42]
[deterministic: 0]
[force_col_wise: 0]
[force_row_wise: 0]
[histogram_pool_size: -1]
[max_depth: 4]
[min_data_in_leaf: 20]
[min_sum_hessian_in_leaf: 0.001]
[bagging_fraction: 0.8]
[pos_bagging_fraction: 1]
[neg_bagging_fraction: 1]
[bagging_freq: 0]
[bagging_seed: 400]
[bagging_by_query: 0]
[feature_fraction: 0.8]
[feature_fraction_bynode: 1]
[feature_fraction_seed: 30056]
[extra_trees: 0]
[extra_seed: 12879]
[early_stopping_round: 0]
[early_stopping_min_delta: 0]
[first_metric_only: 0]
[max_delta_step: 0]
[lambda_l1: 0]
[lambda_l2: 0]
[linear_lambda: 0]
[min_gain_to_split: 0]
[drop_rate: 0.1]
[max_drop: 50]
[skip_drop: 0.5]
[xgboost_dart_mode: 0]
[uniform_drop: 0]
[drop_seed: 17869]
[top_rate: 0.2]
[other_rate: 0.1]
[min_data_per_group: 100]
[max_cat_threshold: 32]
[cat_l2: 10]
[cat_smooth: 10]
[max_cat_to_onehot: 4]
[top_k: 20]
[monotone_constraints: ]
[monotone_constraints_method: basic]
[monotone_penalty: 0]
[feature_contri: ]
[forcedsplits_filename: ]
[refit_decay_rate: 0.9]
[cegb_tradeoff: 1]
[cegb_penalty_split: 0]
[cegb_penalty_feature_lazy: ]
[cegb_penalty_feature_coupled: ]
[path_smooth: 0]
[interaction_constraints: ]
[verbosity: -1]
[saved_feature_importance_type: 0]
[use_quantized_grad: 0]
[num_grad_quant_bins: 4]
[quant_train_renew_leaf: 0]
[stochastic_rounding: 1]
[linear_tree: 0]
[max_bin: 255]
[max_bin_by_feature: ]
[min_data_in_bin: 3]
[bin_construct_sample_cnt: 200000]
[data_random_seed: 175]
[is_enable_sparse: 1]
[enable_bundle: 1]
[use_missing: 1]
[zero_as_missing: 0]
[feature_pre_filter: 1]
[pre_partition: 0]
[two_round: 0]
[header: 0]
[label_column: ]
[weight_column: ]
[group_column: ]
[ignore_column: ]
[categorical_feature: ]
[forcedbins_filename: ]
[precise_float_parser: 0]
[parser_config_file: ]
[objective_seed: 16083]
[num_class: 1]
[is_unbalance: 0]
[scale_pos_weight: 1]
[sigmoid: 1]
[boost_from_average: 1]
[reg_sqrt: 0]
[alpha: 0.9]
[fair_c: 1]
[poisson_max_delta_step: 0.7]
[tweedie_variance_power: 1.5]
[lambdarank_truncation_level: 30]
[lambdarank_norm: 1]
[label_gain: ]
[lambdarank_position_bias_regularization: 0]
[eval_at: ]
[multi_error_top_k: 1]
[auc_mu_weights: ]
[num_machines: 1]
[local_listen_port: 12400]
[time_out: 120]
[machine_list_filename: ]
[machines: ]
[gpu_platform_id: -1]
[gpu_device_id: -1]
[gpu_use_dp: 0]
[num_gpu: 1]

end of parameters

pandas_categorical:null
