tree
version=v4
num_class=1
num_tree_per_iteration=1
label_index=0
max_feature_idx=61
objective=binary sigmoid:1
feature_names=Column_0 Column_1 Column_2 Column_3 Column_4 Column_5 Column_6 Column_7 Column_8 Column_9 Column_10 Column_11 Column_12 Column_13 Column_14 Column_15 Column_16 Column_17 Column_18 Column_19 Column_20 Column_21 Column_22 Column_23 Column_24 Column_25 Column_26 Column_27 Column_28 Column_29 Column_30 Column_31 Column_32 Column_33 Column_34 Column_35 Column_36 Column_37 Column_38 Column_39 Column_40 Column_41 Column_42 Column_43 Column_44 Column_45 Column_46 Column_47 Column_48 Column_49 Column_50 Column_51 Column_52 Column_53 Column_54 Column_55 Column_56 Column_57 Column_58 Column_59 Column_60 Column_61
feature_infos=[4.7246247991271701:97.110252463838407] [-160.63516614516993:201.03432823381445] [-0.43691257478045858:1.40784026258244] [0.0018059637546622:0.025610325340816802] [0:1] [0:1] [-0.0073231832963768003:0.0061755018460822996] [-0.0089023158984541002:0.0088935067480426996] [-0.0102203097129286:0.013937796102248899] [0.00072453173628281374:0.0017618756494265674] [-0.0091969756629555009:0.0071831524926280997] [-1:1] [-0.0091969756629555009:0.0071831524926280997] [-0.0098865002778946998:0.0088432638203854008] [-0.0098257861687880005:0.0097971798630737995] [-0.0116970399546377:0.0127575696600623] [0:1] [0:1] [-1:1] [-8.4874474220068539:7.3458108530042434] [0.0025985760435334:0.0039341415143864002] [-0.0102563965570389:0.0106826548894998] [-3:3] [-1.2452745654996951:10] [0:0.39999999999933328] [0.20000000000000001:1] none [-5.1115285535461039:4.7665712028949354] none [0:13.063862076858562] [-3.0765291758192435:2.9888586190758089] [-3.1134638208998564:2.9893691947343735] [-2.545127144475865:2.6624368429033374] [-22.258768008483553:18.049575994064828] none [-0.85192142559101736:0.79442853381582257] [-1.0255097252730812:0.99628620635860299] [-1.0378212736332855:0.99645639824479115] [-0.26803975243238426:4.7488691410703581] [-0.22170364722016558:4.6698751381651009] [-5.1115285535461013:4.7665712028949354] [-0.00046532777175460892:0.35334789984422166] [0:1.9039826917298797] [0:1] [0.018410824650243494:85.91703139292629] [0.10000000000000001:0.90000000000000002] [-0.23549948028090678:0.17410363660774697] [-0.41355535538072941:0.35894925412193412] [-0.61678069030680005:0.2776228698671494] [-0.50847142946786683:0.55547249744109928] [-0.10592349951074431:0.18656372971250379] [-0.15002306126053813:0.10114462522926794] [-0.69952897075035381:0.34187641482816383] [-0.27300755142380645:0.076255497996254737] [-0.1254155933493839:0.22718906625406751] [-0.43962313293500271:0.47875877502302133] [-0.13102665723849191:0.2553155731255155] [-0.31382897994997477:0.5065597935400441] [-0.36313576474535469:0.2984145802945205] [-0.33191645433374234:0.67292326512785683] [-0.36343785027913766:0.80347199482838227] [0.17518175558482083:0.78339345057090393]
tree_sizes=1462 1630 1523 1530 1532 1536 1532 1631 1628 1529 1520 1633 1532 1534 1629 1740 1635 1747 1744 1737 1538 1531 1738 1748 1643 1644 1744 1750 1639 1734 1530 1750 1643 1751 1544 1427 1747 1644 1748 1741 1536 1746 1731 1537 1753 1643 1437 1427 1753 1521 1632 1747 1525 1752 1646 1540 1759 1533 1531 1645 1647 1633 1528 1324 1758 1530 1633 1642 1437 1534 1428 1325 1417 1426 1533 1112 1643 1423 1758 1437 1214 1215 1003 1440 1437 1440 1108 994 1426 1116 1442 1314 1105 1426 1002 1312 1739 1739 1006 1646 1205 1324 1318 1327 1535 1319 1318 1007 1119 1117 1750 1424 1214 1211 1219 1010 1417 1754 1429 1643 1322 1446 1324 1426 1642 1217 1755 1748 1540 1426 1537 1327 1314 1313 1215 1444 1316 1317 1643 1535 1105 1330 1428 1118 1321 1424 1435 1444 1114 1422 1634 1216 1216 1433 1327 1215 1320 1431 1219 1530 1323 1434 1765 1319 1443 1212 1312 1220 1759 1317 1205 1320 1010 1442 1655 1430 1319 1209 1642 1755 1424 1316 1531 1744 1230 1439 1746 1318 1109 1539 1426 1007 1444 1426 1646 1221 1104 1337 1535 1762 1430 1221 1313 1331 1739 1553 1431 1532 1312 1540 1099 1772 999 1210 889 1421 1747 1111 1757 1321 1331 1434 1751 1119 1111 1430 1105 1214 1730 1439 1553 897 1438 1216 1330 1534 1000 1540 1443 1531 1752 1533 1426 1430 1215 1431 1445 1537 1426 1217 1113 1763 1438 1210 1650 1661 1543 1544 1638 1540 1430 1429 1529 1429 1313 1215 1326 1314 1641 1435 1744 1423 1539 1751 1316 1437 1768 1433 1313 1762 1753 1006 1437 1766 901 1428 1745 1534 1548 1759 1432 1547 1438 796 1106 1426 1209 1429 1330 1441

Tree=0
num_leaves=13
num_cat=0
split_feature=61 61 44 24 61 24 60 22 8 23 61 41
split_gain=194.801 136.063 64.3275 63.7361 45.7795 49.9352 43.4963 24.1454 22.3943 20.5693 11.8458 10.4624
threshold=0.45435018820196821 0.58348750213999867 0.019001749233974546 1.0000000180025095e-35 0.48475251348196485 1.0000000180025095e-35 0.59205892164259954 2.6314540544401717 -0.0011087462853482998 4.0043249329597446 0.64319662292269875 4.3443566844085055e-05
decision_type=2 2 2 2 2 2 2 2 2 2 2 2
left_child=2 4 6 -3 11 -6 7 -1 -4 -8 -5 -2
right_child=1 3 8 10 5 -7 9 -9 -10 -11 -12 -13
leaf_value=1.302690881645582 1.2673513993603374 1.1602620408269995 1.1058253440659276 1.2786946001600816 1.1474132172595075 1.2195493382342284 1.2196447864904623 1.2463216832574153 1.2436361395505358 1.2786755256015254 1.3089995536684631 1.2308792080258848
leaf_weight=221.76650954782963 33.273552089929581 6.3459867388010016 3.7732894122600555 48.023683428764343 17.837368130683899 110.28295873105526 16.293749734759331 12.863486632704733 3.7732894122600547 22.468223318457603 36.189275726675987 20.238552302122116
leaf_count=1293 194 37 22 280 104 643 95 75 22 131 211 118
internal_value=1.26657 1.24245 1.28994 1.28251 1.22248 1.20951 1.29312 1.2996 1.17473 1.25386 1.29172 1.25356
internal_weight=553.13 272.191 280.939 90.5589 181.632 128.12 273.392 234.63 7.54658 38.762 84.213 53.5121
internal_count=3225 1587 1638 528 1059 747 1594 1368 44 226 491 312
is_linear=0
shrinkage=1


Tree=1
num_leaves=14
num_cat=0
split_feature=61 61 44 48 61 61 25 52 61 31 25 61 20
split_gain=179.416 121.78 58.504 41.0001 39.545 34.0448 26.587 23.4642 18.6298 21.7793 17.926 8.22714 4.00572
threshold=0.45435018820196821 0.58348750213999867 0.018639912292042839 -0.25174596399570509 0.48475251348196485 0.53963055539642524 0.50000000000000011 -0.22913183116868815 0.64319662292269875 -0.76628359345769792 0.50000000000000011 0.3899210492123994 0.0026513590709792505
decision_type=2 2 2 2 2 2 2 2 2 2 2 2 2
left_child=2 4 3 6 10 -6 -1 -4 9 -3 -2 -5 -10
right_child=1 8 7 11 5 -7 -8 -9 12 -11 -12 -13 -14
leaf_value=0.044896449127790998 0.01675536507492489 -0.03545448040630627 -0.11854722934418083 0.047887199941467236 -0.069114453142435625 -0.027403967170500892 -0.00059725233009547856 0.0036790855432974516 0.02420444276843051 0.018591011675208644 -0.030649479226339604 0.028087691403736542 0.050803604278385171
leaf_weight=26.215358257293701 20.754622399806976 17.954141363501549 6.3159084320068359 92.74688221514225 81.276505753397942 50.928815603256226 95.167378559708595 4.1736672520637494 17.986512243747711 35.556969776749611 33.147177904844284 52.634283229708672 18.250137835741043
leaf_count=155 120 104 35 551 459 288 560 24 107 208 192 313 109
internal_value=2.22554e-05 -0.0228171 0.0227464 0.02639 -0.0412731 -0.0530465 0.00922815 -0.069915 0.0154546 0.000457574 -0.0123965 0.0407189 0.0376008
internal_weight=553.108 275.855 277.253 266.764 186.107 132.205 121.383 10.4896 89.7478 53.5111 53.9018 145.381 36.2367
internal_count=3225 1587 1638 1579 1059 747 715 59 528 312 312 864 216
is_linear=0
shrinkage=0.04


Tree=2
num_leaves=13
num_cat=0
split_feature=61 61 24 44 50 61 24 25 52 61 25 3
split_gain=165.418 109.299 55.5286 53.3374 40.8378 34.418 37.9019 32.7507 19.6443 19.301 16.438 14.2481
threshold=0.45435018820196821 0.58348750213999867 1.0000000180025095e-35 0.018639912292042839 0.13973037203076424 0.48764298391571853 1.0000000180025095e-35 0.50000000000000011 -0.22913183116868815 0.3899210492123994 0.50000000000000011 0.0026933617708070506
decision_type=2 2 2 2 2 2 2 2 2 2 2 2
left_child=3 5 -3 4 9 10 -7 -6 -5 -1 -2 -4
right_child=1 2 11 8 7 6 -8 -9 -10 -11 -12 -13
leaf_value=0.042956247032484775 0.013091625507544813 -0.09520336541230337 -0.031274835251321742 -0.10706794285409815 0.050665231207133454 -0.1023967498473148 -0.041300287217263254 -0.029028268051180001 0.0035392424207331937 0.018868168365656093 -0.030204538818252333 0.029060958787833099
leaf_weight=126.6724329739809 22.955832362174988 6.7616824656724921 6.8297725170850745 6.7046965062618256 10.96684408187866 18.996380627155304 112.21200105547905 33.314793854951859 4.165209621191023 91.788132682442665 36.085535481572151 75.355970501899719
leaf_count=768 133 37 41 35 66 101 620 193 24 552 205 450
internal_value=4.0349e-05 -0.0216205 0.0149817 0.0221434 0.0257355 -0.0387332 -0.0501458 -0.00929128 -0.0646847 0.0328354 -0.0133706 0.024047
internal_weight=552.809 279.197 88.9474 273.612 262.742 190.25 131.208 44.2816 10.8699 218.461 59.0414 82.1857
internal_count=3225 1587 528 1638 1579 1059 721 259 59 1320 338 491
is_linear=0
shrinkage=0.04


Tree=3
num_leaves=13
num_cat=0
split_feature=61 61 24 44 48 61 24 25 52 25 3 61
split_gain=152.659 98.3878 49.7388 48.8182 38.9182 30.3658 33.2384 24.7237 16.7559 14.8427 13.3013 7.94355
threshold=0.45435018820196821 0.58348750213999867 1.0000000180025095e-35 0.018639912292042839 -0.25174596399570509 0.48475251348196485 1.0000000180025095e-35 0.50000000000000011 -0.23146493342562582 0.50000000000000011 0.0026933617708070506 0.3899210492123994
decision_type=2 2 2 2 2 2 2 2 2 2 2 2
left_child=3 5 -3 4 7 9 -7 -1 -5 -2 -4 -6
right_child=1 2 10 8 11 6 -8 -9 -10 -11 -12 -13
leaf_value=0.043742537092580004 0.015833915267484778 -0.087051510937727061 -0.029480289542703302 -0.1006403582147324 0.046774936851195888 -0.093363595136581684 -0.038228279062095354 -0.00097928157518109701 -0.0010148129695695572 -0.027254190590791802 0.028381782855894658 0.026958936933243947
leaf_weight=25.00505468249321 20.410499274730682 7.0918293446302405 6.953082248568534 6.6538477689027786 87.934231519699097 20.513733729720116 118.8620598167181 94.625531256198883 4.54700919985771 34.266107261180878 74.098620072007179 51.220267102122307
leaf_count=155 120 37 41 33 551 104 643 560 26 192 450 313
internal_value=5.73984e-05 -0.0205146 0.0145299 0.0215597 0.0250984 -0.0364327 -0.0463433 0.00836842 -0.0601972 -0.0111696 0.023418 0.039481
internal_weight=552.182 282.196 88.1435 269.986 258.785 194.052 139.376 119.631 11.2009 54.6766 81.0517 139.154
internal_count=3225 1587 528 1638 1579 1059 747 715 59 312 491 864
is_linear=0
shrinkage=0.04


Tree=4
num_leaves=13
num_cat=0
split_feature=61 61 44 24 60 25 61 24 61 15 25 3
split_gain=141.004 88.7821 44.8176 44.8123 38.2212 32.0459 26.7173 28.3413 19.819 15.2337 13.5147 12.4244
threshold=0.45435018820196821 0.58348750213999867 0.018639912292042839 1.0000000180025095e-35 0.58917061252566139 0.50000000000000011 0.48475251348196485 1.0000000180025095e-35 0.38390433719255823 0.0029920978167928504 0.50000000000000011 0.0026933617708070506
decision_type=2 2 2 2 2 2 2 2 2 2 2 2
left_child=2 6 4 -3 8 -6 10 -8 -1 -4 -2 -5
right_child=1 3 9 11 5 -7 7 -9 -10 -11 -12 -13
leaf_value=0.042677022507815528 0.015340733276924168 -0.080178661293352535 -0.090739752476347232 -0.027826490957904709 0.049731843198432796 -0.033004921435384693 -0.085942265434425014 -0.035985317334953471 0.018397175915668213 0.0052937879979127016 -0.025781041036102549 0.027714952797496965
leaf_weight=112.68522648513317 20.227769017219543 7.3853376805782309 7.367517337203024 7.0692072659730902 10.070791736245154 29.230951502919197 21.374891802668571 121.17076636850834 102.92086364328861 4.121272400021553 34.764590173959732 72.871336236596107
leaf_count=715 120 37 37 41 64 166 104 643 634 22 192 450
internal_value=7.13305e-05 -0.019492 0.0209908 0.014094 0.0244739 -0.0118042 -0.0343394 -0.0434764 0.0310869 -0.0562905 -0.0106553 0.0228034
internal_weight=551.261 284.864 266.397 87.3259 254.908 39.3017 197.538 142.546 215.606 11.4888 54.9924 79.9405
internal_count=3225 1587 1638 528 1579 230 1059 747 1349 59 312 491
is_linear=0
shrinkage=0.04


Tree=5
num_leaves=13
num_cat=0
split_feature=24 59 7 19 42 25 54 20 56 44 39 45
split_gain=106.199 47.1096 25.4919 22.8115 21.6771 18.3088 13.2771 10.8178 10.3718 13.5085 7.93995 6.26475
threshold=1.0000000180025095e-35 0.26503388997636979 0.00098381408549195028 -2.5790893865789699 0.0013536314987851832 0.90000000000000013 0.081525223693672003 0.0028146044294610506 0.028491721941367776 0.018443481639448162 0.0046139440212131814 0.64538073990168188
decision_type=2 2 2 2 2 2 2 2 2 2 2 2
left_child=2 3 8 -2 5 -3 -5 -6 9 -1 -10 -4
right_child=1 4 11 6 7 -7 -8 -9 10 -11 -12 -13
leaf_value=0.0010075314818298888 -0.062254247078901072 -0.011044602546232881 0.051226617674705557 0.0096545020876267745 -0.022686156278571366 0.015956166169538141 0.027855315011385242 -0.11073983259998585 -0.032729327636045906 -0.067614278364668018 -0.093949312558221934 -0.022427609734528963
leaf_weight=6.8617030233144787 5.6271275877952567 174.16667453944683 3.7124944031238547 122.79754108190536 4.3079847246408445 52.232127264142036 134.21833753585815 4.6333082765340805 4.0851759910583523 13.863058447837828 19.908127680420876 3.6784109175205231
leaf_count=38 33 1000 22 738 25 309 828 25 21 69 97 20
internal_value=8.38465e-05 0.00576913 -0.054248 0.017415 -0.00722784 -0.0048153 0.0191593 -0.0683149 -0.065622 -0.0448945 -0.0835258 0.0145693
internal_weight=550.092 497.983 52.109 262.643 235.34 226.399 257.016 8.94129 44.7181 20.7248 23.9933 7.39091
internal_count=3225 2958 267 1599 1359 1309 1566 50 225 107 118 42
is_linear=0
shrinkage=0.04


Tree=6
num_leaves=13
num_cat=0
split_feature=24 52 19 21 52 23 50 23 56 44 43 45
split_gain=95.9207 44.4008 24.2343 21.1399 16.0547 15.589 27.5126 17.7313 9.00294 10.7618 6.79457 4.74245
threshold=1.0000000180025095e-35 -0.31640378815450887 -2.5790893865789699 0.0013344892916627503 -0.13129290887154252 4.0043249329597446 0.15570218873372407 8.1870610983059802 0.028491721941367776 0.019001749233974546 0.61788544701351855 0.66277591893836607
decision_type=2 2 2 2 2 2 2 2 2 2 2 2
left_child=3 5 -3 8 -4 6 -2 -7 9 -1 -10 -5
right_child=1 2 4 11 -6 7 -8 -9 10 -11 -12 -13
leaf_value=-0.017726427640943506 -0.0085438566243288532 -0.056625728432429821 0.027612703598264704 0.029045695896946357 0.0071738049804517603 0.017128056440514072 -0.060050298655830135 -0.01413739468060049 -0.090031064950411965 -0.077523651020664261 -0.039082994074464208 -0.029475149366974294
leaf_weight=11.662522092461588 99.124514281749725 6.9616843014955512 146.38771194219589 5.2949492633342725 106.02749362587929 65.904863744974136 19.929256677627563 51.859122112393379 18.884274363517765 8.2023209780454618 5.3817699998617163 3.8098792135715485
leaf_count=63 566 39 915 31 640 393 112 293 89 38 26 20
internal_value=8.91096e-05 0.0055635 0.0169968 -0.050936 0.0190273 -0.00695891 -0.0171659 0.00335985 -0.0623852 -0.0424171 -0.0787317 0.00455788
internal_weight=549.43 496.195 259.377 53.2357 252.415 236.818 119.054 117.764 44.1309 19.8648 24.266 9.10483
internal_count=3225 2958 1594 267 1555 1364 678 686 216 101 115 51
is_linear=0
shrinkage=0.04


Tree=7
num_leaves=14
num_cat=0
split_feature=61 61 44 24 58 61 61 25 52 25 61 61 15
split_gain=123.817 78.6558 36.8888 34.5516 34.2019 22.8946 28.0253 18.1757 13.013 12.5203 11.8437 8.04447 6.67466
threshold=0.45435018820196821 0.58348750213999867 0.018639912292042839 1.0000000180025095e-35 -0.29199931184868261 0.48764298391571853 0.53963055539642524 0.50000000000000011 -0.26332553428807021 0.50000000000000011 0.64319662292269875 0.3899210492123994 0.0029920978167928504
decision_type=2 2 2 2 2 2 2 2 2 2 2 2 2
left_child=2 5 4 -3 7 9 -7 -1 -4 -2 -5 -6 -10
right_child=1 3 8 10 11 6 -8 -9 12 -11 -12 -13 -14
leaf_value=0.041041069852900507 0.012455462354889646 -0.064882350788570339 -0.10362089515271507 0.0087278707945110997 0.043722560747736221 -0.054801813203090521 -0.018324418951294483 -0.0021865215463490943 -0.05276654825923479 -0.025130519624368838 0.040170817583205266 0.024530676899900707 0.02159849116841428
leaf_weight=19.098346099257469 22.662257000803947 8.0702753812074643 4.3388164490461349 45.298858553171158 86.243394121527672 85.724883168935776 55.528275087475777 84.06951692700386 4.0238664150238019 37.88667556643486 33.226134061813354 58.749299883842468 3.7131320387125015
leaf_count=124 133 37 19 280 583 433 288 498 20 205 211 374 20
internal_value=9.37585e-05 -0.0179571 0.020098 0.0139322 0.0234201 -0.0316411 -0.0404621 0.00581573 -0.0481723 -0.0110628 0.0220323 0.0359462 -0.0170774
internal_weight=548.634 288.397 260.236 86.5953 248.161 201.802 141.253 103.168 12.0758 60.5489 78.525 144.993 7.737
internal_count=3225 1587 1638 528 1579 1059 721 622 59 338 491 957 40
is_linear=0
shrinkage=0.04


Tree=8
num_leaves=14
num_cat=0
split_feature=61 61 44 48 24 25 61 61 3 52 25 43 61
split_gain=114.56 71.3098 34.1071 33.8431 31.5969 22.006 20.3903 22.9518 12.0751 11.475 11.2735 7.75758 7.74635
threshold=0.45435018820196821 0.58348750213999867 0.018639912292042839 -0.25174596399570509 1.0000000180025095e-35 0.50000000000000011 0.48475251348196485 0.53963055539642524 0.0026933617708070506 -0.26332553428807021 0.50000000000000011 0.30850455473458832 0.3899210492123994
decision_type=2 2 2 2 2 2 2 2 2 2 2 2 2
left_child=2 6 3 5 -3 -1 10 -8 -6 -4 -2 -11 -5
right_child=1 4 9 12 8 -7 7 -9 -10 11 -12 -13 -14
leaf_value=0.042169294858108358 0.014747123477228112 -0.06089355491349293 -0.096753648811809548 0.044845138912090077 -0.028618205867263061 -0.001269304076846832 -0.0498579541842184 -0.017437895425357654 0.026425241440334465 0.023962150018803318 -0.022747139425412313 -0.055896001829412442 0.02449251419385904
leaf_weight=23.275117501616478 19.995754718780518 8.2510651946067792 4.4582753330469131 78.942950651049614 7.0111754685640326 94.104237839579582 92.880358144640923 56.007144138216972 70.471189945936203 3.8625246286392194 35.806367859244347 3.9231149107217789 48.18360210955143
leaf_count=155 120 37 19 551 41 560 459 288 450 20 192 20 313
internal_value=0.000102997 -0.0171059 0.0195689 0.0228313 0.0135202 0.00734412 -0.0299335 -0.0376625 0.0214445 -0.0455807 -0.0093117 -0.0162777 0.0371311
internal_weight=547.173 290.423 256.75 244.506 85.7334 117.379 204.69 148.888 77.4824 12.2439 55.8021 7.78564 127.127
internal_count=3225 1587 1638 1579 528 715 1059 747 491 59 312 40 864
is_linear=0
shrinkage=0.04


Tree=9
num_leaves=13
num_cat=0
split_feature=61 61 44 50 25 24 61 61 61 52 3 32
split_gain=106.139 64.3403 31.3916 36.2378 25.0856 24.3652 26.2137 23.3957 14.7863 10.4043 5.69323 3.41656
threshold=0.44863400016820681 0.625537073711668 0.018639912292042839 0.13973037203076424 0.50000000000000011 1.0000000180025095e-35 0.54937409373594048 0.50030476002223578 0.3899210492123994 -0.26332553428807021 0.0025191479879525004 0.050372262429148572
decision_type=2 2 2 2 2 2 2 2 2 2 2 2
left_child=2 5 3 8 -5 7 -7 -2 -1 -4 -3 -12
right_child=1 10 9 4 -6 6 -8 -9 -10 -11 11 -13
leaf_value=0.039887344578124526 -0.0024856154485319083 -0.016133174714167711 -0.090926530437163589 0.048553441040760224 -0.027530661552561789 -0.027669696026274077 0.0020104184151009709 -0.072909984821517212 0.017245714309606957 -0.01413346954975836 0.045673208775835035 0.022416443500466211
leaf_weight=110.73627473413944 10.480302572250364 4.1441140770912162 4.5521669387817383 8.8486752063035947 32.036260694265366 150.94501063227654 69.549887657165527 26.972413495182991 79.124222859740257 7.430720701813696 18.66378016769886 22.043815672397614
leaf_count=768 56 24 19 61 178 791 399 118 509 38 120 144
internal_value=0.000111055 -0.0156859 0.0198174 0.0230955 -0.0110639 -0.0233745 -0.0183078 -0.0532033 0.0304515 -0.0433063 0.0285323 0.0330793
internal_weight=545.528 302.799 242.728 230.745 40.8849 257.948 220.495 37.4527 189.86 11.9829 44.8517 40.7076
internal_count=3225 1652 1573 1516 239 1364 1190 174 1277 57 288 264
is_linear=0
shrinkage=0.04


Tree=10
num_leaves=13
num_cat=0
split_feature=61 61 44 58 59 61 22 21 25 3 49 0
split_gain=98.8009 62.2954 31.5509 31.7324 21.9443 23.2438 18.6321 11.8761 8.35797 5.39769 5.04565 3.22755
threshold=0.45682435605034194 0.625537073711668 0.019001749233974546 -0.29199931184868261 0.56772173819010852 0.54937409373594048 2.6314540544401717 0.0011065593707682002 0.90000000000000013 0.0025191479879525004 0.25481958771368185 28.070833961315802
decision_type=2 2 2 2 2 2 2 2 2 2 2 2
left_child=2 4 3 6 5 -2 -1 -4 -5 -3 -6 -11
right_child=1 9 7 8 10 -7 -8 -9 -10 11 -12 -13
leaf_value=0.0082242534459487197 -0.030265534472386457 -0.015347469639109103 -0.087787621927146592 0.037905293032719438 -0.056989366982469862 -0.0035842064052873908 -0.07178956369659488 0.0026721475199126573 0.011391581068693183 0.0093261831993635344 -0.11738882884206323 0.038027923310211015
leaf_weight=100.56225197017193 158.03719511628151 4.18123835325241 5.9223648458719236 116.89926840364933 4.6882538199424726 78.037364274263382 4.8824822455644599 3.81984543800354 22.720313116908073 7.7899977117776862 4.1913368552923203 32.099342420697212
leaf_count=613 796 24 25 816 25 430 29 20 161 50 22 214
internal_value=0.000117552 -0.0158908 0.0182757 0.0210821 -0.0237676 -0.0214457 0.00451932 -0.052319 0.0335907 0.0278905 -0.0854991 0.0324228
internal_weight=543.831 289.025 254.807 245.064 244.954 236.075 105.445 9.74221 139.62 44.0706 8.87959 39.8893
internal_count=3225 1561 1664 1619 1273 1226 642 45 977 288 47 264
is_linear=0
shrinkage=0.04


Tree=11
num_leaves=14
num_cat=0
split_feature=61 61 44 48 25 24 61 61 52 61 32 61 49
split_gain=91.4935 56.3579 27.3714 31.0591 20.3913 19.9348 25.1089 22.5737 9.46007 7.78045 5.12811 16.1033 3.46338
threshold=0.45435018820196821 0.625537073711668 0.018639912292042839 -0.25174596399570509 0.50000000000000011 1.0000000180025095e-35 0.54937409373594048 0.50030476002223578 -0.22913183116868815 0.3899210492123994 0.37322347453078381 0.64726851137425301 0.36845467758097999
decision_type=2 2 2 2 2 2 2 2 2 2 2 2 2
left_child=2 5 3 4 -1 7 -7 -2 -4 -5 12 -12 -3
right_child=1 10 8 9 -6 6 -8 -9 -10 -11 11 -13 -14
leaf_value=0.041028590024703986 0.0027807289607776446 0.044047174515229291 -0.064828931688771838 0.043634483104583774 -0.0017777932287471633 -0.026924682829862129 0.0022792402573265061 -0.067598567115694286 0.0079269314484589435 0.022628783006944504 -0.06056583718438982 0.032388228971567005 0.0054896394663070938
leaf_weight=22.002900615334511 9.9060265272855741 22.90678492188454 8.1793409287929517 73.014866530895233 93.328888162970543 144.8718478679657 69.800228908658028 27.630277186632156 4.3963436782360068 45.979743406176567 3.971230834722518 11.970021843910216 4.4517421275377265
leaf_count=155 52 153 35 551 560 730 399 118 24 313 25 81 29
internal_value=0.000122929 -0.0148936 0.0180956 0.021181 0.00638877 -0.0221315 -0.0174291 -0.0490251 -0.0393942 0.0355178 0.0272654 0.00923183 0.0377731
internal_weight=542.41 295.508 246.902 234.326 115.332 252.208 214.672 37.5363 12.5757 118.995 43.2998 15.9413 27.3585
internal_count=3225 1587 1638 1579 715 1299 1129 170 59 864 288 106 182
is_linear=0
shrinkage=0.04


Tree=12
num_leaves=13
num_cat=0
split_feature=24 60 22 43 6 14 42 8 0 43 43 45
split_gain=63.2557 30.8763 24.9137 18.0851 15.1333 13.7127 12.8342 19.2945 13.9482 5.81012 10.8549 2.85545
threshold=1.0000000180025095e-35 0.58917061252566139 0.90727259183754472 0.4421125079774107 0.00075595980191425001 0.0024907365883182508 0.00077633948129570871 0.0015376714446984502 77.144714783531967 0.61153972246331145 0.4617693435613755 0.64538073990168188
decision_type=2 2 2 2 2 2 2 2 2 2 2 2
left_child=4 6 3 -3 9 -4 7 -2 -8 10 -1 -6
right_child=1 2 5 -5 11 -7 8 -9 -10 -11 -12 -13
leaf_value=-0.047561606980986659 -0.0068521772454380138 -0.03898807291791518 0.028108132399544003 -0.0016331354200239308 0.033078333351499865 -0.053956590090769287 0.020609567008418362 0.02234212111557584 -0.016857496955946773 -0.014814028387606924 -0.11474511915552568 -0.012864303390934993
leaf_weight=36.340696081519127 115.1085152477026 51.92955718934536 26.617673963308338 34.522988528013229 4.0356484651565534 3.7122011035680762 182.14888662099838 52.851227596402168 17.418107733130455 6.8344732671976081 4.303539663553237 4.6684664189815521
leaf_count=166 698 287 156 186 24 21 1161 344 105 32 20 25
internal_value=0.000128157 0.0047889 -0.0131282 -0.0240712 -0.0400486 0.0180639 0.0104821 0.00233428 0.0173395 -0.0489373 -0.0546752 0.00843692
internal_weight=540.492 484.309 116.782 86.4525 56.1828 30.3299 367.527 167.96 199.567 47.4787 40.6442 8.70411
internal_count=3225 2958 650 473 267 177 2308 1042 1266 218 186 49
is_linear=0
shrinkage=0.04


Tree=13
num_leaves=13
num_cat=0
split_feature=24 52 19 42 23 7 52 20 3 3 48 45
split_gain=57.7449 29.4882 20.7118 15.1115 16.1075 14.7638 14.6085 8.94234 5.72305 6.81221 6.63844 5.01572
threshold=1.0000000180025095e-35 -0.31640378815450887 -2.5790893865789699 0.0013536314987851832 4.0043249329597446 0.00098381408549195028 -0.13129290887154252 0.0028146044294610506 0.0088520936797333531 0.0044525195909519014 -0.22775893336516342 0.64538073990168188
decision_type=2 2 2 2 2 2 2 2 2 2 2 2
left_child=5 3 -3 4 -2 8 -4 -5 9 -1 -10 -7
right_child=1 2 6 7 -6 11 -8 -9 10 -11 -12 -13
leaf_value=-0.035974147358032511 -0.013400879242554058 -0.052792510138113369 0.025077341420180001 -0.013858166545640871 0.0077679851479257132 0.050177434819617936 0.0049666743417772861 -0.093826052491097711 -0.050207797162943803 -0.069304507449052352 0.014274399145653056 -0.016254696404665103
leaf_weight=19.428028717637062 121.22717668116093 7.1182564049959174 134.87309063225985 4.22136242687702 109.42260830104351 3.4426567256450644 101.12387344241142 4.7605230808258057 5.3154903054237366 19.821261703968048 4.9179676175117475 3.854288250207901
leaf_count=90 674 39 915 24 643 22 640 23 23 90 22 20
internal_value=0.00012938 0.00461732 0.0144323 -0.00534036 -0.00335815 -0.0380276 0.01646 -0.0562422 -0.0458602 -0.0528063 -0.0192191 0.0150876
internal_weight=539.527 482.747 243.115 239.632 230.65 56.7797 235.997 8.98189 49.4827 39.2493 10.2335 7.29694
internal_count=3225 2958 1594 1364 1317 267 1555 47 225 180 45 42
is_linear=0
shrinkage=0.04


Tree=14
num_leaves=14
num_cat=0
split_feature=61 61 48 59 61 42 25 24 43 22 32 55 55
split_gain=81.121 51.883 24.4253 18.6355 19.0886 17.4949 20.1942 12.8892 10.2146 7.07278 6.85122 5.25289 2.92344
threshold=0.45682435605034194 0.625537073711668 -0.25174596399570509 0.56772173819010852 0.54937409373594048 0.001491353081897956 0.50000000000000011 1.0000000180025095e-35 0.24938714424740163 1.7884479400195803 -0.34285956570201825 -0.3760063592949206 0.4107000828075556
decision_type=2 2 2 2 2 2 2 2 2 2 2 2 2
left_child=2 3 5 4 -2 6 -1 8 -4 -9 -5 -3 -13
right_child=1 11 7 10 -6 -7 -8 9 -10 -11 -12 12 -14
leaf_value=0.040943044729087483 -0.026734828597842257 -0.0070977724021041768 0.037301075663117571 -0.045133305849411311 -0.0026819133559112807 -0.088825507038560333 -0.0012895709990166802 0.037145298386494878 -0.044168445426411018 0.0074855736572579422 -0.11382839564647876 0.040478419325848253 0.016250513283688036
leaf_weight=22.359250582754612 162.23875957727432 6.2617259025573722 3.9798810184001905 5.1006241887807846 78.253850117325783 3.1478028297424308 95.445742681622505 99.86620107293129 6.4578954130411148 14.766036517918108 4.2655619233846647 24.431587368249893 11.825686797499655
leaf_count=161 796 39 21 25 430 13 571 756 33 109 22 170 79
internal_value=0.000129482 -0.0141131 0.0170556 -0.0210641 -0.0189083 0.00423939 0.00672613 0.02945 -0.0131045 0.0333248 -0.0764185 0.0267335 0.0325762
internal_weight=538.401 292.378 246.023 249.859 240.493 120.953 117.805 125.07 10.4378 114.632 9.36619 42.519 36.2573
internal_count=3225 1561 1664 1273 1226 745 732 919 54 865 47 288 249
is_linear=0
shrinkage=0.04


Tree=15
num_leaves=15
num_cat=0
split_feature=61 61 50 25 25 24 41 59 24 61 32 32 61 49
split_gain=75.3324 45.5969 26.8097 19.8778 24.4313 19.5368 17.1502 15.2293 17.5495 11.6188 6.80399 5.05608 15.0203 3.3732
threshold=0.44863400016820681 0.625537073711668 0.13973037203076424 0.50000000000000011 0.75000000000000011 1.0000000180025095e-35 -0.0001360214760415997 0.56772173819010852 1.0000000180025095e-35 0.39555036643871327 -0.34285956570201825 0.37322347453078381 0.64726851137425301 0.36845467758097999
decision_type=2 2 2 2 2 2 2 2 2 2 2 2 2 2
left_child=2 7 5 -4 -5 6 -1 8 -2 -7 -9 13 -13 -3
right_child=1 11 3 4 -6 9 -8 10 -10 -11 -12 12 -14 -15
leaf_value=-0.072325765002944756 -0.041384008070686588 0.043239932385508849 0.043780669295560244 -0.10653779345062896 -0.010848652282590745 0.036066083080747394 0.014238120092822732 -0.037459662437046064 -0.012462620520215788 0.014530438978060459 -0.10385530799424179 -0.058365065965110964 0.031321069630211903 0.0047334148115990493
leaf_weight=5.9390414059162131 39.693715140223503 21.876827925443653 8.3147802054882032 5.0345543324947348 28.080898746848106 106.54017151147127 9.5511736422777158 5.4976019114255905 217.58195653557777 64.260119274258614 4.4833548218011838 4.0347257256507865 11.514222756028174 4.3664306551218024
leaf_count=29 174 153 62 28 152 807 54 27 1141 441 22 25 81 29
internal_value=0.000133321 -0.0127297 0.0175903 -0.0115129 -0.0253963 0.0240627 -0.018951 -0.0188055 -0.0169247 0.0279637 -0.067284 0.0261238 0.00804882 0.0368331
internal_weight=536.77 309.049 227.721 41.4302 33.1155 186.291 15.4902 267.257 257.276 170.8 9.98096 41.7922 15.5489 26.2433
internal_count=3225 1652 1573 242 180 1331 83 1364 1315 1248 49 288 106 182
is_linear=0
shrinkage=0.04


Tree=16
num_leaves=14
num_cat=0
split_feature=61 61 44 48 24 23 61 61 3 56 39 61 41
split_gain=69.991 44.7134 22.7683 27.3649 20.7724 16.394 16.1111 16.1789 11.2121 9.9093 8.89975 8.06843 6.94569
threshold=0.45682435605034194 0.58348750213999867 0.018639912292042839 -0.25174596399570509 1.0000000180025095e-35 4.0043249329597446 0.48764298391571853 0.53963055539642524 0.0026933617708070506 0.041588258189356943 0.31412027807064319 0.3899210492123994 -0.00011217244257440601
decision_type=2 2 2 2 2 2 2 2 2 2 2 2 2
left_child=2 6 3 5 -3 -1 9 -8 -6 -2 -4 -5 -12
right_child=1 4 10 11 8 -7 7 -9 -10 -11 12 -13 -14
leaf_value=-0.010358652308637736 -0.020782119821847082 -0.045697658205370327 -0.081033950644426159 0.042244298597272127 -0.029131300808849826 0.019678212163547901 -0.039720522686656809 -0.012892757925489079 0.024248885661476982 0.011658977778545757 -0.045464383645517928 0.020202467150068858 0.027543674375055716
leaf_weight=54.723381958901882 31.137789562344551 8.8530331850051862 4.490304857492446 66.01086287945509 6.9571756124496451 62.026802659034729 94.463267460465431 58.080540299415588 66.223198816180229 29.185757458209991 4.4468812942504874 44.473091900348663 3.925364062190055
leaf_count=335 166 37 20 551 41 398 433 288 450 146 20 320 20
internal_value=0.000137691 -0.0129168 0.016172 0.0191026 0.0121731 0.00559927 -0.0225858 -0.0295059 0.0191741 -0.00508646 -0.0356013 0.0333718 -0.0112342
internal_weight=534.997 294.901 240.097 227.234 82.0334 116.75 212.867 152.544 73.1804 60.3235 12.8626 110.484 8.37225
internal_count=3225 1561 1664 1604 528 733 1033 721 491 312 60 871 40
is_linear=0
shrinkage=0.04


Tree=17
num_leaves=15
num_cat=0
split_feature=61 61 50 25 25 24 22 41 24 61 61 24 9 19
split_gain=64.9001 40.1136 24.7699 18.3515 21.1341 17.465 18.7315 14.9054 13.1578 19.103 17.6596 3.60239 7.00431 1.77021
threshold=0.44863400016820681 0.64319662292269875 0.13973037203076424 0.50000000000000011 0.75000000000000011 1.0000000180025095e-35 2.6314540544401717 -0.0001360214760415997 1.0000000180025095e-35 0.54937409373594048 0.50030476002223578 0.024999999999958254 0.0010142422241166055 -1.3522182246012611
decision_type=2 2 2 2 2 2 2 2 2 2 2 2 2 2
left_child=2 8 5 -4 -5 7 -7 -1 10 -10 -2 12 -3 -13
right_child=1 11 3 4 -6 6 -8 -9 9 -11 -12 13 -14 -15
leaf_value=-0.066653736239111736 0.0051566376080545663 -0.02887431767973786 0.043269585081544631 -0.097554610554285603 -0.010434490339131677 0.030336392817189611 -0.025912087020778123 0.013797393763197588 -0.020741270696127252 0.0031716273798718456 -0.053544256905684727 0.022869159775012061 0.047453738747359503 0.047835785936877595
leaf_weight=6.0329307168722144 11.341181650757788 3.8899382054805782 7.9884678423404685 5.2914731949567786 28.189711049199104 154.79577987641096 10.090121313929556 9.4663106799125654 160.03965531289577 80.255537018179893 29.605132043361664 6.3840731605887457 3.8054271563887596 15.763688579201695
leaf_count=29 56 23 62 28 152 1179 69 54 791 468 121 47 29 117
internal_value=0.000140783 -0.0116472 0.0166699 -0.0112057 -0.0242032 0.0230783 0.0268943 -0.0175174 -0.0163261 -0.0127547 -0.0372855 0.0324473 0.00887059 0.0406392
internal_weight=532.939 311.085 221.855 41.4697 33.4812 180.385 164.886 15.4992 281.242 240.295 40.9463 29.8431 7.69537 22.1478
internal_count=3225 1652 1573 242 180 1331 1248 83 1436 1259 177 216 52 164
is_linear=0
shrinkage=0.04


Tree=18
num_leaves=15
num_cat=0
split_feature=61 61 57 42 61 61 4 61 23 37 20 61 56 53
split_gain=60.6021 38.7349 21.7064 21.5593 13.211 13.1079 27.762 23.1716 4.64805 8.11751 3.61163 5.22663 2.25662 0.000624607
threshold=0.45682435605034194 0.64319662292269875 0.28250263061409819 0.001491353081897956 0.37528775098988726 0.54937409373594048 1.0000000180025095e-35 0.49906527478722357 2.1425882372005467 -0.26459877497678891 0.0026513590709792505 0.69199174220727755 0.018002291295223957 -0.045613881368638517
decision_type=2 2 2 2 2 2 2 2 2 2 2 2 2 2
left_child=2 5 8 4 -4 7 -7 -2 9 -1 11 -3 -10 -12
right_child=1 10 3 -5 -6 6 -8 -9 12 -11 13 -13 -14 -15
leaf_value=-0.034462634248405156 -0.0081513442589506609 -0.002958931354807774 0.025526191446932644 -0.056926468570247808 0.0016274559028640187 -0.020767852192832163 0.024473421193653228 -0.037488778310992482 0.044888459609896625 0.029928878270351695 0.047158951084336972 0.043555823194944117 0.019771214398591159 0.046616811195801217
leaf_weight=3.758417189121249 83.846907287836075 8.3020008429884928 59.638274803757668 7.923865169286727 97.533472046256065 61.124717012047768 33.649013951420784 88.585957691073418 40.1238172352314 18.808192826807499 7.1952852606773376 7.2320744693279257 6.6752747520804396 6.4465830549597722
leaf_count=27 416 58 443 36 629 329 199 401 327 153 56 49 49 53
internal_value=0.000143842 -0.0118769 0.0153392 0.00745018 0.0106957 -0.0166552 -0.00470513 -0.0232232 0.0341157 0.0192046 0.031885 0.0186966 0.0413058 0.0469028
internal_weight=530.844 296.383 234.461 165.096 157.172 267.207 94.7737 172.433 69.3657 22.5666 29.1759 15.5341 46.7991 13.6419
internal_count=3225 1561 1664 1108 1072 1345 528 817 556 180 216 107 376 109
is_linear=0
shrinkage=0.04


Tree=19
num_leaves=15
num_cat=0
split_feature=61 61 52 44 25 59 61 43 32 61 32 61 23 55
split_gain=56.1678 36.028 20.8317 24.6709 19.8256 14.4905 13.3711 7.8971 5.17333 13.2009 4.93876 4.57701 5.15815 3.86688
threshold=0.45682435605034194 0.625537073711668 -0.19620155910499551 0.018639912292042839 0.50000000000000011 0.56772173819010852 0.53963055539642524 0.24938714424740163 0.37322347453078381 0.64726851137425301 -0.34285956570201825 0.39555036643871327 2.1425882372005467 0.41687577061903563
decision_type=2 2 2 2 2 2 2 2 2 2 2 2 2 2
left_child=2 5 3 4 -1 6 -2 -5 13 -10 -7 -4 -13 -3
right_child=1 8 11 7 -6 10 -8 -9 9 -11 -12 12 -14 -15
leaf_value=0.037578595325004877 -0.022142361950580943 0.04242739563685255 0.046074704961753483 -0.0095729128736214229 0.0044117834390237616 -0.037606979417844688 -0.0029760769975518569 -0.080120705054705837 -0.055139317255731929 0.029113928232912797 -0.093774177961910482 -0.00093939484010776512 0.03713186674012036 -0.00067989141374339204
leaf_weight=37.245078459382057 154.09353855252266 20.664460182189945 31.842850506305695 4.2909977287054044 127.72452799230814 5.3575568944215775 93.62267005443573 6.217052236199379 4.1315165609121314 10.633309908211229 4.7040754407644254 9.0323721319437045 15.405963517725466 3.9689970910549155
leaf_count=294 726 154 282 20 858 25 500 26 25 81 22 67 117 28
internal_value=0.000145991 -0.011365 0.0149062 0.00811453 0.0118998 -0.0168099 -0.0148986 -0.0513123 0.0242602 0.00553805 -0.0638666 0.0360816 0.0230608 0.0354819
internal_weight=528.935 297.176 231.759 175.478 164.97 257.778 247.716 10.508 39.3983 14.7648 10.0616 56.2812 24.4383 24.6335
internal_count=3225 1561 1664 1198 1152 1273 1226 46 288 106 47 466 184 182
is_linear=0
shrinkage=0.04


Tree=20
num_leaves=13
num_cat=0
split_feature=24 57 22 43 7 42 7 15 6 54 9 45
split_gain=37.0443 21.0774 19.3873 19.061 10.9395 10.8776 21.3659 14.9934 8.80134 5.06036 7.05114 4.56028
threshold=1.0000000180025095e-35 0.40120075153881513 1.0791954424062469 0.4421125079774107 0.00098381408549195028 0.00077633948129570871 -0.00051076503191209985 0.005796200598863801 0.0012333604303739001 0.12714398195792895 0.00094336908225172756 0.64538073990168188
decision_type=2 2 2 2 2 2 2 2 2 2 2 2
left_child=4 5 3 -3 9 6 -2 -7 -4 10 -1 -6
right_child=1 2 8 -5 11 7 -8 -9 -10 -11 -12 -13
leaf_value=-0.080719324712813095 -0.02097410489358123 -0.033927422072910281 0.033537661504926528 0.002492297001396279 0.050192049272312897 0.01832363193613297 0.010690860910034799 -0.027182686305558201 -0.031262326890572602 0.0020890601801458243 -0.034498999952316728 -0.013397088232574341
leaf_weight=6.0851044803857794 48.660485632717609 55.277841478586197 19.010823808610443 39.367876827716827 3.3554182499647132 176.18385792523623 113.89805915206671 12.399803310632704 4.0719896852970114 4.9155946820974341 39.962248831987381 3.9038244783878326
leaf_count=26 291 301 114 211 22 1191 752 75 23 20 179 20
internal_value=0.000147655 0.00388441 -0.0107624 -0.0187786 -0.0299449 0.00879509 0.00121223 0.0153315 0.0221064 -0.0364887 -0.040607 0.0159955
internal_weight=527.093 468.871 117.729 94.6457 58.2222 351.142 162.559 188.584 23.0828 50.9629 46.0474 7.25924
internal_count=3225 2958 649 512 267 2309 1043 1266 137 225 205 42
is_linear=0
shrinkage=0.04


Tree=21
num_leaves=13
num_cat=0
split_feature=59 25 9 57 19 43 32 14 44 53 44 52
split_gain=22.7602 21.2324 16.1239 18.3567 14.1762 12.2466 14.0821 13.3888 11.1295 9.97946 7.29875 7.19372
threshold=0.2768959309917382 0.90000000000000013 0.0013068494657117547 0.40279746723687015 -2.5790893865789699 0.35215085349429337 -0.23980942841741926 0.00077195778026480013 0.018597681285765662 -0.0024875177354983656 0.018420205841171943 -0.18962682828780852
decision_type=2 2 2 2 2 2 2 2 2 2 2 2
left_child=4 5 10 -4 -1 7 -7 -2 9 -6 -3 -10
right_child=1 2 3 -5 8 6 -8 -9 11 -11 -12 -13
leaf_value=-0.048039001416902288 -0.033124739512332579 -0.016675892375526597 0.0096833708398166296 -0.10167664913972875 0.017767298636952145 0.012141812314573498 -0.017830932727234877 -0.0025041708672497642 -0.035048045921257015 0.00078513845093326155 0.034311237765253459 0.025210381812878629
leaf_weight=6.9761278778314582 72.67575665563345 5.1982078403234473 6.8955818116664869 3.6074379310011864 161.2966336235404 46.478573933243752 54.47641084343195 33.323358058929443 13.529485516250135 84.303109049797058 33.068768635392189 4.1397501006722441
leaf_count=38 378 30 44 20 1121 255 297 182 61 569 206 24
internal_value=0.00014665 -0.00840718 0.0153358 -0.0285651 0.00824086 -0.0140024 -0.00403181 -0.0234984 0.00973217 0.0119381 0.0273851 -0.02093
internal_weight=525.969 255.724 48.77 10.503 270.245 206.954 100.955 105.999 263.269 245.6 38.267 17.6692
internal_count=3225 1412 300 64 1813 1112 552 560 1775 1690 236 85
is_linear=0
shrinkage=0.04


Tree=22
num_leaves=15
num_cat=0
split_feature=61 61 61 61 25 41 23 42 48 3 57 24 9 19
split_gain=51.304 26.9295 24.0547 24.0858 22.8826 17.0346 14.3855 10.5025 10.1475 9.7927 6.86601 3.48381 6.40825 1.81633
threshold=0.39555036643871327 0.64319662292269875 0.48475251348196485 0.53963055539642524 0.50000000000000011 -6.5986626061912776e-05 8.3182740903029622 0.0015571292526087841 -0.39737505820549568 0.0050438628816220502 0.40279746723687015 0.024999999999958254 0.0010142422241166055 -1.3522182246012611
decision_type=2 2 2 2 2 2 2 2 2 2 2 2 2 2
left_child=5 2 4 -4 -2 6 8 10 -1 -8 -7 12 -3 -13
right_child=1 11 3 -5 -6 7 9 -9 -10 -11 -12 13 -14 -15
leaf_value=-0.017837233730873571 0.023412698682565531 -0.027800097468871316 -0.032293026162783997 -0.0054245104554968135 -0.0086869780479347271 0.040610517726488188 0.015927461486496323 -0.049378437211189709 0.036422230465925985 -0.043181470863496524 -0.0046575972949282618 0.02098352399490111 0.046672580325644926 0.047038290623355045
leaf_weight=7.481381073594096 53.564543709158897 3.9063295274972942 103.40239991247654 110.35082299262285 105.54849129170179 67.904530063271523 6.9266757741570499 2.3210969269275656 20.979325823485851 12.719445489346979 5.8204320073127738 6.0553679689765021 3.5096685662865639 14.609293155372139
leaf_count=47 360 23 459 600 615 588 47 15 168 71 39 47 29 117
internal_value=0.00014578 -0.00681166 -0.0096565 -0.0184221 0.0021192 0.0226146 0.00398585 0.0343991 0.0221592 -0.0223413 0.0370367 0.0309632 0.00744457 0.0394035
internal_weight=525.1 400.947 372.866 213.753 159.113 124.153 48.1068 76.0461 28.4607 19.6461 73.725 28.0807 7.416 20.6647
internal_count=3225 2250 2034 1059 975 975 333 642 215 118 627 216 52 164
is_linear=0
shrinkage=0.04


Tree=23
num_leaves=15
num_cat=0
split_feature=61 61 61 61 25 41 37 23 21 57 22 20 45 53
split_gain=47.9936 25.1558 21.9842 21.8616 21.3174 16.3718 13.882 14.5258 6.99352 6.5343 6.00952 3.55917 4.97663 0.00112475
threshold=0.39555036643871327 0.64319662292269875 0.48475251348196485 0.53963055539642524 0.50000000000000011 -6.5986626061912776e-05 -0.24630241274711276 8.3182740903029622 0.0057553500534354004 0.40279746723687015 2.4941708817845822 0.0026513590709792505 0.61728524353318026 -0.045613881368638517
decision_type=2 2 2 2 2 2 2 2 2 2 2 2 2 2
left_child=5 2 4 -4 -2 6 10 -8 9 -7 -1 12 -3 -13
right_child=1 11 3 -5 -6 8 7 -9 -10 -11 -12 13 -14 -15
leaf_value=0.027650557217913759 0.022804948705704622 0.038440405488557275 -0.030717640219897629 -0.0051943860380663145 -0.0083007542782422648 0.039697027087842722 0.0064281602362829407 -0.064479492331160015 -0.034256717773870786 -0.0044586072052689623 -0.033053136710566117 0.046508687939017468 -0.007910174652513079 0.045748423718991557
leaf_weight=25.728348262608055 52.80789589881897 8.1029325723648089 104.33748134970665 110.62434093654156 106.03104513883591 65.972436524927616 11.326174296438696 7.80987824499607 2.3334222733974448 5.8366538211703292 2.9038343504071227 6.7141389474272728 6.8307799994945517 5.8057326972484571
leaf_count=185 360 60 459 600 615 586 86 43 17 39 19 56 47 53
internal_value=0.000148014 -0.00652994 -0.00924418 -0.0175828 0.00204071 0.0221277 0.00386558 -0.0225109 0.0338935 0.0361081 0.0214941 0.0304265 0.0172393 0.0461561
internal_weight=523.165 401.254 373.801 214.962 158.839 121.911 47.7682 19.1361 74.1425 71.8091 28.6322 27.4536 14.9337 12.5199
internal_count=3225 2250 2034 1059 975 975 333 129 642 625 204 216 107 109
is_linear=0
shrinkage=0.04


Tree=24
num_leaves=14
num_cat=0
split_feature=61 61 61 61 25 44 47 1 42 37 20 61 53
split_gain=44.8788 23.4932 20.1053 19.8736 19.858 16.592 22.2563 16.0852 4.20582 3.69679 3.52504 4.98509 0.000979449
threshold=0.39555036643871327 0.64319662292269875 0.48475251348196485 0.53963055539642524 0.50000000000000011 0.018597681285765662 -0.39422092027287842 -37.025672743668103 0.00073261406138713455 -0.28064617084686383 0.0026513590709792505 0.69199174220727755 -0.045613881368638517
decision_type=2 2 2 2 2 2 2 2 2 2 2 2 2
left_child=5 2 4 -4 -2 6 7 -1 -8 -7 11 -3 -12
right_child=1 10 3 -5 -6 9 8 -9 -10 -11 12 -13 -14
leaf_value=-0.053661963059293105 0.022208057602892618 -0.0045016135947659828 -0.029244955218699662 -0.0049746068197300385 -0.0079335410042619264 0.0039833023277531052 0.024707477077845645 0.013673580729012329 0.044933396593825274 -0.044764111114363347 0.046213274559461094 0.042175820423220517 0.045491598902364504
leaf_weight=7.2035376876592627 52.07323457300663 8.0389236509799975 105.18989264965057 110.88582121580839 106.49162985384464 4.0157249122858047 24.294352352619171 26.770881488919258 50.942291095852852 6.5474362224340421 6.4912757277488708 6.7218808531761161 5.6089409217238408
leaf_count=44 360 58 459 600 615 19 219 182 479 32 56 49 53
internal_value=0.000149295 -0.0062611 -0.00885194 -0.0167899 0.00196506 0.0216379 0.026268 -0.000603459 0.0384023 -0.0262321 0.0298743 0.0167547 0.0458787
internal_weight=521.276 401.502 374.641 216.076 158.565 119.774 109.211 33.9744 75.2366 10.5632 26.861 14.7608 12.1002
internal_count=3225 2250 2034 1059 975 975 924 226 698 51 216 107 109
is_linear=0
shrinkage=0.04


Tree=25
num_leaves=14
num_cat=0
split_feature=61 61 61 25 61 44 47 1 42 52 43 5 44
split_gain=41.9875 21.9437 18.3981 18.497 18.0916 15.5822 21.5271 14.4922 4.21753 3.03712 2.66894 4.08115 0.0138729
threshold=0.39555036643871327 0.64319662292269875 0.48475251348196485 0.50000000000000011 0.53963055539642524 0.018597681285765662 -0.39422092027287842 -37.025672743668103 0.00073261406138713455 -0.26332553428807021 0.27355081231562756 1.0000000180025095e-35 0.018425254781498122
decision_type=2 2 2 2 2 2 2 2 2 2 2 2 2
left_child=5 2 3 -2 -4 6 7 -1 -8 -7 11 -3 -12
right_child=1 10 4 -5 -6 9 8 -9 -10 -11 12 -13 -14
leaf_value=-0.050003803540007143 0.021621844129962403 0.029597365590473622 -0.027865053752152372 -0.0075842284309690531 -0.0047646554356991777 -0.051124935072256926 0.024165678912705237 0.013241178048137405 0.044657754515103697 -0.0074618645065563892 0.049156134716173673 -0.019744816329091336 0.045774472911352511
leaf_weight=7.4167315810918799 51.360300287604332 13.841585636138921 105.96660371124744 106.93133743852377 111.13583237677813 4.2844048887491226 23.854484736919403 26.543993130326271 49.240816093981266 6.2924262359738332 2.8018969595432264 3.3266349211335173 6.3173347190022469
leaf_count=44 360 116 459 615 600 19 219 182 479 32 20 22 58
internal_value=0.000150539 -0.00600446 -0.00847849 0.00189216 -0.0160398 0.0211681 0.025744 -0.000570985 0.0379702 -0.0251487 0.0293255 0.0200365 0.0468135
internal_weight=519.314 401.682 375.394 158.292 217.102 117.633 107.056 33.9607 73.0953 10.5768 26.2875 17.1682 9.11923
internal_count=3225 2250 2034 975 1059 975 924 226 698 51 216 138 78
is_linear=0
shrinkage=0.04


Tree=26
num_leaves=15
num_cat=0
split_feature=61 61 61 25 61 57 44 23 39 23 53 20 61 53
split_gain=39.2894 20.4962 16.8452 17.2276 16.4902 15.0342 21.1436 15.3173 6.70417 6.41936 3.74058 3.54199 4.81014 0.000809438
threshold=0.39555036643871327 0.64319662292269875 0.48475251348196485 0.50000000000000011 0.53963055539642524 0.40279746723687015 0.018597681285765662 4.7491780250074003 0.68458128743179214 9.9930825057466048 -0.032124833007187097 0.0026513590709792505 0.69199174220727755 -0.045613881368638517
decision_type=2 2 2 2 2 2 2 2 2 2 2 2 2 2
left_child=5 2 3 -2 -4 6 9 -7 -9 -1 -8 12 -3 -13
right_child=1 11 4 -5 -6 7 10 8 -10 -11 -12 13 -14 -15
leaf_value=0.038481034051112542 0.021046156856671078 -0.0052582954379792827 -0.026569335945439889 -0.0072517897384448702 -0.0045640458125219777 -0.065141403085641522 -0.058102035182728669 -0.017001228700444786 0.043285232268755428 0.010992021474118208 -0.0083213916520424504 0.045741504771334686 0.041337724694214123 0.045065249232758793
leaf_weight=70.751948580145836 50.66879814863205 7.9371092766523379 106.67399686574936 107.35119979083538 111.37491285055876 5.9989849030971554 3.9710602685809135 5.8619742542505247 5.9441197738051414 16.824499420821667 6.1638406217098218 6.1204115673899651 6.4053100347518921 5.2706797644495946
leaf_count=669 360 58 459 615 600 31 19 38 41 147 30 56 49 53
internal_value=0.0001512 -0.00575944 -0.00812267 0.00182189 -0.0153295 0.0207103 0.0268702 -0.0130946 0.0133517 0.0332001 -0.0278265 0.0287767 0.0155514 0.0454286
internal_weight=517.319 401.802 376.069 158.02 218.049 115.516 97.7113 17.8051 11.8061 87.5764 10.1349 25.7335 14.3424 11.3911
internal_count=3225 2250 2034 975 1059 975 865 110 79 816 49 216 107 109
is_linear=0
shrinkage=0.04


Tree=27
num_leaves=15
num_cat=0
split_feature=61 61 61 25 61 41 31 23 42 51 22 20 45 53
split_gain=36.7697 19.1517 15.5044 16.3222 16.2258 14.5365 12.3665 12.2363 9.49458 7.27671 6.30227 3.50565 4.78272 0.000706445
threshold=0.39555036643871327 0.64319662292269875 0.48764298391571853 0.50000000000000011 0.53963055539642524 -6.5986626061912776e-05 -0.7389072382413383 8.3182740903029622 0.0015571292526087841 -0.11615302700700335 2.7523414310460219 0.0026513590709792505 0.61728524353318026 -0.045613881368638517
decision_type=2 2 2 2 2 2 2 2 2 2 2 2 2 2
left_child=5 2 3 -2 -4 6 10 -8 9 -7 -1 12 -3 -13
right_child=1 11 4 -5 -6 8 7 -9 -10 -11 -12 13 -14 -15
leaf_value=0.026442737902876396 0.019745308484959586 0.036917682781762398 -0.026476387082125519 -0.0072593431985046378 -0.0043723197622777448 -0.024012122099156832 0.0050459948473431295 -0.060763864451894002 -0.047216119726878468 0.037945272822701243 -0.037649666639904912 0.045485110859308814 -0.0096201216352501014 0.04484224016675048
leaf_weight=24.588911391794685 52.933743089437485 7.5373395085334796 101.4233091622591 110.71145906299353 111.60357352346182 3.1890289261937133 10.909784741699697 7.7189102321863166 2.3327704593539229 61.979152463376522 2.7269673720002165 5.9129035845398903 6.6512761563062668 5.0886886417865735
leaf_count=187 373 60 433 628 600 21 86 43 15 606 17 56 47 53
internal_value=0.000151887 -0.00552522 -0.0077834 0.00147576 -0.0148962 0.0202621 0.00290673 -0.0222227 0.032075 0.0349134 0.0200443 0.0282416 0.0151019 0.0451878
internal_weight=515.308 401.862 376.672 163.645 213.027 113.446 45.9446 18.6287 67.501 65.1682 27.3159 25.1902 14.1886 11.0016
internal_count=3225 2250 2034 1001 1033 975 333 129 642 627 204 216 107 109
is_linear=0
shrinkage=0.04


Tree=28
num_leaves=14
num_cat=0
split_feature=24 57 22 43 22 9 52 7 6 3 15 3 45
split_gain=28.8469 14.1687 16.0672 17.1846 9.0989 20.3688 9.54048 8.78876 8.01769 5.34805 9.00425 6.26431 2.57572
threshold=1.0000000180025095e-35 0.40120075153881513 1.0791954424062469 0.4421125079774107 2.6314540544401717 0.0010337831479628721 -0.13129290887154252 0.00098381408549195028 0.0012333604303739001 0.0088520936797333531 -0.0036664812252398997 0.0044525195909519014 0.66695626447593603
decision_type=2 2 2 2 2 2 2 2 2 2 2 2 2
left_child=7 4 3 -3 6 -6 -2 9 -4 11 -11 -1 -9
right_child=1 2 8 -5 5 -7 -8 12 -10 10 -12 -13 -14
leaf_value=-0.023001005360311529 0.013480381883611971 -0.029596083387295937 0.033271646782196795 0.0046799949417991706 0.036458934432919796 -0.06579433146917632 -0.0015543064125106323 0.039991616257042097 -0.028764681116974972 -0.041763291620375717 0.033756304154715075 -0.054556427475997003 -0.0085592286112894395
leaf_weight=19.92826634645462 227.92352334409952 56.675989747047424 18.462881691753868 39.864827081561089 5.1780754774808866 7.830593466758728 95.963381484150887 3.4585475325584403 4.0677119418978682 5.4016278982162476 4.7451818436384183 20.338839121162891 3.535634845495224
leaf_count=90 1568 301 114 211 33 51 657 24 23 23 22 90 18
internal_value=0.00015201 0.00351644 -0.00834404 -0.0154424 0.00770838 -0.0250926 0.0090258 -0.0265702 0.0220715 -0.0323997 -0.00644636 -0.0389396 0.0154486
internal_weight=513.375 455.967 119.071 96.5408 336.896 13.0087 323.887 57.4081 22.5306 50.4139 10.1468 40.2671 6.99418
internal_count=3225 2958 649 512 2309 84 2225 267 137 225 45 180 42
is_linear=0
shrinkage=0.04


Tree=29
num_leaves=15
num_cat=0
split_feature=61 61 57 44 22 61 61 58 22 3 53 24 9 19
split_gain=34.2217 18.0718 14.0639 18.3966 14.11 13.9493 13.1519 13.0422 16.9576 12.811 3.47442 3.37743 5.79457 1.95568
threshold=0.39555036643871327 0.64319662292269875 0.40279746723687015 0.018597681285765662 2.7523414310460219 0.48272949973624296 0.53963055539642524 -0.33716489030872815 0.20696162833744772 0.0057003506134330013 -0.032124833007187097 0.024999999999958254 0.0010142422241166055 -1.3522182246012611
decision_type=2 2 2 2 2 2 2 2 2 2 2 2 2 2
left_child=2 5 3 4 -1 9 -7 -4 -9 -2 -5 12 -3 -13
right_child=1 11 7 10 -6 6 -8 8 -10 -11 -12 13 -14 -15
leaf_value=0.036670132134850292 -0.005423910813066363 -0.0286345440196017 0.036486394832451953 -0.054696539223869016 -0.028489043960474074 -0.023430089983153372 -0.0040684279570361286 -0.081046899923174862 0.01429496174917263 0.020318331300109342 -0.0064061439875424623 0.016935527640366908 0.045506310140976849 0.045737178025005293
leaf_weight=77.47692433744669 108.81615618616343 3.8359084948897388 5.7948533147573498 3.8901840448379517 5.7091652974486342 112.82529690861702 111.71461348980665 6.4019196406006795 5.5920325890183449 43.217291548848152 6.1564718559384328 5.412201471626763 3.0102802067995071 12.447675488889214
leaf_count=773 676 23 40 19 43 485 600 33 37 273 30 47 29 117
internal_value=0.000149812 -0.00528806 0.0198046 0.0260233 0.0321982 -0.00746233 -0.0137971 -0.0127881 -0.0365949 0.00189362 -0.0251048 0.0278526 0.00396531 0.0370092
internal_weight=512.301 401.279 111.022 93.2327 83.1861 376.573 224.54 17.7888 11.994 152.033 10.0467 24.7061 6.84619 17.8599
internal_count=3225 2250 975 865 816 2034 1085 110 70 949 49 216 52 164
is_linear=0
shrinkage=0.04


Tree=30
num_leaves=13
num_cat=0
split_feature=61 61 47 61 25 61 22 22 50 20 61 53
split_gain=32.0424 16.9025 13.6489 12.8871 15.3899 13.8088 10.7201 14.7674 7.88528 3.4015 4.56106 0.000683177
threshold=0.39555036643871327 0.64319662292269875 -0.40227456798935773 0.48764298391571853 0.50000000000000011 0.53815534957436173 2.6314540544401717 2.999122772830547 0.14143842676701243 0.0026513590709792505 0.69199174220727755 -0.045613881368638517
decision_type=2 2 2 2 2 2 2 2 2 2 2 2
left_child=2 3 -1 4 -2 -5 8 -8 -4 10 -3 -11
right_child=1 9 6 5 -6 -7 7 -9 -10 11 -12 -13
leaf_value=-0.039273404429151879 0.019237213136244612 -0.0057759492324688582 0.030997879729824082 -0.024508764292734991 -0.0071103647916438972 -0.0041455167391233356 -0.092625616588701401 0.021837015123945404 -0.0025045768054702488 0.04507460319676098 0.040464260337986273 0.044420791314417632
leaf_weight=5.9983453974127761 52.179588362574577 7.8115444928407687 82.435457818210125 99.45769776403904 110.77343475073576 114.76422158628702 2.9661521166563025 4.6005368158221245 13.015127889811991 5.5641492828726768 6.0615155249834061 4.7315695360302907
leaf_count=35 373 58 803 421 628 612 17 36 84 56 49 53
internal_value=0.000150516 -0.00507309 0.0193814 -0.00715104 0.00132646 -0.0135996 0.0227966 -0.0230325 0.0264297 0.027355 0.0144277 0.0447741
internal_weight=510.359 401.344 109.016 377.175 162.953 214.222 103.017 7.56669 95.4506 24.1688 13.8731 10.2957
internal_count=3225 2250 975 2034 1001 1033 940 53 887 216 107 109
is_linear=0
shrinkage=0.04


Tree=31
num_leaves=15
num_cat=0
split_feature=61 61 41 61 25 54 31 48 42 51 47 20 61 53
split_gain=29.9056 15.8012 13.2442 11.8204 14.3104 13.148 11.2632 10.9267 8.34751 6.65014 4.42985 3.36497 4.35581 0.000597471
threshold=0.39555036643871327 0.64319662292269875 -6.5986626061912776e-05 0.48764298391571853 0.50000000000000011 -0.060645557135702195 -0.7389072382413383 -0.18020415907340401 0.0015571292526087841 -0.11615302700700335 -0.40131854303499198 0.0026513590709792505 0.69199174220727755 -0.045613881368638517
decision_type=2 2 2 2 2 2 2 2 2 2 2 2 2 2
left_child=2 3 6 4 -2 -5 10 -8 9 -4 -1 12 -3 -13
right_child=1 11 8 5 -6 -7 7 -9 -10 -11 -12 13 -14 -15
leaf_value=-0.0170932802406236 0.018695131362613773 -0.0055249098888687101 -0.022115959009179988 -0.038172461872680662 -0.006801059944471991 -0.0091228396327497057 -0.035648894976280023 0.04726818325097637 -0.042902130362531016 0.036791994006698754 0.026445693859577797 0.044851250898054015 0.039995769723423585 0.044228883362957411
leaf_weight=4.5111681073904064 51.557684101164341 7.8392460495233554 3.2400452718138686 28.784271061420441 111.17053858935833 186.10409340262413 15.270207904279234 3.050883673131465 2.369660645723342 57.152382105588913 21.843062520027161 5.3720598220825195 5.8906814754009247 4.5653686299920064
leaf_count=26 373 58 21 145 628 888 99 30 15 606 178 56 49 53
internal_value=0.000149806 -0.00486839 0.018893 -0.00685554 0.00127698 -0.013014 0.00224706 -0.0218413 0.030742 0.0336316 0.0189929 0.0268368 0.0140053 0.0445653
internal_weight=508.721 401.284 107.437 377.617 162.728 214.888 44.6753 18.3211 62.7621 60.3924 26.3542 23.6674 13.7299 9.93743
internal_count=3225 2250 975 2034 1001 1033 333 129 642 627 204 216 107 109
is_linear=0
shrinkage=0.04


Tree=32
num_leaves=14
num_cat=0
split_feature=61 24 61 22 44 60 61 42 43 42 4 27 55
split_gain=28.0595 16.9954 15.4788 12.8039 14.4251 16.076 12.7828 12.5875 12.2615 9.89085 9.23846 10.7864 3.93717
threshold=0.38390433719255823 1.0000000180025095e-35 0.64319662292269875 2.076543273080397 0.02269991304239485 0.58081346602998751 0.50030476002223578 0.00060879455684208596 0.46698704142161923 0.0013833906416946123 1.0000000180025095e-35 -1.6516128061351079 -0.38066622390826538
decision_type=2 2 2 2 2 2 2 2 2 2 2 2 2
left_child=3 6 9 4 5 -1 8 -8 -2 -3 11 -5 -4
right_child=1 2 12 10 -6 -7 7 -9 -10 -11 -12 -13 -14
leaf_value=0.039736176408319758 0.022731207204685543 -0.0022916116651474443 -0.0065747557201219498 -0.0025390394157239725 -0.032893818928371177 -0.0096312596247670954 0.0068307134742650842 -0.055159778283844552 -0.048662660530296088 -0.046645778702560085 0.034726896167064231 -0.096808046906062151 0.038853683295965967
leaf_weight=59.984691694378853 12.373689964413645 337.59457197040319 3.6633554399013546 4.5075222477316856 6.1191838681697837 12.807364478707312 6.6725074052810696 24.428195789456367 5.5867335051298133 8.2405936196446401 3.5201840549707413 3.4121676087379438 18.304412491619587
leaf_count=655 70 1901 28 29 28 80 27 99 30 42 32 21 183
internal_value=0.000149866 -0.00423013 -0.00128035 0.0203584 0.0260917 0.0310502 -0.0263441 -0.04186 0.000523573 -0.00334849 -0.0191895 -0.0431545 0.031278
internal_weight=507.215 416.864 367.803 90.3511 78.9112 72.7921 49.0611 31.1007 17.9604 345.835 11.4399 7.91969 21.9678
internal_count=3225 2380 2154 845 763 735 226 126 100 1943 82 50 211
is_linear=0
shrinkage=0.04


Tree=33
num_leaves=15
num_cat=0
split_feature=61 61 41 61 25 61 31 59 42 51 10 20 45 53
split_gain=26.32 13.7761 12.3966 10.5509 13.3536 11.5085 10.2723 10.0695 7.48903 6.25644 4.13186 3.34293 4.52827 0.000450195
threshold=0.39555036643871327 0.64319662292269875 -6.5986626061912776e-05 0.48272949973624296 0.50000000000000011 0.54937409373594048 -0.7389072382413383 0.16381651502100811 0.0015571292526087841 -0.11615302700700335 0.0013056178482837002 0.0026513590709792505 0.61728524353318026 -0.045613881368638517
decision_type=2 2 2 2 2 2 2 2 2 2 2 2 2 2
left_child=2 3 6 4 -2 -5 10 -8 9 -4 -1 12 -3 -13
right_child=1 11 8 5 -6 -7 7 -9 -10 -11 -12 13 -14 -15
leaf_value=0.023404550669674302 0.019671811073630776 0.035431540259589341 -0.020800309437337187 -0.019572345606993131 -0.0060486106568242697 -0.0013766336263260151 0.047702654534741436 -0.033769141522209105 -0.03917569779322113 0.036055206553815125 -0.031551468852947892 0.044462202762956426 -0.011173603480675878 0.043903862948380702
leaf_weight=23.343216359615329 46.631604567170143 6.9230936616659182 3.2841394022107115 129.65087825059891 105.06468918174505 97.396022140979767 2.8807533532381084 15.418525435030459 2.4091069251298896 54.264519803225994 2.415449693799018 5.0275967791676521 6.4373068585991859 4.2755730971693975
leaf_count=186 351 60 21 557 598 528 28 101 15 606 18 56 47 53
internal_value=0.000149394 -0.00449718 0.018081 -0.00630986 0.00185787 -0.011767 0.00197185 -0.0209435 0.0299182 0.0328106 0.0182512 0.0257956 0.0129763 0.0442056
internal_weight=505.422 401.407 104.016 378.743 151.696 227.047 44.0579 18.2993 59.9578 57.5487 25.7587 22.6636 13.3604 9.30317
internal_count=3225 2250 975 2034 949 1085 333 129 642 627 204 216 107 109
is_linear=0
shrinkage=0.04


Tree=34
num_leaves=13
num_cat=0
split_feature=24 59 42 58 32 39 41 21 7 3 29 41
split_gain=23.5817 11.165 14.3485 17.6218 11.6382 13.0179 11.6695 8.64331 7.15733 4.76127 6.06213 3.39243
threshold=1.0000000180025095e-35 0.26503388997636979 0.00077089374249578169 -0.19935627576020556 -0.31502622454993451 0.24871911296367075 1.4371814480185211e-05 0.0062078438276590509 0.00098381408549195028 0.011422937113461902 1.9008006022916917 -1.6375786292203522e-05
decision_type=2 2 2 2 2 2 2 2 2 2 2 2
left_child=8 2 3 -2 5 -3 -6 -4 9 10 -1 -10
right_child=1 4 7 -5 6 -7 -8 -9 11 -11 -12 -13
leaf_value=-0.020758486571757082 0.01313841086109834 -0.012599951340756615 0.021566650653125734 -0.021997458804672347 0.0001866895014366295 0.019813784025811843 -0.02246501428863823 -0.032965129030675493 0.042829119394428787 0.0065931368414423909 -0.050497850018039768 -0.013853536909317459
leaf_weight=25.366733111441135 53.975644618272781 30.062963008880615 111.81523244082928 39.590250939130783 84.509962022304535 58.210060805082321 63.906526289880276 4.852322705090045 3.3786141201853752 5.2673443406820288 19.319143325090408 3.3789509460330001
leaf_count=118 419 160 887 262 486 347 366 31 21 24 83 21
internal_value=0.000148815 0.00323205 0.00994034 -0.00172852 -0.00272642 0.0087747 -0.00956689 0.0192986 -0.0241494 -0.0293759 -0.0336158 0.0144864
internal_weight=503.634 446.923 210.233 93.5659 236.69 88.273 148.416 116.668 56.7108 49.9532 44.6859 6.75757
internal_count=3225 2958 1599 681 1359 507 852 918 267 225 201 42
is_linear=0
shrinkage=0.04


Tree=35
num_leaves=12
num_cat=0
split_feature=4 6 23 48 0 21 43 22 23 23 32
split_gain=14.7534 11.0818 10.5344 11.1007 9.76002 7.63604 13.1128 11.3937 6.64676 6.39151 4.48639
threshold=1.0000000180025095e-35 0.0022533882958636004 3.6209647434765446 -0.4670854826523948 68.887472260006874 -0.00043561821902539995 0.33720994067436827 0.26467196405910981 7.0592292090398896 -0.20744415326777457 -1.2919753753068706
decision_type=2 2 2 2 2 2 2 2 2 2 2
left_child=1 5 3 -2 10 6 -1 -7 -6 -5 -4
right_child=2 -3 4 9 8 7 -8 -9 -10 -11 -12
leaf_value=-0.019283150893355736 -0.075180208131924817 -0.059374585636217746 -0.0092622651368865338 0.018063667737570205 0.01841356853263704 -0.001935504846279396 0.00080562370000148277 0.031040928096136108 -0.026114614095825949 -0.0034972677596986413 0.032077887248794033
leaf_weight=96.293442055583 2.9822794944047919 5.9063239097595206 4.5628562420606604 31.685405500233173 11.257179327309133 80.660209633409977 112.99330949038267 21.16226863861084 10.24505031108856 71.9534702450037 52.850825920701027
leaf_count=582 14 29 32 209 90 496 650 153 69 499 402
internal_value=0.000146467 -0.00509665 0.00910506 0.000905127 0.0201838 -0.0040662 -0.00843728 0.00491815 -0.00280253 0.00309453 0.0287924
internal_weight=502.553 317.016 185.537 106.621 78.9159 311.109 209.287 101.822 21.5022 103.639 57.4137
internal_count=3225 1910 1315 722 593 1881 1232 649 159 708 434
is_linear=0
shrinkage=0.04


Tree=36
num_leaves=15
num_cat=0
split_feature=61 24 61 61 22 44 59 41 61 42 43 59 27 30
split_gain=24.0713 13.9408 14.2744 12.0428 12.0015 13.6598 11.4964 11.1761 10.96 11.7027 11.1304 10.8131 8.11476 5.88732
threshold=0.38390433719255823 1.0000000180025095e-35 0.58348750213999867 0.48764298391571853 2.076543273080397 0.018465879310492917 0.42367563948025372 4.2383489992806987e-05 0.50030476002223578 0.00060879455684208596 0.46698704142161923 -0.17522969638144589 -1.6516128061351079 1.8517413857029583
decision_type=2 2 2 2 2 2 2 2 2 2 2 2 2 2
left_child=4 8 3 -3 5 13 -7 12 10 -10 -2 -4 -6 -1
right_child=1 2 11 -5 7 6 -8 -9 9 -11 -12 -13 -14 -15
leaf_value=0.037902792249011094 0.02247763824907385 0.0025226702275736768 -0.059839189118094743 -0.013535817241533613 -0.0090624224249568029 0.0083696374275199666 -0.079787518107152511 0.035471862435054312 0.0085902392975802429 -0.051209922690809845 -0.045171966986063794 0.01914891565026253 -0.093007235604105301 -0.012264292154581198
leaf_weight=53.930644303560257 12.238056451082231 162.32082594931126 2.9005065634846678 138.45423296093941 3.9809440821409225 14.238421611487867 2.8387020230293265 3.9383700639009476 6.6746431887149837 24.293406903743744 5.7055453136563292 63.072372294962406 3.4300165176391584 4.0219555348157874
leaf_count=599 70 1043 19 620 24 112 13 38 27 99 30 472 20 39
internal_value=0.000144014 -0.00384878 -0.00117357 -0.00486945 0.0193575 0.0251563 -0.00628458 -0.0189784 -0.0239079 -0.038321 0.000967024 0.0156762 -0.0479146 0.0344212
internal_weight=502.039 415.66 366.748 300.775 86.3791 75.0297 17.0771 11.3493 48.9117 30.9681 17.9436 65.9729 7.41096 57.9526
internal_count=3225 2380 2154 1663 845 763 125 82 226 126 100 491 44 638
is_linear=0
shrinkage=0.04


Tree=37
num_leaves=14
num_cat=0
split_feature=61 24 61 44 57 50 61 42 43 59 23 55 41
split_gain=22.5429 12.8842 13.6196 11.1707 14.5742 10.9262 10.1514 10.8524 10.1761 9.89999 5.83038 3.68659 3.40991
threshold=0.38390433719255823 1.0000000180025095e-35 0.64319662292269875 0.018639912292042839 0.40279746723687015 0.14989384719303631 0.50030476002223578 0.00060879455684208596 0.46698704142161923 0.56772173819010852 9.9930825057466048 -0.38066622390826538 -0.0001360214760415997
decision_type=2 2 2 2 2 2 2 2 2 2 2 2 2
left_child=3 6 9 4 10 -6 8 -8 -2 -3 -1 -4 -5
right_child=1 2 11 12 5 -7 7 -9 -10 -11 -12 -13 -14
leaf_value=0.038619543504064671 0.021793131088473475 -0.0017221094461661094 -0.0060188130533383568 -0.049676530772765626 -0.046129624394825923 0.025579485316570658 0.008247120091869101 -0.049366156697318253 -0.042619399606621942 -0.038332942090942262 0.0091922609361916215 0.038071846354438353 -5.3987373631047254e-07
leaf_weight=48.502986572682858 12.119980528950693 333.29804660379887 3.68613984435797 4.2066257745027542 7.4645392522215825 6.2431109473109245 6.6742541491985348 24.194652199745178 5.8032919466495505 12.252198353409765 13.848183222115038 17.157390609383583 4.6601860523223859
leaf_count=583 70 1885 28 21 43 42 27 99 30 58 134 183 22
internal_value=0.000143328 -0.00369754 -0.00112614 0.0189206 0.0238739 -0.0134699 -0.0230068 -0.0369094 0.000937301 -0.00302022 0.0320837 0.0302745 -0.023568
internal_weight=500.112 415.186 366.394 84.9256 76.0588 13.7077 48.7922 30.8689 17.9233 345.55 62.3512 20.8435 8.86681
internal_count=3225 2380 2154 845 802 85 226 126 100 1943 717 211 43
is_linear=0
shrinkage=0.04


Tree=38
num_leaves=15
num_cat=0
split_feature=61 24 61 61 41 23 31 59 61 42 1 15 53 57
split_gain=21.1311 11.9192 12.8591 10.9536 10.595 11.6492 11.6713 9.89002 9.41317 10.0797 9.72607 7.86435 5.70449 5.33649
threshold=0.38390433719255823 1.0000000180025095e-35 0.58348750213999867 0.48764298391571853 -6.7830015449032982e-05 8.3182740903029622 -0.8419385125405916 -0.17522969638144589 0.50030476002223578 0.00060879455684208596 -19.213592359563332 0.0077606899571008008 -0.11495022457624553 0.40279746723687015
decision_type=2 2 2 2 2 2 2 2 2 2 2 2 2 2
left_child=4 8 3 -3 5 12 -7 -4 10 -10 -2 13 -1 -6
right_child=1 2 7 -5 11 6 -8 -9 9 -11 -12 -13 -14 -15
leaf_value=-0.012502037300923091 -0.060148057147565152 0.0025016512391793934 -0.05601848576731281 -0.012795420990728546 0.038550906684528992 0.0084287110079206452 -0.059175858655335895 0.01849296465321856 0.0079179569083008688 -0.047639047049790641 0.015148487462279576 -0.054612261120693714 0.03555129030310563 -0.010318259385952889
leaf_weight=5.3865190148353603 3.3849496245384243 162.26627112925053 2.9876212775707236 139.10052144527435 41.117072030901909 8.9145675301551837 7.5432236641645423 61.951830253005028 6.6736567467451122 24.071395084261894 14.513188518583773 1.6499525979161251 14.848822124302385 3.9157254323363295
leaf_count=34 19 1043 19 620 519 60 40 472 27 99 81 10 155 27
internal_value=0.000141787 -0.00355043 -0.00107998 -0.00455895 0.0185174 0.00243408 -0.022557 0.015065 -0.022154 -0.0355796 0.000908179 0.031159 0.0227598 0.0343016
internal_weight=498.325 414.949 366.306 301.367 83.3759 36.6931 16.4578 64.9395 48.6432 30.7451 17.8981 46.6828 20.2353 45.0328
internal_count=3225 2380 2154 1663 845 289 100 491 226 126 100 556 189 546
is_linear=0
shrinkage=0.04


Tree=39
num_leaves=15
num_cat=0
split_feature=61 61 22 44 8 61 3 48 4 29 30 20 61 53
split_gain=19.8227 11.0914 10.6553 12.26 10.3853 8.72824 12.7878 10.9074 7.50701 7.09577 5.79866 3.13816 4.22825 0.000340159
threshold=0.38390433719255823 0.64319662292269875 2.076543273080397 0.018465879310492917 -0.0011087462853482998 0.48272949973624296 0.005659305727135351 -0.58941216531104967 1.0000000180025095e-35 1.41627540859416 1.8517413857029583 0.0026513590709792505 0.69199174220727755 -0.045613881368638517
decision_type=2 2 2 2 2 2 2 2 2 2 2 2 2 2
left_child=2 5 3 10 -5 6 -2 -7 9 -4 -1 12 -3 -13
right_child=1 11 8 4 -6 7 -8 -9 -10 -11 -12 13 -14 -15
leaf_value=0.036918555415127126 -0.0050078072025299116 -0.0071929196241017632 -0.079026487051245334 -0.029047089195364265 0.037291597817184587 -0.11517401877391219 0.01954673271838012 -0.0092981973423721283 0.033403670910951096 -0.0039882902645024523 -0.013649507740294645 0.043950185795976905 0.039032159330752395 0.043439020379497803
leaf_weight=49.83166990429163 118.21396048367023 7.4974377378821391 3.7202991694211942 10.883438751101496 5.7815366722643367 1.5676612406969059 47.599488720297813 225.68812085688114 3.2719619572162619 4.4021238684654236 3.9131486490368834 4.5495822206139565 5.4804638996720314 3.8419013768434507
leaf_count=599 762 58 21 69 56 7 317 1078 32 29 39 56 49 53
internal_value=0.00014048 -0.00341135 0.0181349 0.0239423 -0.00603238 -0.00493711 0.00204098 -0.0100286 -0.0177512 -0.0383579 0.0332367 0.0246535 0.0123276 0.0437162
internal_weight=496.243 414.439 81.8042 70.4098 16.665 393.069 165.813 227.256 11.3944 8.12242 53.7448 21.3694 12.9779 8.39148
internal_count=3225 2380 845 763 125 2164 1079 1085 82 50 638 216 107 109
is_linear=0
shrinkage=0.04


Tree=40
num_leaves=13
num_cat=0
split_feature=24 52 52 3 7 43 25 6 54 59 54 3
split_gain=16.8239 9.99756 14.3742 16.3657 9.17502 10.6461 7.7369 5.7991 5.80234 4.33074 3.37832 2.42799
threshold=1.0000000180025095e-35 -0.31640378815450887 -0.13129290887154252 0.0030938540772998502 0.0031504900387730505 0.35215085349429337 0.90000000000000013 0.00075595980191425001 0.12714398195792895 0.35965144878545924 0.1092738180827746 0.0047031777398464014
decision_type=2 2 2 2 2 2 2 2 2 2 2 2
left_child=7 4 6 -4 5 -2 -3 8 9 -1 -6 -9
right_child=1 2 3 -5 10 -7 -8 11 -10 -11 -12 -13
leaf_value=-0.024644854386732126 -0.010042114379388716 0.023545346913418742 -0.049408103352127544 0.003624715427445256 -0.012367849059510685 0.0073536266396821504 -0.0051839684572631784 -0.018199519693962312 0.015695111291648529 -0.057944042727295121 -0.060013358581009126 0.026940955544773527
leaf_weight=35.322986789047718 110.65568995475769 93.494984917342663 10.504264131188391 81.912349618971348 4.0173289775848371 114.56900833547115 17.863742150366306 2.9991661384701711 4.8328266143798819 7.5922096818685523 5.8461367785930634 5.2329169064760208
leaf_count=165 635 772 69 589 22 678 164 18 20 33 29 31
internal_value=0.00013989 0.00277405 0.00925863 -0.0024031 -0.00284681 -0.00119312 0.0189367 -0.0205109 -0.0258566 -0.0305359 -0.0406076 0.0104951
internal_weight=494.844 438.864 203.775 92.4166 235.088 225.225 111.359 55.9801 47.748 42.9152 9.86347 8.23208
internal_count=3225 2958 1594 658 1364 1313 936 267 218 198 51 49
is_linear=0
shrinkage=0.04


Tree=41
num_leaves=15
num_cat=0
split_feature=61 61 44 22 41 61 25 54 55 3 52 20 45 59
split_gain=18.2802 10.4926 10.2735 10.1957 10.1264 8.4376 13.8501 12.5177 5.30535 5.13295 5.98222 2.9881 4.08136 0.000342342
threshold=0.37528775098988726 0.64319662292269875 0.018486269633829357 2.076543273080397 -4.4430479377262813e-05 0.48764298391571853 0.50000000000000011 -0.060645557135702195 0.41548379844555855 0.0071520069531823506 -0.22913183116868815 0.0026513590709792505 0.61728524353318026 0.25542949338743276
decision_type=2 2 2 2 2 2 2 2 2 2 2 2 2 2
left_child=2 5 3 8 -5 6 -2 -7 -1 -4 -11 12 -3 -13
right_child=1 11 9 4 -6 7 -8 -9 -10 10 -12 13 -14 -15
leaf_value=0.042752624028668501 0.018513723734326738 0.034731946534348308 -0.051064514680123331 -0.049515182772039958 0.045656306135580797 -0.034049276392523191 -0.0053956911743619183 -0.0060251674385924034 0.015405744876782668 -0.017414681184081123 0.046248484118066403 0.043273721589323605 -0.010116250250134618 0.043796390758152892
leaf_weight=32.053763940930367 55.43929498270154 6.5737464129924792 3.8108683973550788 5.0814004763960838 2.7606083154678336 29.53462827205658 128.88297811895609 186.8008014857769 17.573617964982986 7.4070900306105605 3.4669708535075179 3.6832704693078977 6.4147739410400391 4.4006191715598106
leaf_count=439 429 60 21 29 28 145 780 888 171 44 35 53 47 56
internal_value=0.000137039 -0.00304607 0.0187418 0.0263714 -0.0160121 -0.00449302 0.00179563 -0.00985109 0.0330688 -0.0111168 0.00288301 0.0244654 0.0125823 0.0435582
internal_weight=493.884 421.73 72.1543 57.4694 7.84201 400.658 184.322 216.335 49.6274 14.6849 10.8741 21.0724 12.9885 8.08389
internal_count=3225 2458 767 667 57 2242 1209 1033 610 100 79 216 107 109
is_linear=0
shrinkage=0.04


Tree=42
num_leaves=15
num_cat=0
split_feature=61 24 61 3 44 22 61 61 1 30 1 55 52 31
split_gain=17.15 10.4788 11.4654 11.5318 9.72333 9.71276 9.6019 8.01621 8.56633 8.00523 6.06224 5.29557 4.7331 9.55084
threshold=0.37528775098988726 1.0000000180025095e-35 0.58348750213999867 0.0026933617708070506 0.018486269633829357 2.076543273080397 0.45682435605034194 0.50030476002223578 -19.213592359563332 -0.9392950350189363 -3.2383517627931719 0.41548379844555855 -0.22913183116868815 -0.8419385125405916
decision_type=2 2 2 2 2 2 2 2 2 2 2 2 2 2
left_child=4 7 6 -4 5 11 -3 8 -2 -9 -7 -1 13 -6
right_child=1 2 3 -5 12 10 -8 9 -10 -11 -12 -13 -14 -15
leaf_value=0.042548377000778029 -0.056155732569904984 0.0053488085948518692 -0.036428220596955864 0.0203773036769242 0.020660924642360651 -0.0356614659848822 -0.0092529030099939187 -0.014422492714777307 0.01372350584161465 -0.055662869178354842 0.045112620807925871 0.014956578561073339 0.023912961361342359 -0.057981425367734041
leaf_weight=30.941777165979147 3.4596999287605312 114.53612414374948 6.3462267965078345 57.751377508044243 4.1939221099019042 5.8897981643676758 194.27858167886734 16.769302263855938 14.874443069100378 13.669971689581869 1.988592468202113 17.381288766860962 4.4112211875617495 6.0140769034624091
leaf_count=439 19 845 41 450 26 36 894 69 83 57 21 171 41 33
internal_value=0.000136646 -0.0029223 -0.000641903 0.0147531 0.0183504 0.0259096 -0.00383728 -0.0203578 0.000537114 -0.0329431 -0.0152732 0.0326239 -0.0107098 -0.0256715
internal_weight=492.506 421.686 372.912 64.0976 70.8207 56.2015 308.815 48.7734 18.3341 30.4393 7.87839 48.3231 14.6192 10.208
internal_count=3225 2458 2230 491 767 667 1739 228 102 126 57 610 100 59
is_linear=0
shrinkage=0.04


Tree=43
num_leaves=13
num_cat=0
split_feature=24 52 32 52 19 41 43 9 46 6 43 43
split_gain=14.3419 8.9691 13.3402 12.8568 12.5786 10.7858 9.48621 7.45378 5.73294 6.04305 6.03077 2.09121
threshold=1.0000000180025095e-35 -0.31640378815450887 -0.31502622454993451 -0.13129290887154252 -2.5790893865789699 4.0410853893687232e-06 0.35215085349429337 0.0011517252724847749 -0.18334098009676494 0.00075595980191425001 0.61153972246331145 0.2687971003439546
decision_type=2 2 2 2 2 2 2 2 2 2 2 2
left_child=8 2 6 7 -5 -4 -2 -3 -1 10 -10 -11
right_child=1 3 5 4 -6 -7 -8 -9 9 11 -12 -13
leaf_value=0.050922742248693281 -0.0049624617318012659 0.011800469263574016 0.00033417442424286432 -0.073247675395247305 0.00086939666143346131 -0.021315449555745318 0.021599062354995886 0.035518077044183187 -0.033139419884849933 0.0309490767179381 0.0076593024130241355 -0.0096366651201693649
leaf_weight=1.8142921328544606 38.994946360588074 79.619219914078712 76.695510521531105 3.8224387466907492 88.196023974567652 70.815438061952591 47.987973310053349 28.895061556249857 38.762933887541294 4.0128071084618551 6.8163210377097121 4.1135884374380112
leaf_count=8 223 680 448 18 640 410 283 256 180 23 30 26
internal_value=0.000135058 0.00257843 -0.0027329 0.00878926 -0.00220942 -0.0100591 0.00969138 0.018116 -0.01901 -0.0213725 -0.027038 0.0104045
internal_weight=490.547 435.027 234.494 200.533 92.0185 147.511 86.9829 108.514 55.5199 53.7057 45.5793 8.1264
internal_count=3225 2958 1364 1594 658 858 506 936 267 259 210 49
is_linear=0
shrinkage=0.04


Tree=44
num_leaves=15
num_cat=0
split_feature=61 61 41 31 0 15 61 25 54 30 45 20 61 53
split_gain=15.7058 9.68666 9.54317 7.89782 9.52049 7.87352 7.26008 13.4064 11.1665 4.70898 4.59179 2.84203 4.0993 0.000353366
threshold=0.37528775098988726 0.64319662292269875 -6.7830015449032982e-05 -0.7389072382413383 40.899818575868771 0.0077606899571008008 0.48764298391571853 0.25000000000000006 -0.060645557135702195 1.8517413857029583 0.50004361620885207 0.0026513590709792505 0.69199174220727755 -0.045613881368638517
decision_type=2 2 2 2 2 2 2 2 2 2 2 2 2 2
left_child=2 6 3 10 -5 9 7 -2 -8 -4 -1 12 -3 -13
right_child=1 11 5 4 -6 -7 8 -9 -10 -11 -12 13 -14 -15
leaf_value=-0.0014638803514973504 0.041709295819344253 -0.0066979307149766945 0.040275198124505474 -0.059268651541566096 0.0086642320138121207 -0.05670027546751788 -0.031781755519378223 -0.0012149046802626814 -0.0054672449230652054 -0.0078711579577291999 0.038475788883065985 0.043586913671022902 0.039029544139154132 0.043040659831078368
leaf_weight=9.1251608803868347 12.491567276418207 7.4497477039694804 32.064919997006655 5.9695853404700738 7.3832897990942001 1.5498196557164181 29.94564089179039 171.17338737100363 186.44768404960632 3.6169020794332019 9.2991615645587427 4.1972931027412423 5.4179318323731422 3.4539888054132444
leaf_count=69 105 58 456 42 60 9 145 1104 888 37 94 56 49 53
internal_value=0.000132393 -0.00276966 0.0178191 0.00171808 -0.0217061 0.0315612 -0.00414446 0.00170449 -0.00910878 0.0353948 0.0186946 0.0240349 0.0125556 0.0433403
internal_weight=489.586 420.577 69.0088 31.7772 13.3529 37.2316 400.058 183.665 216.393 35.6818 18.4243 20.519 12.8677 7.65128
internal_count=3225 2458 767 265 102 502 2242 1209 1033 493 163 216 107 109
is_linear=0
shrinkage=0.04


Tree=45
num_leaves=14
num_cat=0
split_feature=61 61 59 24 41 23 37 15 3 53 46 41 38
split_gain=14.7196 9.18258 11.4697 10.7251 9.1778 7.63369 8.46437 7.39037 7.03479 5.1683 4.80751 4.41884 4.34545
threshold=0.37528775098988726 0.60735318281349293 0.56772173819010852 0.24166666666626388 -6.7830015449032982e-05 8.3182740903029622 -0.24630241274711276 0.0077606899571008008 0.0028454407967234007 -0.11495022457624553 -0.16111423510136164 1.5808943653953621e-05 0.85443308462368617
decision_type=2 2 2 2 2 2 2 2 2 2 2 2 2
left_child=4 2 3 -2 5 9 -7 10 -3 -1 -6 -10 -4
right_child=1 8 12 -5 7 6 -8 -9 11 -11 -12 -13 -14
leaf_value=-0.017083931908998505 -0.0024713198674157638 -0.027933375776642851 -0.018532163299791557 -0.047156530520688612 0.0041299656430455866 0.0072498475270445532 -0.053919609941809256 -0.053701248709976779 0.030841303648102242 0.033245349295519054 0.042202469827025059 0.0036914359149270819 -0.070893269572963796
leaf_weight=4.4258550852537182 355.84979528188705 5.5503199473023406 4.7364177852869016 8.8066327236592752 6.5415705181658259 8.3153027184307557 6.4093123227357891 1.5704775974154461 24.272217724472284 12.441874869167803 28.109043378382921 15.858413532376288 5.4584332257509232
leaf_count=29 1995 37 21 46 64 57 35 9 197 144 429 138 24
internal_value=0.000131686 -0.00265702 -0.00472041 -0.00355049 0.0174253 0.00166878 -0.0193759 0.0311683 0.0142748 0.0200397 0.0350149 0.0201125 -0.0465669
internal_weight=488.346 420.532 374.851 364.656 67.8134 31.5923 14.7246 36.2211 45.681 16.8677 34.6506 40.1306 10.1949
internal_count=3225 2458 2086 2041 767 265 92 502 372 173 493 335 45
is_linear=0
shrinkage=0.04


Tree=46
num_leaves=12
num_cat=0
split_feature=24 52 19 32 53 41 39 7 54 39 41
split_gain=13.0364 8.20055 11.7137 11.1224 11.0516 9.89852 9.46318 4.69353 5.08614 5.45297 2.94924
threshold=1.0000000180025095e-35 -0.31488469766572219 -2.5790893865789699 -0.31502622454993451 -0.0033226594493537551 4.0410853893687232e-06 0.43057754363617978 0.00098381408549195028 0.12714398195792895 0.037198559304311811 -1.6375786292203522e-05
decision_type=2 2 2 2 2 2 2 2 2 2 2
left_child=7 3 -3 6 -4 -5 -2 8 9 -1 -9
right_child=1 2 4 5 -6 -7 -8 10 -10 -11 -12
leaf_value=0.0027770177152563547 -0.0050984526362496049 -0.0406336436860033 0.0186622593686484 0.00075382766025011759 -0.00094631145232273789 -0.01989981268988637 0.021336203998285147 0.041610982221223065 0.016629457786059294 -0.03340235818797839 -0.01240150638552719
leaf_weight=8.1893443465232831 41.188995979726315 7.4661673456430426 109.7961900010705 77.00018560141325 79.135699264705181 71.699277009814978 45.717170514166355 3.1463204696774483 4.8154491633176795 35.820349872112274 3.3287717550992957
leaf_count=39 221 39 950 453 592 413 290 21 20 166 21
internal_value=0.000130164 0.00247094 0.00850711 -0.00256075 0.010449 -0.00920486 0.00880755 -0.0181559 -0.0223996 -0.0266701 0.0138438
internal_weight=487.304 432.004 196.398 235.606 188.932 148.699 86.9062 55.3002 48.8251 44.0097 6.47509
internal_count=3225 2958 1581 1377 1542 866 511 267 225 205 42
is_linear=0
shrinkage=0.04


Tree=47
num_leaves=12
num_cat=0
split_feature=61 61 22 44 60 24 61 24 41 10 3
split_gain=13.6402 8.79571 8.51752 9.96672 10.3024 7.41114 7.44129 6.71693 6.70638 0.417112 0.0111361
threshold=0.37262469201788934 0.69199174220727755 2.076543273080397 0.02269991304239485 0.58308114223117102 1.0000000180025095e-35 0.50030476002223578 0.24166666666626388 4.2383489992806987e-05 0.00035917369870850003 0.0028454407967234007
decision_type=2 2 2 2 2 2 2 2 2 2 2
left_child=2 5 3 4 -1 6 -2 -7 -4 10 -3
right_child=1 9 8 -5 -6 7 -8 -9 -10 -11 -12
leaf_value=0.038511335130997144 0.001969295044373153 0.047254167896728642 -0.037935066066622544 -0.027767415134699599 -0.0078913661379873389 -0.0003695408067146576 -0.030241748541139046 -0.032302090437597505 0.03227916435682876 0.022884687413887047 0.043717868972978559
leaf_weight=38.990996219217777 18.565149888396263 2.4192471951246253 7.0390209779143316 5.4249863177537909 9.5257581919431669 355.09059358015656 30.047682210803032 10.861978076398371 3.1507120057940483 1.7411141134798525 3.4661848694086075
leaf_count=577 102 19 39 28 62 2108 126 64 35 19 46
internal_value=0.000127368 -0.00248352 0.0173154 0.0236512 0.0294006 -0.0032666 -0.0179404 -0.00131734 -0.0162245 0.0400835 0.0451715
internal_weight=486.323 422.192 64.1315 53.9417 48.5168 414.565 48.6128 365.953 10.1897 7.62655 5.88543
internal_count=3225 2484 741 667 639 2400 228 2172 74 84 65
is_linear=0
shrinkage=0.04


Tree=48
num_leaves=15
num_cat=0
split_feature=61 52 61 59 32 20 9 42 13 3 49 9 44 61
split_gain=12.8626 11.4107 8.95816 10.2677 8.6165 9.63555 8.07888 7.98655 7.62745 5.32735 4.18552 3.39895 0.0137146 0.00206034
threshold=0.39555036643871327 -0.19620155910499551 0.60735318281349293 0.56772173819010852 0.03941573814526899 0.0026202886365389506 0.0013515074433692151 0.0013833906416946123 0.00095958199208975013 0.011993474878096601 0.25481958771368185 0.00098877608457669419 0.018579906919312283 0.37815658838535132
decision_type=2 2 2 2 2 2 2 2 2 2 2 2 2 2
left_child=1 6 3 7 11 -6 8 -2 -1 -8 -5 -4 13 -3
right_child=2 12 4 10 5 -7 9 -9 -10 -11 -12 -13 -14 -15
leaf_value=0.022955900615013344 -0.0029135703276345895 0.042589881858925267 0.010902852435963764 -0.018976176196323941 -0.071532470842018983 0.0066617087554726485 -0.051498695511895398 -0.041904472004410664 -0.0079020550058771614 0.0022540871611590792 -0.07003679615118083 0.043984838311983174 0.047275023137363363 0.043697090167500556
leaf_weight=39.501625679433346 333.45707899332047 12.668892297893768 7.7550386227667358 5.1426580250263196 2.8737462386488941 20.566911194473505 5.6240302361547929 8.6226362213492376 18.971801437437534 6.2046702280640602 5.1317596733570099 13.832546472549437 1.190039038658141 3.4136298075318328
leaf_count=432 1791 227 61 23 18 179 40 42 181 40 22 114 10 45
internal_value=0.000125305 0.0140021 -0.00293284 -0.00507977 0.0138673 -0.00292464 0.00684524 -0.00389639 0.012944 -0.023303 -0.0444794 0.0321006 0.0431315 0.0428249
internal_weight=484.957 87.5747 397.382 352.354 45.0282 23.4407 70.3021 342.08 58.4734 11.8287 10.2744 21.5876 17.2726 16.0825
internal_count=3225 975 2250 1878 372 197 693 1833 613 80 45 175 282 272
is_linear=0
shrinkage=0.04


Tree=49
num_leaves=13
num_cat=0
split_feature=61 61 22 44 60 4 61 61 29 54 13 48
split_gain=12.1695 8.23085 8.04718 9.35869 9.84927 7.6484 14.5687 8.73937 5.04782 5.36899 0.576717 0.00975585
threshold=0.37262469201788934 0.69199174220727755 2.076543273080397 0.02269991304239485 0.58308114223117102 1.0000000180025095e-35 0.54774889618850542 0.50173165770626571 1.41627540859416 0.11860435880215235 0.0006663275723178501 0.13674384062033701
decision_type=2 2 2 2 2 2 2 2 2 2 2 2
left_child=2 5 3 4 -1 7 -7 -2 -4 -10 11 -3
right_child=1 10 8 -5 -6 6 -8 -9 9 -11 -12 -13
leaf_value=0.038079858976822596 -8.6687693259811555e-05 0.043701074927312566 -0.048485313474154898 -0.02683434124957202 -0.007520047120897975 -0.0031137695045462565 0.02536063410082566 -0.014700446239351388 -0.02782358960309168 0.049221392925658164 0.016442220209307863 0.046986755479108806
leaf_weight=37.120346341282129 134.53053245693445 3.491364672780036 4.3531619086861593 5.4041797518730155 9.5230013728141767 113.96101287379861 38.449607215821743 127.55557530000806 3.0706145018339157 2.7372584417462349 1.3891809359192846 2.4679398238658905
leaf_count=577 796 47 30 28 62 704 245 655 23 21 17 20
internal_value=0.000123929 -0.00231163 0.0166398 0.0229964 0.0287699 -0.00305558 0.00406965 -0.00719911 -0.0159205 0.00848782 0.0396514 0.0450618
internal_weight=484.054 421.845 62.2086 52.0475 46.6433 414.497 152.411 262.086 10.161 5.80787 7.34849 5.9593
internal_count=3225 2484 741 667 639 2400 949 1451 74 44 84 67
is_linear=0
shrinkage=0.04


Tree=50
num_leaves=14
num_cat=0
split_feature=61 61 22 44 60 42 42 22 6 3 43 24 20
split_gain=11.4163 7.88707 7.58998 8.83661 9.54375 7.07082 8.21606 6.2612 4.50961 4.83032 2.89625 3.66838 0.0226169
threshold=0.37262469201788934 0.64319662292269875 2.076543273080397 0.02269991304239485 0.58308114223117102 0.0013833906416946123 0.0010840086276010944 1.0538033036650585 -0.00020473770762874998 0.0090294758544309517 0.27355081231562756 0.024999999999958254 0.0026403498609919502
decision_type=2 2 2 2 2 2 2 2 2 2 2 2 2
left_child=2 5 3 4 -1 6 -2 -7 -4 -10 11 -3 -12
right_child=1 10 8 -5 -6 7 -8 -9 9 -11 12 -13 -14
leaf_value=0.037779121249050834 -0.0049478367800595635 -0.017982773801473714 0.02478238839167738 -0.025861792037743792 -0.0071920362742216581 -0.075493488754243346 0.01157196095074561 -0.010371991510648434 -0.0055572558735156588 -0.072831345400951014 0.048311903162823418 0.026924129903676677 0.043328225480610216
leaf_weight=35.943043444305658 336.36672328785062 4.348993822932246 3.1317488551139832 5.3835369497537604 9.5582909062504751 3.9996865317225438 56.220870058983564 5.7702440395951271 4.2074227258563024 2.874201700091362 2.3270925134420386 8.7993092313408834 3.8966507725417614
leaf_count=577 1889 36 25 28 62 21 330 28 31 18 20 102 58
internal_value=0.000122798 -0.00221832 0.0162824 0.0225986 0.0283322 -0.0034186 -0.0025821 -0.0370319 -0.0151861 -0.0328616 0.0227115 0.0120705 0.0451917
internal_weight=482.828 421.73 61.0982 50.8849 45.5013 402.358 392.588 9.76993 10.2134 7.08162 19.372 13.1483 6.22374
internal_count=3225 2484 741 667 639 2268 2219 49 74 49 216 138 78
is_linear=0
shrinkage=0.04


Tree=51
num_leaves=15
num_cat=0
split_feature=61 52 61 25 50 24 9 61 6 0 45 23 61 45
split_gain=11.0454 13.6561 11.2496 10.793 12.9649 10.5857 9.05632 7.47416 6.93027 6.10966 5.73394 4.01148 6.27645 0.900207
threshold=0.45682435605034194 -0.19620155910499551 0.58348750213999867 0.25000000000000006 0.15837289579548477 0.22499999999962497 0.0010060976169775453 0.69199174220727755 0.0023160803487015003 29.641548144820451 0.59225045645647889 2.1425882372005467 0.40038716167244642 0.54219856641281716
decision_type=2 2 2 2 2 2 2 2 2 2 2 2 2 2
left_child=1 3 5 -1 -5 8 7 -4 -2 -8 -7 12 -3 -13
right_child=2 11 6 4 -6 10 9 -9 -10 -11 -12 13 -14 -15
leaf_value=0.045351388754278014 -0.0059063155888291179 0.043341348757931754 -0.018334625702586021 0.0021212055325674378 -0.058943639246611744 -0.08357807359030052 -0.0091517152365893258 0.037107206926553872 -0.047362059824901312 0.028125280480676987 -0.021597079825777785 0.029648862353551839 -0.013342081383168254 0.045001870882346945
leaf_weight=8.7541402056813222 210.27562482655048 5.4750748611986619 22.617081791162494 132.03145466372371 5.8076541721820822 4.4169331789016706 8.8203251585364324 4.6987835206091395 6.6563329100608817 34.752504546195269 5.1991785019636154 10.556789685040714 7.2832445576786995 14.50799113884568
leaf_count=90 961 89 136 1080 28 20 62 48 29 282 23 139 59 179
internal_value=0.000121384 0.00781255 -0.00464728 0.00228356 -0.000451675 -0.00899879 0.00925939 -0.00879771 -0.00717834 0.0205794 -0.0500666 0.0292416 0.0109829 0.0385355
internal_weight=481.853 184.416 297.437 146.593 137.839 226.548 70.8887 27.3159 216.932 43.5728 9.61611 37.8231 12.7583 25.0648
internal_count=3225 1664 1561 1198 1108 1033 528 184 990 344 43 466 148 318
is_linear=0
shrinkage=0.04


Tree=52
num_leaves=13
num_cat=0
split_feature=61 55 61 56 29 44 50 23 8 0 6 52
split_gain=10.2554 7.69972 7.21455 6.71199 6.89325 6.52761 6.34024 6.24295 5.18546 3.0014 0.508266 0.00635839
threshold=0.37528775098988726 0.41169937644814864 0.69199174220727755 0.17687608455211387 0.0077320255507065455 0.049919449468422764 0.14251267923597352 7.0901935618609446 -0.0013034339098119999 40.899818575868771 0.00043186171755800007 0.17696794667333723
decision_type=2 2 2 2 2 2 2 2 2 2 2 2
left_child=1 5 3 4 -2 9 7 -3 -8 -1 11 -4
right_child=2 6 10 -5 -6 -7 8 -9 -10 -11 -12 -13
leaf_value=0.011440194670218442 0.022682461776199005 0.030443754363318313 0.043420822201422855 -0.057418066927782924 -0.0033931232114580577 -0.042197345709746668 -0.069463166079512015 -0.012098524022068003 0.0018110463896563755 0.040301132520913593 0.018189294127848081 0.046240769879651505
leaf_weight=7.6765748411417034 16.921360172331333 11.746593609452251 3.1413983926177016 3.567583516240119 391.87488669902086 1.9582958668470372 3.3180823922157288 10.410394836217165 3.2163520976901046 23.156419958919287 1.4991597607731817 2.1583134382963181
leaf_count=99 97 154 45 19 2258 10 16 79 24 385 20 19
internal_value=0.000121055 0.015377 -0.00211668 -0.00279051 -0.00231377 0.0286179 0.000243991 0.0104554 -0.0343809 0.0331155 0.0387524 0.0445692
internal_weight=480.645 61.4827 419.163 412.364 408.796 32.7913 28.6914 22.157 6.53443 30.833 6.79887 5.29971
internal_count=3225 767 2458 2374 2355 494 273 233 40 484 84 64
is_linear=0
shrinkage=0.04


Tree=53
num_leaves=15
num_cat=0
split_feature=24 61 47 61 4 61 1 61 41 42 32 61 22 32
split_gain=10.1484 10.5938 10.9385 10.0846 11.5826 10.3424 7.98809 6.16916 9.96416 9.29147 10.1815 7.39189 5.34857 4.76932
threshold=1.0000000180025095e-35 0.39555036643871327 -0.39422092027287842 0.54937409373594048 1.0000000180025095e-35 0.48764298391571853 -37.025672743668103 0.50030476002223578 -0.00011384492409745779 0.00060879455684208596 -0.28712019894995822 0.46429982030483546 2.6314540544401717 -0.39774908215748334
decision_type=2 2 2 2 2 2 2 2 2 2 2 2 2 2
left_child=7 2 6 5 -5 -3 -2 8 13 -9 -11 -10 -4 -1
right_child=1 3 12 4 -6 -7 -8 9 11 10 -12 -13 -14 -15
leaf_value=-0.072943205453175036 -0.037663599252100929 0.00178715593391676 0.033334900527370918 -0.00029791422986241603 0.027978780255993409 -0.01474321042352976 0.0094063055731498004 0.013326372869044485 -0.0019655086550250255 -0.012587889769567874 -0.065737689293821233 0.055368434647083666 -0.0091452294237742756 -0.012574105918039936
leaf_weight=3.3687030971050262 7.8244723603129414 147.36879262328148 39.76737168058753 63.504217967391014 36.498865626752377 102.80463241040707 21.955912828445435 6.6348560750484493 10.70595644041896 11.030393511056905 12.084445059299464 5.4191056713461867 5.3843461871147147 5.5328953079879302
leaf_count=19 47 918 662 428 251 432 178 27 65 47 52 27 42 30
internal_value=0.00011894 0.00220697 0.0158574 -0.000713995 0.0100224 -0.00500572 -0.0029608 -0.0160859 -0.00145007 -0.0283981 -0.0403746 0.0173026 0.0282691 -0.0354201
internal_weight=479.885 425.109 74.9321 350.177 100.003 250.173 29.7804 54.7764 25.0267 29.7497 23.1148 16.1251 45.1517 8.9016
internal_count=3225 2958 929 2029 679 1350 225 267 141 126 99 92 704 49
is_linear=0
shrinkage=0.04


Tree=54
num_leaves=14
num_cat=0
split_feature=24 61 60 61 57 61 47 61 43 41 42 32 55
split_gain=9.42014 9.93379 10.6151 9.32953 11.0981 9.49758 6.68161 5.73647 9.35773 8.88624 8.67474 9.67021 0.00912326
threshold=1.0000000180025095e-35 0.39555036643871327 0.22319444614332326 0.54937409373594048 -0.26848139420166672 0.48764298391571853 -0.404441124531353 0.50030476002223578 0.46698704142161923 -0.00011384492409745779 0.00060879455684208596 -0.28712019894995822 0.39538415118468345
decision_type=2 2 2 2 2 2 2 2 2 2 2 2 2
left_child=7 2 12 5 -5 -3 -4 8 9 -1 -9 -12 -2
right_child=1 3 6 4 -6 -7 -8 10 -10 -11 11 -13 -14
leaf_value=-0.039265477856748346 0.042437057738025391 0.0017173396884108294 -0.054118979325630881 -0.033683130622489149 0.013799927675524183 -0.014113768638363779 0.010129596432134399 0.012784846440678824 -0.039571000091476453 0.029423498570254728 -0.012117148026617793 -0.064150856312527191 0.045475772050889603
leaf_weight=3.8594892993569418 15.673337593674662 147.22841146588326 2.7211345285177222 8.6237547621130926 90.796899680048227 103.08795154094696 53.678241405636072 6.6391608864069012 7.27229444310069 13.746846128255129 11.001163512468343 11.891908019781107 1.7581837251782406
leaf_count=23 310 918 14 51 628 432 582 27 37 81 47 52 23
internal_value=0.000116787 0.00212943 0.0154618 -0.000685094 0.00968124 -0.0048024 0.00702976 -0.0155508 -0.00140025 0.0143662 -0.0274716 -0.0391463 0.0427435
internal_weight=477.979 423.568 73.8309 349.737 99.4207 250.316 56.3994 54.4109 24.8786 17.6063 29.5322 22.8931 17.4315
internal_count=3225 2958 929 2029 679 1350 596 267 141 104 126 99 333
is_linear=0
shrinkage=0.04


Tree=55
num_leaves=13
num_cat=0
split_feature=24 61 60 25 61 4 61 46 61 30 43 22
split_gain=8.74047 9.2964 10.3744 8.90461 8.62959 10.986 8.73707 5.36196 6.74508 11.8412 9.18183 0.0146203
threshold=1.0000000180025095e-35 0.39555036643871327 0.22319444614332326 0.50000000000000011 0.54937409373594048 1.0000000180025095e-35 0.50173165770626571 -0.18334098009676494 0.50030476002223578 -0.9392950350189363 0.46698704142161923 2.076543273080397
decision_type=2 2 2 2 2 2 2 2 2 2 2 2
left_child=7 2 11 -4 6 -6 -3 -1 10 -10 -9 -2
right_child=1 4 3 -5 5 -7 -8 8 9 -11 -12 -13
leaf_value=0.053071333997525089 0.042291894204350193 0.00030854498877804811 0.043832618492012879 -6.9336664204373171e-05 -0.00067479041332107375 0.027086003875388155 -0.015961603322277224 0.013714636816864634 -0.0085594793794419068 -0.061133433342004509 -0.040957434699196257 0.046732144974419847
leaf_weight=1.7886102497577656 15.506299443542959 174.76953338086605 8.7609936259686929 47.309244249016047 63.167798362672329 35.698408488184214 75.674029007554054 17.265806272625927 16.296612769365314 11.830416679382322 6.8708094805479041 1.2847918421030033
leaf_count=8 321 1033 128 468 428 251 317 103 69 52 35 12
internal_value=0.000114441 0.00205347 0.0150501 0.00679036 -0.000657446 0.00934902 -0.00460764 -0.0150302 -0.0173608 -0.0306724 -0.0018485 0.0426316
internal_weight=476.223 422.171 72.8613 56.0702 349.31 98.8662 250.444 54.0523 52.2636 28.127 24.1366 16.7911
internal_count=3225 2958 929 596 2029 679 1350 267 259 121 138 333
is_linear=0
shrinkage=0.04


Tree=56
num_leaves=15
num_cat=0
split_feature=61 52 25 51 61 9 39 59 45 41 45 37 41 59
split_gain=8.15807 12.1425 10.1596 11.326 8.75488 8.58179 7.45984 10.1846 6.99241 6.92469 5.71291 4.46239 4.22676 0.0027331
threshold=0.45682435605034194 -0.19620155910499551 0.25000000000000006 -0.11668979605691561 0.58348750213999867 0.0010005166630206138 0.0081825478310679749 -0.14496409816329484 0.54429374908342143 -3.3724723583361534e-05 0.86506991518029219 0.63824068453883653 -0.00012404724830788655 0.25947544281208473
decision_type=2 2 2 2 2 2 2 2 2 2 2 2 2 2
left_child=1 2 13 -4 6 8 9 -8 -6 -2 -7 12 -3 -1
right_child=4 11 3 -5 5 10 7 -9 -10 -11 -12 -13 -14 -15
leaf_value=0.043406712180657524 0.039372073751520992 -0.0087620284224773984 -0.029206590361237662 0.0038102367983908619 0.026355529863737848 0.023492833615882131 -0.048616913755575933 -0.0085501847675783019 -0.022072337144351195 -0.0015036521140461884 -0.030477156594438306 -0.02632891249847099 0.036758057485882865 0.045313899839038364
leaf_weight=1.463988471776245 9.1427614688873273 3.6744046211242667 19.395024038851261 116.33593729510903 6.3615291565656689 40.185284249484539 10.748175591230391 182.62148296833038 19.072835840284824 24.138766214251518 3.4039616957306853 2.2688736133277407 29.20568573102355 6.7240439653396606
leaf_count=23 41 45 97 1011 51 324 49 830 125 113 28 34 387 67
internal_value=0.000112359 0.00685023 0.00170266 -0.000907641 -0.00396826 0.00850437 -0.00776664 -0.0107772 -0.00995978 0.00972531 0.0192782 0.0279272 0.0316711 0.0449729
internal_weight=474.743 179.068 143.919 135.731 295.675 69.0236 226.651 193.37 25.4344 33.2815 43.5892 35.149 32.8801 8.18803
internal_count=3225 1664 1198 1108 1561 528 1033 879 176 154 352 466 432 90
is_linear=0
shrinkage=0.04


Tree=57
num_leaves=13
num_cat=0
split_feature=24 61 22 42 42 46 22 3 8 43 27 59
split_gain=8.1139 8.72493 9.95821 8.29917 9.5414 6.09453 5.72303 5.10632 7.71678 5.44182 6.10182 1.78907
threshold=1.0000000180025095e-35 0.33384172753933783 2.076543273080397 0.0013536314987851832 0.0007753716173274619 -0.13004981032012353 1.0538033036650585 0.0089382963905447529 -0.0035825625298291993 0.086300861506556484 -1.911217230121925 0.44956122641060514
decision_type=2 2 2 2 2 2 2 2 2 2 2 2
left_child=7 2 11 4 -3 -4 -5 9 -9 -1 -11 -2
right_child=1 3 5 6 -6 -7 -8 8 -10 10 -12 -13
leaf_value=-0.052922421963306591 0.041003399260511386 -0.0047796459064384251 -0.052799328915770299 -0.062820944538164655 0.0078720276707122672 0.033309340336353882 -0.0084191689641178371 -0.017525392384620041 0.054052080425451912 -0.036728867559959702 -0.0024833339754347745 -0.0080286749885288607
leaf_weight=6.932463474571704 18.714826319366701 189.97455849871039 3.6727484837174416 5.340256102383135 191.53340439870954 2.0487210154533377 7.355672437697649 5.9973287135362625 4.0288496613502485 12.706508815288538 24.140747480094436 1.2715551778674115
leaf_count=33 333 1213 25 29 1289 20 39 28 20 57 129 10
internal_value=0.000111789 0.00198571 0.0245639 0.000513279 0.00157204 -0.0219659 -0.031302 -0.0145126 0.0112368 -0.0204096 -0.0142927 0.0378839
internal_weight=473.718 419.912 25.7079 394.204 381.508 5.72147 12.6959 53.8059 10.0262 43.7797 36.8473 19.9864
internal_count=3225 2958 388 2570 2502 45 68 267 48 219 186 343
is_linear=0
shrinkage=0.04


Tree=58
num_leaves=13
num_cat=0
split_feature=61 55 58 20 61 56 29 1 22 20 13 52
split_gain=7.50579 6.81053 6.70475 6.66483 6.59866 6.18295 6.224 6.039 5.60735 0.924875 0.626476 0.00725365
threshold=0.37262469201788934 0.41169937644814864 -0.329088088439072 0.0029584819410759505 0.69199174220727755 0.17687608455211387 0.0077320255507065455 -16.799372252255122 -1.0000000180025095e-35 0.0028231362768618008 0.0006663275723178501 0.1876469212277293
decision_type=2 2 2 2 2 2 2 2 2 2 2 2
left_child=1 7 -3 -4 5 6 -2 8 -1 -9 11 -6
right_child=4 2 3 -5 10 -7 -8 9 -10 -11 -12 -13
leaf_value=0.020716316771826403 0.022054037409986859 -0.052558246277048443 0.014108450472652594 -0.058678395782991083 0.043157943241398454 -0.054595073442423425 -0.0029143554068922256 0.042704791376816875 -0.049430680405350785 0.010974323166408095 0.012854428945811618 0.046189252625941049
leaf_weight=6.2295952662825584 16.654501959681511 3.4433047622442272 21.246232554316524 2.2234563231468192 3.1057473421096793 3.5932521149516097 390.83315734192729 17.884528525173668 2.5777793787419814 1.6013750955462445 1.2481993138790128 2.1287497207522392
leaf_count=84 98 20 233 11 48 19 2283 351 21 21 17 19
internal_value=0.000109518 0.0139707 -0.000434418 0.00721282 -0.00172308 -0.00235453 -0.00189387 0.0276731 0.000185399 0.0400971 0.0383186 0.0443907
internal_weight=472.77 55.2063 26.913 23.4697 417.564 411.081 407.488 28.2933 8.80737 19.4859 6.4827 5.2345
internal_count=3225 741 264 244 2484 2400 2381 477 105 372 84 67
is_linear=0
shrinkage=0.04


Tree=59
num_leaves=14
num_cat=0
split_feature=24 61 22 42 42 39 41 61 1 42 32 61 48
split_gain=7.48154 7.91394 9.43175 7.56124 8.88935 6.07741 5.62814 4.57812 8.09136 8.09081 9.05468 7.50285 1.71016
threshold=1.0000000180025095e-35 0.33384172753933783 2.076543273080397 0.0013536314987851832 0.0007753716173274619 0.13363386485780784 2.6528171902443873e-05 0.50030476002223578 -19.213592359563332 0.00060879455684208596 -0.28712019894995822 0.46429982030483546 -0.44290490000486277
decision_type=2 2 2 2 2 2 2 2 2 2 2 2 2
left_child=7 2 12 4 -3 -5 -4 8 -1 -9 -11 -10 -2
right_child=1 3 6 5 -6 -7 -8 9 11 10 -12 -13 -14
leaf_value=-0.03791477257106126 -0.0074051827757695256 -0.0045687909656580566 -0.053536950626941096 -0.066100394725075118 0.00764999277676534 -0.0088443871287592953 0.027335110687902599 0.014035797179899244 -0.0052465877777156658 -0.010131372937744545 -0.061168765413564974 0.050083545415229691 0.040709248042928657
leaf_weight=6.9451129138469723 1.2666905894875586 190.28712643310428 3.4303794503211966 4.6650129407644263 190.77418069913983 8.1451139003038389 2.3000095076858997 6.6229881793260601 11.878757081925871 10.837537676095968 11.425216719508166 5.8535026758909217 17.672451756894588
leaf_count=37 10 1213 18 20 1289 48 27 27 75 47 52 29 333
internal_value=0.000107444 0.0019088 0.0238866 0.000532258 0.00154841 -0.0296951 -0.0210773 -0.0139683 -0.00131623 -0.0247772 -0.0363237 0.0130182 0.0374913
internal_weight=472.104 418.541 24.6695 393.871 381.061 12.8101 5.73039 53.5631 24.6774 28.8857 22.2628 17.7323 18.9391
internal_count=3225 2958 388 2570 2502 68 45 267 141 126 99 104 343
is_linear=0
shrinkage=0.04


Tree=60
num_leaves=14
num_cat=0
split_feature=4 24 61 61 41 61 49 53 61 30 44 61 24
split_gain=7.25222 13.3828 12.061 21.864 9.33696 9.98039 14.5883 9.11841 7.07111 12.3808 11.0835 5.42001 3.30413
threshold=1.0000000180025095e-35 0.22499999999962497 0.53963055539642524 0.4390974430764511 1.2955937328988181e-05 0.60329570012656719 -0.29804245002690061 -0.0029150297866531575 0.50327443627694335 -1.0818855863537655 0.018597681285765662 0.51185960629536154 0.024999999999958254
decision_type=2 2 2 2 2 2 2 2 2 2 2 2 2
left_child=4 2 3 -2 5 6 -1 -4 10 -10 -6 -3 -7
right_child=1 11 7 -5 8 12 -8 -9 9 -11 -12 -13 -14
leaf_value=-0.058939216463118255 0.022418892779704352 -0.0019436828469970478 0.038681372591952597 -0.012057474581307372 0.0012267070084088765 0.0040198723642094472 -0.00078233867009309867 -0.0064322753586999529 -0.082492839268278328 -0.017981487754186513 -0.068875501382231114 -0.066599399167137197 0.033892840507819273
leaf_weight=7.1450314857065669 52.244053661823273 3.3927978798747045 31.078081555664539 67.400480628013611 35.317039035260677 9.0972546264529246 202.19545381143689 9.317593324929474 6.1291528083384064 21.30628352239728 4.0192395597696295 5.3387570790946484 16.983791589736938
leaf_count=35 663 21 208 333 251 59 1238 62 38 115 18 28 156
internal_value=0.000104655 0.00674657 0.00937754 0.002997 -0.00360479 0.000139711 -0.0027673 0.0282755 -0.016807 -0.0323935 -0.00593608 -0.0414763 0.0234729
internal_weight=470.965 168.772 160.04 119.645 302.193 235.422 209.34 40.3957 66.7717 27.4354 39.3363 8.73155 26.081
internal_count=3225 1315 1266 996 1910 1488 1273 270 422 153 269 49 215
is_linear=0
shrinkage=0.04


Tree=61
num_leaves=14
num_cat=0
split_feature=23 52 32 6 23 23 60 47 0 23 39 43 4
split_gain=6.81044 17.4871 17.9761 12.033 12.6475 11.1699 22.4891 10.9071 7.31 7.25501 5.56882 4.88471 3.2956
threshold=4.0043249329597446 -0.55191729418691693 -0.34285956570201825 0.0022533882958636004 7.9129085637710395 0.60667725441416043 0.35321809804718829 -0.25027304913326454 26.653061973464009 0.12067152293673232 0.62547329785664296 0.1343472613474691 1.0000000180025095e-35
decision_type=2 2 2 2 2 2 2 2 2 2 2 2 2
left_child=1 2 11 4 10 7 -7 -3 -6 -4 -2 -1 -5
right_child=3 5 9 12 8 6 -8 -9 -10 -11 -12 -13 -14
leaf_value=-0.028921717360744267 0.028578616048109455 0.010325279210650023 -0.11698927404834385 -0.056739589810403654 0.023692827134643185 0.0042191378688860495 -0.037353425425695461 -0.014948702638906916 -0.0072778021609247656 -0.049958136817514182 0.0090694152605100328 0.031278256320442586 -0.012948453993180356
leaf_weight=3.7702429071068781 45.4653932582587 131.26644417643547 3.5861127227544776 5.5025607943534833 14.488005850464104 51.215909687802196 35.080586232244968 34.500386141240597 77.002211630344391 9.2402921169996244 48.258474407717586 5.0387673042714596 5.4961720742285252
leaf_count=19 390 819 16 26 82 409 209 228 524 50 388 26 39
internal_value=0.000104744 -0.0039725 -0.0384833 0.00579212 0.00820601 -0.00101033 -0.0126806 0.00506511 -0.00237342 -0.0686993 0.0185333 0.00551276 -0.0348567
internal_weight=469.912 273.699 21.6354 196.213 185.214 252.063 86.2965 165.767 91.4902 12.8264 93.7239 8.80901 10.9987
internal_count=3225 1776 111 1449 1384 1665 618 1047 606 66 778 45 65
is_linear=0
shrinkage=0.04


Tree=62
num_leaves=13
num_cat=0
split_feature=24 61 22 61 24 41 3 61 43 54 55 48
split_gain=6.89094 7.40609 8.79869 7.01447 7.33323 4.88496 4.85265 5.71984 8.59833 8.2823 3.40291 1.65216
threshold=1.0000000180025095e-35 0.33384172753933783 2.076543273080397 0.64319662292269875 0.22499999999962497 2.6528171902443873e-05 0.011422937113461902 0.50030476002223578 0.46698704142161923 0.12656213972738714 -0.38066622390826538 -0.44290490000486277
decision_type=2 2 2 2 2 2 2 2 2 2 2 2
left_child=6 2 11 4 -3 -4 7 8 -1 -9 -5 -2
right_child=1 3 5 10 -6 -7 -8 9 -10 -11 -12 -13
leaf_value=0.015883178616495911 -0.0068600894588966774 0.00056425884755012762 -0.049353541559812822 -0.0096173484030005127 -0.027353604106976508 0.026538585742729694 0.022054522525823579 -0.040198363367687902 -0.037886242655273537 0.019197479458435435 0.035111715121863278 0.040458203379405484
leaf_weight=14.187503837049009 1.2696242406964362 360.06377560086548 3.4860805124044409 3.42552696540952 15.710811894387005 2.2219695523381233 5.523420348763465 21.867363750934604 7.1597883291542521 4.5353550761938086 13.239265121519564 16.842815026640892
leaf_count=87 10 2275 18 28 84 27 28 97 35 20 183 333
internal_value=0.000104157 0.00183772 0.023494 0.000523216 -0.000602963 -0.0198111 -0.0134413 -0.0175472 -0.00215085 -0.0299956 0.0259174 0.0371413
internal_weight=469.533 416.26 23.8205 392.439 375.775 5.70805 53.2734 47.75 21.3473 26.4027 16.6648 18.1124
internal_count=3225 2958 388 2570 2359 45 267 239 122 117 211 343
is_linear=0
shrinkage=0.04


Tree=63
num_leaves=11
num_cat=0
split_feature=4 24 61 61 2 53 61 61 44 56
split_gain=6.56018 11.6507 11.509 20.1704 8.86888 8.71543 8.27206 11.3768 10.2192 4.80427
threshold=1.0000000180025095e-35 0.22499999999962497 0.53963055539642524 0.4390974430764511 1.0887306065296805 -0.0029150297866531575 0.50173165770626571 0.51635660205834877 0.018418287871447024 0.028010071384508898
decision_type=2 2 2 2 2 2 2 2 2 2
left_child=4 2 3 -2 6 -4 8 -8 -1 -3
right_child=1 9 5 -5 -6 -7 7 -9 -10 -11
leaf_value=-0.035218879811587722 0.021718754010842906 -0.0046455747423868998 0.038000116103926056 -0.011603601090925229 -0.064720048017503765 -0.0062178072467063243 -0.039883980825256446 -0.0055014163657881232 0.0057911794275284281 -0.063801626729279554
leaf_weight=10.365806099027393 50.989208746701479 3.896649979054926 30.357105288654566 67.593830347061157 3.7301016375422469 9.3221206367015821 17.832760781049728 112.77943620830774 156.5378983579576 5.0347288735210896
leaf_count=65 663 24 208 333 23 62 76 642 1104 25
internal_value=0.000101915 0.00645583 0.00896424 0.00272459 -0.00342455 0.0276117 -0.00265606 -0.0101957 0.00324419 -0.0379926
internal_weight=468.44 167.194 158.262 118.583 301.246 39.6792 297.516 130.612 166.904 8.93138
internal_count=3225 1315 1266 996 1910 270 1887 718 1169 49
is_linear=0
shrinkage=0.04


Tree=64
num_leaves=15
num_cat=0
split_feature=4 61 61 23 56 41 61 49 3 21 32 32 3 41
split_gain=6.07898 9.31151 17.9173 8.52554 14.686 8.35606 9.21283 13.1384 7.8604 7.37721 6.56913 8.50975 6.38405 5.76985
threshold=1.0000000180025095e-35 0.43830372947973434 0.54774889618850542 2.6101364596150467 0.064432941255715512 1.2955937328988181e-05 0.60329570012656719 -0.29804245002690061 0.0026212773598563504 0.0033363996970383505 -0.34285956570201825 -0.097692340470337979 0.0024334306742735505 4.0050144885276741e-05
decision_type=2 2 2 2 2 2 2 2 2 2 2 2 2 2
left_child=5 3 8 4 -2 6 7 -1 -3 -4 13 -12 -8 -7
right_child=1 2 9 -5 -6 10 12 -9 -10 -11 11 -13 -14 -15
leaf_value=-0.05535681070928148 0.016018414238433372 0.036821194234505174 0.032513160674440413 0.036138334104598838 -0.073696207731623206 -0.024165050597469765 -0.045433885282654914 -0.00059485457101333332 -0.014093638315199107 -0.011076455189299709 -0.065038658881565015 -0.017146727087451928 0.028824888988755994 0.016740097426876984
leaf_weight=7.2622919455170623 20.452787086367611 5.1930780708789817 28.742900151759386 26.623702120035887 3.4055176079273215 8.8661954700946826 2.0109168067574528 201.58927669748664 73.757914945483208 7.9250541552901259 7.0964145250618449 36.310348190367222 23.489750891923904 14.60720109567046
leaf_count=35 274 27 207 373 19 61 13 1238 359 56 40 223 202 98
internal_value=0.000100878 0.00624453 -1.35014e-05 0.0205773 0.00321261 -0.00328676 0.000272206 -0.00249906 -0.0107447 0.0230921 -0.0157576 -0.0249764 0.022969 0.00128971
internal_weight=467.333 166.101 115.619 50.482 23.8583 301.232 234.352 208.852 78.951 36.668 66.8802 43.4068 25.5007 23.4734
internal_count=3225 1315 649 666 293 1910 1488 1273 386 263 422 263 215 159
is_linear=0
shrinkage=0.04


Tree=65
num_leaves=13
num_cat=0
split_feature=61 55 61 58 1 56 29 20 22 20 13 48
split_gain=5.70595 6.24816 5.9926 5.94962 5.71373 5.66843 5.7354 5.48793 4.65581 1.03326 0.630384 0.00706074
threshold=0.37262469201788934 0.41169937644814864 0.69199174220727755 -0.329088088439072 -16.799372252255122 0.17687608455211387 0.0077320255507065455 0.0029584819410759505 -1.0000000180025095e-35 0.0028231362768618008 0.0006663275723178501 0.13674384062033701
decision_type=2 2 2 2 2 2 2 2 2 2 2 2
left_child=1 4 5 -3 8 6 -2 -5 -1 -6 11 -4
right_child=2 3 10 7 9 -7 -8 -9 -10 -11 -12 -13
leaf_value=0.019327710936412845 0.021589918522496344 -0.050042496950403054 0.04285776843459322 0.012630693573565005 0.042398450265206764 -0.05196983425998343 -0.002587366322431645 -0.054847628542809945 -0.044502082566157133 0.0072864183445194575 0.011904407214996427 0.04591460857084767
leaf_weight=5.921376820653677 16.360406197607517 3.4739992097020176 2.7586619295179835 20.282383825629953 16.082821715623144 3.6079961135983458 388.2554291523993 2.1310261040925971 2.6451520361006278 1.4629481453448523 1.2043787389993665 2.1522122099995613
leaf_count=84 98 20 47 233 351 19 2283 11 21 21 17 20
internal_value=0.000101362 0.012591 -0.0014661 -0.00133458 0.0263967 -0.00205487 -0.00160977 0.00621498 -0.000381498 0.0394708 0.0378374 0.0441974
internal_weight=466.339 51.9997 414.339 25.8874 26.1123 408.224 404.616 22.4134 8.56653 17.5458 6.11525 4.91087
internal_count=3225 741 2484 264 477 2400 2381 244 105 372 84 67
is_linear=0
shrinkage=0.04


Tree=66
num_leaves=14
num_cat=0
split_feature=23 52 32 22 6 23 52 57 61 0 23 43 4
split_gain=5.84702 14.3267 17.2799 11.435 10.6363 11.9367 10.2384 8.08046 7.86375 6.88191 6.21546 5.04777 2.66629
threshold=4.1163680869716961 -0.55191729418691693 -0.34285956570201825 -0.47411130492893411 0.0022533882958636004 7.9129085637710395 -0.44510599767547787 0.41882304814682358 0.4605642113812865 26.653061973464009 0.14293239831315518 0.1343472613474691 1.0000000180025095e-35
decision_type=2 2 2 2 2 2 2 2 2 2 2 2 2
left_child=1 2 11 6 5 8 -3 -5 -2 -7 -4 -1 -6
right_child=4 3 10 7 12 9 -8 -9 -10 -11 -12 -13 -14
leaf_value=-0.027531238074501422 0.0323451820302929 -0.084991526582360422 -0.1056411973323577 -0.00038544442483582166 -0.052248497144013452 0.022979934335691069 -0.015269163243239663 0.025462953657273361 0.0082829069663127083 -0.0072050070890077459 -0.045697100329963665 0.032891741365067437 -0.012836421064282028
leaf_weight=3.7769115865230578 36.721175769343972 3.91595630347729 3.9693928062915793 202.09998411498964 5.554193973541258 14.348308127373455 24.163319189101458 21.399241924285889 53.232986494898796 76.615340653806925 9.1408797428011876 5.339545801281929 5.432873509824276
leaf_count=19 430 17 17 1407 26 82 152 106 329 524 50 28 38
internal_value=9.93381e-05 -0.00365291 -0.034436 -0.000933256 0.00545296 0.00777362 -0.0249927 0.00208945 0.0181056 -0.00244373 -0.0638464 0.00785874 -0.0327601
internal_weight=465.71 273.805 22.2267 251.579 191.905 180.918 28.0793 223.499 89.9542 90.9636 13.1103 9.11646 10.9871
internal_count=3225 1796 114 1682 1429 1365 169 1513 759 606 67 47 64
is_linear=0
shrinkage=0.04


Tree=67
num_leaves=14
num_cat=0
split_feature=23 52 32 23 60 61 6 23 61 9 43 38 61
split_gain=5.40357 13.0726 15.5516 10.544 19.6547 11.8841 9.77774 11.1759 7.59647 5.7479 5.55492 4.78115 2.17771
threshold=4.1163680869716961 -0.55191729418691693 -0.34285956570201825 0.60667725441416043 0.35321809804718829 0.49906527478722357 0.0022533882958636004 7.9129085637710395 0.4605642113812865 0.00093797094543892939 0.26062987282103728 0.55809406687243157 0.46429982030483546
decision_type=2 2 2 2 2 2 2 2 2 2 2 2 2
left_child=1 2 11 5 -5 -3 7 8 -2 -9 -4 -1 -8
right_child=6 3 10 4 -6 -7 12 9 -10 -11 -12 -13 -14
leaf_value=-0.026424192823173792 0.031815708603281749 0.015717647825246969 -0.083023734363893847 0.0035615724831581435 -0.035119676333255669 -0.0057870648862761425 -0.0078413425622837797 0.033899304964902822 0.0079806220811308917 -0.0051275448632685551 -0.030939038578276557 0.032346242400361096 -0.044714402344877655
leaf_weight=3.828190430998804 35.856617128476501 83.006289221346378 7.5091592706739885 51.766380438581109 35.384148616343737 81.475537370890379 4.0366002283990365 6.5022644810378543 53.043273016810417 84.589894730597734 5.8120576068758965 5.2551846280694008 7.0187241397798061
leaf_count=17 430 613 36 426 209 434 28 59 329 547 31 30 36
internal_value=9.83377e-05 -0.00350164 -0.0327803 -0.000894761 -0.0121435 0.00506536 0.00526213 0.00750481 0.0175942 -0.00234176 -0.0602991 0.00757743 -0.031251
internal_weight=465.084 274.037 22.4046 251.632 87.1505 164.482 191.047 179.992 88.8999 91.0922 13.3212 9.08338 11.0553
internal_count=3225 1796 114 1682 635 1047 1429 1365 759 606 67 47 64
is_linear=0
shrinkage=0.04


Tree=68
num_leaves=12
num_cat=0
split_feature=24 22 42 47 3 47 61 61 37 22 15
split_gain=6.18274 6.64288 6.53358 9.76172 11.6944 8.66673 20.1309 17.1281 8.36984 5.04715 5.05665
threshold=1.0000000180025095e-35 0.2889630694055631 0.0007753716173274619 -0.36858955920659192 0.0064500214107287004 0.13974447562391948 0.49906527478722357 0.52091286785371727 0.58347444074536703 0.19081376125841423 -0.0033043746508141995
decision_type=2 2 2 2 2 2 2 2 2 2 2
left_child=1 9 5 4 -4 7 -7 -2 -5 10 -1
right_child=2 -3 3 8 -6 6 -8 -9 -10 -11 -12
leaf_value=-0.04669862085661091 -0.0076838896066718319 0.037372110877364063 0.011280299534312825 0.019053560360241445 -0.013402781033960611 0.027817381109161394 -0.045788475791388443 0.021515441633313714 -0.035723568074985189 -0.049158437894900563 -0.0062164255096694987
leaf_weight=5.710630662739276 123.27290748804808 3.9095120280981055 62.409628894180059 88.612555025145411 60.466863911598921 8.4540564082562941 20.032095402479172 43.479902260005474 4.6998340487480155 6.6659631431102744 36.437933757901192
leaf_count=29 876 19 392 813 365 79 112 259 62 30 189
internal_value=9.80187e-05 -0.0127982 0.00175066 0.00654088 -0.000866112 -0.00355357 -0.0239439 -7.03203e-05 0.0162946 -0.0168163 -0.0117013
internal_weight=464.152 52.724 411.428 216.189 122.876 195.239 28.4862 166.753 93.3124 48.8145 42.1486
internal_count=3225 267 2958 1632 757 1326 191 1135 875 248 218
is_linear=0
shrinkage=0.04


Tree=69
num_leaves=13
num_cat=0
split_feature=24 61 61 59 45 31 3 61 1 56 52 9
split_gain=5.71534 6.17485 6.51667 6.80986 4.69521 5.46164 4.48254 4.82981 9.85463 6.54487 3.02704 1.51055
threshold=1.0000000180025095e-35 0.33384172753933783 0.64319662292269875 0.56772173819010852 0.42695438885444947 -0.27146776672512352 0.011422937113461902 0.50030476002223578 -25.513305884709549 0.060329639859550095 0.21738665576931501 0.0013629335639212083
decision_type=2 2 2 2 2 2 2 2 2 2 2 2
left_child=6 4 3 -3 5 -2 7 8 -1 -9 -4 -6
right_child=1 2 10 -5 11 -7 -8 9 -10 -11 -12 -13
leaf_value=-0.07135165335112556 -0.033407976923352373 0.00044585360558372684 0.030979524039877859 -0.029633828813128652 0.042992593909309713 0.032620647471998339 0.021979398265039109 -0.040215184459114282 0.0085561047413066204 0.0049630729980342644 -0.028309494145909154 0.010622326060787215
leaf_weight=2.8520529121160534 4.2256068922579288 360.17267082072794 14.627530030906202 12.458920314908026 11.095637509599326 3.8130603320896643 5.463455691933631 18.821805566549305 18.402475453913212 7.0530948638916007 1.5210854783654202 2.9118702560663214
leaf_count=14 41 2301 201 58 228 77 28 86 108 31 10 42
internal_value=9.66059e-05 0.00168599 0.000518214 -0.000559859 0.0222794 -0.00208797 -0.0123188 -0.0162948 -0.00216637 -0.0279003 0.0253949 0.0362635
internal_weight=463.419 410.826 388.78 372.632 22.0462 8.03867 52.5929 47.1294 21.2545 25.8749 16.1486 14.0075
internal_count=3225 2958 2570 2359 388 118 267 239 122 117 211 270
is_linear=0
shrinkage=0.04


Tree=70
num_leaves=12
num_cat=0
split_feature=24 23 50 23 20 55 61 3 15 43 44
split_gain=5.29588 6.08802 21.887 11.3193 9.90962 9.4504 9.08043 4.28746 6.32267 4.93739 4.80972
threshold=1.0000000180025095e-35 -0.178281641956923 0.15570218873372407 4.0043249329597446 0.0026714961984405507 0.42181864374765976 0.48764298391571853 0.0089382963905447529 -0.0032107334799814495 0.086300861506556484 0.018442481000240679
decision_type=2 2 2 2 2 2 2 2 2 2 2
left_child=7 2 6 4 -3 -5 -2 9 -9 -1 -11
right_child=1 3 -4 5 -6 -7 -8 8 -10 10 -12
leaf_value=-0.049092639943947088 0.035797909752287242 -0.015423497706952045 -0.077939743589252805 0.010429497147853546 0.0056495230919198901 -0.01402339060455351 0.0056213279146953713 -0.02313069731077939 0.041502478726583185 -0.00154074973159944 -0.032978823797811689
leaf_weight=6.6288835257291785 26.856954142451286 106.13121820241213 4.0482689142227164 149.44549036771059 53.805815994739532 30.438174236565828 39.302768841385841 4.4528652727603912 5.3087349832057935 24.525166425853968 11.408071890473364
leaf_count=33 237 712 17 1187 387 201 217 22 26 125 61
internal_value=9.4256e-05 0.00162353 0.0123467 -0.000591908 -0.00833414 0.00629182 0.0178712 -0.0118897 0.0120193 -0.0173732 -0.0115217
internal_weight=462.352 410.029 70.208 339.821 159.937 179.884 66.1597 52.3237 9.7616 42.5621 35.9332
internal_count=3225 2958 471 2487 1099 1388 454 267 48 219 186
is_linear=0
shrinkage=0.04


Tree=71
num_leaves=11
num_cat=0
split_feature=61 61 60 25 48 29 41 13 48 20
split_gain=5.24591 5.57013 9.29705 9.47606 8.53303 7.4462 4.5828 0.613744 0.00751324 0.00031842
threshold=0.69199174220727755 0.45682435605034194 0.16839918195516648 0.25000000000000006 0.17812695005935711 3.380221082193855 -0.00012784664177389139 0.0006663275723178501 0.13674384062033701 0.0026373085297854005
decision_type=2 2 2 2 2 2 2 2 2 2
left_child=1 2 6 -4 5 -3 -1 8 9 -2
right_child=7 4 3 -5 -6 -7 -8 -9 -10 -11
leaf_value=-0.022267300543118668 0.043083521616285488 0.0011618728630434741 0.044405190257754398 -0.0015611064327449287 -0.057287788155460387 -0.013318019042964152 0.030288584998372073 0.012025092491937625 0.04585028466624072 0.042193753502638022
leaf_weight=2.9351903721690205 1.2821379043161862 202.19250320643187 7.5900517627596846 131.46868787519634 4.6938434094190589 79.034248076379299 27.774990480393171 1.1986844129860399 2.1255098730325699 1.2920079156756399
leaf_count=39 20 1057 95 1114 23 397 416 17 20 27
internal_value=9.26652e-05 -0.000392482 0.00534672 0.000947809 -0.00380021 -0.00290747 0.0252654 0.0375738 0.0440902 0.0426369
internal_weight=461.588 455.69 169.769 139.059 285.921 281.227 30.7102 5.89834 4.69966 2.57415
internal_count=3225 3141 1664 1209 1477 1454 455 84 67 47
is_linear=0
shrinkage=0.04


Tree=72
num_leaves=12
num_cat=0
split_feature=29 61 22 61 61 55 22 13 61 59 52
split_gain=5.17052 9.46718 5.47532 4.91853 5.14548 5.58249 5.06345 0.603023 0.107348 0.0250338 0.00565567
threshold=0.0061624001400801829 0.49734152876319354 -1.0000000180025095e-35 0.69199174220727755 0.37262469201788934 0.41169937644814864 1.3728724401350079 0.0006663275723178501 0.46280803229966089 0.27064190346696598 0.17696794667333723
decision_type=2 2 2 2 2 2 2 2 2 2 2
left_child=1 8 -3 4 5 -2 -6 10 9 -1 -5
right_child=3 2 -4 7 6 -7 -8 -9 -10 -11 -12
leaf_value=0.04504108902520982 0.024944066356755817 0.026981408632602677 -0.042911976713922571 0.04254705532830938 -0.0044331946598812864 -0.002136033533440114 0.0092783300259100809 0.01165462416505627 0.05774556233055677 0.050365563075301649 0.045462097581826511
leaf_weight=2.4455093741416913 23.787770673632622 3.2961925864219666 3.9332074820995322 2.3896124716848126 341.6269770860672 24.96045096218586 49.311926830559969 1.1875458769500253 2.7242152541875839 3.345806747674942 1.9209854602813718
leaf_count=32 464 19 21 45 1990 260 320 17 14 24 19
internal_value=9.12321e-05 0.0226185 -0.0110446 -0.000705495 -0.00117565 0.0110783 -0.00270366 0.0368931 0.0511974 0.0481172 0.0438461
internal_weight=460.93 15.7449 7.2294 445.185 439.687 48.7482 390.939 5.49814 8.51553 5.79132 4.3106
internal_count=3225 110 40 3115 3034 724 2310 81 70 56 64
is_linear=0
shrinkage=0.04


Tree=73
num_leaves=12
num_cat=0
split_feature=2 49 6 29 2 38 29 47 31 3 42
split_gain=4.87909 7.9049 6.38568 6.71167 5.89735 4.72311 4.4829 7.44716 5.38036 4.47776 3.57945
threshold=0.029207293319666702 -0.35034873066369326 -0.0010418050317912498 0.0061624001400801829 0.38303928559027883 -0.028397547844838691 2.1888879867669 -0.39894409432143835 -1.1797799700088112 0.004642175513041101 0.00067155740649237202
decision_type=2 2 2 2 2 2 2 2 2 2 2
left_child=1 -1 6 9 -5 -3 7 -2 -8 -4 -7
right_child=2 5 3 4 -6 10 8 -9 -10 -11 -12
leaf_value=-0.081209473740326443 -0.050899234725093362 -0.092648756811885807 0.046354035395460826 -0.0079707413966498015 0.0025510748003484862 -0.026144037245450655 0.0092888222245058136 0.014849580769699703 0.052292685091819412 -0.0021103544077715106 0.0021072557243538006
leaf_weight=2.5796753019094458 3.3335942775011089 1.0410267747938622 8.0797155089676362 132.52763855271041 238.81875262223184 10.152645405381916 9.22363553568721 15.918100593611596 9.3978550396859628 4.9001570641994467 24.471328422427177
leaf_count=12 15 7 62 848 1819 56 55 104 63 36 148
internal_value=8.92511e-05 -0.0135916 0.00132853 -0.000215735 -0.00120399 -0.00870079 0.0169992 0.00346462 0.0309919 0.0280578 -0.00617675
internal_weight=460.444 38.2447 422.199 384.326 371.346 35.665 37.8732 19.2517 18.6215 12.9799 34.624
internal_count=3225 223 3002 2765 2667 211 237 119 118 98 204
is_linear=0
shrinkage=0.04


Tree=74
num_leaves=13
num_cat=0
split_feature=24 42 23 23 58 51 3 24 43 43 61 36
split_gain=4.84793 5.78565 9.5075 16.2577 15.2462 9.27308 11.3518 6.23669 4.09329 10.607 9.31181 3.9469
threshold=1.0000000180025095e-35 0.0007753716173274619 0.10019904046784341 3.0126639313457919 -0.33422519347263974 -0.051741698032673873 0.0064500214107287004 0.25833333333290281 0.61153972246331145 0.4617693435613755 0.50030476002223578 -0.31309834500631206
decision_type=2 2 2 2 2 2 2 2 2 2 2 2
left_child=8 2 4 -4 -2 6 -3 -7 9 10 -1 -10
right_child=1 5 3 -5 -6 7 -8 -9 11 -11 -12 -13
leaf_value=0.012481659917637875 -0.047689660661016563 0.011227386533470078 -0.026784011197728698 0.0026340790090309059 0.014112877240322657 0.017439081503437256 -0.013083479828402404 -0.050844548449011477 0.038856939650716946 -0.071908695799384845 -0.027640806453393747 -0.012171928295844814
leaf_weight=16.883099265396595 7.0802044942975035 60.778043646365404 53.466768193989992 68.65064993314445 65.191857831552625 88.606448212638497 62.16358945146203 2.1931062676012507 4.6051345020532608 4.9348508268594733 20.484137743711472 5.1231649890542013
leaf_count=104 32 387 323 507 464 856 376 13 20 22 95 26
internal_value=8.73475e-05 0.00155327 -0.00344068 -0.0102461 0.00805833 0.00609508 -0.00106504 0.0157898 -0.0114115 -0.0167918 -0.00951285 0.0119839
internal_weight=460.161 408.131 194.389 122.117 72.2721 213.741 122.942 90.7996 52.0304 42.3021 37.3672 9.7283
internal_count=3225 2958 1326 830 496 1632 763 869 267 221 199 46
is_linear=0
shrinkage=0.04


Tree=75
num_leaves=9
num_cat=0
split_feature=61 56 25 61 29 13 48 20
split_gain=4.74427 5.03099 5.13915 8.63238 6.07065 0.612588 0.00545046 0.000252667
threshold=0.69199174220727755 0.17687608455211387 0.25000000000000006 0.48764298391571853 0.0077320255507065455 0.0006663275723178501 0.13674384062033701 0.0026373085297854005
decision_type=2 2 2 2 2 2 2 2
left_child=1 2 3 -1 -4 6 7 -2
right_child=5 -3 4 -5 -6 -7 -8 -9
leaf_value=0.040495900133251606 0.042858112349885444 -0.046298110485299575 0.023442440379016785 0.0015735027626766079 -0.0023479498706410356 0.011214536193557303 0.045284421450374035 0.042038508810134746
leaf_weight=12.915514891967176 1.1993586830794805 3.7832634076476088 15.169863687828181 30.999001476913691 390.72163848020136 1.1768291629850862 1.9689524471759794 1.207915252074599
leaf_count=151 20 20 107 178 2685 17 20 27
internal_value=8.58338e-05 -0.000364056 2.22901e-05 0.0130208 -0.00138406 0.0368341 0.0437235 0.0424469
internal_weight=459.142 453.589 449.806 43.9145 405.892 5.55306 4.37623 2.40727
internal_count=3225 3141 3121 329 2792 84 67 47
is_linear=0
shrinkage=0.04


Tree=76
num_leaves=14
num_cat=0
split_feature=2 58 9 60 46 23 43 3 2 21 44 56 45
split_gain=4.3443 7.58514 11.475 7.94935 6.50004 7.7059 11.1302 8.42837 7.58129 6.77345 5.48793 5.13194 2.43286
threshold=0.029207293319666702 -0.26447891406388885 0.0011006970266522903 0.37114176122184889 -0.15873110832464105 4.6708685657072069 0.34367534402791949 0.0064500214107287004 0.14357397843296485 -0.0016967746249700998 0.018413679334148524 0.038647025963634465 0.56270767956519985
decision_type=2 2 2 2 2 2 2 2 2 2 2 2 2
left_child=1 3 12 -1 5 6 -2 -7 9 -6 -10 -5 -3
right_child=4 2 -4 11 8 7 -8 -9 10 -11 -12 -13 -14
leaf_value=0.046548921562171025 -0.025061057219329004 -0.039806942601872342 0.005969925521819546 -0.057945270529900415 0.036715648002549964 0.020476819009206195 0.0028335080901973585 -0.0098724030590711803 -0.055497804505999442 -0.016817327742395204 0.0034905552663426222 -0.0028841009439290522 -0.089911909030958789
leaf_weight=4.6748316250741508 51.095243394374847 2.3531563095748407 5.1764653474092484 3.1754082962870624 19.515380330383781 30.615454323589802 41.455525005236268 28.059600975364447 2.5499957501888266 4.6906616911292067 242.48562719859183 18.415042106062174 4.5457563083618879
leaf_count=28 274 16 33 18 129 210 235 169 13 38 1934 103 25
internal_value=8.36779e-05 -0.012806 -0.0390453 -0.000742515 0.00125903 -0.00537702 -0.0125665 0.00596321 0.00498632 0.026342 0.00287669 -0.0109822 -0.0728216
internal_weight=458.808 38.3407 12.0754 26.2653 420.467 151.226 92.5508 58.6751 269.242 24.206 245.036 21.5905 6.89891
internal_count=3225 223 74 149 3002 888 509 379 2114 167 1947 121 41
is_linear=0
shrinkage=0.04


Tree=77
num_leaves=12
num_cat=0
split_feature=61 19 49 42 1 24 61 61 13 52 42
split_gain=4.54898 4.6693 10.3866 10.8596 8.99426 8.834 7.91303 7.33986 0.609795 0.00479472 0.000274641
threshold=0.69199174220727755 -0.62456090822098753 -0.26389290085821615 0.00078808984785537722 7.8969279529555942 0.22499999999962497 0.50828517071832746 0.5196258450428608 0.0006663275723178501 0.17696794667333723 0.00074580336337557427
decision_type=2 2 2 2 2 2 2 2 2 2 2
left_child=1 2 3 -1 -4 7 -7 -3 9 10 -2
right_child=8 5 4 -5 -6 6 -8 -9 -10 -11 -12
leaf_value=-0.062117886865057308 0.042801021677310924 0.00018772889591204197 -0.0041945963207406182 0.012157815269928554 0.044983076570955322 0.013225928419403453 -0.060446860961787828 0.015173130497756534 0.010980849108913978 0.045074739959946077 0.041932678845397357
leaf_weight=9.6535200253128988 1.1788251437246793 179.53433736041188 169.0224363990128 4.674586594104766 6.1675720997154704 3.6671680025756341 6.4099233038723469 73.79066363722086 1.1708744838833807 1.9103938378393648 1.1525773033499715
leaf_count=46 20 1506 1023 30 50 23 31 432 17 20 27
internal_value=8.23994e-05 -0.000353234 -0.00514129 -0.0378852 -0.00246329 0.00309178 -0.0336365 0.0045528 0.0365352 0.0435891 0.0423717
internal_weight=458.333 452.92 189.518 14.3281 175.19 263.402 10.0771 253.325 5.41267 4.2418 2.3314
internal_count=3225 3141 1149 76 1073 1992 54 1938 84 67 47
is_linear=0
shrinkage=0.04


Tree=78
num_leaves=15
num_cat=0
split_feature=24 19 14 10 22 38 38 23 60 23 48 6 42 42
split_gain=4.39187 7.731 9.33143 6.70736 8.01356 6.12073 5.91296 5.86506 19.2905 11.8861 9.62565 9.02098 8.75697 5.11696
threshold=0.024999999999958254 -0.74024274229994103 -0.00010492447158734999 0.00061856005484455011 0.3184878301937728 0.010216190324225513 -0.06295360455440073 0.089733858215261114 0.66771847316601562 3.8644329665933896 0.17132040421765157 0.0022533882958636004 0.00074187519061922594 0.00068206818770019499
decision_type=2 2 2 2 2 2 2 2 2 2 2 2 2 2
left_child=1 2 6 5 -5 -3 -1 8 10 12 -2 -11 -9 -4
right_child=7 3 13 4 -6 -7 -8 9 -10 11 -12 -13 -14 -15
leaf_value=-0.09419022980961915 0.022867900017133205 0.039227705709837205 -0.091626760229389412 -0.030400396720208136 0.024861075399454674 0.0032650786816301918 -0.0068567779989701016 -0.024794695141523673 -0.055217867332039865 0.0096603438149637771 -0.028588298833206932 -0.03153424893899856 -0.00089133346255016767 -0.032198564763861709
leaf_weight=1.2793043516576279 64.339428815990686 8.822227478027342 3.441203795373438 17.292053801938895 5.5448705572634926 53.440449668094516 40.794935040175915 42.231473613530397 6.22754181921482 133.49074256233871 6.3948043175041667 9.0841721408069116 58.477179696783423 7.1034215185791254
leaf_count=8 469 63 18 121 42 376 224 246 26 1048 42 54 439 49
internal_value=8.07209e-05 -0.00589258 -0.017945 0.00155969 -0.0169828 0.00836076 -0.00951223 0.00264948 0.0122739 -0.000395157 0.0182159 0.00703563 -0.010915 -0.0515928
internal_weight=457.964 137.718 52.6189 85.0996 22.8369 62.2627 42.0742 320.245 76.9618 243.284 70.7342 142.575 100.709 10.5446
internal_count=3225 901 299 602 163 439 232 2324 537 1787 511 1102 685 67
is_linear=0
shrinkage=0.04


Tree=79
num_leaves=12
num_cat=0
split_feature=61 61 52 25 53 3 29 31 13 52 42
split_gain=4.30449 4.62161 8.70945 8.38186 7.89256 14.1702 7.22122 4.78735 0.600888 0.0043165 0.000221168
threshold=0.69199174220727755 0.45682435605034194 -0.19620155910499551 0.25000000000000006 -0.0024875177354983656 0.0031122041451021004 3.3387838217110137 1.9147220536165095 0.0006663275723178501 0.17696794667333723 0.00074580336337557427
decision_type=2 2 2 2 2 2 2 2 2 2 2
left_child=1 2 3 -1 6 -6 -3 -4 9 10 -2
right_child=8 4 7 -5 5 -7 -8 -9 -10 -11 -12
leaf_value=0.044048647991961981 0.04264199825143427 0.0043035389336217042 0.028822049729597895 -0.0015660672745008337 -0.073521678483392111 -0.0097408871549261224 -0.011106359489466575 -0.034862277702348947 0.010835225642431173 0.044865777063283901 0.041844176634240261
leaf_weight=6.7796787433326235 1.1209751665592187 163.28708888590336 27.865843886509541 130.72684964351356 6.3475851453840724 45.692156936973333 69.307142104953527 2.0259540490806094 1.1640975847840307 1.8387456573545931 1.1029428280889986
leaf_count=90 20 851 432 1108 30 248 348 34 17 20 27
internal_value=8.02333e-05 -0.000337089 0.00493691 0.00068294 -0.00343882 -0.0175206 -0.000288217 0.0245058 0.036172 0.0434319 0.0422463
internal_weight=457.259 452.032 167.398 137.507 284.634 52.0397 232.594 29.8918 5.22676 4.06266 2.22392
internal_count=3225 3141 1664 1198 1477 278 1199 466 84 67 47
is_linear=0
shrinkage=0.04


Tree=80
num_leaves=10
num_cat=0
split_feature=61 56 24 61 24 52 31 44 51
split_gain=4.16898 6.11231 5.15154 5.20631 4.79032 2.40358 2.73737 5.15815 0.789518
threshold=0.64319662292269875 0.17687608455211387 0.24166666666626388 0.51185960629536154 0.041666666666597151 0.21738665576931501 -1.2327619399135061 0.018425520458667886 0.00099535190269437325
decision_type=2 2 2 2 2 2 2 2 2
left_child=1 2 4 -4 -1 6 7 -2 -8
right_child=5 -3 3 -5 -6 -7 8 -9 -10
leaf_value=-0.0042426914230900411 -0.042161704358775691 -0.05387626628059989 0.009551241373672071 -0.048477912739510381 0.0042825029762652697 -0.02814348633855222 0.041667362833611624 0.043425140243351389 0.013676541911755585
leaf_weight=191.56582464650273 2.3503380380570897 3.4259846881031981 3.8639489039778692 6.8756688460707664 234.6096875667572 1.5098812133073796 8.2919336948543769 2.1640626303851604 2.0014988798648128
leaf_count=1271 20 16 21 34 1667 10 128 34 24
internal_value=7.93457e-05 -0.000656377 -0.000239064 -0.0275999 0.000450429 0.0199332 0.0248353 -0.00113405 0.0362247
internal_weight=456.659 440.341 436.915 10.7396 426.176 16.3177 14.8078 4.5144 10.2934
internal_count=3225 3009 2993 55 2938 216 206 54 152
is_linear=0
shrinkage=0.04


Tree=81
num_leaves=10
num_cat=0
split_feature=42 53 23 52 15 23 49 23 0
split_gain=4.05649 8.82604 5.02346 10.1298 11.0912 9.32201 6.74043 6.60389 1.93918
threshold=0.0014719812032598944 -0.026908175295518186 4.1163680869716961 -0.55191729418691693 -0.0011418039044091997 0.65784940729068409 0.41757038840634436 9.4863980057918784 52.135646221575932
decision_type=2 2 2 2 2 2 2 2 2
left_child=2 -2 3 4 -1 -5 7 -4 -3
right_child=1 8 6 5 -6 -7 -8 -9 -10
leaf_value=-0.0018700536395872438 -0.061411346648453338 0.044017599867948419 0.013783364301643414 0.0051773654084139187 -0.058045119873442727 -0.011151105186892449 -0.040636052470940098 -0.0021145918836884266 -0.0094958522188736596
leaf_weight=11.876849543303253 5.1207360234111547 2.0778771098703128 100.56307415105402 161.81340265460312 10.680793095380066 85.501676497980952 4.851037371903657 71.550773274153471 2.2639223765581846
leaf_count=62 35 27 837 1057 52 624 32 477 22
internal_value=7.7393e-05 -0.0258394 0.000626224 -0.00280817 -0.0284683 -0.000467707 0.0058637 0.0071743 0.0161144
internal_weight=456.3 9.46254 446.838 269.873 22.5576 247.315 176.965 172.114 4.3418
internal_count=3225 84 3141 1795 114 1681 1346 1314 49
is_linear=0
shrinkage=0.04


Tree=82
num_leaves=8
num_cat=0
split_feature=57 61 3 38 42 42 22
split_gain=4.44946 4.1735 5.76512 5.35343 5.1441 6.53623 4.97755
threshold=-0.29523877222477396 0.37262469201788934 0.0021387957810014503 0.074697161194162684 0.0013833906416946123 0.0012145427598370295 1.0538033036650585
decision_type=2 2 2 2 2 2 2
left_child=-1 2 -2 -4 5 -3 -6
right_child=1 4 3 -5 6 -7 -8
leaf_value=0.052291337307041774 -0.10125430798664775 -0.0022059128358063655 0.042699404977074258 0.0066143568580684306 -0.063509224691090702 0.018422677793586317 -0.0060349240438843724
leaf_weight=2.5962291099131098 0.72206313721835513 368.93329319916666 7.8939810506999484 39.460504183545709 4.135106109082697 26.329752067103982 5.7822743281722069
leaf_count=26 4 2257 142 587 21 160 28
internal_value=7.55491e-05 -0.00022354 0.0109193 0.0126297 -0.00154569 -0.000831776 -0.0299991
internal_weight=455.853 453.257 48.0765 47.3545 405.18 395.263 9.91738
internal_count=3225 3199 733 729 2466 2417 49
is_linear=0
shrinkage=0.04


Tree=83
num_leaves=12
num_cat=0
split_feature=61 61 52 25 53 3 3 31 13 48 42
split_gain=3.98272 4.20851 8.09601 7.95107 7.51028 12.6158 7.19805 4.47699 0.604682 0.00376627 0.00020863
threshold=0.69199174220727755 0.45682435605034194 -0.19620155910499551 0.25000000000000006 -0.0024875177354983656 0.0031122041451021004 0.0023280701915840505 1.9147220536165095 0.0006663275723178501 0.13674384062033701 0.00074580336337557427
decision_type=2 2 2 2 2 2 2 2 2 2 2
left_child=1 2 3 -1 6 -6 -3 -4 9 10 -2
right_child=8 4 7 -5 5 -7 -8 -9 -10 -11 -12
leaf_value=0.043872990972851147 0.042497701559650762 0.059114047491520792 0.028233834706312175 -0.0014836669600674377 -0.069315020206690545 -0.0095933649256041004 -0.0010298155054179498 -0.032664361788943629 0.010016880913024603 0.044619991834873356 0.041696383157245769
leaf_weight=6.4916702043265095 1.061411131173372 3.2287124693393698 27.057570699602369 130.43917345628142 6.4596780054271212 45.682862732559443 229.12954450398684 2.0799919012933961 1.1343998834490774 1.7582276277244089 1.0189018715173004
leaf_count=90 20 15 432 1108 30 248 1184 34 17 20 27
internal_value=7.37174e-05 -0.000319209 0.00474069 0.000666619 -0.00327276 -0.016992 -0.000194092 0.0238866 0.0356745 0.0432571 0.0421052
internal_weight=455.542 450.569 166.068 136.931 284.501 52.1425 232.358 29.1376 4.97294 3.83854 2.08031
internal_count=3225 3141 1664 1198 1477 278 1199 466 84 67 47
is_linear=0
shrinkage=0.04


Tree=84
num_leaves=12
num_cat=0
split_feature=24 23 50 42 19 51 27 3 15 43 39
split_gain=3.92063 5.17829 17.5356 8.33323 9.22743 8.31912 8.08498 3.75367 5.66791 4.59021 4.99693
threshold=1.0000000180025095e-35 -0.20744415326777457 0.15570218873372407 0.0007753716173274619 1.2452041321338456 -0.051741698032673873 -3.0861798825241062 0.0089382963905447529 -0.0032107334799814495 0.086300861506556484 0.04499067948088311
decision_type=2 2 2 2 2 2 2 2 2 2 2
left_child=7 2 6 4 -3 -5 -2 9 -9 -1 -11
right_child=1 3 -4 5 -6 -7 -8 8 -10 10 -12
leaf_value=-0.046451239481778796 -0.052001532354712721 -0.0029935377058060786 -0.068263634827244249 -0.0022566644663004612 -0.028845166790498995 0.014611523179677129 0.020118542784054508 -0.021404516972350365 0.040532675385529002 0.023202553361643185 -0.016668531851220806
leaf_weight=6.477231763303279 2.5970834866166106 119.5397552549839 4.1121152341365805 110.26690598204732 27.099603896960616 81.249664433300495 58.707208571955562 4.3414859920740128 5.1898686438798887 6.0714571103453627 29.299681454896927
leaf_count=33 15 781 17 695 222 808 420 22 26 33 153
internal_value=7.29678e-05 0.00139789 0.0116996 -0.000594972 -0.00777103 0.00489955 0.0170633 -0.0103339 0.0123206 -0.0154937 -0.00982466
internal_weight=454.952 403.572 65.4164 338.156 146.639 191.517 61.3043 51.3797 9.53135 41.8484 35.3711
internal_count=3225 2958 452 2506 1003 1503 435 267 48 219 186
is_linear=0
shrinkage=0.04


Tree=85
num_leaves=12
num_cat=0
split_feature=29 61 22 24 8 13 13 42 20 61 59
split_gain=3.90606 8.86305 5.14527 4.0987 5.96377 7.26272 5.77219 5.58171 4.90987 0.0659207 0.0196891
threshold=0.0061624001400801829 0.49734152876319354 -1.0000000180025095e-35 0.024999999999958254 -0.00031280036266119997 0.0020963421954455002 0.0049524840112830006 0.00057978206970924395 0.0026687168903256502 0.46280803229966089 0.27064190346696598
decision_type=2 2 2 2 2 2 2 2 2 2 2
left_child=1 9 -3 4 7 -6 8 -2 -5 10 -1
right_child=3 2 -4 6 5 -7 -8 -9 -10 -11 -12
leaf_value=0.044357504308713505 0.023858751395044401 0.025420986197826918 -0.043553126741898041 -0.0015845129023977003 0.0080863251946103713 -0.038702347253550387 -0.052342512337930878 -0.017201762776256405 0.0088171549114352214 0.055156496296373647 0.049356703769347095
leaf_weight=2.1523530725389701 5.7423589080572119 3.1632027886807919 3.8203970566391945 186.72166486084461 50.910222455859184 5.9259485099464646 3.1063390038907519 68.315248424187303 118.80648030526936 2.5322761386632919 3.0420785322785378
leaf_count=32 27 19 21 1322 391 40 18 404 913 14 24
internal_value=7.17309e-05 0.0203472 -0.0123115 -0.000606855 -0.00653819 0.00320797 0.00190866 -0.014018 0.00246024 0.0498649 0.0472852
internal_weight=454.239 14.7103 6.9836 439.528 130.894 56.8362 308.634 74.0576 305.528 7.72671 5.19443
internal_count=3225 110 40 3115 862 431 2253 431 2235 70 56
is_linear=0
shrinkage=0.04


Tree=86
num_leaves=9
num_cat=0
split_feature=57 61 47 38 61 3 61 10
split_gain=4.17105 3.83385 4.90614 5.32537 4.453 9.13855 4.88036 0.103615
threshold=-0.29523877222477396 0.37262469201788934 -0.30372509611062831 0.074697161194162684 0.58348750213999867 0.0026933617708070506 0.49906527478722357 0.0011165658812018002
decision_type=2 2 2 2 2 2 2 2
left_child=-1 2 3 -2 6 -6 -3 -4
right_child=1 4 7 -5 5 -7 -8 -9
leaf_value=0.051722342996471778 0.03773593888039007 0.0006436920099931959 0.041724535009417141 -0.0015411520132677995 -0.04045617701725554 0.012832344313477032 -0.0091296579409748963 0.024705765067853637
leaf_weight=2.4877115227282038 6.6229443028569213 202.24003632366657 6.8460622671991578 33.262428589165211 5.6434634774923316 58.77821933478117 137.21439699828625 0.62460402771830548
leaf_count=26 100 1323 219 396 40 487 616 18
internal_value=7.01316e-05 -0.000214635 0.0105528 0.00498079 -0.00147716 0.00816417 -0.0033069 0.0403016
internal_weight=453.72 451.232 47.356 39.8854 403.876 64.4217 339.454 7.47067
internal_count=3225 3199 733 496 2466 527 1939 237
is_linear=0
shrinkage=0.04


Tree=87
num_leaves=8
num_cat=0
split_feature=57 42 53 23 0 2 0
split_gain=3.969 3.85587 7.98763 4.60779 10.0284 7.64802 1.861
threshold=-0.29523877222477396 0.0014719812032598944 -0.026908175295518186 4.1163680869716961 66.273259184292201 1.1411764324398954 52.135646221575932
decision_type=2 2 2 2 2 2 2
left_child=-1 3 -3 4 -2 -5 -4
right_child=1 2 6 5 -6 -7 -8
leaf_value=0.051242026468840969 -0.0062742185815209163 -0.059954907090780746 0.043349743491807688 0.006466826590264302 0.015287152637687172 -0.058778852673844383 -0.010236596739165157
leaf_weight=2.4121177941560736 225.93725420720875 5.0012971796095371 1.9640501048415879 171.86966397427022 40.737338196486235 2.9234153255820265 2.1967600416392088
leaf_count=26 1453 35 27 1326 320 16 22
internal_value=6.88628e-05 -0.000205055 -0.0258891 0.000327984 -0.00298049 0.00537559 0.0150581
internal_weight=453.042 450.63 9.16211 441.468 266.675 174.793 4.16081
internal_count=3225 3199 84 3115 1773 1342 49
is_linear=0
shrinkage=0.04


Tree=88
num_leaves=12
num_cat=0
split_feature=61 56 24 61 43 43 20 45 20 20 23
split_gain=3.85991 5.52933 4.94971 4.81866 4.20331 2.84222 2.99913 3.5343 0.0229531 0.00110521 0.000372091
threshold=0.64319662292269875 0.17687608455211387 0.24166666666626388 0.51185960629536154 0.33720994067436827 0.27355081231562756 0.0026513590709792505 0.61728524353318026 0.0026348709793131003 0.0026599744565117506 4.0043249329597446
decision_type=2 2 2 2 2 2 2 2 2 2 2
left_child=1 2 4 -4 -1 6 7 -2 -7 -10 -8
right_child=5 -3 3 -5 -6 8 10 -9 9 -11 -12
leaf_value=-0.0034895915641852955 0.02556371797545888 -0.051438134399779567 0.0089214511478403046 -0.04697515580371156 0.0044897536593973414 0.048621652720025756 0.042843929682218389 -0.028143679514588085 0.043771559477620257 0.042251924607945281 0.041948406542011298
leaf_weight=214.25539107061923 3.4833506159484369 3.4012707918882361 3.8358838483691198 6.9177638441324234 208.33754002116621 1.6603856086730946 1.5410022325813773 4.484155897051096 1.2442897427827122 1.9910562280565498 1.432408085092902
leaf_count=1434 41 16 21 34 1504 17 27 36 19 42 34
internal_value=6.69527e-05 -0.000636468 -0.000237733 -0.0270365 0.000444211 0.0194661 0.00813063 -0.0046631 0.0447984 0.0428364 0.0424125
internal_weight=452.584 436.748 433.347 10.7536 422.593 15.8366 10.9409 7.96751 4.89573 3.23535 2.97341
internal_count=3225 3009 2993 55 2938 216 138 77 78 61 61
is_linear=0
shrinkage=0.04


Tree=89
num_leaves=9
num_cat=0
split_feature=57 29 61 22 24 8 23 61
split_gain=3.79457 3.80604 8.38332 4.72851 3.94447 5.79441 5.07347 0.0575691
threshold=-0.29523877222477396 0.0061624001400801829 0.49734152876319354 -1.0000000180025095e-35 0.024999999999958254 0.0018584746283194003 0.089733858215261114 0.46280803229966089
decision_type=2 2 2 2 2 2 2 2
left_child=-1 2 7 -4 5 -3 -6 -2
right_child=1 4 3 -5 6 -7 -8 -9
leaf_value=0.050849345118025316 0.046976876588029473 -0.0099115461927914809 0.024835846065051289 -0.041437393262525248 0.010896967849475348 0.015719804773068363 -0.0012480169490858254 0.054443926878998176
leaf_weight=2.3419298939406863 5.0030242279171926 113.36453745886683 3.1350468955934048 3.8231395147740841 71.952670792117715 16.118371052667499 234.05124907568097 2.4664181470870972
leaf_count=26 56 715 19 21 506 141 1727 14
internal_value=6.53611e-05 -0.000198984 0.0200136 -0.0115776 -0.000868624 -0.00672089 0.00160771 0.0494425
internal_weight=452.256 449.914 14.4276 6.95819 435.487 129.483 306.004 7.46944
internal_count=3225 3199 110 40 3089 856 2233 70
is_linear=0
shrinkage=0.04


Tree=90
num_leaves=12
num_cat=0
split_feature=61 61 47 45 42 42 24 10 10 55 42
split_gain=3.70733 3.79512 4.84827 5.15125 4.59308 5.66048 4.40744 0.71195 0.0858382 0.00477152 0.000327042
threshold=0.69199174220727755 0.37262469201788934 -0.30372509611062831 0.69219696867152336 0.0013833906416946123 0.0012145427598370295 0.058333333333236058 0.00040071501422895005 0.0011165658812018002 -0.38066622390826538 0.00076732687599559261
decision_type=2 2 2 2 2 2 2 2 2 2 2
left_child=1 2 3 -1 5 -3 -6 9 -4 -2 -11
right_child=7 4 8 -5 6 -7 -8 -9 -10 10 -12
leaf_value=-0.00034915727794841971 0.045231275204641513 -0.0021639909861572576 0.041634284901734445 0.044490193296897684 -0.055053773932599519 0.017287131607710865 -0.0017837702009392939 0.0055299473295073861 0.026337834554995349 0.042674669660517264 0.041735609651706557
leaf_weight=34.929536247625947 1.3367403335869315 364.67567165754735 6.7036192249506703 4.6444076374173155 4.9706591218709928 25.619484080001712 4.9696704000234604 1.0148343462496994 0.6433028895407914 1.3053567502647632 1.0879338588565586
leaf_count=417 14 2199 225 79 24 152 25 17 20 24 29
internal_value=6.39038e-05 -0.000309305 0.0104533 0.0049132 -0.00157104 -0.000887194 -0.0284214 0.0352351 0.0402949 0.043317 0.0422478
internal_weight=451.901 447.156 46.9209 39.5739 400.235 390.295 9.94033 4.74487 7.34692 3.73003 2.39329
internal_count=3225 3141 741 496 2400 2351 49 84 245 67 53
is_linear=0
shrinkage=0.04


Tree=91
num_leaves=11
num_cat=0
split_feature=42 53 61 1 45 41 38 53 0 41
split_gain=3.56545 7.21327 5.56288 6.21375 5.4564 3.84873 6.65043 4.56513 1.77274 0.00783704
threshold=0.0014719812032598944 -0.026908175295518186 0.33384172753933783 -15.4649187858231 0.39793649513276974 -0.00020041249571827176 2.771820793773133 -0.20519167461432317 52.135646221575932 -7.1318209232984478e-05
decision_type=2 2 2 2 2 2 2 2 2 2
left_child=2 -2 3 4 -1 7 -7 -4 -3 -5
right_child=1 8 5 9 -6 6 -8 -9 -10 -11
leaf_value=-0.051422372984173688 -0.057347107942932837 0.042816347034044987 -0.033244406503453262 0.045001531801696582 0.019467920389029083 -0.00099077196845903139 -0.047192887333267958 0.015297396840347 -0.01006274884738096 0.042127608204643757
leaf_weight=2.6427951883524683 4.9387713372707367 1.8968583103269319 3.3783112466335288 1.8500515799969441 5.0697556007653475 378.40666399523616 5.0513239018619052 37.60864620283246 2.1803310550749302 8.4630798678845132
leaf_count=27 35 27 19 28 65 2525 36 215 22 226
internal_value=6.27673e-05 -0.024839 0.000570177 0.0223339 -0.00482346 -0.000354102 -0.0015994 0.0112964 0.0145385 0.0426432
internal_weight=451.487 9.01596 442.471 18.0257 7.71255 424.445 383.458 40.987 4.07719 10.3131
internal_count=3225 84 3141 346 92 2795 2561 234 49 254
is_linear=0
shrinkage=0.04


Tree=92
num_leaves=9
num_cat=0
split_feature=57 29 3 60 29 8 56 22
split_gain=3.61949 3.5758 6.40052 3.43933 13.1955 5.16881 2.64405 0.808512
threshold=-0.29523877222477396 0.0061624001400801829 0.004642175513041101 -0.15150917096267888 0.41760155573359165 0.0055319323381411512 0.03561725357963938 -0.23139771002458032
decision_type=2 2 2 2 2 2 2 2
left_child=-1 2 7 4 -3 -5 -4 -2
right_child=1 3 6 5 -6 -7 -8 -9
leaf_value=0.050467488973085929 0.023798924839170562 0.032340157773994724 0.013274340509062352 -0.0005390085038405949 -0.030700004177467696 0.032313754364717409 -0.040152551749827951 0.050860227132692358
leaf_weight=2.2678607758134595 2.5672138687223187 7.1567446496337679 3.1266678851097813 399.04654539935291 20.618069540709257 7.8124411385506383 2.8176976516842842 5.663477946072816
leaf_count=26 21 53 28 2785 172 79 15 46
internal_value=6.16257e-05 -0.000193078 0.0195773 -0.000837866 -0.0144564 9.1825e-05 -0.0120506 0.0424196
internal_weight=451.077 448.809 14.1751 434.634 27.7748 406.859 5.94437 8.23069
internal_count=3225 3199 110 3089 225 2864 43 67
is_linear=0
shrinkage=0.04


Tree=93
num_leaves=12
num_cat=0
split_feature=61 59 25 61 3 49 43 3 0 44 44
split_gain=3.54252 5.07348 6.64906 5.32456 4.16727 3.95181 2.78936 2.98988 4.38834 0.0207434 0.000987969
threshold=0.64319662292269875 0.56772173819010852 0.25000000000000006 0.48272949973624296 0.0028454407967234007 0.25481958771368185 0.27355081231562756 0.0026212773598563504 29.969820150680246 0.018423362491428372 0.018431536922090753
decision_type=2 2 2 2 2 2 2 2 2 2 2
left_child=1 2 3 -1 -4 -3 7 -2 -9 -8 -11
right_child=6 5 4 -5 -6 -7 9 8 -10 10 -12
leaf_value=0.041217729150810588 -0.032871095122703392 -0.0051886151239088135 -0.016244835560119752 0.0065013113236888952 -0.00017273557243416553 -0.050362864627094391 0.048340684627865872 -0.02909026220430606 0.036062551512147982 0.043620677010226878 0.042154723172660613
leaf_weight=10.324861709028481 2.2913352884352198 6.8153716102242452 27.791689286008477 22.412930749356747 362.40965657494962 5.6810938194394112 1.5892144590616215 2.2574703767895681 6.1882819160819054 1.1985428184270861 1.9042265173047779
leaf_count=144 19 32 191 121 2495 26 17 26 93 19 42
internal_value=6.05128e-05 -0.00060691 0.000135264 0.0174502 -0.00131745 -0.0257256 0.0188964 0.00765348 0.0186478 0.0446244 0.042721
internal_weight=450.865 435.436 422.939 32.7378 390.201 12.4965 15.4291 10.7371 8.44575 4.69198 3.10277
internal_count=3225 3009 2951 265 2686 58 216 138 119 78 61
is_linear=0
shrinkage=0.04


Tree=94
num_leaves=8
num_cat=0
split_feature=61 56 59 59 10 55 23
split_gain=3.49261 3.64375 4.40787 4.49864 0.753076 0.00420919 0.000301991
threshold=0.69199174220727755 0.17687608455211387 0.5948402888848231 0.56772173819010852 0.0004757398827470001 -0.38066622390826538 0.089733858215261114
decision_type=2 2 2 2 2 2 2
left_child=1 2 3 -1 5 -2 -7
right_child=4 -3 -4 -5 -6 6 -8
leaf_value=0.00025255663558634617 0.04497962659174929 -0.039570096284972191 0.04846529500094935 -0.030301468119065537 0.0032434802252961567 0.042659657440416839 0.041738714922099469
leaf_weight=431.32744182366878 1.3002105206251147 3.7481472566723815 2.9866499528288832 7.8505008816719046 0.9559710919857024 1.0036752931773656 1.3175894822925327
leaf_count=3063 14 20 18 40 16 19 35
internal_value=5.96724e-05 -0.000297172 3.57373e-05 -0.00029361 0.0348217 0.0431575 0.0421369
internal_weight=450.49 445.913 442.165 439.178 4.57745 3.62148 2.32126
internal_count=3225 3141 3121 3103 84 68 54
is_linear=0
shrinkage=0.04


Tree=95
num_leaves=11
num_cat=0
split_feature=24 0 23 32 23 23 49 12 61 0
split_gain=3.44549 4.49382 10.9819 7.71099 7.08086 10.1555 6.54523 4.55427 4.10653 5.82264
threshold=0.24166666666626388 66.273259184292201 7.0901935618609446 0.57770734666157486 4.0043249329597446 0.65784940729068409 0.41932331004387569 0.00020843359962040002 0.50828517071832746 34.371592567940425
decision_type=2 2 2 2 2 2 2 2 2 2
left_child=1 4 3 -3 5 -1 -6 -4 -2 -10
right_child=8 2 7 -5 6 -7 -8 -9 9 -11
leaf_value=0.00044191177347496275 0.01418240765826892 0.034013517459119534 0.0041910501772486645 0.0019116037725750404 0.0068913870908362644 -0.017635635555989765 -0.053591528919646851 -0.035668199580774641 0.0097656592915523217 -0.062121938545467111
leaf_weight=149.19185707345605 3.5685070455074293 27.591570675373077 8.9583991039544362 21.14834869839251 144.97208180185407 74.575358014553785 2.9203912653028956 9.398087324574588 2.7462494280189276 5.2471603397279978
leaf_count=937 20 249 67 174 1139 505 19 67 22 26
internal_value=5.77533e-05 0.000625728 0.0101532 0.0200844 -0.00109429 -0.00558283 0.00569705 -0.0162159 -0.021496 -0.0374239
internal_weight=450.318 438.756 67.0964 48.7399 371.66 223.767 147.892 18.3565 11.5619 7.99341
internal_count=3225 3157 557 423 2600 1442 1158 134 68 48
is_linear=0
shrinkage=0.04


Tree=96
num_leaves=15
num_cat=0
split_feature=2 58 9 45 41 57 19 1 57 29 61 0 49 41
split_gain=3.36081 6.66318 9.88611 7.3885 8.04792 7.654 6.33995 5.60677 5.39297 5.12615 4.86519 4.85947 3.8244 2.38063
threshold=0.029207293319666702 -0.26447891406388885 0.0011006970266522903 0.49123837604655418 -0.0001101052804743041 0.33000907990255457 -1.7670069272548174 -22.410261144876127 0.38647369514064372 0.0061624001400801829 0.49734152876319354 41.282787284674363 0.22041843837887196 -7.8269700522544844e-05
decision_type=2 2 2 2 2 2 2 2 2 2 2 2 2 2
left_child=1 3 13 4 -1 -5 7 12 -9 10 -8 -11 -2 -3
right_child=6 2 -4 5 -6 -7 9 8 -10 11 -12 -13 -14 -15
leaf_value=0.0066209970744762116 -0.025867582554573741 -0.094258158152663724 0.0071841272084005436 0.063109957512461068 -0.067433699985733647 0.00040732171029569621 0.04861116825204783 0.020058861191669504 -0.045049054864740493 -0.0086794021148823147 -0.002745657845265917 0.0016813978861623937 0.036393915005445199 -0.046967429278693185
leaf_weight=4.9872247837483883 1.7291096039116443 2.9080950152128935 4.9666901081800461 4.1548029333353069 4.436917347833516 12.444378215819595 6.5787772033363563 4.6894841548055393 3.5967786498367786 98.547441940754652 5.3526985682547092 273.30488740466535 18.12208017706871 4.1106611229479295
leaf_count=28 10 18 33 23 27 71 67 40 21 651 33 2070 110 23
internal_value=5.7231e-05 -0.0113236 -0.0360018 4.23063e-05 -0.0282442 0.0161019 0.00110736 0.0194346 -0.00820222 -0.000236313 0.0255715 -0.0010644 0.0309707 -0.0665615
internal_weight=449.93 38.0088 11.9854 26.0233 9.42414 16.5992 411.921 28.1375 8.28626 383.784 11.9315 371.852 19.8512 7.01876
internal_count=3225 223 74 149 55 94 3002 181 61 2821 100 2721 120 41
is_linear=0
shrinkage=0.04


Tree=97
num_leaves=15
num_cat=0
split_feature=46 2 19 43 22 9 2 8 23 32 42 24 51 45
split_gain=3.27605 7.7662 9.89794 6.41791 11.2773 9.80027 8.7815 6.23274 5.78639 4.85817 4.42297 5.39775 3.6906 3.35545
threshold=-0.15873110832464105 0.029207293319666702 -1.642729809772268 0.35215085349429337 1.0791954424062469 0.0013029338195308358 0.78794071089689155 0.00047380549855915007 0.41609358636322341 -1.6410803395765168 0.00067155740649237202 0.091666666666513866 -0.1079542535375947 0.61728524353318026
decision_type=2 2 2 2 2 2 2 2 2 2 2 2 2 2
left_child=3 10 13 4 5 -1 7 -5 -8 -4 -2 -12 -6 -3
right_child=1 2 9 6 12 -7 8 -9 -10 -11 11 -13 -14 -15
leaf_value=-0.013904460244180145 -0.047822057890204023 0.01956065930835537 -0.046854953650220223 0.0026720641076614132 0.054316825475971955 -0.071833123470867163 -0.082329022664119858 0.032128636728285115 -0.013827776879330159 0.0029518655352981484 -0.023882634451491035 0.02744056378257697 0.0060974862657605161 0.053515115003735049
leaf_weight=66.997420223429799 6.4995052963495281 13.752798076719047 3.1750990953296414 57.029896646738052 4.4247887562960386 5.0230651795864096 2.5607056263834229 14.393750280141829 8.5969315990805608 238.54964354913682 10.990138608962296 4.6727663762867442 5.9610772989690286 7.0406439322978249
leaf_count=380 37 98 21 319 33 27 17 101 63 1946 70 29 35 49
internal_value=5.68577e-05 0.00265604 0.00457565 -0.00442794 -0.0123255 -0.0179447 0.00345287 0.00860834 -0.029549 0.00229764 -0.0200822 -0.00857121 0.0266408 0.0310576
internal_weight=449.668 284.681 262.518 164.988 82.4064 72.0205 82.5813 71.4236 11.1576 241.725 22.1624 15.6629 10.3859 20.7934
internal_count=3225 2250 2114 975 475 407 500 420 80 1967 136 99 68 147
is_linear=0
shrinkage=0.04


Tree=98
num_leaves=8
num_cat=0
split_feature=57 61 60 29 8 10 55
split_gain=3.41251 3.36713 3.96425 14.4042 4.51442 0.752976 0.00358773
threshold=-0.29523877222477396 0.69199174220727755 -0.15150917096267888 0.41760155573359165 0.0055319323381411512 0.0004757398827470001 -0.38066622390826538
decision_type=2 2 2 2 2 2 2
left_child=-1 2 3 -2 -4 6 -3
right_child=1 5 4 -5 -6 -7 -8
leaf_value=0.049927510757162737 0.033327794470921414 0.044748213775881382 -0.00013672798389515768 -0.032990441237248216 0.031180859085379691 0.0028265914292684153 0.042075522064579901
leaf_weight=2.1846681553870431 7.1295391181483891 1.251982629299164 408.18923703208566 19.773394206538796 7.4998457245528689 0.94721108302474011 2.2438633218407622
leaf_count=26 53 14 2827 159 76 16 54
internal_value=5.67822e-05 -0.000186937 -0.00053476 -0.0154155 0.000428303 0.0344612 0.0430327
internal_weight=449.22 447.035 442.592 26.9029 415.689 4.44306 3.49585
internal_count=3225 3199 3115 212 2903 84 68
is_linear=0
shrinkage=0.04


Tree=99
num_leaves=14
num_cat=0
split_feature=61 47 3 9 61 3 56 61 22 30 22 12 20
split_gain=3.16847 4.67096 4.64743 5.94902 3.90024 7.9077 7.29181 6.07748 5.24076 7.88807 6.8943 0.0787055 0.00381825
threshold=0.37262469201788934 -0.30372509611062831 0.0026536359869985503 0.0013515074433692151 0.58348750213999867 0.0026933617708070506 0.032228311979587587 0.67826691313067722 1.1639663290653826 -1.8171747554084046 0.49133711595309398 0.0011165658812018002 0.0031588546213473507
decision_type=2 2 2 2 2 2 2 2 2 2 2 2 2
left_child=1 2 -1 -4 8 7 -7 -6 10 -10 -2 12 -3
right_child=4 11 3 -5 5 6 -8 -9 9 -11 -12 -13 -14
leaf_value=-0.050601534325529204 -0.0022225979160727899 0.041239953897887441 0.017225919238019385 -0.020328575802140578 -0.076678842084115031 0.026542888087058111 -0.0019051530537143452 0.00593617468451245 -0.049762855406871635 0.013854687731229817 -0.019490246691736351 0.026504735952262225 0.044724756060781259
leaf_weight=2.2944883760064831 248.05104875005782 5.7886968627572051 27.717437542974949 8.9213296175003034 2.9578372165560713 29.154575608670712 28.517246965318918 2.7486616112291813 3.3512441962957373 44.889411728829145 43.479776747524738 0.61047590896487225 0.55095042288303364
leaf_count=30 1396 218 394 72 13 259 228 28 18 304 238 20 7
internal_value=5.56416e-05 0.0100155 0.00462319 0.00808162 -0.00107791 0.00803161 0.0124761 -0.0368855 -0.00277713 0.00943522 -0.00479795 0.0402219 0.0415428
internal_weight=449.033 45.8834 38.9333 36.6388 403.15 63.3783 57.6718 5.7065 339.771 48.2407 291.531 6.95012 6.33965
internal_count=3225 741 496 466 2484 528 487 41 1956 322 1634 245 225
is_linear=0
shrinkage=0.04


Tree=100
num_leaves=10
num_cat=0
split_feature=42 53 61 22 22 57 32 47 0
split_gain=3.33273 6.72014 5.048 5.84376 3.7409 7.42773 4.91976 2.03876 1.70084
threshold=0.0014719812032598944 -0.026908175295518186 0.33384172753933783 2.7523414310460219 1.3728724401350079 0.4213610266346387 -0.31502622454993451 -0.40201889448670247 52.135646221575932
decision_type=2 2 2 2 2 2 2 2 2
left_child=2 -2 3 7 6 -6 -4 -1 -3
right_child=1 8 4 -5 5 -7 -8 -9 -10
leaf_value=-0.025596722553285 -0.055729876808877567 0.042535316438689436 0.0043572693900154535 -0.023257837461868731 0.0044865746195247649 0.053337719553723746 -0.0052609893484215275 0.037648407710205743 -0.0097356959855918086
leaf_weight=0.87073481082916337 4.8784303423017263 1.8339522108435611 133.59592899307609 3.6579668484628192 48.615559864789248 5.5483143255114546 234.34563265740871 12.859046484343708 2.1798785794526339
leaf_count=7 35 27 853 32 357 43 1542 307 22
internal_value=5.56316e-05 -0.0241884 0.00054616 0.021668 -0.000323911 0.00949068 -0.0017687 0.0336374 0.0141474
internal_weight=448.385 8.89226 439.493 17.3877 422.105 54.1639 367.942 13.7298 4.01383
internal_count=3225 84 3141 346 2795 400 2395 314 49
is_linear=0
shrinkage=0.04


Tree=101
num_leaves=11
num_cat=0
split_feature=61 29 61 22 13 24 10 43 55 23
split_gain=3.12952 3.23105 5.94536 3.44304 3.417 3.77296 0.751741 0.366834 0.0031243 0.000259854
threshold=0.69199174220727755 0.0077320255507065455 0.49734152876319354 -1.0000000180025095e-35 0.0049524840112830006 0.024999999999958254 0.0004757398827470001 0.15039727045426118 -0.38066622390826538 0.089733858215261114
decision_type=2 2 2 2 2 2 2 2 2 2
left_child=1 2 7 -4 5 -3 8 -1 -2 -10
right_child=6 4 3 -5 -6 -7 -8 -9 9 -11
leaf_value=0.029498858670030277 0.044532166429815792 -0.006337913354228019 0.021382857395565561 -0.031857679820137305 -0.038902457296744485 0.0018876424109928473 0.0024091894147866993 0.048969178838933085 0.042485348111556916 0.041598900406929283
leaf_weight=2.1883820770308358 1.2044198513031008 127.52152457274497 3.6919346675276756 4.1036816313862801 3.7561873048543921 297.07264345511794 0.93896898813545693 5.2930148476734757 0.9417550023645157 1.2075355928391216
leaf_count=23 14 839 21 21 22 2161 16 54 19 35
internal_value=5.47461e-05 -0.000274146 0.0178019 -0.00664343 -0.000918823 -0.0005828 0.0340441 0.0432739 0.0429012 0.0419873
internal_weight=447.92 443.627 15.277 7.79562 428.35 424.594 4.29268 7.4814 3.35371 2.14929
internal_count=3225 3141 119 42 3022 3000 84 77 68 54
is_linear=0
shrinkage=0.04


Tree=102
num_leaves=11
num_cat=0
split_feature=24 61 61 0 23 32 2 21 8 12
split_gain=3.12012 6.17453 7.31915 4.83518 10.4432 7.41249 5.97354 12.0984 6.95401 4.27886
threshold=0.22499999999962497 0.50173165770626571 0.58453535618037245 66.273259184292201 7.0901935618609446 0.57770734666157486 0.80455353118685946 0.0012847600624707001 0.00020267749694750001 0.00020843359962040002
decision_type=2 2 2 2 2 2 2 2 2 2
left_child=3 -2 -3 6 5 -5 8 -8 -1 -6
right_child=1 2 -4 4 9 -7 7 -9 -10 -11
leaf_value=-0.0030825626034723659 0.019161528666566879 -0.05528656870670208 0.010608481452463637 0.035204141935213623 0.0056487473004652091 0.0030743026158141047 -0.066920208785475957 -0.005647823767551928 0.009725337677562472 -0.033625506457725156
leaf_weight=236.67694407794625 5.3360202610492733 7.831061974167822 4.1136936340481043 25.669829999096692 8.3640348762273806 20.79581481590867 6.3229232989251605 27.938996905460954 95.072125408798456 9.456795630976556
leaf_count=1519 33 33 37 241 64 172 50 227 782 67
internal_value=5.34403e-05 -0.0166119 -0.0325928 0.000722721 0.0108401 0.0208244 -0.00105431 -0.0169554 0.000587905 -0.0151925
internal_weight=447.578 17.2808 11.9448 430.297 64.2865 46.4656 366.011 34.2619 331.749 17.8208
internal_count=3225 103 70 3122 544 413 2578 277 2301 131
is_linear=0
shrinkage=0.04


Tree=103
num_leaves=11
num_cat=0
split_feature=61 53 25 61 41 49 54 31 44 10
split_gain=3.03119 3.95693 5.4285 5.01312 4.18444 2.91348 2.68199 2.67836 4.81333 0.704334
threshold=0.64319662292269875 -0.20519167461432317 0.25000000000000006 0.48272949973624296 -0.00020041249571827176 0.25481958771368185 -0.10229618237452807 -1.2327619399135061 0.018425520458667886 -0.00054689849805819991
decision_type=2 2 2 2 2 2 2 2 2 2
left_child=1 5 3 -3 -4 -1 -2 8 -8 -9
right_child=6 2 4 -5 -6 -7 7 9 -10 -11
leaf_value=-0.0037597488862377384 -0.035336013000656266 0.040532575905259292 0.010973875259116519 0.0056594143552889057 -0.0025907896153468009 -0.041223564534860903 -0.042983535861573614 0.019833176114413237 0.043226239843032109 0.043320659156052425
leaf_weight=6.8067052513360959 1.372664641588927 9.4222808722406644 40.648098920471966 21.983926296234131 347.05383003782481 6.4862352833151817 2.2455227114260188 3.0700406730175001 1.9241355340927837 6.1051747314631921
leaf_count=32 11 141 263 119 2422 32 19 40 34 112
internal_value=5.32049e-05 -0.000554411 0.000127054 0.0161218 -0.00116862 -0.0220401 0.017905 0.0233814 -0.00320107 0.0354617
internal_weight=447.119 432.401 419.108 31.4062 387.702 13.2929 14.7175 13.3449 4.16966 9.17522
internal_count=3225 3009 2945 260 2685 64 216 205 53 152
is_linear=0
shrinkage=0.04


Tree=104
num_leaves=13
num_cat=0
split_feature=19 1 30 22 60 38 61 61 51 55 56 20
split_gain=2.92909 8.89051 8.0498 12.7532 11.6875 6.14482 7.28587 11.8231 6.95683 4.2846 4.38042 0.355333
threshold=-0.62456090822098753 8.6573850044260343 -1.0344328619378487 0.38059553804892804 0.10820159766817697 0.0067500203920914234 0.43148354757186058 0.5196258450428608 -0.11668979605691561 0.42812080708910177 -0.018607765436501753 0.0026359112596827505
decision_type=2 2 2 2 2 2 2 2 2 2 2 2
left_child=1 2 4 -4 -1 9 8 -8 -7 10 -2 -3
right_child=5 11 3 -5 -6 6 7 -9 -10 -11 -12 -13
leaf_value=-0.033557202435696078 -0.02676739385368514 0.030775764437751867 -0.0067232250292629733 -0.046808656518413524 0.0066764354414737591 -0.019961850776539083 -0.013753070187374559 0.0083074145732948551 0.016789146752502818 -0.028098693032562991 0.028203620798001396 0.051506932454214872
leaf_weight=13.167582776397465 2.5353052234277156 1.9960028789937485 59.278503169305623 16.160954110324383 94.160474946722388 9.6203054152429086 89.814373791217804 68.529093153774738 57.491056638769805 2.8161225579679003 27.230217069387436 3.9223973602056503
leaf_count=82 25 18 364 108 590 62 473 427 803 16 223 34
internal_value=5.25913e-05 -0.00373513 -0.00529758 -0.0153105 0.00174036 0.00282232 0.000475762 -0.00420557 0.011521 0.0190597 0.0235214 0.0445153
internal_weight=446.722 188.686 182.768 75.4395 107.328 258.036 225.455 158.343 67.1114 32.5816 29.7655 5.9184
internal_count=3225 1196 1144 472 672 2029 1765 900 865 264 248 52
is_linear=0
shrinkage=0.04


Tree=105
num_leaves=11
num_cat=0
split_feature=42 53 42 22 45 53 22 1 3 49
split_gain=3.09001 6.31872 3.20434 6.90895 7.6201 6.83731 6.35318 5.64106 5.49223 3.16195
threshold=0.0014719812032598944 -0.033728764416477992 0.0010910796134123932 2.7523414310460219 0.43706804019654139 -0.11027575184820128 1.4295273700850093 -69.96856039057819 0.011644883350389853 0.36441057946226024
decision_type=2 2 2 2 2 2 2 2 2 2
left_child=2 -2 3 6 -5 7 -1 -4 -7 -3
right_child=1 9 5 4 -6 8 -8 -9 -10 -11
leaf_value=-0.0016475933042904966 -0.06143609883829116 0.045823679248622948 0.03010644772325978 -0.070521760044939624 0.0073280523358767152 0.025600578819116336 0.017767884690131814 -0.019185590225658591 -0.010079468993021336 -0.019659421233913163
leaf_weight=335.06043704412878 3.8964946512132883 1.9806262468919138 4.6828093081712749 4.6967904269695264 3.5189236551523209 33.499095674604177 29.326085477136075 17.968861609697342 8.6941621471196395 2.9180388413369656
leaf_count=2318 24 39 25 24 21 327 250 107 69 21
internal_value=5.3313e-05 -0.0234212 0.000525283 -0.000902893 -0.0371774 0.00873165 -8.50219e-05 -0.00899538 0.0182485 0.00681668
internal_weight=446.242 8.79516 437.447 372.602 8.21571 64.8449 364.387 22.6517 42.1933 4.89867
internal_count=3225 84 3141 2613 45 528 2568 132 396 60
is_linear=0
shrinkage=0.04


Tree=106
num_leaves=11
num_cat=0
split_feature=24 0 23 39 23 23 4 10 61 0
split_gain=2.98967 3.86608 9.20498 6.66176 5.86938 9.11154 8.16074 3.76886 3.56612 4.91888
threshold=0.24166666666626388 66.273259184292201 7.0901935618609446 -0.065094258522112827 4.0043249329597446 0.65784940729068409 1.0000000180025095e-35 0.00020843359962040002 0.50828517071832746 34.371592567940425
decision_type=2 2 2 2 2 2 2 2 2 2
left_child=1 4 3 -3 5 -1 -6 -4 -2 -10
right_child=8 2 7 -5 6 -7 -8 -9 9 -11
leaf_value=0.00066214418670584114 0.013455689742505873 -0.07329510562525457 0.0042241760222245916 0.021308427969278516 -0.00025611023015883105 -0.016454222473839014 0.021564095112601572 -0.032042755898378739 0.0092797072502764887 -0.057144309531898696
leaf_weight=148.31298276875168 3.5257190987467748 1.2225609719753254 8.8756160903722066 46.064391138963401 108.74250370822847 74.886222019791603 36.67263637855649 9.4832053761929256 2.6859008297324181 5.3106709867715836
leaf_count=937 20 9 67 414 790 505 368 67 22 26
internal_value=5.25796e-05 0.000586166 0.00952957 0.0188625 -0.00100655 -0.00508062 0.00524679 -0.0145094 -0.0200576 -0.0348337
internal_weight=445.782 434.26 65.6458 47.287 368.614 223.199 145.415 18.3588 11.5223 7.99657
internal_count=3225 3157 557 423 2600 1442 1158 134 68 48
is_linear=0
shrinkage=0.04


Tree=107
num_leaves=8
num_cat=0
split_feature=61 56 59 2 10 55 42
split_gain=2.88185 3.0509 4.16604 3.71044 0.759415 0.00256321 0.000266179
threshold=0.69199174220727755 0.17687608455211387 0.5948402888848231 -0.045731379484062591 0.0004757398827470001 -0.38286458971888643 0.00076732687599559261
decision_type=2 2 2 2 2 2 2
left_child=1 2 3 -1 5 -2 -7
right_child=4 -3 -4 -5 -6 6 -8
leaf_value=-0.018069429504391422 0.044322816921922269 -0.036316259024934502 0.04747699256954712 0.00049560902529873288 0.001363133049191331 0.042323338675161422 0.041413135216000811
leaf_weight=17.967632502317429 1.0834528878331187 3.7226079665124407 2.9433865472674361 416.62996468227357 0.91400993987917889 1.1753080971539014 0.91370750218629826
leaf_count=98 13 20 18 3005 16 25 30
internal_value=5.21448e-05 -0.000257504 4.92842e-05 -0.000271928 0.0334885 0.042744 0.0419252
internal_weight=445.35 441.264 437.541 434.598 4.08648 3.17247 2.08902
internal_count=3225 3141 3121 3103 84 68 55
is_linear=0
shrinkage=0.04


Tree=108
num_leaves=9
num_cat=0
split_feature=57 24 19 14 53 23 60 23
split_gain=3.21397 3.01983 5.26648 8.49143 5.72316 4.74884 15.6726 8.09596
threshold=-0.29523877222477396 0.024999999999958254 -0.74024274229994103 -0.00010492447158734999 0.020721616635800407 0.089733858215261114 0.66771847316601562 3.8644329665933896
decision_type=2 2 2 2 2 2 2 2
left_child=-1 2 3 -2 -4 6 -3 -7
right_child=1 5 4 -5 -6 7 -8 -9
leaf_value=0.049483700414620274 -0.0070395251583473453 0.016511984712626885 0.0040159760668220471 -0.047384917488248253 -0.037227596372707873 -0.0094227338688117404 -0.049671614064328157 0.0055715451123222806
leaf_weight=2.0944791035726658 41.263133699074388 67.168720753863454 76.156148036010563 10.463139239698647 5.7926967460662118 99.919353068806231 6.2581844478845587 136.08291073236614
leaf_count=26 232 503 551 67 45 676 26 1099
internal_value=5.0497e-05 -0.000183165 -0.00520721 -0.0152006 0.0011006 0.00198725 0.0108711 -0.000776778
internal_weight=445.199 443.104 133.675 51.7263 81.9488 309.429 73.4269 236.002
internal_count=3225 3199 895 299 596 2304 529 1775
is_linear=0
shrinkage=0.04


Tree=109
num_leaves=9
num_cat=0
split_feature=57 59 61 56 42 52 61 50
split_gain=3.06286 3.04855 11.0085 9.74094 7.49505 6.24004 16.4886 8.77741
threshold=-0.29523877222477396 0.031836971904756588 0.44321233488694017 0.016125338496767533 0.00072371800182658656 -0.31488469766572219 0.53040834582138385 0.10775728861426777
decision_type=2 2 2 2 2 2 2 2
left_child=-1 2 3 -2 -4 7 -7 -3
right_child=1 5 4 -5 -6 6 -8 -9
leaf_value=0.049095894337394891 0.040063721998682578 -0.037676076655294238 -0.033773412765179811 -0.074359724301037045 -0.0032178268905628466 -0.00058367664320266755 0.031687301098758912 -0.00084542696713607915
leaf_weight=2.0279274536296716 10.34886508155614 10.815485751256345 22.070744642987847 1.345119017176329 30.725529404357076 90.039509195834398 35.250261651352048 242.12614066898823
leaf_count=26 188 70 121 20 197 911 241 1451
internal_value=4.97519e-05 -0.000174908 -0.00821337 0.026902 -0.0159912 0.00119569 0.00849576 -0.00242026
internal_weight=444.75 442.722 64.4903 11.694 52.7963 378.231 125.29 252.942
internal_count=3225 3199 526 208 318 2673 1152 1521
is_linear=0
shrinkage=0.04


Tree=110
num_leaves=15
num_cat=0
split_feature=29 30 19 19 10 32 18 39 19 10 29 48 38 10
split_gain=2.94564 5.40062 7.1588 5.736 7.60799 5.45981 4.72504 5.51024 4.77518 6.93958 4.2997 3.97685 2.75797 2.17687
threshold=4.5726307241795219 -1.3856264779171985 -2.4074139852647085 -0.62456090822098753 -0.00060935600274489982 -1.3109956162954379 1.0000000180025095e-35 1.7755106015813331 -3.0494524300176304 -0.00015411768271109998 8.418849465529151 -0.31552633718365691 1.1109998548685782 -0.00059099584999814986
decision_type=2 2 2 2 2 2 2 2 2 2 2 2 2 2
left_child=1 2 13 4 -3 -5 7 11 -8 -10 -9 -2 -4 -1
right_child=6 3 12 5 -6 -7 8 10 9 -11 -12 -13 -14 -15
leaf_value=0.0045432088797257497 -0.029389860400227119 0.0061430766675121297 0.0044679659238679673 0.055157465149255513 -0.014531389145751224 0.0029708977025806067 -0.080609013498866344 0.021665141189073995 0.0084190245798232855 -0.033521241757960549 -0.023106193387147145 0.020409167216122709 0.034889269156720484 -0.034291000551626552
leaf_weight=4.9183187447488308 11.132103502750395 44.689828904345632 6.3424551077187088 3.2555643972009412 78.508916281163692 217.71940313372761 1.9526675194501901 18.953725563362244 10.959554915316406 14.886485182680186 4.1909789294004431 3.334260292351245 19.210390457883477 4.3541320674121362
leaf_count=29 64 283 41 34 498 1699 10 125 89 141 23 28 137 24
internal_value=5.00006e-05 0.00140288 0.0164137 -0.000115987 -0.00703181 0.00373975 -0.00778892 0.00145372 -0.020294 -0.0157372 0.0135581 -0.017912 0.0273384 -0.0136925
internal_weight=444.409 378.999 34.8253 344.174 123.199 220.975 65.4098 37.6111 27.7987 25.846 23.1447 14.4664 25.5528 9.27245
internal_count=3225 2745 231 2514 781 1733 480 240 240 230 148 92 178 53
is_linear=0
shrinkage=0.04


Tree=111
num_leaves=12
num_cat=0
split_feature=61 22 44 42 42 61 43 8 8 58 44
split_gain=2.84559 4.94776 5.3137 4.73823 5.91524 9.6216 4.45026 7.05922 4.36518 2.90043 0.961738
threshold=0.33384172753933783 2.6314540544401717 0.018475812271939323 0.0013536314987851832 0.0012145427598370295 0.50173165770626571 0.23010944934546304 0.0032687296637785002 0.0055319323381411512 -0.27521279664131243 0.018419189413505715
decision_type=2 2 2 2 2 2 2 2 2 2 2
left_child=1 2 10 4 8 -6 -5 -8 -2 -4 -1
right_child=3 -3 9 6 5 -7 7 -9 -10 -11 -12
leaf_value=0.00064948031698692577 -0.0016362161782600085 -0.02431997622261663 -0.035531447227135228 0.017097930860747314 0.041184203430406116 -0.010441479711180408 -0.070529415542857424 -0.0050178135406550289 0.033329361420298298 0.018250629462278435 0.042471668594409623
leaf_weight=0.95776978693903103 378.25352833792567 4.3765352815389624 2.927002776414156 3.2615980319678775 13.739469328895213 9.9657380245625955 5.0463925525546056 5.5000120252370834 5.8002908173948518 3.5505305510014287 10.80101729556918
leaf_count=23 2514 36 25 22 94 65 24 29 61 43 289
internal_value=4.99296e-05 0.0138736 0.0230396 -0.00069157 8.87963e-05 0.0194806 -0.0237363 -0.0363647 -0.00110814 -0.00605188 0.0390652
internal_weight=444.18 22.6129 18.2363 421.567 407.759 23.7052 13.808 10.5464 384.054 6.47753 11.7588
internal_count=3225 416 380 2809 2734 159 75 53 2575 68 312
is_linear=0
shrinkage=0.04


Tree=112
num_leaves=10
num_cat=0
split_feature=61 56 24 61 24 52 31 44 51
split_gain=2.82528 3.92396 3.69872 3.41645 3.39467 2.96166 2.41677 4.2101 0.699377
threshold=0.64319662292269875 0.17687608455211387 0.24166666666626388 0.51185960629536154 0.041666666666597151 0.22349997462526308 -1.2327619399135061 0.018425520458667886 0.00099535190269437325
decision_type=2 2 2 2 2 2 2 2 2
left_child=1 2 4 -4 -1 6 7 -2 -8
right_child=5 -3 3 -5 -6 -7 8 -9 -10
leaf_value=-0.0035798070890895794 -0.037112933026400174 -0.043762792502212176 0.0076273328127202649 -0.03960195078949074 0.0036887774431804479 -0.040975047473191265 0.041004785177202629 0.043202609022535136 0.013957758990136036
leaf_weight=187.47376254666597 2.3693652562797061 3.3336530178785315 3.7459479644894582 7.0867502614855766 227.63452654890716 1.264041706919669 6.9025430306792241 1.8672313038259742 1.9651406630873678
leaf_count=1271 20 16 21 34 1667 8 128 34 26
internal_value=4.96186e-05 -0.000534377 -0.000196047 -0.0232701 0.000406095 0.0174973 0.0231376 -0.00171478 0.035011
internal_weight=443.643 429.275 425.941 10.8327 415.108 14.3683 13.1043 4.2366 8.86768
internal_count=3225 3009 2993 55 2938 216 208 54 154
is_linear=0
shrinkage=0.04


Tree=113
num_leaves=10
num_cat=0
split_feature=29 61 3 13 30 3 61 61 46
split_gain=2.77993 7.09068 3.84948 3.238 3.77827 6.45272 3.45072 0.0322468 0.0132324
threshold=0.0061624001400801829 0.49734152876319354 0.004642175513041101 0.0049524840112830006 2.0221627932604567 0.0049848778500499015 0.37262469201788934 0.46280803229966089 -0.15290703427421851
decision_type=2 2 2 2 2 2 2 2 2
left_child=1 7 -3 4 6 -6 -2 8 -1
right_child=3 2 -4 -5 5 -7 -8 -9 -10
leaf_value=0.048051256324308178 0.011329362853477921 0.028091243865873639 -0.03403415148262641 -0.037642187501801948 -0.078261775658114888 0.0023677399902168371 -0.00090284789014084463 0.05193459059592552 0.043599217254784967
leaf_weight=2.2876248396933079 40.881384273990989 2.5683218911290169 4.2144614607095718 3.7244972474873057 2.6656636893749228 3.9285529553890228 378.83582958392799 2.1932503879070282 2.0038229376077634
leaf_count=20 699 16 24 22 21 34 2339 14 36
internal_value=4.85414e-05 0.0180822 -0.0105102 -0.000507835 -0.000183408 -0.0302262 0.000288596 0.047989 0.0459724
internal_weight=443.303 13.2675 6.78278 430.036 426.311 6.59422 419.717 6.4847 4.29145
internal_count=3225 110 40 3115 3093 55 3038 70 56
is_linear=0
shrinkage=0.04


Tree=114
num_leaves=10
num_cat=0
split_feature=42 53 42 23 3 3 55 27 52
split_gain=2.81592 5.85863 2.88033 7.43175 7.25764 8.858 7.76595 4.39233 1.15333
threshold=0.0014719812032598944 -0.026908175295518186 0.0007753716173274619 -0.57339856859107863 0.0057765489423890004 0.0049962585764446012 0.38416218904242844 3.801339856078163 -0.23675648793940149
decision_type=2 2 2 2 2 2 2 2 2
left_child=2 -2 4 -4 5 -1 -6 -5 -3
right_child=1 8 3 7 6 -7 -8 -9 -10
leaf_value=-0.0029112172130922142 -0.052797002183026097 -0.010438573374301494 -0.038904426714959077 0.0055681684312112942 -0.010147561187726327 -0.029646445753624472 0.025719451497846962 -0.042312460655975548 0.033638310504776711
leaf_weight=145.80323369428515 4.6760511565953493 1.7217594087123873 6.3821916449815026 215.15403218567371 15.506426980718969 22.949392262846231 25.612835360690951 3.1097612883895627 2.1186439599841815
leaf_count=975 35 11 34 1644 94 157 207 30 38
internal_value=4.76555e-05 -0.0227309 0.00049411 0.00364189 -0.00287526 -0.00654706 0.0121937 0.00488598 0.0138774
internal_weight=443.034 8.51645 434.518 224.646 209.872 168.753 41.1193 218.264 3.8404
internal_count=3225 84 3141 1708 1433 1132 301 1674 49
is_linear=0
shrinkage=0.04


Tree=115
num_leaves=8
num_cat=0
split_feature=61 48 59 59 13 48 20
split_gain=2.72915 2.82706 3.25116 4.24537 0.750368 0.00248048 0.000153158
threshold=0.69199174220727755 -0.58941216531104967 0.5948402888848231 0.56772173819010852 0.0006663275723178501 0.13674384062033701 0.0026355019074723505
decision_type=2 2 2 2 2 2 2
left_child=1 -1 3 -3 5 6 -2
right_child=4 2 -4 -5 -6 -7 -8
leaf_value=-0.046882520480319788 0.042003389366330302 0.00021693415076006275 0.038360908377307421 -0.028496283256793434 0.0012534552200576751 0.043904769606696925 0.041204208130549445
leaf_weight=2.0703223124146453 0.79197332635521867 424.75907494965941 3.5011553093790999 8.4019143693149072 0.90574044734239567 1.4954077340662477 0.74422723427414894
leaf_count=10 19 3066 22 43 17 20 28
internal_value=4.67361e-05 -0.000250798 -2.97051e-05 -0.000340009 0.0332004 0.0427451 0.0416162
internal_weight=442.67 438.732 436.662 433.161 3.93735 3.03161 1.5362
internal_count=3225 3141 3131 3109 84 67 47
is_linear=0
shrinkage=0.04


Tree=116
num_leaves=12
num_cat=0
split_feature=24 2 52 49 0 23 32 19 8 29 55
split_gain=2.70869 5.36655 8.05733 4.81959 3.99907 8.72126 7.26859 5.67692 8.39036 5.89387 3.69965
threshold=0.22499999999962497 0.25859947293989965 -0.45111716750461056 0.16541540706300631 66.273259184292201 7.0901935618609446 0.52158950083695943 1.0534623033766659 0.00047380549855915007 0.084849253754583631 0.41630565815359893
decision_type=2 2 2 2 2 2 2 2 2 2 2
left_child=4 -2 -3 -4 7 6 -6 8 -1 -9 -7
right_child=1 2 3 -5 5 10 -8 9 -10 -11 -12
leaf_value=-0.0023493362637289558 0.021038127736549783 -0.095169678006706296 -0.061860367608356469 0.0022990618334415738 0.03476523953618519 0.00017291455197301483 0.002541214760024035 0.02285398821927764 0.013705080249583791 -0.01924632299679704 -0.03770723680939992
leaf_weight=249.40332386270165 4.6668638736009624 2.3962909467518339 2.4883183799684012 7.5793520305305719 23.475901054218411 11.24785201251507 21.417683858424425 6.1055753137916318 65.833412854932249 41.375848570838571 6.5146715529263011
leaf_count=1602 34 13 13 43 232 96 181 52 580 344 35
internal_value=4.52325e-05 -0.0155495 -0.0292489 -0.0135585 0.000673267 0.0100049 0.0193919 -0.00093868 0.00100344 -0.0138327 -0.0137202
internal_weight=442.505 17.1308 12.464 10.0677 425.374 62.6561 44.8936 362.718 315.237 47.4814 17.7625
internal_count=3225 103 69 56 3122 544 413 2578 2182 396 131
is_linear=0
shrinkage=0.04


Tree=117
num_leaves=15
num_cat=0
split_feature=46 2 19 25 25 21 50 20 13 57 37 49 42 38
split_gain=2.6335 5.82024 9.44008 4.79887 10.1086 8.09435 7.7875 11.7227 11.5065 6.04073 4.57344 4.18141 4.12927 2.9693
threshold=-0.15772914535995869 0.029207293319666702 -1.642729809772268 0.75000000000000011 0.50000000000000011 -0.0013286861780662 0.15570218873372407 0.0027198221750238502 0.00045138871317710005 0.41069256315907648 0.57679579417716975 -0.35034873066369326 0.00067155740649237202 2.0527349341363328
decision_type=2 2 2 2 2 2 2 2 2 2 2 2 2 2
left_child=3 11 13 4 5 -1 8 -8 -5 -6 -4 -2 -13 -3
right_child=1 2 10 6 9 -7 7 -9 -10 -11 -12 12 -14 -15
leaf_value=-0.020155037192173673 -0.065413219746830203 0.036636159614895726 0.0032867887857436716 0.022237161917601042 -0.020398963000671927 0.013605567571646132 -0.036942550121733024 0.026586584073850898 -0.013376411996229283 -0.068011933130898927 -0.021209274011291947 -0.039907796620559939 0.00089276397185691404 -0.0087487530935143141
leaf_weight=18.104199035093188 2.5561877749860313 17.303462337702516 218.23172648251057 41.637031689286232 29.59743982180953 30.514340911060572 15.383238703012468 6.6589808464050284 22.284356100484729 4.980911672115325 12.916454762220381 5.5945183373987701 13.657818384468554 2.6612129658460608
leaf_count=110 12 130 1799 267 152 221 68 35 139 22 132 32 91 15
internal_value=4.52556e-05 0.00247582 0.00419725 -0.00387618 -0.0107245 0.00103405 0.00275172 -0.0177503 0.00982151 -0.0272575 0.00191796 -0.0173455 -0.0109634 0.0305865
internal_weight=442.082 272.921 251.113 169.16 83.1969 48.6185 85.9636 22.0422 63.9214 34.5784 231.148 21.8085 19.2523 19.9647
internal_count=3225 2211 2076 1014 505 331 509 103 406 174 1931 135 123 145
is_linear=0
shrinkage=0.04


Tree=118
num_leaves=12
num_cat=0
split_feature=61 22 44 42 42 61 43 7 41 31 44
split_gain=2.58569 4.58119 5.02793 4.17163 5.35973 8.89557 4.07884 6.02834 3.8135 2.64771 0.942624
threshold=0.33384172753933783 2.6314540544401717 0.018475812271939323 0.0013536314987851832 0.0012145427598370295 0.50173165770626571 0.23010944934546304 0.0023391615577389503 -0.00020041249571827176 -0.8419385125405916 0.018419290423145069
decision_type=2 2 2 2 2 2 2 2 2 2 2
left_child=1 2 10 4 8 -6 -5 -8 -2 -4 -1
right_child=3 -3 9 6 5 -7 7 -9 -10 -11 -12
leaf_value=0.0010572577903168708 0.012832749427139044 -0.023128152994943654 0.025005639929097889 0.016956139834451611 0.040147403797928707 -0.0098299079406709202 -0.068064327394055019 -0.0071211876305865406 -0.0022023722225339415 -0.027468093691381396 0.04233663639489562
leaf_weight=0.96921272575855866 29.224042624235153 4.3832355216145507 2.6184545923024416 3.2322329971939316 13.290797810070218 9.9750880096107704 4.7055761292576772 5.7954470925033092 353.35123061668128 3.7304381374269715 10.198728878982363
leaf_count=24 177 36 23 22 94 65 23 30 2398 45 288
internal_value=4.53959e-05 0.0134445 0.0225961 -0.000653985 7.97127e-05 0.01872 -0.022336 -0.0344302 -0.00105387 -0.00582651 0.0387542
internal_weight=441.474 21.9001 17.5168 419.574 405.841 23.2659 13.7333 10.501 382.575 6.34889 11.1679
internal_count=3225 416 380 2809 2734 159 75 53 2575 68 312
is_linear=0
shrinkage=0.04


Tree=119
num_leaves=14
num_cat=0
split_feature=61 3 56 47 61 61 25 42 43 24 23 22 61
split_gain=2.60826 7.08844 6.42836 7.55867 5.50378 12.9516 12.2772 11.6253 10.5131 9.96893 6.78351 5.49721 4.94524
threshold=0.58348750213999867 0.0026933617708070506 0.032228311979587587 -0.39773171748087105 0.49906527478722357 0.51635660205834877 0.50000000000000011 0.0007753716173274619 0.72491569293455538 0.20833333333298606 0.54392666227439446 0.93545502316258189 0.67826691313067722
decision_type=2 2 2 2 2 2 2 2 2 2 2 2 2
left_child=4 12 11 -4 6 10 8 -8 -1 -7 -6 -3 -2
right_child=1 2 3 -5 5 9 7 -9 -10 -11 -12 -13 -14
leaf_value=0.022368740056311131 -0.070607508517493769 0.033940100101879533 0.022671496183684123 -0.019456755920389264 -0.050751030577456203 0.0030599169618564731 -0.013891729716007066 0.0068986665338933084 -0.022640387985624896 -0.042603751946383987 -0.014025774134950883 -0.011531764910372496 0.0048923758046345188
leaf_weight=61.920903912745416 2.9704723358154288 22.85505786724389 11.813604829832913 16.102264082990587 13.860786870121954 94.395852312445641 85.150509705767035 86.999484858475626 9.5891789542511088 8.3239218890666944 19.186197385191917 5.2265668958425513 2.6057116389274597
leaf_count=609 13 206 116 112 61 438 598 769 104 36 82 53 28
internal_value=4.51729e-05 0.00768147 0.0119642 -0.00162867 -0.00119405 -0.00764795 0.00240204 -0.00338488 0.0163332 -0.00064045 -0.0294293 0.0254769 -0.0353269
internal_weight=441.001 61.5737 55.9975 27.9159 379.427 135.767 243.66 172.15 71.5101 102.72 33.047 28.0816 5.57618
internal_count=3225 528 487 228 2697 617 2080 1367 713 474 143 259 41
is_linear=0
shrinkage=0.04


Tree=120
num_leaves=11
num_cat=0
split_feature=42 22 52 32 23 52 32 23 2 23
split_gain=2.69233 4.53028 4.5131 2.66921 2.66682 6.76979 12.5898 7.3551 6.16568 5.39692
threshold=0.0014719812032598944 -0.88042875958903455 -0.26893132357398009 -0.39774908215748334 4.1163680869716961 -0.55191729418691693 -0.34285956570201825 0.65784940729068409 1.1411764324398954 9.4863980057918784
decision_type=2 2 2 2 2 2 2 2 2 2
left_child=4 2 -2 -4 5 6 -1 -7 9 -6
right_child=1 -3 3 -5 8 7 -8 -9 -10 -11
leaf_value=0.013622579100043565 -0.049602157342352966 -0.067174217890946228 -0.020363686228851343 0.049923740547094655 0.011713419575205195 0.0050739567213602659 -0.047557326190157123 -0.0095606938599680363 -0.05262692750797944 -0.0028749656735548973
leaf_weight=8.975830655544998 2.1158915758132935 2.5273586027324182 1.3801271216943862 2.3136595282703638 94.301104130223393 156.09260058868676 13.440255776047705 84.796784464269876 2.9787974357604972 71.216097106225789
leaf_count=47 16 19 18 31 843 1057 67 624 16 487
internal_value=4.57535e-05 -0.0224689 -0.00302095 0.0236619 0.000480457 -0.00203421 -0.0230597 -7.76663e-05 0.00441007 0.00543656
internal_weight=440.139 8.33704 5.80968 3.69379 431.801 263.305 22.4161 240.889 168.496 165.517
internal_count=3225 84 65 49 3141 1795 114 1681 1346 1330
is_linear=0
shrinkage=0.04


Tree=121
num_leaves=12
num_cat=0
split_feature=61 61 25 60 59 56 3 10 27 48 42
split_gain=2.54485 2.7037 7.00648 6.98871 6.38442 8.89689 8.71177 0.855393 0.773619 0.00218459 0.000107936
threshold=0.69199174220727755 0.47425244179594106 0.25000000000000006 0.16839918195516648 0.031836971904756588 0.0054192533399811489 0.0031122041451021004 0.00053109090544820015 -1.8689332762749753 0.13674384062033701 0.00076732687599559261
decision_type=2 2 2 2 2 2 2 2 2 2 2
left_child=1 2 8 -4 6 -6 -3 9 -1 10 -2
right_child=7 4 3 -5 5 -7 -8 -9 -10 -11 -12
leaf_value=0.0061230656188397958 0.041885930900490524 -0.059708217394486597 0.019438879673009356 -0.0017240984621870845 0.020411673571172812 -0.0034563867807073075 -0.0094570143222741775 -0.0038056740137036612 0.043877105459988269 0.043722090513394561 0.041215066295339088
leaf_weight=0.98633757792413224 0.77581629715859868 6.3910659290850154 29.759969071485102 155.01620167307556 29.399091336876154 166.52073939144611 40.496733190491796 0.80780834145843972 7.2626762138679606 1.4425002150237558 0.75925545766949654
leaf_count=12 20 29 451 1257 172 862 232 15 126 20 29
internal_value=4.47491e-05 -0.000238878 0.00329461 0.0016844 -0.0030479 0.000125177 -0.0163065 0.0327004 0.0393628 0.0426044 0.0415541
internal_weight=439.618 435.833 193.025 184.776 242.808 195.92 46.8878 3.78538 8.24901 2.97757 1.53507
internal_count=3225 3141 1846 1708 1295 1034 261 84 138 69 49
is_linear=0
shrinkage=0.04


Tree=122
num_leaves=11
num_cat=0
split_feature=24 22 54 54 23 50 61 42 19 3
split_gain=2.53182 4.83778 5.33685 6.32664 4.31111 13.297 7.11928 5.59943 8.8082 6.90454
threshold=1.0000000180025095e-35 0.2889630694055631 0.12714398195792895 0.11621756475707813 -0.20744415326777457 0.15570218873372407 0.48475251348196485 0.0007753716173274619 1.2452041321338456 0.0064500214107287004
decision_type=2 2 2 2 2 2 2 2 2 2
left_child=1 2 3 -1 5 6 -2 8 -6 -9
right_child=4 -3 -4 -5 7 -7 -8 9 -10 -11
leaf_value=-0.0074600964377173427 0.033466345171003553 0.035049242174960742 0.029656944754742356 -0.043575430676128443 -0.0018837353457885995 -0.059141232034924961 0.0047114037631118552 0.011667613351665766 -0.027273786656443637 -0.0038891521550517426
leaf_weight=30.576604727655649 22.171486153267324 3.7669320479035369 4.415633261203765 10.400747984647749 117.77547748293728 4.0735117197036734 36.382490027695894 91.890858111903071 26.844342898577452 90.706586120650172
leaf_count=172 225 19 20 56 781 17 210 800 222 703
internal_value=4.44872e-05 -0.00850976 -0.0121245 -0.0166268 0.00112319 0.0107381 0.0155995 -0.000717045 -0.00659664 0.00393968
internal_weight=439.005 49.1599 45.393 40.9774 389.845 62.6275 58.554 327.217 144.62 182.597
internal_count=3225 267 248 228 2958 452 435 2506 1003 1503
is_linear=0
shrinkage=0.04


Tree=123
num_leaves=12
num_cat=0
split_feature=61 56 24 24 61 43 20 45 20 20 23
split_gain=2.53378 3.28286 3.06729 3.123 2.8753 2.70557 2.60451 2.79961 0.0176155 0.00116517 0.000359948
threshold=0.64319662292269875 0.17687608455211387 0.24166666666626388 0.041666666666597151 0.51185960629536154 0.27355081231562756 0.0026513590709792505 0.61728524353318026 0.0026348709793131003 0.0026550063237820503 4.0043249329597446
decision_type=2 2 2 2 2 2 2 2 2 2 2
left_child=1 2 3 -1 -4 6 7 -2 -7 -10 -8
right_child=5 -3 4 -5 -6 8 10 -9 9 -11 -12
leaf_value=-0.0034818761205058554 0.022818417434136509 -0.040571184432699171 0.0073826932036445856 0.0035290520223711787 -0.035969426497963738 0.048031206959716279 0.04250858135822487 -0.027126390216479813 0.043637919996130939 0.041874304414174175 0.04151607793319663
leaf_weight=185.4869292024523 3.0905662942677719 3.2468339428305617 3.7184682562947255 224.93603624496609 7.1635397002100945 1.4139256291091431 1.2982074115425351 4.2860138211399317 0.92449662461876903 1.7043819865211842 1.0636803396046159
leaf_count=1271 41 16 21 1667 34 17 27 36 16 45 34
internal_value=4.3922e-05 -0.000504003 -0.000195221 0.000360527 -0.0211557 0.0169235 0.00550421 -0.00620101 0.0444309 0.0424945 0.0420616
internal_weight=438.333 424.552 421.305 410.423 10.882 13.7813 9.73847 7.37658 4.0428 2.62888 2.36189
internal_count=3225 3009 2993 2938 55 216 138 77 78 61 61
is_linear=0
shrinkage=0.04


Tree=124
num_leaves=14
num_cat=0
split_feature=61 3 61 61 25 0 43 58 44 31 15 45 61
split_gain=2.48933 6.41366 4.88145 11.9187 11.1008 12.0964 9.7155 9.29267 6.6273 4.85876 8.47149 6.50961 4.12627
threshold=0.58348750213999867 0.0026933617708070506 0.49906527478722357 0.51635660205834877 0.50000000000000011 29.641548144820451 0.72491569293455538 0.13526366238925455 0.018435723187567685 -0.76628359345769792 -9.2961004582272963e-05 0.87400640401552698 0.67826691313067722
decision_type=2 2 2 2 2 2 2 2 2 2 2 2 2
left_child=2 12 4 8 6 -6 -1 -5 -4 10 -3 -11 -2
right_child=1 9 3 7 5 -7 -8 -9 -10 11 -12 -13 -14
leaf_value=0.021608735710107824 -0.065517156171311736 -0.013377132950454021 -0.013771403702557446 0.004620683920391346 0.026754766411403074 -0.0069917515927588464 -0.021534884172400279 -0.028747892261928611 -0.050529399985313285 0.027292465812345235 0.048773433438063167 -0.039608508498309235 0.0040602268882452856
leaf_weight=60.443505334667861 2.9775403439998618 19.285184491425756 20.014154851436615 86.672848843038082 19.122991828247905 152.71692771464586 9.690100980922578 15.785113319754599 12.91019359230995 29.040729804895822 4.2895607668906441 2.5297885108739129 2.5162687543779612
leaf_count=609 13 152 86 405 145 1222 104 69 57 275 41 19 28
internal_value=4.29261e-05 0.0075655 -0.00116591 -0.00724813 0.00223704 -0.00323631 0.0156477 -0.000520222 -0.0281848 0.0116715 -0.00206848 0.0219316 -0.0336494
internal_weight=437.995 60.6391 377.356 135.382 241.974 171.84 70.1336 102.458 32.9243 55.1453 23.5747 31.5705 5.49381
internal_count=3225 528 2697 617 2080 1367 713 474 143 487 193 294 41
is_linear=0
shrinkage=0.04


Tree=125
num_leaves=10
num_cat=0
split_feature=42 53 29 30 49 19 47 12 0
split_gain=2.58766 5.16356 2.5052 5.40143 5.5394 5.01711 4.68692 4.28458 1.41769
threshold=0.0014719812032598944 -0.026908175295518186 4.5726307241795219 -1.3856264779171985 -0.26389290085821615 -0.62456090822098753 -0.40170873735726881 0.0005247436685862501 52.135646221575932
decision_type=2 2 2 2 2 2 2 2 2
left_child=2 -2 3 4 -1 -5 -4 -8 -3
right_child=1 8 6 5 -6 -7 7 -9 -10
leaf_value=-0.035034854516504968 -0.050785247881731853 0.040884782272365534 0.025845134989835476 -0.0063059081011086369 0.022320903127745369 0.0039308512407519834 -0.0039393539811246785 -0.028714642403783741 -0.0092497581960739629
leaf_weight=2.9593756459653369 4.5276339035481215 1.6311884690076097 6.3474353291094294 120.20075879991055 30.066630098968744 211.20093315560371 43.147921826690435 15.068790847435592 2.0200609434396029
leaf_count=16 35 27 38 759 205 1688 326 109 22
internal_value=4.37053e-05 -0.022244 0.000468629 0.00175524 0.0171814 0.000217936 -0.00679355 -0.0103522 0.0131477
internal_weight=437.171 8.17888 428.992 364.428 33.026 331.402 64.5641 58.2167 3.65125
internal_count=3225 84 3141 2668 221 2447 473 435 49
is_linear=0
shrinkage=0.04


Tree=126
num_leaves=15
num_cat=0
split_feature=61 45 52 44 61 9 54 3 3 57 29 24 20 47
split_gain=2.42032 5.55586 5.66738 4.31248 3.16912 5.73803 6.27767 5.63565 5.60275 4.87128 2.73826 0.0184308 0.0077246 0.0032257
threshold=0.38390433719255823 0.69219696867152336 -0.19620155910499551 0.018475812271939323 0.5781625713326991 0.0010060976169775453 -0.052775199777954411 0.0079061751261638516 0.0023280701915840505 -0.27440844889763716 0.6571498090408282 1.0000000180025095e-35 0.0033176040360839002 -0.39725208149337238
decision_type=2 2 2 2 2 2 2 2 2 2 2 2 2 2
left_child=1 2 3 -1 8 6 -6 -7 10 -10 -2 -3 -4 -13
right_child=4 11 12 -5 5 7 -8 -9 9 -11 -12 13 -14 -15
leaf_value=0.0055891707622094354 0.0051264354454216158 0.048467122714344217 0.04129956513188187 -0.025167640851152674 -0.036788393304787753 0.027261319639924477 0.0054946111976882355 -0.0035431336389386415 0.025784223605033497 -0.0043475289755932883 0.055705480991199909 0.0441734186945138 0.046464418015735233 0.041952231261351766
leaf_weight=29.645731353200972 3.1185216419398776 1.0073259137570847 4.8690366121008983 9.6741964016109687 8.2108963895589131 26.323950186371803 17.791148198768497 14.870438648387788 8.8348227441310865 302.95617680810392 3.7987103760242462 1.4410005658864968 0.5120428018271922 3.8172399681061511
leaf_count=425 21 8 202 75 61 241 134 128 69 1706 20 19 5 111
internal_value=4.26411e-05 0.00823514 0.00329074 -0.00197817 -0.00103935 0.00685494 -0.00785747 0.0161415 -0.00270378 -0.00349372 0.0329027 0.0435105 0.041791 0.0425609
internal_weight=436.871 50.9666 44.701 39.3199 385.905 67.1964 26.002 41.1944 318.708 311.791 6.91723 6.26557 5.38108 5.25824
internal_count=3225 845 707 500 2380 564 195 369 1816 1775 41 138 207 130
is_linear=0
shrinkage=0.04


Tree=127
num_leaves=15
num_cat=0
split_feature=24 22 41 19 14 31 61 43 13 19 19 30 1 44
split_gain=2.39434 5.01272 7.35739 4.96728 11.0544 5.56345 3.63858 3.69158 8.46634 8.14139 2.25525 3.02629 0.154867 0.00580924
threshold=0.024999999999958254 1.6363775359856256 -0.0001101052804743041 -0.78085810369943098 -6.1692490233500799e-05 -1.8458965470040734 0.64319662292269875 0.34367534402791949 4.3574123362470765e-05 -1.0173499707586273 -1.3522182246012611 -1.3185212388705649 7.629504597854976 0.018428069852686857
decision_type=2 2 2 2 2 2 2 2 2 2 2 2 2 2
left_child=1 3 -3 4 -1 -5 7 9 -9 -2 11 -8 -4 -12
right_child=6 2 12 5 -6 -7 10 8 -10 -11 13 -13 -14 -15
leaf_value=-0.0080177809236743214 -0.019550848238752552 -0.042205703813457549 0.051283879582743108 -0.053613367556136382 -0.060413886748012485 0.0017581789348966393 0.044338481974648049 0.014010760194701401 -0.0049827286279806281 0.0022552404415098399 0.044266896168100985 -0.034411053184231682 0.037901384520589401 0.041662568242737674
leaf_weight=37.612290863879025 36.895743038505316 1.94265691190958 4.2089755702763778 3.019362097606062 7.774162381887435 75.52447285503149 1.4068974424153569 84.662899504415691 67.47717856336385 106.37947031017393 2.8965728469192964 1.7544788811355827 2.0611081626266241 2.6009298898279667
leaf_count=213 224 10 30 19 48 553 25 594 554 788 41 22 28 76
internal_value=4.30575e-05 -0.00445235 0.0258111 -0.00645788 -0.0169926 -0.0003704 0.00199665 0.00124753 0.00558677 -0.00336019 0.0275544 0.000634607 0.0468848 0.0430348
internal_weight=436.217 132.143 8.21274 123.93 45.3865 78.5438 304.074 295.415 152.14 143.275 8.65888 3.16138 6.27008 5.4975
internal_count=3225 901 68 833 261 572 2324 2160 1148 1012 164 47 58 117
is_linear=0
shrinkage=0.04


Tree=128
num_leaves=13
num_cat=0
split_feature=29 61 42 61 50 61 42 20 42 27 61 46
split_gain=2.40392 6.77617 3.17328 4.03797 6.75121 6.40006 3.81545 8.36368 5.88221 2.38698 0.0218755 0.0134154
threshold=0.0061624001400801829 0.49734152876319354 0.00056374021250242036 0.51799280432713746 0.066948861927527817 0.44744152260735798 0.00066134487147304023 0.0026619117458928005 0.00067654656445609665 -1.0000000180025095e-35 0.46280803229966089 -0.15290703427421851
decision_type=2 2 2 2 2 2 2 2 2 2 2 2
left_child=1 10 3 5 -5 -2 7 -4 -8 -3 11 -1
right_child=2 9 6 4 -6 -7 8 -9 -10 -11 -12 -13
leaf_value=0.047960392642420822 0.03786852751122758 0.012528902585550273 -0.0063006061950773165 -0.0096544844221529008 0.067488468379599834 -0.02723861569775065 0.024778877554092141 -0.063820332004456151 -0.00067884936640558017 -0.035698840539753619 0.050885541042100205 0.043325884791711435
leaf_weight=2.1769652403891087 4.0845618117600697 3.3689426630735397 57.095752388238907 2.9426192604005328 4.7373162619769573 5.9125868678092957 15.193063532002268 4.3530479762703171 328.6914002224803 3.2032498437911272 2.07942233979702 1.847410574555395
leaf_count=20 52 21 378 21 25 28 115 29 2467 19 14 36
internal_value=4.32258e-05 0.0172072 -0.000471112 0.0161186 0.0379306 -0.000637616 -0.00119461 -0.0103753 0.000445891 -0.010977 0.0475542 0.0458329
internal_weight=435.686 12.676 423.01 17.6771 7.67994 9.99715 405.333 61.4488 343.884 6.57219 6.1038 4.02438
internal_count=3225 110 3115 126 46 80 2989 407 2582 40 70 56
is_linear=0
shrinkage=0.04


Tree=129
num_leaves=12
num_cat=0
split_feature=42 48 61 1 22 22 50 41 27 50 22
split_gain=2.36678 4.487 3.78652 5.9402 6.2164 3.17528 8.23853 4.79658 2.63742 1.18632 0.00943969
threshold=0.0014719812032598944 -0.22775893336516342 0.33384172753933783 -15.4649187858231 -0.0042951809860785487 1.3728724401350079 0.14941864261930152 1.4371814480185211e-05 0.86524652749963049 0.080658050296513184 2.3969460734471597
decision_type=2 2 2 2 2 2 2 2 2 2 2
left_child=2 -2 3 4 -1 7 -7 -4 9 -3 -5
right_child=1 8 5 10 -6 6 -8 -9 -10 -11 -12
leaf_value=0.027812089451044068 -0.064699603344321496 -0.0031792136615401427 0.0024996702373006538 0.041726529465532639 -0.047141541946015532 0.0032315387459471139 0.053158866383762167 -0.0068021811479082282 -0.028803622838010953 0.050299467694007491 0.045064587149958008
leaf_weight=3.7935087475925684 2.598895862698555 1.1694007329642766 199.77102503366768 6.7913986947387439 3.3196877855807534 46.648793499916792 5.9640953987836829 159.52765918336809 2.6831696666777134 1.5346725042909382 1.6934619806706903
leaf_count=68 18 29 1267 231 24 353 47 1128 22 15 23
internal_value=4.30942e-05 -0.0215319 0.000446129 0.0197914 -0.00716834 -0.000286427 0.0088912 -0.00163033 -0.000707147 0.0271721 0.0423928
internal_weight=435.496 7.98614 427.51 15.5981 7.1132 411.912 52.6129 359.299 5.38724 2.70407 8.48486
internal_count=3225 84 3141 346 92 2795 400 2395 66 44 254
is_linear=0
shrinkage=0.04


Tree=130
num_leaves=13
num_cat=0
split_feature=23 50 61 61 21 19 20 48 55 1 61 3
split_gain=2.30907 10.5263 10.4232 7.80115 4.0523 3.98316 8.7414 13.2359 6.87729 6.35918 7.57085 6.85565
threshold=-0.20744415326777457 0.15570218873372407 0.48764298391571853 0.5196258450428608 0.00055508790589000017 1.182359660695574 0.0026746564679150501 -0.48293406152076074 0.43229928318169031 1.0000000180025095e-35 0.43830372947973434 0.0033619245828588004
decision_type=2 2 2 2 2 2 2 2 2 2 2 2
left_child=1 2 4 -4 -1 9 7 -7 -8 11 -11 -2
right_child=5 -3 3 -5 -6 6 8 -9 -10 10 -12 -13
leaf_value=0.049211030776822665 -0.02139528445308379 -0.056501710080320823 -0.026385429466441006 0.0093636386952609951 0.017218011304552926 0.040662189343218684 0.010808102761782694 -0.029987827032932592 -0.05504934321772572 0.028370447130463331 0.0024658051895205999 -8.9749863990254867e-05
leaf_weight=10.448886109516026 28.316872482188046 4.036125421524047 14.145826637744902 31.549509823322296 16.086946339346468 4.7982704751193515 31.488491281867027 36.646483369171619 2.7593631893396369 24.99342823587358 64.989693803712726 164.80309040658176
leaf_count=91 180 17 63 197 163 35 275 309 15 380 392 1108
internal_value=4.27289e-05 0.00636331 0.00987607 -0.00170314 0.0298157 -0.0013008 -0.00945152 -0.0218083 0.00550194 0.000878436 0.009661 -0.00321375
internal_weight=435.063 76.2673 72.2312 45.6953 26.5358 358.796 75.6926 41.4448 34.2479 283.103 89.9831 193.12
internal_count=3225 531 514 260 254 2694 634 344 290 2060 772 1288
is_linear=0
shrinkage=0.04


Tree=131
num_leaves=11
num_cat=0
split_feature=61 61 3 45 59 39 22 12 48 42
split_gain=2.27835 2.3248 5.80595 4.72964 3.187 9.43279 3.61706 0.87239 0.00193071 0.000110549
threshold=0.69199174220727755 0.38390433719255823 0.0020663558340893004 0.69219696867152336 -0.15380182902672787 0.5620562585190042 1.3728724401350079 0.00053109090544820015 0.13674384062033701 0.00074580336337557427
decision_type=2 2 2 2 2 2 2 2 2 2
left_child=1 2 -1 -4 5 -3 -6 8 9 -2
right_child=7 4 3 -5 6 -7 -8 -9 -10 -11
leaf_value=-0.087873046727381651 0.041781156866789938 0.0038923193808489249 0.0052231592536339782 0.043319219439866261 -0.0018493096183966199 -0.051798037181209206 0.010675001954955366 -0.0054907099415487659 0.043523355110905604 0.041066434188155858
leaf_weight=0.99233494326472182 0.67000002227723576 13.336141882464291 42.840770022012293 5.9367784010246387 318.32280554808676 7.6622368916869155 41.732016757130623 0.7770722210407256 1.3847291283309457 0.71659097168594599
leaf_count=5 18 90 703 137 1878 45 283 15 20 31
internal_value=4.3731e-05 -0.000219178 0.00791124 0.00985988 -0.0012811 -0.0164289 -0.000397684 0.0319645 0.0424669 0.0414118
internal_weight=434.371 430.823 49.7699 48.7775 381.053 20.9984 360.055 3.54839 2.77132 1.38659
internal_count=3225 3141 845 840 2296 135 2161 84 69 49
is_linear=0
shrinkage=0.04


Tree=132
num_leaves=11
num_cat=0
split_feature=42 53 61 1 22 22 50 8 0 22
split_gain=2.33789 4.61485 3.43051 5.78315 5.66601 2.75254 7.78921 3.61442 1.31918 0.00812834
threshold=0.0014719812032598944 -0.026908175295518186 0.33384172753933783 -15.4649187858231 -0.0042951809860785487 1.3728724401350079 0.14941864261930152 0.0051302075154203508 52.135646221575932 2.3969460734471597
decision_type=2 2 2 2 2 2 2 2 2 2
left_child=2 -2 3 4 -1 7 -7 -4 -3 -5
right_child=1 8 5 9 -6 6 -8 -9 -10 -11
leaf_value=0.027026745564147157 -0.04911531986643107 0.040436981713273389 -0.001972955447584268 0.041643533677607945 -0.044771443032756521 0.0029082421597137228 0.052356078355841773 0.032129102089838477 -0.0091839968561074348 0.044820103352764394
leaf_weight=3.6764312256127596 4.3443683329969645 1.5345828123390668 353.95336683746427 6.4586695516481978 3.371236376464366 46.329244838096201 5.7271336447447529 5.0436199391260734 1.9420706257224081 1.6101762652397154
leaf_count=68 35 27 2344 231 24 353 47 51 22 23
internal_value=4.30873e-05 -0.0216285 0.000440802 0.019155 -0.00731776 -0.000247414 0.00834839 -0.00149385 0.0127185 0.0422774
internal_weight=433.991 7.82102 426.17 15.1165 7.04767 411.053 52.0564 358.997 3.47665 8.06885
internal_count=3225 84 3141 346 92 2795 400 2395 49 254
is_linear=0
shrinkage=0.04


Tree=133
num_leaves=11
num_cat=0
split_feature=15 15 30 61 55 61 24 3 61 46
split_gain=2.25381 5.01169 6.50792 4.67571 4.5061 7.75855 4.51818 3.60744 3.39574 2.80174
threshold=0.005796200598863801 0.0036877610370181003 1.9830768496145896 0.46141358398586574 0.4190484345743633 0.49027768939210331 0.17499999999970828 0.012227594549504553 0.38690636085553193 -0.13767133256980021
decision_type=2 2 2 2 2 2 2 2 2 2
left_child=1 2 7 8 6 -6 -3 -1 -2 -5
right_child=3 4 -4 9 5 -7 -8 -9 -10 -11
leaf_value=-0.0005980210019331958 -0.01866578539743358 0.044509089409546301 -0.051059556797360857 -0.046993227546457642 0.033497175690377176 -0.057797190683463742 -0.0089292339928922059 0.020357732719908889 0.050181859055109274 -0.0061083683258196112
leaf_weight=380.09080846421421 2.1061369981616727 10.99651217646897 4.0147899519652119 6.1628888901323071 3.1890621259808531 2.7945623211562634 3.2885557711124411 13.61432660371065 2.5150002613663673 4.7477770447731009
leaf_count=2800 24 107 35 33 26 15 20 114 19 32
internal_value=4.2738e-05 0.000598697 -0.000390071 -0.0149191 0.0200007 -0.00914049 0.0322071 0.000126629 0.0188037 -0.0292022
internal_weight=433.52 417.989 397.72 15.5318 20.2687 5.98362 14.2851 393.705 4.62114 10.9107
internal_count=3225 3117 2949 108 168 41 127 2914 43 65
is_linear=0
shrinkage=0.04


Tree=134
num_leaves=10
num_cat=0
split_feature=42 53 49 29 30 2 32 47 0
split_gain=2.24938 4.31986 2.63038 2.22837 5.06222 5.36113 4.46988 6.51648 4.0674
threshold=0.0014719812032598944 -0.033728764416477992 0.36441057946226024 4.5726307241795219 -1.3856264779171985 0.009456635864135603 -1.1380110974130833 -0.40170873735726881 41.473344117244928
decision_type=2 2 2 2 2 2 2 2 2
left_child=3 -2 -3 4 5 -1 -5 -8 -6
right_child=1 2 -4 6 8 -7 7 -9 -10
leaf_value=-0.0094408316002091569 -0.054936275661797332 0.044503801036934326 -0.019599176660127199 -0.052775141726177623 -0.0066133402166791335 0.026741524747907777 0.038708136983165622 -0.0080200461276396569 0.0030839175575679222
leaf_weight=9.0767182391136867 3.4170564785599709 1.6735512930899847 2.6396039091050625 3.1657466161996117 99.082786378450692 23.557070101611316 5.220825780183076 55.920420384965837 229.50471620168537
leaf_count=54 24 39 21 23 652 167 32 418 1795
internal_value=4.22888e-05 -0.0213416 0.00527348 0.000430752 0.00165208 0.0166778 -0.00642961 -0.00402995 0.000159791
internal_weight=433.258 7.73021 4.31316 425.528 361.221 32.6338 64.307 61.1412 328.588
internal_count=3225 84 60 3141 2668 221 473 450 2447
is_linear=0
shrinkage=0.04


Tree=135
num_leaves=12
num_cat=0
split_feature=29 61 42 47 48 42 20 42 27 8 61
split_gain=2.24902 6.42596 2.96125 4.13096 6.03546 3.4113 7.5016 5.53846 2.14195 0.0205833 0.00538418
threshold=0.0061624001400801829 0.49734152876319354 0.00056374021250242036 -0.39906324239022956 -0.16886559449011593 0.00066134487147304023 0.0026619117458928005 0.00067654656445609665 -1.0000000180025095e-35 -0.00046521691972139996 0.45682435605034194
decision_type=2 2 2 2 2 2 2 2 2 2 2
left_child=1 9 3 -2 -5 6 -4 -7 -3 -1 -11
right_child=2 8 5 4 -6 7 -8 -9 -10 10 -12
leaf_value=0.049770222977292722 -0.01507356589324953 0.012018811713600142 -0.0059161807576739323 0.053438815720756788 -0.0025635422481408653 0.02417323142458367 -0.059754295252796887 -0.00068282848081263516 -0.033642424438431413 0.043386208007886111 0.046714980542883068
leaf_weight=2.7525866096839309 4.9818834289908436 3.3569986745715141 56.988055407069623 6.7889315038919458 5.6345513910055134 15.001878376118837 4.4653585571795693 326.64236102625728 3.2208066936582327 1.5826708786189541 1.5280797407031057
leaf_count=25 31 21 378 45 50 115 29 2467 19 32 13
internal_value=4.13888e-05 0.0168022 -0.000454502 0.0156994 0.0280395 -0.00115201 -0.00982819 0.000408621 -0.0103391 0.0472508 0.0450214
internal_weight=432.944 12.4411 420.503 17.4054 12.4235 403.098 61.4534 341.644 6.57781 5.86334 3.11075
internal_count=3225 110 3115 126 95 2989 407 2582 40 70 45
is_linear=0
shrinkage=0.04


Tree=136
num_leaves=11
num_cat=0
split_feature=24 22 54 54 23 50 44 19 3 0
split_gain=2.24789 4.36648 5.05449 5.84619 3.89416 11.1265 7.32242 4.9459 7.96421 5.91202
threshold=1.0000000180025095e-35 0.2889630694055631 0.12714398195792895 0.11621756475707813 -0.178281641956923 0.15570218873372407 0.018440944449291841 1.182359660695574 0.0044130683096271503 43.955930379826079
decision_type=2 2 2 2 2 2 2 2 2 2
left_child=1 2 3 -1 5 6 -2 9 -9 -6
right_child=4 -3 -4 -5 7 -7 -8 8 -10 -11
leaf_value=-0.0071742395466860833 0.018962312878070958 0.033567716008757013 0.029156004406684595 -0.042368545150245795 -0.0037160199608555445 -0.054415106929144239 -0.028951958661237648 -0.030346356065813027 -0.001263602983934291 0.0086498529414229738
leaf_weight=29.858103100210428 54.002794644795358 3.7106504663825026 4.38673973083496 10.108387768268583 135.44204896409065 4.0079476386308661 5.6358044706284991 21.519705784507096 50.234726167283952 113.86363174300641
leaf_count=172 415 19 20 56 946 17 39 180 428 933
internal_value=4.11426e-05 -0.0081148 -0.011602 -0.0160756 0.00106012 0.0100989 0.0144344 -0.000731711 -0.00998574 0.00193176
internal_weight=432.771 48.0639 44.3532 39.9665 384.707 63.6465 59.6386 321.06 71.7544 249.306
internal_count=3225 267 248 228 2958 471 454 2487 608 1879
is_linear=0
shrinkage=0.04


Tree=137
num_leaves=11
num_cat=0
split_feature=61 52 54 61 61 2 54 37 46 37
split_gain=2.15093 3.07873 6.28394 4.27422 4.89971 3.23814 2.71596 3.03147 3.28764 0.353548
threshold=0.64726851137425301 -0.60561673130431404 0.16980572972960595 0.50989262917845646 0.57463198900896928 -0.045731379484062591 -0.10229618237452807 -0.4109206466378354 -0.15963342094714214 -0.3416660337998772
decision_type=2 2 2 2 2 2 2 2 2 2
left_child=1 3 5 -1 -5 -3 -2 8 -8 -9
right_child=6 2 -4 4 -6 -7 7 9 -10 -11
leaf_value=0.023237937277043551 -0.038749285437135281 -0.017975628647122852 0.050916537613659114 -0.0609081515102608 -0.0078543179865109836 0.00044879309502188805 -0.046835810056442384 0.022147198398647906 0.028950208259408618 0.042901363483568329
leaf_weight=3.0939347632229319 1.2715181857347477 15.891493596136568 3.872869335114955 4.739006042480467 6.7556047961115837 385.64297131588683 1.7241574227809908 1.7206359095871437 1.9535644333809603 5.5471834568306804
leaf_count=18 10 88 25 20 37 2833 15 20 33 126
internal_value=4.03081e-05 -0.000440958 0.000208697 -0.0184945 -0.0297274 -0.000280389 0.0165852 0.0230133 -0.00657913 0.0379879
internal_weight=432.213 419.996 405.407 14.5885 11.4946 401.534 12.2171 10.9455 3.67772 7.26782
internal_count=3225 3021 2946 75 57 2921 204 194 48 146
is_linear=0
shrinkage=0.04


Tree=138
num_leaves=14
num_cat=0
split_feature=24 22 8 27 23 60 51 23 20 0 46 8 8
split_gain=2.12448 4.63341 5.1638 4.38096 4.26254 11.6098 9.31248 6.01004 10.1999 5.7128 3.77842 3.10632 0.134105
threshold=0.024999999999958254 1.6363775359856256 -0.0011340780116954497 -2.8880236444243139 0.089733858215261114 0.66771847316601562 -0.084391442794084545 3.8644329665933896 0.0026705024279705504 26.653061973464009 -0.18221959349235933 -0.0022931681482879496 0.0010370945794132003
decision_type=2 2 2 2 2 2 2 2 2 2 2 2 2
left_child=1 3 -3 11 5 6 -2 8 -6 -9 -5 -1 -4
right_child=4 2 12 10 7 -7 -8 9 -10 -11 -12 -13 -14
leaf_value=-0.012449695460363147 0.037496596367861852 -0.025086380931970704 0.050728336595338472 0.030758581174692674 -0.017301182212896834 -0.042171279013651981 0.0049925713897833526 0.027425218322282136 0.0098574661317523821 0.0017806687912594967 -0.0053866455968964019 -0.056700576200871391 0.037927295666164498
leaf_weight=6.079906951636076 20.815125681459904 2.3011164888739586 3.5642798878252497 4.8354586064815512 65.873753106221557 6.1200940459966651 43.735003287903965 15.799336051568387 33.316305249929428 115.54536175215617 107.49373819958419 4.3571755699813348 2.0697782132774591
leaf_count=35 133 12 26 27 426 26 378 108 259 994 748 23 30
internal_value=3.95023e-05 -0.00421925 0.0254039 -0.00613398 0.0018875 0.0104818 0.015474 -0.000747094 -0.00817904 0.00486543 -0.00383069 -0.0309231 0.0460256
internal_weight=431.906 130.701 7.93517 122.766 301.205 70.6702 64.5501 230.535 99.1901 131.345 112.329 10.4371 5.63406
internal_count=3225 901 68 833 2324 537 511 1787 685 1102 775 58 56
is_linear=0
shrinkage=0.04


Tree=139
num_leaves=13
num_cat=0
split_feature=46 3 43 30 13 1 3 9 50 61 61 49
split_gain=2.16228 5.12761 6.94077 7.77594 5.28957 5.03324 4.2485 7.85207 6.88809 5.83831 7.00533 5.36052
threshold=-0.15873110832464105 0.0025974843414875003 0.35215085349429337 -0.48661688298383748 0.00059441101536440017 -4.0957259212009367 0.0028079838002860002 0.0010588012158102851 -0.063886678972708236 0.5781625713326991 0.4559205470240707 0.26586880340606861
decision_type=2 2 2 2 2 2 2 2 2 2 2 2
left_child=1 5 3 -3 -4 -1 7 8 -2 10 -8 -11
right_child=6 2 4 -5 -6 -7 9 -9 -10 11 -12 -13
leaf_value=-0.011250539036960725 -0.036984406315060656 -0.030858086102815607 0.0087040111260681483 -0.0042233097272548984 -0.017338192329109787 0.053649249408498127 0.0095777701994922068 -0.065576346823482859 0.016141789856454765 0.003889264718496589 -0.0051776202907386215 0.0334307563015728
leaf_weight=3.1908828318119049 6.1393303051590982 27.431214280426502 59.919829869642854 48.626414003781974 15.76176065392792 4.7703497782349578 88.731740257237107 3.9925279142335048 10.728538314811884 20.902488928288221 122.62859617173672 18.5495824245736
leaf_count=17 40 153 371 298 107 29 1139 38 95 181 584 173
internal_value=3.96466e-05 -0.00365403 -0.00529577 -0.0138295 0.00328035 0.0276372 0.00221094 -0.0151338 -0.00319434 0.00365353 0.00101688 0.0177791
internal_weight=431.373 159.7 151.739 76.0576 75.6816 7.96123 271.673 20.8604 16.8679 250.812 211.36 39.4521
internal_count=3225 975 929 451 478 46 2250 173 135 2077 1723 354
is_linear=0
shrinkage=0.04


Tree=140
num_leaves=9
num_cat=0
split_feature=61 56 15 8 52 31 46 31
split_gain=2.13904 3.06405 2.50858 3.28246 2.42537 2.71781 2.97997 0.344613
threshold=0.64726851137425301 0.17687608455211387 0.0084507782229723515 0.0055319323381411512 0.22349997462526308 -1.2327619399135061 -0.15963342094714214 -1.0249981013996317
decision_type=2 2 2 2 2 2 2 2
left_child=1 2 3 -1 5 6 -2 -7
right_child=4 -3 -4 -5 -6 7 -8 -9
leaf_value=-0.00032525287609237079 -0.042324119389481045 -0.039636669102390935 -0.036613363682043806 0.028358656664272851 -0.034881182274450175 0.0220797336355694 0.029135127564894971 0.042724992592320953
leaf_weight=406.00953112309799 1.7670554965734484 3.1664575561881056 2.9952492080628863 6.4852159572765222 1.3024493753910054 1.7142047397792328 1.9799045734107483 5.2726796250790358
leaf_count=2912 15 16 18 75 8 20 34 127
internal_value=4.01014e-05 -0.000437872 -0.000139137 0.000125714 0.0166654 0.02292 -0.00456485 0.0376598
internal_weight=430.693 418.656 415.49 412.495 12.0363 10.7338 3.74696 6.98688
internal_count=3225 3021 3005 2987 204 196 49 147
is_linear=0
shrinkage=0.04


Tree=141
num_leaves=11
num_cat=0
split_feature=42 15 61 47 29 44 7 61 18 15
split_gain=2.09048 5.28644 7.16223 5.5279 3.36138 3.50636 7.47758 3.74093 3.08522 1.19439
threshold=0.00057108179842576894 -0.0032107334799814495 0.51799280432713746 -0.39906324239022956 0.0015630251543570009 0.018419871618196727 -8.3558566109158332e-05 0.58348750213999867 1.0000000180025095e-35 0.0005425013934439001
decision_type=2 2 2 2 2 2 2 2 2 2
left_child=1 -1 3 -3 9 6 -6 -7 -4 -2
right_child=4 2 8 -5 5 7 -8 -9 -10 -11
leaf_value=-0.044606768532269615 0.050153529860417843 -0.037505092205115657 0.069541929197787941 0.019750565874746998 -0.027509916952233537 -0.0013131182682755474 0.0077581066212341725 0.010832634363026332 0.018033499583463772 0.0077475406826348781
leaf_weight=2.3472055867314365 2.7594810277223578 4.2039180621504819 4.6236759647727004 7.5318001480773074 22.37403385527432 318.38973473198712 16.87224851641804 46.500061289407313 3.1134525258094072 1.7282755202613769
leaf_count=13 27 28 22 69 137 2306 142 430 27 24
internal_value=3.92265e-05 0.0121023 0.0189379 -0.000759308 -0.00060493 -0.000987233 -0.0123479 0.000234687 0.0488147 0.0338226
internal_weight=430.444 21.8201 19.4728 11.7357 408.624 404.136 39.2463 364.89 7.73713 4.48776
internal_count=3225 159 146 97 3066 3015 279 2736 49 51
is_linear=0
shrinkage=0.04


Tree=142
num_leaves=12
num_cat=0
split_feature=24 7 61 0 23 32 2 7 7 10 45
split_gain=2.10562 5.30973 5.22235 3.618 7.34283 7.00159 4.55617 9.98965 9.07402 3.21016 2.54345
threshold=0.22499999999962497 -0.0019419104528685999 0.50173165770626571 66.273259184292201 7.0901935618609446 0.57770734666157486 0.80455353118685946 0.0014170972402707002 0.0016257643703454503 0.00020843359962040002 0.52036004781771916
decision_type=2 2 2 2 2 2 2 2 2 2 2
left_child=3 -2 -3 6 5 -5 8 -8 -1 -6 -4
right_child=1 2 10 4 9 -7 7 -9 -10 -11 -12
leaf_value=0.0012508174901902746 0.025137804759867301 0.013498476460272841 -0.069996299054524952 0.033243973904470148 0.0061488264906091866 0.00085766170141672918 -0.040540802145982206 0.0034132723883354126 -0.063777985636994106 -0.028366023741753406 -0.026343396009723317
leaf_weight=315.27583098364994 4.2139530098065761 3.6820642985403529 3.4539566542953235 23.459590778686106 8.0521295126527566 19.607187632471323 14.153106899932025 19.913670116104186 3.4710692586377254 9.2812994290143234 5.5949755515903234
leaf_count=2264 31 25 16 241 64 172 117 160 37 67 31
internal_value=3.85627e-05 -0.0137813 -0.0266635 0.000605283 0.00965136 0.0184993 -0.000943367 -0.0148475 0.000542671 -0.0123324 -0.0430056
internal_weight=430.159 16.9449 12.731 413.214 60.4002 43.0668 352.814 34.0668 318.747 17.3334 9.04893
internal_count=3225 103 72 3122 544 413 2578 277 2301 131 47
is_linear=0
shrinkage=0.04


Tree=143
num_leaves=9
num_cat=0
split_feature=29 61 13 9 24 59 8 46
split_gain=2.04807 6.03513 2.77027 2.84063 2.67847 1.10886 0.0182998 0.00265344
threshold=0.0061624001400801829 0.49734152876319354 0.0049524840112830006 0.0015922369009656043 0.024999999999958254 0.28710409155804678 -0.00019402050759709995 -0.14955097119435248
decision_type=2 2 2 2 2 2 2 2
left_child=1 6 3 4 -2 -3 -1 -8
right_child=2 5 -4 -5 -6 -7 7 -9
leaf_value=0.048979024535271719 -0.0053120550664463107 0.0063563582172401142 -0.035134551885249547 0.041307854902434882 0.0017258757457591038 -0.026695843032580945 0.045556840996519972 0.042992264739784777
leaf_weight=2.9697929043322802 123.70773941650987 3.3005685936659575 3.6481708027422419 2.6307439748197785 287.81739811785519 3.1972351595759392 1.4111318066716196 1.1897257692180554
leaf_count=28 845 22 22 34 2214 18 15 27
internal_value=3.86353e-05 0.0162838 -0.000430613 -0.000124916 -0.000389782 -0.00990693 0.0468335 0.0443837
internal_weight=429.873 12.0685 417.804 414.156 411.525 6.4978 5.57065 2.60086
internal_count=3225 110 3115 3093 3059 40 70 42
is_linear=0
shrinkage=0.04


Tree=144
num_leaves=11
num_cat=0
split_feature=42 53 61 1 22 45 46 46 15 22
split_gain=2.0697 4.09302 3.20817 5.58739 5.22102 2.61938 3.96221 2.96819 1.04699 0.00736703
threshold=0.0014719812032598944 -0.026908175295518186 0.33384172753933783 -15.4649187858231 -0.0042951809860785487 0.36526757430626078 -0.17143818209036327 -0.15789391546278644 0.00066827741890045013 2.3969460734471597
decision_type=2 2 2 2 2 2 2 2 2 2
left_child=2 -2 3 4 -1 6 -4 -7 -3 -5
right_child=1 8 5 9 -6 7 -8 -9 -10 -11
leaf_value=0.026656161160739055 -0.047027358550694141 -0.011171039536795919 0.040149038790475586 0.041577162300752937 -0.042594378235338834 -0.0057491748392748277 0.0041382086167331116 0.0015884274969271135 0.033762814150795933 0.044672679386899158
leaf_weight=3.5632603522390127 4.1964295189827681 1.5829751510173076 5.894784837961196 6.1922169295139593 3.407889261841774 143.22381445765495 28.642494761385024 229.62643540184945 1.7435224177315829 1.5350644960999487
leaf_count=68 35 29 35 231 24 837 213 1710 20 23
internal_value=3.77475e-05 -0.0207584 0.000408402 0.0187677 -0.00719739 -0.000253997 0.0102845 -0.00123018 0.0123802 0.0421921
internal_weight=429.609 7.52293 422.086 14.6984 6.97115 407.388 34.5373 372.85 3.3265 7.72728
internal_count=3225 84 3141 346 92 2795 248 2547 49 254
is_linear=0
shrinkage=0.04


Tree=145
num_leaves=12
num_cat=0
split_feature=15 15 30 55 54 24 29 31 43 14 14
split_gain=2.00375 4.56885 5.56166 4.14287 4.6371 4.31905 3.33844 5.56914 3.16134 3.10114 1.37866
threshold=0.005796200598863801 0.0036877610370181003 1.9830768496145896 0.4190484345743633 0.114815146906295 0.17499999999970828 0.99640656098255931 0.89395820246302182 0.34367534402791949 0.0033878582088630502 0.0042619426308527506
decision_type=2 2 2 2 2 2 2 2 2 2 2
left_child=1 2 8 5 -5 -3 -2 10 -1 -9 -8
right_child=6 3 -4 4 -6 -7 7 9 -10 -11 -12
leaf_value=-0.0033040176025693935 -0.048480295496008713 0.043772490367824171 -0.046608806848181764 0.022865647043515049 -0.048581880407794174 -0.0088609673749247431 0.051948229305116334 -0.056166370597616755 0.0039089528809907702 -0.003089917765571111 0.0085931015751630306
leaf_weight=205.27100385911763 3.4994642008095971 10.552984410896899 4.1196815799921742 3.2870610896497956 2.6054695378988981 3.2666765190660945 2.3008782267570478 3.1208570627495646 184.70012914575636 4.043131597340107 2.395139810629189
leaf_count=1503 19 107 35 24 17 20 21 19 1411 29 20
internal_value=3.72617e-05 0.000563839 -0.000376178 0.0193569 -0.00872593 0.0313311 -0.0141494 -0.00401955 0.000112226 -0.0262117 0.0298355
internal_weight=429.162 413.803 394.091 19.7122 5.89253 13.8197 15.3595 11.86 389.971 7.16399 4.69602
internal_count=3225 3117 2949 168 41 127 108 89 2914 48 41
is_linear=0
shrinkage=0.04


Tree=146
num_leaves=12
num_cat=0
split_feature=61 44 23 8 61 61 45 61 32 48 20
split_gain=2.00654 2.07281 5.90145 10.637 7.21915 3.05234 4.54271 4.51321 0.912091 0.00263146 0.000176131
threshold=0.69199174220727755 0.018419871618196727 0.10019904046784341 -0.00026554830546949995 0.493438219499647 0.58348750213999867 0.85218206531082308 0.50173165770626571 -0.57689104991122253 0.16152745525933657 0.0026355019074723505
decision_type=2 2 2 2 2 2 2 2 2 2 2
left_child=1 2 4 -4 -1 7 -7 -3 -2 10 -10
right_child=8 5 3 -5 -6 6 -8 -9 9 -11 -12
leaf_value=0.045779036280218774 -0.0081328157735495159 0.0029272844277454732 -0.043016458585580571 0.0015527370160808446 -0.010034945640290774 0.014313791736509613 -0.029629550257826164 -0.0068856546836519351 0.041895496254327001 0.044056790131050731 0.041041053039617095
leaf_weight=6.3051967592909923 0.73431493900716338 212.50541809946299 14.549063999205826 20.840541611425579 9.0008826702833158 42.391167825087905 4.1307734493166199 115.88511725515127 0.69953653216361933 0.99444148316979397 0.86121976189315319
leaf_count=60 14 1864 84 159 47 357 36 534 18 13 39
internal_value=3.69087e-05 -0.000203621 -0.00779488 -0.0167702 0.0129571 0.00082287 0.010412 -0.000535585 0.0311574 0.0424486 0.041424
internal_weight=428.898 425.608 50.6957 35.3896 15.3061 374.912 46.5219 328.391 3.28951 2.5552 1.56076
internal_count=3225 3141 350 243 107 2791 393 2398 84 70 57
is_linear=0
shrinkage=0.04


Tree=147
num_leaves=12
num_cat=0
split_feature=42 15 61 47 44 32 44 32 61 15 18
split_gain=2.01557 3.78407 6.51418 4.97599 2.96219 9.03848 8.84446 4.11183 7.38548 7.04521 2.90022
threshold=0.00057108179842576894 -0.0031344238162884998 0.51799280432713746 -0.39906324239022956 0.018421104141005274 -1.1636432621616917 0.018420882716952473 -0.31502622454993451 0.59038286405167628 -0.00025030901587139994 1.0000000180025095e-35
decision_type=2 2 2 2 2 2 2 2 2 2 2
left_child=1 -1 3 -3 5 -2 -7 8 -6 -9 -4
right_child=4 2 10 -5 7 6 -8 9 -10 -11 -12
leaf_value=-0.033896126226869806 -0.063758737183257475 -0.035228384481495463 0.068430773547460244 0.019113940526482721 0.0034612716097436142 -7.3519609515147635e-05 -0.070845394915199603 -0.012401535225087476 0.03734684528903541 0.0025633528166893434 0.017664186931551387
leaf_weight=2.5432524979114559 4.4774642791599026 4.2295489385724103 4.3376075178384772 7.4357498409226519 117.83580393809825 46.226780499331653 3.0092575885355464 76.400153681635857 11.276072001084684 147.53493113256991 3.0782838016748428
leaf_count=14 27 28 21 69 875 342 20 510 106 1186 27
internal_value=3.67552e-05 0.0119365 0.0180454 -0.000589243 -0.000595869 -0.00934715 -0.00439903 0.000735574 0.00642069 -0.00254223 0.0473579
internal_weight=428.385 21.6244 19.0812 11.6653 406.76 53.7135 49.236 353.047 129.112 223.935 7.41589
internal_count=3225 159 145 97 3066 389 362 2677 981 1696 48
is_linear=0
shrinkage=0.04


Tree=148
num_leaves=9
num_cat=0
split_feature=24 22 22 42 43 23 50 23
split_gain=1.99181 3.93381 3.82774 4.3081 3.44031 3.0855 9.43103 4.62624
threshold=1.0000000180025095e-35 0.2889630694055631 0.19081376125841423 0.00079950595435109213 0.011382575298968784 -0.178281641956923 0.15570218873372407 -0.15330548055475415
decision_type=2 2 2 2 2 2 2 2
left_child=1 2 3 -1 -2 6 -6 -7
right_child=4 -3 -4 -5 5 7 -8 -9
leaf_value=0.0082923788195950702 0.036873668108227765 0.032099712610310291 -0.041085339331136832 -0.018794777809798862 0.012876803061499032 -0.05164005011451181 -0.051205586180710382 -0.00054006074888809192
leaf_weight=17.351657841354609 4.2295357547700396 3.6663823276758185 5.8714916855096808 20.486522627994418 57.604649242013693 2.8606717083603135 3.9248933047056189 312.16225477540866
leaf_count=96 32 19 30 122 447 20 17 2442
internal_value=3.67584e-05 -0.00769789 -0.0110361 -0.00637327 0.000999086 0.000596133 0.00878907 -0.00100409
internal_weight=428.158 47.3761 43.7097 37.8382 380.782 376.552 61.5295 315.023
internal_count=3225 267 248 218 2958 2926 464 2462
is_linear=0
shrinkage=0.04


Tree=149
num_leaves=12
num_cat=0
split_feature=61 22 44 42 42 61 43 8 8 37 20
split_gain=1.9383 3.75011 4.17081 3.4275 4.51978 7.91355 3.64497 5.62655 3.63205 2.06985 1.04242
threshold=0.33384172753933783 2.6314540544401717 0.018475812271939323 0.0013536314987851832 0.0012145427598370295 0.50173165770626571 0.23010944934546304 0.0032687296637785002 0.0055319323381411512 -0.28064617084686383 0.0026232729837119503
decision_type=2 2 2 2 2 2 2 2 2 2 2
left_child=1 2 10 4 8 -6 -5 -8 -2 -4 -1
right_child=3 -3 9 6 5 -7 7 -9 -10 -11 -12
leaf_value=-0.0041724891400571566 -0.0014054797403845823 -0.021080525680618922 0.023822725919206218 0.017827098158761073 0.03857147963669063 -0.0093859332072492047 -0.062850583425800022 -0.0033353649518793192 0.031688916888640437 -0.025510477614767466 0.042078215792638929
leaf_weight=0.85719110909849661 367.43620714638382 4.1880050022155038 2.2872954271733761 3.0430430024862281 12.579896495677533 9.789355547167359 4.9138307496905309 5.2646260987967253 5.3836924377828828 3.3592272419482461 8.6249551610089821
leaf_count=23 2514 36 23 22 94 65 24 29 61 45 289
internal_value=3.56048e-05 0.012417 0.02169 -0.00055 0.000120252 0.0175841 -0.0205837 -0.0320674 -0.000927581 -0.00552657 0.0378971
internal_weight=427.727 19.3167 15.1287 408.411 395.189 22.3693 13.2215 10.1785 372.82 5.64652 9.48215
internal_count=3225 416 380 2809 2734 159 75 53 2575 68 312
is_linear=0
shrinkage=0.04


Tree=150
num_leaves=14
num_cat=0
split_feature=45 61 2 3 61 32 24 20 1 41 55 61 23
split_gain=1.9266 8.90711 5.84576 4.14803 2.897 3.76785 3.63931 6.09881 3.77382 3.05625 2.47522 0.00542341 0.00157975
threshold=0.8132474173902714 0.42552395899909862 0.81302592601625767 0.0049438375978624509 0.625537073711668 0.38383764620471655 0.22499999999962497 0.0027296481226472004 38.489871037989367 2.0118317665100235e-05 0.41687577061903563 0.39244872710971584 5.5478755369697295
decision_type=2 2 2 2 2 2 2 2 2 2 2 2 2
left_child=4 11 3 -3 6 10 8 -8 -1 -7 -6 12 -2
right_child=1 2 -4 -5 5 9 7 -9 -10 -11 -12 -13 -14
leaf_value=-0.000729461917088004 0.042049250735665018 0.0087969355568982086 -0.053732524592272436 -0.032342312760363451 0.036920921991701675 0.012546386534872613 -0.038568858229194147 0.020308092993774382 0.012110979613239323 -0.044230841082101166 -0.0097758204945745161 0.045913859388640683 0.044305703237504011
leaf_weight=327.29147496959195 1.2116619190201192 9.7292326632887178 6.0840389356017104 6.5692879417911163 10.355454646982254 4.0219794642180196 9.2275287471711618 4.0506842881441107 41.236043394543231 2.4354573590680957 2.2024685032665721 1.9646124765276907 0.84098432306200255
leaf_count=2297 33 57 38 49 145 53 45 22 397 31 24 19 15
internal_value=3.55627e-05 -0.010431 -0.0202742 -0.00778467 0.000724936 0.0159629 -3.39737e-05 -0.0206077 0.000707307 -0.00886745 0.028731 0.0444116 0.0429737
internal_weight=427.221 26.3998 22.3826 16.2985 400.821 19.0154 381.806 13.2782 368.528 6.45744 12.5579 4.01726 2.05265
internal_count=3225 211 144 106 3014 253 2761 67 2694 84 169 67 48
is_linear=0
shrinkage=0.04


Tree=151
num_leaves=10
num_cat=0
split_feature=29 61 57 59 61 59 3 8 61
split_gain=1.89191 5.76847 2.81741 2.97251 8.82931 5.78074 1.06166 0.0172892 0.00329693
threshold=0.0061624001400801829 0.49734152876319354 -0.29523877222477396 0.031836971904756588 0.44321233488694017 0.15396990940693903 0.0048138858832296504 -0.00046521691972139996 0.4605642113812865
decision_type=2 2 2 2 2 2 2 2 2
left_child=1 7 -2 4 -4 -5 -3 -1 -9
right_child=2 6 3 5 -6 -7 -8 8 -10
leaf_value=0.048972199864517646 0.048683567126770334 0.0080357959116875571 0.024705968366451444 0.015301563872121537 -0.01584420182177888 -0.0010361537857114143 -0.024515905678949627 0.043151191808519229 0.045901930134823986
leaf_weight=2.5352970389649272 1.861697969958185 2.9576667491346598 10.381953242234884 38.948704902082682 49.812768097966909 314.06466522905976 3.5002903901040554 1.5171100348234161 1.2899111360311506
leaf_count=25 26 20 203 393 304 2189 20 33 12
internal_value=3.5682e-05 0.0158291 -0.00041332 -0.000634524 -0.0088504 0.000766421 -0.00960762 0.0465778 0.0444152
internal_weight=426.87 11.8003 415.07 413.208 60.1947 353.013 6.45796 5.34232 2.80702
internal_count=3225 110 3115 3089 507 2582 40 70 45
is_linear=0
shrinkage=0.04


Tree=152
num_leaves=10
num_cat=0
split_feature=15 15 36 61 47 2 42 61 46
split_gain=1.89904 4.15108 5.13795 3.99813 3.74805 3.11717 3.11578 3.02479 2.50826
threshold=0.005796200598863801 0.0036877610370181003 0.66102561653819658 0.46141358398586574 -0.40170873735726881 0.79779359541876638 0.00099687059001981747 0.38690636085553193 -0.13767133256980021
decision_type=2 2 2 2 2 2 2 2 2
left_child=1 2 5 7 -3 -1 -6 -2 -5
right_child=3 4 -4 8 6 -7 -8 -9 -10
leaf_value=0.0014959978947647491 -0.017245358494363098 -0.025789156646488651 -0.044536503539619458 -0.043794492714922549 0.011029954785924952 -0.009300753514469573 0.046116399313257964 0.049309910264027493 -0.0050054104241972885
leaf_weight=338.81689904211089 2.0419067647308102 2.6211964562535313 4.1642217170447102 6.1133062858134499 9.7060613716021198 48.968976309522986 6.9486911483108988 2.3499994091689587 4.7318864138796917
leaf_count=2483 24 13 35 33 81 431 74 19 32
internal_value=3.54529e-05 0.000549257 -0.000341979 -0.0138313 0.0186713 0.000132602 0.0256687 0.0183667 -0.0268704
internal_weight=426.463 411.226 391.95 15.2371 19.2759 387.786 16.6548 4.39191 10.8452
internal_count=3225 3117 2949 108 168 2914 155 43 65
is_linear=0
shrinkage=0.04


Tree=153
num_leaves=12
num_cat=0
split_feature=42 48 53 23 43 43 52 32 57 41 42
split_gain=1.89681 3.78439 2.3659 2.05501 5.38154 8.66185 4.96353 10.9172 5.23106 1.93848 1.59996
threshold=0.0014719812032598944 -0.22775893336516342 -0.033728764416477992 4.6904103569508111 0.081190918293145689 0.095590422217279633 -0.55191729418691693 -0.34285956570201825 0.41882304814682358 -7.2314007248349301e-06 0.0018291155595185308
decision_type=2 2 2 2 2 2 2 2 2 2 2
left_child=3 -2 -3 6 9 -6 7 -1 -8 -5 -4
right_child=1 2 10 4 5 -7 8 -9 -10 -11 -12
leaf_value=0.014416726425079379 -0.062172488956864856 -0.049436622170743967 0.035146316418692702 0.003745533655287583 -0.057876096177362904 0.0034949060673125885 -0.0017799810767357056 -0.041353186169877633 0.018723617210237603 0.03688909990297301 -0.018770440738766905
leaf_weight=9.3070677705109137 2.3352448605000973 1.1967076342552898 2.3702653739601365 3.9036403726786384 3.7898995224386445 126.46488795243204 229.34313743934035 14.16128460690379 21.801585175096989 10.203781610354778 1.4011688232421877
leaf_count=51 18 8 49 37 24 999 1754 77 113 86 9
internal_value=3.48728e-05 -0.0201747 -0.000433893 0.000387157 0.00425089 0.00170925 -0.00164398 -0.019236 -8.72379e-08 0.027718 0.0151151
internal_weight=426.279 7.30339 4.96814 418.975 144.362 130.255 274.613 23.4684 251.145 14.1074 3.77143
internal_count=3225 84 66 3141 1146 1023 1995 128 1867 123 58
is_linear=0
shrinkage=0.04


Tree=154
num_leaves=11
num_cat=0
split_feature=42 15 61 61 8 29 42 22 23 45
split_gain=1.88442 3.513 6.20132 5.53948 4.00545 2.90529 2.96926 8.32475 5.08339 1.14841
threshold=0.00057108179842576894 -0.0031344238162884998 0.51185960629536154 0.48923598217279907 0.00052395368908440007 0.0015630251543570009 0.00066134487147304023 -0.5927752886462635 -0.56146095689805786 0.68681295721191316
decision_type=2 2 2 2 2 2 2 2 2 2
left_child=1 -1 3 -3 -4 9 7 -7 -8 -2
right_child=5 2 4 -5 -6 6 8 -9 -10 -11
leaf_value=-0.032844699243172341 0.049070958856721955 0.012597918313084069 0.065768854422770709 -0.057122914380934003 0.0098648994374233388 -0.04068866514725232 -0.018406616277513527 -0.002031871794884523 0.0017654985463041268 0.0060381776031522396
leaf_weight=2.5119186714291599 2.5830173054710022 8.0627034306526202 5.0120665915310365 2.3561495542526236 3.4705578126013279 10.949567006900905 21.319502822123468 47.929824768565595 320.05806898837909 1.6111612822860477
leaf_count=14 37 82 32 10 21 73 136 318 2488 14
internal_value=3.42028e-05 0.0115981 0.0175043 -0.00316895 0.0428965 -0.00057804 -0.000925077 -0.00922072 0.000505722 0.0325402
internal_weight=425.865 21.4134 18.9015 10.4189 8.48262 404.451 400.257 58.8794 341.378 4.19418
internal_count=3225 159 145 92 53 3066 3015 391 2624 51
is_linear=0
shrinkage=0.04


Tree=155
num_leaves=10
num_cat=0
split_feature=23 50 27 23 23 27 8 57 50
split_gain=1.873 7.6439 8.19993 5.19005 3.55575 3.99595 6.09251 3.14982 2.8687
threshold=-0.20744415326777457 0.15570218873372407 -3.0861798825241062 -0.56146095689805786 -0.15330548055475415 3.4571970830791603 0.0046443769280694507 -0.27661285567976807 0.11855065384226526
decision_type=2 2 2 2 2 2 2 2 2
left_child=1 2 -1 -4 8 7 -7 -6 -2
right_child=4 -3 3 -5 5 6 -8 -9 -10
leaf_value=-0.051324132756781209 -0.054920246432878253 -0.048921309896684917 -0.0015508804390908164 0.021255671506956016 0.027111573689682436 -0.042864273109874403 0.030772523044267756 -0.00041848075425632931 -0.0039190357801883501
leaf_weight=3.4412126503884783 3.5104008931666604 3.8640311509370795 26.858069543726742 39.364277847111225 6.7870521764270952 7.6385254487395269 2.3510644715279341 328.20937479333952 3.5481617096811533
leaf_count=20 25 17 176 318 92 63 26 2465 23
internal_value=3.35995e-05 0.00584012 0.00887757 0.0120059 -0.00117914 -0.000604121 -0.0255337 0.00013928 -0.0292832
internal_weight=425.572 73.5276 69.6636 66.2223 352.045 344.986 9.98959 334.996 7.05856
internal_count=3225 531 514 494 2694 2646 89 2557 48
is_linear=0
shrinkage=0.04


Tree=156
num_leaves=11
num_cat=0
split_feature=22 9 20 61 42 19 22 20 61 20
split_gain=1.8747 11.4346 5.15943 4.10513 5.49347 5.06089 4.47581 2.52733 2.45595 1.34497
threshold=2.6314540544401717 0.0010337831479628721 0.0027160756097872004 0.33384172753933783 0.0013536314987851832 1.0727114802052491 1.3728724401350079 0.0027638100127013007 0.26327702654885426 0.0026202886365389506
decision_type=2 2 2 2 2 2 2 2 2 2
left_child=3 -2 -3 7 6 -6 -5 9 -9 -1
right_child=1 2 -4 4 5 -7 -8 8 -10 -11
leaf_value=-0.026716418905617122 0.034173805944430147 -0.070229428612488445 -0.0048145989729043472 -0.00089024771360761814 -0.051664702418919031 0.0011406214562771069 0.013387476857703974 0.036316433214502897 -0.024931167816636002 0.03624518362587404
leaf_weight=0.57603250071406265 4.7481290753930798 4.8310218192636949 3.2116799037903547 347.19890512526035 6.2897104788571578 5.3946985341608524 39.084191229194403 1.6212435718625773 2.9601071253418922 9.423724936321376
leaf_count=16 37 24 29 2363 36 28 328 30 40 294
internal_value=3.3187e-05 -0.0150484 -0.0441074 0.000500782 -0.000262979 -0.0272845 0.000554375 0.0213464 -0.00325693 0.0326183
internal_weight=425.339 12.7908 8.0427 412.549 397.968 11.6844 386.283 14.5811 4.58135 9.99976
internal_count=3225 90 53 3135 2755 64 2691 380 70 310
is_linear=0
shrinkage=0.04


Tree=157
num_leaves=12
num_cat=0
split_feature=24 22 54 54 61 56 59 43 61 22 41
split_gain=1.84517 3.64565 4.27007 5.14211 3.55396 6.6787 14.8147 7.23246 5.35269 7.68541 7.31125
threshold=1.0000000180025095e-35 0.2889630694055631 0.12714398195792895 0.11621756475707813 0.54937409373594048 0.032000603869531345 0.038357230358266152 0.29519069275070003 0.48764298391571853 -2.6241532262413689 0.00012762658273108112
decision_type=2 2 2 2 2 2 2 2 2 2 2
left_child=1 2 3 -1 8 6 -6 -7 9 -2 -10
right_child=4 -3 -4 -5 5 7 -8 -9 10 -11 -12
leaf_value=-0.0065234769996757504 0.050475191988933708 0.03102047857504894 0.027042963901914151 -0.040189480273593453 -0.0022422099589224863 -0.018650460520435907 0.043499733097267616 0.015227838229631903 -0.00352438602887878 0.0014425849571978819 -0.031430150729342722
leaf_weight=29.252890631556511 5.2599510457366696 3.634918972849845 4.3193689882755271 9.6548595391213876 24.875760443508625 22.797491597943008 20.802668547257781 18.077113598585129 82.72583495080471 185.17300573736429 18.354847565293312
leaf_count=172 43 19 20 56 190 170 190 129 353 1804 79
internal_value=3.3201e-05 -0.00745356 -0.0106888 -0.0148776 0.000961198 0.00807858 0.0185894 -0.00366752 -0.00115202 0.00279692 -0.00859169
internal_weight=424.929 46.862 43.2271 38.9078 378.067 86.553 45.6784 40.8746 291.514 190.433 101.081
internal_count=3225 267 248 228 2958 679 380 299 2279 1847 432
is_linear=0
shrinkage=0.04


Tree=158
num_leaves=10
num_cat=0
split_feature=61 59 39 61 52 61 32 48 44
split_gain=1.84346 1.99891 7.14967 8.75459 3.12172 2.15912 0.943541 0.00239313 0.000126633
threshold=0.69199174220727755 -0.15380182902672787 0.026609819161595553 0.45195633918410544 0.19569213694099197 0.52091286785371727 -0.57689104991122253 0.16152745525933657 0.018423362491428372
decision_type=2 2 2 2 2 2 2 2 2
left_child=1 2 -1 -4 5 -3 -2 8 -8
right_child=6 4 3 -5 -6 -7 7 -9 -10
leaf_value=0.037412823863726213 -0.01008396754390245 -0.0019559801619609659 0.025766039582015756 -0.038320584416534728 0.041221322033880535 0.0042965253391899858 0.041751884534545855 0.043899660975301978 0.041006350828256988
leaf_weight=3.8801007331348982 0.70895541459322009 262.64418012043461 4.5398118202574578 13.710543788969515 2.9829608751460901 133.17284091934562 0.65055259875953131 0.95864954963326443 0.82911067642271519
leaf_count=34 14 2099 105 66 25 812 18 13 39
internal_value=3.36109e-05 -0.000194432 -0.0118957 -0.0223789 0.000454903 0.000147679 0.0305331 0.0423428 0.0413341
internal_weight=424.078 420.93 22.1305 18.2504 398.8 395.817 3.14727 2.43831 1.47966
internal_count=3225 3141 205 171 2936 2911 84 70 57
is_linear=0
shrinkage=0.04


Tree=159
num_leaves=13
num_cat=0
split_feature=45 61 2 3 45 3 31 3 19 33 61 61
split_gain=1.7907 8.27747 5.18953 3.79552 2.6606 5.22318 4.37904 3.27152 7.14704 4.55768 0.00450276 0.00144289
threshold=0.8132474173902714 0.42552395899909862 0.81302592601625767 0.0049438375978624509 0.76455682918186618 0.0034516086453768506 0.54899145169614394 0.0034516086453768506 1.4092264828871892 -4.0146804810640067 0.39244872710971584 0.37095835464685217
decision_type=2 2 2 2 2 2 2 2 2 2 2 2
left_child=4 10 3 -3 7 -6 -7 8 -1 -9 11 -2
right_child=1 2 -4 -5 5 6 -8 9 -10 -11 -12 -13
leaf_value=-0.0029590801486013107 0.041865292588430095 0.0084356224967469754 -0.050711611761650496 -0.030880564252243489 0.058079926925556392 -0.0076583817801141735 0.033460090021891896 -0.012416619664304039 -0.040982833404055397 0.0033776543568479231 0.045607956678437013 0.04404542724720642
leaf_weight=60.64705620566383 1.0575083084404497 9.6586177665740305 6.1397774480283251 6.6223985636606804 3.6181294079870012 12.82215854059905 6.1229528691619626 32.743705278262496 9.0954480068758112 272.60151398694143 1.880433242768049 0.89832959137856949
leaf_count=465 33 57 38 49 26 88 54 204 74 2103 19 15
internal_value=3.30427e-05 -0.0100842 -0.0193742 -0.00755647 0.00070109 0.0140413 0.00563088 -0.000101387 -0.00791794 0.00168395 0.0442104 0.0428666
internal_weight=423.908 26.2571 22.4208 16.281 397.651 22.5632 18.9451 375.088 69.7425 305.345 3.83627 1.95584
internal_count=3225 211 144 106 3014 168 142 2846 539 2307 67 48
is_linear=0
shrinkage=0.04


Tree=160
num_leaves=11
num_cat=0
split_feature=42 15 61 61 8 29 44 7 61 15
split_gain=1.773 2.74512 5.62459 4.97511 3.74578 2.70497 2.83252 6.25646 3.15067 1.15105
threshold=0.00057108179842576894 -0.0028965778736675996 0.51185960629536154 0.48923598217279907 0.00052395368908440007 0.0015630251543570009 0.018419871618196727 -8.3558566109158332e-05 0.58348750213999867 0.0005425013934439001
decision_type=2 2 2 2 2 2 2 2 2 2
left_child=1 -1 3 -3 -4 9 7 -7 -8 -2
right_child=5 2 4 -5 -6 6 8 -9 -10 -11
leaf_value=-0.02665385289366947 0.049151047348734496 0.012206430087709972 0.064750532393130208 -0.05429782445090333 0.0097389612500536904 -0.024881923810969393 -0.0011987423603064499 0.0074973897513405646 0.010098382280700556 0.0057760786276142284
leaf_weight=2.6586438082158592 2.4525241870433083 7.9610108137130755 4.7229824438691121 2.3255478739738464 3.4104436784982681 22.463777512311935 314.30037812562659 16.606450702995062 45.176518088206649 1.6291593867354093
leaf_count=16 27 82 30 10 21 137 2306 142 430 24
internal_value=3.3117e-05 0.0113418 0.0168259 -0.00282861 0.0416835 -0.000558922 -0.000890716 -0.0111194 0.000221 0.0318384
internal_weight=423.707 21.0786 18.42 10.2866 8.13343 402.629 398.547 39.0702 359.477 4.08168
internal_count=3225 159 143 92 51 3066 3015 279 2736 51
is_linear=0
shrinkage=0.04


Tree=161
num_leaves=12
num_cat=0
split_feature=42 22 52 61 7 6 45 14 42 32 22
split_gain=1.74925 3.19745 3.09389 2.65752 4.47613 5.25529 2.36228 4.52331 2.45219 2.17235 0.0084998
threshold=0.0014719812032598944 -0.88042875958903455 -0.26893132357398009 0.33384172753933783 7.3388539391584684e-05 -0.00015793589356534999 0.36526757430626078 0.0018215465184937502 0.0013536314987851832 -0.39774908215748334 2.3969460734471597
decision_type=2 2 2 2 2 2 2 2 2 2 2
left_child=3 2 -2 4 5 -1 7 -5 -8 -4 -6
right_child=1 -3 9 6 10 -7 8 -9 -10 -11 -12
leaf_value=0.028843676462030871 -0.04659989195023042 -0.058002200345563797 -0.019387213614679943 0.014858023665242293 0.041512422536262659 -0.038653044444524672 -0.00066206219244835862 -0.032712028652697879 -0.022816535894674909 0.048327214982431185 0.045097130571999627
leaf_weight=3.8515827832743526 1.5811606906354425 2.3348865052685133 1.2446654094383121 30.451696356758475 5.0169158740900457 3.5438493564724904 360.34281213581562 3.5735439490526906 8.175115302205084 1.9388101492077112 1.3412742819637058
leaf_count=83 16 19 18 223 208 36 2502 25 45 31 19
internal_value=3.25426e-05 -0.0196554 -0.0008637 0.0003683 0.0176583 -0.00350037 -0.000222443 0.00986192 -0.00115353 0.0218524 0.0422686
internal_weight=423.396 7.09952 4.76464 416.297 13.7536 7.39543 402.543 34.0252 368.518 3.18348 6.35819
internal_count=3225 84 65 3141 346 119 2795 248 2547 49 227
is_linear=0
shrinkage=0.04


Tree=162
num_leaves=15
num_cat=0
split_feature=24 44 23 3 44 8 23 41 41 41 13 44 23 10
split_gain=1.76875 6.26242 7.73032 7.57469 6.36229 7.93965 5.07901 4.71778 4.75658 6.37655 4.18116 4.1363 3.79657 3.78962
threshold=0.041666666666597151 0.018433248417140644 0.057145088868781606 0.0035779501982909504 0.018431174245622798 0.00020267749694750001 0.20188752159386178 -0.0001360214760415997 -0.0001735930448137838 -0.00020041249571827176 -0.0026875818894850994 0.018433641437381524 0.8444503521739809 8.7107290860714289e-05
decision_type=2 2 2 2 2 2 2 2 2 2 2 2 2 2
left_child=1 4 3 -3 5 -1 -4 8 9 -2 -9 -12 -6 -10
right_child=7 2 6 -5 12 -7 -8 10 13 -11 11 -13 -14 -15
leaf_value=-0.0092583436841208577 0.01503100761610743 -0.085767958185047843 0.047865914141566386 -0.021221594626027712 0.054641029981061004 0.01512138238122031 -0.0064185010086970839 -0.036827698017654155 0.05565496018297128 -0.028708785924470456 -0.0038755335589003058 0.008556581291137063 0.0086901233046837202 0.010724917422684801
leaf_weight=54.811451565474272 26.050245691090819 3.4864220712333944 2.8880058061331502 17.563723943196237 5.7970533948391658 35.033843570388854 61.125366244930774 4.9136380404233924 6.6617605164647085 6.7054316103458431 120.20627553015947 66.512521795462817 5.7111547719687223 5.469757042825222
leaf_count=347 182 23 18 104 36 301 490 28 42 45 909 617 43 40
internal_value=3.21857e-05 -0.00288152 -0.0108842 -0.0319121 0.00383494 0.00024817 -0.00396942 0.00232868 0.0140013 0.00607701 -0.000405472 0.000553005 0.0318371 0.0353973
internal_weight=422.937 186.417 85.0635 21.0501 101.354 89.8453 64.0134 236.52 44.8872 32.7557 191.632 186.719 11.5082 12.1315
internal_count=3225 1362 635 127 727 648 508 1863 309 227 1554 1526 79 82
is_linear=0
shrinkage=0.04


Tree=163
num_leaves=11
num_cat=0
split_feature=24 7 58 49 0 29 1 19 8 42
split_gain=1.75046 4.36988 4.06871 3.84514 3.09937 5.71683 6.54065 4.28705 5.42893 5.15305
threshold=0.22499999999962497 -0.0019419104528685999 -0.32058450080115319 0.16541540706300631 66.273259184292201 0.15824072435364067 28.76438375457656 1.0534623033766659 0.00047380549855915007 0.0010105729980629972
decision_type=2 2 2 2 2 2 2 2 2 2
left_child=4 -2 -3 -4 7 -6 -7 8 -1 -9
right_child=1 2 3 -5 5 6 -8 9 -10 -11
leaf_value=-0.0018508413582843416 0.023502554028731415 -0.068402435002292275 -0.052346722691563694 0.0028761589069615286 -0.033648540779021345 0.039727345315007753 0.0055342036926136033 -0.018143686558820041 0.011478141836865283 0.017386971534019885
leaf_weight=239.33976982999593 4.0499107530340579 2.6407877262681732 2.8018295094370806 7.2058573979884386 4.6130785448476663 11.345747567713259 42.403594885021448 38.788800833746791 61.444086224772036 7.8532399917021385
leaf_count=1602 31 15 14 43 34 96 414 320 580 76
internal_value=3.27701e-05 -0.0126596 -0.0242383 -0.0125845 0.000555066 0.00908433 0.0127519 -0.000877723 0.000872002 -0.0121613
internal_weight=422.487 16.6984 12.6485 10.0077 405.788 58.3624 53.7493 347.426 300.784 46.642
internal_count=3225 103 72 57 3122 544 510 2578 2182 396
is_linear=0
shrinkage=0.04


Tree=164
num_leaves=12
num_cat=0
split_feature=23 50 27 23 2 6 49 10 1 9 3
split_gain=1.74972 7.04184 7.29288 4.65475 3.23785 9.05181 7.87632 4.80572 4.27329 7.02028 5.36667
threshold=-0.20744415326777457 0.15570218873372407 -3.0861798825241062 -0.56146095689805786 0.78600662728100368 0.0010264389939570002 0.35477919680163422 -0.00029556673032794995 1.0000000180025095e-35 0.0009469633016362843 0.0033619245828588004
decision_type=2 2 2 2 2 2 2 2 2 2 2
left_child=1 2 -1 -4 8 6 -6 -7 10 -10 -2
right_child=4 -3 3 -5 5 7 -8 -9 9 -11 -12
leaf_value=-0.048051663254856908 -0.018603260731218627 -0.047235747265285843 -0.0012393971260771834 0.020480173381579696 -0.0095220606493763259 0.048964923956984076 -0.0535243768410196 -0.0012402640116682567 0.033823512106335822 0.0031401036988103156 0.00021431769803881002
leaf_weight=3.4514395222067824 28.564192020334303 3.8120868355035773 26.688325653783977 38.652411689981818 16.533875055145476 3.3047234229743472 10.73430412262678 39.666023121215403 14.149390836711971 76.087694413028657 160.52282017190009
leaf_count=20 181 17 176 318 160 31 82 322 120 693 1105
internal_value=3.26252e-05 0.00568309 0.00861556 0.0116088 -0.00114098 -0.00881796 -0.0268439 0.00262083 0.000789481 0.00795134 -0.00262834
internal_weight=422.167 72.6043 68.7922 65.3407 349.563 70.2389 27.2682 42.9707 279.324 90.2371 189.087
internal_count=3225 531 514 494 2694 595 242 353 2099 813 1286
is_linear=0
shrinkage=0.04


Tree=165
num_leaves=10
num_cat=0
split_feature=61 59 39 61 60 55 39 48 9
split_gain=1.72881 1.86749 6.56215 7.75458 2.23297 3.02014 1.03072 0.00180937 0.000262275
threshold=0.69199174220727755 -0.15380182902672787 0.026609819161595553 0.45195633918410544 -0.17933401776865235 -0.35401739962010487 0.018712520884302839 0.16152745525933657 0.00091437566246940663
decision_type=2 2 2 2 2 2 2 2 2
left_child=1 2 -1 -4 -3 -6 -2 8 -8
right_child=6 4 3 -5 5 -7 7 -9 -10
leaf_value=0.036383978859178469 -0.014287415637713026 0.032543893502176055 0.024923249716632078 -0.036288655175209149 -0.019506043432829884 0.00078608774178623745 0.042194541390385483 0.043933253825402696 0.041154871197169075
leaf_weight=3.7798752221278873 0.6572743216529483 3.436897547915577 4.3608757960610118 13.759148456156252 12.10779497399926 381.36544811399654 0.62328161299228702 0.7342541031539439 1.0294439578428862
leaf_count=34 16 29 105 66 81 2826 14 10 44
internal_value=3.29682e-05 -0.000185347 -0.0115565 -0.021557 0.000442069 0.000161667 0.0300675 0.042281 0.041547
internal_weight=421.854 418.81 21.8999 18.12 396.91 393.473 3.04425 2.38698 1.65273
internal_count=3225 3141 205 171 2936 2907 84 68 58
is_linear=0
shrinkage=0.04


Tree=166
num_leaves=11
num_cat=0
split_feature=15 15 30 55 54 8 3 29 39 8
split_gain=1.76016 3.6567 4.27898 3.72932 4.10743 2.99929 2.89669 2.79209 5.13049 2.781
threshold=0.005796200598863801 0.0036877610370181003 1.9830768496145896 0.4190484345743633 0.114815146906295 0.0043286812425997008 0.012227594549504553 0.99640656098255931 0.69771484285603003 0.0051302075154203508
decision_type=2 2 2 2 2 2 2 2 2 2
left_child=1 2 6 5 -5 -3 -1 -2 -9 -10
right_child=7 3 -4 4 -6 -7 -8 8 9 -11
leaf_value=-0.0005079767674607919 -0.045141432718671208 0.045379117858119447 -0.040312453564890369 0.021300603357007866 -0.046865216031934678 0.006158921721445644 0.018881943777947881 0.033405756136607845 -0.053460845283094097 -0.0039483524143015345
leaf_weight=370.91571267554536 3.4268375094979993 7.7806970961391944 4.2306784950196734 3.1713774744421235 2.5528581980615854 5.2079013232141733 12.751129007898269 3.887076795101164 2.9511532597243786 4.7148748002946377
leaf_count=2800 19 77 35 24 17 50 114 37 17 35
internal_value=3.23537e-05 0.000528439 -0.000304718 0.0177989 -0.00909955 0.0296534 0.000136445 -0.0134332 -0.00402804 -0.0230089
internal_weight=421.59 406.61 387.898 18.7128 5.72424 12.9886 383.667 14.9799 11.5531 7.66603
internal_count=3225 3117 2949 168 41 127 2914 108 89 52
is_linear=0
shrinkage=0.04


Tree=167
num_leaves=10
num_cat=0
split_feature=42 15 47 29 48 13 60 0 15
split_gain=1.74824 2.82354 4.05889 2.60014 2.61822 6.83116 2.68678 2.18462 1.07493
threshold=0.00056374021250242036 -0.0028965778736675996 -0.39906324239022956 0.0015630251543570009 0.17527881600664039 0.00093524490268565008 -0.19346870721328155 43.550135719993513 0.0005425013934439001
decision_type=2 2 2 2 2 2 2 2 2
left_child=1 -1 -3 8 6 -6 -5 -4 -2
right_child=3 2 7 4 5 -7 -8 -9 -10
leaf_value=-0.026150004531133003 0.048752298977462923 -0.010376394520120439 0.058347444829288192 0.026619718024724594 -0.055924853286613042 0.026825631900716098 -0.00080564372068956172 0.019490169612021466 0.0071107301616500952
leaf_weight=2.5879771560430553 2.3654701132327309 4.9738379344344148 3.6790764406323397 5.8010553605854502 4.3190415631979695 2.5318068903870881 387.13687379611656 6.2438532775267959 1.7080467417836187
leaf_count=14 27 32 24 61 45 40 2894 63 25
internal_value=3.19061e-05 0.012415 0.0191147 -0.000504204 -0.000828178 -0.0253435 -0.000400755 0.0338971 0.0312918
internal_weight=421.347 17.4847 14.8968 403.862 399.789 6.85085 392.938 9.92293 4.07352
internal_count=3225 133 119 3092 3040 85 2955 87 52
is_linear=0
shrinkage=0.04


Tree=168
num_leaves=15
num_cat=0
split_feature=24 44 44 22 41 14 42 41 25 55 55 57 48 46
split_gain=1.71187 5.83073 5.98127 7.58258 4.59587 7.77656 7.45179 4.34687 4.78769 5.1332 3.92423 3.8557 7.66788 5.68743
threshold=0.041666666666597151 0.018433248417140644 0.018431174245622798 0.94910700386170532 -1.6375786292203522e-05 -0.0014611027177202499 0.00078808984785537722 -0.0001360214760415997 0.50000000000000011 0.42181864374765976 0.38215518920638586 0.4018534532824754 -0.38349014247482388 -0.14588013759710322
decision_type=2 2 2 2 2 2 2 2 2 2 2 2 2 2
left_child=1 2 3 -1 6 -6 -3 8 10 -10 -2 12 -9 -13
right_child=7 4 -4 -5 5 -7 -8 11 9 -11 -12 13 -14 -15
leaf_value=-0.0044527390628720234 -0.046788052211999491 0.036096642402329092 0.03098967696861232 0.0293982611940398 0.013051825879147747 -0.028240191990764298 -0.0087803786956604929 0.03014314771213783 0.026177771612366479 -0.012552710260002636 0.012693037774084323 -0.0060184200203087044 -0.00019915616743003945 -0.056002006475175899
leaf_weight=77.164822138845921 3.4913135338574639 7.1747134923934928 11.372561001218854 12.271204403601585 9.2423515757545811 34.679807680658996 33.856697904877365 14.867926634848116 30.72398482915014 6.6625352241098872 3.6093195378780365 43.60237995069474 128.49090468883514 3.974348157644271
leaf_count=532 17 42 79 116 68 263 262 94 218 45 29 268 1172 20
internal_value=3.14929e-05 -0.00283931 0.00366625 0.000191838 -0.010559 -0.0195513 -0.000933226 0.00229673 0.013557 0.0192757 -0.0165532 -0.000326878 0.00294768 -0.0101938
internal_weight=421.185 185.762 100.809 89.436 84.9536 43.9222 41.0314 235.423 44.4872 37.3865 7.10063 190.936 143.359 47.5767
internal_count=3225 1362 727 648 635 331 304 1863 309 263 46 1554 1266 288
is_linear=0
shrinkage=0.04


Tree=169
num_leaves=11
num_cat=0
split_feature=22 9 45 61 42 22 14 44 61 20
split_gain=1.73857 10.44 4.26913 3.71872 4.77982 4.07669 3.99577 3.84469 1.79024 1.35205
threshold=2.6314540544401717 0.0010337831479628721 0.4416292962805855 0.33384172753933783 0.0013536314987851832 0.94910700386170532 0.00021385674107025001 0.018475812271939323 0.26918202433014243 0.0026216866017163506
decision_type=2 2 2 2 2 2 2 2 2 2
left_child=3 -2 -3 7 5 -5 -6 9 -9 -1
right_child=1 2 -4 4 6 -7 -8 8 -10 -11
leaf_value=-0.017622135275128969 0.033427527822251772 -0.065829637948965777 -0.006455120470183047 -0.0011625653401005534 -0.051377007096753018 0.010591659353531289 -0.0041061987310371424 0.027861667105775867 -0.02179508812514119 0.041908987597794684
leaf_weight=0.66123483143746664 4.6149036139249793 4.8295549266040307 3.2357209473848343 327.3988461792469 5.246157690882681 55.165454832836986 6.29330800101161 1.7092200145125378 3.6260189767926931 7.9421680625528097
leaf_count=18 37 29 24 2204 28 487 36 29 39 294
internal_value=3.21729e-05 -0.0145542 -0.0420091 0.000485454 -0.000232686 0.000532384 -0.0255968 0.0207903 -0.00588684 0.0373336
internal_weight=420.723 12.6802 8.06528 408.042 394.104 382.564 11.5395 13.9386 5.33524 8.6034
internal_count=3225 90 53 3135 2755 2691 64 380 68 312
is_linear=0
shrinkage=0.04


Tree=170
num_leaves=10
num_cat=0
split_feature=61 56 52 31 46 24 61 24 31
split_gain=1.68682 2.70114 2.18336 2.57306 2.78886 2.10143 2.974 2.34679 0.32188
threshold=0.64726851137425301 0.17687608455211387 0.22349997462526308 -1.2327619399135061 -0.15963342094714214 0.24166666666626388 0.50828517071832746 0.041666666666597151 -1.0249981013996317
decision_type=2 2 2 2 2 2 2 2 2
left_child=1 5 3 4 -2 7 -7 -1 -5
right_child=2 -3 -4 8 -6 6 -8 -9 -10
leaf_value=-0.0030134009964923186 -0.041676474071165856 -0.037902080266475811 -0.033848682932721634 0.021635334219237166 0.028919301649588273 0.0131511527685018 -0.031838649207616782 0.0031781900755554217 0.042479806578696169
leaf_weight=179.14472102932632 1.7361566536128523 3.0477760285139075 1.2756719514727581 1.5863995375111688 1.8487565973773588 3.4514747820794565 7.372532494366169 216.09752807253972 4.6881755534559488
leaf_count=1275 15 16 8 20 34 20 37 1673 127
internal_value=3.21467e-05 -0.00038594 0.015393 0.0217641 -0.0052699 -0.000104359 -0.0174927 0.000371833 0.0372097
internal_weight=420.249 409.114 11.1352 9.85949 3.58491 406.066 10.824 395.242 6.27458
internal_count=3225 3021 204 196 49 3005 57 2948 147
is_linear=0
shrinkage=0.04


Tree=171
num_leaves=11
num_cat=0
split_feature=23 50 61 61 21 23 27 9 30 50
split_gain=1.68509 6.51125 8.82068 6.94231 4.12317 2.8709 3.40626 6.48887 2.8066 2.44519
threshold=-0.20744415326777457 0.15570218873372407 0.48764298391571853 0.5196258450428608 0.00055508790589000017 -0.15330548055475415 3.4571970830791603 0.0010298989526593323 -1.3856264779171985 0.11855065384226526
decision_type=2 2 2 2 2 2 2 2 2 2
left_child=1 2 4 -4 -1 9 8 -8 -7 -2
right_child=5 -3 3 -5 -6 6 7 -9 -10 -11
leaf_value=0.048484628416512472 -0.049536332278589369 -0.045647331916186522 -0.025732889217053558 0.0084982388219457649 0.014704614726888386 0.0084853501527712497 -0.053342329153733922 0.011383922653735777 -0.0015203472183070207 -0.0026875682634345645
leaf_weight=9.3852781271561998 3.5849235560744992 3.760199397802352 13.852639719843863 30.02699182741344 15.055838010739533 53.511871077120304 5.3968798136338574 4.5822329195216298 277.24709047982469 3.5454202704131603
leaf_count=91 25 17 63 197 163 362 42 47 2195 23
internal_value=3.14831e-05 0.00559783 0.00841824 -0.0023084 0.027676 -0.00112191 -0.000596245 -0.0236212 9.84255e-05 -0.0262417
internal_weight=419.949 72.0809 68.3207 43.8796 24.4411 347.868 340.738 9.97911 330.759 7.13034
internal_count=3225 531 514 260 254 2694 2646 89 2557 48
is_linear=0
shrinkage=0.04


Tree=172
num_leaves=8
num_cat=0
split_feature=32 2 2 48 6 61 21
split_gain=1.6717 1.80174 4.28739 5.07268 2.87427 5.13401 2.82506
threshold=-1.9667868263560628 -0.045731379484062591 -0.075064055282689543 -0.48816548118706382 -0.00106223351791785 0.50327443627694335 -0.0025028007048904992
decision_type=2 2 2 2 2 2 2
left_child=-1 2 3 -2 5 -3 -6
right_child=1 4 -4 -5 6 -7 -8
leaf_value=-0.037575928333315294 0.056239515550385984 0.025465776493855525 -0.04366269853807845 -0.011064791493295692 -0.015682556992363088 -0.0013790682533506827 0.00037110934820697302
leaf_weight=1.8826898559927929 2.1381388567388067 19.916588572785258 4.9975096359848967 11.058957036584616 18.509600084275007 26.652408672496676 334.38974463567138
leaf_count=13 13 162 25 64 124 160 2664
internal_value=3.14327e-05 0.000200955 -0.0121092 -0.000160426 0.000761645 0.0101019 -0.000470907
internal_weight=419.546 417.663 18.1946 13.1971 399.468 46.569 352.899
internal_count=3225 3212 102 77 3110 322 2788
is_linear=0
shrinkage=0.04


Tree=173
num_leaves=12
num_cat=0
split_feature=42 46 27 37 44 23 7 23 13 13 15
split_gain=1.64954 4.1738 3.7521 3.86991 2.53497 7.11456 8.60459 3.78301 2.63626 4.07718 4.04489
threshold=0.00057108179842576894 -0.17445899425380901 -2.7283370566474816 -0.383321018434092 0.018419871618196727 0.10019904046784341 -8.3558566109158332e-05 -0.56146095689805786 0.00049986688580345008 -0.00081286626902324995 -0.0033528905994275994
decision_type=2 2 2 2 2 2 2 2 2 2 2
left_child=1 -1 -3 -4 5 7 -7 -2 9 -6 -10
right_child=4 2 3 -5 8 6 -8 -9 10 -11 -12
leaf_value=0.059524183954067986 -0.023279773165789743 0.045718027351070376 -0.051809927216738959 0.0048409144467482269 -0.0028292610186010504 -0.040695570528082911 0.0040687449814235882 0.02999314852296921 0.035424106877321053 0.0078295365788991073 -0.0053929121892427444
leaf_weight=2.4995955154299763 2.8517309427261344 2.940337866544728 2.2702712826430842 12.847487274557343 104.06948115164414 15.651981819421053 12.245769395492971 8.4595773145556432 4.0108035551384082 128.09723207354546 123.4297974454239
leaf_count=18 18 15 12 114 734 91 100 75 36 1008 1004
internal_value=3.08065e-05 0.0110802 0.00437463 -0.00366648 -0.000538755 -0.0101966 -0.0210462 0.0165623 0.00051427 0.0030517 -0.00410832
internal_weight=419.374 20.5577 18.0581 15.1178 398.816 39.2091 27.8978 11.3113 359.607 232.167 127.441
internal_count=3225 159 141 126 3066 284 191 93 2782 1742 1040
is_linear=0
shrinkage=0.04


Tree=174
num_leaves=14
num_cat=0
split_feature=61 56 53 22 61 15 42 0 25 9 22 21 31
split_gain=1.68408 6.9432 16.9937 6.85971 6.76147 9.39479 9.60574 8.12915 10.7996 5.70196 5.86524 5.45145 4.13436
threshold=0.53815534957436173 0.032000603869531345 -0.0029150297866531575 0.79071832413411602 0.50173165770626571 -0.0034123561843367998 0.0011433944152295849 29.063693947823975 0.50000000000000011 0.0013196486295537144 0.90727259183754472 -0.0045803202713576496 -1.3731980883447037
decision_type=2 2 2 2 2 2 2 2 2 2 2 2 2
left_child=4 2 12 -4 7 -6 -7 11 -9 10 -3 -1 -2
right_child=1 9 3 -5 5 6 -8 8 -10 -11 -12 -13 -14
leaf_value=-0.0095952120661933881 -0.0024984732993941932 -0.0068099010095604715 0.00087691898458276923 -0.048384181756899375 -0.054450779384338795 -0.0015817089179404088 -0.053090878503110103 0.012826128865034044 -0.006486280951312309 -0.046944141215741024 0.034086044700943424 0.039547538415502632 0.039178630802104646
leaf_weight=4.8736147657036808 4.4169726166874161 46.668290793895721 20.924200639128689 5.7701615523546925 7.6900417655706397 51.343804396688938 6.5293651521205893 66.766110839322209 151.3523933114484 4.911164389923214 6.3778991987928739 13.948834086768327 27.636902307160199
leaf_count=42 27 287 153 39 34 229 28 710 1242 31 65 112 226
internal_value=3.07029e-05 0.00411244 0.013803 -0.00977119 -0.00154403 -0.0129126 -0.00739308 0.00160173 -0.000574749 -0.0057104 -0.00189286 0.0268232 0.0334356
internal_weight=419.21 116.706 58.7482 26.6944 302.504 65.5632 57.8732 236.941 218.119 57.9574 53.0462 18.8224 32.0539
internal_count=3225 828 445 192 2397 291 257 2106 1952 383 352 154 253
is_linear=0
shrinkage=0.04


Tree=175
num_leaves=12
num_cat=0
split_feature=42 48 61 1 15 45 14 32 27 50 6
split_gain=1.64449 3.23578 2.41791 5.15737 3.50028 2.09652 4.1727 2.3257 1.92819 0.92217 0.00387553
threshold=0.0014719812032598944 -0.22775893336516342 0.33384172753933783 -15.4649187858231 -0.0025673426747421495 0.36526757430626078 0.0018215465184937502 1.1598066332871961 0.86524652749963049 0.080658050296513184 0.00096545479165410016
decision_type=2 2 2 2 2 2 2 2 2 2 2
left_child=2 -2 3 4 -1 6 -4 -7 9 -3 -5
right_child=1 8 5 10 -6 7 -8 -9 -10 -11 -12
leaf_value=0.045145672379875997 -0.059646099052405095 -0.0032406599564921892 0.014252809896878783 0.041522517113391534 -0.023919331425390159 -0.0020046789102599657 -0.031463950971389827 0.0099752572577498384 -0.025414239942074816 0.048406650164629382 0.043755435684479579
leaf_weight=1.5290546203032134 2.1797976233065128 0.97669168189167921 29.927396764978766 4.9752622633241099 5.057775666937232 336.75459435768425 3.576080239377915 28.09055782854557 2.4205020442605019 1.2755207614973185 1.6581652369350193
leaf_count=29 18 29 223 207 63 2338 25 209 22 15 47
internal_value=3.20138e-05 -0.0194021 0.000355586 0.017185 -0.00788671 -0.000202944 0.00937311 -0.00108231 -0.000628469 0.0260093 0.0420807
internal_weight=418.421 6.85251 411.569 13.2203 6.58683 398.349 33.5035 364.845 4.67271 2.25221 6.63343
internal_count=3225 84 3141 346 92 2795 248 2547 66 44 254
is_linear=0
shrinkage=0.04


Tree=176
num_leaves=11
num_cat=0
split_feature=22 9 45 22 20 9 41 0 24 24
split_gain=1.67729 9.50088 3.5421 3.2503 7.00489 5.10861 3.87685 7.26258 6.41884 1.77572
threshold=2.6314540544401717 0.0010337831479628721 0.4416292962805855 1.3728724401350079 0.0026348709793131003 0.0010388216072183092 1.4371814480185211e-05 30.771445181403653 0.041666666666597151 0.074999999999874958
decision_type=2 2 2 2 2 2 2 2 2 2
left_child=3 -2 -3 6 9 -6 8 -8 -1 -5
right_child=1 2 -4 4 5 -7 7 -9 -10 -11
leaf_value=-0.0042180546400535455 0.032390621877137725 -0.061683097079967684 -0.00742209391103684 0.051709816855717072 -0.023062358270811441 0.011700302463816346 -0.042076146708892398 -0.0034581314634687626 0.0099919125244526535 0.015613517011486543
leaf_weight=101.76367032248527 4.4705100972205392 4.8873430490493757 3.1756042633205652 6.8079456035047752 9.3618207066319865 24.374175672419369 8.2184113124385458 150.05893629509956 101.68282125331461 3.2081117238849401
leaf_count=696 37 29 24 66 81 240 49 1202 768 33
internal_value=3.16073e-05 -0.0143802 -0.0403123 0.000477083 0.0107745 0.00205358 -0.000768436 -0.00546334 0.00288411 0.0401483
internal_weight=418.009 12.5335 8.06295 405.476 43.7521 33.736 361.724 158.277 203.446 10.0161
internal_count=3225 90 53 3135 420 321 2715 1251 1464 99
is_linear=0
shrinkage=0.04


Tree=177
num_leaves=10
num_cat=0
split_feature=61 56 54 31 50 45 14 25 31
split_gain=1.6266 2.52818 2.00309 2.50365 2.09537 1.93974 3.27988 2.66626 0.336216
threshold=0.64726851137425301 0.17687608455211387 -0.10229618237452807 -1.2327619399135061 0.13192654292936218 0.88255921969267404 0.0012745268931380503 0.25000000000000006 -1.0249981013996317
decision_type=2 2 2 2 2 2 2 2 2
left_child=1 5 -2 4 -4 7 -7 -1 -5
right_child=2 -3 3 8 -6 6 -8 -9 -10
leaf_value=0.011131479332058712 -0.031369074013678173 -0.037006897313476762 0.027894386611496326 0.020967014948390809 -0.03405142588390532 0.001532556010948406 -0.052184586534874601 -0.00071505782452221587 0.042488101447117378
leaf_weight=33.175360951106995 1.2988913729786862 2.9926672503352156 1.6274467604234808 1.5585774239152659 1.8863855469971893 4.4974869918078175 3.0533570116385818 363.05189936747774 4.5586673524230719
leaf_count=289 10 16 27 20 21 39 21 2656 126
internal_value=3.17888e-05 -0.00037738 0.0152595 0.021548 -0.00536095 -0.000105894 -0.0201892 0.00027683 0.0370049
internal_weight=417.701 406.771 10.93 9.63108 3.51383 403.778 7.55084 396.227 6.11724
internal_count=3225 3021 204 194 48 3005 60 2945 146
is_linear=0
shrinkage=0.04


Tree=178
num_leaves=14
num_cat=0
split_feature=61 57 31 22 44 51 38 7 61 38 8 1 15
split_gain=1.57825 5.08591 5.48072 4.21712 5.45489 3.71309 2.78088 5.99508 6.97161 4.33022 4.96018 4.04412 2.72962
threshold=0.38390433719255823 0.40279746723687015 -0.86275557809284276 2.6314540544401717 0.018516605966488676 -0.085937165537400148 -0.041110779445840316 0.00037516260649220006 0.4416803401290455 0.0067500203920914234 -0.0019863840267278494 -17.718724908441796 -0.0021144714028949493
decision_type=2 2 2 2 2 2 2 2 2 2 2 2 2
left_child=1 3 -3 4 -1 -5 7 8 -2 11 -11 -8 -4
right_child=6 2 12 5 -6 -7 9 -9 -10 10 -12 -13 -14
leaf_value=0.030145016039604972 -0.090819758475553569 0.022961178318705998 -0.071277792501229245 -0.060621603291689176 -0.013270538355124409 0.0063547596998712805 -0.024597897802036261 0.019435277473326081 -0.015282766575334963 0.0067935546075839053 -0.0043272723696295493 0.02119787359420465 -0.019471852735815597
leaf_weight=22.42316931439564 2.6614244394004327 3.7664475236088037 2.4086699932813644 1.9781611040234564 5.8353603444993487 4.0072068590670815 3.5485109724104431 4.6951645053923121 7.3645423613488674 87.206318781711161 242.9453761568293 23.633884142152965 5.0161683410406095
leaf_count=653 17 30 10 10 58 39 21 31 43 491 1597 180 45
internal_value=3.11884e-05 0.00706891 -0.016341 0.0147195 0.0211797 -0.0157809 -0.000828255 -0.0178661 -0.0353343 -0.000126346 -0.00138982 0.0152195 -0.0362781
internal_weight=417.49 45.4352 11.1913 34.2439 28.2585 5.98537 372.055 14.7211 10.026 357.334 330.152 27.1824 7.42484
internal_count=3225 845 85 760 711 49 2380 91 60 2289 2088 201 55
is_linear=0
shrinkage=0.04


Tree=179
num_leaves=15
num_cat=0
split_feature=61 56 53 43 56 22 0 61 15 41 54 48 31 47
split_gain=1.54988 7.44991 10.4685 7.38039 7.61206 6.53345 5.3032 4.78441 8.76385 9.14469 6.93483 6.23954 4.6207 2.71938
threshold=0.54937409373594048 0.032000603869531345 -0.0024875177354983656 0.29519069275070003 0.050358170530877287 0.93545502316258189 43.379662133940741 0.49906527478722357 -0.0034123561843367998 0.00019730949847277898 0.16980572972960595 0.018867476232922554 -1.496421075095723 -0.36472555934028944
decision_type=2 2 2 2 2 2 2 2 2 2 2 2 2 2
left_child=7 2 12 6 -5 -4 -3 10 13 -10 11 -1 -2 -9
right_child=1 3 5 4 -6 -7 -8 8 9 -11 -12 -13 -14 -15
leaf_value=-0.0010383184510968247 -0.016893058751434622 -0.041861000479326033 0.0074376890272559795 -0.029178457935810403 0.023325900850865958 -0.04358440790683827 -0.005374220120535662 -0.066779510409010048 -0.0012913919152168557 -0.056388625598038422 0.054987021294236722 0.024437746713680389 0.038637825212914097 -0.024110214200064029
leaf_weight=209.09537579817697 2.673224218189719 11.251655875705184 17.43103116564453 5.9412803612649467 17.232485087588429 5.2175058647990218 14.701440228149293 4.7588835805654526 74.989665232598782 5.1508640497922888 3.8484177477657786 16.603232662193477 23.244364853017032 4.8004246875643712
leaf_count=1830 17 78 138 36 120 35 109 20 336 22 29 221 211 23
internal_value=3.16919e-05 0.00444033 0.0155499 -0.00654242 0.00986486 -0.00431619 -0.0211926 -0.0013174 -0.00915081 -0.00483265 0.00174366 0.000835796 0.0329102 -0.0453522
internal_weight=416.94 97.693 48.5661 49.1269 23.1738 22.6485 25.9531 319.247 89.6998 80.1405 229.547 225.699 25.9176 9.55931
internal_count=3225 744 401 343 156 173 187 2481 401 358 2080 2051 228 43
is_linear=0
shrinkage=0.04


Tree=180
num_leaves=12
num_cat=0
split_feature=59 39 59 20 44 42 60 1 13 44 13
split_gain=1.64105 4.70487 4.29673 4.41262 4.02011 3.1844 2.38567 2.29045 1.99821 4.48929 2.93639
threshold=-0.15380182902672787 0.5620562585190042 -0.16873339825419822 0.0026422064628830503 0.018425590610966765 0.0006793005911492594 -0.18881949838452158 -1.7431142577079297 -0.0032475463847444494 0.018529447156840167 -0.0023507029880420493
decision_type=2 2 2 2 2 2 2 2 2 2 2
left_child=1 4 3 -3 5 -1 -2 -6 9 -8 -10
right_child=6 2 -4 -5 7 -7 8 -9 10 -11 -12
leaf_value=0.0037714193746839291 0.037949965353620628 0.03086046974180269 -0.06992105740343911 -0.041464937871260016 0.046038102819624442 -0.054286971469362254 -0.032231402312083691 0.0017111883157295096 0.019433012577613335 0.023510219510467917 0.0002009605489286473
leaf_weight=3.796974718570711 2.7223011283203951 2.2769224923104048 3.2368383370339853 3.3143231379799545 3.7580124866217375 2.5112224319018424 8.0433255415409786 3.7028721231035888 13.158468891866503 3.2441401891410342 366.39936599321663
leaf_count=31 27 23 29 53 26 16 50 43 84 24 2819
internal_value=3.25147e-05 -0.0104501 -0.0332444 -0.0120119 0.0041645 -0.019341 0.000634388 0.0240384 0.000374479 -0.0162107 0.000867695
internal_weight=416.165 22.5972 8.82808 5.59125 13.7691 6.3082 393.568 7.46088 390.845 11.2875 379.558
internal_count=3225 221 105 76 116 47 3004 69 2977 74 2903
is_linear=0
shrinkage=0.04


Tree=181
num_leaves=11
num_cat=0
split_feature=61 56 43 3 3 59 61 61 46 59
split_gain=1.59718 2.43763 2.03737 2.36236 2.46697 1.84445 7.65432 4.33014 0.0238909 0.00114199
threshold=0.64726851137425301 0.17687608455211387 0.27355081231562756 0.0026212773598563504 0.005659305727135351 0.031836971904756588 0.44321233488694017 0.52091286785371727 -0.16783582981380421 -0.12096687668696152
decision_type=2 2 2 2 2 2 2 2 2 2
left_child=1 5 3 -2 -5 6 -1 -7 -4 -10
right_child=2 -3 8 4 -6 7 -8 -9 9 -11
leaf_value=0.024409375110234142 -0.033800273377693035 -0.03658472585476874 0.05018654312862067 0.040219136449906802 -0.011149547350813502 -0.001901881277193511 -0.013544149837021308 0.0079262899908574113 0.043541515823597207 0.041440868684524429
leaf_weight=10.363774430006741 1.9198025446385125 2.95257594436407 0.80543453432619605 3.3282347982749343 2.7169589269906282 242.79938930133358 47.328208040446043 101.79841146059334 0.58024597354233343 1.4458459578454488
leaf_count=227 19 16 9 61 53 1945 254 579 10 52
internal_value=3.20204e-05 -0.000372513 0.015216 0.00485575 0.0171319 -0.000106736 -0.00672619 0.00100148 0.0443591 0.0420425
internal_weight=416.039 405.242 10.7965 7.965 6.04519 402.29 57.692 344.598 2.83153 2.02609
internal_count=3225 3021 204 133 114 3005 481 2524 71 62
is_linear=0
shrinkage=0.04


Tree=182
num_leaves=13
num_cat=0
split_feature=45 61 9 14 45 3 31 3 22 27 61 30
split_gain=1.57836 7.57299 4.42087 3.91271 2.4669 3.50233 3.53701 2.71728 6.59578 4.1678 0.00402811 0.00144184
threshold=0.8132474173902714 0.42552395899909862 0.0012947965673370963 0.0012745268931380503 0.76455682918186618 0.0036866367026391505 0.54899145169614394 0.0034516086453768506 -0.27748563448215552 -2.8880236444243139 0.39244872710971584 1.4835367826041606
decision_type=2 2 2 2 2 2 2 2 2 2 2 2
left_child=4 10 3 -3 7 -6 -7 8 -1 -9 11 -2
right_child=1 2 -4 -5 5 6 -8 9 -10 -11 -12 -13
leaf_value=-0.032361294974160779 0.041880383366223975 0.00074328552117438901 -0.056898287228110737 -0.041776764145909383 0.044034128570154131 -0.0072409546965440923 0.031613156613431712 -0.01202630348957392 -0.0011755357771848919 0.003185771283762922 0.045432861428060071 0.044194929052290173
leaf_weight=13.48105253279209 1.1271082386374502 13.652355184778576 3.9103391831740728 4.6393490657210341 4.7659889776259687 11.636537964455785 5.5302945496514431 32.309072817675769 55.622283780016005 266.62791713979095 1.7974186688661573 0.69688877929002035
leaf_count=114 34 88 29 27 36 81 51 204 425 2103 19 14
internal_value=3.16181e-05 -0.00954545 -0.0182939 -0.0100411 0.000665797 0.013698 0.0052759 -0.00011084 -0.00725942 0.00154165 0.044089 0.0427647
internal_weight=415.797 25.8235 22.202 18.2917 389.973 21.9328 17.1668 368.04 69.1033 298.937 3.62142 1.824
internal_count=3225 211 144 115 3014 168 132 2846 539 2307 67 48
is_linear=0
shrinkage=0.04


Tree=183
num_leaves=15
num_cat=0
split_feature=32 13 7 0 41 22 1 43 22 51 0 9 22 18
split_gain=1.50984 6.6477 6.13957 7.75892 5.42562 5.52334 4.4157 3.8575 3.75187 7.20662 11.9917 7.42388 5.89893 7.0558
threshold=0.57770734666157486 -0.00067425461374704982 -0.00080300890887239989 40.635607189769502 -1.5652470476842e-05 0.77929223734408659 -0.25961378178180888 0.7560416146788479 -1.268955396456471 -0.099955676480980152 28.070833961315802 0.00098250051658185897 -0.85901778462876577 1.0000000180025095e-35
decision_type=2 2 2 2 2 2 2 2 2 2 2 2 2 2
left_child=8 2 3 -2 5 -3 -4 -6 9 10 -1 -11 -10 -14
right_child=1 4 6 -5 7 -7 -8 -9 12 11 -12 -13 13 -15
leaf_value=0.025515187282831524 -0.047128718042477841 0.019302798665977214 -0.1023044644057369 0.03942873464223786 -0.010378598700294082 -0.026741530316160299 -0.033273840270339874 0.03332183874059743 0.035831379964205726 0.042721440293930692 -0.044955035601363366 -0.0064311494094930833 0.0084511090836268208 -0.0049255388458548741
leaf_weight=5.1877687312662628 3.3289295472204685 28.367124267388135 2.3704890236258507 3.2990480894222856 54.022477478720248 4.8864367930218569 3.9585441658273322 3.4375249817967406 8.6412715259939414 6.2431049691513207 15.13624746724963 23.13801977224648 135.52955289743841 118.04274852154776
leaf_count=32 19 239 13 25 384 34 38 38 103 52 90 204 897 1057
internal_value=3.15912e-05 -0.00415043 -0.0309515 -0.00404511 -0.000322321 0.0125368 -0.0591287 -0.00776423 0.00142154 -0.0086545 -0.0269673 0.00401313 0.00333156 0.00222402
internal_weight=415.589 103.671 12.957 6.62798 90.7136 33.2536 6.32903 57.46 311.919 49.7051 20.324 29.3811 262.214 253.572
internal_count=3225 790 95 44 695 273 51 422 2435 378 122 256 2057 1954
is_linear=0
shrinkage=0.04


Tree=184
num_leaves=10
num_cat=0
split_feature=61 56 54 31 41 41 41 41 31
split_gain=1.53788 2.24567 1.83222 2.30005 2.16083 1.70479 4.36462 3.20763 0.333239
threshold=0.64726851137425301 0.17687608455211387 -0.10229618237452807 -1.2327619399135061 -5.7875239196943545e-06 -0.00020041249571827176 -0.0001735930448137838 -0.0002957997735342369 -1.0249981013996317
decision_type=2 2 2 2 2 2 2 2 2
left_child=1 5 -2 4 -4 7 -7 -1 -5
right_child=2 -3 3 8 -6 6 -8 -9 -10
leaf_value=-0.0067414252332374013 -0.029244784962350352 -0.035197587502242604 0.024791903211810934 0.020512378871427598 -0.038289803906901121 -0.026546186930876649 -0.00021560823231207461 0.016681038011542314 0.042345771484739364
leaf_weight=15.105730504263191 1.3097769860178221 2.9393727444112292 1.8795255245640876 1.5103504741564382 1.6157023916020978 10.369692332111297 351.69024083111435 24.572645577602088 4.3110708687454462
leaf_count=109 10 16 32 20 16 69 2658 169 126
internal_value=3.24235e-05 -0.000362014 0.0150535 0.0212811 -0.00436822 -0.000107134 -0.000969738 0.007764 0.0366812
internal_weight=415.304 404.678 10.6264 9.31665 3.49523 401.738 362.06 39.6784 5.82142
internal_count=3225 3021 204 194 48 3005 2727 278 146
is_linear=0
shrinkage=0.04


Tree=185
num_leaves=12
num_cat=0
split_feature=24 39 54 61 61 15 9 58 61 41 22
split_gain=1.55738 3.4083 3.54579 4.67334 3.01906 5.94698 6.97167 6.71701 4.22464 6.46116 5.79845
threshold=1.0000000180025095e-35 -0.065094258522112827 0.12714398195792895 0.50030476002223578 0.54937409373594048 0.00016193552941830001 0.0013726976243159581 0.13526366238925455 0.47425244179594106 0.00012762658273108112 -2.4105027394141452
decision_type=2 2 2 2 2 2 2 2 2 2 2
left_child=1 -1 3 -3 8 7 -7 -6 10 -10 -2
right_child=4 2 -4 -5 5 6 -8 -9 9 -11 -12
leaf_value=0.05141311042931071 0.041460015233615297 0.00071947928816308278 0.025815692152418239 -0.026628012911182223 0.0081059581299575446 0.028601658163204157 -0.023905569560586218 -0.024320031620023976 -0.0023613117815819555 -0.02623691374978096 0.0016771942556155471
leaf_weight=1.548141874372958 6.0891522578895083 20.447253696620464 4.240080624818801 19.564137160778046 36.565533076412976 27.777532792650163 4.7357104318216434 14.187214219011365 100.7690177410841 22.115205235779285 157.08742560259998
leaf_count=8 76 134 20 105 293 242 39 105 452 101 1650
internal_value=3.17787e-05 -0.00692555 -0.00896653 -0.0126525 0.000894545 0.00759781 0.0209537 -0.00095827 -0.00105663 -0.00665815 0.00316174
internal_weight=415.126 45.7996 44.2515 40.0114 369.327 83.266 32.5132 50.7527 286.061 122.884 163.177
internal_count=3225 267 259 239 2958 679 281 398 2279 553 1726
is_linear=0
shrinkage=0.04


Tree=186
num_leaves=15
num_cat=0
split_feature=0 43 50 31 56 14 45 0 51 43 19 7 8 61
split_gain=1.50768 5.34658 7.98122 7.94371 6.46335 5.89165 4.84754 3.66677 7.04123 6.44254 2.91386 10.6422 3.75335 1.66101
threshold=66.273259184292201 0.22396112126779436 0.11066822850426063 -0.15722665694234705 -1.0000000180025095e-35 0.0018215465184937502 0.58485648005408797 62.56855239582417 -0.12355748897525944 0.095590422217279633 1.3917076435878561 0.0009056629486210501 0.0008526270924637501 0.51635660205834877
decision_type=2 2 2 2 2 2 2 2 2 2 2 2 2 2
left_child=7 4 3 -3 5 -2 -4 10 -9 -10 12 -12 -1 -6
right_child=1 2 6 -5 13 -7 -8 8 9 -11 11 -13 -14 -15
leaf_value=-0.00088189733955343331 -0.070593453158407898 -0.056819104696025961 -0.031291555992668349 0.022438721170812578 0.053057555561329184 0.026515555860167489 0.0045581356867882153 0.042978896121964205 -0.076853004875509598 -0.01487547054167178 -0.077001375714571454 -0.0010431195279795604 0.011194995657875016 0.020856900712966118
leaf_weight=256.71486295992509 1.8159068198874599 2.2224235553294447 14.81579537317157 22.581273280549794 7.3474657284095848 2.2237809170037508 10.182561647146938 2.8178198030218509 3.1737267095595625 17.374755824916065 3.5980962254107025 16.415139962919056 49.04004788864404 3.9361840151250362
leaf_count=1776 16 16 93 267 60 27 78 19 19 166 21 136 500 31
internal_value=3.16134e-05 0.00561888 -0.000738464 0.0153372 0.0262808 -0.0171366 -0.0166889 -0.0010106 -0.0163167 -0.0244479 8.72573e-05 -0.0146993 0.00105512 0.0418247
internal_weight=414.26 65.1254 49.8021 24.8037 15.3233 4.03969 24.9984 349.134 23.3663 20.5485 325.768 20.0132 305.755 11.2836
internal_count=3225 588 454 283 134 43 171 2637 204 185 2433 157 2276 91
is_linear=0
shrinkage=0.04


Tree=187
num_leaves=11
num_cat=0
split_feature=42 53 61 1 22 22 50 41 0 22
split_gain=1.52146 3.10281 2.2869 4.82326 3.72063 2.02463 6.9754 3.99579 0.963609 0.00718518
threshold=0.0014719812032598944 -0.026908175295518186 0.33384172753933783 -15.4649187858231 -0.0042951809860785487 1.3728724401350079 0.14941864261930152 1.4371814480185211e-05 52.135646221575932 2.3969460734471597
decision_type=2 2 2 2 2 2 2 2 2 2
left_child=2 -2 3 4 -1 7 -7 -4 -3 -5
right_child=1 8 5 9 -6 6 -8 -9 -10 -11
leaf_value=0.024627957476902846 -0.042891344780123103 0.038423916011622351 0.0025823837021363917 0.041322532308851023 -0.036109984816404407 0.002225756624796097 0.051260320532338276 -0.0060759066898914338 -0.0080275705633295578 0.044583194800227759
leaf_weight=3.0797246117144823 3.7640909543260932 1.2613662332296365 191.26098300842568 4.8745329161174578 3.389841940253973 44.067700045183301 5.1882750522345296 153.90983422426507 1.6481874380260704 1.3895351178944109
leaf_count=68 35 27 1267 231 24 353 47 1128 22 23
internal_value=3.24067e-05 -0.0189119 0.000342917 0.0170272 -0.00719674 -0.000195717 0.00739071 -0.0012783 0.0121103 0.0420458
internal_weight=413.834 6.67364 407.16 12.7336 6.46957 394.427 49.256 345.171 2.90955 6.26407
internal_count=3225 84 3141 346 92 2795 400 2395 49 254
is_linear=0
shrinkage=0.04


Tree=188
num_leaves=9
num_cat=0
split_feature=29 61 13 57 48 27 61 50
split_gain=1.50981 5.2182 2.26479 2.41781 2.35833 1.84986 0.0108234 0.00726048
threshold=0.0061624001400801829 0.49734152876319354 0.0049524840112830006 -0.29523877222477396 0.17288493181150832 -1.0000000180025095e-35 0.46280803229966089 0.13409403116648597
decision_type=2 2 2 2 2 2 2 2
left_child=1 6 3 -2 -5 -3 7 -1
right_child=2 5 -4 4 -6 -7 -8 -9
leaf_value=0.043178589567543377 0.048052099702181252 0.011471918581271293 -0.032511730821296492 0.0001846387134320555 -0.02038432712570076 -0.032396050612788156 0.048517439850536616 0.04730185759526595
leaf_weight=2.04494258831255 1.6624254467897106 3.1912526413798332 3.4765481054782859 388.27099249931052 9.1283596386201662 2.9688901584595442 1.7228410542011259 1.0261616632342336
leaf_count=44 26 21 22 2973 94 19 14 12
internal_value=3.22212e-05 0.0146844 -0.000366502 -8.64592e-05 -0.000287835 -0.00967032 0.0459799 0.0445563
internal_weight=413.492 10.9541 402.538 399.062 397.399 6.16014 4.79395 3.0711
internal_count=3225 110 3115 3093 3067 40 70 56
is_linear=0
shrinkage=0.04


Tree=189
num_leaves=13
num_cat=0
split_feature=46 3 41 43 32 46 48 52 31 45 46 46
split_gain=1.50287 4.19664 5.40046 5.01394 6.09274 5.87672 4.15905 6.80217 5.5936 5.44077 4.72209 4.49859
threshold=-0.15873110832464105 0.0025974843414875003 -1.753743629506014e-05 0.45320905971919423 -0.23980942841741926 -0.16440642311416667 -0.34941304653583649 -0.36311063774620767 1.7303873825315093 0.79666452592084236 -0.14391902529096845 -0.15330441468214259
decision_type=2 2 2 2 2 2 2 2 2 2 2 2
left_child=1 2 -1 5 -5 -3 9 11 -9 10 -2 -8
right_child=6 3 -4 4 -6 -7 7 8 -10 -11 -12 -13
leaf_value=-0.014797323847732941 0.022459126892372023 -0.0044334193044556578 0.053849311210568067 0.021547439037432416 -0.005608245361400979 -0.027750040627177532 -0.072720242739714253 0.0026444837417144255 -0.028206099119610223 -0.033157814436957957 -0.01007381965377812 -0.015305998386145651
leaf_weight=3.0928673967719078 36.892685707658529 67.88480148371309 4.5036657266318789 21.499621465802193 34.324135741218925 23.207847603596747 3.0441817790269852 188.52640967955813 9.8970336653292161 3.8821746446192256 8.8511450476944429 7.7231821939349157
leaf_count=17 251 416 29 145 221 147 16 1730 117 24 56 56
internal_value=3.15442e-05 -0.00309012 0.0259004 -0.00458912 0.00485033 -0.0103738 0.00189517 -0.00057453 0.00110571 0.0123058 0.0161642 -0.0315383
internal_weight=413.33 154.513 7.59653 146.916 55.8238 91.0926 258.817 209.191 198.423 49.626 45.7438 10.7674
internal_count=3225 975 46 929 366 563 2250 1919 1847 331 307 72
is_linear=0
shrinkage=0.04


Tree=190
num_leaves=12
num_cat=0
split_feature=61 61 57 31 1 38 7 38 39 48 23
split_gain=1.47895 1.51407 4.62342 4.77576 3.79885 2.6299 5.6548 3.82632 1.22399 0.00144947 0.000181005
threshold=0.69199174220727755 0.38390433719255823 0.40279746723687015 -0.86275557809284276 4.7663845347597098 -0.041110779445840316 0.00037516260649220006 0.0067500203920914234 0.012997700234379015 0.16152745525933657 2.4861999187631612
decision_type=2 2 2 2 2 2 2 2 2 2 2
left_child=1 2 4 -4 -1 6 -3 -7 -2 10 -10
right_child=8 5 3 -5 -6 7 -8 -9 9 -11 -12
leaf_value=0.0034149396498842776 -0.025143138468593493 -0.03475166476424587 0.021996947416563533 -0.033971023748658971 0.031142545500610984 0.014360723505832099 0.018924532051682128 -0.0015072914647297438 0.041790981997012741 0.04360141922789848 0.040889551125647551
leaf_weight=20.146804293617606 0.53602498117834274 9.8904162123799306 3.6338215917348862 7.421468446031211 13.011819235282017 26.278235148638487 4.6012798547744742 325.28162958845496 0.91024811007082485 0.74093706533312786 0.58575903903692961
leaf_count=340 13 56 30 55 420 194 31 2015 28 11 32
internal_value=3.17366e-05 -0.000165044 0.0068268 -0.0155746 0.0142956 -0.00100956 -0.0177089 -0.000321196 0.0291457 0.0421546 0.041438
internal_weight=413.038 410.265 44.2139 11.0553 33.1586 366.052 14.4917 351.56 2.77297 2.23694 1.49601
internal_count=3225 3141 845 85 760 2296 87 2209 84 71 60
is_linear=0
shrinkage=0.04


Tree=191
num_leaves=8
num_cat=0
split_feature=42 53 57 49 53 13 52
split_gain=1.48703 2.88517 2.25064 2.105 1.95901 5.65517 4.13168
threshold=0.0014719812032598944 -0.033728764416477992 -0.29523877222477396 0.36441057946226024 -0.0024875177354983656 0.0012229945874463503 -0.31488469766572219
decision_type=2 2 2 2 2 2 2
left_child=2 -2 -1 -3 6 -6 -4
right_child=1 3 4 -5 5 -7 -8
leaf_value=0.047676018363552411 -0.04877759848842269 0.043973398920652398 -0.0015653902902283826 -0.018549683434461391 -0.013738919212515886 0.012765902807533987 0.0079995374584906805
leaf_weight=1.6005827845074225 2.8883726354688406 1.367459507659077 236.7486423170194 2.3288888074457645 45.810940802097321 17.917636997997761 103.99872537050396
leaf_count=26 24 39 1513 21 392 166 1044
internal_value=3.15826e-05 -0.0188248 0.000337348 0.00458065 0.00015002 -0.00628694 0.0013539
internal_weight=412.661 6.58472 406.077 3.69635 404.476 63.7286 340.747
internal_count=3225 84 3141 60 3115 558 2557
is_linear=0
shrinkage=0.04


Tree=192
num_leaves=12
num_cat=0
split_feature=42 46 27 31 42 22 20 42 52 23 14
split_gain=1.47499 3.91477 3.47429 3.39439 2.42753 6.86945 6.80175 4.0618 5.48531 5.01729 3.75278
threshold=0.00057108179842576894 -0.17445899425380901 -2.7283370566474816 -1.1499630553022759 0.00066134487147304023 -0.5927752886462635 0.0026619117458928005 0.00067654656445609665 -0.33175930409958038 -0.56146095689805786 1.0000000180025095e-35
decision_type=2 2 2 2 2 2 2 2 2 2 2
left_child=1 -1 -3 -4 5 10 -7 8 -6 -9 -2
right_child=4 2 3 -5 7 6 -8 9 -10 -11 -12
leaf_value=0.058726628396796321 -0.054997451571615674 0.044209593461614398 -0.048367816209845559 0.0045160556200743362 0.048770428206975788 0.0029038866145323218 -0.054274061811451071 -0.019456802188404284 -0.0006768678511762091 0.0011618511681821672 -0.0063842792430500814
leaf_weight=2.3848314676433828 6.7773391306400281 2.8895007222890898 2.3027516342699572 12.393594933673731 6.5084017217159262 43.577087093610317 3.6040780637413254 20.15279646217823 8.0037440573796612 299.66714453860186 4.0645284373313189
leaf_count=18 39 15 12 114 49 306 22 131 68 2415 36
internal_value=3.07938e-05 0.010635 0.00411324 -0.00377025 -0.000508954 -0.00806146 -0.00146383 0.000801777 0.0214992 -0.000137391 -0.0367728
internal_weight=412.326 19.9707 17.5858 14.6963 392.355 58.023 47.1812 334.332 14.5121 319.82 10.8419
internal_count=3225 159 141 126 3066 403 328 2663 117 2546 75
is_linear=0
shrinkage=0.04


Tree=193
num_leaves=12
num_cat=0
split_feature=24 7 58 49 0 23 32 20 19 2 8
split_gain=1.47929 3.51882 3.70954 3.30215 2.84718 5.15633 6.61997 3.63252 3.40854 5.27013 4.41313
threshold=0.22499999999962497 -0.0019419104528685999 -0.32058450080115319 0.16541540706300631 66.273259184292201 7.9129085637710395 0.57770734666157486 0.0027398480799586504 1.0534623033766659 0.75134550381199661 0.00040738658047575002
decision_type=2 2 2 2 2 2 2 2 2 2 2
left_child=4 -2 -3 -4 8 6 -6 -7 10 -10 -1
right_child=1 2 3 -5 5 7 -8 -9 9 -11 -12
leaf_value=-0.001816889638569514 0.021673452227924366 -0.064469049373499426 -0.047647600479784648 0.0036729083180415058 0.030256067011372862 -0.033018408677920309 -0.0010505150278199949 0.0094298003338948895 -0.064259359107009278 -0.0075397159415098629 0.010194740875201952
leaf_weight=231.17923412332311 3.849640854168686 2.6111063882708558 2.7986415512859786 7.0829621311277151 22.873158830683678 6.9385948814451677 20.486222825944424 6.0277558509260416 2.7895932467654339 43.380263831932098 62.082611176883802
leaf_count=1584 31 15 14 43 255 51 188 50 22 374 598
internal_value=3.0557e-05 -0.0117629 -0.0220664 -0.0108619 0.000517556 0.00884622 0.0154645 -0.0132852 -0.000864514 -0.0109667 0.000725935
internal_weight=412.1 16.3424 12.4927 9.8816 395.757 56.3257 43.3594 12.9664 339.432 46.1699 293.262
internal_count=3225 103 72 57 3122 544 443 101 2578 396 2182
is_linear=0
shrinkage=0.04


Tree=194
num_leaves=14
num_cat=0
split_feature=61 56 53 9 61 15 42 3 22 57 9 56 37
split_gain=1.54699 6.44395 13.8479 5.50396 5.49722 7.93359 8.22677 7.45818 7.15131 6.57647 5.10529 5.09769 3.76156
threshold=0.53815534957436173 0.032000603869531345 -0.0029150297866531575 0.0010423901628477531 0.49906527478722357 -0.0034123561843367998 0.0011433944152295849 0.0072734058724700009 1.7177244817306281 0.4589615710284593 0.0013196486295537144 0.045488964403649704 -0.45773269611490125
decision_type=2 2 2 2 2 2 2 2 2 2 2 2 2
left_child=4 2 12 -4 7 -6 -7 9 -9 -1 11 -3 -2
right_child=1 10 3 -5 5 6 -8 8 -10 -11 -12 -13 -14
leaf_value=-0.0029067754440648703 -0.0025767012593344973 -0.027654151804247695 -0.027394977004738572 0.0091118956898283907 -0.049951094649630726 -0.001334039274356135 -0.04609971657559668 0.024516809049391079 -0.018086138372207405 0.055490015255779193 -0.044595139917719691 0.004221630286491391 0.037670673683716037
leaf_weight=181.45111422566697 4.3327052723616388 9.9179285308346135 12.16602515242994 14.46256812661886 7.5539860278367987 55.986411824822426 7.4414271265268317 34.477357065537944 7.7147854603826991 3.1389419250190249 4.8920197160914531 42.111069618724287 26.080437886994332
leaf_count=1616 27 61 88 104 34 250 33 363 77 24 31 291 226
internal_value=3.05128e-05 0.00399378 0.0134953 -0.0075673 -0.00148634 -0.011201 -0.006586 0.00155429 0.0167269 -0.00191374 -0.00552792 -0.00185463 0.031937
internal_weight=411.727 113.963 57.0417 26.6286 297.764 70.9818 63.4278 226.782 42.1921 184.59 56.921 52.029 30.4131
internal_count=3225 828 445 192 2397 317 283 2080 440 1640 383 352 253
is_linear=0
shrinkage=0.04


Tree=195
num_leaves=10
num_cat=0
split_feature=61 48 60 59 41 45 27 6 44
split_gain=1.52075 2.36116 2.22453 3.99799 1.64533 1.88633 2.6168 0.0170971 0.00129188
threshold=0.64726851137425301 -0.58941216531104967 0.75382568146006634 0.56772173819010852 -5.8468694969171502e-05 0.56443586576377525 -0.08555849657914813 -0.00106223351791785 0.018428069852686857
decision_type=2 2 2 2 2 2 2 2 2
left_child=1 -1 3 -3 7 -6 -7 -2 -9
right_child=4 2 -4 -5 5 6 -8 8 -10
leaf_value=-0.047899887555283141 0.049471402584028858 0.00015013708545366051 0.036733508009801789 -0.029524841922374201 0.042960206154397412 -0.01816536887510084 0.041913800050758905 0.043592263087181234 0.041179920081079457
leaf_weight=1.6646883189678181 0.87044599466025863 388.91357398056425 2.5975645631551734 7.4023417085409156 1.7864607712253908 4.7830837825313202 1.5313232047483332 0.69162428379058727 0.73019484570249915
leaf_count=8 11 2962 15 36 39 61 51 11 31
internal_value=3.12467e-05 -0.000360687 -0.000162303 -0.000404129 0.0151374 0.00667136 -0.00359541 0.0450563 0.0423534
internal_weight=410.971 400.578 398.913 396.316 10.3931 8.10087 6.31441 2.29227 1.42182
internal_count=3225 3021 3013 2998 204 151 112 53 42
is_linear=0
shrinkage=0.04


Tree=196
num_leaves=9
num_cat=0
split_feature=42 48 57 61 1 48 53 42
split_gain=1.44586 2.79717 2.16122 2.09601 4.61363 2.16966 1.86951 1.32155
threshold=0.0014719812032598944 -0.22775893336516342 -0.29523877222477396 0.33384172753933783 -15.4649187858231 0.17288493181150832 -0.033728764416477992 0.0018291155595185308
decision_type=2 2 2 2 2 2 2 2
left_child=2 -2 -1 4 -4 -5 -3 -8
right_child=1 6 3 5 -6 -7 7 -9
leaf_value=0.04746852776333204 -0.057532906268983115 -0.045103872440882445 -0.007085737111127908 9.624013132518624e-05 0.041948308548442739 -0.019726411929167489 0.034880162616952197 -0.016894169163173083
leaf_weight=1.5502909459173668 2.0366428382694721 1.1382379084825514 6.4084697011858225 381.36469888500869 5.8938707122579199 9.044121874496339 1.9897060883231452 1.3069445639848709
leaf_count=26 18 8 92 2695 252 76 49 9
internal_value=3.04878e-05 -0.0187268 0.00033076 0.000149297 0.0164058 -0.000362967 -0.000905864 0.0143544
internal_weight=410.733 6.47153 404.261 402.711 12.3023 390.409 4.43489 3.29665
internal_count=3225 84 3141 3115 344 2771 66 58
is_linear=0
shrinkage=0.04


Tree=197
num_leaves=11
num_cat=0
split_feature=61 20 9 20 23 9 0 39 48 9
split_gain=1.44364 1.57117 7.37605 4.00423 2.43427 5.63767 5.4706 1.33598 0.00143227 0.000208185
threshold=0.69199174220727755 0.0026248897585055505 0.0010337831479628721 0.0026232729837119503 4.6904103569508111 0.00092675623019132655 66.273259184292201 -1.0000000180025095e-35 0.16152745525933657 0.00091437566246940663
decision_type=2 2 2 2 2 2 2 2 2 2
left_child=1 2 3 -1 6 -6 -3 -2 9 -9
right_child=7 4 -4 -5 5 -7 -8 8 -10 -11
leaf_value=0.0015040673425270857 -0.031316583670541014 -0.004239725979888774 -0.069013215136876194 -0.033978646063318178 0.050525098076352117 0.0036336305979571661 0.013114951733220795 0.041998035843725835 0.043506152256505795 0.041009336326660789
leaf_weight=40.050864808261395 0.48164061736315522 197.69863206334412 2.8784859310835591 5.8293372038751832 4.2439800058491519 122.92231523175724 34.070083864964545 0.55170402955263786 0.78995084017515171 0.89118721196427941
leaf_count=285 11 1409 20 45 55 1013 314 14 12 47
internal_value=2.98137e-05 -0.000163765 -0.00690107 -0.00300421 0.000751449 0.00519856 -0.00168858 0.0291038 0.042137 0.0413874
internal_weight=410.408 407.694 48.7587 45.8802 358.935 127.166 231.769 2.71448 2.23284 1.44289
internal_count=3225 3141 350 330 2791 1068 1723 84 73 61
is_linear=0
shrinkage=0.04


Tree=198
num_leaves=13
num_cat=0
split_feature=23 50 61 61 30 30 19 48 30 23 13 61
split_gain=1.45357 5.71724 8.17099 5.57963 3.47184 2.82904 5.85619 5.09366 4.40545 3.47036 5.29142 4.84648
threshold=-0.20744415326777457 0.15570218873372407 0.48475251348196485 0.5196258450428608 0.46800273619681659 -1.3856264779171985 -2.4074139852647085 -0.55458704094868605 -1.9267471795767599 3.9620599516216819 -0.0020905124763043498 0.45435018820196821
decision_type=2 2 2 2 2 2 2 2 2 2 2 2
left_child=1 2 4 -4 -1 6 8 -8 -2 10 -7 -11
right_child=5 -3 3 -5 -6 9 7 -9 -10 11 -12 -13
leaf_value=0.045106819332715896 0.010599317758372473 -0.043357637198320795 -0.022282675110041113 0.0079687505622111892 0.013575549046674471 0.025941329843866434 -0.033402292144303972 0.019789363278690481 -0.033103647966348335 0.010888306934337004 -0.0085604665989537226 -0.0044126154177638894
leaf_weight=9.9736878238618392 6.5814928486943236 3.666561931371688 14.643008604645727 29.224385317414999 12.703970893286167 7.4862344721332184 3.1321026273071757 35.853511943481863 8.4017651528120023 56.925170751754194 142.38056469848379 79.20873855939135
leaf_count=104 45 17 67 197 146 51 19 259 51 746 1023 500
internal_value=2.9637e-05 0.00526932 0.00794862 -0.00212923 0.0274431 -0.00105248 0.00734737 0.0155159 -0.0139068 -0.00263755 -0.00683701 0.00198555
internal_weight=410.181 70.2116 66.5451 43.8674 22.6777 339.97 53.9689 38.9856 14.9833 286.001 149.867 136.134
internal_count=3225 531 514 264 250 2694 374 278 96 2320 1074 1246
is_linear=0
shrinkage=0.04


Tree=199
num_leaves=15
num_cat=0
split_feature=61 56 53 22 61 25 43 15 42 42 43 45 47 10
split_gain=1.49153 5.91281 13.0073 5.59442 4.81065 9.61847 8.93583 7.4043 7.68185 7.3016 4.79391 5.61217 5.38448 3.65542
threshold=0.53815534957436173 0.032000603869531345 -0.0029150297866531575 0.79071832413411602 0.49906527478722357 0.50000000000000011 0.72491569293455538 -0.0034123561843367998 0.0011433944152295849 0.0007753716173274619 0.28836461768637583 0.66695626447593603 -0.3867582486971613 -0.0012875670839998497
decision_type=2 2 2 2 2 2 2 2 2 2 2 2 2 2
left_child=4 2 13 -4 5 6 -1 -6 -9 -7 11 -3 -12 -2
right_child=1 10 3 -5 7 9 -8 8 -10 -11 12 -13 -14 -15
leaf_value=0.020717225763726005 -0.013361325370513837 -0.0033461580780879898 0.0025608162932329154 -0.041605457411598108 -0.04820657781841705 -0.012119505515832548 -0.021992426305562068 -0.0010380357680405624 -0.044354152775507229 0.0048733421238767137 0.016210240329919287 -0.040352399324163561 -0.024451599720058309 0.035629186144973096
leaf_weight=54.467120654415339 2.6770653072744635 17.996231776662174 20.637645541690294 5.9007670171558848 7.4756151288747779 82.488012879155576 9.1554425428621453 55.905030243098736 7.4201463758945456 79.40316278510727 21.623708275146786 10.315317857079206 6.8648312101140609 27.16017945157364
leaf_count=609 19 125 153 39 34 598 104 250 33 769 140 74 44 234
internal_value=2.99322e-05 0.00393613 0.0131133 -0.00725947 -0.00146202 0.00139372 0.0145712 -0.0105581 -0.00611361 -0.00378498 -0.00517247 -0.0168294 0.00641203 0.0312336
internal_weight=409.49 113.176 56.3757 26.5384 296.315 225.514 63.6226 70.8008 63.3252 161.891 56.8001 28.3115 28.4885 29.8372
internal_count=3225 828 445 192 2397 2080 713 317 283 1367 383 199 184 253
is_linear=0
shrinkage=0.04


Tree=200
num_leaves=12
num_cat=0
split_feature=24 22 54 54 61 56 59 3 30 56 8
split_gain=1.54644 3.16944 3.55224 4.6031 2.8588 5.41288 10.8067 5.61311 4.06115 7.73667 7.31235
threshold=1.0000000180025095e-35 0.2889630694055631 0.12714398195792895 0.11621756475707813 0.54937409373594048 0.032000603869531345 0.038357230358266152 0.0094139941994357008 0.37512789700994226 0.097837785819794645 0.00047380549855915007
decision_type=2 2 2 2 2 2 2 2 2 2 2
left_child=1 2 3 -1 8 6 -6 -7 10 -10 -2
right_child=4 -3 -4 -5 5 7 -8 -9 9 -11 -12
leaf_value=-0.0060121783038959691 -0.0010428590798562752 0.029450058550638546 0.024817693733452353 -0.0387774544052071 0.00014681857701494405 0.0047737580656274717 0.041241777120186125 -0.031850008179258378 -0.01016861711842801 0.028711766894740701 0.020392261651497622
leaf_weight=28.092448499053717 141.24598421202973 3.5223492234945288 4.1946536600589743 9.0769163221120817 24.24550933483988 31.09319219738245 17.722440598998219 8.5333165470510703 101.04029087210074 8.9108257349580509 31.064173707505688
leaf_count=172 978 19 20 56 190 239 190 60 925 62 314
internal_value=3.09313e-05 -0.00697409 -0.0100758 -0.0140136 0.000895092 0.0074896 0.0175006 -0.00311294 -0.00101121 -0.00701761 0.00282148
internal_weight=408.742 44.8864 41.364 37.1694 363.856 81.5945 41.9679 39.6265 282.261 109.951 172.31
internal_count=3225 267 248 228 2958 679 380 299 2279 987 1292
is_linear=0
shrinkage=0.04


Tree=201
num_leaves=10
num_cat=0
split_feature=29 61 13 14 30 55 8 8 46
split_gain=1.43336 4.76238 2.13874 2.23278 3.74893 3.49013 0.969507 0.0132327 0.00100773
threshold=0.0061624001400801829 0.49734152876319354 0.0049524840112830006 0.0036601382074372504 2.0221627932604567 0.43229928318169031 8.7209196671701573e-05 -0.00019402050759709995 -0.14827679716850842
decision_type=2 2 2 2 2 2 2 2 2
left_child=1 7 3 4 -2 -5 -3 -1 -9
right_child=2 6 -4 5 -6 -7 -8 8 -10
leaf_value=0.047619998392744139 -0.00019527029516911405 0.0052911071343558179 -0.031755519857172385 0.029882048786966715 -0.040007006060158619 -0.023845945199808819 -0.026928967404707342 0.0440198462689457 0.042206208118891565
leaf_weight=2.4988848213106394 379.25416229153052 3.4884885177016258 3.4408098347485057 8.512743470259009 3.8226116569712749 2.5033271368592969 2.6138108409941196 1.1772636286914351 0.83990191179327478
leaf_count=28 2969 24 22 77 34 13 16 16 26
internal_value=3.1289e-05 0.0145352 -0.000356118 -8.19713e-05 -0.00059254 0.0176727 -0.00850979 0.0456746 0.0432647
internal_weight=408.152 10.6183 397.534 394.093 383.077 11.0161 6.1023 4.51605 2.01717
internal_count=3225 110 3115 3093 3003 90 40 70 42
is_linear=0
shrinkage=0.04


Tree=202
num_leaves=11
num_cat=0
split_feature=42 53 42 42 22 22 22 45 0 1
split_gain=1.5044 2.60833 1.80782 6.83008 3.95073 4.37304 3.90557 3.81853 0.907688 0.456978
threshold=0.0014719812032598944 -0.026908175295518186 0.0012145427598370295 0.0012628642143689775 2.7523414310460219 1.3728724401350079 1.8534630535887522 0.43706804019654139 52.135646221575932 8.9500467625111941
decision_type=2 2 2 2 2 2 2 2 2 2
left_child=2 -2 4 9 5 -1 -5 -6 -3 -4
right_child=1 8 3 6 7 -7 -8 -9 -10 -11
leaf_value=-0.0013046274388364297 -0.041686324065899109 0.037012028986501432 0.052697329280483263 -0.0048455351916414594 -0.049656550372981841 0.013441688421796445 0.046314471398122725 0.0055592434827441521 -0.0095420470313639736 0.030281912563965938
leaf_weight=324.1681615493726 3.6009429832920432 1.157169132959097 4.5175128290429702 24.112226413562897 5.029233053326605 35.722067157272249 2.649876967072486 3.3314037024974823 1.592022302560508 2.1466964203864336
leaf_count=2449 35 27 34 180 24 359 48 21 22 26
internal_value=3.06789e-05 -0.0192865 0.000336066 0.00924296 -0.000472417 0.000159066 0.000220125 -0.0276551 0.0100531 0.0454768
internal_weight=408.027 6.35013 401.677 33.4263 368.251 359.89 26.7621 8.36064 2.74919 6.66421
internal_count=3225 84 3141 288 2853 2808 228 45 49 60
is_linear=0
shrinkage=0.04


Tree=203
num_leaves=11
num_cat=0
split_feature=42 46 27 31 44 32 44 32 61 6
split_gain=1.47091 3.6533 3.16242 3.16225 2.28982 7.65303 7.35406 3.41747 6.35483 4.62872
threshold=0.00057108179842576894 -0.17445899425380901 -2.7283370566474816 -1.1499630553022759 0.018421104141005274 -1.1636432621616917 0.018420882716952473 -0.31502622454993451 0.59038286405167628 -0.0019038706455776998
decision_type=2 2 2 2 2 2 2 2 2 2
left_child=1 -1 -3 -4 5 -2 -7 8 -6 -9
right_child=4 2 3 -5 7 6 -8 9 -10 -11
leaf_value=0.057929729785190752 -0.057939646719005859 0.042945049083081957 -0.045943501227382333 0.0049887694133769513 0.0033142796427057422 0.00053116871700923025 -0.064205243117825647 -0.037662192150468107 0.036633223473050612 -0.0013702359914762707
leaf_weight=2.3120801746845272 4.5408299081027499 2.8496707864105746 2.3205750789493367 12.228004402481011 112.06809367751703 44.276293410453945 2.9977929247543207 5.7788874469697467 9.9739875458180887 208.3080025233794
leaf_count=18 27 15 12 114 875 342 20 32 106 1664
internal_value=3.0375e-05 0.0106901 0.00441232 -0.0031352 -0.000511214 -0.00833833 -0.00357396 0.000695351 0.0060373 -0.00234987
internal_weight=407.654 19.7103 17.3983 14.5486 387.944 51.8149 47.2741 336.129 122.042 214.087
internal_count=3225 159 141 126 3066 389 362 2677 981 1696
is_linear=0
shrinkage=0.04


Tree=204
num_leaves=15
num_cat=0
split_feature=45 61 13 49 38 61 45 41 52 54 61 61 61 36
split_gain=1.4572 7.02497 5.83563 4.73692 3.05128 2.15269 2.84351 3.2825 2.322 4.85368 2.68594 0.00686295 0.00419492 0.0018214
threshold=0.8132474173902714 0.42552395899909862 9.5997334017007882e-05 0.32921029256346312 0.27209490914307954 0.625537073711668 0.49989982771349056 1.8559315696868125e-05 -0.60561673130431404 0.16980572972960595 0.52679045920044665 0.64726851137425301 0.4158470182354112 0.49724882386446756
decision_type=2 2 2 2 2 2 2 2 2 2 2 2 2 2
left_child=5 12 3 -3 -4 8 11 -8 10 -10 -1 -7 13 -2
right_child=1 2 4 -5 -6 6 7 -9 9 -11 -12 -13 -14 -15
leaf_value=0.0090385199153108203 0.042067302663649907 -0.020662103795088021 -0.063414583873385319 0.034834380133011079 -0.021253515082287879 0.046891145573575203 0.020623199688911398 -0.020990740147253537 9.7631706635017848e-05 0.048601496373764541 -0.032858495692368359 0.043398054492816779 0.046061089333821449 0.044303142605759661
leaf_weight=3.7544901482760888 1.3688729060813818 5.3192535750567931 4.3149354886263591 4.5794361587613821 7.5558736734092236 2.1978472322225602 8.5691378973424417 4.6942296773195258 351.18501884653233 3.3322653695940962 7.036664180457592 1.5239216908812521 1.0428186096251009 1.0154001517221329
leaf_count=22 40 38 23 30 53 21 127 74 2683 22 34 31 10 17
internal_value=3.02901e-05 -0.00928698 -0.0176671 0.00501226 -0.0365787 0.000644382 0.0145646 0.00589501 -2.84496e-06 0.000553541 -0.0182816 0.0454609 0.043945 0.0430195
internal_weight=407.49 25.1966 21.7695 9.89869 11.8708 382.294 16.9851 13.2634 365.308 354.517 10.7912 3.72177 3.42709 2.38427
internal_count=3225 211 144 68 76 3014 253 201 2761 2705 56 52 67 57
is_linear=0
shrinkage=0.04


Tree=205
num_leaves=13
num_cat=0
split_feature=24 3 27 30 42 61 15 15 58 30 56 8
split_gain=1.47445 2.68632 3.31146 4.28425 3.24948 2.64361 5.37459 6.56068 5.53988 3.67608 7.15868 6.76383
threshold=1.0000000180025095e-35 0.011422937113461902 -1.911217230121925 -0.79365259531666055 0.00061708040545725457 0.54937409373594048 0.00016193552941830001 0.0013985439056580001 0.13526366238925455 0.37512789700994226 0.097837785819794645 0.00047380549855915007
decision_type=2 2 2 2 2 2 2 2 2 2 2 2
left_child=1 2 4 -4 -1 9 8 -8 -7 11 -11 -2
right_child=5 -3 3 -5 -6 6 7 -9 -10 10 -12 -13
leaf_value=0.0040763412731009132 -0.00099402351653445965 0.025430593888573133 0.040924069435886008 -0.0077289241602134942 -0.039249056331237882 0.0075067984534232992 0.046233595816601122 0.0073231915028249897 -0.022134957311051452 -0.0096634730357317376 0.027973862378825681 0.019747050476854971
leaf_weight=3.9520187377929679 141.07020354503766 3.7797133699059478 3.2868956178426734 24.340663595125083 9.2591736726462823 35.369678447023034 10.377538500353696 20.889708942733705 14.113703070208429 101.30270957667381 8.7870031297206861 30.616158282849938
leaf_count=18 978 28 15 153 53 293 103 178 105 925 62 314
internal_value=3.02141e-05 -0.0068312 -0.0098171 -0.0019406 -0.0262886 0.000874692 0.00725539 0.0202375 -0.000947655 -0.00095387 -0.00665938 0.00270465
internal_weight=407.145 44.6185 40.8388 27.6276 13.2112 362.527 80.7506 31.2672 49.4834 281.776 110.09 171.686
internal_count=3225 267 239 168 71 2958 679 281 398 2279 987 1292
is_linear=0
shrinkage=0.04


Tree=206
num_leaves=12
num_cat=0
split_feature=42 48 61 1 15 45 14 3 33 60 6
split_gain=1.41313 2.63018 1.898 4.41656 3.03867 1.87653 4.08118 2.28822 1.62886 0.842651 0.00311116
threshold=0.0014719812032598944 -0.22775893336516342 0.33384172753933783 -15.4649187858231 -0.0025673426747421495 0.36178194559109972 0.0018215465184937502 0.0028454407967234007 0.10796139840604708 0.22720842233693253 0.00096545479165410016
decision_type=2 2 2 2 2 2 2 2 2 2 2
left_child=2 -2 3 4 -1 6 -4 -7 9 -3 -5
right_child=1 8 5 10 -6 7 -8 -9 -10 -11 -12
leaf_value=0.045173211569982809 -0.056990623579494554 -0.0048227185733977261 0.014426293851604993 0.04129872956140461 -0.021474425716649603 -0.01200263529813321 -0.03192290273589684 -4.7143085989117471e-05 -0.024275871540052486 0.047563668029459681 0.043455169734890393
leaf_weight=1.4037284292280672 1.9768401794135568 0.86050935322418753 27.478362215682868 4.1800466279964876 4.9693806692957878 27.771833376958966 3.4177007609978309 329.7051832806319 2.2920729946345091 1.1449658460915086 1.4389481060206888
leaf_count=29 18 27 211 207 63 195 25 2364 22 17 47
internal_value=3.02271e-05 -0.0188058 0.000325418 0.0159986 -0.00679475 -0.000158534 0.00929918 -0.000975947 -0.00124101 0.0250857 0.041851
internal_weight=406.64 6.27439 400.365 11.9921 6.37311 388.373 30.8961 357.477 4.29755 2.00548 5.61899
internal_count=3225 84 3141 346 92 2795 236 2559 66 44 254
is_linear=0
shrinkage=0.04


Tree=207
num_leaves=13
num_cat=0
split_feature=9 39 37 20 48 49 29 43 55 22 32 3
split_gain=1.41213 7.96381 6.8358 4.58034 4.62737 5.30211 3.43407 3.42524 3.24529 3.18519 2.35753 1.88488
threshold=0.0012974734391334288 0.068648284182881644 -0.5052325735158284 0.0027268801170987002 -0.52201520080502084 0.37515119636787514 0.0061624001400801829 0.99995255421197327 0.41334618418612873 0.07385906047780226 -0.56705949111099041 0.004642175513041101
decision_type=2 2 2 2 2 2 2 2 2 2 2 2
left_child=3 9 -3 6 -5 -6 11 -8 -4 10 -2 -1
right_child=1 2 8 4 5 -7 7 -9 -10 -11 -12 -13
leaf_value=0.037812517776896544 -0.04837894663778531 -0.051544332742423364 0.018551725670527951 -0.028414810187759269 0.03317336189743629 -0.005765022181662317 -0.0019147928219440749 0.020036112760005192 -0.0071970452805648465 -0.070511689178368947 0.010101740732928745 -0.008490563949602542
leaf_weight=5.6313055367209008 2.2657536752521992 3.5151378139853469 17.825781328603629 3.356737649068239 18.550472033675764 8.0116165829822403 313.70550984097645 11.801715157926081 13.96914987079799 3.6245522387325764 2.1490947972051782 1.874997613020241
leaf_count=67 17 22 210 29 143 60 2398 103 105 26 28 17
internal_value=2.97953e-05 -0.00679366 0.00138705 0.000844804 0.0158366 0.0214288 -0.000502101 -0.00111893 0.00723897 -0.0427244 -0.0199113 0.0262465
internal_weight=406.282 43.3495 35.3101 362.932 29.9188 26.5621 333.014 325.507 31.7949 8.0394 4.41485 7.5063
internal_count=3225 408 337 2817 232 203 2585 2501 315 71 45 84
is_linear=0
shrinkage=0.04


Tree=208
num_leaves=11
num_cat=0
split_feature=24 61 61 0 23 32 20 0 23 43
split_gain=1.43609 3.64384 4.20439 2.48063 4.83724 6.19622 3.18019 3.14383 4.40817 3.12073
threshold=0.22499999999962497 0.50173165770626571 0.58453535618037245 66.273259184292201 7.9129085637710395 0.52158950083695943 0.0027398480799586504 62.56855239582417 2.8648799022599345 0.99995255421197327
decision_type=2 2 2 2 2 2 2 2 2 2
left_child=3 -2 -3 7 5 -5 -6 9 -9 -1
right_child=1 2 -4 4 6 -7 -8 8 -10 -11
leaf_value=-0.00044290049741571406 0.016889374199226148 -0.041625466495898988 0.010502316023191016 0.03019471652479867 -0.03145540525529894 -0.00040931235593449515 0.0086201394944595919 -0.029291558118155547 0.006739575239549417 0.022839997253653124
leaf_weight=302.4319886029698 4.9520767685025957 7.463171645998953 3.7044271267950535 21.160596408415586 6.9542417451739293 21.179275825154036 5.8194136340171099 13.821520282886924 8.9512052065692824 9.5002301624044758
leaf_count=2306 33 33 37 246 51 197 50 106 95 71
internal_value=2.97604e-05 -0.0116699 -0.0243341 0.000513563 0.00837698 0.014886 -0.0131978 -0.000781251 -0.0151289 0.000266205
internal_weight=405.938 16.1197 11.1676 389.818 55.1135 42.3399 12.7737 334.705 22.7727 311.932
internal_count=3225 103 70 3122 544 443 101 2578 201 2377
is_linear=0
shrinkage=0.04


Tree=209
num_leaves=13
num_cat=0
split_feature=32 42 42 32 13 45 7 22 51 22 39 61
split_gain=1.44246 4.22561 3.05699 2.29586 5.30213 6.05121 4.97566 3.45067 6.56481 5.43705 1.34322 1.24956
threshold=1.4658151472124297 0.00086650499000286575 0.0010205828549061113 0.57770734666157486 -0.00067425461374704982 0.66604266229340248 -0.00080300890887239989 -1.268955396456471 -0.099955676480980152 -0.85901778462876577 0.054763887407907941 0.46429982030483546
decision_type=2 2 2 2 2 2 2 2 2 2 2 2
left_child=3 10 -3 7 6 -6 -5 8 -1 -9 -2 -12
right_child=1 2 -4 4 5 -7 -8 9 -10 -11 11 -13
leaf_value=-0.026206932545196456 0.052890832591266868 -0.042307131373611855 0.014472228311760373 -0.0046148642586432203 0.0050598486225972884 -0.019364442773543294 -0.058227649928653293 0.035058231826333358 0.0037484181757861147 0.0020140824944799968 0.038102037929114443 -0.0029353575101485857
leaf_weight=19.88766423612833 3.0481337672099453 2.870205283164978 3.2183662718161941 5.4263067599385977 53.276736623141915 23.340260048862547 5.6573473401367647 8.2320767412893456 28.452100943308324 247.41230677207932 2.5363465566188097 2.2318320982158184
leaf_count=122 27 20 32 36 402 185 47 103 256 1954 28 13
internal_value=2.95022e-05 0.0126901 -0.0122941 -0.00041995 -0.00612144 -0.00238066 -0.03198 0.00122495 -0.00857564 0.00307815 0.0321516 0.0188937
internal_weight=405.59 13.9049 6.08857 391.685 87.7007 76.617 11.0837 303.984 48.3398 255.644 7.81631 4.76818
internal_count=3225 120 52 3105 670 587 83 2435 378 2057 68 41
is_linear=0
shrinkage=0.04


Tree=210
num_leaves=9
num_cat=0
split_feature=1 8 30 61 53 6 60 20
split_gain=1.45994 4.20733 3.11104 3.65345 2.87343 2.50805 1.52827 0.24576
threshold=94.118587946977655 0.0055319323381411512 2.0221627932604567 0.45682435605034194 -0.011314278064378841 0.0023160803487015003 -0.16030693606639088 0.0027718373777063008
decision_type=2 2 2 2 2 2 2 2
left_child=1 2 5 -4 -2 -1 -6 -3
right_child=4 7 3 -5 6 -7 -8 -9
leaf_value=0.00071457908061514825 -0.06010269052737198 0.03123823972247505 -0.0025627761877250344 -0.06883062363805148 -0.034703868939706194 -0.024549084673056516 0.025933305389225222 0.05121065446787796
leaf_weight=384.75006995908916 1.9009479423984883 1.9375175358727568 3.2109531462192527 2.2736968863755465 1.0582613027654586 6.3917278647422782 1.7897361712530249 2.0067212115973234
leaf_count=3040 17 25 33 13 11 36 32 18
internal_value=2.96567e-05 0.000291046 -0.000117757 -0.0300345 -0.0220184 0.00030174 0.00340169 0.0413997
internal_weight=405.32 400.571 396.626 5.48465 4.74895 391.142 2.848 3.94424
internal_count=3225 3165 3122 46 60 3076 43 43
is_linear=0
shrinkage=0.04


Tree=211
num_leaves=15
num_cat=0
split_feature=24 44 7 10 44 41 9 42 41 41 41 46 55 10
split_gain=1.38425 4.88715 6.84452 11.4932 5.41604 4.11167 6.90151 6.54002 3.9178 4.28553 5.23224 3.87135 3.86305 3.32829
threshold=0.041666666666597151 0.018433248417140644 1.6357724248845835e-05 0.0007749894454483501 0.018430784423169245 -1.6375786292203522e-05 0.0012390142503986275 0.00078808984785537722 -0.0001360214760415997 -0.0001735930448137838 -0.00020041249571827176 -0.19513720844221588 0.42365899036826177 8.7107290860714289e-05
decision_type=2 2 2 2 2 2 2 2 2 2 2 2 2 2
left_child=1 2 4 -4 -1 7 -7 -3 9 10 -2 -10 -13 -11
right_child=8 5 3 -5 -6 6 -8 -9 11 13 -12 12 -14 -15
leaf_value=-0.01029516226693007 0.013824695220529504 0.034845161563304833 0.028222068433403958 -0.020866995666827495 0.026548338227468726 -0.030631340201894661 0.002829040731621808 -0.00800049264830811 -0.054864056249135623 0.054073462637974315 -0.026886586734845831 -0.002024742574417834 0.015417840445760295 0.010657081603421222
leaf_weight=49.339547904673964 24.262917499057949 6.9132994040846816 30.568308702670038 10.170007537119089 7.3325335932895532 27.014513562433422 15.534342110157011 32.4828130165115 2.0651922747492781 6.1413610521703941 6.3789771487936404 158.40415804833174 23.304400077089667 5.2317826068028808
leaf_count=325 182 42 263 91 48 204 127 262 12 42 45 1379 163 40
internal_value=2.88642e-05 -0.00259449 0.00346155 0.0159674 -0.00552816 -0.00979349 -0.0184151 -0.000481862 0.00211273 0.0131324 0.00534949 -0.000406636 0.000212295 0.0341014
internal_weight=405.144 179.355 97.4104 40.7383 56.6721 81.945 42.5489 39.3961 225.789 42.015 30.6419 183.774 181.709 11.3731
internal_count=3225 1362 727 354 373 635 331 304 1863 309 227 1554 1542 82
is_linear=0
shrinkage=0.04


Tree=212
num_leaves=8
num_cat=0
split_feature=15 8 30 38 32 6 61
split_gain=1.36583 2.09657 2.87059 2.57428 2.43271 1.91482 0.0897602
threshold=0.0084507782229723515 0.0055319323381411512 2.0221627932604567 1.4435529134680949 0.95496871873495459 0.0023160803487015003 0.45435018820196821
decision_type=2 2 2 2 2 2 2
left_child=1 2 5 -3 -4 -1 -5
right_child=-2 3 4 6 -6 -7 -8
leaf_value=0.00064338443709019053 -0.026884005674938118 -0.0039406301527370709 -0.052766338647147179 0.04345034394093452 0.00087649047281125451 -0.022055333870699946 0.057565132706053471
leaf_weight=384.67658670665696 2.9946356527507296 2.6252723503857842 3.0366149879991999 1.386853239964694 2.4391771452501416 6.0396387539803973 1.5011378536000846
leaf_count=3045 24 33 24 33 22 33 11
internal_value=2.96886e-05 0.000230325 -0.000110564 0.0247271 -0.0288713 0.000292511 0.050787
internal_weight=404.7 401.705 396.192 5.51326 5.47579 390.716 2.88799
internal_count=3225 3201 3124 77 46 3078 44
is_linear=0
shrinkage=0.04


Tree=213
num_leaves=10
num_cat=0
split_feature=61 48 59 59 43 0 3 46 20
split_gain=1.35735 1.99971 2.20484 3.40381 1.74388 2.13556 3.3862 0.018438 0.00088142
threshold=0.64726851137425301 -0.58941216531104967 0.5948402888848231 0.56772173819010852 0.27355081231562756 28.070833961315802 0.0026212773598563504 -0.16815654947970368 0.0026422064628830503
decision_type=2 2 2 2 2 2 2 2 2
left_child=1 -1 3 -3 5 -2 -7 -6 -9
right_child=4 2 -4 -5 7 6 -8 8 -10
leaf_value=-0.044956425564705076 -0.037119845508005546 0.00010836922447574853 0.036379960730088236 -0.027630139008953891 0.050083270759466267 -0.028982355912959296 0.035887474379862942 0.04288740383201016 0.041143924171421785
leaf_weight=1.6007884591817845 1.531502072699366 383.14474462764338 2.6247541829943648 7.2113689109683028 0.5804381733760241 1.8657381720840929 4.1542119621299207 0.84080832265317429 1.0351067190058527
leaf_count=8 20 2962 14 37 7 19 94 18 46
internal_value=2.88513e-05 -0.000340126 -0.000158383 -0.000404067 0.0145766 0.00505354 0.0157826 0.0438531 0.0419254
internal_weight=404.589 394.582 392.981 390.356 10.0078 7.55145 6.01995 2.45635 1.87592
internal_count=3225 3021 3013 2999 204 133 113 71 64
is_linear=0
shrinkage=0.04


Tree=214
num_leaves=7
num_cat=0
split_feature=24 8 8 1 61 39
split_gain=1.3516 2.25573 6.83467 2.61571 2.16403 2.72351
threshold=0.24166666666626388 -0.0077661852836594988 -0.0072024212415675495 -95.994063038920999 0.50828517071832746 1.48036967591868
decision_type=2 2 2 2 2 2
left_child=1 -1 -3 -4 -2 -6
right_child=4 2 3 -5 5 -7
leaf_value=0.056306192941425304 0.012707869809275541 -0.075350141477209046 0.041590679720649365 0.00035725291349021247 -0.006854379109578394 -0.056222589854419934
leaf_weight=1.1519563440233458 3.3963799141347391 1.9040432274341572 2.4772788109257808 387.86822378030047 4.678775601554662 2.8937619077041745
leaf_count=9 20 12 27 3109 32 16
internal_value=2.81598e-05 0.000414312 0.000250169 0.000618936 -0.0138212 -0.0257199
internal_weight=404.37 393.402 392.25 390.346 10.9689 7.57254
internal_count=3225 3157 3148 3136 68 48
is_linear=0
shrinkage=0.04


Tree=215
num_leaves=12
num_cat=0
split_feature=32 42 23 32 55 45 22 50 18 43 59
split_gain=1.3481 3.90058 4.24998 2.07173 4.73736 4.72297 3.154 6.09502 5.35501 1.31768 0.87858
threshold=1.4658151472124297 0.00086650499000286575 4.3206913601702022 0.57770734666157486 0.43361491917837031 0.66604266229340248 -1.268955396456471 0.14281839864083137 1.0000000180025095e-35 0.12119616265791669 0.30243164671385242
decision_type=2 2 2 2 2 2 2 2 2 2 2
left_child=3 9 -3 6 5 -5 7 -1 -8 -2 -11
right_child=1 2 -4 4 -6 -7 8 -9 -10 10 -12
leaf_value=0.002578296308772769 0.0031727182814317938 -0.050051599554797765 0.01747345446110032 0.0021595487194127167 -0.058917020228901697 -0.018198100901637666 0.0084881813083327005 -0.026937239935578356 -0.003121128776106462 0.023805686270391625 0.055449011477870257
leaf_weight=30.607846097555012 1.9661587532609681 2.6147424541413784 3.4711296739988029 58.414520692545921 2.6089980732649556 26.508470527362078 132.93154372740537 17.648965073749423 121.84032474434935 2.5577075034379959 3.1121169850230217
leaf_count=273 17 18 34 448 14 208 913 105 1144 31 20
internal_value=2.73834e-05 0.0123504 -0.0115381 -0.00040557 -0.00582609 -0.00419503 0.00116019 -0.00821642 0.00293623 0.0313895 0.0411744
internal_weight=404.283 13.7219 6.08587 390.561 87.532 84.923 303.029 48.2568 254.772 7.63598 5.66982
internal_count=3225 120 52 3105 670 656 2435 378 2057 68 51
is_linear=0
shrinkage=0.04


Tree=216
num_leaves=15
num_cat=0
split_feature=61 61 15 3 49 3 39 50 55 49 51 42 39 42
split_gain=1.37713 10.0135 7.70136 12.3093 9.50404 6.59907 6.84797 5.69471 5.23747 6.3607 4.78146 4.3321 4.22885 4.01678
threshold=0.5196258450428608 0.50173165770626571 0.00016193552941830001 0.0076924840965386506 -0.29804245002690061 0.0057765489423890004 0.06371924363253513 0.13027502478187694 0.41092270352323368 0.28464774089469308 -0.027956885363635015 0.00077332685797302343 0.32303888584644896 0.00092793693923225184
decision_type=2 2 2 2 2 2 2 2 2 2 2 2 2 2
left_child=1 5 4 12 11 7 -7 -1 9 -3 -6 -2 -4 -5
right_child=2 8 3 13 10 6 -8 -9 -10 -11 -12 -13 -14 -15
leaf_value=-0.009848357632428183 -0.048835809375721947 -0.039493150696280316 0.015669555846849158 0.023265252184854337 -0.0042437839952577062 -0.023557956071419642 0.015869401341551913 0.0054657998387575056 -0.040718139698689371 0.010788673873563071 0.018645798906057675 -0.0010447528935536886 0.042958813636577338 -0.023978871155316838
leaf_weight=91.03930738940835 9.7768748141825181 6.4211595207452836 19.775035860016942 3.7127989046275642 56.581499464809895 7.947246726602315 62.313708609901369 67.774056192487478 14.315656185150145 10.788543403148649 19.68065224122256 4.4007725287228814 16.808352624066174 12.827780489809809
leaf_count=939 65 28 147 24 357 74 640 453 66 49 139 32 114 98
internal_value=2.69852e-05 -0.00170604 0.0031728 0.0152608 -0.00392767 0.00120272 0.0114098 -0.003313 -0.0228421 -0.00797212 0.00166323 -0.0340014 0.0282077 -0.0133742
internal_weight=404.163 260.6 143.564 53.124 90.4398 229.074 70.261 158.813 31.5254 17.2097 76.2622 14.1776 36.5834 16.5406
internal_count=3225 2249 976 383 593 2106 714 1392 143 77 496 97 261 122
is_linear=0
shrinkage=0.04


Tree=217
num_leaves=9
num_cat=0
split_feature=61 54 46 57 61 39 48 9
split_gain=1.40966 1.58139 1.87486 2.23602 1.53188 1.05498 0.0011199 0.000262409
threshold=0.69199174220727755 -0.10846585414720093 0.12657819294612957 -0.27661285567976807 0.5287891223637663 0.012997700234379015 0.16152745525933657 0.00091437566246940663
decision_type=2 2 2 2 2 2 2 2
left_child=1 -1 3 -3 -4 -2 7 -7
right_child=5 2 4 -5 -6 6 -8 -9
leaf_value=0.034906310013535363 -0.019520977974921833 0.024381077393233301 -0.0029389226365168224 -0.00041726431269588832 -0.048597896752868276 0.042090984001178791 0.043380030158251211 0.040971775473016676
leaf_weight=2.0465603559277943 0.56428670510649626 5.9062002922873935 2.3846709250938138 388.20339170563966 2.318994203582406 0.56490267533808969 0.70970648154616345 0.824224260635674
leaf_count=26 13 72 39 2992 12 14 11 46
internal_value=2.74241e-05 -0.000165276 -0.000345251 -4.56317e-05 -0.0254496 0.0290332 0.0420873 0.0414269
internal_weight=403.523 400.86 398.813 394.11 4.70367 2.66312 2.09883 1.38913
internal_count=3225 3141 3115 3064 51 84 71 60
is_linear=0
shrinkage=0.04


Tree=218
num_leaves=15
num_cat=0
split_feature=24 44 23 44 22 23 15 41 1 53 23 49 23 23
split_gain=1.33988 4.40227 6.40373 5.49674 6.37448 5.25475 4.17758 3.68952 4.14988 4.6027 3.78281 8.73308 8.09697 3.3187
threshold=0.041666666666597151 0.018433248417140644 0.057145088868781606 0.018431174245622798 1.0396739112964164 0.18488606673892602 -3.9321522973193903e-05 -0.0001360214760415997 -34.312190137454301 -0.010506618123911423 0.089733858215261114 0.3281987373880963 0.23944774613780262 0.8444503521739809
decision_type=2 2 2 2 2 2 2 2 2 2 2 2 2 2
left_child=1 3 6 4 -1 -4 -3 8 9 -2 11 -9 -12 -5
right_child=7 2 5 13 -6 -7 -8 10 -10 -11 12 -13 -14 -15
leaf_value=-0.0041692113169296639 0.01284838505005999 -0.013110519259337599 0.0568620710604133 0.052438852090051426 0.029359174616382499 -0.0051941123562784866 -0.049520227591925342 -0.014346768443018063 0.041445693381970211 -0.030669220967014375 -0.037066257006917021 0.021652154346276639 -0.00090012618561397873 0.0079927911146840495
leaf_weight=75.723404399584979 30.262218551710248 11.79377572797239 2.2670486606657496 5.3679533870890719 10.307773230597375 59.059806611388922 8.8074506502598506 16.408500127494335 6.7913004960864773 4.4620604151859871 10.760288962163029 31.445392170920968 124.55612944019958 5.3838794259354472
leaf_count=543 217 68 16 36 105 492 59 114 61 31 60 283 1097 43
internal_value=2.66567e-05 -0.00255821 -0.00938169 0.00321794 -0.000152028 -0.0029001 -0.0286764 0.00208262 0.0128492 0.00725638 -0.000357636 0.00930857 -0.00377604 0.0301829
internal_weight=403.397 178.711 81.9281 96.783 86.0312 61.3269 20.6012 224.686 41.5156 34.7243 183.17 47.8539 135.316 10.7518
internal_count=3225 1362 635 727 648 508 127 1863 309 248 1554 397 1157 79
is_linear=0
shrinkage=0.04


Tree=219
num_leaves=11
num_cat=0
split_feature=22 48 9 61 42 2 42 44 58 20
split_gain=1.37312 8.67404 4.80933 2.65525 3.29982 3.71009 3.40961 3.2811 2.04625 2.03803
threshold=2.6314540544401717 -0.28948472051260987 0.0010680302527961288 0.33384172753933783 0.0013536314987851832 0.73642624021987013 0.0012145427598370295 0.018475812271939323 -0.27521279664131243 0.00261884690431525
decision_type=2 2 2 2 2 2 2 2 2 2
left_child=3 -2 -3 7 6 -6 -5 9 -9 -1
right_child=1 2 -4 4 5 -7 -8 8 -10 -11
leaf_value=-0.047087192756387862 -0.050028016380257133 0.048827016375682972 -0.020228108796913474 -0.00044062109422283459 -0.044721954259845827 0.0020906710484521946 0.016328318760732489 -0.034974002502911314 0.01778359510028427 0.041698961998774736
leaf_weight=0.44092142814770152 5.5485551739111543 3.6138913705944997 2.9154697638005018 347.51454432215542 5.5550224259495717 5.2868407210335135 20.547645134385675 2.1997718084603548 2.5281388554722071 6.6897697262465954
leaf_count=14 31 32 27 2532 34 30 159 25 43 298
internal_value=2.76164e-05 -0.0132558 0.0179927 0.000438187 -0.000145135 -0.0218946 0.000495531 0.0190764 -0.00676312 0.0362089
internal_weight=402.841 12.0779 6.52936 390.763 378.904 10.8419 368.062 11.8586 4.72791 7.13069
internal_count=3225 90 59 3135 2755 64 2691 380 68 312
is_linear=0
shrinkage=0.04


Tree=220
num_leaves=11
num_cat=0
split_feature=61 44 9 20 23 20 0 39 48 9
split_gain=1.34264 1.50316 6.15264 4.40053 2.42645 6.00442 5.01599 1.39695 0.0010213 0.000226292
threshold=0.69199174220727755 0.018419871618196727 0.0010337831479628721 0.0026232729837119503 4.6904103569508111 0.0026376427511863002 66.273259184292201 -0.0086824642666582207 0.16152745525933657 0.00091437566246940663
decision_type=2 2 2 2 2 2 2 2 2 2
left_child=1 2 3 -1 6 -6 -3 -2 9 -9
right_child=7 4 -4 -5 5 -7 -8 8 -10 -11
leaf_value=0.0017408649981052299 -0.036115203220792619 -0.0041493620165065749 -0.062982095588778556 -0.034979836985299495 0.026840908185260269 0.0016603353889647916 0.012639789660552077 0.042001631572789001 0.043194278582578564 0.0409609752851567
leaf_weight=39.215382902882993 0.44148028269410167 194.81604475155473 2.9276963286101809 6.0236581955105057 17.682311585173011 105.86771951010451 33.345470567699522 0.54241254646331005 0.74003075994551171 0.87149926507845521
leaf_count=284 9 1408 20 46 153 915 315 14 12 49
internal_value=2.77607e-05 -0.000158367 -0.0067854 -0.00314856 0.000749201 0.00526414 -0.00169565 0.0287046 0.0419903 0.0413602
internal_weight=402.474 399.878 48.1667 45.239 351.712 123.55 228.162 2.59542 2.15394 1.41391
internal_count=3225 3141 350 330 2791 1068 1723 84 75 63
is_linear=0
shrinkage=0.04


Tree=221
num_leaves=12
num_cat=0
split_feature=24 7 61 61 15 49 44 61 25 44 45
split_gain=1.32167 3.17214 3.61991 2.36728 8.30329 9.62854 9.26486 7.25705 7.42939 4.99802 2.04052
threshold=0.22499999999962497 -0.0019419104528685999 0.50173165770626571 0.52091286785371727 0.00016193552941830001 -0.29804245002690061 0.018451033337749601 0.50173165770626571 0.50000000000000011 0.018433537913743619 0.52036004781771916
decision_type=2 2 2 2 2 2 2 2 2 2 2
left_child=3 -2 -3 7 5 -5 -6 8 -1 -9 -4
right_child=1 2 10 4 6 -7 -8 9 -10 -11 -12
leaf_value=0.012281641713136757 0.021082497593124954 0.012883836023089922 -0.059871509220973299 -0.032809338056489799 0.030438705404082472 0.0034669720913569303 -0.0080967684609931107 -0.0068392731134247087 -0.0038026866613418402 -0.038729288728905804 -0.019838902361639071
leaf_weight=64.679332117084414 3.7135765207931408 3.5444588717073175 3.2960657868534309 14.087695177644489 32.029054263606668 69.264959214255214 14.502406431827692 20.271859958767891 158.65955331968144 12.846440851688383 5.3339723134413362
leaf_count=719 31 25 16 97 228 450 124 91 1354 59 31
internal_value=2.7563e-05 -0.0112791 -0.0211503 0.000492543 0.0048923 -0.0026642 0.0184284 -0.00173574 0.000855363 -0.0192093 -0.0351285
internal_weight=402.229 15.8881 12.1745 386.341 129.884 83.3527 46.5315 256.457 223.339 33.1183 8.63004
internal_count=3225 103 72 3122 899 547 352 2223 2073 150 47
is_linear=0
shrinkage=0.04


Tree=222
num_leaves=15
num_cat=0
split_feature=6 13 61 61 12 30 19 22 45 38 61 13 22 61
split_gain=1.32965 5.61607 5.13467 7.95134 4.6668 2.83685 5.63514 7.60197 4.76846 5.68117 4.56727 3.39149 1.44253 1.24553
threshold=-0.0010886492314783997 -0.0012100928548543996 0.61687199040496621 0.50327443627694335 -0.00039008339244504998 -1.3535972659980235 -0.62456090822098753 0.38059553804892804 0.58728991695702304 1.710384698479394 0.54338789485744443 -0.00047314340417969994 -1.0000000180025095e-35 0.64128555983583835
decision_type=2 2 2 2 2 2 2 2 2 2 2 2 2 2
left_child=1 2 3 -1 12 8 7 -7 9 -2 -8 -10 -3 -4
right_child=5 4 13 -5 -6 6 10 -9 11 -11 -12 -13 -14 -15
leaf_value=0.012527730255380913 0.016060387482992485 0.066137628840947316 0.052017124299846285 -0.022679502316645842 -0.0014646723044536383 -0.0037209545607742212 -0.0016404522084859255 -0.030478724134076915 0.05268983624840045 -0.026795412747990105 0.012564144935067686 0.011921200372062075 0.03052893808113041 0.012266694810936686
leaf_weight=20.08134438842535 11.610209177248182 3.9879389032721519 3.2118114344775668 20.992978371679783 4.6120900418609363 65.607365243602544 175.32240081648342 22.924050313420594 5.4928556084632865 8.6266297483816725 45.647197160869837 8.0488550271838886 3.3487882073968649 2.0767041109502316
leaf_count=151 81 28 24 108 38 456 1589 161 44 47 381 63 25 29
internal_value=2.74199e-05 0.0056119 -0.00069006 -0.00546659 0.0300643 -0.000921196 -0.00212247 -0.0106495 0.0100857 -0.00220833 0.00129389 0.028458 0.0498843 0.0364079
internal_weight=401.591 58.3117 46.3628 41.0743 11.9488 343.28 309.501 88.5314 33.7785 20.2368 220.97 13.5417 7.33673 5.28852
internal_count=3225 403 312 259 91 2822 2587 617 235 128 1970 107 53 53
is_linear=0
shrinkage=0.04


Tree=223
num_leaves=9
num_cat=0
split_feature=45 21 42 46 27 44 21 44
split_gain=1.32614 2.50159 1.37148 3.37271 2.80276 2.26719 6.50953 3.63359
threshold=0.88255921969267404 0.0011992269700946501 0.00057108179842576894 -0.17445899425380901 -2.7283370566474816 0.018421104141005274 0.0015705513505291501 0.018423006568922175
decision_type=2 2 2 2 2 2 2 2
left_child=2 -2 3 -1 -5 6 -4 -7
right_child=1 -3 5 4 -6 7 -8 -9
leaf_value=0.05726011996749316 0.011523553781520738 -0.035477589788690679 -0.0035086456286849096 0.041492423532742011 -0.0025155795987145697 0.016303962103539706 -0.053303156172679104 -0.00013502182378605872
leaf_weight=2.2111160717904594 3.0289678843691936 4.5089777754619718 45.698130106087774 2.7709612250328108 14.086845040787008 23.168506903573871 4.6257529938593498 301.11628266167827
leaf_count=18 31 36 340 14 125 174 41 2446
internal_value=2.80605e-05 -0.0165912 0.000346277 0.0108106 0.00471813 -0.000186393 -0.00808574 0.00103946
internal_weight=401.216 7.53795 393.678 19.0689 16.8578 374.609 50.3239 324.285
internal_count=3225 67 3158 157 139 3001 381 2620
is_linear=0
shrinkage=0.04


Tree=224
num_leaves=9
num_cat=0
split_feature=24 22 22 42 43 61 43 30
split_gain=1.29358 2.78186 3.49433 3.50174 2.4853 2.22414 5.35659 3.60068
threshold=1.0000000180025095e-35 0.2889630694055631 0.19081376125841423 0.00079950595435109213 0.011382575298968784 0.54937409373594048 0.16934858418259399 0.37512789700994226
decision_type=2 2 2 2 2 2 2 2
left_child=1 2 3 -1 -2 7 -7 -6
right_child=4 -3 -4 -5 5 6 -8 -9
leaf_value=0.008832521823457706 0.033305989308957992 0.028081526909674154 -0.039267047835867909 -0.016493029884471874 0.002452438715058292 -0.0082670049312712855 0.01395798989322556 -0.0069176742751867184
leaf_weight=16.2729457244277 3.7297185668721786 3.4418191090226165 5.4205724596977225 18.859272055327892 168.27902228874154 26.17955126054585 51.451581131666899 107.55589754832909
leaf_count=96 32 19 30 122 1281 215 452 978
internal_value=2.7667e-05 -0.00644428 -0.00937458 -0.00476245 0.000824795 0.000482059 0.00646305 -0.00120124
internal_weight=401.19 43.9946 40.5528 35.1322 357.196 353.466 77.6311 275.835
internal_count=3225 267 248 218 2958 2926 667 2259
is_linear=0
shrinkage=0.04


Tree=225
num_leaves=12
num_cat=0
split_feature=27 39 50 54 8 23 6 2 22 58 22
split_gain=1.31407 4.48865 6.24798 3.88888 3.79674 3.68352 3.32227 3.84023 3.24763 2.86104 3.20957
threshold=-3.0182595161381385 1.8704347424476653 0.095163935073816805 0.11621756475707813 -0.0014770626326028498 -0.92696791131032874 -0.0010886492314783997 0.039232303637288156 0.06740017777765786 -0.27577669076662331 -0.0042951809860785487
decision_type=2 2 2 2 2 2 2 2 2 2 2
left_child=1 9 4 -4 -3 -2 8 -8 -7 10 -1
right_child=5 2 3 -5 -6 6 7 -9 -10 -11 -12
leaf_value=-0.010107366415897823 0.057579731716394432 0.0051713464139922106 0.056274402446228312 0.0074968502951557126 -0.053723134139741224 0.0038309781669797144 -0.037762657602655673 -0.00045436748932510735 0.027768478962110744 0.0041244880036013769 -0.055580656036866447
leaf_weight=4.3547163698822251 1.81426142156124 3.3392039481550455 3.6271767169237128 9.3735135570168477 3.6831959774717715 31.529641317669302 4.4768402660265556 316.21035578195006 12.729573537595568 3.9411886343732467 5.7793111428618422
leaf_count=36 10 24 23 58 20 210 29 2653 102 29 31
internal_value=2.69646e-05 -0.00748403 0.00468381 0.0211057 -0.0257184 0.000725274 0.000442633 -0.000975197 0.0107157 -0.0247937 -0.0360402
internal_weight=400.859 34.0983 20.0231 13.0007 7.0224 366.761 364.946 320.687 44.2592 14.0752 10.134
internal_count=3225 221 125 81 44 3004 2994 2682 312 96 67
is_linear=0
shrinkage=0.04


Tree=226
num_leaves=9
num_cat=0
split_feature=61 56 48 56 52 37 56 37
split_gain=1.28739 1.80458 1.77517 1.92655 1.65824 1.99341 2.15138 0.274705
threshold=0.64726851137425301 0.17687608455211387 -0.56659265278409809 0.12930614493819118 0.22349997462526308 -0.4109206466378354 0.053634362558432923 -0.3416660337998772
decision_type=2 2 2 2 2 2 2 2
left_child=1 2 -1 -4 5 6 -2 -7
right_child=4 -3 3 -5 -6 7 -8 -9
leaf_value=0.038197000973830927 0.031374909705349653 -0.032751025589021807 0.00036471160673537547 -0.012424251233495914 -0.029122796313725212 0.021061961004030551 -0.032852232590913563 0.0421105162217408
leaf_weight=1.9267455637454975 1.5509399287402623 2.7277014832943669 366.46106106671505 19.868232686072588 1.2211711034178723 1.3503064475953568 1.8062776587903497 3.7394007057882845
leaf_count=12 27 16 2875 118 8 20 22 127
internal_value=2.67818e-05 -0.000329769 -0.000101993 -0.000293002 0.0144459 0.0207447 -0.0031811 0.0365263
internal_weight=400.652 390.984 388.256 386.329 9.6681 8.44692 3.35722 5.08971
internal_count=3225 3021 3005 2993 204 196 49 147
is_linear=0
shrinkage=0.04


Tree=227
num_leaves=10
num_cat=0
split_feature=24 51 43 53 13 13 54 61 61
split_gain=1.26924 1.86362 3.37434 3.15804 1.81704 3.50447 3.10382 1.81214 2.59996
threshold=0.24166666666626388 0.037361479344635219 0.48601962117467029 -0.019242575198912853 -0.0032475463847444494 -0.0022017430599236996 0.13358043859805169 0.50828517071832746 0.58453535618037245
decision_type=2 2 2 2 2 2 2 2 2
left_child=1 4 3 -3 6 -6 -1 -2 -9
right_child=7 2 -4 -5 5 -7 -8 8 -10
leaf_value=0.007576752031804807 0.011076877726926115 -0.0029785437405946275 -0.01512892094036802 0.052252714980295531 0.018662871505902887 -0.00044929407621715069 -0.038187495704376732 -0.043860462754845078 0.0040464763551639653
leaf_weight=4.3647180888801795 3.3322946690022928 2.5769608058035374 3.546643303707242 4.6368892807513458 16.047901542391628 353.24034665850922 5.1915055178105831 4.4541327953338623 3.056253066752106
leaf_count=38 20 19 32 47 109 2883 29 20 28
internal_value=2.61873e-05 0.000401865 0.0168168 0.0325228 -6.43775e-05 0.00038125 -0.0172851 -0.0134729 -0.0243654
internal_weight=400.448 389.605 10.7605 7.21385 378.844 369.288 9.55622 10.8427 7.51039
internal_count=3225 3157 98 66 3059 2992 67 68 48
is_linear=0
shrinkage=0.04


Tree=228
num_leaves=15
num_cat=0
split_feature=24 1 30 42 22 43 51 23 60 51 23 20 23 45
split_gain=1.26538 3.67361 4.93833 4.2358 3.8681 6.99945 3.854 3.2805 7.72286 7.89754 4.42898 5.8602 5.75334 2.28081
threshold=0.024999999999958254 24.54400402873944 1.2048923083301963 0.00082772667163350216 1.5178915131296804 0.51434395226800922 -0.10475712589668244 0.089733858215261114 0.66771847316601562 -0.084391442794084545 4.6904103569508111 0.0026705024279705504 8.034217996195272 0.58375224012350435
decision_type=2 2 2 2 2 2 2 2 2 2 2 2 2 2
left_child=1 4 13 -4 6 -6 -1 8 9 -2 11 -9 -12 -3
right_child=7 2 3 -5 5 -7 -8 10 -10 -11 12 -13 -14 -15
leaf_value=-0.023442752575895291 0.035047518381821678 0.054528630487420883 0.032261104828084738 -0.031920954312152132 0.049349269412654169 -0.032253193621068529 -0.0041157394456080203 -0.013371630411861018 -0.034833206611702028 0.0036491251736513099 0.015755757237332742 0.0056775358564707243 -0.0032947763743249709 0.015158606001807202
leaf_weight=21.081513684242964 18.897161681205034 4.3075289893895405 2.4660551436245433 4.9429053007625043 4.9337670798413447 2.5515932627022266 76.099677153863013 70.585292939096689 5.747099593281745 39.83823939692229 45.405938934534788 40.760575510095805 57.465697503648698 5.1924692094326019
leaf_count=126 133 43 26 40 47 16 558 494 26 378 466 383 444 45
internal_value=2.56479e-05 -0.0033795 0.0139198 -0.0105581 -0.00617422 0.0215328 -0.00830835 0.00151105 0.0094209 0.013751 -0.000869922 -0.00639827 0.00511383 0.0330099
internal_weight=400.276 121.576 16.909 7.40896 104.667 7.48536 97.1812 278.7 64.4825 58.7354 214.218 111.346 102.872 9.5
internal_count=3225 901 154 66 747 63 684 2324 537 511 1787 877 910 88
is_linear=0
shrinkage=0.04


Tree=229
num_leaves=12
num_cat=0
split_feature=10 27 56 59 56 56 55 10 10 13 19
split_gain=1.25967 5.16449 4.79117 15.1363 5.6692 3.96732 4.45682 3.71643 3.50572 3.45201 1.14699
threshold=0.00049481569421120015 3.4571970830791603 -0.018607765436501753 0.15557972597699585 -0.025194559625144938 -0.0079416530383678453 0.42565083681847488 0.00045647474401580009 0.00043709814065000008 0.0049524840112830006 0.060815696319088001
decision_type=2 2 2 2 2 2 2 2 2 2 2
left_child=2 5 3 4 -1 9 -7 8 -4 -2 -9
right_child=1 -3 7 -5 -6 6 -8 10 -10 -11 -12
leaf_value=0.029643058461564897 0.021244548434335427 -0.057827436310968795 0.0022157025054483346 -0.10494106337057128 -0.033440765085414721 -0.012786268589276031 0.0068729119048849402 0.012263785865820418 -0.042349580434128689 -0.035737045193517357 0.051030320493078651
leaf_weight=5.0775898997671893 15.534487776225433 2.7555701187811783 277.73311327164993 2.7952751377597442 4.1359327486716202 53.522269844776019 28.157500699162483 1.9901058394461859 2.8532674228772512 1.9102482721209533 3.1603435063734651
leaf_count=60 167 24 2186 25 41 437 199 17 25 12 32
internal_value=2.66978e-05 -0.00381249 0.00134036 -0.0234106 0.00132485 -0.00231093 -0.00600915 0.00238058 0.00176252 0.0150049 0.0360511
internal_weight=399.626 101.88 297.746 12.0088 9.21352 99.1245 81.6798 285.737 280.586 17.4447 5.15045
internal_count=3225 839 2386 126 101 815 636 2260 2211 179 49
is_linear=0
shrinkage=0.04


Tree=230
num_leaves=13
num_cat=0
split_feature=61 3 45 52 41 21 15 57 6 15 6 22
split_gain=1.28769 4.6067 3.60931 3.69029 2.35139 4.2414 9.13664 5.22821 3.82905 4.76854 2.34511 0.00470942
threshold=0.38390433719255823 0.0020663558340893004 0.69219696867152336 -0.19620155910499551 2.0118317665100235e-05 -0.0019746638454153993 -0.0026833660960662495 0.36849510661075507 -0.0017536900458210499 -0.0019513446800744998 -0.0020608142457685997 -2.990412469128787
decision_type=2 2 2 2 2 2 2 2 2 2 2 2
left_child=1 -1 3 -3 8 7 -7 -6 10 -10 -2 -4
right_child=4 2 11 -5 5 6 -8 -9 9 -11 -12 -13
leaf_value=-0.078221208618956664 -0.002766350754147663 0.00018864384550846172 0.045824963470280429 0.041514414981758341 0.016419049901073374 0.053258547845226233 -0.0044641458820109479 -0.048024416661159343 0.014484553683576835 -0.00011649045805144582 -0.033980427175119281 0.042091615596248307
leaf_weight=0.99883922236040135 8.4863103348761779 32.645305330399424 0.62896625138819207 3.8668305657338342 2.8126393952406925 4.5257278531789771 143.60834146011621 7.0960903875529766 48.669553276151419 135.21539104403928 7.0506655424833289 3.8487534592859438
leaf_count=5 50 496 7 207 24 36 1002 36 319 873 40 130
internal_value=2.71992e-05 0.00665369 0.00872192 0.00456526 -0.000751165 -0.00439539 -0.00270063 -0.0297318 0.0021369 0.00374803 -0.0169313 0.042616
internal_weight=399.453 41.9887 40.9899 36.5121 357.465 158.043 148.134 9.90873 199.422 183.885 15.537 4.47772
internal_count=3225 845 840 703 2380 1098 1038 60 1282 1192 90 137
is_linear=0
shrinkage=0.04


Tree=231
num_leaves=7
num_cat=0
split_feature=54 48 22 47 60 61
split_gain=1.50025 1.68025 6.10066 2.56644 2.82299 2.02365
threshold=-0.10846585414720093 0.18116206985404248 0.047270242405207608 0.30974575277187255 -0.16030693606639088 0.50327443627694335
decision_type=2 2 2 2 2 2
left_child=-1 3 -3 4 -2 -5
right_child=1 2 -4 5 -6 -7
leaf_value=0.034751072216183419 -0.018513212830566648 0.028211834295105133 -0.059122919836757284 0.050555737081129738 0.0003902742451707713 0.0043276834112240797
leaf_weight=1.9809448770247389 13.083732003578914 2.1994628426618865 3.0604339735582471 2.8438818026334038 372.66297549800947 3.2426892481744289
leaf_count=26 108 33 39 29 2968 22
internal_value=2.75031e-05 -0.000145719 -0.0226033 0.000155747 -0.000250893 0.0259272
internal_weight=399.074 397.093 5.2599 391.833 385.747 6.08657
internal_count=3225 3199 72 3127 3076 51
is_linear=0
shrinkage=0.04


Tree=232
num_leaves=12
num_cat=0
split_feature=32 43 44 32 13 32 45 22 58 18 19
split_gain=1.27768 3.39152 3.33113 1.84862 4.89355 5.72698 4.99717 3.16329 5.66554 4.9783 1.43679
threshold=1.4658151472124297 0.062138670648397162 0.018448018928462259 0.57770734666157486 -0.00076884125553439988 0.70703886248455772 0.66604266229340248 -1.268955396456471 -0.31628292156219368 1.0000000180025095e-35 -0.17488649344689214
decision_type=2 2 2 2 2 2 2 2 2 2 2
left_child=3 -2 10 7 5 -5 -6 8 -1 -9 -3
right_child=1 2 -4 4 6 -7 -8 9 -10 -11 -12
leaf_value=-0.023732358531646291 -0.04253938124684975 0.0044002911517085751 -0.0092140053980553725 -0.075763274844250578 0.0047815935282698443 -0.011628989465215978 -0.017471311745322318 0.0082894543483028448 0.0040313679520928639 -0.0029822766111413062 0.044946720283513944
leaf_weight=21.238327303901315 1.5981571152806271 1.8405474647879589 4.1728009572252631 3.1972868004813773 52.965113850310445 7.3464701534248888 23.226808704435825 130.82991272304207 26.350727672223002 120.37750166910701 5.8199075143784276
leaf_count=135 12 11 35 22 406 57 185 913 243 1144 62
internal_value=2.69228e-05 0.0121545 0.0195412 -0.000395585 -0.00553652 -0.0310771 -0.00200212 0.00109674 -0.00835919 0.00288809 0.0352048
internal_weight=398.964 13.4314 11.8333 385.532 86.7357 10.5438 76.1919 298.796 47.5891 251.207 7.66045
internal_count=3225 120 108 3105 670 79 591 2435 378 2057 73
is_linear=0
shrinkage=0.04


Tree=233
num_leaves=10
num_cat=0
split_feature=61 48 59 53 43 0 3 46 20
split_gain=1.24941 1.83802 1.92521 2.95342 1.57469 1.99217 3.25188 0.0150945 0.000519895
threshold=0.64726851137425301 -0.58941216531104967 0.5948402888848231 -0.20519167461432317 0.27355081231562756 29.969820150680246 0.0026212773598563504 -0.16815654947970368 0.0026403498609919502
decision_type=2 2 2 2 2 2 2 2 2
left_child=1 -1 3 -3 5 -2 -7 -6 -9
right_child=4 2 -4 -5 7 6 -8 8 -10
leaf_value=-0.043675197170409345 -0.030076224961864271 -0.024984438013821223 0.034515339686277804 0.00012032874970695731 0.049317265920878359 -0.025429499769413614 0.040111704633490487 0.042527726803750811 0.041108987254920591
leaf_weight=1.5585141032934178 1.8872254341840724 7.6496864669024935 2.5466595590114585 377.57591635524295 0.55028191395103965 1.8411913495510814 3.5400545541197062 0.70569421164691426 0.99730592081323266
leaf_count=8 25 43 14 2956 7 19 89 17 47
internal_value=2.68399e-05 -0.000323271 -0.000149034 -0.000378194 0.0143424 0.00528535 0.0176868 0.0435579 0.0416969
internal_weight=398.853 389.331 387.772 385.226 9.52175 7.26847 5.38125 2.25328 1.703
internal_count=3225 3021 3013 2999 204 133 108 71 64
is_linear=0
shrinkage=0.04


Tree=234
num_leaves=11
num_cat=0
split_feature=61 50 44 9 45 23 20 0 50 22
split_gain=1.2376 1.37836 1.28223 5.49873 4.09442 2.33407 5.39757 4.60336 0.000875423 9.606e-05
threshold=0.69199174220727755 -0.077102082164849192 0.018419871618196727 0.0010337831479628721 0.48526445051649947 4.6904103569508111 0.0026376427511863002 66.273259184292201 -0.063886678972708236 0.098566775041841068
decision_type=2 2 2 2 2 2 2 2 2 2
left_child=2 -2 3 4 -1 7 -7 -4 -3 -10
right_child=1 8 5 -5 -6 6 -8 -9 9 -11
leaf_value=0.017063331049927292 -0.038288677796316707 0.042750031832627114 -0.0040637438165222403 -0.059080952969168314 -0.010123935619708006 0.025908712034201968 0.0017446205854942561 0.012139181550985574 0.041410378247522132 0.0406799737829448
leaf_weight=12.126681192312388 0.41337294504046473 0.88172848336398657 193.23142632655799 2.9607794778421512 32.931827423162758 17.21826976723969 104.88764333003201 32.819926966447383 0.63412807928398118 0.52795296488329768
leaf_count=100 4 17 1408 20 230 153 915 315 25 38
internal_value=2.62286e-05 0.0283264 -0.000149296 -0.00627672 -0.00280698 0.000695825 0.00515202 -0.00171127 0.0417996 0.0410785
internal_weight=398.634 2.45718 396.177 48.0193 45.0585 348.157 122.106 226.051 2.04381 1.16208
internal_count=3225 84 3141 350 330 2791 1068 1723 80 63
is_linear=0
shrinkage=0.04


Tree=235
num_leaves=13
num_cat=0
split_feature=29 61 29 23 48 0 60 61 52 41 8 61
split_gain=1.24087 4.39022 1.71804 6.91111 8.6772 3.80628 2.93087 4.55911 2.97499 0.918575 0.0120054 0.000885003
threshold=0.0061624001400801829 0.49734152876319354 0.15824072435364067 -0.31041059145875594 0.1190850472968052 52.916658809052173 -0.15150917096267888 0.48764298391571853 -0.31640378815450887 1.8559315696868125e-05 -0.00046521691972139996 0.4605642113812865
decision_type=2 2 2 2 2 2 2 2 2 2 2 2
left_child=1 10 3 5 -5 -2 7 -4 -8 -3 -1 -12
right_child=2 9 6 4 -6 -7 8 -9 -10 -11 11 -13
leaf_value=0.047446527901136237 0.04004237725011292 0.006406624727088809 0.012673098344560154 -0.021095386072250095 0.04194894556461691 -0.015991298336150896 -0.0014777619936364378 -0.026736625343549786 0.0064372736718552315 -0.025095052875761664 0.042391251759261908 0.044050390992874541
leaf_weight=2.1009703944437206 6.5789238773286325 3.1957447063177824 7.0126913725398508 35.038303000852466 3.8798659709282211 2.7506012693047523 193.73025823198259 14.221391617320476 125.00751758320257 2.7602597922086716 1.1177704441361114 0.952941384166479
leaf_count=25 37 23 127 250 41 23 1290 85 1262 17 33 12
internal_value=2.60342e-05 0.0138482 -0.000334551 -0.00739808 -0.0148103 0.0235221 0.000667881 -0.0137213 0.00162648 -0.00819256 0.0453162 0.0431548
internal_weight=398.347 10.1277 388.22 48.2477 38.9182 9.32953 339.972 21.2341 318.738 5.956 4.17168 2.07071
internal_count=3225 110 3115 351 291 60 2764 212 2552 40 70 45
is_linear=0
shrinkage=0.04


Tree=236
num_leaves=8
num_cat=0
split_feature=24 46 49 32 3 1 0
split_gain=1.2415 3.13595 3.38968 3.03152 2.27978 2.59747 2.41058
threshold=0.22499999999962497 -0.16891026981294249 0.24117101781410494 -0.021062854083248896 0.016541578498748304 -95.994063038920999 66.273259184292201
decision_type=2 2 2 2 2 2 2
left_child=4 -2 -3 -4 5 -1 -7
right_child=1 2 3 -5 -6 6 -8
leaf_value=0.037064325494073389 -0.047072792193602185 -0.035836287723585936 0.037713560723150005 -0.0090460593073252282 -0.035799494108971895 -0.00083866151806435334 0.0084545116442136959
leaf_weight=3.1240002214908591 3.0959738437086335 3.4574645049870005 3.8390228198841196 5.255023829638958 2.7517012688331297 324.6854274852667 51.782007419969887
leaf_count=31 17 18 34 34 35 2532 524
internal_value=2.60735e-05 -0.0110173 -0.00212379 0.0106934 0.000478026 0.000741006 0.000439588
internal_weight=397.991 15.6475 12.5515 9.09405 382.343 379.591 376.467
internal_count=3225 103 86 68 3122 3087 3056
is_linear=0
shrinkage=0.04


Tree=237
num_leaves=13
num_cat=0
split_feature=27 47 30 22 1 6 19 43 61 8 56 42
split_gain=1.23098 4.34686 4.00774 4.75795 3.70241 3.41308 4.95553 4.48022 3.18907 3.14282 4.00299 3.29314
threshold=-3.0182595161381385 -0.40170873735726881 -1.3856264779171985 -0.16414487976746336 -14.398057057762342 -0.0010886492314783997 -0.62456090822098753 0.12119616265791669 0.50173165770626571 -0.0020707971413061496 0.062780769599412159 0.00067155740649237202
decision_type=2 2 2 2 2 2 2 2 2 2 2 2
left_child=1 -1 3 8 -5 7 -7 -4 -2 10 -3 -11
right_child=2 9 5 4 -6 6 -8 -9 -10 11 -12 -13
leaf_value=0.028084729862108086 0.019060622113598498 0.014905826048644133 -0.013571447469980161 0.042201541147652594 -0.0012825534463697488 -0.0097579019251651834 0.0014705922056174605 0.02181838138098554 -0.020211695281526158 -0.058142360180522948 -0.024219226428518148 -0.013837538262965634
leaf_weight=4.7782370224595061 6.0231933025643247 9.6628134362399596 7.7766819000244167 11.198503412306307 4.3497618422843507 88.536630374845117 217.08256043167785 21.67856645770371 7.3399276286363602 4.0451344698667544 7.3792688343673936 7.9790250305086374
leaf_count=31 61 72 51 90 34 618 1957 150 43 21 47 50
internal_value=2.54659e-05 -0.00727138 0.000703949 0.014993 0.0300365 -0.000528961 -0.00178226 0.0124749 -0.00251038 -0.0130836 -0.00203543 -0.0287424
internal_weight=397.83 33.8445 363.986 28.9114 15.5483 335.074 305.619 29.4552 13.3631 29.0662 17.0421 12.0242
internal_count=3225 221 3004 228 124 2776 2575 201 104 190 119 71
is_linear=0
shrinkage=0.04


Tree=238
num_leaves=12
num_cat=0
split_feature=10 27 56 59 56 56 55 10 10 54 21
split_gain=1.24982 4.79445 4.44236 13.244 5.23704 3.61251 3.93098 3.41651 3.27917 2.85125 1.2172
threshold=0.00049481569421120015 3.4571970830791603 -0.018607765436501753 0.15557972597699585 -0.025194559625144938 -0.0079416530383678453 0.42565083681847488 0.00045647474401580009 0.00043709814065000008 -0.099002360287018934 -0.00019250286598739997
decision_type=2 2 2 2 2 2 2 2 2 2 2
left_child=2 5 3 4 -1 9 -7 8 -4 -2 -9
right_child=1 -3 7 -5 -6 6 -8 10 -10 -11 -12
leaf_value=0.029067173383807723 0.053525965483941493 -0.055823854311200252 0.0021991472498378607 -0.097014922362656159 -0.031792222267663546 -0.012220270985738982 0.0062921956475829677 0.0092262847447875246 -0.040753317995836584 0.0075444689764476974 0.050137696302498903
leaf_weight=4.9381160978227845 2.5312606962397721 2.7581620472483328 276.31702475948259 2.8956128545105448 4.1749912216328076 53.484950656071305 27.939153039827943 1.8398813148960469 2.8734294530004254 14.620354350423439 3.1654396471567443
leaf_count=60 31 24 2186 25 41 437 199 15 25 148 34
internal_value=2.55274e-05 -0.00380901 0.00133735 -0.0224931 0.00118564 -0.00235363 -0.00586807 0.00234431 0.00175708 0.0143305 0.0350993
internal_weight=397.538 101.334 296.204 12.0087 9.11311 98.5757 81.4241 284.196 279.19 17.1516 5.00532
internal_count=3225 839 2386 126 101 815 636 2260 2211 179 49
is_linear=0
shrinkage=0.04


Tree=239
num_leaves=13
num_cat=0
split_feature=9 39 31 20 48 49 61 29 61 22 0 61
split_gain=1.20995 6.69607 5.575 4.36931 3.89037 4.73897 3.43813 3.07497 2.89246 2.7522 2.38769 2.09654
threshold=0.0012974734391334288 0.068648284182881644 -1.5156977205474853 0.0027268801170987002 -0.52201520080502084 0.37515119636787514 0.50030476002223578 0.0061624001400801829 0.37945512376971774 0.07385906047780226 40.899818575868771 0.49906527478722357
decision_type=2 2 2 2 2 2 2 2 2 2 2 2
left_child=3 9 -3 7 -5 -6 -4 11 -9 10 -2 -1
right_child=1 2 6 4 5 -7 -8 8 -10 -11 -12 -13
leaf_value=0.045658860742860082 -0.045798855044616421 -0.045966427073760523 0.016449013298942036 -0.025503586578600853 0.032221658324940963 -0.0050419334798386915 -0.011746195301450078 0.011721129885367956 -0.0022467448319113416 -0.066132265456253142 0.014019820937926824 0.0020977137795794077
leaf_weight=3.8162298691458991 2.32921871356666 3.5852513164281836 20.113173505757008 3.2615604009479311 17.916441800072793 7.8543525254353872 10.549123334232716 25.807327525457367 293.36996232531965 3.5051537426188588 1.9711445523425934 3.2933010719716549
leaf_count=63 18 22 233 29 143 60 82 586 1915 26 27 21
internal_value=2.59604e-05 -0.00638992 0.00123012 0.000785298 0.0156555 0.0208646 0.00674867 -0.000537819 -0.00111736 -0.0398237 -0.0183799 0.0254803
internal_weight=397.372 42.0531 34.2475 355.319 29.0324 25.7708 30.6623 326.287 319.177 7.80552 4.30036 7.10953
internal_count=3225 408 337 2817 232 203 315 2585 2501 71 45 84
is_linear=0
shrinkage=0.04


Tree=240
num_leaves=15
num_cat=0
split_feature=61 61 25 0 41 3 25 6 23 13 47 55 14 55
split_gain=1.30146 8.52999 6.65364 8.87074 6.89093 6.18527 9.77181 10.0999 6.31961 6.16252 5.48156 4.95375 5.85596 2.97176
threshold=0.5196258450428608 0.50173165770626571 0.50000000000000011 29.641548144820451 0.00014316933499296526 0.0076924840965386506 0.50000000000000011 -7.8164224545683526e-05 0.28655530745389718 -0.0010081424998182999 -0.3706650742540048 0.41092270352323368 0.00064192480511530016 0.39073238801134208
decision_type=2 2 2 2 2 2 2 2 2 2 2 2 2 2
left_child=1 2 4 -4 -1 6 7 -2 13 -8 -10 12 -3 -7
right_child=5 11 3 -5 -6 8 9 -9 10 -11 -12 -13 -14 -15
leaf_value=0.01908152766412493 -0.013743007276349141 -0.020853956067954704 0.023921765674122276 -0.0065420123534994847 -0.01183391830292661 -0.0057885899139708099 0.0028689886820932216 0.017225201526818629 -0.034884819162919113 0.037238907102998542 0.00095713407459731715 -0.038794755587999358 0.032376435497202212 0.048479603486699267
leaf_weight=49.56580894603394 40.47629073029384 12.465469226241117 17.11038310918957 144.04229683754966 15.034957026131449 2.9496280103921881 13.080427806824444 28.867847012355924 16.239494525827467 23.064945654012263 11.779205801431091 14.134377673268316 4.5006161928176871 3.5669094147160649
leaf_count=526 300 57 148 1232 200 16 79 223 112 131 87 66 20 28
internal_value=2.59851e-05 -0.00166525 0.00104031 -0.00330752 0.0118864 0.0031283 0.00793851 -0.000850994 -0.0115647 0.024801 -0.0198167 -0.0213045 -0.00673346 0.0239158
internal_weight=396.879 256.854 225.753 161.153 64.6008 140.025 105.49 69.3441 34.5352 36.1454 28.0187 31.1005 16.9661 6.51654
internal_count=3225 2249 2106 1380 726 976 733 523 243 210 199 143 77 44
is_linear=0
shrinkage=0.04


Tree=241
num_leaves=13
num_cat=0
split_feature=24 54 61 36 61 61 56 49 61 36 56 0
split_gain=1.27711 2.54529 3.06069 6.59835 4.96556 2.46683 4.59863 8.25549 4.3944 3.47927 6.72958 5.56997
threshold=1.0000000180025095e-35 0.12841066695247075 0.50030476002223578 -0.31309834500631206 0.46429982030483546 0.54937409373594048 0.032000603869531345 0.26076278917970191 0.55900696919642978 0.12504263233664745 0.097837785819794645 44.34146664680344
decision_type=2 2 2 2 2 2 2 2 2 2 2 2
left_child=1 2 4 -4 -1 9 7 -7 -8 11 -11 -2
right_child=5 -3 3 -5 -6 6 8 -9 -10 10 -12 -13
leaf_value=-0.011907846148542699 -0.0028456662507514571 0.026598419108225291 -0.0010322483630556174 -0.048589451735107113 0.030378146142633178 0.0033593887754322072 0.036866294449736846 0.041840463375781775 -0.007450522557409126 -0.0094856640415162171 0.027597482705954152 0.012314718448861424
leaf_weight=14.114521110430362 106.93357167742215 3.430721551179885 11.236370466649534 7.9851904809474936 6.4844740107655516 25.699133068323135 4.0009265914559355 13.662152777425943 34.028005845844746 99.239180825417861 8.50056044757366 60.83393709291704
leaf_count=105 777 17 60 50 35 219 22 161 277 925 62 515
internal_value=2.67752e-05 -0.00646062 -0.00930881 -0.0207889 0.0014036 0.000821874 0.00713187 0.016716 -0.00278806 -0.00095061 -0.00655984 0.00265162
internal_weight=396.149 43.2513 39.8206 19.2216 20.599 352.897 77.3902 39.3613 38.0289 275.507 107.74 167.768
internal_count=3225 267 250 110 140 2958 679 380 299 2279 987 1292
is_linear=0
shrinkage=0.04


Tree=242
num_leaves=12
num_cat=0
split_feature=42 48 42 42 24 22 61 45 58 58 1
split_gain=1.24161 2.40809 1.6724 5.92884 3.6004 3.16181 3.69027 3.00148 1.4364 1.42469 0.462726
threshold=0.0014719812032598944 -0.22775893336516342 0.0012145427598370295 0.0012628642143689775 0.041666666666597151 2.7523414310460219 0.33384172753933783 0.43706804019654139 -0.27638208426527522 -0.25150154462327506 8.9500467625111941
decision_type=2 2 2 2 2 2 2 2 2 2 2
left_child=2 -2 5 10 -5 6 -1 -7 -3 -10 -4
right_child=1 8 3 4 -6 7 -8 -9 9 -11 -12
leaf_value=0.029395467829678307 -0.055004160999997914 -0.043343520459396892 0.051819842086389914 -0.019031576231153195 0.012040399110124125 -0.044375754508382673 -0.00047705977354085892 0.0050769184902819588 0.041497785463005289 -0.012901658909396039 0.028408198482402766
leaf_weight=6.7468283332418642 1.9178239423781631 0.9599153203889722 4.1847237320616868 9.4342626095749456 16.233553296420723 5.0051335915923101 342.78066509403288 3.2315740510821342 1.453532221727073 1.6386893643066285 1.9945863899774847
leaf_count=266 18 8 34 82 146 24 2542 21 18 40 26
internal_value=2.68092e-05 -0.0180768 0.000304208 0.00908791 0.000619826 -0.000477691 9.9561e-05 -0.0249736 -0.000599573 0.0126694 0.0442629
internal_weight=395.581 5.96996 389.611 31.8471 25.6678 357.764 349.527 8.23671 4.05214 3.09222 6.17931
internal_count=3225 84 3141 288 228 2853 2808 45 66 58 60
is_linear=0
shrinkage=0.04


Tree=243
num_leaves=12
num_cat=0
split_feature=42 46 51 3 6 48 43 47 42 42 56
split_gain=1.23263 3.26229 3.04003 3.20973 2.7772 1.99766 5.33315 2.62409 2.33609 2.23964 1.59653
threshold=0.00057108179842576894 -0.17445899425380901 -0.10475712589668244 0.0041507158336898508 -0.00055132058958089994 0.17812695005935711 0.15559152693192826 0.30974575277187255 0.00065313180398350005 0.00078808984785537722 -0.017069727969287098
decision_type=2 2 2 2 2 2 2 2 2 2 2
left_child=1 -1 3 -3 -4 7 -7 8 -2 -9 -8
right_child=5 2 4 -5 -6 6 10 9 -10 -11 -12
leaf_value=0.056540555270940346 -0.0088122250023232006 -0.049535392190811225 -0.012387108634375896 0.011144855941126608 0.030016669796114566 -0.060618394777577946 -0.013624682898154983 -0.0026714132551346006 0.00072187393970565633 0.05263139051544935 0.051005222013315372
leaf_weight=2.136619936674836 47.207349118310958 2.8702475987374827 3.6808941732160783 2.7131409170106053 7.519938779529177 2.9696919573470941 1.2063990684691819 2.0294732246547929 318.86751244729385 2.7720310389995575 1.240261554950848
leaf_count=18 332 17 28 27 69 23 21 18 2613 25 34
internal_value=2.64464e-05 0.00998858 0.00406254 -0.020049 0.0160817 -0.000474472 -0.0245913 -0.000122265 -0.0005076 0.0292563 0.0191375
internal_weight=395.214 18.9208 16.7842 5.58339 11.2008 376.293 5.41635 370.876 366.075 4.8015 2.44666
internal_count=3225 159 141 44 97 3066 78 2988 2945 43 55
is_linear=0
shrinkage=0.04


Tree=244
num_leaves=10
num_cat=0
split_feature=61 43 0 3 56 48 52 10 9
split_gain=1.24527 1.49558 1.83472 3.05016 1.47795 1.69908 1.52094 0.0119628 0.000516315
threshold=0.64726851137425301 0.27355081231562756 29.969820150680246 0.0026212773598563504 0.17687608455211387 -0.56659265278409809 -0.60561673130431404 -0.00099480028337994983 0.0010436389953913947
decision_type=2 2 2 2 2 2 2 2 2
left_child=4 2 -2 -4 5 -1 -7 -3 -9
right_child=1 7 3 -5 -6 6 -8 8 -10
leaf_value=0.03776685505095511 -0.02802509937764041 0.048812676363051567 -0.02421867850955637 0.039917061305569448 -0.030368074512559375 -0.016614809351401378 8.5080308227193706e-05 0.04247015471527784 0.041049640394088545
leaf_weight=1.8846801631152619 1.9024310754612068 0.51659527327865395 1.8100442849099634 3.4436285216361284 2.6019313540309659 8.9351991284638626 372.27610289491713 0.9268275788053868 0.7333142152056098
leaf_count=12 25 9 19 89 16 51 2942 25 37
internal_value=2.62449e-05 0.0144638 0.00563251 0.0178204 -0.000323104 -0.000119043 -0.000306348 0.0434968 0.0418427
internal_weight=395.031 9.33284 7.1561 5.25367 385.698 383.096 381.211 2.17674 1.66014
internal_count=3225 204 133 108 3021 3005 2993 71 62
is_linear=0
shrinkage=0.04


Tree=245
num_leaves=12
num_cat=0
split_feature=12 27 56 59 56 51 23 39 12 12 21
split_gain=1.199 4.264 4.1391 11.5442 4.85655 3.4621 8.66686 3.7268 3.21347 2.95437 1.18603
threshold=0.00049481569421120015 3.4571970830791603 -0.018607765436501753 0.15557972597699585 -0.025194559625144938 0.011667581159461324 0.687088807649893 -0.047257690887864648 0.00045647474401580009 0.00043709814065000008 -0.00019250286598739997
decision_type=2 2 2 2 2 2 2 2 2 2 2
left_child=2 5 3 4 -1 7 -7 -2 9 -4 -10
right_child=1 -3 8 -5 -6 6 -8 -9 10 -11 -12
leaf_value=0.02827637228394865 0.050134785382809403 -0.052761337726666267 0.002150311743906745 -0.08993926823209121 -0.030599439251345208 -0.091055402813054367 -0.0021395083870562538 -0.0013182718782104958 0.0088662369227665988 -0.038531901524872077 0.049700945110318549
leaf_weight=4.8160875309258691 2.3124555349349967 2.7615183833986512 274.46972256549634 2.9807559708133331 4.1936374441720536 2.4027886129915697 6.4955743015743792 86.6354043581523 1.8127311849966643 2.8861452285200349 3.0576082086190572
leaf_count=60 21 24 2186 25 41 17 72 705 15 25 34
internal_value=2.56728e-05 -0.00374385 0.00131467 -0.0217029 0.000872227 -0.00236043 -0.0261491 1.93984e-05 0.00229258 0.00172698 0.0345023
internal_weight=394.824 100.608 294.217 11.9905 9.00972 97.8462 8.89836 88.9479 282.226 277.356 4.87034
internal_count=3225 839 2386 126 101 815 89 726 2260 2211 49
is_linear=0
shrinkage=0.04


Tree=246
num_leaves=12
num_cat=0
split_feature=24 22 22 42 43 10 20 54 43 41 23
split_gain=1.18818 2.50888 3.30391 3.09032 2.29552 5.44254 5.4406 5.30435 3.92535 3.71562 3.35621
threshold=1.0000000180025095e-35 0.2889630694055631 0.19081376125841423 0.00077936112053391857 0.07470438062478206 0.00064724701468250011 0.0026710603291134004 0.15465329173413123 0.095590422217279633 -2.0825028185574481e-05 0.089733858215261114
decision_type=2 2 2 2 2 2 2 2 2 2 2
left_child=1 2 3 -1 5 7 -7 -2 9 -6 -10
right_child=4 -3 -4 -5 8 6 -8 -9 10 -11 -12
leaf_value=0.0092760195025819586 0.025247118675989336 0.027122250224193702 -0.038592268168527635 -0.014971051026915146 0.017580962934269768 0.0054745924790635357 -0.056110420497352542 -0.022458980798765907 0.0085519105728223046 -0.030284883185084804 -0.0016427161505746938
leaf_weight=14.761044673621653 25.745456137694422 3.3231536671519271 5.2570567354559889 19.547392595559359 3.3012136286124596 6.7634041924029571 3.4741424131207168 4.3607350187376133 66.697548578958958 12.125529949553307 229.30187789094634
leaf_count=90 228 19 30 128 26 54 25 30 552 81 1962
internal_value=2.58766e-05 -0.00625974 -0.00906353 -0.00453886 0.000792234 0.00976985 -0.0154245 0.0183371 -0.000370772 -0.0200419 0.000654439
internal_weight=394.659 42.8886 39.5655 34.3084 351.77 40.3437 10.2375 30.1062 311.426 15.4267 295.999
internal_count=3225 267 248 218 2958 337 79 258 2621 107 2514
is_linear=0
shrinkage=0.04


Tree=247
num_leaves=13
num_cat=0
split_feature=61 9 3 45 54 48 45 61 57 48 15 15
split_gain=1.22868 4.01398 4.23158 4.7715 3.24702 5.9214 4.55285 2.73953 2.6056 3.67267 2.73721 2.41955
threshold=0.5781625713326991 0.0010060976169775453 0.0079061751261638516 0.75823242968156601 -0.052775199777954411 -0.31106827686230248 0.57143187318918442 0.57463198900896928 -0.27440844889763716 0.17132040421765157 0.00089898123642195014 -0.00068174694606639981
decision_type=2 2 2 2 2 2 2 2 2 2 2 2
left_child=7 4 11 -4 6 -6 -2 8 10 -10 -1 -3
right_child=1 2 3 -5 5 -7 -8 -9 9 -11 -12 -13
leaf_value=0.0021372057320804233 0.012310541355716577 0.012578424967901647 0.01617902135508972 -0.032953817815113515 -0.013062264568438588 0.043318159068764975 -0.053666516235495926 -0.032314099090015987 -0.00061675330054797902 -0.043944360059505777 0.048819546853227556 0.039528326663096566
leaf_weight=4.7903029678855074 2.6216661967337158 11.655223297886549 7.7155275098048133 5.3591656140051782 10.515461041592062 4.1594360321760151 4.626954659819603 4.3805975168943396 322.01036698487587 3.1609264933504155 3.4621081638615578 9.8218995928764361
leaf_count=51 31 115 84 44 84 50 30 24 2488 23 75 126
internal_value=2.54966e-05 0.0054866 0.0139811 -0.00395996 -0.00790088 0.00291814 -0.0298041 -0.000887509 -0.00047462 -0.00103793 0.0217217 0.0249031
internal_weight=394.28 56.4753 34.5518 13.0747 21.9235 14.6749 7.24862 337.804 333.424 325.171 8.25241 21.4771
internal_count=3225 564 369 128 195 134 61 2661 2637 2511 126 241
is_linear=0
shrinkage=0.04


Tree=248
num_leaves=12
num_cat=0
split_feature=61 48 15 22 57 32 59 38 3 31 55
split_gain=1.19459 1.25391 4.32008 2.96976 2.66474 2.0556 1.81787 1.03635 0.952661 0.000318447 0.00035147
threshold=0.68677874019744611 0.17812695005935711 0.0018715037267343002 0.047270242405207608 -0.27661285567976807 -0.48571834240275574 -0.15954172881224135 1.5087082751920728 0.0022256841070011006 -1.6108401091378044 -0.38066622390826538
decision_type=2 2 2 2 2 2 2 2 2 2 2
left_child=1 4 3 -3 5 -1 -6 -4 -2 -10 -11
right_child=8 2 7 -5 6 -7 -8 -9 9 10 -12
leaf_value=-0.001480954463383495 -0.0057690655243433494 0.0012738464346679099 0.053779563293372246 -0.066018980609356362 -0.018766887844076909 0.050289620226304461 0.00016066367327049701 -0.0010248609548565795 0.042798145364292078 0.042405242483184759 0.041076237897930135
leaf_weight=2.0874614543281496 1.0373995043337338 1.7035984601825465 1.1826559207402172 2.7321415157057345 8.3005576380528492 2.9774788576178244 370.80671769287437 1.0354044819250701 0.32780055422335852 0.4345400035381316 1.1911137783899901
leaf_count=18 13 20 22 30 63 37 2918 21 8 9 66
internal_value=2.5851e-05 -0.00016687 -0.0173828 -0.0401744 0.000131307 0.0289529 -0.000253755 0.0281965 0.0252094 0.0416608 0.0414315
internal_weight=393.817 390.826 6.6538 4.43574 384.172 5.06494 379.107 2.21806 2.99085 1.95345 1.62565
internal_count=3225 3129 93 50 3036 55 2981 43 96 83 75
is_linear=0
shrinkage=0.04


Tree=249
num_leaves=10
num_cat=0
split_feature=45 14 54 61 31 41 61 45 9
split_gain=1.15618 2.25824 2.17629 1.63211 5.26974 4.21092 2.52391 2.0649 1.50599
threshold=0.88255921969267404 0.0012745268931380503 0.11089677152459439 0.5781625713326991 0.69274868163781467 1.5808943653953621e-05 0.57463198900896928 0.54429374908342143 0.00099369310616821672
decision_type=2 2 2 2 2 2 2 2 2
left_child=3 2 -2 6 5 -5 7 -1 -6
right_child=1 -3 -4 4 8 -7 -8 -9 -10
leaf_value=-0.003723582900209646 0.033684555646296126 -0.041637217647218512 -0.023366591046404626 0.0094757616527040775 0.012622108384936862 -0.01718021257526596 -0.030768695563931223 0.0026343825118350754 0.046393322196429068
leaf_weight=152.20015510055237 1.9977373713627447 3.1033607488498092 2.3032160494476557 30.061653268989176 3.2838619295507652 13.851147989742456 4.4110649824142447 176.52032573218457 5.9242570754140615
leaf_count=1226 28 23 16 289 38 133 24 1368 80
internal_value=2.54418e-05 -0.0156315 0.00313293 0.00032558 0.00683698 0.00106783 -0.000712723 -0.000309405 0.0343496
internal_weight=393.657 7.40431 4.30095 386.252 53.1209 43.9128 333.132 328.72 9.20812
internal_count=3225 67 44 3158 540 422 2618 2594 118
is_linear=0
shrinkage=0.04


Tree=250
num_leaves=9
num_cat=0
split_feature=23 23 20 9 23 41 29 3
split_gain=1.14049 1.78297 6.1346 4.75611 4.02186 3.89163 2.8387 2.0495
threshold=-0.92696791131032874 -0.56146095689805786 0.0026635145791439508 0.0010220665717010989 -0.20744415326777457 -1.6375786292203522e-05 0.15824072435364067 0.0038916568991869504
decision_type=2 2 2 2 2 2 2 2
left_child=-1 2 3 -2 5 -3 -6 -4
right_child=1 4 7 -5 6 -7 -8 -9
leaf_value=0.027222709985437674 -0.016390515451764256 0.031545775552692501 -0.065236022118824177 0.023550810546882201 -0.010465903256279612 0.0040857089716872788 0.00059395635454445725 -0.021371120031912452
leaf_weight=2.4515602961182585 10.787978726439183 12.17813696246594 3.3397252163849762 8.5511365383863431 42.707835421198979 25.649126281030476 284.37348724738695 3.4801760083064437
leaf_count=13 76 113 18 65 349 223 2345 23
internal_value=2.52876e-05 -0.00014521 -0.0102328 0.00127026 0.000577934 0.0129262 -0.000850157 -0.0428519
internal_weight=393.519 391.068 26.159 19.3391 364.909 37.8273 327.081 6.8199
internal_count=3225 3212 182 141 3030 336 2694 41
is_linear=0
shrinkage=0.04


Tree=251
num_leaves=15
num_cat=0
split_feature=23 23 61 13 8 20 21 23 57 31 38 41 49 49
split_gain=1.15718 4.34374 4.86432 6.95652 3.31086 9.95607 8.99536 3.28833 10.702 6.83767 6.22748 5.47564 7.91772 5.42185
threshold=4.6904103569508111 5.8443354980477391 0.45682435605034194 -8.724463837145652e-05 -0.00019402050759709995 0.0026225106046881001 0.00099336455673635022 0.65784940729068409 0.31908589602487453 0.77205449217877742 -0.041110779445840316 -1.6375786292203522e-05 0.31258168319770802 0.39893828175459628
decision_type=2 2 2 2 2 2 2 2 2 2 2 2 2 2
left_child=7 2 -2 -4 5 -3 -6 11 10 -10 -9 12 -1 -13
right_child=1 4 3 -5 6 -7 -8 8 9 -11 -12 13 -14 -15
leaf_value=-0.01178652980636379 0.041265144122857499 -0.05831855164248153 0.035019491931087589 -0.019945805750410037 0.027413551921969242 -0.0015499980517510161 -0.0067549282254511164 -0.052947919768865884 -0.030258829998145127 0.0028024741849569552 0.0078911781845653669 -0.0080915833220190896 0.018048008729547548 0.033580602726976196
leaf_weight=19.400254189968109 9.2020180863328296 5.4077636180445543 6.5914074620231977 8.3526901137083751 20.932308616116643 57.516817592550069 29.990319134201854 2.833807402290403 34.694118585437536 14.067204482853411 53.774705392308533 71.779767154948786 53.430286914110184 5.3691178648732594
leaf_count=126 157 31 50 53 222 446 270 22 229 96 538 551 381 53
internal_value=2.4731e-05 0.00297603 0.0183859 0.00429779 -0.000292299 -0.00642871 0.0072904 -0.00157018 -0.00698567 -0.0207209 0.00484559 0.00223454 0.0101008 -0.00519144
internal_weight=393.343 137.993 24.1461 14.9441 113.847 62.9246 50.9226 255.349 105.37 48.7613 56.6085 149.979 72.8305 77.1489
internal_count=3225 1229 260 103 969 477 492 1996 885 325 560 1111 507 604
is_linear=0
shrinkage=0.04


Tree=252
num_leaves=12
num_cat=0
split_feature=24 22 22 42 43 10 20 54 43 20 23
split_gain=1.19549 2.33013 3.13326 2.7673 2.16626 5.08053 4.95504 4.88988 3.62533 6.60996 3.95542
threshold=1.0000000180025095e-35 0.2889630694055631 0.19081376125841423 0.00077936112053391857 0.07470438062478206 0.00064724701468250011 0.0026710603291134004 0.15465329173413123 0.14820701808884756 0.0026864845647027002 -0.089187326028295086
decision_type=2 2 2 2 2 2 2 2 2 2 2
left_child=1 2 3 -1 5 7 -7 -2 9 -6 -10
right_child=4 -3 -4 -5 8 6 -8 -9 10 -11 -12
leaf_value=0.0084964855806641884 0.024655832255794305 0.026158473054238005 -0.037898992564004245 -0.014473027355880597 -0.017749502638093943 0.0053477936087160654 -0.053358425457542075 -0.021290087450772575 0.012918496565170696 0.023648166899687843 -0.00063567757970567536
leaf_weight=14.734509490430353 25.353524146601561 3.2694125473499289 5.2041814178228369 19.496519610285759 37.206950768828392 6.7141081402078253 3.4993036547675729 4.3406785344704977 40.681145017500967 7.398243279894813 224.83654642081819
leaf_count=90 228 19 30 128 265 54 25 30 359 75 1922
internal_value=2.638e-05 -0.00629188 -0.00898221 -0.00458596 0.000797224 0.00956928 -0.014766 0.0179395 -0.000331592 -0.0108833 0.00144102
internal_weight=392.735 42.7046 39.4352 34.231 350.03 39.9076 10.2134 29.6942 310.123 44.6052 265.518
internal_count=3225 267 248 218 2958 337 79 258 2621 340 2281
is_linear=0
shrinkage=0.04


Tree=253
num_leaves=10
num_cat=0
split_feature=61 43 0 52 56 59 52 46 20
split_gain=1.16328 1.44053 1.59956 2.25572 1.29887 1.49547 2.24006 0.0142491 0.000435843
threshold=0.64726851137425301 0.27355081231562756 29.969820150680246 0.22349997462526308 0.17687608455211387 0.58801033406085212 -0.60561673130431404 -0.16815654947970368 0.0026403498609919502
decision_type=2 2 2 2 2 2 2 2 2
left_child=4 2 -2 -4 5 6 -1 -3 -9
right_child=1 7 3 -5 -6 -7 -8 8 -10
leaf_value=-0.022413764285321876 -0.025751498322206183 0.049213599156951532 0.0311170726005702 -0.034399356371558824 -0.028738269150061405 0.026445829744225002 7.6626080198778805e-05 0.04238138514234277 0.04101821006713683
leaf_weight=7.2240418903529635 1.9027762329205851 0.5250979466363791 3.9821985410526395 1.0658813938498495 2.5540093798190346 3.3611495830118647 370.16011079424061 0.64308730280026771 0.90111721819266677
leaf_count=43 25 7 102 6 16 19 2943 17 47
internal_value=2.6114e-05 0.0142246 0.00550283 0.0172835 -0.000308019 -0.000117311 -0.000353894 0.0435215 0.0415859
internal_weight=392.319 9.02016 6.95086 5.04808 383.299 380.745 377.384 2.0693 1.5442
internal_count=3225 204 133 108 3021 3005 2986 71 64
is_linear=0
shrinkage=0.04


Tree=254
num_leaves=14
num_cat=0
split_feature=61 56 53 9 56 10 43 61 25 43 0 15 1
split_gain=1.14168 4.25289 10.3633 4.76099 4.40048 3.91751 3.78823 3.71247 8.22964 7.79687 7.31516 6.23486 6.59427
threshold=0.53815534957436173 0.032000603869531345 -0.0029150297866531575 0.0010423901628477531 0.03624935765493744 -0.0013222715198506999 0.16934858418259399 0.49906527478722357 0.50000000000000011 0.72491569293455538 29.641548144820451 -0.0034123561843367998 53.512109236162367
decision_type=2 2 2 2 2 2 2 2 2 2 2 2 2
left_child=7 2 5 -4 -3 -2 -6 8 9 -1 -10 -9 -13
right_child=1 4 3 -5 6 -7 -8 11 10 -11 -12 12 -14
leaf_value=0.019801308620913671 -0.02102141371047847 -0.042712868767942926 -0.025915478058558171 0.0092464722639773577 -0.017013445655271329 0.033891515163162106 0.0067441768987632628 -0.04467877623302198 0.021864467061673155 -0.020254370340943226 -0.006474852005889418 -0.0012780525531009002 -0.048207935511487561
leaf_weight=51.646421696292236 2.2732581002637771 4.3781183809041968 11.304419225081803 13.54225463606417 15.802279660478233 24.280508609022945 33.512851644307375 7.1752271652221671 16.24885810026899 9.1531943776644749 141.34887464251369 56.235699646174908 5.2366748899221411
leaf_count=609 15 28 88 104 123 238 232 34 145 104 1222 259 24
internal_value=2.54258e-05 0.0035924 0.0118165 -0.00675106 -0.00428055 0.0291904 -0.00086859 -0.00128052 0.00126986 0.013771 -0.00355297 -0.00939438 -0.00527589
internal_weight=392.139 105.094 51.4004 24.8467 53.6932 26.5538 49.3151 287.045 218.397 60.7996 157.598 68.6476 61.4724
internal_count=3225 828 445 192 383 253 355 2397 2080 713 1367 317 283
is_linear=0
shrinkage=0.04


Tree=255
num_leaves=14
num_cat=0
split_feature=24 6 13 42 56 61 61 56 18 6 9 13 36
split_gain=1.23923 2.32467 3.17139 3.44353 2.70734 2.16429 3.96918 4.33104 3.10476 5.45445 5.18862 1.88546 0.925912
threshold=1.0000000180025095e-35 0.00082296618389955006 0.00050794972901885011 0.00086285199481781903 0.029210356442535612 0.54937409373594048 0.55900696919642978 0.032000603869531345 1.0000000180025095e-35 -0.0010886492314783997 0.00089953298603413269 -0.00061747887882869989 0.29407748803657496
decision_type=2 2 2 2 2 2 2 2 2 2 2 2 2
left_child=1 2 4 -4 -1 8 11 -8 9 -2 -10 -7 -3
right_child=5 12 3 -5 -6 6 7 -9 10 -11 -12 -13 -14
leaf_value=0.012619828942535412 0.024132034583361758 0.00335478844572684 -0.010142564284950551 -0.061530224433581353 -0.012941747310359035 0.0091262989515224595 0.013832794597602513 -0.0066318020097776544 0.037868392476459387 0.0002740502564042499 -0.0070581368763876677 0.046474117221147242 0.036931905834068142
leaf_weight=10.486407708376648 17.343815371394157 2.9516336452215901 5.08588934317231 3.5377898942679167 18.025469735264778 3.5815299600362778 32.532818120671436 33.672803880646825 4.2592095842119297 132.1894399500452 119.87736664060503 5.4596247375011426 2.3683954328298569
leaf_count=63 121 24 32 23 107 20 349 277 57 939 1162 33 18
internal_value=2.61504e-05 -0.00642643 -0.00996913 -0.0312239 -0.00354043 0.00081129 0.00681924 0.00342431 -0.000840624 0.00304125 -0.00551668 0.0316793 0.0183028
internal_weight=391.372 42.4556 37.1356 8.62368 28.5119 348.917 75.2468 66.2056 273.67 149.533 124.137 9.04115 5.32003
internal_count=3225 267 225 55 170 2958 679 626 2279 1060 1219 53 42
is_linear=0
shrinkage=0.04


Tree=256
num_leaves=13
num_cat=0
split_feature=24 54 61 43 30 43 10 49 20 43 20 23
split_gain=1.14608 2.30454 3.39474 5.82265 5.52131 2.05176 4.70579 4.4905 4.47514 3.27558 6.00848 3.62348
threshold=1.0000000180025095e-35 0.12714398195792895 0.50030476002223578 0.38625547617713735 -0.9392950350189363 0.07470438062478206 0.00064724701468250011 0.31258168319770802 0.0026710603291134004 0.14820701808884756 0.0026864845647027002 -0.089187326028295086
decision_type=2 2 2 2 2 2 2 2 2 2 2 2
left_child=1 2 3 -1 -4 6 7 -2 -8 10 -7 -11
right_child=5 -3 4 -5 -6 9 8 -9 -10 11 -12 -13
leaf_value=0.021029365156133482 -0.0038596727065807824 0.02239837099042323 -0.0030316510754801957 -0.022529622630494843 -0.047628007207818179 -0.01683088105119316 0.0052250884224404118 0.02893221900965514 -0.050398347440996229 0.012419462320878726 0.022906255192874005 -0.00061162602294289096
leaf_weight=11.326934654265644 10.267566020134838 4.0768166482448569 10.603473603725435 8.6670859679579717 7.6439179331064215 37.314082506112754 6.6882893219590169 19.131329068448395 3.5387010499835014 40.273339454550296 7.2752920624334356 224.24430175125599
leaf_count=91 93 20 58 48 50 265 54 165 25 359 75 1922
internal_value=2.59825e-05 -0.00619035 -0.00923811 0.00214725 -0.0217133 0.000780325 0.00934956 0.0174796 -0.0140215 -0.000318206 -0.0103473 0.00137238
internal_weight=391.051 42.3182 38.2414 19.994 18.2474 348.733 39.6259 29.3989 10.227 309.107 44.5894 264.518
internal_count=3225 267 247 139 108 2958 337 258 79 2621 340 2281
is_linear=0
shrinkage=0.04


Tree=257
num_leaves=13
num_cat=0
split_feature=41 41 8 2 38 41 49 14 46 0 41 32
split_gain=1.15699 4.57416 5.7422 5.16734 3.09613 2.92909 5.34422 3.47788 3.43825 3.49404 2.88983 2.69041
threshold=-0.00020041249571827176 -0.0001735930448137838 -0.0016535799692202499 0.23798151204825663 2.771820793773133 -0.0002957997735342369 0.37976486746151911 0.00047200167191815008 -0.17026697112312172 19.792521569288848 -0.00013878404365247709 -0.16190884924302598
decision_type=2 2 2 2 2 2 2 2 2 2 2 2
left_child=5 2 3 -2 10 8 7 -7 -1 -10 -3 -8
right_child=1 4 -4 -5 -6 6 11 -9 9 -11 -12 -13
leaf_value=-0.039011424830026183 -0.034244013324885733 0.016531663748359519 -0.077188588875560682 0.031847033756403825 -0.031777295188997245 0.034101096040714249 -0.047432710790102126 -0.010979005908835276 0.051114329825187647 -0.0068991356604313969 -0.00029191948881572577 0.0071204763133342073
leaf_weight=4.0239903032779685 5.0708510503172857 17.217955844476819 2.6737796552479258 3.0200861310586333 4.8021411178633562 14.890773570165043 2.7015066146850586 3.3551590703427783 2.0645144656300536 8.5002714945003373 319.05958223203197 3.1133964359760276
leaf_count=24 34 126 18 26 38 117 19 20 17 76 2684 26
internal_value=2.5446e-05 -0.000696183 -0.0263686 -0.00957436 0.000114057 0.00659475 0.0151692 0.0258115 -0.00754689 0.00443755 0.000569475 -0.018224
internal_weight=390.494 351.844 10.7647 8.09094 341.08 38.6496 24.0608 18.2459 14.5888 10.5648 336.278 5.8149
internal_count=3225 2926 78 60 2848 299 182 137 117 93 2810 45
is_linear=0
shrinkage=0.04


Tree=258
num_leaves=14
num_cat=0
split_feature=23 23 61 13 46 7 8 42 0 24 0 23 49
split_gain=1.14134 4.14271 4.66555 6.45922 3.72134 3.69294 3.37109 3.09202 3.05996 6.79632 4.4094 2.62675 0.901015
threshold=4.6904103569508111 5.8443354980477391 0.45682435605034194 -8.724463837145652e-05 -0.17848453299671749 -0.0027708497936276499 -0.00019402050759709995 0.001185958331934468 66.273259184292201 0.12499999999979165 62.336598807969466 4.1623739335079701 0.12248549584017325
decision_type=2 2 2 2 2 2 2 2 2 2 2 2 2
left_child=7 2 12 -4 5 -3 -6 8 10 -10 -1 -9 -2
right_child=1 4 3 -5 6 -7 -8 11 9 -11 -12 -13 -14
leaf_value=-0.0010002382102359529 0.0054045667206467597 -0.011071002490526097 0.034432931493089618 -0.018803795429564819 -0.0092006700320059302 0.038314441530218998 0.0053840766713575518 -0.061693414833921649 0.025611906740881971 -0.011555365038691324 -0.022369847528484966 -0.0041484526722036586 0.04556224232538441
leaf_weight=198.87806686130352 1.0078799345064924 3.6223442777991295 6.4657276198267928 8.363070725463329 55.932652834337205 7.3151010535657388 46.385013935388997 2.4986505722627035 19.341954380273819 13.274026705650611 16.750423971097916 2.5793532552197576 7.9086182969622314
leaf_count=1474 27 19 50 53 434 51 465 19 209 125 143 26 130
internal_value=2.55411e-05 0.00296679 0.0181576 0.00440875 -0.000218148 0.0219586 -0.00258877 -0.00156513 -0.000933079 0.0104856 -0.00266027 -0.0324637 0.041023
internal_weight=390.323 137 23.7453 14.8288 113.255 10.9374 102.318 253.322 248.244 32.616 215.628 5.078 8.9165
internal_count=3225 1229 260 103 969 70 899 1996 1951 334 1617 45 157
is_linear=0
shrinkage=0.04


Tree=259
num_leaves=13
num_cat=0
split_feature=61 3 0 32 19 8 25 22 56 1 41 22
split_gain=1.13558 4.2149 3.43431 3.68123 2.67773 2.25906 4.58245 6.53658 4.87037 4.46225 3.42602 2.58116
threshold=0.38390433719255823 0.0020663558340893004 43.094463361827167 0.32959322516005157 1.8880489035414925 -0.0019863840267278494 0.75000000000000011 -1.0781699066580572 0.025076517733260185 -29.587354366994983 -8.5478256769129962e-05 1.3728724401350079
decision_type=2 2 2 2 2 2 2 2 2 2 2 2
left_child=1 -1 3 -3 -4 6 8 -8 -2 10 -7 -11
right_child=5 2 4 -5 -6 9 7 -9 -10 11 -12 -13
leaf_value=-0.074911576119489551 0.013665307943517153 -0.012939716710700105 0.025750781543736632 0.045174527701984671 -0.0059463065600791057 -0.045729164684744673 -0.0010258647613585691 0.030983849882282224 -0.013814477288421355 -0.0031156800092421223 0.0042884105710028729 0.0086663495913748799
leaf_weight=0.99603090155869622 16.139091071905568 14.170976344263183 17.848530928837139 1.9887567125260819 5.6029230821877709 6.5419136136770248 20.878694167360663 19.970342284999788 28.617717936635017 219.44980510091409 3.2945773196406645 34.416304925456643
leaf_count=5 109 221 487 28 104 34 123 117 171 1521 29 276
internal_value=2.61652e-05 0.00635738 0.0084009 -0.00578767 0.0181778 -0.00070984 0.00493595 0.0146231 -0.0039054 -0.00254263 -0.0289766 -0.00151841
internal_weight=389.916 40.6072 39.6112 16.1597 23.4515 349.308 85.6058 40.849 44.7568 263.703 9.83649 253.866
internal_count=3225 845 840 249 591 2380 520 240 280 1860 63 1797
is_linear=0
shrinkage=0.04


Tree=260
num_leaves=12
num_cat=0
split_feature=61 24 61 20 3 1 43 45 43 10 9
split_gain=1.13524 1.42157 3.09836 3.05294 2.10057 2.35228 1.35502 1.51931 1.46526 0.0112315 0.000409552
threshold=0.64726851137425301 0.22499999999962497 0.50173165770626571 0.0026632098798351502 0.016541578498748304 63.802373916205404 0.27355081231562756 0.56443586576377525 0.23010944934546304 -0.00099480028337994983 0.0010436389953913947
decision_type=2 2 2 2 2 2 2 2 2 2 2
left_child=1 4 -3 -4 5 -1 7 -2 -9 -8 -11
right_child=6 2 3 -5 -6 -7 9 8 -10 10 -12
leaf_value=-0.00017563088369592129 0.042996649645463292 0.014319966063750805 -0.054894022111891816 -0.008778306703381018 -0.035353520102973206 0.01709041828117468 0.048748097770868755 0.0081584508172927572 -0.039761666555067555 0.042276660634034527 0.040941708909928966
leaf_weight=350.07762272574473 1.4002754455432276 4.7106573432683936 3.5404549166560155 6.5392892621457577 2.6413425751961759 13.097088583279399 0.47658620867878188 4.1315345005132258 1.3560201432555912 0.84763190336525418 0.64942386746406555
leaf_count=2754 34 33 18 36 32 148 9 77 22 25 37
internal_value=2.65105e-05 -0.00030301 -0.0124606 -0.0249762 0.000188536 0.000447031 0.0141797 0.00580683 -0.00368301 0.0434001 0.0416976
internal_weight=389.468 380.606 14.7904 10.0797 365.816 363.175 8.86147 6.88783 5.48755 1.97364 1.49706
internal_count=3225 3021 87 54 2934 2902 204 133 99 71 62
is_linear=0
shrinkage=0.04


Tree=261
num_leaves=12
num_cat=0
split_feature=41 41 32 32 51 45 29 22 43 22 51
split_gain=1.14705 4.10743 4.66976 6.24414 2.74356 2.66264 3.41591 2.61805 6.38021 3.96781 1.6626
threshold=-0.00020041249571827176 -0.0001735930448137838 -0.47609604779566356 0.11749747101409133 -0.027956885363635015 0.7319330843355536 3.380221082193855 -1.3461775413290755 0.13721529830877643 -0.85901778462876577 -0.017589929316178716
decision_type=2 2 2 2 2 2 2 2 2 2 2
left_child=4 2 -2 -4 5 6 -1 8 -3 -9 -6
right_child=1 7 3 -5 10 -7 -8 9 -10 -11 -12
leaf_value=0.020973119783025584 0.016216295472747701 0.02109891225093926 -0.085847726738192701 -0.012139387186572998 0.056420304078286299 -0.023804214290548509 -0.0069390447551558477 0.027521554918198441 -0.018559384553532291 0.00051768930056977295 0.010701312177324347
leaf_weight=14.30966146476567 3.1198648596182466 8.3196465503424388 3.0811801236122829 4.5609920839779079 2.5876638516783714 5.2269353540614238 13.761776725761591 8.9723710252437723 29.523961060214788 293.25497865048237 2.5043663089163593
leaf_count=107 28 61 18 32 15 38 101 118 241 2428 38
internal_value=2.5817e-05 -0.000692494 -0.025022 -0.0418572 0.00659015 0.00240857 0.00728943 7.74471e-05 -0.00984079 0.00131937 0.0339348
internal_weight=389.223 350.833 10.762 7.64217 38.3904 33.2984 28.0714 340.071 37.8436 302.227 5.09203
internal_count=3225 2926 78 50 299 246 208 2848 302 2546 53
is_linear=0
shrinkage=0.04


Tree=262
num_leaves=13
num_cat=0
split_feature=9 39 31 20 48 15 61 61 61 3 22 0
split_gain=1.0953 5.93549 4.94243 4.06925 3.33197 3.98688 3.19758 2.60469 3.24231 3.12109 2.37753 1.96741
threshold=0.0012974734391334288 0.068648284182881644 -1.5156977205474853 0.0027268801170987002 -0.52201520080502084 0.005796200598863801 0.50030476002223578 0.37945512376971774 0.5196258450428608 0.0026536359869985503 0.07385906047780226 40.899818575868771
decision_type=2 2 2 2 2 2 2 2 2 2 2 2
left_child=3 10 -3 7 -5 -6 -4 9 -9 -1 11 -2
right_child=1 2 6 4 5 -7 -8 8 -10 -11 -12 -13
leaf_value=-0.02916715896267761 -0.043598181272008291 -0.043101161967709828 0.015922747626631852 -0.023006579822888069 0.027081987546304961 -0.01738508483841501 -0.01169053397293766 -0.0048092932152394444 0.0038811530539488628 0.016537621830258139 -0.062962335342109904 0.012233205695536107
leaf_weight=2.6706840270198908 2.1759516494348636 3.6167556308209887 19.499604991171513 3.2113936804235008 21.102838834747676 3.8082734416238955 10.229755231179295 185.4581154147163 109.09616368846036 22.793255650205538 3.4179181074723601 1.8843911397270856
leaf_count=50 18 22 233 29 176 27 82 1219 765 551 26 27
internal_value=2.55988e-05 -0.00617293 0.00104989 0.000752463 0.0153406 0.0202841 0.00642113 -0.000529512 -0.00159055 0.0117441 -0.03838 -0.017687
internal_weight=388.965 40.8244 33.3461 348.141 28.1225 24.9111 29.7294 320.018 294.554 25.4639 7.47826 4.06034
internal_count=3225 408 337 2817 232 203 315 2585 1984 601 71 45
is_linear=0
shrinkage=0.04


Tree=263
num_leaves=12
num_cat=0
split_feature=42 48 42 42 61 8 30 61 53 42 43
split_gain=1.12489 2.23256 1.52909 5.31621 3.82123 2.3582 2.19547 1.94779 1.37976 1.17741 0.0326749
threshold=0.0014719812032598944 -0.22775893336516342 0.0012145427598370295 0.0012546533795500395 0.50173165770626571 0.0055319323381411512 2.0221627932604567 0.51799280432713746 -0.033728764416477992 0.0018291155595185308 0.29519069275070003
decision_type=2 2 2 2 2 2 2 2 2 2 2
left_child=2 -2 5 10 -5 6 -1 -7 -3 -10 -4
right_child=1 8 3 4 -6 7 -8 -9 9 -11 -12
leaf_value=-0.00043822964483487852 -0.053953107937048821 -0.040125390751258448 0.052754935258793073 0.013543477297453159 -0.017924996285865386 0.049626039239485983 -0.026530647771916702 -0.0048957628130584996 0.035806942917373998 -0.015968137076237912 0.045907826519054007
leaf_weight=342.13359985186253 1.8342493046075103 1.0323674511164425 2.0897198636084822 16.834457912715155 9.7498404411599022 2.7138360752724102 5.2386282039806238 1.7083328878507016 1.65215902775526 1.2229410335421562 2.3910041018389165
leaf_count=2740 18 8 18 180 60 48 46 19 49 9 30
internal_value=2.54225e-05 -0.0175482 0.000288973 0.00879575 0.00200236 -0.000462213 -0.000831722 0.0285637 -0.000458986 0.0137841 0.0491012
internal_weight=388.601 5.74172 382.859 31.065 26.5843 351.794 347.372 4.42217 3.90747 2.8751 4.48072
internal_count=3225 84 3141 288 240 2853 2786 67 66 58 48
is_linear=0
shrinkage=0.04


Tree=264
num_leaves=11
num_cat=0
split_feature=51 43 53 1 1 47 43 30 13 43
split_gain=1.09739 4.02616 2.89121 2.17245 2.57393 5.2078 2.14255 2.1368 1.76396 0.0314227
threshold=0.037361479344635219 0.48601962117467029 -0.019242575198912853 94.118587946977655 63.802373916205404 -0.3847588003685995 0.64613041114187875 2.0221627932604567 -0.00021698063641214998 0.31715286314689933
decision_type=2 2 2 2 2 2 2 2 2 2
left_child=3 2 -2 4 7 -6 -3 -1 -5 -4
right_child=1 6 9 8 5 -7 -8 -9 -10 -11
leaf_value=-0.00035492638412774836 -0.0021161344196620555 -0.040760087344890165 0.048753673560712293 -0.075277050498034334 -0.010325179805146171 0.040144294516542937 0.0094536176556870369 -0.026917131134054788 -0.011977283800901238 0.055576411775013178
leaf_weight=354.67486832942814 2.5003079511225224 2.5359848029911518 2.3888856349512917 1.0671810219064357 5.9836577316746116 7.216599644161759 2.9308804390020669 4.9128213794901958 2.0719151301309457 1.9713272312656043
leaf_count=2896 19 16 31 10 41 94 26 41 35 16
internal_value=2.50506e-05 0.0117686 0.0321747 -0.000360043 -8.101e-05 0.0172666 -0.0138397 -0.000717829 -0.033497 0.0518384
internal_weight=388.254 12.3274 6.86052 375.927 372.788 13.2003 5.46687 359.588 3.1391 4.36021
internal_count=3225 108 66 3117 3072 135 42 2937 45 47
is_linear=0
shrinkage=0.04


Tree=265
num_leaves=10
num_cat=0
split_feature=29 61 13 14 55 30 41 29 61
split_gain=1.09857 3.8658 1.75422 2.24549 2.73097 2.37067 0.83915 0.00610602 0.00336963
threshold=0.0061624001400801829 0.49734152876319354 0.0049524840112830006 0.0036601382074372504 0.43229928318169031 2.0221627932604567 1.8559315696868125e-05 0.0036603866503698537 0.4605642113812865
decision_type=2 2 2 2 2 2 2 2 2
left_child=1 7 3 5 -5 -2 -3 8 -1
right_child=2 6 -4 4 -6 -7 -8 -9 -10
leaf_value=0.042376146565510836 -0.00023538626062036855 0.0072676282644877147 -0.029887972319209734 0.030478065678693326 -0.019112954330606387 -0.03170982146424714 -0.023544180978189569 0.04728238245875941 0.045247483376838718
leaf_weight=1.3240892394678656 361.71672205347568 2.9752268586307764 3.1815525628626338 7.5314700170420092 2.3253512475639582 3.8698671367019406 2.6955546438694 1.1585212131030855 1.2920410856604574
leaf_count=40 2969 23 22 77 13 34 17 15 15
internal_value=2.48962e-05 0.0134994 -0.000311247 -6.061e-05 0.0187789 -0.000568555 -0.00737849 0.0448648 0.0437942
internal_weight=388.07 9.44543 378.625 375.443 9.85682 365.587 5.67078 3.77465 2.61613
internal_count=3225 110 3115 3093 90 3003 40 70 55
is_linear=0
shrinkage=0.04


Tree=266
num_leaves=11
num_cat=0
split_feature=42 15 61 61 6 48 43 60 42 56
split_gain=1.09144 3.24292 5.12217 4.36089 2.62052 1.63086 4.59921 2.42318 1.79905 1.38384
threshold=0.00057108179842576894 -0.0035100605242924993 0.51185960629536154 0.44744152260735798 0.00019005589818750003 0.17812695005935711 0.15559152693192826 -0.21648512159033653 0.00065313180398350005 -0.017069727969287098
decision_type=2 2 2 2 2 2 2 2 2 2
left_child=1 -1 3 -3 -4 7 -7 -2 -9 -8
right_child=5 2 4 -5 -6 6 9 8 -10 -11
leaf_value=-0.044332134267054138 0.03901270649039635 0.028310061104245762 0.05642734682716731 -0.027815085710223095 0.0073491300456750711 -0.055933835083304427 -0.011762128859393862 -0.0077115446982385528 0.00068679639086854146 0.049711484774575661
leaf_weight=1.6312876679003263 2.5130219291895619 3.6980109494179505 4.9111412586644283 5.5235020387917757 2.6964676100760698 2.9308699909597626 1.1619587468449029 46.88968318561092 314.80131958285347 1.1818432435393331
leaf_count=12 34 61 37 31 18 23 21 334 2620 34
internal_value=2.44284e-05 0.00951632 0.014736 -0.00530778 0.0390319 -0.000449819 -0.0225323 -0.000130003 -0.000401966 0.0192354
internal_weight=387.939 18.4604 16.8291 9.22151 7.60761 369.479 5.27467 364.204 361.691 2.3438
internal_count=3225 159 147 92 55 3066 78 2988 2954 55
is_linear=0
shrinkage=0.04


Tree=267
num_leaves=11
num_cat=0
split_feature=32 55 7 13 32 6 2 14 0 51
split_gain=1.08722 3.4916 2.09613 1.71159 4.5451 2.08897 3.91274 3.44394 1.7017 0.959682
threshold=1.4658151472124297 0.40564729223307233 0.0017941070148430002 0.0029266082039050502 0.75183595585902918 0.0012938337642366502 0.79779359541876638 0.0016094481521645003 62.063122840110275 -0.030889692403323624
decision_type=2 2 2 2 2 2 2 2 2 2
left_child=3 8 -3 5 -5 6 -1 -7 9 -2
right_child=1 2 -4 4 -6 7 -8 -9 -10 -11
leaf_value=0.0007572318489424577 -0.042234139257779295 0.051373137180959677 0.0039600931589733688 0.014578570619210075 -0.042074949709032625 0.053532472302022314 -0.012906162715556535 0.0060129042492155487 0.021382020200851466 -0.0052522683560061777
leaf_weight=303.12134665506892 2.1219404255971313 3.8143993988633156 2.450269116088748 4.0149319935590011 5.2005684645846486 2.7432518973946598 37.705142537131906 22.091124806553125 2.0378153943456709 2.3841794268228096
leaf_count=2447 15 34 19 34 32 26 362 204 27 25
internal_value=2.42478e-05 0.0114839 0.0328287 -0.000367301 -0.0173926 6.17767e-05 -0.00075433 0.011262 -0.00894998 -0.0226671
internal_weight=387.685 12.8086 6.26467 374.876 9.2155 365.661 340.826 24.8344 6.54394 4.50612
internal_count=3225 120 53 3105 66 3039 2809 230 67 40
is_linear=0
shrinkage=0.04


Tree=268
num_leaves=14
num_cat=0
split_feature=9 39 31 20 55 8 29 29 43 8 22 61 32
split_gain=1.0848 5.47798 4.50976 3.73191 3.38039 3.12763 4.44301 2.68207 2.5999 2.11641 2.10812 1.8983 1.85438
threshold=0.0012974734391334288 0.068648284182881644 -1.5156977205474853 0.0027268801170987002 0.41334618418612873 0.00064575554898725011 0.35887339405918844 0.0061624001400801829 0.99995255421197327 -0.00099871061540289974 0.07385906047780226 0.49906527478722357 -0.56705949111099041
decision_type=2 2 2 2 2 2 2 2 2 2 2 2 2
left_child=3 10 -3 7 -4 9 -7 11 -9 -5 12 -1 -2
right_child=1 2 4 5 -6 6 -8 8 -10 -11 -12 -13 -14
leaf_value=0.045157849022499086 -0.043225222623531637 -0.041127911555098803 0.018089677092790829 0.016350020074628144 -0.00925573073072373 -0.040167459181341014 0.01419337486676423 -0.0017051028725307638 0.018136165302572976 0.047864851575998339 -0.060628239469905684 0.0024030832172091199 0.011432538925438177
leaf_weight=3.4635897889966136 2.1252839751541619 3.6530672572553149 16.363410064717758 10.130256357602773 12.962862538173793 3.2610592334531239 9.1704258760437352 301.83840553998016 10.949979502707718 5.1391540430486229 3.3769629690796137 3.1935805603861809 1.8643870353698719
leaf_count=63 17 22 210 76 105 24 84 2398 103 48 26 21 28
internal_value=2.39692e-05 -0.00618415 0.000781853 0.000745488 0.0060024 0.0148293 -6.66993e-05 -0.0004758 -0.00101051 0.0269568 -0.0373699 0.0246475 -0.0176835
internal_weight=387.492 40.346 32.9793 347.146 29.3263 27.7009 12.4315 319.446 312.788 15.2694 7.36663 6.65717 3.98967
internal_count=3225 408 337 2817 315 232 108 2585 2501 124 71 84 45
is_linear=0
shrinkage=0.04


Tree=269
num_leaves=12
num_cat=0
split_feature=24 22 22 32 43 10 49 20 43 55 32
split_gain=1.06902 2.18312 2.76491 2.51464 1.97939 4.34206 4.24511 3.96652 3.0963 4.47573 3.24766
threshold=1.0000000180025095e-35 0.2889630694055631 0.19081376125841423 0.23782916627330872 0.07470438062478206 0.00064724701468250011 0.31258168319770802 0.0026710603291134004 0.095590422217279633 0.41004486427267722 1.4658151472124297
decision_type=2 2 2 2 2 2 2 2 2 2 2
left_child=1 2 3 -1 5 6 -2 -7 9 -6 -10
right_child=4 -3 -4 -5 8 7 -8 -9 10 -11 -12
leaf_value=0.005081005090407268 -0.0036562055106247938 0.025667060920031043 -0.036371191347011222 -0.017072955586403999 -0.035144248021109235 0.0049869470402665499 0.028415111638495825 -0.047489411045410004 -0.00012295103796078525 0.0092308765254483938 0.025505472836889562
leaf_weight=18.914141397923231 10.191769773606213 3.2079208120703688 5.0161537602543822 14.468732450157402 9.341832713223992 6.6233465992845577 18.756039037369192 3.5344870118424296 282.97504497843329 5.9548175702802828 8.1388116085436177
leaf_count=124 93 19 30 94 64 54 165 25 2430 43 84
internal_value=2.40058e-05 -0.00603329 -0.00868159 -0.00452092 0.000753423 0.00922811 0.0171236 -0.0132726 -0.000328159 -0.0178695 0.000593555
internal_weight=387.123 41.6069 38.399 33.3829 345.516 39.1056 28.9478 10.1578 306.411 15.2967 291.114
internal_count=3225 267 248 218 2958 337 258 79 2621 107 2514
is_linear=0
shrinkage=0.04


Tree=270
num_leaves=15
num_cat=0
split_feature=61 9 3 45 54 60 45 57 60 9 43 15 52 1
split_gain=1.0944 3.48423 3.89945 4.24458 3.03321 5.00175 3.91584 2.45131 3.92862 5.24418 2.83724 2.378 2.11905 0.23052
threshold=0.5781625713326991 0.0010060976169775453 0.0079061751261638516 0.75823242968156601 -0.052775199777954411 0.44701200952122749 0.57143187318918442 -0.27440844889763716 -0.13663739582874243 0.00098092831796688204 0.14510340881907097 -0.00068174694606639981 0.027270956939586397 8.2033691058895801
decision_type=2 2 2 2 2 2 2 2 2 2 2 2 2 2
left_child=7 4 11 -4 6 -6 -2 10 9 -9 -1 -3 -10 -12
right_child=1 2 3 -5 5 -7 -8 8 12 -11 13 -13 -14 -15
leaf_value=-0.0042062650996375775 0.011156038340352796 0.011758471318983457 0.015512235434207671 -0.031445828655423752 0.04199506504858351 -0.011290575215132121 -0.050916461047181248 -0.057054506336789892 -0.001176300802117519 -0.0031825719934224072 0.02437015510211921 0.039132124601583891 0.015560921502806789 0.048311486543618165
leaf_weight=3.7310106203658497 2.5300178267061737 11.196398531552402 7.3903878165874612 5.2804834023118019 3.8837313107214859 10.276287397369741 4.5513390358537436 4.6488943547010404 299.57677290844731 7.6466035638004541 0.79420230537652958 9.2914808732457477 12.612571232020853 3.3905363155063242
leaf_count=37 31 115 84 44 50 84 30 24 2359 64 7 126 88 82
internal_value=2.36739e-05 0.00528307 0.0133853 -0.00405716 -0.00736491 0.00332431 -0.0287393 -0.000837069 -0.00137358 -0.0235514 0.0211557 0.0241727 -0.00050011 0.0437678
internal_weight=386.801 54.4001 33.1588 12.6709 21.2414 14.16 7.08136 332.401 324.485 12.2955 7.91575 20.4879 312.189 4.18474
internal_count=3225 564 369 128 195 134 61 2661 2535 88 126 241 2447 89
is_linear=0
shrinkage=0.04


Tree=271
num_leaves=12
num_cat=0
split_feature=61 56 51 29 24 61 20 3 3 55 44
split_gain=1.09844 1.32133 1.54393 1.53356 1.24321 2.76453 2.86411 1.90823 2.0091 0.00156359 0.000207135
threshold=0.64726851137425301 0.090780083713647333 -0.095096063908189296 0.031314443189039122 0.22499999999962497 0.50173165770626571 0.0026632098798351502 0.016541578498748304 0.014026260482800002 0.39233948232853982 0.0184225439902467
decision_type=2 2 2 2 2 2 2 2 2 2 2
left_child=4 2 -2 -4 7 -6 -7 8 -1 -3 -11
right_child=1 9 3 -5 5 6 -8 -9 -10 10 -12
leaf_value=0.00011167869852487519 -0.036018005702171334 0.043993636321210693 -0.043682437987194317 0.02220135781440323 0.0137653121328777 -0.052784192580921589 -0.0078919246074215139 -0.033840108492090563 0.030331409102736521 0.042375225453207398 0.041272330744043309
leaf_weight=356.8141344281612 1.1758206645026801 0.86985353007912625 0.64010639488696863 4.8356284741312265 4.6499245613813391 3.4930525496602041 6.51484315097332 2.6216816753149024 3.55504645127803 0.46803818643093087 0.65203024074435234
leaf_count=2860 19 16 7 119 33 18 36 32 42 11 32
internal_value=2.39007e-05 0.0141246 0.00556943 0.0144996 -0.000298756 -0.0117197 -0.0235607 0.000162429 0.000409797 0.0427213 0.0417332
internal_weight=386.29 8.64148 6.65156 5.47573 377.649 14.6578 10.0079 362.991 360.369 1.98992 1.12007
internal_count=3225 204 145 126 3021 87 54 2934 2902 59 43
is_linear=0
shrinkage=0.04


Tree=272
num_leaves=13
num_cat=0
split_feature=2 19 18 22 3 21 33 10 0 42 22 61
split_gain=1.05918 4.13112 3.76848 6.72184 3.72947 3.59172 2.94123 2.58279 2.61247 2.49988 3.67681 2.07252
threshold=0.029207293319666702 -1.7670069272548174 1.0000000180025095e-35 -0.14547503245193813 0.0032239192190252502 -0.0036225407582481492 -0.021192269638646111 -0.0015861911032757998 41.473344117244928 0.00067155740649237202 0.2889630694055631 0.53200560870283375
decision_type=2 2 2 2 2 2 2 2 2 2 2 2
left_child=2 4 3 5 -2 -1 -6 -3 -9 -4 -11 -5
right_child=1 7 9 11 6 -7 -8 8 -10 10 -12 -13
leaf_value=0.011483400242843229 -0.030645321880245376 0.027448829841540703 -0.042530873367220411 0.048734135119697382 0.02787821306308683 -0.039992323273039435 -0.018085763093442956 -0.0068225475922958538 0.0012514842277380916 0.0049734770641073197 -0.04774577800123498 0.0060624408952402661
leaf_weight=3.849972728639842 2.3678920902311829 5.211461848113685 5.4914369303733137 5.0378215024247757 18.408561491873122 4.9666092488914737 2.5341090783476785 87.943595578544773 236.69098000205122 7.7993671642616373 2.9050787538290024 2.8521505407989025
leaf_count=34 18 39 36 35 147 25 16 673 2109 57 15 21
internal_value=2.32721e-05 0.000662782 -0.00684088 0.00648784 0.0169366 -0.0175142 0.0223165 -0.000487306 -0.000935773 -0.0205899 -0.009334 0.0333087
internal_weight=386.059 353.157 32.9024 16.7066 23.3106 8.81658 20.9427 329.846 324.635 16.1959 10.7044 7.88997
internal_count=3225 3002 223 115 181 59 163 2821 2782 108 72 56
is_linear=0
shrinkage=0.04


Tree=273
num_leaves=15
num_cat=0
split_feature=61 61 54 15 3 58 9 0 59 39 46 41 42 36
split_gain=1.05279 7.1995 6.05406 5.7243 9.75556 6.73011 6.64455 5.09371 4.52517 4.01832 3.57841 6.74647 2.94426 1.79842
threshold=0.5196258450428608 0.50173165770626571 0.16980572972960595 0.00016193552941830001 0.0076924840965386506 0.13526366238925455 0.0011889055398519963 29.641548144820451 0.2768959309917382 0.32303888584644896 -0.16414502101482978 -8.7028815559235049e-05 0.00092793693923225184 -1.0000000180025095e-35
decision_type=2 2 2 2 2 2 2 2 2 2 2 2 2 2
left_child=1 2 7 5 9 8 -7 -1 -2 -5 13 -12 -6 -3
right_child=3 10 -4 4 12 6 -8 -9 -10 -11 11 -13 -14 -15
leaf_value=0.020905615124546275 0.018670904394056838 -0.05956451038551238 0.052411346905311768 0.013239396480991917 0.021133828593200326 -0.036261537194357513 0.026476920795172922 -0.0016510739200346377 -0.0042049927393829718 0.041131525971399005 0.02635123388080772 -0.02435490044748161 -0.021124598880531725 -0.023009551201079562
leaf_weight=17.410483671817929 19.558378023793921 4.3767827674746513 3.6057441830635062 17.994726071599871 3.3494990477338424 14.945115206297489 3.2967675593681625 200.24796726542991 47.285406992770731 15.283081632107494 5.6805573701858547 16.089776262640953 12.418028711806981 4.2389127761125582
leaf_count=161 163 22 30 147 24 106 22 1915 302 114 25 75 98 21
internal_value=2.31578e-05 -0.00150239 0.00100484 0.00288532 0.0137693 -0.00338843 -0.0249231 0.000153234 0.00248846 0.0260491 -0.0197595 -0.0111241 -0.0121476 -0.0415795
internal_weight=385.781 251.65 221.264 134.131 49.0453 85.0857 18.2419 217.658 66.8438 33.2778 30.386 21.7703 15.7675 8.6157
internal_count=3225 2249 2106 976 383 593 128 2076 465 261 143 100 122 43
is_linear=0
shrinkage=0.04


Tree=274
num_leaves=11
num_cat=0
split_feature=49 39 31 23 55 55 30 30 33 13
split_gain=1.05282 4.02579 3.26723 3.12549 2.38193 3.31318 2.46342 6.17465 2.90804 2.35248
threshold=0.41757038840634436 1.4120929685554386 -0.054336339794100845 3.5372447527156732 0.42565083681847488 0.42515118159978077 -1.0110158748640632 -0.83030239784429549 -4.0146804810640067 0.0012888421731206002
decision_type=2 2 2 2 2 2 2 2 2 2
left_child=4 2 3 -2 5 9 8 -8 -6 -1
right_child=1 -3 -4 -5 6 -7 7 -9 -10 -11
leaf_value=-0.001441237440022678 0.053679457772289649 -0.057600646381075149 -0.033098659444347027 -0.0098111384500004714 0.0026945291312864719 -0.044896103859637035 -0.054035842948344633 0.011982461389023145 0.054419302420570775 0.0088937522777133449
leaf_weight=301.70233356405515 2.4016451556235552 2.4293107967823744 2.8078498225659114 2.5660459250211716 3.0929246880114079 2.6784308175556353 2.5416038855910363 20.961017561145123 3.9730970747768906 39.899493729695678
leaf_count=2503 25 15 25 19 20 23 15 158 32 390
internal_value=2.34556e-05 -0.0126531 0.00138989 0.0208836 0.00036856 -0.00058156 0.0110693 0.00484316 0.0317784 -0.000234099
internal_weight=385.054 10.2049 7.77554 4.96769 374.849 344.28 30.5686 23.5026 7.06602 341.602
internal_count=3225 84 69 44 3141 2916 225 173 52 2893
is_linear=0
shrinkage=0.04


Tree=275
num_leaves=12
num_cat=0
split_feature=61 9 55 60 20 48 31 29 3 22 32
split_gain=1.10699 1.1049 4.21879 9.48274 3.34528 3.25867 3.08623 2.50638 0.860846 0.000249424 0.000244785
threshold=0.68677874019744611 0.0012974734391334288 0.41246382294199324 0.5947834475420245 0.0027268801170987002 -0.52201520080502084 -1.6780219621707559 0.0061624001400801829 0.0022256841070011006 0.16150786902701861 0.38383764620471655
decision_type=2 2 2 2 2 2 2 2 2 2 2
left_child=1 4 6 -4 7 -6 -3 -1 -2 10 -10
right_child=8 2 3 -5 5 -7 -8 -9 9 -11 -12
leaf_value=0.02413123059325269 -0.0043984896457558388 -0.046888082235523952 -0.0037215918917580877 -0.070697011913473204 -0.024851242645202443 0.018985492078049945 0.0094500513694558662 -0.0011030973959902451 0.041432219755551856 0.040810813780698937 0.04255095831004533
leaf_weight=6.4288438799558199 1.0197447594255202 1.6840160004794622 13.051887228153648 4.5655391961336127 3.0576945347711471 24.083065340295434 20.428010624367744 308.79021210316569 0.80162926390767075 0.48898606421425928 0.51331113744527102
leaf_count=83 13 9 107 21 21 201 255 2432 33 37 13
internal_value=2.34313e-05 -0.000160975 -0.00647525 -0.0210782 0.000571771 0.0140468 0.00515943 -0.000588447 0.0249766 0.0415821 0.0418689
internal_weight=384.913 382.089 39.7295 17.6174 342.36 27.1408 22.112 315.219 2.82367 1.80393 1.31494
internal_count=3225 3129 392 128 2737 222 264 2515 96 83 46
is_linear=0
shrinkage=0.04


Tree=276
num_leaves=15
num_cat=0
split_feature=24 44 23 41 9 23 10 3 47 20 51 41 29 10
split_gain=1.05779 3.73741 5.15021 4.99704 6.02009 4.50311 4.50152 4.04291 3.70348 6.30778 6.31385 4.93601 4.78312 4.18511
threshold=0.041666666666597151 0.018433248417140644 0.057145088868781606 -3.0378796201387572e-05 0.00096851597781586818 0.18488606673892602 0.0007749894454483501 0.0036866367026391505 -0.39793824149336177 0.0026705024279705504 -0.10655608035541943 6.3164753879944399e-05 7.1462514133124211 0.00015819759191785002
decision_type=2 2 2 2 2 2 2 2 2 2 2 2 2 2
left_child=1 3 7 4 -1 -4 -5 -3 11 10 -10 13 -11 -2
right_child=8 2 5 6 -6 -7 -8 -9 9 12 -12 -13 -14 -15
leaf_value=-0.026872893466101645 0.03020646504852045 -0.058845750737756268 0.054807273133972885 0.016266889357420079 0.0044989683989682472 -0.0049267999818119216 -0.018799256933057763 -0.016334046451852584 -0.048415645282992296 0.011929657157816988 -0.005109566471651077 -0.0081323400548190782 -0.044635007950260576 0.0059596786660306633
leaf_weight=15.517935339361427 20.702118198387325 4.686769935302439 2.0946953762322655 43.805410322733223 26.499537682160735 56.057045817608014 6.7614782198797903 15.147353458218275 5.7284507397562257 52.109526915824972 90.269407291198149 17.421128035522997 2.5069591263309112 25.320851376280189
leaf_count=92 145 28 16 381 189 492 65 99 33 569 811 119 19 167
internal_value=2.29267e-05 -0.00232699 -0.0087784 0.00310717 -0.00708732 -0.00277511 0.0115781 -0.0263795 0.00189544 -0.00151933 -0.00769376 0.010002 0.00933327 0.0168664
internal_weight=384.629 170.57 77.9859 92.5844 42.0175 58.1517 50.5669 19.8341 214.058 150.614 95.9979 63.4441 54.6165 46.023
internal_count=3225 1362 635 727 281 508 446 127 1863 1432 844 431 588 312
is_linear=0
shrinkage=0.04


Tree=277
num_leaves=12
num_cat=0
split_feature=42 46 27 31 48 13 9 54 60 54 57
split_gain=1.08232 3.01308 2.65895 2.43121 1.49436 3.46105 3.48351 2.52665 1.67131 2.091 1.68977
threshold=0.00057108179842576894 -0.17445899425380901 -2.7283370566474816 -1.1499630553022759 0.17288493181150832 0.00093524490268565008 0.0011667170404338089 -0.097182191710527874 -0.19346870721328155 -0.099753527420774896 -0.26848139420166672
decision_type=2 2 2 2 2 2 2 2 2 2 2
left_child=1 -1 -3 -4 8 6 -6 -7 9 -2 -10
right_child=4 2 3 -5 5 7 -8 -9 10 -11 -12
leaf_value=0.055317541010355832 -0.0039721135987305168 0.039894994109129764 -0.041142930975126966 0.0041713190133028715 -0.012790469503177809 0.051038979686642685 -0.08403445472760987 -0.02540911647331107 -0.02702312042840135 0.050854910332603705 -9.8716658378572087e-05
leaf_weight=2.043250571005049 2.1609661594266072 2.7085871519520923 2.2842497266829058 11.100027066189787 2.9866720200516275 1.5593103799037638 1.7365785200381649 1.2432301132939754 3.7696916246786705 2.2949526458978644 350.25616257428192
leaf_count=18 22 15 12 114 41 27 14 18 26 33 2885
internal_value=2.33028e-05 0.00956146 0.00375198 -0.00356231 -0.000449324 -0.0180894 -0.0389845 0.017126 -7.89969e-05 0.0242657 -0.00038541
internal_weight=384.144 18.1361 16.0929 13.3843 366.008 7.52579 4.72325 2.80254 358.482 4.45592 354.026
internal_count=3225 159 141 126 3066 100 55 45 2966 55 2911
is_linear=0
shrinkage=0.04


Tree=278
num_leaves=11
num_cat=0
split_feature=61 29 31 50 24 46 61 3 1 55
split_gain=1.06556 1.23595 1.39673 1.74666 1.15971 2.76127 3.06242 1.78594 2.07696 0.864355
threshold=0.64726851137425301 0.020810154650370134 -1.2327619399135061 0.13192654292936218 0.22499999999962497 -0.16861622917526317 0.50030476002223578 0.016541578498748304 -95.994063038920999 -0.38585290866218785
decision_type=2 2 2 2 2 2 2 2 2 2
left_child=4 -2 3 -3 7 -6 -7 8 -1 -4
right_child=1 2 9 -5 5 6 -8 -9 -10 -11
leaf_value=0.03445032287833176 -0.038326297878168505 0.030752473365740125 -0.004504679146677194 -0.029751568192926819 -0.046194258734904112 0.029742479555227765 -0.015648976676980432 -0.032681195903603438 0.00012187184226896218 0.04021701261654595
leaf_weight=2.8424929287284604 0.66391380922868659 1.39289534278214 0.84194375202059735 1.6892549600452182 2.9129179194569579 3.3328584376722565 8.301879692822693 2.6312027378007761 355.49668813182507 3.8690840827766806
leaf_count=31 9 28 12 21 15 26 46 32 2871 134
internal_value=2.30546e-05 0.0140642 0.0185274 -0.00240839 -0.000293167 -0.011366 -0.00264625 0.000153085 0.000394179 0.0322245
internal_weight=383.975 8.45709 7.79318 3.08215 375.518 14.5477 11.6347 360.97 358.339 4.71103
internal_count=3225 204 195 49 3021 87 72 2934 2902 146
is_linear=0
shrinkage=0.04


Tree=279
num_leaves=15
num_cat=0
split_feature=23 23 61 13 46 14 8 23 57 9 61 41 60 39
split_gain=1.03462 4.13654 4.22901 5.5759 3.39038 3.09605 3.09011 3.07933 9.13266 8.55287 5.14514 4.98551 6.26426 4.60248
threshold=4.6904103569508111 5.8443354980477391 0.45682435605034194 -8.724463837145652e-05 -0.17848453299671749 -0.00049293296001449982 -0.00019402050759709995 0.65784940729068409 0.31908589602487453 0.00090453343521758247 0.39555036643871327 -1.6375786292203522e-05 0.10820159766817697 0.76168317469321556
decision_type=2 2 2 2 2 2 2 2 2 2 2 2 2 2
left_child=7 2 -2 -4 5 -3 -6 11 10 -10 -9 12 -1 -13
right_child=1 4 3 -5 6 -7 -8 8 9 -11 -12 13 -14 -15
leaf_value=-0.015491090367423455 0.040750605285724134 -0.00025863645410318959 0.033736479890265077 -0.01641363399865968 -0.0089645863473465631 0.042999368744826148 0.0051258740547392642 0.042032493196322004 0.039376947715632424 -0.024379106915821649 0.00035059606219811022 -0.012121901778959195 0.015450879996402435 0.0086173476439282987
leaf_weight=12.775266071781514 8.4784362833015638 5.3384679835289717 6.2281766580417743 8.2407466555014235 55.154423767700791 5.2512641106732172 45.401732499012724 5.2328186482191077 3.6428146027028552 44.396380272228271 50.138885621679947 49.258124761283398 57.983488282887265 26.241848135832697
leaf_count=89 157 32 50 53 434 38 465 192 25 300 368 379 418 225
internal_value=2.27137e-05 0.00285671 0.0183183 0.00517358 -0.000335529 0.0211923 -0.00260266 -0.00149937 -0.0067824 -0.0195445 0.00428968 0.00223594 0.00986441 -0.00491347
internal_weight=383.763 134.093 22.9474 14.4689 111.146 10.5897 100.556 249.67 103.411 48.0392 55.3717 146.259 70.7588 75.5
internal_count=3225 1229 260 103 969 70 899 1996 885 325 560 1111 507 604
is_linear=0
shrinkage=0.04


Tree=280
num_leaves=15
num_cat=0
split_feature=61 27 21 49 25 43 49 61 25 43 39 15 42 61
split_gain=1.05173 4.05001 3.46175 5.7161 3.62732 3.40627 4.83748 3.12144 7.8816 7.26267 6.37811 5.7194 6.29181 2.96245
threshold=0.53815534957436173 -2.2056327132528479 0.0024988637296964504 -0.30602542664785531 0.50000000000000011 0.64613041114187875 0.32257398125580622 0.49906527478722357 0.50000000000000011 0.72491569293455538 0.47692576839089212 -0.0034123561843367998 0.0011433944152295849 0.61976826808188357
decision_type=2 2 2 2 2 2 2 2 2 2 2 2 2 2
left_child=7 5 3 -3 -4 13 -7 8 9 -1 -10 -9 -13 -2
right_child=1 2 4 -5 -6 6 -8 11 10 -11 -12 12 -14 -15
leaf_value=0.019451351810062651 -0.027528242821918219 -0.010556372880765871 0.020220685100770571 0.019683289789890712 -0.025102736522907572 -0.027475462610331527 0.029622895609132824 -0.043058197085838981 -0.012661836544367066 -0.019393875693540293 0.0036666721073297698 -0.00013989135917121887 -0.040645564000880742 0.0065601035236922678
leaf_weight=50.346998305525631 14.746952991932636 12.861009527929125 4.2275237059220663 44.983287545852363 8.5176379806362075 3.6233859313651902 6.8854357767850161 6.9675237685441962 69.156430052826181 9.0914873410947603 85.715426551643759 53.500249728560448 6.930528759956359 5.6387335972394785
leaf_count=609 80 104 47 389 59 29 49 34 595 104 772 250 33 71
internal_value=2.40575e-05 0.00351549 0.00880189 0.0129599 -0.0100691 -0.00856316 0.00993568 -0.00123371 0.00112753 0.0135097 -0.00362466 -0.00874189 -0.0047853 -0.0180993
internal_weight=383.193 101.484 70.5895 57.8443 12.7452 30.8945 10.5088 281.709 214.31 59.4385 154.872 67.3983 60.4308 20.3857
internal_count=3225 828 599 493 106 229 78 2397 2080 713 1367 317 283 151
is_linear=0
shrinkage=0.04


Tree=281
num_leaves=8
num_cat=0
split_feature=42 53 20 30 30 54 15
split_gain=1.08512 2.00638 1.42138 2.33055 1.46106 1.36331 0.850334
threshold=0.0014719812032598944 -0.026908175295518186 0.0029845187248025502 -2.231143660716072 -1.3856264779171985 0.10164337743659461 0.00066827741890045013
decision_type=2 2 2 2 2 2 2
left_child=2 -2 3 -1 -5 -4 -3
right_child=1 6 5 4 -6 -7 -8
leaf_value=-0.036235776360645844 -0.037862539789682285 -0.013291499537964808 -0.0039992752833941259 0.0066918814508586232 -0.00072335700497740075 0.036753183548348146 0.034543216266772023
leaf_weight=2.8204677402973166 3.246487625874579 1.1957024228759103 2.1839405903592697 49.041438510175794 319.44826357578859 3.2951211305335164 1.1827583662234245
leaf_count=18 35 29 18 366 2711 28 20
internal_value=2.43659e-05 -0.0174147 0.000284707 -1.37284e-05 0.00026352 0.0205094 0.0104957
internal_weight=382.414 5.62495 376.789 371.31 368.49 5.47906 2.37846
internal_count=3225 84 3141 3095 3077 46 49
is_linear=0
shrinkage=0.04


Tree=282
num_leaves=12
num_cat=0
split_feature=61 33 39 48 30 22 58 10 3 22 45
split_gain=1.03822 1.06415 4.33934 4.73035 3.51665 3.88811 2.46771 2.45388 0.821159 0.000250759 0.000209007
threshold=0.68677874019744611 -4.5826696900128896 1.8704347424476653 -0.24078732625077381 -1.3856264779171985 -0.16414487976746336 -0.27577669076662331 -0.0012048554135697996 0.0022256841070011006 0.16150786902701861 0.65060860740879545
decision_type=2 2 2 2 2 2 2 2 2 2 2
left_child=1 2 6 -4 5 -3 -1 -6 -2 10 -10
right_child=8 4 3 -5 7 -7 -8 -9 9 -11 -12
leaf_value=-0.035325501422816041 -0.0038354009022255249 -0.0017397489189990222 0.020133973485442786 -0.021190649212923369 0.012673430283316134 0.028656780637027132 0.0033096742193565358 -0.0015944311276296639 0.041305857486758822 0.040734618474283661 0.042335622436626724
leaf_weight=9.6014079134911281 1.017520505934953 12.719935580156745 12.176920022815464 6.9680765708908465 20.613845041487366 14.305175923742352 3.6509572966024271 299.54851698491257 0.61128234304487683 0.44691413501277555 0.65142782870680094
leaf_count=64 13 104 76 43 143 115 28 2556 24 37 22
internal_value=2.35423e-05 -0.000153141 -0.00708636 0.00509333 0.000493824 0.01435 -0.0246817 -0.000675786 0.0246156 0.0415489 0.0418371
internal_weight=382.312 379.585 32.3974 19.145 347.187 27.0251 13.2524 320.162 2.72714 1.70962 1.26271
internal_count=3225 3129 211 119 2918 219 92 2699 96 83 46
is_linear=0
shrinkage=0.04


Tree=283
num_leaves=15
num_cat=0
split_feature=24 47 20 56 41 29 45 12 44 7 12 23 45 44
split_gain=1.05668 3.32701 6.06287 5.13825 4.53364 4.31619 4.07741 3.82871 3.31506 5.37782 9.88458 4.76504 5.50705 4.16038
threshold=0.041666666666597151 -0.39793824149336177 0.0026705024279705504 0.053045561485312247 6.3164753879944399e-05 7.1462514133124211 0.56736522394400823 0.00015819759191785002 0.018433248417140644 1.6357724248845835e-05 0.0007749894454483501 -0.56146095689805786 0.37844534720675488 0.018430784423169245
decision_type=2 2 2 2 2 2 2 2 2 2 2 2 2 2
left_child=8 4 3 -3 7 -4 -6 -2 9 13 -11 -10 -13 -1
right_child=1 2 5 -5 6 -7 -8 -9 11 10 -12 12 -14 -15
leaf_value=-0.009502539984486703 0.029189734775846372 -0.0033970867090684599 0.011857476890041954 -0.028891271585892789 -0.028419476690291767 -0.041527042514146746 0.010413464259429978 0.0058438513692338958 -0.051362203393967201 0.026463620321421018 -0.020163514818160335 0.030645165231236695 -0.0093866740237300329 0.023924015324728005
leaf_weight=47.262797439936548 20.301557050086558 80.597417944576591 51.624650650541298 15.003545936197041 8.1297449674457329 2.5425496958196154 9.246738017536698 25.180294702760875 3.9256603261455885 28.039998222142458 9.8228063862770778 5.984631316503509 67.659587498521432 6.8168584508821359
leaf_count=325 145 760 569 84 51 19 68 167 25 263 91 55 555 48
internal_value=2.32862e-05 0.00190136 -0.00134017 -0.00739813 0.00962473 0.00935167 -0.00775488 0.0162647 -0.00233246 0.00280553 0.0143671 -0.00842246 -0.00613352 -0.00528905
internal_weight=382.139 212.626 149.768 95.601 62.8583 54.1672 17.3765 45.4819 169.512 91.9425 37.8628 77.5699 73.6442 54.0797
internal_count=3225 1863 1432 844 431 588 119 312 1362 727 354 635 610 373
is_linear=0
shrinkage=0.04


Tree=284
num_leaves=7
num_cat=0
split_feature=32 9 21 45 20 44
split_gain=1.04159 1.156 5.53546 2.15656 1.75013 2.57468
threshold=-1.9667868263560628 0.00088322695708696174 -0.0011422983439085498 0.73480361824158225 0.0026087468365652007 0.018419871618196727
decision_type=2 2 2 2 2 2
left_child=-1 2 -2 -4 -3 -6
right_child=1 4 3 -5 5 -7
leaf_value=-0.030528853182212989 -0.041517678811454677 0.029751360338858002 0.03529813866419472 -0.0079175638594510007 -0.010784443414661884 0.0006022868896458398
leaf_weight=1.7769916458055366 2.4844526555389157 3.0862560058012596 7.7942903861403448 2.4215643513016403 35.169719306286424 328.87235242209863
leaf_count=13 17 25 79 20 269 2802
internal_value=2.40112e-05 0.00016695 0.0120314 0.0250543 -0.000243484 -0.000497773
internal_weight=381.606 379.829 12.7003 10.2159 367.128 364.042
internal_count=3225 3212 116 99 3096 3071
is_linear=0
shrinkage=0.04


Tree=285
num_leaves=12
num_cat=0
split_feature=41 39 61 59 9 13 14 21 29 45 44
split_gain=1.00956 5.11443 5.00105 4.53997 5.49125 4.2082 3.36808 5.14648 3.54993 3.1889 2.4227
threshold=2.0118317665100235e-05 -0.065094258522112827 0.39555036643871327 0.37573588106957884 0.00096393823554187822 -0.0036501370524341498 -0.0025729006189348998 -0.0019746638454153993 1.1131192584900091 0.25488889578072976 0.018516605966488676
decision_type=2 2 2 2 2 2 2 2 2 2 2
left_child=1 -1 3 10 -5 -3 8 -8 -4 -7 -2
right_child=2 5 6 4 -6 9 7 -9 -10 -11 -12
leaf_value=0.04025944072152008 0.035909527796111125 -0.03644322923215991 -0.0018272778083303482 -0.063263298687262062 0.022961324447920168 0.0494272320626927 -0.038408946131897957 -0.0042916678956990027 0.056351382619464867 0.001175859789463333 -0.0162762332838211
leaf_weight=5.4005036065354934 11.672962461598219 4.735571075230836 4.0087040970101944 2.1528981737792483 2.6198100652545691 2.2153125409968188 7.472134578973054 132.86081859609112 2.8863210445269942 203.88094882550649 1.6210250575095404
leaf_count=38 418 34 27 18 37 29 45 933 22 1603 21
internal_value=2.34506e-05 0.00182246 -0.00232994 0.0175318 -0.0159333 0.000837884 -0.00476722 -0.00610827 0.0225268 0.00169451 0.0295462
internal_weight=381.527 216.232 165.295 18.0667 4.77271 210.832 147.228 140.333 6.89503 206.096 13.294
internal_count=3225 1704 1521 494 55 1666 1027 978 49 1632 439
is_linear=0
shrinkage=0.04


Tree=286
num_leaves=15
num_cat=0
split_feature=61 61 25 39 43 15 3 58 9 55 24 48 39 14
split_gain=1.01428 6.4036 5.60559 6.29271 5.88639 5.29377 8.75823 5.88271 6.51689 4.60231 5.19695 4.35408 3.86169 2.80348
threshold=0.5196258450428608 0.50173165770626571 0.50000000000000011 0.47692576839089212 0.4617693435613755 0.00016193552941830001 0.0076924840965386506 0.13526366238925455 0.0012147358109453777 0.41092270352323368 0.091666666666513866 -0.27919517329849564 0.32303888584644896 0.0022426174852992506
decision_type=2 2 2 2 2 2 2 2 2 2 2 2 2 2
left_child=1 2 4 -4 -1 7 12 11 -9 10 -3 -2 -7 -8
right_child=5 9 3 -5 -6 6 13 8 -10 -11 -12 -13 -14 -15
leaf_value=0.020967435964621903 -0.0045473879578293601 0.012319757935057478 -0.012062693793886527 0.0040392719043445234 -0.004366402389140849 0.012611872339544963 0.0013702678962959974 -0.033763634592612071 0.032566643072695453 -0.03597889961035286 -0.034583916537406785 0.017726042164071972 0.040265614268709345 -0.034020448653166849
leaf_weight=37.718622477725148 45.451154516078532 10.51954454183579 69.857349534053355 87.439450136618689 24.019531717058271 17.695995296351612 10.107276163995264 15.238611060194673 2.8063932554796329 13.627182297408579 5.899303898215293 20.320610884809867 14.868017009925095 5.5466052750125519
leaf_count=449 294 51 598 782 277 147 74 109 19 66 26 171 114 48
internal_value=2.4137e-05 -0.00147826 0.000897153 -0.0031118 0.0111112 0.00285838 0.0134183 -0.00321649 -0.0234478 -0.018795 -0.00453277 0.00233413 0.025238 -0.0111696
internal_weight=381.116 249.081 219.035 157.297 61.7382 132.035 48.2179 83.8168 18.045 30.046 16.4188 65.7718 32.564 15.6539
internal_count=3225 2249 2106 1380 726 976 383 593 128 143 77 465 261 122
is_linear=0
shrinkage=0.04


Tree=287
num_leaves=13
num_cat=0
split_feature=61 43 45 1 45 20 3 8 7 1 46 3
split_gain=1.0395 1.23158 1.36279 1.20166 1.15155 1.88992 2.63172 1.47825 2.01955 1.65231 0.0102004 0.000272044
threshold=0.64726851137425301 0.27355081231562756 0.56443586576377525 -0.95793603168567631 0.88255921969267404 0.0026439485051882503 0.0076924840965386506 0.0055319323381411512 0.0031504900387730505 101.29773782316626 -0.16815654947970368 0.0037900526269188006
decision_type=2 2 2 2 2 2 2 2 2 2 2 2
left_child=4 2 -2 -4 7 -6 -7 8 -1 -9 -3 -12
right_child=1 10 3 -5 5 6 -8 9 -10 -11 11 -13
leaf_value=0.00025358292623294117 0.042877014340458798 0.048183806289110176 -0.015276349117975546 0.027407903445327408 -0.043143453407897103 0.02995198625278301 -0.032222530982062687 0.03877805200821853 -0.016534864729601285 -0.0047696843763302809 0.042170885362212272 0.040967230262796958
leaf_weight=347.50901275884826 1.2788005257025341 0.47942488966509689 3.7331753689795728 1.4711358821950855 2.6307521704584351 2.244978909380734 2.1159075060859323 3.2727764225564888 11.855596038978545 2.4284688369370997 0.45742563530802705 0.87540713441558182
leaf_count=2797 34 7 51 48 20 26 14 48 84 32 14 50
internal_value=2.46052e-05 0.0140291 0.00588029 -0.00321052 -0.000287637 -0.0163678 -0.000215167 2.03266e-05 -0.000300275 0.0202287 0.0431802 0.0413803
internal_weight=380.353 8.29537 6.48311 5.20431 372.057 6.99164 4.36089 365.066 359.365 5.70125 1.81226 1.33283
internal_count=3225 204 133 99 3021 60 40 2961 2881 80 71 64
is_linear=0
shrinkage=0.04


Tree=288
num_leaves=13
num_cat=0
split_feature=24 47 44 43 46 46 41 8 46 61 46 8
split_gain=1.10632 3.20915 5.47275 5.34475 5.19187 4.69527 4.98505 3.15491 3.29288 4.05137 3.82235 2.78892
threshold=0.041666666666597151 -0.39793824149336177 0.018433641437381524 0.24262553660200789 -0.17733196754481192 -0.14515158839876022 6.3164753879944399e-05 -0.0065455550014532496 -0.18334098009676494 0.51635660205834877 -0.16034875159210896 0.00066805632980345005
decision_type=2 2 2 2 2 2 2 2 2 2 2 2
left_child=7 5 4 -4 -3 6 -2 -1 9 -9 -10 -7
right_child=1 2 3 -5 -6 11 -8 8 10 -11 -12 -13
leaf_value=-0.046425553815872281 0.02075812763466562 -0.040912676474743392 0.02840953926667681 0.0010786565748847276 -0.0047299421022833554 -0.049060643368003323 -0.0056620368679158499 -0.00036674377966620675 -0.011710593508141028 0.06133638012632478 0.0014667543824045596 0.0041061082059301356
leaf_weight=2.5638898536562911 40.166570189408958 6.87524090707302 15.416387357283382 44.477299482561648 82.294706698507071 3.2365322038531295 15.969721201807259 4.1273598056286565 52.657669148407876 2.8980676513165236 106.35979254939593 3.081710260361433
leaf_count=16 280 34 199 451 748 21 110 29 354 18 945 20
internal_value=2.42237e-05 0.00195087 -0.0012383 0.00811351 -0.00751973 0.00956262 0.0132421 -0.00239276 -0.00171284 0.0250865 -0.00289684 -0.0231287
internal_weight=380.125 211.518 149.064 59.8937 89.1699 62.4545 56.1363 168.607 166.043 7.02543 159.017 6.31824
internal_count=3225 1863 1432 650 782 431 390 1362 1346 47 1299 41
is_linear=0
shrinkage=0.04


Tree=289
num_leaves=15
num_cat=0
split_feature=23 23 13 7 46 7 23 57 9 59 41 49 49 3
split_gain=1.04591 3.80586 3.42186 4.29113 3.16678 3.03918 2.87517 8.0716 7.77383 4.8128 4.56952 6.38594 4.78352 2.78566
threshold=4.6904103569508111 5.8443354980477391 -8.724463837145652e-05 -2.6437400696791595e-05 -0.17848453299671749 -0.0027708497936276499 0.65784940729068409 0.31908589602487453 0.00090453343521758247 0.031836971904756588 -1.6375786292203522e-05 0.31258168319770802 0.39893828175459628 0.0033894025971146005
decision_type=2 2 2 2 2 2 2 2 2 2 2 2 2 2
left_child=6 2 13 -4 5 -3 10 9 -9 -8 11 -1 -12 -2
right_child=1 4 3 -5 -6 -7 7 8 -10 -11 12 -13 -14 -15
leaf_value=-0.010477035971350929 -0.0044037294220665279 -0.0092933433633522727 -0.027256868319143944 0.021006527136518256 -0.0023503028889369465 0.036342233553484191 -0.016249888225464245 0.038200591328800541 -0.023203254736161086 0.01086900282038107 -0.0074655310065870574 0.016809681126418494 0.032843632450776691 0.048887728842213443
leaf_weight=18.764752682298422 2.0223609730601328 3.5366445258259773 4.4025322766974577 8.9184511606581474 99.817966138711199 6.8714775247499329 14.116334237158297 3.5642658025026313 44.301722425036132 40.543166960356757 69.828218094306067 51.072136346716434 5.0511634629219762 7.0069801877252758
leaf_count=126 17 19 46 109 899 51 160 25 300 400 551 381 53 88
internal_value=2.43275e-05 0.00289079 0.0179414 0.00505567 -0.000160986 0.0208354 -0.00151273 -0.00663749 -0.0186309 0.00386529 0.00211795 0.0094779 -0.00474638 0.0369517
internal_weight=379.818 132.576 22.3503 13.321 110.226 10.4081 247.242 102.525 47.866 54.6595 144.716 69.8369 74.8794 9.02934
internal_count=3225 1229 260 155 969 70 1996 885 325 560 1111 507 604 105
is_linear=0
shrinkage=0.04


Tree=290
num_leaves=12
num_cat=0
split_feature=24 59 53 59 61 61 49 36 56 8 24
split_gain=1.13217 2.19066 2.48692 3.52228 2.00478 3.4481 3.95683 3.04918 5.844 5.56377 1.65243
threshold=1.0000000180025095e-35 0.15208147273467607 -0.10427377536653787 0.35965144878545924 0.54937409373594048 0.55900696919642978 0.37714033479452852 0.12504263233664745 0.097837785819794645 0.00047380549855915007 0.041666666666597151
decision_type=2 2 2 2 2 2 2 2 2 2 2
left_child=1 -1 -3 -4 7 10 -7 9 -9 -2 -6
right_child=4 2 3 -5 5 6 -8 8 -10 -11 -12
leaf_value=0.022104742056767327 -0.00080400869554280265 0.01687604615325082 -0.0085545157021576466 -0.049762898440537155 0.012359200915478451 -6.8859742087257867e-05 0.0317230753998149 -0.0088697511682928575 0.026512986090870907 0.018625468738870984 0.047505172998888075
leaf_weight=3.9325960446149102 133.74344884604216 5.0152297019958487 28.048447621986274 3.7641081735491744 4.1397458389401418 55.954360777977854 7.053304554661735 96.579509951174259 8.0947206243872625 28.629054437507875 4.4317281395196915
leaf_count=31 978 28 183 25 25 548 78 925 62 314 28
internal_value=2.52607e-05 -0.00627294 -0.00930321 -0.0134304 0.000783375 0.00672813 0.00349004 -0.000810054 -0.00613352 0.00262174 0.0305308
internal_weight=379.386 40.7604 36.8278 31.8126 338.626 71.5791 63.0077 267.047 104.674 162.373 8.57147
internal_count=3225 267 236 208 2958 679 626 2279 987 1292 53
is_linear=0
shrinkage=0.04


Tree=291
num_leaves=13
num_cat=0
split_feature=24 6 54 39 61 19 48 15 61 41 8 27
split_gain=1.04617 2.05178 2.59358 2.27615 1.85532 3.36038 4.82779 4.07368 2.80945 4.84669 4.09902 1.01326
threshold=1.0000000180025095e-35 0.00082296618389955006 0.12714398195792895 0.037198559304311811 0.54937409373594048 -0.80698931417239705 -0.4506229588430965 -0.0025078944056157499 0.47425244179594106 0.00012762658273108112 -0.0072024212415675495 0.63239345749805398
decision_type=2 2 2 2 2 2 2 2 2 2 2 2
left_child=1 2 3 -1 8 7 -7 -6 10 -10 -2 -3
right_child=4 11 -4 -5 5 6 -8 -9 9 -11 -12 -13
leaf_value=0.010652892597743456 -0.056903168865867056 0.0013361404568118212 0.021202423390843293 -0.01802509238299901 0.01303623149026991 -0.011134088822689263 0.021858752481163941 -0.015966140373253508 -0.0016539192148480573 -0.023046225392222369 0.0035225387071874032 0.037362858691262123
leaf_weight=5.3210943024605539 1.8179856408387411 2.7199925668537608 3.9388626664876929 26.388321723788977 13.773852954152973 9.2395808319561166 30.590839522192255 17.715042712166905 94.624745231121778 20.641841739416122 149.94567711697891 2.309790775179863
leaf_count=39 15 24 20 166 123 81 312 163 452 101 1711 18
internal_value=2.51297e-05 -0.00603566 -0.00941009 -0.0132127 0.000753787 0.00648522 0.0142053 -0.00327994 -0.000776983 -0.00548484 0.0027987 0.0178804
internal_weight=379.028 40.6781 35.6483 31.7094 338.35 71.3193 39.8304 31.4889 267.03 115.267 151.764 5.02978
internal_count=3225 267 225 205 2958 679 393 286 2279 553 1726 42
is_linear=0
shrinkage=0.04


Tree=292
num_leaves=12
num_cat=0
split_feature=41 41 32 32 30 41 41 55 24 46 33
split_gain=1.02903 3.83018 4.0564 5.28374 2.61444 2.66437 2.18581 4.46164 2.80662 2.56354 2.3823
threshold=-0.00020041249571827176 -0.0001735930448137838 -0.47609604779566356 0.11749747101409133 -2.1744606974170857 -0.00013878404365247709 -0.0002957997735342369 0.42124519580265712 1.0000000180025095e-35 -0.17026697112312172 -5.5412392825063215
decision_type=2 2 2 2 2 2 2 2 2 2 2
left_child=6 2 -2 -4 -3 -6 9 8 -8 -1 -11
right_child=1 4 3 -5 5 -7 7 -9 -10 10 -12
leaf_value=-0.033097030464196805 0.015461766141734039 -0.040894240924496929 -0.080924537943374897 -0.012534524931365604 0.015996961994436686 -0.00043477158940048971 -0.013080217822947802 -0.02406849692322104 0.028861684019410718 -0.035233712197227679 0.014033856516174449
leaf_weight=4.0083904396742573 2.9229578450322151 2.4718853607773772 3.0259375404566509 4.4887874540872872 16.631198225542903 311.69703383045271 3.0412740744650426 4.0635397043079129 15.891927610151468 1.9392921272665251 8.2541617895476502
leaf_count=24 28 15 18 32 127 2706 18 34 130 14 79
internal_value=2.49179e-05 -0.000663753 -0.0245211 -0.040073 8.90137e-05 0.000397564 0.00634238 0.0139622 0.0221245 -0.00599616 0.00466076
internal_weight=378.436 341.238 10.4377 7.51472 330.8 328.328 37.1986 22.9967 18.9332 14.2018 10.1935
internal_count=3225 2926 78 50 2848 2833 299 182 148 117 93
is_linear=0
shrinkage=0.04


Tree=293
num_leaves=6
num_cat=0
split_feature=15 7 22 1 10
split_gain=1.46077 2.31126 1.26544 5.28844 2.70979
threshold=-0.0089229135937296984 -0.0053843462735716991 1.3728724401350079 -7.8378437193277923 0.0017517546887272503
decision_type=2 2 2 2 2
left_child=-1 -2 4 -4 -3
right_child=1 2 3 -5 -6
leaf_value=0.046064076730438455 -0.038378036341405977 -0.0012161840274844808 -0.0099053212874105796 0.016656024190829649 0.028923819621591781
leaf_weight=1.0994485039263953 2.508370639756321 319.72887928539421 19.943541971966624 30.087245089700446 4.8450793996453276
leaf_count=13 15 2645 144 364 44
internal_value=2.4469e-05 -0.000109756 0.00014649 0.006068 -0.000766269
internal_weight=378.213 377.113 374.605 50.0308 324.574
internal_count=3225 3212 3197 508 2689
is_linear=0
shrinkage=0.04


Tree=294
num_leaves=9
num_cat=0
split_feature=49 39 31 23 49 44 20 44
split_gain=1.0767 3.50945 3.04811 2.99131 2.24943 1.33702 3.74945 3.30041
threshold=0.41757038840634436 1.4120929685554386 -0.054336339794100845 3.5372447527156732 0.41432538975303324 0.01849230299617358 0.0027638100127013007 0.018504293872294179
decision_type=2 2 2 2 2 2 2 2
left_child=4 2 3 -2 5 6 -1 -7
right_child=1 -3 -4 -5 -6 7 -8 -9
leaf_value=9.7660904488469623e-06 0.053348297819487814 -0.054646793042423612 -0.032871237085143903 -0.010017135104538482 0.035385559306643513 -0.036604206906491493 0.022199827164670682 -0.0020478603981420366
leaf_weight=319.85251729027368 2.2562998123466969 2.4391338904388249 2.7673750985413772 2.5270249843597412 2.9131151312030843 5.2731037531048051 12.665923275751991 27.40201466716826
leaf_count=2694 25 15 25 19 24 45 143 235
internal_value=2.39417e-05 -0.0129333 0.00054156 0.0198724 0.000375581 9.63098e-05 0.000855005 -0.00762456
internal_weight=378.097 9.98983 7.5507 4.78332 368.107 365.194 332.518 32.6751
internal_count=3225 84 69 44 3141 3117 2837 280
is_linear=0
shrinkage=0.04


Tree=295
num_leaves=12
num_cat=0
split_feature=61 29 31 50 45 20 44 27 27 9 55
split_gain=1.03335 1.24206 1.20135 1.59358 1.07039 1.71413 1.76915 1.32755 7.90671 3.26185 0.777689
threshold=0.64726851137425301 0.020810154650370134 -1.2327619399135061 0.13192654292936218 0.88255921969267404 0.0026439485051882503 0.018462008090900713 2.8185928653529477 2.7751819882026934 0.0012731360892718113 -0.38585290866218785
decision_type=2 2 2 2 2 2 2 2 2 2 2
left_child=4 -2 3 -3 7 -6 -7 8 -1 -9 -4
right_child=1 2 10 -5 5 6 -8 9 -10 -11 -12
leaf_value=-0.00019433342497765865 -0.03849673837185278 0.031199016276766755 -0.0031889715117866813 -0.027090857929348684 -0.041244579789392478 0.024607606249350288 -0.026670913657737733 0.003478729437317884 -0.070034565380051955 0.045561384775529679 0.039828460107618098
leaf_weight=327.8543999720132 0.66023243544623067 1.3703537494875493 0.82431431021541346 1.6588143706321714 2.6366736553609362 2.2163780289702117 2.0931374505162239 29.113062207354233 2.614289373625069 3.2788910944946101 3.648993358714506
leaf_count=2617 9 28 12 21 20 27 13 284 21 39 134
internal_value=2.36321e-05 0.0141011 0.0187298 -0.000721325 -0.000287099 -0.015841 -0.00029844 1.06476e-05 -0.000746829 0.00773857 0.0319015
internal_weight=377.97 8.16271 7.50248 3.02917 369.807 6.94619 4.30952 362.861 330.469 32.392 4.47331
internal_count=3225 204 195 49 3021 60 40 2961 2638 323 146
is_linear=0
shrinkage=0.04


Tree=296
num_leaves=10
num_cat=0
split_feature=49 39 58 55 55 30 30 27 46
split_gain=1.0081 3.26467 3.88449 2.25615 2.68244 2.40784 6.20378 2.51463 2.10263
threshold=0.41757038840634436 0.88296241468523851 -0.30330676421392244 0.42565083681847488 0.42515118159978077 -0.96002603613743742 -0.83030239784429549 -2.8880236444243139 -0.19238725407396398
decision_type=2 2 2 2 2 2 2 2 2
left_child=3 2 -2 4 8 7 -7 -5 -1
right_child=1 -3 -4 5 -6 6 -8 -9 -10
leaf_value=0.022398804299808624 -0.032406122715398902 -0.037975659598922115 0.036012252390241077 0.0035370310612820176 -0.040157522958846566 -0.057595188160458721 0.011584208352390511 0.051748834344677246 -0.00068975183788902536
leaf_weight=6.4343601283617309 2.2431206544861197 4.4573683622293174 3.2535184584557992 3.0090400874614716 2.716263602487742 2.3082098588347497 20.446377397980537 4.0752712860703495 328.85288568621036
leaf_count=42 18 34 32 20 23 12 158 35 2851
internal_value=2.34724e-05 -0.0125372 0.00809143 0.000363372 -0.0005674 0.0109068 0.0045667 0.031271 -0.000246669
internal_weight=377.796 9.95401 5.49664 367.842 338.004 29.8389 22.7546 7.08431 335.287
internal_count=3225 84 50 3141 2916 225 170 55 2893
is_linear=0
shrinkage=0.04


Tree=297
num_leaves=12
num_cat=0
split_feature=42 48 42 42 24 22 22 15 27 27 45
split_gain=0.996899 2.07202 1.36051 4.73773 3.54005 2.41495 3.19318 2.00852 1.1471 0.772071 0.030218
threshold=0.0014719812032598944 -0.22775893336516342 0.0012145427598370295 0.0012546533795500395 0.058333333333236058 2.7523414310460219 1.3728724401350079 -0.0016208985253085499 0.86524652749963049 -2.1402579637277679 0.58849097879347811
decision_type=2 2 2 2 2 2 2 2 2 2 2
left_child=2 -2 5 10 -5 6 -1 -7 9 -3 -4
right_child=1 8 3 4 -6 7 -8 -9 -10 -11 -12
leaf_value=-0.0011977652886968552 -0.053111419865604657 -0.0094284700361304281 0.052010675242383571 -0.013647644273565233 0.016237115722281752 0.0040868635670882085 0.011973058122438096 -0.037058845390352528 -0.020126962124390389 0.045865371642185959 0.045133275505605031
leaf_weight=301.8126146919094 1.730839531868696 0.66485747974365939 1.8421241715550447 12.076569827739151 13.356005883309988 3.0019683390855789 32.63701159437187 5.1627763509750348 2.0864595156162977 1.0299466820433729 2.2965884089935571
leaf_count=2449 18 15 14 112 128 19 359 26 22 29 34
internal_value=2.3204e-05 -0.0168631 0.000273292 0.00850517 0.00204644 -0.000437208 8.74995e-05 -0.0219306 -0.000270754 0.0241741 0.0481944
internal_weight=377.698 5.5121 372.186 29.5713 25.4326 342.614 334.45 8.16474 3.78126 1.6948 4.13871
internal_count=3225 84 3141 288 240 2853 2808 45 66 44 48
is_linear=0
shrinkage=0.04


Tree=298
num_leaves=11
num_cat=0
split_feature=41 41 8 61 51 45 3 38 41 51
split_gain=1.00146 3.48486 4.40278 4.58543 2.47879 2.97691 2.73191 2.44547 2.38686 1.5121
threshold=-0.00020041249571827176 -0.0001735930448137838 -0.0016535799692202499 0.49589758680851836 -0.027956885363635015 0.77810374680856975 0.012227594549504553 2.771820793773133 -0.00013878404365247709 -0.017589929316178716
decision_type=2 2 2 2 2 2 2 2 2 2
left_child=4 2 3 -2 5 6 -1 8 -3 -6
right_child=1 7 -4 -5 9 -7 -8 -9 -10 -11
leaf_value=-0.00011753384532113579 0.031832117698248785 0.015360561450984543 -0.067060689523605804 -0.031972333184635965 0.054904573717715434 -0.039405299652206863 0.030769115022185423 -0.028291537350829343 -0.0003082887399697125 0.010280815454564891
leaf_weight=23.873589826747779 2.892249193508178 16.380094946362078 2.7313877753913385 4.7816777089610696 2.4635910615324974 2.5291963890194884 5.6701120790094128 4.7960980543866745 308.84941496187821 2.3972167121246448
leaf_count=181 30 126 18 30 15 20 45 38 2684 38
internal_value=2.28488e-05 -0.000655875 -0.023448 -0.00792488 0.00627888 0.00224472 0.00581032 6.27335e-05 0.000480869 0.0328974
internal_weight=377.365 340.431 10.4053 7.67393 36.9337 32.0729 29.5437 330.026 325.23 4.86081
internal_count=3225 2926 78 60 299 246 226 2848 2810 53
is_linear=0
shrinkage=0.04


Tree=299
num_leaves=12
num_cat=0
split_feature=42 15 10 1 48 13 14 54 60 54 57
split_gain=1.00065 2.7831 2.63136 2.61902 1.51999 3.15634 3.25741 2.3902 1.57258 1.96154 1.51257
threshold=0.00057108179842576894 -0.0035100605242924993 -0.00075501730421954991 -28.759566099350192 0.17288493181150832 0.00093524490268565008 0.00031626691825500003 -0.097182191710527874 -0.19346870721328155 -0.099753527420774896 -0.26848139420166672
decision_type=2 2 2 2 2 2 2 2 2 2 2
left_child=1 -1 -3 -4 8 6 -6 -7 9 -2 -10
right_child=4 2 3 -5 5 7 -8 -9 10 -11 -12
leaf_value=-0.042408161983966804 -0.0035107101958774772 0.052378729135472861 0.040304200891518892 -0.0019004287681722502 0.0033100215597043825 0.050674896389096898 -0.065079303535402616 -0.025087896808733894 -0.025702963795194801 0.050491641144708124 -8.1373878740657424e-05
leaf_weight=1.521904114633801 2.1151467714225873 2.4476655032485768 3.0139094842597887 10.720851256046435 1.8326192491222162 1.4613964040763678 2.8430932183982804 1.2245268500410018 3.726510959211736 2.1909710550680748 344.09964307083283
leaf_count=12 22 22 18 107 24 27 31 18 26 33 2885
internal_value=2.26809e-05 0.00930639 0.01417 0.00736081 -0.000434523 -0.0184232 -0.0382745 0.0161342 -5.84526e-05 0.0239659 -0.000355876
internal_weight=377.198 17.7043 16.1824 13.7348 359.494 7.36164 4.67571 2.68592 352.132 4.30612 347.826
internal_count=3225 159 147 125 3066 100 55 45 2966 55 2911
is_linear=0
shrinkage=0.04


end of trees

feature_importances:
Column_61=499
Column_42=151
Column_22=143
Column_23=134
Column_24=129
Column_3=108
Column_43=98
Column_41=96
Column_44=91
Column_20=84
Column_45=77
Column_48=72
Column_32=71
Column_56=66
Column_9=65
Column_0=63
Column_15=63
Column_52=63
Column_25=61
Column_8=60
Column_59=57
Column_29=56
Column_55=54
Column_53=53
Column_13=52
Column_1=51
Column_46=51
Column_31=48
Column_54=48
Column_49=47
Column_57=45
Column_30=44
Column_39=44
Column_10=41
Column_19=41
Column_50=40
Column_27=36
Column_60=36
Column_6=35
Column_47=33
Column_7=32
Column_2=29
Column_51=29
Column_14=26
Column_58=24
Column_21=23
Column_38=22
Column_37=15
Column_4=13
Column_12=11
Column_18=8
Column_36=8
Column_33=6
Column_5=1

parameters:
[boosting: gbdt]
[objective: binary]
[metric: binary_logloss]
[tree_learner: serial]
[device_type: cpu]
[data_sample_strategy: bagging]
[data: ]
[valid: ]
[num_iterations: 300]
[learning_rate: 0.04]
[num_leaves: 15]
[num_threads: 1]
[seed: 42]
[deterministic: 0]
[force_col_wise: 0]
[force_row_wise: 0]
[histogram_pool_size: -1]
[max_depth: 4]
[min_data_in_leaf: 20]
[min_sum_hessian_in_leaf: 0.001]
[bagging_fraction: 0.8]
[pos_bagging_fraction: 1]
[neg_bagging_fraction: 1]
[bagging_freq: 0]
[bagging_seed: 400]
[bagging_by_query: 0]
[feature_fraction: 0.8]
[feature_fraction_bynode: 1]
[feature_fraction_seed: 30056]
[extra_trees: 0]
[extra_seed: 12879]
[early_stopping_round: 0]
[early_stopping_min_delta: 0]
[first_metric_only: 0]
[max_delta_step: 0]
[lambda_l1: 0]
[lambda_l2: 0]
[linear_lambda: 0]
[min_gain_to_split: 0]
[drop_rate: 0.1]
[max_drop: 50]
[skip_drop: 0.5]
[xgboost_dart_mode: 0]
[uniform_drop: 0]
[drop_seed: 17869]
[top_rate: 0.2]
[other_rate: 0.1]
[min_data_per_group: 100]
[max_cat_threshold: 32]
[cat_l2: 10]
[cat_smooth: 10]
[max_cat_to_onehot: 4]
[top_k: 20]
[monotone_constraints: ]
[monotone_constraints_method: basic]
[monotone_penalty: 0]
[feature_contri: ]
[forcedsplits_filename: ]
[refit_decay_rate: 0.9]
[cegb_tradeoff: 1]
[cegb_penalty_split: 0]
[cegb_penalty_feature_lazy: ]
[cegb_penalty_feature_coupled: ]
[path_smooth: 0]
[interaction_constraints: ]
[verbosity: -1]
[saved_feature_importance_type: 0]
[use_quantized_grad: 0]
[num_grad_quant_bins: 4]
[quant_train_renew_leaf: 0]
[stochastic_rounding: 1]
[linear_tree: 0]
[max_bin: 255]
[max_bin_by_feature: ]
[min_data_in_bin: 3]
[bin_construct_sample_cnt: 200000]
[data_random_seed: 175]
[is_enable_sparse: 1]
[enable_bundle: 1]
[use_missing: 1]
[zero_as_missing: 0]
[feature_pre_filter: 1]
[pre_partition: 0]
[two_round: 0]
[header: 0]
[label_column: ]
[weight_column: ]
[group_column: ]
[ignore_column: ]
[categorical_feature: ]
[forcedbins_filename: ]
[precise_float_parser: 0]
[parser_config_file: ]
[objective_seed: 16083]
[num_class: 1]
[is_unbalance: 0]
[scale_pos_weight: 1]
[sigmoid: 1]
[boost_from_average: 1]
[reg_sqrt: 0]
[alpha: 0.9]
[fair_c: 1]
[poisson_max_delta_step: 0.7]
[tweedie_variance_power: 1.5]
[lambdarank_truncation_level: 30]
[lambdarank_norm: 1]
[label_gain: ]
[lambdarank_position_bias_regularization: 0]
[eval_at: ]
[multi_error_top_k: 1]
[auc_mu_weights: ]
[num_machines: 1]
[local_listen_port: 12400]
[time_out: 120]
[machine_list_filename: ]
[machines: ]
[gpu_platform_id: -1]
[gpu_device_id: -1]
[gpu_use_dp: 0]
[num_gpu: 1]

end of parameters

pandas_categorical:null
