tree
version=v4
num_class=1
num_tree_per_iteration=1
label_index=0
max_feature_idx=61
objective=binary sigmoid:1
feature_names=Column_0 Column_1 Column_2 Column_3 Column_4 Column_5 Column_6 Column_7 Column_8 Column_9 Column_10 Column_11 Column_12 Column_13 Column_14 Column_15 Column_16 Column_17 Column_18 Column_19 Column_20 Column_21 Column_22 Column_23 Column_24 Column_25 Column_26 Column_27 Column_28 Column_29 Column_30 Column_31 Column_32 Column_33 Column_34 Column_35 Column_36 Column_37 Column_38 Column_39 Column_40 Column_41 Column_42 Column_43 Column_44 Column_45 Column_46 Column_47 Column_48 Column_49 Column_50 Column_51 Column_52 Column_53 Column_54 Column_55 Column_56 Column_57 Column_58 Column_59 Column_60 Column_61
feature_infos=[6.0616719417954386:99.441167317723838] [-2.6718881169281303:2.0283873622438482] [-0.44444438599927438:1.4071805587064343] [0.000230501344761:0.0023154018161540002] [0:1] [0:1] [-0.00055418573406709997:0.00059519563821640005] [-0.0010721033163686:0.00096469144919809999] [-0.0017184599273159999:0.0011066727431635001] [0.00012789228765778605:0.0002543963663450404] [-0.00047870723430289998:0.00045171729235920003] [-1:1] [-0.00047870723430289998:0.00045171729235920003] [-0.00081630251433670005:0.0008521345232112] [-0.0010220405708998999:0.00098216138432970007] [-0.0013380090915435:0.0012989183791763] [0:1] [0:1] [-1:1] [-8.8114503374054358:6.760547427226963] [0.0025776669037178:0.0025900859270025002] [-0.0013269011049598001:0.0011047843339623] [-1.0111358329464113:0.7711300366298377] [-1.0892898239074988:2.1106868143838451] [0:0.44999999999925] [0.20000000000000001:1] none [-4.9251260703386457:4.9633469452698975] none [0:12.317406449560011] [-2.9656570252999082:3.0323571935321132] [-2.7203600155849665:2.4289459382648726] [-2.385851731454129:2.4649349412597736] [-19.911354517400884:20.378520558357138] none [-0.82085434505644095:0.82722449087831629] [-0.98855234176663609:1.0107857311773711] [-0.90678667186165551:0.8096486460882909] [-0.18692958267323226:4.5788328762250812] [-0.20177271661887231:4.3734597096554326] [-4.9251260703386404:4.9633469452698984] [-8.517774955218253e-05:0.28401148734810949] [0:1.5291571156678936] [0:1] [0.018841567316319714:85.882169858040029] [0.10000000000000001:0.90000000000000002] [-0.35185385682903531:0.36937680998528405] [-0.4061638795007248:0.40537479485371475] [-0.59748420106295974:0.73413960465454875] [-0.46682862068200159:0.83019807403892676] [-0.38520961953325078:0.18090753424749767] [-0.33438374407900562:0.13350682327806446] [-0.67371200500864237:0.8433393469376107] [-0.25249197411766139:0.53634281349755863] [-0.35524113273532609:0.21191277757224844] [-0.44551576495895107:0.44529268951514134] [-0.65527499848861537:0.19560734356791432] [-0.57056891722007519:0.49324521518819231] [-0.358909219924538:0.37677896381570186] [-0.90394410866799035:0.64192422946024796] [-0.89273740449057781:0.78192288971925838] [0.14682175456508359:0.74603402383413309]
tree_sizes=1661 1738 1747 1751 1632 1755 1754 1749 1745 1747 1752 1646 1743 1740 1750 1747 1755 1740 1539 1757 1649 1746 1732 1763 1646 1639 1646 1762 1435 1746 1743 1744 1742 1736 1754 1749 1753 1756 1646 1751 1646 1643 1754 1535 1766 1763 1121 1749 1660 1758 1746 1751 1746 1638 1110 1108 799 1114 1113 792 1107 1533 1007 801 1641 1216 1006 1558 1108 1112 1750 1116 1438 1115 1653 1440 1009 1335 1755 1012 1647 1002 1108 1752 1114 1653 1100 1441 1541 1743 998 1003 1121 1654 1008 1662 1764 1446 1757 1003 1325 1099 1538 1655 1545 1655 1541 1115 1114 1011 1119 1657 1115 1638 1003 1323 1010 1012 1655 997 1540 1110 1115 1645 1004 1548 1639 1003 1221 1003 1000 1647 1652 1116 1542 1111 995 801 1654 799 1441 1015 1757 802 1533 1638 794 690 1009 1215 1337 1328 798 1011 1641 1228 897 1228 1774 1338 1112 1642 1109 1101 1441 1545 1545 1432 1108 997 1333 1545 1105 1339 1540 1112 1760 1436 1547 1647 898 1656 802 1764 895 1429 803 1322 1646 1211 1423 1422 1318 1535 1333 797 1748 798 1007 1428 1113 801 1415 1547 1320 1543 1224 798 1426 1531 1115 796 1647 1005 1420 1536 912 1330 1337 999 999 1115 691 1113 998 1548 1221 1441 1544 1102 1114 896 1545 1112 1323 1425 1422 1113 1129 1750 1767 1210 1666 1315 899 905 1534 1773 1445 1763 1006 1638 1757 1547 1751 1643 1648 1765 1117 1000 1103 1222 1650 896 1758 1010 1662 1324 1661 997 1541 1014 1012 1543 1106 1768 1005 895 1646 1117 1638 1451 1534 1002 1098 1541 1332 898 1231 1217 1434 1321 1004 1535 1429 1111 901 1649 1321 897

Tree=0
num_leaves=15
num_cat=0
split_feature=61 60 61 22 44 61 61 8 61 43 20 10 61 61
split_gain=149.03 163.569 124.116 64.6919 37.5986 31.2646 54.3774 23.7146 19.5458 16.9654 13.7511 5.26011 2.66869 2.161
threshold=0.46792381756767315 -0.29591218090547106 0.58657205344341568 0.34006023200396346 1.7340917872314243 0.50036194023781833 0.53144018024757067 7.0896245534843319e-05 0.43634652038310756 0.55672095408128219 0.0025834948173312005 -0.00018167904467494998 0.40087432830500092 0.59863169172972286
decision_type=2 2 2 2 2 2 2 2 2 2 2 2 2 2
left_child=1 3 5 4 -1 7 -7 -2 12 -5 -10 -4 -3 -13
right_child=2 8 11 9 -6 6 -8 -9 10 -11 -12 13 -14 -15
leaf_value=1.2953803796513457 1.2625337812413744 1.3483644729330411 1.2947393895490524 1.1714289186203881 1.1714289186203881 1.2114311333818539 1.2690168988061636 1.3181778578178132 1.2450498368192795 1.2571880527230395 1.3213492594805551 1.3219292952835382 1.3375283404400835 1.3465567875353814
leaf_weight=124.80691748857498 39.075850009918213 101.73195433616638 4.3791900873184195 9.4321017265319806 4.0423293113708487 47.497369408607483 58.613775014877319 17.853621125221252 4.2107596993446341 6.0634939670562735 36.886254966259003 7.2425066828727713 56.592610359191895 26.780431687831879
leaf_count=741 232 604 26 56 24 282 348 106 25 36 219 43 336 159
internal_value=1.29863 1.31464 1.27131 1.28221 1.29149 1.25607 1.24324 1.27998 1.33811 1.20499 1.31353 1.336 1.34449 1.34131
internal_weight=545.209 343.766 201.443 144.345 128.849 163.041 106.111 56.9295 199.422 15.4956 41.097 38.4021 158.325 34.0229
internal_count=3237 2041 1196 857 765 968 630 338 1184 92 244 228 940 202
is_linear=0
shrinkage=1


Tree=1
num_leaves=15
num_cat=0
split_feature=61 60 61 22 44 3 61 2 61 3 43 10 61 61
split_gain=136.422 154.221 112.321 55.6983 32.023 27.753 51.1335 20.9073 19.1074 20.2201 13.9954 5.07098 2.66408 2.1307
threshold=0.46792381756767315 -0.29591218090547106 0.58657205344341568 0.34006023200396346 1.7340917872314243 0.00068576652256260005 0.50036194023781833 0.07242139203421516 0.43634652038310756 0.00057461607396880018 0.29456589126328636 -0.00018167904467494998 0.40087432830500092 0.59863169172972286
decision_type=2 2 2 2 2 2 2 2 2 2 2 2 2 2
left_child=1 3 5 4 -1 7 -7 -2 12 -10 -5 -4 -3 -13
right_child=2 8 11 10 -6 6 -8 -9 9 -11 -12 13 -14 -15
leaf_value=-0.0031116369577789916 -0.087378660664932023 0.049172522422766381 -0.0037244350060245436 -0.14351080876024974 -0.11369875834071096 -0.013558175702569231 -0.067797946638060463 -0.001713852123440223 -0.041615398671692956 0.028603704967979145 -0.061690654687664374 0.022677508770818002 0.038210953044267831 0.047334029505508454
leaf_weight=125.03841903805733 5.1865219324827185 98.841615557670593 4.3889161348342887 4.6960874497890499 4.3348499536514273 42.04746501147747 82.124732986092567 37.639325097203255 8.2193193882703763 32.527637779712677 11.62548592686653 7.1460968852043143 55.334969758987427 26.047209173440933
leaf_count=741 30 604 26 26 24 247 473 218 49 195 66 43 336 159
internal_value=2.37416e-05 0.0155305 -0.0257945 -0.0156015 -0.00681703 -0.0398548 -0.0494312 -0.0120885 0.0388001 0.0144394 -0.0852322 0.036683 0.0452383 0.0420258
internal_weight=545.199 340.618 204.58 145.695 129.373 166.998 124.172 42.8258 194.924 40.747 16.3216 37.5822 154.177 33.1933
internal_count=3237 2041 1196 857 765 968 720 248 1184 244 92 228 940 202
is_linear=0
shrinkage=0.04


Tree=2
num_leaves=15
num_cat=0
split_feature=61 52 61 22 44 14 23 61 61 3 4 14 61 42
split_gain=125.064 146.658 101.311 48.385 27.6511 23.5625 28.4989 19.9344 17.1012 19.4981 10.9645 2.85982 2.66451 1.29261
threshold=0.46671704654577545 0.25400382144080103 0.59221363351017031 0.34006023200396346 1.7340917872314243 -0.00032048549273104994 -0.71244084952920927 0.49045515287899399 0.43634652038310756 0.00057461607396880018 1.0000000180025095e-35 -0.00052454593346304998 0.39581144337473717 0.0001593386741878887
decision_type=2 2 2 2 2 2 2 2 2 2 2 2 2 2
left_child=1 8 5 4 -3 7 -7 -2 12 -10 -5 -4 -1 -13
right_child=2 3 11 10 -6 6 -8 -9 9 -11 -12 13 -14 -15
leaf_value=0.048995658641746709 -0.009855487598567839 -0.0029683856289506316 0.0073889984280258439 -0.11641159396285476 -0.10292236856084362 -0.071603287940625218 -0.021504823256658354 -0.082567654687552491 -0.039000883444642205 0.029690603604554899 -0.051286688622042935 0.050081963062260801 0.038112077972786651 0.031652511806171318
leaf_weight=89.63152152299881 7.8173362314701071 124.55826550722122 3.7320533841848365 7.0494110733270654 4.5914826393127433 21.371865168213844 121.17881897091866 26.424829348921776 8.4153234809637052 30.846651136875153 10.009549155831337 20.406830504536632 60.139583915472031 8.6789232492446882
leaf_count=564 45 737 23 37 24 121 691 148 49 188 55 127 374 54
internal_value=4.4329e-05 0.0151979 -0.0241915 -0.0148848 -0.00652191 -0.0361729 -0.0290158 -0.0659678 0.0384655 0.0149674 -0.0781988 0.0403531 0.0446254 0.0445828
internal_weight=544.852 335.242 209.611 146.209 129.15 176.793 142.551 34.2422 189.033 39.262 17.059 32.8178 149.771 29.0858
internal_count=3237 2028 1209 853 761 1005 812 193 1175 237 92 204 938 181
is_linear=0
shrinkage=0.04


Tree=3
num_leaves=15
num_cat=0
split_feature=61 60 61 22 44 3 61 6 61 3 43 12 61 61
split_gain=114.833 137.297 93.2584 42.4507 25.4128 23.4073 41.7677 19.9658 18.2776 17.2344 10.7427 4.90269 2.67763 2.03686
threshold=0.46792381756767315 -0.29591218090547106 0.58657205344341568 0.34006023200396346 0.018843192827423569 0.00068576652256260005 0.50036194023781833 -0.00019961334217959996 0.43634652038310756 0.00057461607396880018 0.55672095408128219 -0.00018167904467494998 0.40087432830500092 0.59863169172972286
decision_type=2 2 2 2 2 2 2 2 2 2 2 2 2 2
left_child=1 3 5 4 -1 7 -7 -2 12 -10 -5 -4 -3 -13
right_child=2 8 11 10 -6 6 -8 -9 9 -11 -12 13 -14 -15
leaf_value=0.0053609246498679507 -0.094375065450544554 0.048136161643511935 -0.0044091378905683435 -0.096257918015243138 -0.033159391602377304 -0.011544144752937267 -0.059707467231278573 -0.0013641500438527183 -0.036626120046357714 0.027273204776113502 -0.031860552502517618 0.0218719384828189 0.036866952260092761 0.04628924932154882
leaf_weight=91.108526632189751 4.0700378865003577 93.205514788627625 4.3474914431571952 11.102710470557215 39.189838707447052 43.059648856520653 87.04880228638649 39.825293809175491 8.5986119508743268 31.470972523093224 6.6136645674705496 7.0196444243192699 52.872039556503296 24.700528636574745
leaf_count=538 22 604 26 56 227 247 473 226 49 195 36 43 336 159
internal_value=6.13496e-05 0.0146296 -0.0231124 -0.0141238 -0.00622483 -0.0352463 -0.0437677 -0.00998826 0.0374927 0.0135609 -0.0722179 0.035426 0.0440573 0.0408857
internal_weight=544.233 334.162 210.071 148.015 130.298 174.004 130.108 43.8953 186.147 40.0696 17.7164 36.0677 146.078 31.7202
internal_count=3237 2041 1196 857 765 968 720 248 1184 244 92 228 940 202
is_linear=0
shrinkage=0.04


Tree=4
num_leaves=14
num_cat=0
split_feature=61 60 61 59 8 61 44 61 3 23 61 12 49
split_gain=105.559 131.927 84.8404 21.9615 26.6691 23.0845 19.0783 16.2642 16.817 15.5934 2.68736 2.67922 0.906223
threshold=0.46671704654577545 -0.29591218090547106 0.59221363351017031 -0.75141934653418663 -0.00038758583680409994 0.49845577186584206 1.7340917872314243 0.43634652038310756 0.00057461607396880018 -0.6028576044019035 0.40087432830500092 -0.00018167904467494998 0.4026141095688936
decision_type=2 2 2 2 2 2 2 2 2 2 2 2 2
left_child=1 6 3 5 -5 -2 9 10 -9 -1 -3 -4 -13
right_child=2 7 11 4 -6 -7 -8 8 -10 -11 -12 12 -14
leaf_value=-0.056720781565109589 -0.020693960594119303 0.047653904891870491 0.0069752305302582633 -0.054263460011985745 -0.01911794737289647 -0.14256374688858264 -0.091424280757117421 -0.03445916670259664 0.02851376154823872 -0.007228036339927856 0.036220138276940608 0.045937149961059583 0.022755303938318573
leaf_weight=11.037595212459562 4.4092089384794217 90.438759297132492 3.6601885557174709 47.658697053790092 125.5490600913763 5.7039163857698441 4.8866969347000113 8.7701115608215314 29.97920073568821 131.9204338490963 51.687698364257812 24.597044900059704 3.0305322110652915
leaf_count=63 25 604 22 257 693 30 24 49 189 763 336 162 20
internal_value=7.69016e-05 0.0143227 -0.0217436 -0.0321337 -0.0287884 -0.0894299 -0.0137059 0.0372328 0.0142611 -0.0110493 0.0434957 0.0391338 0.0433943
internal_weight=543.329 328.72 214.609 183.321 173.208 10.1131 147.845 180.876 38.7493 142.958 142.126 31.2878 27.6276
internal_count=3237 2028 1209 1005 950 55 850 1178 238 826 940 204 182
is_linear=0
shrinkage=0.04


Tree=5
num_leaves=15
num_cat=0
split_feature=57 22 23 54 13 7 42 3 22 9 30 23 14 20
split_gain=85.157 28.2778 27.962 25.9358 24.3369 24.0654 10.7371 10.2882 10.0151 9.48317 8.47803 7.85845 6.75998 1.88704
threshold=-0.30587411502685941 0.355786368766774 -0.71244084952920927 0.11347599905956311 -0.00028083670790334995 -0.00023275930993169999 0.00012554149450571631 0.00086277790867425011 -0.34505852943168941 0.00019803330061497193 -0.29285861732986068 -0.079476224938574938 7.8434580941852961e-05 0.0025842141541891003
decision_type=2 2 2 2 2 2 2 2 2 2 2 2 2 2
left_child=1 2 10 8 11 -4 -3 -6 13 -10 -1 -5 -8 -2
right_child=3 6 5 4 7 -7 12 -9 9 -11 -12 -13 -14 -15
leaf_value=-0.040355741615782363 0.045846816192165026 -0.033840678730957835 -0.03931708280648312 -0.067671614988373374 0.019141687610772735 -0.0034631794474173482 -0.13766354692025595 -0.011487212928048201 0.021416490240195509 0.0045132227893817786 -0.10856041357555186 -0.0091449672691342049 -0.070301063405475192 0.027837881292314615
leaf_weight=5.5542232245206833 19.675330996513367 7.6080054044723537 39.505714535713196 11.909517824649813 34.218840271234512 123.87124145030975 3.9424019306898099 36.014225870370865 138.9861474186182 85.941671565175056 6.1389985531568509 5.3061503916978827 6.0282607674598694 17.670188173651695
leaf_count=30 126 38 226 65 210 711 20 210 864 533 32 32 30 110
internal_value=8.93311e-05 -0.0212657 -0.0164096 0.011853 -0.00701162 -0.0121329 -0.0696286 0.00343575 0.018143 0.014958 -0.0761635 -0.0496327 -0.0969362 0.0373258
internal_weight=542.371 192.649 175.07 349.722 87.4487 163.377 17.5787 70.2331 262.273 224.928 11.6932 17.2157 9.97066 37.3455
internal_count=3237 1087 999 2150 517 937 88 420 1633 1397 62 97 50 236
is_linear=0
shrinkage=0.04


Tree=6
num_leaves=15
num_cat=0
split_feature=57 22 23 54 13 21 41 22 9 9 30 23 0 45
split_gain=78.1315 24.8743 25.6527 24.2203 21.8156 20.3631 9.77717 9.64936 8.9623 8.52138 7.45005 6.79682 6.25438 1.58349
threshold=-0.30587411502685941 0.36704465486314369 -0.71244084952920927 0.11347599905956311 -0.00028083670790334995 -0.00020875545444869997 2.7170594637600711e-05 -0.34819778288660319 0.00022898604147326184 0.00017770509609086653 -0.29285861732986068 -0.079476224938574938 63.215371405560653 0.76338413996074517
decision_type=2 2 2 2 2 2 2 2 2 2 2 2 2 2
left_child=1 2 10 7 11 -4 -6 13 -9 -3 -1 -5 -11 -2
right_child=3 9 5 4 6 -7 -8 8 -10 12 -12 -13 -14 -15
leaf_value=-0.037957426318166114 0.039794889475880411 -0.022807473943319483 -0.032794508036644771 -0.062789327906871542 0.0077244499297532644 -0.0025165731734836951 -0.047240043242501417 0.015986716460829924 -0.030504270502721448 -0.054549652109604663 -0.10037047753461385 -0.0087329283053269521 -0.11499710425217391 0.0094513075579430554
leaf_weight=5.6665639728307724 31.893131494522095 4.6015812605619422 51.365982457995415 12.313407897949221 64.44878813624382 115.34552501142025 5.6304522901773444 217.71862398087978 6.842927783727645 5.0105863213539106 6.6525520086288434 5.3336704522371283 6.0402557700872421 3.0115313977003089
leaf_count=30 206 23 290 65 388 658 32 1366 41 24 33 32 29 20
internal_value=9.43754e-05 -0.0201892 -0.0159615 0.0114681 -0.0067013 -0.0118456 0.00330838 0.0176112 0.01457 -0.0685445 -0.0716616 -0.0464513 -0.0875895 0.0371769
internal_weight=541.876 194.683 179.031 347.193 87.7263 166.712 70.0792 259.466 224.562 15.6524 12.3191 17.6471 11.0508 34.9047
internal_count=3237 1087 1011 2150 517 948 420 1633 1407 76 63 97 53 226
is_linear=0
shrinkage=0.04


Tree=7
num_leaves=15
num_cat=0
split_feature=61 60 61 22 44 61 61 41 61 3 23 14 61 42
split_gain=97.0213 113.228 77.4327 30.5144 22.2025 20.155 41.3844 20.2037 16.2579 16.1108 7.86672 2.80848 2.74058 1.32629
threshold=0.46671704654577545 -0.29591218090547106 0.59221363351017031 0.34006023200396346 0.018843192827423569 0.55148480480136908 0.50036194023781833 -3.4477733025450867e-05 0.43634652038310756 0.00057461607396880018 -0.34013479549257697 -0.00052454593346304998 0.39581144337473717 0.0001593386741878887
decision_type=2 2 2 2 2 2 2 2 2 2 2 2 2 2
left_child=1 3 5 4 -1 6 -2 -7 12 -10 -5 -4 -3 -13
right_child=2 8 11 10 -6 7 -8 -9 9 -11 -12 13 -14 -15
leaf_value=0.0064869199286795845 -0.013310910057057139 0.04725823947335682 0.0053094757346338782 -0.10326179937317898 -0.029003377131138462 -0.076126439301916593 -0.056870137586353842 0.0036265860192972875 -0.034745426552064779 0.027204190663355492 -0.043771948342269253 0.048812424448949829 0.035669965244215548 0.029465162830754222
leaf_weight=91.669671177864075 62.355911776423454 80.107978373765945 3.5960724800825146 4.6985490918159512 40.736692517995834 5.8503234088420859 79.250427290797234 38.710664689540863 8.7467920333147031 28.940588772296906 14.632655411958693 18.715218633413318 55.121557518839836 8.132680803537367
leaf_count=531 351 565 23 22 227 31 414 209 49 189 70 127 375 54
internal_value=9.80995e-05 0.0139312 -0.0206347 -0.0112861 -0.00443217 -0.0303059 -0.037689 -0.00684403 0.0360597 0.0128264 -0.0582313 0.0385055 0.0425347 0.0429518
internal_weight=541.266 324.654 216.611 151.738 132.406 186.167 141.606 44.561 172.917 37.6874 19.3312 30.444 135.23 26.8479
internal_count=3237 2028 1209 850 758 1005 765 240 1178 238 92 204 940 181
is_linear=0
shrinkage=0.04


Tree=8
num_leaves=15
num_cat=0
split_feature=61 60 61 22 44 61 61 41 61 25 43 61 14 42
split_gain=89.3118 104.959 71.6242 27.6015 20.4604 18.4697 34.8916 17.9048 17.4845 16.6778 8.79484 2.76328 2.74074 1.32579
threshold=0.46792381756767315 -0.29591218090547106 0.59221363351017031 0.34006023200396346 0.018843192827423569 0.55148480480136908 0.50036194023781833 -3.4477733025450867e-05 0.43634652038310756 0.90000000000000013 0.55672095408128219 0.40087432830500092 -0.00052454593346304998 0.0001593386741878887
decision_type=2 2 2 2 2 2 2 2 2 2 2 2 2 2
left_child=1 3 5 4 -1 6 -2 -7 11 -10 -5 -3 -4 -14
right_child=2 8 12 10 -6 7 -8 -9 9 -11 -12 -13 13 -15
leaf_value=0.0064237670318571961 -0.013040252964613031 0.046444080008167292 0.0051139293686116574 -0.075221023638421425 -0.027417257819511126 -0.070433401014476968 -0.053132543107740474 0.0034880388239712746 0.019175823683404286 -0.077267314968200052 -0.02000387404792503 0.034421937926915801 0.0483933830082664 0.028830158393100803
leaf_weight=92.569727808237076 60.585715889930725 83.077489107847214 3.5844763368368175 12.403970524668695 41.356499493122101 6.0655962973833075 81.386386379599571 38.63981731235981 35.220912501215935 3.1233185976743689 7.3501741588115683 48.418360233306885 18.133929178118709 7.9824105501174918
leaf_count=538 338 604 23 56 227 31 414 209 225 19 36 336 127 54
internal_value=0.000109519 0.0134145 -0.0197836 -0.0105368 -0.00402636 -0.0289631 -0.0360234 -0.00654157 0.035087 0.0113201 -0.0546757 0.0420174 0.0379123 0.0424139
internal_weight=539.899 323.52 216.378 153.68 133.926 186.678 141.972 44.7054 169.84 38.3442 19.7541 131.496 29.7008 26.1163
internal_count=3237 2041 1196 857 765 992 752 240 1184 244 92 940 204 181
is_linear=0
shrinkage=0.04


Tree=9
num_leaves=15
num_cat=0
split_feature=61 60 61 22 44 3 61 61 25 8 9 14 39 22
split_gain=82.2909 101.349 65.3834 24.684 19.3429 16.9284 27.6986 15.859 24.4197 13.1987 8.09056 2.67543 1.54197 1.20758
threshold=0.46671704654577545 -0.29591218090547106 0.59221363351017031 0.355786368766774 1.7340917872314243 0.00068576652256260005 0.50036194023781833 0.42240030798028388 0.90000000000000013 -0.00017889524064089996 0.00017518699792763446 -0.00052454593346304998 -0.0046146987898647322 -0.077400580705846225
decision_type=2 2 2 2 2 2 2 2 2 2 2 2 2 2
left_child=1 3 5 4 -1 9 -7 12 -9 -2 -5 -4 -3 -13
right_child=2 7 11 10 -6 6 -8 8 -10 -11 -12 13 -14 -15
leaf_value=-0.0013636727189927933 -0.036356611262606413 0.025993080828361961 0.0049250299965417936 -0.0066472973014967841 -0.080088522869580472 -0.0084784559899454843 -0.045924179592979807 0.025988580497201291 -0.065066959180605413 0.008888693957087971 -0.068978842323840259 0.02980539603516319 0.04496478746446169 0.048185266671200558
leaf_weight=129.63478852808475 15.449147477746008 7.3466652482748023 3.5733129978179958 4.3874549120664623 5.1937044262886038 46.584051117300987 98.301848590373993 50.047410443425179 5.2023036032915106 31.046368345618248 13.847935423254965 8.6980233937501961 102.3400201946497 16.701741605997082
leaf_count=743 81 54 23 21 24 258 495 334 33 171 62 62 757 119
internal_value=0.000119295 0.0131374 -0.0186676 -0.0103036 -0.00439622 -0.0271453 -0.0338845 0.0348912 0.0174148 -0.00614504 -0.0539818 0.0373321 0.0436941 0.0418912
internal_weight=538.355 318 220.354 153.064 134.828 191.381 144.886 164.936 55.2497 46.4955 18.2354 28.9731 109.687 25.3998
internal_count=3237 2028 1209 850 767 1005 753 1178 367 252 83 204 811 181
is_linear=0
shrinkage=0.04


Tree=10
num_leaves=15
num_cat=0
split_feature=61 60 61 22 44 3 61 61 25 6 43 10 22 39
split_gain=75.8541 95.872 60.6004 22.3364 17.8108 16.7975 27.3814 15.6387 22.225 14.8273 7.60448 4.34089 2.01399 1.53979
threshold=0.46671704654577545 -0.29591218090547106 0.58657205344341568 0.34006023200396346 0.018843192827423569 0.00068576652256260005 0.50036194023781833 0.42240030798028388 0.90000000000000013 -0.00019961334217959996 0.55672095408128219 -0.00018167904467494998 -0.30585676982517113 -0.0046146987898647322
decision_type=2 2 2 2 2 2 2 2 2 2 2 2 2 2
left_child=1 3 5 4 -1 9 -7 13 -9 -2 -5 -4 -13 -3
right_child=2 7 11 10 -6 6 -8 8 -10 -11 -12 12 -14 -15
leaf_value=0.0060654548754969038 -0.073817989327845085 0.025406422780566488 -0.0047539074194820315 -0.067499757614483291 -0.025391879580253577 -0.0081025337835610219 -0.045395663183078069 0.025370963780317529 -0.060084528612659671 0.0020241838521827681 -0.016918881467604535 0.0064610785944736781 0.041942499794090073 0.044541015147388806
leaf_weight=91.0812828540802 4.5774161219596854 7.2182841747999182 4.3056910634040824 12.872692167758943 42.112856030464172 46.791194722056389 96.395586103200912 49.231828019022942 5.4039834290742865 41.673613294959068 7.5421005487442008 2.8467251807451275 25.378696635365486 99.243807822465897
leaf_count=531 22 54 26 56 227 258 473 334 33 228 36 20 182 757
internal_value=0.000127734 0.0127572 -0.0177783 -0.00985218 -0.00388061 -0.0264393 -0.0332089 0.0343156 0.0169186 -0.00548184 -0.048813 0.032657 0.038364 0.0432437
internal_weight=536.676 314.707 221.969 153.609 133.194 189.438 143.187 161.098 54.6358 46.251 20.4148 32.5311 28.2254 106.462
internal_count=3237 2028 1209 850 758 981 731 1178 367 250 92 228 202 811
is_linear=0
shrinkage=0.04


Tree=11
num_leaves=14
num_cat=0
split_feature=61 60 61 61 3 50 49 61 25 44 14 23 39
split_gain=69.9673 90.7009 56.0477 26.8958 32.3605 17.6155 17.0687 15.419 20.2897 14.1388 14.0768 11.2189 1.53877
threshold=0.46671704654577545 -0.29591218090547106 0.55148480480136908 0.50036194023781833 0.00066360421170870009 -0.10464666640558438 0.34079685356822526 0.42240030798028388 0.90000000000000013 1.7340917872314243 -0.00019852286258094997 -0.67787883314690733 -0.0046146987898647322
decision_type=2 2 2 2 2 2 2 2 2 2 2 2 2
left_child=1 9 3 6 -5 -4 -2 12 -9 11 -7 -1 -3
right_child=2 7 5 4 -6 10 -8 8 -10 -11 -12 -13 -14
leaf_value=-0.05592763592900539 -0.026292147432988217 0.024827352062738339 -0.079897851262710373 -0.00058775450460347577 -0.059083115966139348 -0.005700805359636644 0.01734657826054279 0.024763013593546629 -0.055718747795096196 -0.073093609626331574 0.030572316566749982 -0.0046449938611887887 0.044131747645445626
leaf_weight=7.1712346524000159 41.931838810443878 7.0937296748161307 3.2250741869211188 19.628482043743134 66.053127139806747 29.023615851998329 21.794767022132874 48.439141094684601 5.5902911722660056 5.3853114992380133 41.730864256620407 141.55234983563423 96.218809872865677
leaf_count=37 229 54 16 102 312 175 122 334 33 24 253 789 757
internal_value=0.000135229 0.0123879 -0.0169477 -0.0310463 -0.0456826 0.0115258 -0.0113675 0.0337509 0.0164358 -0.00942328 0.015693 -0.00711777 0.0428063
internal_weight=534.839 311.451 223.388 149.408 85.6816 73.9796 63.7266 157.342 54.0294 154.109 70.7545 148.724 103.313
internal_count=3237 2028 1209 765 414 444 351 1178 367 850 428 826 811
is_linear=0
shrinkage=0.04


Tree=12
num_leaves=15
num_cat=0
split_feature=57 9 22 23 13 46 44 50 9 43 32 20 32 22
split_gain=52.082 18.4103 18.0155 17.6818 17.3428 13.6245 10.7787 8.53032 8.60121 7.11607 6.24428 7.08377 4.69473 0.840716
threshold=-0.30587411502685941 0.0001748643205608716 0.36704465486314369 -0.71244084952920927 -0.00028083670790334995 -0.15416107025378747 0.018843704653345311 0.17192111940281371 0.00018995509277529762 0.38934949659805823 0.22823996949047209 0.0025835832371229003 -0.34536775043771045 -0.20103941689015523
decision_type=2 2 2 2 2 2 2 2 2 2 2 2 2 2
left_child=1 10 3 -3 5 9 -7 8 -6 -2 11 -1 -4 -12
right_child=4 2 12 -5 7 6 -8 -9 -10 -11 13 -13 -14 -15
leaf_value=-0.024018855822652722 -0.012423999526412544 -0.061602804521440097 -0.037280043380877682 -0.012866832818511073 0.02160846106529318 0.012168149880169959 -0.059199339840561124 -0.053261079274907024 0.0076555536195334287 -0.067850506683610187 0.027353799635755922 0.030509622944354158 -0.085281934358024961 0.052566329936504438
leaf_weight=8.2416461408138293 6.4723599106073371 12.928113549947737 5.6450969278812408 151.3948525339365 133.50128618627787 25.25888674706221 3.9101496413350096 3.0292005091905585 150.24113912880421 8.6717152595520002 3.383054330945015 7.0920181870460501 7.7156867235898954 5.6504800170660001
leaf_count=45 35 61 25 832 898 158 23 18 973 45 20 39 33 32
internal_value=0.000142227 -0.0158616 -0.020333 -0.0167011 0.00990889 -0.0133802 0.00260124 0.0135076 0.0142204 -0.044162 0.0167432 0.00120127 -0.0650005 0.0431242
internal_weight=533.136 202.051 177.684 164.323 331.085 44.3131 29.169 286.772 283.742 15.1441 24.3672 15.3337 13.3608 9.03353
internal_count=3237 1087 951 893 2150 261 181 1889 1871 80 136 84 58 52
is_linear=0
shrinkage=0.04


Tree=13
num_leaves=15
num_cat=0
split_feature=57 9 13 3 23 46 9 58 50 9 32 23 0 57
split_gain=47.9316 16.8424 16.0761 15.6411 15.8633 12.26 9.43993 7.79727 7.75474 8.14801 5.95254 6.89252 5.51533 0.830782
threshold=-0.30587411502685941 0.0001748643205608716 -0.00028083670790334995 0.00058031518265875008 -0.6028576044019035 -0.15416107025378747 0.00022452515083396418 0.30538989005013234 0.17192111940281371 0.00018995509277529762 0.22823996949047209 0.12874084533913496 25.636652669348347 -0.36362283541966561
decision_type=2 2 2 2 2 2 2 2 2 2 2 2 2 2
left_child=1 10 5 7 -5 12 -7 -3 9 -4 11 -1 -2 -12
right_child=2 3 8 4 -6 6 -8 -9 -10 -11 13 -13 -14 -15
leaf_value=0.017055373331197738 0.0011929073542603604 -0.027711650549968714 0.021024738514905023 -0.054745431851992613 -0.018043844184669901 0.011015559764751486 -0.058466776505304296 0.037874164098787709 -0.049683138195975966 0.0073826856800501463 0.052136129932992513 -0.044126335414869641 -0.054966150178922674 0.02692495463973394
leaf_weight=11.341004580259325 3.6721791028976432 3.973477065563201 131.75535723567009 21.708406269550323 142.74035847187042 25.551062643527988 3.5650403127074233 10.738466843962668 3.115600809454917 149.57615274935961 5.4178709089756012 3.9800952821969977 11.754093676805494 3.4060829132795316
leaf_count=64 20 22 898 103 766 160 21 60 18 973 31 20 60 21
internal_value=0.000141802 -0.0151272 0.0095776 -0.0193537 -0.0228887 -0.012767 0.00250799 0.0201604 0.0130766 0.0137716 0.0162341 0.00116167 -0.0415977 0.0424045
internal_weight=532.295 203.306 328.989 179.161 164.449 44.5424 29.1161 14.7119 284.447 281.332 24.1451 15.3211 15.4263 8.82395
internal_count=3237 1087 2150 951 869 261 181 82 1889 1871 136 84 80 52
is_linear=0
shrinkage=0.04


Tree=14
num_leaves=15
num_cat=0
split_feature=61 60 61 61 22 61 20 41 61 3 41 8 43 61
split_gain=65.3268 71.5774 57.7878 23.817 20.2807 17.1107 16.0777 15.4437 14.8389 27.9193 14.7118 11.9896 5.55667 2.94534
threshold=0.4763330308672567 -0.29591218090547106 0.55148480480136908 0.43634652038310756 0.355786368766774 0.59221363351017031 0.0025835460733313006 -3.4477733025450867e-05 0.50036194023781833 0.00082126668695925019 1.4972140082599359e-05 -0.00032644407622814994 0.29456589126328636 0.39581144337473717
decision_type=2 2 2 2 2 2 2 2 2 2 2 2 2 2
left_child=1 4 8 13 11 7 -5 -4 10 -10 -2 -1 -6 -3
right_child=2 3 5 6 12 -7 -8 -9 9 -11 -12 -13 -14 -15
leaf_value=-0.021556292933545333 -0.025716856240222147 0.045243646931376377 -0.061609499134658102 -0.049012851531523259 -0.076683788709310169 0.036056315255450555 0.01600807039582456 0.0054022062069593504 -0.017831810769191988 -0.06338218398708903 0.032742420203760801 0.0046206091118680161 -0.030910836621354704 0.032299169444633583
leaf_weight=37.901592418551445 36.513443261384964 67.35136766731739 6.3949198573827735 7.20281858742237 6.309714853763583 27.295120738446712 39.196056544780731 39.436855733394623 38.998902767896652 48.064362332224846 8.4891047030687314 107.11302424967289 12.957906037569044 48.289324261248112
leaf_count=212 198 565 31 44 26 204 257 209 192 222 49 595 58 375
internal_value=0.000141451 0.0112615 -0.0175429 0.0301244 -0.00734396 0.0109839 0.00591442 -0.00394795 -0.0333387 -0.0429785 -0.0146893 -0.00222109 -0.0459005 0.0398383
internal_weight=531.515 326.322 205.193 162.04 164.282 73.1269 46.3989 45.8318 132.066 87.0633 45.0025 145.015 19.2676 115.641
internal_count=3237 2132 1105 1241 891 444 301 240 661 414 247 807 84 940
is_linear=0
shrinkage=0.04


Tree=15
num_leaves=15
num_cat=0
split_feature=61 60 61 61 3 61 61 2 9 42 1 61 10 49
split_gain=60.3242 73.0318 49.527 16.5753 13.7896 13.3114 20.0287 14.0652 10.3831 15.5877 10.7425 2.97664 2.38907 1.05838
threshold=0.46792381756767315 -0.29591218090547106 0.59221363351017031 0.43634652038310756 0.00057461607396880018 0.55148480480136908 0.50036194023781833 0.057367050052430806 0.0001919592083353254 0.00011778503078746227 1.1733276415866387 0.39581144337473717 -0.00018167904467494998 0.4026141095688936
decision_type=2 2 2 2 2 2 2 2 2 2 2 2 2 2
left_child=1 8 5 11 -5 6 -2 -7 10 -10 -1 -3 -4 -14
right_child=2 3 12 4 -6 7 -8 -9 9 -11 -12 -13 13 -15
leaf_value=0.0087087798233617137 -0.010945776547659727 0.044919449084412907 0.0048077553972255818 -0.035877265095043076 0.022080099104306743 -0.058116977300332835 -0.040613021259182196 0.0052451871557172552 -0.061464478807100362 -0.010088212337683337 -0.052907967317207545 0.031730010906960711 0.043192352697898367 0.015930708585580506
leaf_weight=64.288663357496262 61.90221044421196 65.168080866336823 3.5229205936193493 8.6313007324933988 27.480937615036964 6.5365794748067847 88.41269613802433 39.347734987735748 10.746149525046347 78.267378926277161 4.8701478540897361 47.211282588541508 20.547842368483547 2.562722034752368
leaf_count=357 338 565 22 49 195 31 414 209 58 420 22 375 162 20
internal_value=0.00014743 0.0116563 -0.0156912 0.0318028 0.00822753 -0.0226391 -0.0283956 -0.00378125 -0.00725714 -0.0162906 0.00436974 0.0393785 0.0354919 0.0401693
internal_weight=529.497 306.664 222.833 148.492 36.1122 196.199 150.315 45.8843 158.172 89.0135 69.1588 112.379 26.6335 23.1106
internal_count=3237 2041 1196 1184 244 992 752 240 857 478 379 940 204 182
is_linear=0
shrinkage=0.04


Tree=16
num_leaves=15
num_cat=0
split_feature=61 60 61 61 22 55 61 44 14 3 9 61 14 42
split_gain=55.7551 63.9085 48.2313 22.5178 18.624 15.7527 14.9273 14.4622 14.0322 12.4148 5.30946 3.00936 2.62304 1.48295
threshold=0.4763330308672567 -0.29591218090547106 0.59221363351017031 0.43634652038310756 0.36704465486314369 0.022351917266801729 0.55148480480136908 0.018843192827423569 -0.00019852286258094997 0.00068576652256260005 0.00018318323854794541 0.39581144337473717 -0.00052454593346304998 0.0001593386741878887
decision_type=2 2 2 2 2 2 2 2 2 2 2 2 2 2
left_child=1 4 6 11 7 -5 9 -1 -8 -2 -6 -3 -4 -14
right_child=2 3 12 5 10 -7 8 -9 -10 -11 -12 -13 13 -15
leaf_value=0.0064020890135871415 -0.0098876030689716565 0.044608103655498596 0.0022571494917583488 -0.076288396203693626 -0.022913782385007093 0.012260175425169488 -0.033223872679663195 -0.020315315019802098 0.012892290136743112 -0.037311384090909762 -0.068068562232707019 0.031166374516452367 0.046782592248456205 0.024633046681550096
leaf_weight=100.63840702176094 35.984823614358902 63.040987052023411 3.4107332080602673 3.4770756959915152 7.8968033045530346 42.566701307892799 16.446986526250839 47.819410428404808 29.478767767548561 99.288624241948128 8.8198248445987684 46.163851074874401 15.54822224378586 7.0198804587125769
leaf_count=572 188 565 23 22 35 279 81 247 159 473 37 375 127 54
internal_value=0.000152136 0.010608 -0.016019 0.0290342 -0.0067109 0.00557328 -0.0233267 -0.00220379 -0.00362289 -0.0300162 -0.0467378 0.0389259 0.0349517 0.0398929
internal_weight=527.601 320.423 207.178 155.249 165.174 46.0438 181.199 148.458 45.9258 135.273 16.7166 109.205 25.9788 22.5681
internal_count=3237 2132 1105 1241 891 301 901 819 240 661 72 940 204 181
is_linear=0
shrinkage=0.04


Tree=17
num_leaves=15
num_cat=0
split_feature=61 60 61 22 19 61 25 15 22 15 23 10 45 49
split_gain=51.5945 69.5638 41.4508 15.6685 13.4022 12.8682 18.0643 12.6677 11.5357 6.1069 5.54272 2.37313 1.81049 1.06314
threshold=0.46276980430170828 -0.29591218090547106 0.59221363351017031 0.34006023200396346 2.194606180020561 0.4205119545767057 0.90000000000000013 -0.00035986549251614995 -0.22128862936272028 0.00064236700491285021 -0.34013479549257697 -0.00018167904467494998 0.87102134953868082 0.4026141095688936
decision_type=2 2 2 2 2 2 2 2 2 2 2 2 2 2
left_child=1 3 4 7 8 12 -7 -1 -2 -6 -5 -4 -3 -13
right_child=2 5 11 10 9 6 -8 -9 -10 -11 -12 13 -14 -15
leaf_value=-0.024556866557741516 -0.00074274104569066262 0.042503146956713207 0.0035996506241073728 -0.07445171122603314 0.046777044935193128 0.024168024244578291 -0.05394599485877663 0.0047732746217490083 -0.026519302077616148 -0.0156674124003248 -0.027150810478570306 0.042432134800450126 0.014247832915262897 0.014636905578453402
leaf_weight=30.507877305150032 33.460665434598923 84.111612431704998 3.4533158242702511 5.2578098028898266 6.7830255180597288 43.836764320731163 5.310611516237258 103.46655984222889 163.59168823063374 3.9739098995923996 16.104562982916832 19.40611802786589 3.791985794901847 2.4835418686270705
leaf_count=167 172 760 22 22 38 326 32 578 813 21 70 162 34 20
internal_value=0.000156131 0.0113479 -0.0138791 -0.00697844 -0.0197689 0.0321194 0.0157274 -0.00190561 -0.0221423 0.0237083 -0.0387927 0.0344168 0.0412843 0.0392786
internal_weight=525.54 292.388 233.152 155.337 207.809 137.051 49.1474 133.974 197.052 10.7569 21.3624 25.343 87.9036 21.8897
internal_count=3237 1989 1248 837 1044 1152 358 745 985 59 92 204 794 182
is_linear=0
shrinkage=0.04


Tree=18
num_leaves=13
num_cat=0
split_feature=61 60 61 61 46 59 14 44 15 51 10 61
split_gain=47.9496 56.9912 41.4632 21.3899 14.6627 12.529 12.8298 12.1502 11.1466 6.27227 4.60506 3.07979
threshold=0.4763330308672567 -0.29591218090547106 0.58426720809720523 0.43634652038310756 -0.0063751360492116278 -0.76329865318140311 -0.00019852286258094997 1.7340917872314243 -0.00035986549251614995 0.035604591493667327 -0.00013601473074289998 0.39581144337473717
decision_type=2 2 2 2 2 2 2 2 2 2 2 2
left_child=1 7 5 11 -5 -2 -7 8 -1 10 -4 -3
right_child=2 3 9 4 -6 6 -8 -9 -10 -11 -12 -13
leaf_value=-0.02385513391572875 -0.072677653516180274 0.044038744814816941 0.0061748718566171255 0.011805431008859675 -0.072460453434966848 -0.03606104629493901 -0.012454645380613923 -0.063879010703134384 0.0015503153361924697 -0.025971638892543659 0.043229456719892187 0.030074388424146947
leaf_weight=35.49978344142437 7.5268337279558173 59.084258407354355 7.2151014357805314 42.088339328765869 3.5853819549083701 53.943533435463905 116.15873043239117 5.62755063176155 124.67084136605263 3.1279347613453856 20.941841974854469 44.153752006590366
leaf_count=189 33 565 47 278 23 251 581 24 678 21 172 375
internal_value=0.000159507 0.0100216 -0.0146969 0.0279828 0.00519057 -0.0221755 -0.0199408 -0.00611017 -0.00408048 0.0277648 0.0337344 0.0380663
internal_weight=523.624 314.71 208.914 148.912 45.6737 177.629 170.102 165.798 160.171 31.2849 28.1569 103.238
internal_count=3237 2132 1105 1241 301 865 832 891 867 240 219 940
is_linear=0
shrinkage=0.04


Tree=19
num_leaves=15
num_cat=0
split_feature=61 60 61 61 22 55 50 44 61 9 42 41 9 61
split_gain=44.2569 53.8234 39.0487 20.8315 16.0455 15.3371 13.8419 12.8682 11.5979 21.7834 12.8411 9.68156 4.83745 3.11524
threshold=0.4763330308672567 -0.29591218090547106 0.55148480480136908 0.43634652038310756 0.36704465486314369 0.011360517815381428 -0.10464666640558438 0.018843192827423569 0.50036194023781833 0.00017544954546515218 0.00011896560099085964 -3.6153135622936829e-05 0.00017770509609086653 0.39581144337473717
decision_type=2 2 2 2 2 2 2 2 2 2 2 2 2 2
left_child=1 4 8 13 7 -5 -4 -1 10 -10 -2 -8 -6 -3
right_child=2 3 6 5 12 -7 11 -9 9 -11 -12 -13 -14 -15
leaf_value=0.0064956995549019184 -0.056758655964252433 0.043759961688447584 -0.068318979266417057 -0.076309932361959931 -0.010050673193917326 0.011634432061841329 -0.019365742766232871 -0.018579882149742238 0.017786048121943662 -0.041909276801877428 -0.00087990114066787447 0.020965995187012084 -0.056662812000758962 0.029524542364653177
leaf_weight=100.70463408529758 7.9060850739479056 57.121883772313595 3.4259076043963423 3.4314905405044547 5.0861894488334682 42.09425550699234 11.476368494331835 48.520727470517159 11.131478950381277 80.592904850840569 39.231347665190697 55.947313345968723 11.890353247523306 43.196541674435139
leaf_count=572 41 565 16 20 23 281 72 247 54 360 206 356 49 375
internal_value=0.000161947 0.00971226 -0.0140487 0.0274464 -0.00584965 0.00500565 0.0101156 -0.00165764 -0.0263778 -0.0346648 -0.0102521 0.014101 -0.0426978 0.0376303
internal_weight=521.757 312.046 209.711 145.844 166.202 45.5257 70.8496 149.225 138.862 91.7244 47.1374 67.4237 16.9765 100.318
internal_count=3237 2132 1105 1241 891 301 444 819 661 414 247 428 72 940
is_linear=0
shrinkage=0.04


Tree=20
num_leaves=14
num_cat=0
split_feature=57 54 9 8 22 13 22 15 38 43 60 41 45
split_gain=30.3329 14.0069 13.3541 14.5512 17.4929 11.6046 9.25349 8.57539 7.68047 4.49535 3.52982 3.43659 2.23797
threshold=-0.30587411502685941 0.11347599905956311 0.0001748643205608716 0.0008026966401324002 -0.15626282496545851 -0.00028083670790334995 -0.34819778288660319 0.00047198463624170006 0.096399113789995897 0.4577357202268198 -0.48327421868794668 -3.0045650064813852e-06 0.76784110293378838
decision_type=2 2 2 2 2 2 2 2 2 2 2 2 2
left_child=2 6 10 4 -4 9 12 -7 -8 -3 11 -1 -2
right_child=1 5 3 -5 -6 7 8 -9 -10 -11 -12 -13 -14
leaf_value=0.037770068579814589 0.037603918189578152 -0.015450412794238874 -9.5591573984528635e-05 0.044392103052204562 -0.026485188487966511 0.0077882303815441176 -0.0056552446157280434 -0.034580143531704265 0.014097049173255254 -0.054692421587794846 -0.013491676010641052 0.0028687618738138473 -0.0032952174343071666
leaf_weight=11.665693908929828 26.750284932553772 10.140032462775709 61.251471742987633 6.3113207072019568 116.88074793666601 57.001992180943489 39.335406623780727 8.8270968198776227 158.0672270655632 8.6593548282980901 5.0034073665738097 7.3632110059261331 2.3268543854355803
leaf_count=68 207 53 333 32 586 371 272 49 1135 44 31 37 19
internal_value=0.000164466 0.008076 -0.0116419 -0.0152962 -0.017411 -0.00580852 0.0132642 0.00210701 0.0101611 -0.033526 0.0164043 0.0242651 0.034331
internal_weight=519.584 311.108 208.476 184.444 178.132 84.6285 226.48 65.8291 197.403 18.7994 24.0323 19.0289 29.0771
internal_count=3237 2150 1087 951 919 517 1633 420 1407 97 136 105 226
is_linear=0
shrinkage=0.04


Tree=21
num_leaves=15
num_cat=0
split_feature=57 54 9 8 22 3 3 22 23 32 23 56 43 22
split_gain=27.9487 13.0283 12.2657 13.4895 15.8403 10.2048 13.9153 8.864 8.12409 5.47493 5.88025 2.02514 1.66791 0.884737
threshold=-0.30587411502685941 0.11347599905956311 0.0001748643205608716 0.0008026966401324002 -0.15626282496545851 0.0014470849124722004 0.0009745565104924001 -0.34505852943168941 0.1593305370952505 0.22823996949047209 0.12874084533913496 -0.0092472398130142245 0.89853626387008956 -0.20103941689015523
decision_type=2 2 2 2 2 2 2 2 2 2 2 2 2 2
left_child=2 7 9 4 -4 6 -3 11 -9 10 -1 -2 -7 -11
right_child=1 5 3 -5 -6 12 -8 8 -10 13 -12 -13 -14 -15
leaf_value=0.016595590778386536 0.011287825643257558 0.0029852704503678992 -9.1763678052797024e-05 0.043447955057230044 -0.025159120879645377 0.054505730874506532 -0.032291680029719896 0.013596857746052524 -0.0075294518559553018 0.024992742963163585 -0.039384707930574969 0.038111003806394678 0.017071951715424843 0.051618169907652993
leaf_weight=11.204460456967356 5.5274208337068584 48.726216621696949 61.254406079649925 6.1929414272308341 118.09395291656256 4.3716052621603003 28.271192498505116 159.16949456185102 35.646057642996311 3.1989388465881348 4.1011410951614371 24.312613047659397 3.3744586706161499 5.3137722313404065
leaf_count=64 47 311 333 32 586 26 157 1158 239 20 20 189 23 32
internal_value=0.000162258 0.00779965 -0.0111245 -0.0145935 -0.0165976 -0.00556476 -0.00996739 0.0128409 0.00973131 0.0158978 0.00159565 0.0331424 0.0381983 0.0416128
internal_weight=518.759 309.399 209.36 185.541 179.348 84.7435 76.9974 224.656 194.816 23.8183 15.3056 29.84 7.74606 8.51271
internal_count=3237 2150 1087 951 919 517 468 1633 1397 136 84 236 49 52
is_linear=0
shrinkage=0.04


Tree=22
num_leaves=15
num_cat=0
split_feature=61 60 61 61 25 22 19 9 61 15 43 12 39 32
split_gain=41.0781 53.0473 34.8125 14.5175 19.0346 13.0263 10.9338 10.6648 9.22481 5.60554 4.58712 2.21137 1.94232 1.16083
threshold=0.46671704654577545 -0.29591218090547106 0.59221363351017031 0.4205119545767057 0.90000000000000013 0.36704465486314369 2.194606180020561 0.00019346651917196561 0.55148480480136908 0.00062984752617955013 0.4210893826958973 -0.00018167904467494998 -0.0046146987898647322 -0.7692336661902045
decision_type=2 2 2 2 2 2 2 2 2 2 2 2 2 2
left_child=1 5 6 12 -5 7 8 -1 -2 -8 -7 -4 -3 -13
right_child=2 3 11 4 -6 10 9 -9 -10 -11 -12 13 -14 -15
leaf_value=0.010959265897660069 -0.024671728969053699 0.017523108422209995 0.0035661427513947585 0.021054574834411362 -0.057906351231441902 -0.05891988360161915 0.045930178291714308 -0.011050636056128002 -0.0039090797595381973 -0.014827615936866566 -0.01719218069762125 0.020537546101168539 0.04173488501302941 0.043352489340434827
leaf_weight=63.153004094958305 150.39188607037067 5.7167958766221991 3.4455567747354534 45.272394649684429 5.4754924625158301 8.6077678203582781 6.2863515764474851 79.646926701068878 44.330576390028 3.9601314216852188 8.2599482238292676 4.607043065130715 72.952368825674057 15.824394382536408
leaf_count=357 720 54 22 351 33 35 36 422 229 20 36 39 740 143
internal_value=0.000160199 0.010183 -0.0125009 0.0292153 0.012535 -0.00524348 -0.0178257 -0.0013168 -0.0199449 0.0224481 -0.0384863 0.033209 0.0399754 0.038208
internal_weight=517.931 289.085 228.846 129.417 50.7479 159.668 204.969 142.8 194.722 10.2465 16.8677 23.877 78.6692 20.4314
internal_count=3237 2028 1209 1178 384 850 1005 779 949 56 71 204 794 182
is_linear=0
shrinkage=0.04


Tree=23
num_leaves=15
num_cat=0
split_feature=61 49 61 61 25 22 15 15 3 43 21 24 14 22
split_gain=38.2976 44.8345 34.1435 18.958 15.2591 13.6539 25.6552 13.2716 11.8549 11.4193 8.83415 2.78764 2.63263 1.4549
threshold=0.4763330308672567 -0.039277430905162704 0.59221363351017031 0.42130896939815848 0.90000000000000013 -0.035011970557972345 0.00014255222486235001 -0.00015073361162014996 0.00068576652256260005 0.37182497381874496 -0.00026723489953689997 1.0000000180025095e-35 -0.00052454593346304998 -0.077400580705846225
decision_type=2 2 2 2 2 2 2 2 2 2 2 2 2 2
left_child=1 5 8 11 -5 7 -7 -1 10 -10 -2 -3 -4 -14
right_child=2 3 12 4 -6 6 -8 -9 9 -11 -12 -13 13 -15
leaf_value=-0.010585891687910713 -0.048180441673301697 0.0014304475277888684 -0.0008382924087378549 0.016203676989007983 -0.049349831533029902 0.0020112105182700539 -0.044772717947131835 0.020604760928455926 -0.013087949336869593 -0.035716453837497379 0.0061029403420655663 0.040790508617192717 0.02334752711595043 0.045956378822246846
leaf_weight=41.283110953867435 5.4718016535043708 2.9962889403104773 3.2269783318042782 57.451509572565556 6.3049002140760413 45.816479995846748 31.751282930374146 46.313943758606911 72.216958433389664 70.530720591545105 38.884098589420319 73.562735311686993 6.9853263646364274 13.084091961383814
leaf_count=245 25 16 23 413 37 261 162 271 341 330 205 727 62 119
internal_value=0.000162109 0.00920698 -0.0129702 0.0258327 0.00972106 -0.00491736 -0.0171391 0.0059051 -0.018656 -0.0242685 -0.000593528 0.0392501 0.0326953 0.0380872
internal_weight=515.88 305.48 210.4 140.315 63.7564 165.165 77.5678 87.5971 187.104 142.748 44.3559 76.559 23.2964 20.0694
internal_count=3237 2132 1105 1193 450 939 423 516 901 671 230 743 204 181
is_linear=0
shrinkage=0.04


Tree=24
num_leaves=14
num_cat=0
split_feature=61 49 61 61 3 22 23 59 61 42 14 45 42
split_gain=35.3758 42.2739 31.6678 18.5255 14.1917 12.7964 13.6051 11.2274 9.69729 5.70327 2.55864 1.99157 1.66294
threshold=0.4763330308672567 -0.039277430905162704 0.59221363351017031 0.42130896939815848 0.00062270353115105007 0.36704465486314369 -0.89490669298726055 -0.76329865318140311 0.55148480480136908 0.00011778503078746227 -0.00052454593346304998 0.84423524557616803 0.0001593386741878887
decision_type=2 2 2 2 2 2 2 2 2 2 2 2 2
left_child=1 5 7 11 -5 6 -1 -2 -9 -7 -4 -3 -12
right_child=2 3 10 4 -6 9 -8 8 -10 -11 12 -13 -14
leaf_value=-0.079941078092419515 -0.064094850287867211 0.04064708460179059 -0.00080431628039001016 -0.020581694975135009 0.021359758439466799 0.002027582792288696 0.00092440537109865408 -0.021168907921849171 0.0001087021267273532 -0.051013477960162749 0.045590966857139537 0.015056066292027857 0.020489807472880685
leaf_weight=3.4071873873472205 8.0233025252819044 69.077012002468109 3.2287241071462658 18.056857205927372 45.271515406668186 4.3527493178844479 144.79787027835846 134.20353543758392 46.023673191666603 12.728256165981291 13.327562652528288 5.2343451380729666 6.181533455848693
leaf_count=27 34 691 23 121 329 19 840 630 237 53 127 52 54
internal_value=0.000164254 0.00892273 -0.0124107 0.0252975 0.00940097 -0.0047131 -0.000934667 -0.0177965 -0.0157354 -0.037497 0.0321789 0.0388445 0.0376376
internal_weight=513.914 302.926 210.988 137.64 63.3284 165.286 148.205 188.251 180.227 17.081 22.7378 74.3114 19.5091
internal_count=3237 2132 1105 1193 450 939 867 901 867 72 204 743 181
is_linear=0
shrinkage=0.04


Tree=25
num_leaves=14
num_cat=0
split_feature=61 60 61 61 25 19 44 15 44 15 14 45 42
split_gain=32.8209 48.7182 27.5548 11.9281 14.4471 10.3395 9.95926 8.99545 8.62381 5.29167 2.48687 2.08061 1.66322
threshold=0.46276980430170828 -0.29591218090547106 0.59221363351017031 0.4205119545767057 0.90000000000000013 2.194606180020561 1.7340917872314243 -0.00035986549251614995 0.018842534928983495 0.00064236700491285021 -0.00052454593346304998 0.87102134953868082 0.0001593386741878887
decision_type=2 2 2 2 2 2 2 2 2 2 2 2 2
left_child=1 6 5 11 -5 8 7 -1 -2 -7 -4 -3 -12
right_child=2 3 10 4 -6 9 -8 -9 -10 -11 12 -13 -14
leaf_value=-0.021521287130676164 -0.0080555591460566914 0.0405054543691033 -0.00077173490333715025 0.021334486821036228 -0.047277825561636261 0.045792379623042855 -0.056512579332388659 0.0020792184910077179 -0.024592418601109722 -0.012270243020341312 0.04534388946576659 0.0076741129337250047 0.019972633388989271
leaf_weight=33.076116278767586 91.724919624626637 69.207081824541092 3.2303993776440647 40.343482099473476 5.590602681040763 6.504795774817465 5.796018883585929 118.12373751401901 112.14447290450335 4.0908431112766266 12.873344458639624 3.2326558902859679 6.0898193046450606
leaf_count=173 452 760 23 326 32 38 24 640 533 21 127 34 54
internal_value=0.000164881 0.00955328 -0.0107592 0.0289293 0.0129837 -0.0151499 -0.00505608 -0.00308357 -0.0171522 0.0233751 0.0316697 0.0390403 0.0371962
internal_weight=512.028 275.37 236.659 118.374 45.9341 214.465 156.996 151.2 203.869 10.5956 22.1936 72.4397 18.9632
internal_count=3237 1989 1248 1152 358 1044 837 813 985 59 204 794 181
is_linear=0
shrinkage=0.04


Tree=26
num_leaves=14
num_cat=0
split_feature=61 60 61 61 3 54 14 61 3 29 44 10 39
split_gain=30.5241 38.5958 27.5412 15.3843 19.0388 12.9682 10.7945 10.1973 20.7373 11.8519 9.5241 8.72735 2.40487
threshold=0.4763330308672567 -0.061337174168329275 0.55148480480136908 0.4205119545767057 0.00062270353115105007 -0.10905694623440047 -0.00019852286258094997 0.50036194023781833 0.00066360421170870009 0.12484923854752955 1.7340917872314243 -0.00029525737960274995 -0.0046146987898647322
decision_type=2 2 2 2 2 2 2 2 2 2 2 2 2
left_child=1 10 7 12 -5 -4 -7 9 -9 -2 11 -1 -3
right_child=2 3 5 4 -6 6 -8 8 -10 -11 -12 -13 -14
leaf_value=-0.065732018233789338 0.055248949684992409 0.011692856811869396 -0.052965681816188347 -0.023902148821828249 0.026157228867444475 -0.004925708774812707 0.028357774742139599 0.005950030720599314 -0.039148392582212525 -0.012877603898501139 -0.053727193974138027 -0.0005461940295745112 0.041050508799392656
leaf_weight=3.3520988225936881 4.5007375776767722 4.8186170831322661 4.9555708914995185 17.744538642466068 38.596665166318417 27.120543643832207 36.672406747937202 20.979935750365257 73.345762968063354 44.316151291131973 5.8514466285705558 167.1974913328886 60.741865806281567
leaf_count=18 23 50 26 119 297 172 246 102 312 224 24 932 692
internal_value=0.000165732 0.0084117 -0.011443 0.0257197 0.0103911 0.0093658 0.0142078 -0.0214371 -0.0291176 -0.00659659 -0.00354898 -0.0018274 0.0388928
internal_weight=510.194 298.303 211.891 121.902 56.3412 68.7485 63.793 143.143 94.3257 48.8169 176.401 170.55 65.5605
internal_count=3237 2132 1105 1158 416 444 418 661 414 247 974 950 742
is_linear=0
shrinkage=0.04


Tree=27
num_leaves=15
num_cat=0
split_feature=61 60 61 61 35 22 44 23 14 43 42 14 45 42
split_gain=28.2892 44.0325 24.8187 11.4804 14.1345 10.5268 11.6154 9.6644 11.7899 5.61871 5.09752 2.38056 2.12922 1.69121
threshold=0.46276980430170828 -0.29591218090547106 0.59221363351017031 0.4205119545767057 -0.019336105624021896 0.34006023200396346 0.018843874398358173 -0.71244084952920927 -0.00019852286258094997 0.55672095408128219 0.00012740720115705809 -0.00052454593346304998 0.87102134953868082 0.0001593386741878887
decision_type=2 2 2 2 2 2 2 2 2 2 2 2 2 2
left_child=1 5 7 12 -5 6 -1 10 -9 -7 -2 -4 -3 -13
right_child=2 3 11 4 -6 9 -8 8 -10 -11 -12 13 -14 -15
leaf_value=0.0048520840011937903 -0.052267508640503328 0.039916483495605781 -0.00054142913505308293 -0.008701657081903796 0.036121948269144721 -0.046170303227288427 -0.025983076150915378 -0.025002730276722975 -0.0033283240483391796 -0.0042779960410926042 -0.020484581559658079 0.045082569024007195 0.0060708047177439415 0.019096776650806144
leaf_weight=111.92471592128277 13.957746148109434 65.075345225632191 3.2422741577029255 23.94170967489481 21.243612945079803 13.650896325707437 23.681803241372108 59.582707948982716 123.14809091389179 8.1994663476943952 19.153867825865746 12.347185038030149 3.1163714677095404 5.9326875358819953
leaf_count=629 64 760 23 186 172 56 116 275 618 36 87 127 34 54
internal_value=0.000166479 0.00900155 -0.00991437 0.0280085 0.0123719 -0.00468447 -0.00053285 -0.0139987 -0.0103957 -0.03045 -0.0338822 0.0310463 0.0383697 0.0366489
internal_weight=508.198 270.834 237.365 113.377 45.1853 157.457 135.607 215.842 182.731 21.8504 33.1116 21.5221 68.1917 18.2799
internal_count=3237 1989 1248 1152 358 837 745 1044 893 92 151 204 794 181
is_linear=0
shrinkage=0.04


Tree=28
num_leaves=12
num_cat=0
split_feature=57 8 3 22 51 22 9 56 43 58 56
split_gain=18.812 10.8363 11.9194 15.8929 10.8553 10.6674 8.97137 8.54821 7.98555 3.00705 2.63045
threshold=-0.30587411502685941 0.0008026966401324002 0.00058031518265875008 -0.15626282496545851 0.087112245422745774 -0.33650508775917609 0.00019430731155844499 0.094613778933946527 0.55672095408128219 -0.2928604070949487 -0.0092472398130142245
decision_type=2 2 2 2 2 2 2 2 2 2 2
left_child=1 2 4 -4 -1 9 7 -7 -8 -2 -11
right_child=5 -3 3 -5 -6 6 8 -9 -10 10 -12
leaf_value=-0.023782427477550942 -0.0014430056253711113 0.043711871426840569 0.0022971390126643319 -0.022553164178319304 0.034807115530088896 0.014222233004332894 0.0018079625090199848 -0.019485314477578654 -0.022362600957388928 0.0088315473203967355 0.040675861943528534
leaf_weight=7.3868034332990673 4.3978849276900318 6.0754318386316291 62.971552088856697 118.97732498496771 16.060234621167183 127.25821594148874 95.356773316860199 13.295258313417433 28.378809884190559 5.1848691776394906 20.801238045096394
leaf_count=43 32 32 343 581 88 957 681 87 171 48 174
internal_value=0.000166762 -0.00893624 -0.0104935 -0.0139526 0.0163489 0.00669951 0.00411902 0.0110338 -0.00373557 0.0291454 0.0343221
internal_weight=506.144 211.471 205.396 181.949 23.447 294.673 264.289 140.553 123.736 30.384 25.9861
internal_count=3237 1087 1055 924 131 2150 1896 1044 852 254 222
is_linear=0
shrinkage=0.04


Tree=29
num_leaves=15
num_cat=0
split_feature=61 61 49 61 44 3 22 54 44 9 54 22 3 44
split_gain=26.5 29.8453 27.8397 23.653 17.3381 13.2829 11.9487 11.3819 10.4633 9.27242 9.22217 6.66861 5.40992 3.07931
threshold=0.48909998178544783 0.55148480480136908 -0.039277430905162704 0.43082911445336175 0.018842119822227166 0.00061867067936780017 0.32686852448406062 -0.10905694623440047 0.018843874398358173 0.00017518699792763446 0.11347599905956311 0.045163035321410805 0.0014040644428382502 0.018843794137632191
decision_type=2 2 2 2 2 2 2 2 2 2 2 2 2 2
left_child=2 5 6 13 -5 11 8 -3 -1 -7 -9 -2 -8 -4
right_child=1 7 3 4 -6 9 12 10 -10 -11 -12 -13 -14 -15
leaf_value=0.0050750991366142464 -0.020545524851112322 -0.048626378397851382 0.037080595547002403 -0.051688345166160866 0.010443748400478578 0.008825551373312937 -0.017865569953689965 0.025348425536020042 -0.023597386541210526 -0.034249017460125021 -0.0064641115863518644 0.027049375898116339 -0.059841427613520751 -0.0053036042265974456
leaf_weight=126.23182912915945 8.3962336182594317 5.0599765405058852 72.830103047192097 8.1041498333215696 63.429641678929329 8.7963651269674283 17.018505364656452 39.929220333695412 24.280712932348251 87.876285701990128 22.965824872255325 10.728866949677466 6.906150594353675 2.8499374687671652
leaf_count=760 42 26 800 50 419 42 75 274 118 381 144 53 29 24
internal_value=0.000163595 -0.0119546 0.0070865 0.0198964 0.00340473 -0.0243039 -0.00372421 0.00908897 0.000449648 -0.0303296 0.0137322 0.00615443 -0.0299824 0.0354845
internal_weight=505.404 183.753 321.651 147.214 71.5338 115.798 174.437 67.955 150.513 96.6727 62.895 19.1251 23.9247 75.68
internal_count=3237 962 2275 1293 469 518 982 444 878 423 418 95 104 824
is_linear=0
shrinkage=0.04


Tree=30
num_leaves=15
num_cat=0
split_feature=61 49 61 61 25 9 22 22 54 22 61 14 45 22
split_gain=24.654 32.2828 23.7763 12.6413 14.5749 10.701 10.4568 9.365 8.79578 9.08549 5.29209 2.3356 2.26513 1.58369
threshold=0.4763330308672567 0.043860850639482439 0.59221363351017031 0.42240030798028388 0.90000000000000013 0.0001919592083353254 -0.014138462729576848 -0.15626282496545851 -0.29287249805781007 -0.56921067846672058 0.50602953209536239 -0.00052454593346304998 0.87102134953868082 -0.077400580705846225
decision_type=2 2 2 2 2 2 2 2 2 2 2 2 2 2
left_child=1 5 8 12 -5 6 -1 -7 10 -10 -2 -4 -3 -13
right_child=2 3 11 4 -6 7 -8 -9 9 -11 -12 13 -14 -15
leaf_value=0.021939104594983678 -0.020191817031242423 0.040668167196334808 -0.00096911764464986682 0.019196831944305489 -0.044840250372996444 0.0053446766441465699 -0.0065183144227211722 -0.019953178315208927 -0.063335201831879878 -0.011051495527967414 -0.079153057272973962 0.019940255404799087 0.0053368335561738102 0.045002019342890984
leaf_weight=43.239501141011715 4.5772768855094892 51.72265399992466 3.2156726196408298 44.570282883942127 6.5184113532304755 36.244426868855953 39.563169129192829 66.13515742868185 5.4833817034959784 176.15389305353165 5.2056713700294495 6.2560060322284761 3.07596581429243 11.359837122261519
leaf_count=278 20 626 23 348 37 211 231 366 25 835 21 62 35 119
internal_value=0.00016368 0.00772345 -0.0102033 0.0253402 0.0110263 -0.0023498 0.00834213 -0.0109972 -0.0146198 -0.0126299 -0.0515661 0.0303792 0.0386849 0.0361017
internal_weight=503.321 291.07 212.252 105.887 51.0887 185.182 82.8027 102.38 191.42 181.637 9.78295 20.8315 54.7986 17.6158
internal_count=3237 2132 1105 1046 385 1086 509 577 901 860 41 204 661 181
is_linear=0
shrinkage=0.04


Tree=31
num_leaves=15
num_cat=0
split_feature=61 60 61 61 25 6 61 8 44 49 42 56 39 43
split_gain=22.9169 38.3983 20.4926 9.68462 11.9752 8.97622 9.97195 8.65226 13.6155 7.56413 2.32138 3.64083 2.28641 0.376754
threshold=0.45908729603200166 -0.29591218090547106 0.59221363351017031 0.4205119545767057 0.90000000000000013 0.00010293968449525002 0.50036194023781833 0.0008026966401324002 1.7340917872314243 0.36258280801719994 0.00014993706731414793 0.033095629813678661 -0.0046146987898647322 0.85196530087045186
decision_type=2 2 2 2 2 2 2 2 2 2 2 2 2 2
left_child=1 7 5 12 -5 9 -7 8 -1 -2 13 -12 -3 -4
right_child=2 3 10 4 -6 6 -8 -9 -10 -11 11 -13 -14 -15
leaf_value=-0.0037103500762308036 -0.020857034955543252 0.010741417239334188 0.044847907804725778 0.020247479950086321 -0.04733265569033298 0.024593918393664725 -0.011009624252824084 0.043250882496067095 -0.071113654509694924 -0.00022760434346225745 0.031981225424610307 -0.023225650168438926 0.039601617782655765 0.025140834643990508
leaf_weight=143.06498482823372 135.27281927317381 4.7546310052275649 9.6853254586458206 34.837074004113674 4.7697108983993521 20.001702524721622 33.9525186419487 5.9437071084976187 4.9613018929958335 36.008372150361538 6.0093190446495992 2.8027767315506935 57.608983911573887 1.8483618050813682
leaf_count=765 643 54 105 299 27 116 160 32 20 177 60 22 740 17
internal_value=0.00016344 0.00853915 -0.00856558 0.0275774 0.012109 -0.0120384 0.00218918 -0.00406941 -0.00596946 -0.0165201 0.0298797 0.0144221 0.0374013 0.0416897
internal_weight=501.522 255.94 245.581 101.97 39.6068 225.235 53.9542 153.97 148.026 171.281 20.3458 8.8121 62.3636 11.5337
internal_count=3237 1937 1300 1120 326 1096 276 817 785 820 204 82 794 122
is_linear=0
shrinkage=0.04


Tree=32
num_leaves=15
num_cat=0
split_feature=61 61 49 61 20 48 43 22 23 44 53 61 42 39
split_gain=21.4507 25.933 23.6494 21.5897 16.9361 13.8814 15.5653 10.8492 10.0116 7.30736 11.697 6.09959 5.52557 3.51384
threshold=0.48909998178544783 0.53144018024757067 -0.039277430905162704 0.43082911445336175 0.0025835630238374503 0.26509065741914006 0.39984699850554845 0.36704465486314369 -0.67787883314690733 0.018842229146609126 0.047652460514941847 0.50036194023781833 0.00011778503078746227 0.22814724662729793
decision_type=2 2 2 2 2 2 2 2 2 2 2 2 2 2
left_child=2 9 7 13 -5 6 -3 8 -1 10 -2 -11 -9 -4
right_child=1 5 3 4 -6 -7 -8 12 -10 11 -12 -13 -14 -15
leaf_value=-0.034173130186182281 0.032828488758337021 0.024880003995258457 0.020528944068870871 -0.039914751856362812 0.011984821737561544 -0.049791722958325381 -0.0083817664071688634 0.0053688523243635693 0.0029566222870641536 -0.010722352153033316 -0.048196835879839479 -0.03761466459114534 -0.046430707229991687 0.040170194005563979
leaf_weight=12.63677169382572 7.5470334589481336 43.767865426838398 20.644451484084129 12.136958561837671 58.79255460947752 7.2411271035671225 46.348287589848042 4.4129364341497448 144.30322920531034 17.677912816405296 4.5810919553041458 57.02793000638485 13.005452066659926 49.557574138045311
leaf_count=92 36 264 235 74 395 30 282 19 817 87 20 243 54 589
internal_value=0.000163338 -0.0106832 0.00649584 0.0186685 0.00310413 0.00349143 0.0077729 -0.00335715 -3.30566e-05 -0.0265757 0.00222323 -0.031251 -0.0333073 0.0343943
internal_weight=499.681 184.191 315.49 141.132 70.9295 97.3573 90.1162 174.358 156.94 86.834 12.1281 74.7058 17.4184 70.202
internal_count=3237 962 2275 1293 469 576 546 982 909 386 56 330 73 824
is_linear=0
shrinkage=0.04


Tree=33
num_leaves=15
num_cat=0
split_feature=61 61 49 61 20 3 43 61 54 61 31 39 0 39
split_gain=19.8144 23.7344 22.1806 20.8146 15.3979 12.6351 11.344 14.3892 11.9466 9.82092 8.51473 9.44891 5.37527 3.49946
threshold=0.48909998178544783 0.53144018024757067 -0.039277430905162704 0.43082911445336175 0.0025835630238374503 0.00060743880939615011 0.39984699850554845 0.59863169172972286 -0.10752723012623223 0.50036194023781833 -1.7015132839938869 0.4143822429365967 48.884154681061609 0.22814724662729793
decision_type=2 2 2 2 2 2 2 2 2 2 2 2 2 2
left_child=2 5 10 13 -5 12 8 -8 -3 -7 -1 -12 -2 -4
right_child=1 6 3 4 -6 9 7 -9 -10 -11 11 -13 -14 -15
leaf_value=0.030334950816335634 -0.014758088101200955 -0.035905694615232256 0.02002716209227947 -0.03749450263160873 0.011588762338412146 -0.0061640574782295789 -0.021128196076737212 0.03325458417929162 0.024547388828207086 -0.040557470923366132 0.0054923279101239328 -0.013946102944559764 0.033572049894572062 0.039829658009510348
leaf_weight=11.313749909400938 7.6985412538051587 5.9664761275053015 20.32185722142458 12.398015484213827 58.378353461623192 17.514676824212074 38.962908156216145 9.7281476706266385 42.391146697103977 54.990925163030624 70.435553729534149 92.628872744739056 7.057342454791069 48.013298504054546
leaf_count=73 37 26 235 74 395 85 192 99 259 229 398 511 35 589
internal_value=0.000162663 -0.0102452 0.00628175 0.0181942 0.00299076 -0.0253828 0.00336585 -0.0102629 0.0170885 -0.0322493 -0.00322147 -0.00554969 0.00835692 0.0339407
internal_weight=497.8 184.31 313.49 139.112 70.7764 87.2615 97.0487 48.6911 48.3576 72.5056 174.378 163.064 14.7559 68.3352
internal_count=3237 962 2275 1293 469 386 576 291 285 314 982 909 72 824
is_linear=0
shrinkage=0.04


Tree=34
num_leaves=15
num_cat=0
split_feature=57 22 13 9 9 3 8 58 22 32 20 58 56 57
split_gain=13.2166 9.97281 9.87797 10.5052 9.35434 10.8544 11.4677 6.3619 6.16235 4.80228 6.29048 2.80541 2.79365 0.986264
threshold=-0.30587411502685941 -0.33650508775917609 -0.00028083670790334995 0.00020413953668232487 0.0001748643205608716 0.00058031518265875008 0.0008026966401324002 0.30538989005013234 0.36704465486314369 0.22823996949047209 0.0025835832371229003 -0.2928604070949487 -0.0092472398130142245 -0.36362283541966561
decision_type=2 2 2 2 2 2 2 2 2 2 2 2 2 2
left_child=4 11 3 -3 9 7 -7 -6 -4 10 -1 -2 -13 -11
right_child=1 2 8 -5 5 6 -8 -9 -10 13 -12 12 -14 -15
leaf_value=-0.020224629801335044 -0.0016042255620711758 0.00097883649577558494 0.0043151619115245985 -0.042611590679003122 -0.019007692038632309 -0.015085101137613731 0.042358074704860138 0.038819848237200555 0.026697452708117325 0.051913537611376813 0.031097013986189574 0.0063907777992026054 0.040295066844099621 0.023268932548737437
leaf_weight=8.3733336031436938 4.2862550839781788 23.160863496363163 195.89378451555967 14.312197148799894 4.2563426643609992 167.77824661135674 5.751203939318656 10.686343044042586 21.879701860249043 5.0989385992288589 7.0289101004600516 4.8633836358785691 19.398728698492047 3.0879079550504667
leaf_count=45 32 142 1488 84 22 837 32 60 182 31 39 48 174 21
internal_value=0.000162371 0.00580746 0.00329975 -0.0156698 -0.00739228 -0.0103644 -0.0131813 0.022348 0.00656391 0.0163545 0.00319632 0.0282285 0.0334989 0.0411094
internal_weight=495.856 283.795 255.247 37.4731 212.061 188.472 173.529 14.9427 217.773 23.5891 15.4022 28.5484 24.2621 8.18685
internal_count=3237 2150 1896 226 1087 951 869 82 1670 136 84 254 222 52
is_linear=0
shrinkage=0.04


Tree=35
num_leaves=15
num_cat=0
split_feature=57 22 13 9 9 42 22 43 22 32 20 41 37 32
split_gain=12.1874 9.41469 9.0863 9.47449 8.6358 10.6534 14.0106 13.7387 5.81769 4.58562 5.84262 2.69552 5.96105 2.27764
threshold=-0.30587411502685941 -0.33650508775917609 -0.00028083670790334995 0.00020413953668232487 0.0001748643205608716 0.00012412964329427213 -0.22441671366174151 0.865488469823115 0.36704465486314369 0.22823996949047209 0.0025835832371229003 -2.8967297139163385e-05 -0.42662218405886615 -0.15080671822936334
decision_type=2 2 2 2 2 2 2 2 2 2 2 2 2 2
left_child=4 11 3 -3 9 6 -6 -7 -4 10 -1 12 -2 -13
right_child=1 2 8 -5 5 7 -8 -9 -10 -11 -12 13 -14 -15
leaf_value=-0.019238021501766508 0.036001461914133101 0.00094005906610661414 0.0041524580655092503 -0.040261683104596713 0.030531902668247988 -0.008587328660515342 -0.036958362520592307 0.035161839629972817 0.026064283335097613 0.040431960406903944 0.03033372241941875 0.046906223349342191 -0.045854895475704371 0.02121907894011802
leaf_weight=8.4490501433610934 3.6094220392405987 23.15179543197155 195.4361362233758 14.536866940557955 5.6992643922567359 134.78327222913504 36.060756884515285 12.554660752415655 21.522100873291492 7.9953340739011756 6.919783502817153 11.020598325878387 2.3503252789378193 11.071470756083722
leaf_count=45 42 142 1488 84 33 683 171 64 182 52 39 98 17 97
internal_value=0.000159386 0.00559966 0.00317688 -0.0149518 -0.00707935 -0.00991402 -0.0277475 -0.00485946 0.0063261 0.015863 0.00308155 0.0275929 0.00372005 0.0340331
internal_weight=495.161 282.699 254.647 37.6887 212.462 189.098 41.76 147.338 216.958 23.3642 15.3688 28.0518 5.95975 22.0921
internal_count=3237 2150 1896 226 1087 951 204 747 1670 136 84 254 59 195
is_linear=0
shrinkage=0.04


Tree=36
num_leaves=15
num_cat=0
split_feature=61 60 61 61 31 19 20 22 15 15 43 14 45 1
split_gain=18.461 31.9392 17.7771 9.75943 13.0037 7.96525 8.36532 7.66142 7.72644 4.58806 3.89155 2.42005 2.2322 1.58378
threshold=0.45908729603200166 -0.29591218090547106 0.59541693289461961 0.40087432830500092 0.24171384785312872 2.194606180020561 0.0025841759944850002 0.36704465486314369 -0.00035144427772669995 0.00064236700491285021 0.4210893826958973 -0.00052454593346304998 0.87102134953868082 0.66593020942718806
decision_type=2 2 2 2 2 2 2 2 2 2 2 2 2 2
left_child=1 7 5 12 -5 6 -2 8 -1 -7 -9 -4 -3 -13
right_child=2 3 11 4 -6 9 -8 10 -10 -11 -12 13 -14 -15
leaf_value=-0.017435040752541209 -0.0030680042602542214 0.042321477924812376 -0.0015492639612651679 -1.3721933560951671e-05 0.041388507584571105 0.04488735554790068 -0.019020657114589851 -0.047765185352474968 0.0049718090087246059 -0.0089701722438380854 -0.0094903965720907427 0.041604997900977957 -0.0053217922470683533 0.0017764528451206735
leaf_weight=32.16390223801136 90.318320520222187 40.362955406308174 3.1749448999762562 34.257850751280785 18.79799473285675 6.3038313463330251 125.91930990666151 8.554463133215906 105.02030300348997 4.2283334732055664 8.4473041445016843 13.378230623900889 1.637260541319846 1.8140577226877201
leaf_count=166 444 582 23 326 190 39 603 35 580 22 36 151 22 18
internal_value=0.000156599 0.0078223 -0.00763747 0.0260589 0.0146553 -0.0107031 -0.0123575 -0.00342062 -0.000281651 0.0232652 -0.0287484 0.0302117 0.0404642 0.0368492
internal_weight=494.379 249.242 245.137 95.0561 53.0558 226.77 216.238 154.186 137.184 10.5322 17.0018 18.3672 42.0002 15.1923
internal_count=3237 1937 1300 1120 516 1108 1047 817 746 61 71 192 604 169
is_linear=0
shrinkage=0.04


Tree=37
num_leaves=15
num_cat=0
split_feature=61 61 49 61 3 3 3 23 51 32 57 14 61 24
split_gain=17.3827 21.6478 18.2886 19.9268 16.5054 10.7439 8.77586 8.54614 10.9848 8.61574 7.38163 9.10671 4.34265 2.79868
threshold=0.48909998178544783 0.55148480480136908 -0.039277430905162704 0.42130896939815848 0.00062270353115105007 0.00060743880939615011 0.0014992282292130002 -0.67787883314690733 0.0045400345234733065 0.62731703641975811 -0.31170249495563385 -0.00019852286258094997 0.50130697289446824 1.0000000180025095e-35
decision_type=2 2 2 2 2 2 2 2 2 2 2 2 2 2
left_child=2 5 7 13 -5 12 -7 8 -1 -9 -3 -12 -2 -4
right_child=1 10 3 4 -6 6 -8 9 -10 -11 11 -13 -14 -15
leaf_value=0.0098205851751496705 -0.027082097733398851 -0.033773603759556202 -0.0039953224822208058 -0.026151270584372437 0.015205851219725858 -0.028010820669157468 0.024288627955214467 -0.0047278918182072412 -0.064155244496085825 0.018188342617804169 -0.0049215505426067957 0.026495666713739228 0.018554496098958217 0.037363126175813409
leaf_weight=5.48650925606489 4.3479661494493511 5.9507328718900672 2.7537177503108969 21.143906563520432 57.233936637639999 93.474750578403473 5.4318329095840445 128.49884758889675 7.7460876703262329 32.988753270357847 25.9829256311059 34.182697474956512 14.336423233151434 53.058462854474783
leaf_count=56 22 29 16 140 410 403 23 696 38 192 171 244 70 727
internal_value=0.000156124 -0.00958743 0.00595056 0.0170563 0.00404898 -0.0198835 -0.0251386 -0.00257892 -0.0334833 -4.65541e-05 0.00872461 0.0129279 0.0079346 0.0353225
internal_weight=492.618 183.707 308.91 134.19 78.3778 117.591 98.9066 174.72 13.2326 161.488 66.1164 60.1656 18.6844 55.8122
internal_count=3237 962 2275 1293 550 518 426 982 94 888 444 415 92 743
is_linear=0
shrinkage=0.04


Tree=38
num_leaves=14
num_cat=0
split_feature=61 49 61 61 20 10 0 7 61 0 48 10 20
split_gain=16.0912 22.8324 17.6235 11.1409 12.5453 7.14775 6.89624 6.47459 10.6351 9.5346 5.13203 5.46472 2.13299
threshold=0.4763330308672567 0.043860850639482439 0.58426720809720523 0.42240030798028388 0.0025835284708144502 -0.00029525737960274995 23.615863687310675 -0.00028869898139284995 0.53144018024757067 24.263811600904422 0.22714280729595229 -0.00018167904467494998 0.0025832421842661504
decision_type=2 2 2 2 2 2 2 2 2 2 2 2 2
left_child=1 5 7 12 -5 -1 -7 9 -9 -2 11 -4 -3
right_child=2 3 10 4 -6 6 -8 8 -10 -11 -12 -13 -14
leaf_value=-0.058111533635765759 0.010126405964976309 0.01075502704254762 -0.012041739276946906 -0.035543465115424826 0.01840204107862797 0.032263391794312139 -0.0024682740640572885 -0.016586474153924457 0.0059631343679320227 -0.036340482817841441 -0.035799987659826914 0.037700911539844631 0.039637761022313471
leaf_weight=3.5266570746898642 9.0127377212047559 4.5460508428513995 4.3388656154275003 8.3102945908904058 40.571289516985416 9.6631813421845418 171.25648703798652 92.35151831805706 52.481995567679405 32.699799105525017 2.1725926399230948 19.042466603219509 40.873039565980434
leaf_count=18 39 65 28 57 328 64 1004 428 259 139 16 196 596
internal_value=0.000155546 0.00647306 -0.00814709 0.0224837 0.00923084 -0.00171259 -0.000613206 -0.0124146 -0.00841538 -0.0263005 0.0230059 0.0284702 0.0367469
internal_weight=490.847 278.747 212.1 94.3007 48.8816 184.446 180.92 186.546 144.834 41.7125 25.5539 23.3813 45.4191
internal_count=3237 2132 1105 1046 385 1086 1068 865 687 178 240 224 661
is_linear=0
shrinkage=0.04


Tree=39
num_leaves=15
num_cat=0
split_feature=61 61 55 3 61 43 61 48 3 22 23 23 61 42
split_gain=15.1857 18.5775 16.265 15.1969 16.7607 10.608 12.3382 10.8971 10.5233 9.87089 10.2878 9.84856 9.00744 7.76431
threshold=0.48909998178544783 0.53144018024757067 0.011360517815381428 0.00062270353115105007 0.42240030798028388 0.39984699850554845 0.59863169172972286 0.26509065741914006 0.00060743880939615011 0.31870489268192853 0.72323801241896468 -0.61427000231218976 0.50036194023781833 0.00010814304322611385
decision_type=2 2 2 2 2 2 2 2 2 2 2 2 2 2
left_child=2 8 9 4 -4 7 -7 -3 -2 10 -1 -11 -10 -5
right_child=1 5 3 13 -6 6 -8 -9 12 11 -12 -13 -14 -15
leaf_value=0.0051299690480528619 0.0086355983837377408 0.023438854870246693 0.030217836986021918 -0.031685746180041816 -0.029682586025118959 -0.019705357772540909 0.032088321961824109 -0.038265077522789535 -0.0036827975106843974 -0.089609468695278083 -0.030843224756050367 -0.014994762491851117 -0.036339568623348896 0.029933924623027942
leaf_weight=156.09478288888931 14.756227955222128 42.16844929009676 12.451638218015434 3.4200843237340441 18.69625648111105 39.027856945991516 9.0690333060920221 5.1372326612472525 17.864822119474411 3.235974773764613 13.848374769091604 22.581419259309769 55.484895810484886 75.451144255697727
leaf_count=929 72 264 192 35 123 192 99 21 85 14 77 103 229 802
internal_value=0.000154592 -0.00894185 0.00561367 0.0179195 -0.00573688 0.00328876 -0.00993927 0.016738 -0.0221853 -0.00130233 0.00219858 -0.024347 -0.0283858 0.0272619
internal_weight=489.288 183.509 305.78 110.019 31.1479 95.4026 48.0969 47.3057 88.1059 195.761 169.943 25.8174 73.3497 78.8712
internal_count=3237 962 2275 1152 315 576 291 285 386 1123 1006 117 314 837
is_linear=0
shrinkage=0.04


Tree=40
num_leaves=14
num_cat=0
split_feature=9 42 22 43 23 55 44 22 51 22 42 59 46
split_gain=9.41767 12.0732 16.9133 14.7095 14.2361 10.4484 15.995 11.4989 9.54141 9.22526 7.19419 6.73373 1.9079
threshold=0.00019430731155844499 0.00011778503078746227 -0.16117634098691255 0.88307341860130684 -0.19689534239290288 -0.37706181864860239 0.018844143959225609 -0.16372555665675162 0.1026731281742758 -0.44930878368440758 0.00011323047979065565 0.44784213533218581 0.14992832455082289
decision_type=2 2 2 2 2 2 2 2 2 2 2 2 2
left_child=5 2 -2 8 -4 6 9 10 -3 -1 -7 -9 -5
right_child=1 3 4 12 -6 7 -8 11 -10 -11 -12 -13 -14
leaf_value=-0.038156865090054524 0.049774002709129801 -0.00066702566047718642 -0.030720328783548263 0.022967203122577603 -0.12063594171493267 -0.003591541084208851 -0.082230660826207627 0.008110080326679911 -0.020573177232240475 0.0035158155046884467 0.038179046532285404 -0.021437631997986924 0.055462850752382178
leaf_weight=9.9740389510989171 2.8447257727384594 155.16518761217594 9.4311920292675495 5.3296309001743776 4.0174920931458447 8.323708735406397 4.2978715002536765 127.38167754933238 51.25176477432251 57.494022473692894 31.806232772767544 13.664100483059881 6.3175428211688995
leaf_count=52 22 1075 51 43 20 89 19 908 251 313 267 94 33
internal_value=0.00015355 -0.00562348 -0.0388372 -0.00314181 -0.0575806 0.00550613 -0.00741099 0.0106228 -0.00560957 -0.0026448 0.029515 0.00524758 0.0405932
internal_weight=487.299 234.358 16.2934 218.064 13.4487 252.942 71.7659 181.176 206.417 67.4681 40.1299 141.046 11.6472
internal_count=3237 1495 93 1402 71 1742 384 1358 1326 365 356 1002 76
is_linear=0
shrinkage=0.04


Tree=41
num_leaves=14
num_cat=0
split_feature=61 52 61 61 25 6 56 8 44 3 45 12 55
split_gain=14.4284 25.8763 14.4579 9.67138 16.2691 7.16319 7.98554 7.00576 11.8191 6.39677 2.65473 2.45014 1.99553
threshold=0.45908729603200166 0.25400382144080103 0.59541693289461961 0.39581144337473717 0.90000000000000013 0.00010293968449525002 0.02182101922246121 0.0008026966401324002 1.7340917872314243 0.00072019362626730011 0.87102134953868082 -0.00018167904467494998 0.4277562794807363
decision_type=2 2 2 2 2 2 2 2 2 2 2 2 2
left_child=1 3 5 10 -5 9 -7 8 -3 -2 -1 -4 -13
right_child=2 7 11 4 -6 6 -8 -9 -10 -11 -12 12 -14
leaf_value=0.042938858541463745 -0.0017714479967601302 -0.0023460176005945447 -0.0038226149062057786 0.021508473346787606 -0.0484629445195323 0.012300652598187163 -0.02336745857371875 0.041261424432149287 -0.064964400596511498 -0.018436796056495282 -0.01267090270048782 0.041178278779187776 -0.0064176979349215239
leaf_weight=33.634557478129864 53.117341294884682 143.99707455188036 3.036549016833308 46.936752755194902 5.9958925545215598 40.226110346615314 13.384693451225756 5.5665296241641036 4.9899467229843131 120.33845519274473 1.4320091530680645 12.469940677285193 1.5890088230371464
leaf_count=543 264 768 22 508 45 211 67 32 20 566 21 150 20
internal_value=0.000151453 0.0070613 -0.00671285 0.0243757 0.0135825 -0.00938363 0.00339561 -0.00279713 -0.00444326 -0.0133334 0.0406679 0.0287611 0.0357988
internal_weight=486.715 242.553 244.162 87.9992 52.9326 227.067 53.6108 154.554 148.987 173.456 35.0666 17.0955 14.0589
internal_count=3237 1937 1300 1117 553 1108 278 820 788 830 564 192 170
is_linear=0
shrinkage=0.04


Tree=42
num_leaves=15
num_cat=0
split_feature=61 61 55 3 61 22 44 3 57 3 23 9 38 55
split_gain=13.4265 16.7872 14.097 14.6417 15.1673 9.2147 9.53594 9.18185 11.72 9.90709 9.01246 7.94728 7.73748 6.405
threshold=0.48909998178544783 0.55148480480136908 0.011360517815381428 0.00062270353115105007 0.42240030798028388 0.31870489268192853 0.018843428837188012 0.00079887695599350009 -0.3327622617391825 0.0014992282292130002 -0.61427000231218976 0.00016169164136834477 -0.033069187732702766 -0.40650118380665157
decision_type=2 2 2 2 2 2 2 2 2 2 2 2 2 2
left_child=2 7 5 4 -4 6 -1 8 -2 -9 -7 -5 -3 -14
right_child=1 12 3 11 -6 10 -8 9 -10 -11 -12 -13 13 -15
leaf_value=0.0073260262045446922 -0.042584092789804656 -0.052276516882488348 0.029307061182974638 -0.040641668967579661 -0.028534205915146812 -0.085828212694684491 -0.015675686111470414 -0.030866450888455823 0.0062805540983327437 0.025284479207542572 -0.014382772300843295 0.028927858275254403 -0.051826849188565283 0.013845788495216926
leaf_weight=132.84928807243705 9.9018740952014905 3.2354435026645652 11.779187828302385 2.7249130159616461 18.879419028759003 3.2288903594017055 36.833373114466667 65.066632270812988 37.962212443351746 5.4484866410493842 22.582620117813349 73.297315578907728 2.4761648252606383 58.81696354970336
leaf_count=823 42 20 192 33 123 14 183 275 178 23 103 804 13 411
internal_value=0.000150649 -0.00840289 0.00532814 0.0170236 -0.00631131 -0.00105405 0.002333 -0.0173498 -0.00382831 -0.0265278 -0.0233202 0.0264342 0.00801037 0.0111927
internal_weight=485.083 182.908 302.175 106.681 30.6586 195.494 169.683 118.379 47.8641 70.5151 25.8115 76.0222 64.5286 61.2931
internal_count=3237 962 2275 1152 315 1123 1006 518 220 298 117 837 444 424
is_linear=0
shrinkage=0.04


Tree=43
num_leaves=13
num_cat=0
split_feature=9 22 22 59 43 51 54 25 23 45 39 12
split_gain=8.54098 9.3316 11.5062 12.1387 9.1566 9.74352 15.5329 9.14738 8.43504 6.79194 3.72911 3.26562
threshold=0.00019430731155844499 -0.86093269946718076 -0.023118040804102648 0.33898919624347507 0.83344635808111311 0.098141191947890852 -0.21142849877596823 0.25000000000000006 0.51797949304545143 0.60524453654725308 1.1475574399274169 -0.00016551166816379997
decision_type=2 2 2 2 2 2 2 2 2 2 2 2
left_child=1 -1 3 -3 5 8 -7 -4 -2 10 -6 -11
right_child=4 2 7 -5 9 6 -8 -9 -10 11 -12 -13
leaf_value=-0.05771302767033696 0.00037420536721859349 0.018336449596150925 0.035420315747942355 -0.05018294220134651 0.023650763862720862 -0.0099994247042479532 -0.057619963917472143 -0.0045910498377891061 -0.035093820662666482 -0.0041914729561723617 -0.033456643846065608 0.053220712541280683
leaf_weight=3.7065538167953482 142.59315018355846 107.64939500391483 9.8659739904105646 4.3021353892981997 3.3688131384551552 46.678044319152832 14.321953058242796 124.61763643473387 11.601202454417942 1.9423246607184417 4.0040570423007011 8.6208371259272063
leaf_count=18 1020 798 89 37 19 226 70 800 65 11 26 58
internal_value=0.000149089 0.00528272 0.00623022 0.0157033 -0.00535913 -0.00764776 -0.0211801 -0.00165574 -0.00229432 0.0220996 -0.00736312 0.0426639
internal_weight=483.272 250.142 246.435 111.952 233.13 215.194 61 134.484 154.194 17.936 7.37287 10.5632
internal_count=3237 1742 1724 835 1495 1381 296 889 1085 114 45 69
is_linear=0
shrinkage=0.04


Tree=44
num_leaves=15
num_cat=0
split_feature=61 60 61 3 3 23 14 22 50 32 19 23 14 1
split_gain=13.0109 23.5481 13.1266 9.35473 11.5548 6.82224 10.0358 6.07931 17.0328 10.9993 5.96548 5.48714 2.48906 1.70586
threshold=0.45908729603200166 -0.061337174168329275 0.59541693289461961 0.00057461607396880018 0.00056107982825005017 -0.71244084952920927 -0.00032048549273104994 -0.035011970557972345 -0.18414918738905675 0.3575717604319803 -2.1011762408710184 -0.90566073948033876 -0.00052454593346304998 0.66593020942718806
decision_type=2 2 2 2 2 2 2 2 2 2 2 2 2 2
left_child=1 7 5 4 -3 10 -7 9 -9 -1 -2 -5 -4 -14
right_child=2 3 12 11 -6 6 -8 8 -10 -11 -12 -13 13 -15
leaf_value=-0.0052425646262345572 0.019878914490382121 0.010883368961003516 -0.0049054825848836364 -0.030660788697188301 -0.09223984306812176 -0.023340830208840875 -0.0011506927012322034 0.012629207706915058 -0.025824740770776893 0.025168641301442883 -0.031440931670136847 0.034956132412648319 0.040671897426301097 -0.0025618721281615419
leaf_weight=54.378787163645029 4.1176478564739218 18.033497594296936 3.002102084457877 2.1146559417247763 1.923961579799651 41.583437249064445 151.11737067997456 31.033607453107834 45.379475302994251 29.272436480969191 30.232501149177551 57.055442415177822 11.870489228516815 1.6650321856141079
leaf_count=317 18 212 23 24 18 187 764 157 233 185 139 791 151 18
internal_value=0.000146479 0.00677314 -0.00636057 0.0246235 0.000941968 -0.00886658 -0.00593916 -0.00205118 -0.0102075 0.00539936 -0.0252891 0.0326111 0.0280453 0.0353536
internal_weight=482.78 239.192 243.589 79.1276 19.9575 227.051 192.701 160.064 76.4131 83.6512 34.3501 59.1701 16.5376 13.5355
internal_count=3237 1937 1300 1045 230 1108 951 892 390 502 157 815 192 169
is_linear=0
shrinkage=0.04


Tree=45
num_leaves=15
num_cat=0
split_feature=61 53 61 61 33 23 57 6 51 24 3 51 10 45
split_gain=12.0444 22.1249 12.334 10.7873 15.8886 8.80611 9.17718 7.61304 8.27746 7.20739 6.35787 4.63779 4.31172 2.74302
threshold=0.45908729603200166 0.050090513976464808 0.58426720809720523 0.4205119545767057 -0.00015811043539239831 -0.6028576044019035 -0.53182169764467668 0.00010293968449525002 -0.072136768352035058 1.0000000180025095e-35 0.00071387862113820005 0.035604591493667327 -0.00013601473074289998 0.87102134953868082
decision_type=2 2 2 2 2 2 2 2 2 2 2 2 2 2
left_child=1 3 7 13 -5 6 -3 10 -9 -7 -2 12 -4 -1
right_child=2 5 11 4 -6 9 -8 8 -10 -11 -12 -13 -14 -15
leaf_value=0.036237351943224569 -0.0013842921224936752 -0.0074248088158311541 0.00021395028918356899 -0.015892298916105975 0.035179098310429306 -0.012647203051820622 -0.08029995566021135 -0.018934686995204723 0.015241623854384701 0.0066569483000551155 -0.018340720148799367 -0.025917662312330298 0.039779239188697371 -0.0081385719038883746
leaf_weight=48.823252730071545 50.713427811861038 6.8992399573326111 6.3135748095810476 22.320156373083591 17.301622655242682 47.944200754165649 4.6138032674789411 16.683085076510906 35.395828619599342 87.279995828866959 117.01951779425144 2.9283345043659201 14.593568276613949 2.3353135548532
leaf_count=779 252 36 47 184 163 237 20 85 185 484 538 21 172 34
internal_value=0.000146007 0.00655573 -0.00610246 0.022077 0.00640902 -0.00304664 -0.0366292 -0.00906604 0.0042935 -0.000187404 -0.013214 0.0212279 0.0278312 0.0342117
internal_weight=481.165 237.518 243.647 90.7803 39.6218 146.737 11.513 219.812 52.0789 135.224 167.733 23.8355 20.9071 51.1586
internal_count=3237 1937 1300 1160 347 777 56 1060 270 721 790 240 219 813
is_linear=0
shrinkage=0.04


Tree=46
num_leaves=9
num_cat=0
split_feature=13 18 20 0 55 22 54 25
split_gain=8.08115 7.30504 13.0897 14.3909 8.91006 7.40578 12.9219 10.8162
threshold=-0.00053383632130694989 1.0000000180025095e-35 0.0025842481259815502 43.688949019809748 -0.38534374150656353 0.057390702473625557 -0.21142849877596823 0.90000000000000013
decision_type=2 2 2 2 2 2 2 2
left_child=-1 5 4 -4 -3 6 -2 -7
right_child=1 2 3 -5 -6 7 -8 -9
leaf_value=-0.040516161102814092 0.052148219693566616 -0.042673205031355875 -0.040888548082825688 -0.0053346420199599084 0.011496222372847864 0.0012843080667844283 0.0065598290767988343 -0.032413269545827871
leaf_weight=7.6948354020714751 10.504801496863363 5.3008285015821448 27.369873829185963 54.457698542624712 58.207609385251999 110.60162694752216 187.69390334933996 17.676216293126345
leaf_count=39 60 24 147 333 365 763 1379 127
internal_value=0.000145403 0.000808556 -0.00665122 -0.0172268 0.00697489 0.00412939 0.00897608 -0.00335909
internal_weight=479.507 471.813 145.336 81.8276 63.5084 326.477 198.199 128.278
internal_count=3237 3198 869 480 389 2329 1439 890
is_linear=0
shrinkage=0.04


Tree=47
num_leaves=15
num_cat=0
split_feature=61 61 49 61 25 20 22 61 9 23 22 22 3 39
split_gain=11.2363 15.0079 11.6995 17.1353 13.1852 9.70068 10.6188 8.91692 8.5504 7.66789 8.52342 8.2348 7.58874 3.15074
threshold=0.48909998178544783 0.53144018024757067 -0.039277430905162704 0.42130896939815848 0.90000000000000013 0.0025862302468682005 -0.56921067846672058 0.58657205344341568 0.00017110176377340078 -0.81031387431159418 0.36704465486314369 0.12697670999845914 0.00060743880939615011 0.22814724662729793
decision_type=2 2 2 2 2 2 2 2 2 2 2 2 2 2
left_child=2 8 9 13 -5 6 -3 -7 -2 11 -11 -1 -10 -4
right_child=1 5 3 4 -6 7 -8 -9 12 10 -12 -13 -14 -15
leaf_value=-0.089071873197614962 0.033800971564302604 -0.060893905011222008 0.01781734005048255 0.0084567118647532035 -0.044925296856536838 -0.06641842509284332 0.010484585538125209 0.018924140459360785 0.0056616764894929549 0.0028847970463772303 -0.026817320838451116 0.0059002388637944634 -0.027559622732140712 0.040195734715129688
leaf_weight=3.2610253542661658 4.5670485645532599 3.4766857996582976 14.551092144101856 67.438229642808437 8.3160389810800535 5.6590774655342084 81.673046961426735 2.9958621747791767 13.024132922291754 150.72231775149703 17.224789254367352 2.6460650712251663 70.845711469650269 32.661542169749737
leaf_count=22 22 18 212 505 45 25 501 32 63 865 73 22 301 531
internal_value=0.000141742 -0.00767633 0.00494186 0.0143845 0.00259662 0.00346919 0.00757018 -0.0368775 -0.0194983 -0.00173693 -0.000161476 -0.0465294 -0.0224007 0.0332986
internal_weight=479.063 182.242 296.821 122.967 75.7543 93.8047 85.1497 8.65494 88.4369 173.854 167.947 5.90709 83.8698 47.2126
internal_count=3237 962 2275 1293 550 576 519 57 386 982 938 44 364 743
is_linear=0
shrinkage=0.04


Tree=48
num_leaves=14
num_cat=0
split_feature=61 60 61 3 30 10 19 20 9 23 15 10 55
split_gain=10.4526 20.5079 11.2724 9.16966 10.6328 6.71472 6.46054 6.68451 6.40341 5.233 4.16863 2.86213 2.42045
threshold=0.45908729603200166 -0.061337174168329275 0.59863169172972286 0.00057461607396880018 -0.03209982799614574 -0.00034867273397514993 2.194606180020561 0.0025841759944850002 0.00019455561281178776 -0.90566073948033876 0.00064236700491285021 -0.00018167904467494998 0.4277562794807363
decision_type=2 2 2 2 2 2 2 2 2 2 2 2 2
left_child=1 5 6 4 -3 -1 7 -2 -7 -5 -8 -4 -13
right_child=2 3 11 9 -6 8 10 -9 -10 -11 -12 12 -14
leaf_value=-0.079067915478756412 -0.0010029185334789455 -0.025137472232603396 -0.0077510988927752492 -0.02968775450084031 0.035086117790855458 0.0074148757760269367 0.04417119112973035 -0.015209733170314996 -0.0087415213666228331 0.034150245642409649 -0.0072673491470218654 0.043846500041277638 -0.011128941125086791
leaf_weight=1.7860792279243458 90.604553528130054 11.363524358719589 2.8309070169925681 2.1367149837315074 7.9879799783229819 74.723135720938444 6.1114567592740041 127.64206671714783 82.680027466267347 53.413531236350536 4.2904709205031395 10.339626528322695 1.4626438878476609
leaf_count=9 448 125 21 24 105 436 40 609 447 791 23 139 20
internal_value=0.000140341 0.00617435 -0.00566571 0.0234343 -0.000278173 -0.00194679 -0.00784392 -0.00931181 -0.00107168 0.0316947 0.0229544 0.0283695 0.0370334
internal_weight=477.373 234.091 243.282 74.9018 19.3515 159.189 228.649 218.247 157.403 55.5502 10.4019 14.6332 11.8023
internal_count=3237 1937 1300 1045 230 892 1120 1057 883 815 63 180 159
is_linear=0
shrinkage=0.04


Tree=49
num_leaves=15
num_cat=0
split_feature=61 61 55 3 57 43 14 48 9 9 22 45 32 3
split_gain=9.79384 13.5663 10.4949 13.6688 14.5951 10.0179 9.14328 9.04136 8.08921 7.83558 7.44822 13.7933 10.6676 6.85451
threshold=0.48909998178544783 0.53144018024757067 0.011360517815381428 0.00062270353115105007 0.24002113523079485 0.39984699850554845 -0.00019852286258094997 0.26509065741914006 0.00016169164136834477 0.00017110176377340078 0.057390702473625557 0.48554253756715449 0.3575717604319803 0.00060743880939615011
decision_type=2 2 2 2 2 2 2 2 2 2 2 2 2 2
left_child=2 9 10 4 -4 7 -7 -3 -5 -2 12 -12 -1 -11
right_child=1 5 3 8 -6 6 -8 -9 -10 13 11 -13 -14 -15
leaf_value=-0.0030635488652006461 0.032957322344849015 0.022985147024614259 0.036759684138752087 -0.044443396906122229 -0.025368854687415513 -0.02945012274421201 0.0060497911955190485 -0.033255830423190975 0.027417903542992374 0.0055812324523632616 -0.045604198747254146 -0.0017689352155196515 0.021641804921514234 -0.026000175821017497
leaf_weight=87.951699823141098 4.5178054571151725 41.069384858012199 8.4704232513904589 2.6024670787155619 21.170659702271223 20.636859819293022 26.533291559666395 5.1466229557991019 67.838081557303667 13.007159188389776 14.898626338690518 50.13020983338356 41.000246770679951 71.115469232201576
leaf_count=501 22 264 98 33 217 120 171 21 804 63 99 272 251 301
internal_value=0.000139549 -0.00715242 0.00465333 0.0151737 -0.00761461 0.00348653 -0.00948136 0.0167221 0.0247629 -0.018361 -0.00077452 -0.0118119 0.00479151 -0.021117
internal_weight=476.089 182.027 294.062 100.082 29.6411 93.3862 47.1702 46.216 70.4405 88.6404 193.981 65.0288 128.952 84.1226
internal_count=3237 962 2275 1152 315 576 291 285 837 386 1123 371 752 364
is_linear=0
shrinkage=0.04


Tree=50
num_leaves=15
num_cat=0
split_feature=61 53 61 43 9 1 22 59 50 61 25 10 42 49
split_gain=9.36307 26.6837 9.82852 8.43361 11.2065 7.79087 9.59896 9.18697 6.3487 4.13657 6.76073 2.75951 2.30601 2.28653
threshold=0.43634652038310756 0.050090513976464808 0.59863169172972286 0.81128886844196824 0.00019135195689681808 -0.2522656661276414 -0.56921067846672058 -0.75141934653418663 -0.13436249676236056 0.40087432830500092 0.90000000000000013 -0.00018167904467494998 0.00010922522091149617 0.4026141095688936
decision_type=2 2 2 2 2 2 2 2 2 2 2 2 2 2
left_child=1 9 5 4 -3 6 -2 -7 -5 12 -11 -4 -1 -13
right_child=2 3 11 8 -6 7 -8 -9 -10 10 -12 13 -14 -15
leaf_value=0.0042199718437142542 -0.061120997895752635 0.007227907106981556 -0.0073554763251451249 0.035867004930232024 -0.018392665122104843 -0.033625068289614528 -0.01082770931311668 0.00336655322351531 -0.024129836613239451 0.024025113002216936 -0.037066933623081937 0.04366822150494179 0.040742180631186752 -0.0091392776418346665
leaf_weight=3.030788477510213 6.3909544050693503 47.656942240893841 2.8458736240863791 13.146627411246302 63.996785521507263 11.715664982795714 121.62407449632883 129.25564693287015 3.5932346880435935 25.002448067069057 3.2783329747617236 9.9005378670990449 31.672938294708729 1.5123076029121865
leaf_count=54 30 265 21 69 326 56 609 711 20 324 29 139 564 20
internal_value=0.000138756 0.00697362 -0.0044793 -0.0034876 -0.00745709 -0.00619483 -0.0133385 0.0002923 0.0229886 0.0282988 0.0169433 0.0278836 0.0375526 0.0366707
internal_weight=474.623 191.378 283.245 128.394 111.654 268.986 128.015 140.971 16.7399 62.9845 28.2808 14.2587 34.7037 11.4128
internal_count=3237 1651 1586 680 591 1406 639 767 89 971 353 180 618 159
is_linear=0
shrinkage=0.04


Tree=51
num_leaves=15
num_cat=0
split_feature=61 60 61 61 25 9 49 9 42 61 61 42 44 38
split_gain=8.78598 17.6711 9.98508 9.30572 14.3258 6.69435 14.6144 12.7127 5.93217 9.73281 6.99899 4.58226 4.10265 1.46371
threshold=0.46276980430170828 -0.061337174168329275 0.58657205344341568 0.39581144337473717 0.90000000000000013 0.00020846196360030145 -0.16877127402704981 0.00021394998976562101 0.00011301441760259097 0.48340693096580423 0.50036194023781833 0.00014993706731414793 0.018843279613818025 2.186541880258237
decision_type=2 2 2 2 2 2 2 2 2 2 2 2 2 2
left_child=1 5 8 -3 -5 6 -1 -7 9 -2 -10 13 -13 -4
right_child=2 3 11 4 -6 7 -8 -9 10 -11 -12 12 -14 -15
leaf_value=-0.006774803363842145 -0.080972896472562186 0.040823110135464108 0.042910754396013571 0.020210162874826892 -0.041260676938001561 -0.044816937312074562 0.02258029274008802 0.0018537928384858295 0.0042165174408779222 -0.010656297651119234 -0.011522547407200505 -0.029895134638857054 0.02641987387159225 0.0023039738846531996
leaf_weight=83.857296980917454 4.5554508268833152 26.228846330195665 10.322026781737806 41.808848571032286 7.0954365469515315 15.235090903937815 40.116552650928497 24.126663610339165 69.10173562169075 10.204847127199171 130.72778695076704 4.087740767747162 4.1929358318448067 1.6469059325754631
leaf_count=461 22 522 124 501 50 81 244 130 359 46 593 41 47 16
internal_value=0.000138045 0.00554625 -0.00535374 0.0216009 0.0112915 -0.00183878 0.00272418 -0.0162103 -0.00788743 -0.032358 -0.00607992 0.0214964 -0.00137993 0.0373233
internal_weight=473.308 238.469 234.839 75.1331 48.9043 163.336 123.974 39.3618 214.59 14.7603 199.83 20.2496 8.28068 11.9689
internal_count=3237 1989 1248 1073 551 916 705 211 1020 68 952 228 88 140
is_linear=0
shrinkage=0.04


Tree=52
num_leaves=15
num_cat=0
split_feature=61 61 42 50 20 44 61 25 46 3 43 3 61 0
split_gain=8.17707 12.0872 11.4494 12.5713 10.8189 9.38267 9.17357 14.0006 9.30533 9.14485 8.9659 6.99525 8.28022 4.73652
threshold=0.48909998178544783 0.53144018024757067 0.00011844585097349738 0.023758220326575024 0.0025847921026068504 0.018843648850990526 0.45026392645230123 0.90000000000000013 -0.15041090322637929 0.00062270353115105007 0.39984699850554845 0.00060743880939615011 0.50036194023781833 48.884154681061609
decision_type=2 2 2 2 2 2 2 2 2 2 2 2 2 2
left_child=2 11 6 4 -4 10 7 -1 -8 -5 -3 13 -13 -2
right_child=1 5 3 9 -6 -7 8 -9 -10 -11 -12 12 -14 -15
leaf_value=0.01417989365992754 -0.013195194109759487 0.020855262543755877 0.01135631298592896 -0.00158011570446696 -0.0093691936355630688 -0.037726426836424277 -0.093398573651358452 -0.03129293490875925 -0.019856927630747964 0.032266797351074412 -0.0051890800107091233 0.0011320454212760457 -0.02976758933119807 0.032396824796573839
leaf_weight=29.352379523217678 7.7709463834762555 41.24436653777957 94.164895083755255 17.422738671302795 70.447291258722544 8.035978786647318 3.7524050325155249 17.17075639590621 10.334612682461737 47.846560575067997 43.406338311731815 18.484983325004578 55.646867409348488 6.8682114779949188
leaf_count=296 37 252 602 195 411 55 20 98 55 598 269 85 229 35
internal_value=0.000137813 -0.00652397 0.00429914 0.00837674 0.00248664 0.00357931 -0.0111663 -0.00260322 -0.0394465 0.0232318 0.00750051 -0.0170729 -0.0220627 0.00819508
internal_weight=471.949 181.458 290.492 229.881 164.612 92.6867 60.6102 46.5231 14.087 65.2693 84.6507 88.771 74.1319 14.6392
internal_count=3237 962 2275 1806 1013 576 469 394 75 793 521 386 314 72
is_linear=0
shrinkage=0.04


Tree=53
num_leaves=14
num_cat=0
split_feature=61 53 61 43 20 47 1 50 61 43 10 45 49
split_gain=7.80259 23.7391 8.76605 7.82581 9.54666 7.03657 7.81706 5.90901 4.09927 5.95748 2.72546 2.70353 2.22702
threshold=0.43634652038310756 0.050090513976464808 0.59863169172972286 0.81128886844196824 0.0025855767310072504 0.39843492816507603 -0.2522656661276414 -0.13436249676236056 0.40087432830500092 0.23489488926507365 -0.00018167904467494998 0.87102134953868082 0.4026141095688936
decision_type=2 2 2 2 2 2 2 2 2 2 2 2 2
left_child=1 8 5 4 -3 6 -2 -5 11 -10 -4 -1 -12
right_child=2 3 10 7 -6 -7 -8 -9 9 -11 12 -13 -14
leaf_value=0.039316399926416071 -0.013645553185974896 -0.0015680091037963905 -0.0079597202497097008 0.035046175037021045 -0.032021681331776512 0.048144930367887744 0.00011377516924613368 -0.022585138921386423 -0.0040645434701889593 0.03338534721919599 0.043471359084151742 -0.020166897228133692 -0.0086529749386491227
leaf_weight=30.998734939843416 126.14101431518793 91.936040252447128 2.8161253184080115 12.96700105071068 20.06439620256424 3.8334305286407462 138.71446418762207 3.6471767276525489 12.740635957568886 14.567330829799173 9.3776920028030855 1.2727294042706478 1.5247164405882347
leaf_count=596 629 493 21 69 98 20 757 20 151 202 139 22 20
internal_value=0.000136405 0.0064458 -0.00406813 -0.00322343 -0.00702365 -0.00566053 -0.00643929 0.0223948 0.0273189 0.015913 0.0271204 0.0369705 0.0361817
internal_weight=470.601 188.194 282.407 128.615 112 268.689 264.855 16.6142 59.5794 27.308 13.7185 32.2715 10.9024
internal_count=3237 1651 1586 680 591 1406 1386 89 971 353 180 618 159
is_linear=0
shrinkage=0.04


Tree=54
num_leaves=9
num_cat=0
split_feature=44 61 47 23 61 59 61 10
split_gain=8.00851 8.88301 21.3935 11.909 8.21896 5.96876 5.16079 2.63336
threshold=12.692914758483262 0.43634652038310756 0.37987767232374231 -0.6028576044019035 0.59863169172972286 -0.75141934653418663 0.39581144337473717 -0.00018167904467494998
decision_type=2 2 2 2 2 2 2 2
left_child=1 2 6 -4 5 -3 -1 -6
right_child=-2 4 3 -5 7 -7 -8 -9
leaf_value=0.039127931872024228 -0.065334910212582628 -0.028516545210521146 -0.045229980309149063 0.0015504593451759214 -0.0076014285548384975 -0.0038884135135772951 0.015454657477578255 0.03583733539072638
leaf_weight=29.390429295599461 2.9704814851284018 16.792957276105881 9.4159501418471319 115.63939456641674 2.8306050002574912 252.28895808011293 29.545817278325558 10.575181402266024
leaf_count=579 12 78 45 620 21 1328 395 159
internal_value=0.00013533 0.000552237 0.00739174 -0.00197184 -0.00390251 -0.00542541 0.0272601 0.0266653
internal_weight=469.45 466.479 183.992 125.055 282.488 269.082 58.9362 13.4058
internal_count=3237 3225 1639 665 1586 1406 974 180
is_linear=0
shrinkage=0.04


Tree=55
num_leaves=9
num_cat=0
split_feature=44 61 55 23 61 1 61 42
split_gain=7.4019 8.23396 20.4483 10.7532 7.70389 6.38613 4.28246 2.62352
threshold=12.692914758483262 0.43634652038310756 -0.32044821488680936 -0.6028576044019035 0.59863169172972286 -0.2522656661276414 0.39581144337473717 0.00014993706731414793
decision_type=2 2 2 2 2 2 2 2
left_child=1 2 3 -1 5 -3 -4 -6
right_child=-2 4 6 -5 7 -7 -8 -9
leaf_value=-0.042201020750806166 -0.062893895492351734 -0.011635647510575704 0.039532175677623516 0.0018780610596524636 0.043726473820671241 0.00069169134277207226 0.016712356415642421 0.0079218491825834951
leaf_weight=9.5576388463377935 2.9624848067760459 128.80489504337311 26.469233348965645 120.47253189235926 6.6917918622493726 140.67238415405154 26.164420794695616 6.4116472862660885
leaf_count=45 12 639 556 661 103 767 377 77
internal_value=0.00013289 0.000534219 0.00715286 -0.00136189 -0.00374415 -0.00520054 0.0281883 0.0262069
internal_weight=468.207 465.245 182.664 130.03 282.581 269.477 52.6337 13.1034
internal_count=3237 3225 1639 706 1586 1406 933 180
is_linear=0
shrinkage=0.04


Tree=56
num_leaves=6
num_cat=0
split_feature=0 13 22 42 42
split_gain=7.1406 7.26008 6.94558 9.95608 8.00962
threshold=14.574154159009597 -0.00053383632130694989 -0.16117634098691255 0.00011778503078746227 0.00015596887974384888
decision_type=2 2 2 2 2
left_child=-1 -2 4 -4 -3
right_child=1 2 3 -5 -6
leaf_value=0.046492325373097623 -0.039657476779528189 0.012638873973909226 -0.017658058596050845 0.00045617381582453264 -0.015592709980541084
leaf_weight=5.2555494457483283 7.4152165465056887 105.00793425366282 59.13369607180357 271.189034152776 18.986324768513441
leaf_count=39 38 807 370 1856 127
internal_value=0.000130476 -0.000397226 0.000243568 -0.0027866 0.00831598
internal_weight=466.988 461.732 454.317 330.323 123.994
internal_count=3237 3198 3160 2226 934
is_linear=0
shrinkage=0.04


Tree=57
num_leaves=9
num_cat=0
split_feature=0 61 49 3 61 44 9 29
split_gain=6.74521 6.63988 11.6638 12.2821 8.67099 9.44296 7.04228 6.75162
threshold=14.574154159009597 0.4763330308672567 0.043860850639482439 0.00059196738394205013 0.56895066840999309 0.018842613699622767 0.00019135195689681808 0.08486010011864796
decision_type=2 2 2 2 2 2 2 2
left_child=-1 2 6 -4 7 -6 -2 -3
right_child=1 4 3 -5 5 -7 -8 -9
leaf_value=0.045733427446975804 0.0077146478337064995 0.016192399819159563 -0.0095159967921568632 0.026807183755357688 0.035349712637614869 -0.0043476199329239955 -0.0083918777185779791 -0.012231168892666205
leaf_weight=5.1315685510635367 74.787528287619352 14.660749539732931 20.343820340931416 55.605548882856965 15.564995381981133 24.965214639902115 103.60277884081006 152.01658657938242
leaf_count=39 487 69 236 801 127 204 581 693
internal_value=0.000126402 -0.000380665 0.00394973 0.0170776 -0.00569607 0.0108975 -0.00163945 -0.00973106
internal_weight=466.679 461.547 254.34 75.9494 207.208 40.5302 178.39 166.677
internal_count=3237 3198 2105 1037 1093 331 1068 762
is_linear=0
shrinkage=0.04


Tree=58
num_leaves=9
num_cat=0
split_feature=44 61 49 59 9 1 45 25
split_gain=6.78843 7.32331 20.2447 8.31088 7.76405 7.43798 6.49715 2.86765
threshold=12.692914758483262 0.43082911445336175 -0.022204913034865648 -0.75141934653418663 0.00019225993155343171 -0.26686864478870115 0.56681084230085621 0.90000000000000013
decision_type=2 2 2 2 2 2 2 2
left_child=1 2 4 6 -1 -5 -3 -4
right_child=-2 3 7 5 -6 -7 -8 -9
leaf_value=0.010812909992573887 -0.060405699783273259 0.012492479471582218 0.035944231491419933 -0.0084272985001264608 -0.0092995771892728594 0.004718924118127822 -0.043815994962720817 0.0097956812908947376
leaf_weight=52.615564707666636 2.9457411319017401 4.3521658331155804 34.590121733024716 132.78679289296269 73.762009635567665 143.03810678049922 13.292081221938131 8.3255852311849576
leaf_count=342 12 21 624 739 415 856 61 167
internal_value=0.000124151 0.000509457 0.00713461 -0.00331239 -0.00092602 -0.00160989 -0.0299268 0.0308715
internal_weight=465.708 462.762 169.293 293.469 126.378 275.825 17.6442 42.9157
internal_count=3237 3225 1548 1677 757 1595 82 791
is_linear=0
shrinkage=0.04


Tree=59
num_leaves=6
num_cat=0
split_feature=0 13 61 61 55
split_gain=6.39853 6.51405 6.56078 8.15833 1.92449
threshold=14.574154159009597 -0.00053383632130694989 0.59863169172972286 0.50036194023781833 0.4277562794807363
decision_type=2 2 2 2 2
left_child=-1 -2 3 -3 -4
right_child=1 2 4 -5 -6
leaf_value=0.045088733653578322 -0.03745975942656133 0.003180503663610227 0.036164833480462705 -0.0085056972146333575 -0.013981149190913913
leaf_weight=5.0084419585764399 7.4529188796877852 300.63151173107326 10.096044853329657 140.13608885928988 1.3935284018516529
leaf_count=39 38 2337 148 655 20
internal_value=0.000121542 -0.000368366 0.000242878 -0.000534966 0.0300828
internal_weight=464.719 459.71 452.257 440.768 11.4896
internal_count=3237 3198 3160 2992 168
is_linear=0
shrinkage=0.04


Tree=60
num_leaves=9
num_cat=0
split_feature=44 61 49 59 1 51 45 25
split_gain=6.32239 6.49498 19.3393 7.65494 6.91654 6.25879 5.95244 2.8224
threshold=12.692914758483262 0.43082911445336175 -0.022204913034865648 -0.75141934653418663 -0.26686864478870115 0.066932684226126526 0.56681084230085621 0.90000000000000013
decision_type=2 2 2 2 2 2 2 2
left_child=1 2 5 6 -5 -1 -3 -4
right_child=-2 3 7 4 -6 -7 -8 -9
leaf_value=0.023233415518274788 -0.058473743499531231 0.012084190228016781 0.035537843977170927 -0.0080312399035750801 0.0046489509903645298 -0.0043121408592796421 -0.04186546675459251 0.0094024245027713223
leaf_weight=14.975727528333662 2.9280847907066336 4.3364969640970257 33.473384987562895 132.918287307024 142.73850950971246 111.1798362582922 13.332353726029394 8.2382888458669168
leaf_count=173 12 21 624 739 856 584 61 167
internal_value=0.000117757 0.000489751 0.00676455 -0.00310125 -0.00146528 -0.00104225 -0.0286245 0.030376
internal_weight=464.121 461.193 167.867 293.326 275.657 126.156 17.6689 41.7117
internal_count=3237 3225 1548 1677 1595 757 82 791
is_linear=0
shrinkage=0.04


Tree=61
num_leaves=13
num_cat=0
split_feature=0 7 10 1 10 44 23 23 56 41 8 43
split_gain=6.12923 10.8584 11.2978 10.8419 6.40171 6.00476 5.59431 4.83519 6.44384 2.12522 2.61634 0.0754364
threshold=23.615863687310675 -0.00039657981533729999 -4.3024432545123313e-06 -0.9979692489869193 -0.00012210988878739998 12.692914758483262 -0.71244084952920927 -0.26990470375771908 0.0084605767765437243 -2.9516868437736338e-05 -0.0011245344661918997 0.21077812820826644
decision_type=2 2 2 2 2 2 2 2 2 2 2 2
left_child=4 2 3 -2 7 6 -3 -1 -9 10 -6 -11
right_child=1 5 -4 -5 9 -7 -8 8 -10 11 -12 -13
leaf_value=0.033635206260100865 0.016906535468515817 -0.011881044768614693 -0.074511364590445842 -0.038010444568056287 0.056235471307537761 -0.056580989376462415 0.0028150041133424039 -0.059391612997547541 0.019139807365971196 0.06240144536175523 0.0035658527761965124 0.052402707077164504
leaf_weight=3.658798823133111 10.88919518887997 46.819182652980089 5.8090389296412459 12.192017260938883 2.3617268968373537 2.9054461419582358 361.01495544612408 3.6564725860953349 3.0799678135663271 1.6004563383758048 4.1794556621462107 4.9144505821168423
leaf_count=21 65 342 32 64 18 12 2540 21 28 9 40 45
internal_value=0.000115332 -0.000947525 -0.0246507 -0.0121019 0.0200401 0.000719689 0.0011279 -0.00338129 -0.0234863 0.0386883 0.0225825 0.054859
internal_weight=463.081 439.63 28.8903 23.0812 23.4513 410.74 407.834 10.3952 6.73644 13.0561 6.54118 6.51491
internal_count=3237 3055 161 129 182 2894 2882 70 49 112 58 54
is_linear=0
shrinkage=0.04


Tree=62
num_leaves=8
num_cat=0
split_feature=0 55 61 60 44 61 41
split_gain=5.96934 6.06162 13.5804 9.28685 8.88876 7.68344 7.58093
threshold=14.574154159009597 -0.37838532624144455 0.42823183944488769 -0.7895529202007453 0.018843144026252669 0.58426720809720523 -8.5573035899066941e-06
decision_type=2 2 2 2 2 2 2
left_child=-1 3 4 -2 -3 -4 -5
right_child=1 2 5 6 -6 -7 -8
leaf_value=0.044266066334179871 -0.06730700572401728 0.025442682476795726 -0.0044786322700303719 -0.017325467623664437 -0.00034150666029867922 0.022199038992311827 0.0033165470462494274
leaf_weight=4.8476813882589331 4.0957672968506804 56.13975134678185 229.3897963874042 51.935756746679544 34.56207668967545 18.680126871913671 62.995621081441641
leaf_count=39 19 857 1250 285 245 213 329
internal_value=0.000112184 -0.000355366 0.0023729 -0.00812048 0.0156176 -0.00246975 -0.00601127
internal_weight=462.647 457.799 338.772 119.027 90.7018 248.07 114.931
internal_count=3237 3198 2565 633 1102 1463 614
is_linear=0
shrinkage=0.04


Tree=63
num_leaves=6
num_cat=0
split_feature=0 13 22 20 42
split_gain=5.64193 5.72347 6.16254 10.87 8.93033
threshold=14.574154159009597 -0.00053383632130694989 -0.16117634098691255 0.0025848825224850506 0.00011867570329389731
decision_type=2 2 2 2 2
left_child=-1 -2 3 -3 -4
right_child=1 2 4 -5 -6
leaf_value=0.043568983931325703 -0.035055130352747918 0.016629284238806181 -0.016221551571667717 -0.0084021772348317845 0.00058529871999340522
leaf_weight=4.730611339211463 7.4743920639157286 79.611102607101202 62.520392738282681 42.615842906758189 264.95401371829212
leaf_count=39 38 655 397 279 1829
internal_value=0.000109982 -0.000339709 0.000237289 0.00790177 -0.00262341
internal_weight=461.906 457.176 449.701 122.227 327.474
internal_count=3237 3198 3160 934 2226
is_linear=0
shrinkage=0.04


Tree=64
num_leaves=14
num_cat=0
split_feature=0 7 10 1 10 61 46 61 23 56 41 3 61
split_gain=5.46814 9.56287 10.1134 9.83588 6.05715 5.78587 9.69266 8.62682 4.59737 5.78029 2.12298 4.13678 0.103419
threshold=23.615863687310675 -0.00039657981533729999 -4.3024432545123313e-06 -0.9979692489869193 -0.00012210988878739998 0.4763330308672567 0.14712364370707029 0.53144018024757067 -0.26990470375771908 0.0084605767765437243 -2.9516868437736338e-05 0.0014797163266868504 0.42130896939815848
decision_type=2 2 2 2 2 2 2 2 2 2 2 2 2
left_child=4 2 3 -2 8 6 -3 -7 -1 -10 11 -6 -12
right_child=1 5 -4 -5 10 7 -8 -9 9 -11 12 -13 -14
leaf_value=0.032780961582039109 0.016620727873457562 0.012763236235252171 -0.069892442305217489 -0.035685022778339043 -0.024266478129085153 -0.012208372917647189 -0.0036361661763226532 0.005600811022409973 -0.056685034082934543 0.018014253724744952 0.04773764678142918 0.044143883073822499 0.058285336239141027
leaf_weight=3.6084468066692352 10.82871945947409 119.69576872885227 5.8873999230563632 12.27003275975585 2.1171343587338924 103.55732876807451 111.26892319321632 75.065092097967863 3.6995625868439692 3.0026440545916557 2.4245687220245582 4.2601838540285826 3.8475846871733665
leaf_count=21 65 1359 32 64 16 471 592 472 21 28 30 42 24
internal_value=0.000106748 -0.000889448 -0.0230924 -0.011164 0.0191356 0.000681838 0.0048627 -0.00472416 -0.00362063 -0.0232191 0.0376843 0.0214331 0.054208
internal_weight=461.533 438.573 28.9862 23.0988 22.9601 409.587 230.965 178.622 10.3107 6.70221 12.6495 6.37732 6.27215
internal_count=3237 3055 161 129 182 2894 1951 943 70 49 112 58 54
is_linear=0
shrinkage=0.04


Tree=65
num_leaves=10
num_cat=0
split_feature=9 22 43 22 22 54 25 45 46
split_gain=5.33712 7.60521 7.95168 7.05707 8.23612 10.2471 7.66377 5.9826 5.9352
threshold=0.00019430731155844499 -0.86093269946718076 0.83344635808111311 -0.86093269946718076 -0.023118040804102648 0.11816314075824465 0.25000000000000006 0.60524453654725308 0.15772909755537654
decision_type=2 2 2 2 2 2 2 2 2
left_child=3 -2 8 -1 5 -5 -6 -4 -3
right_child=1 2 7 4 6 -7 -8 -9 -10
leaf_value=-0.049802254235447728 0.048646597357835678 -0.0044507017240420698 -0.0066087183967617133 0.016677794233479176 0.034858438497556696 -0.03812055699571628 -0.0041709177461157539 0.041524636928018187 -0.022730297334729043
leaf_weight=3.7943132668733588 4.2575699836015692 169.49118324741721 7.1933121159672764 97.48180185444653 8.6278304979205114 5.7838435210287562 120.1321657653898 9.7069353144615871 34.145308673381805
leaf_count=18 21 1195 45 788 89 47 800 69 165
internal_value=0.000104623 -0.00430542 -0.00532768 0.00430847 0.00519335 0.0136086 -0.00155567 0.0210375 -0.00751578
internal_weight=460.614 224.794 220.537 235.82 232.026 103.266 128.76 16.9002 203.636
internal_count=3237 1495 1474 1742 1724 835 889 114 1360
is_linear=0
shrinkage=0.04


Tree=66
num_leaves=8
num_cat=0
split_feature=44 42 42 61 39 22 39
split_gain=5.27387 5.61835 12.7517 7.37464 7.08876 6.72007 5.42612
threshold=12.692914758483262 0.0001077035048194411 0.00011323047979065565 0.50036194023781833 0.0089677049228017464 -0.35863113280557107 0.35891204739170446
decision_type=2 2 2 2 2 2 2
left_child=1 4 6 -4 -1 -6 -3
right_child=-2 2 3 -5 5 -7 -8
leaf_value=-0.053385013706470037 -0.054006114028606847 -0.053506556996800701 0.0052462906930664747 -0.0059193206422872577 -0.032733916245101156 0.038349142051681447 -0.014846561293935348
leaf_weight=1.8530753813684011 2.864202305674552 8.606928654015066 262.87464364618063 147.89059304818511 2.4607113115489527 15.735785368829962 17.867552660405636
leaf_count=12 12 50 2077 806 29 119 132
internal_value=0.000102575 0.000441482 -0.000507945 0.00122626 0.0211465 0.0287366 -0.027415
internal_weight=460.153 457.289 437.24 410.765 20.0496 18.1965 26.4745
internal_count=3237 3225 3065 2883 160 148 182
is_linear=0
shrinkage=0.04


Tree=67
num_leaves=13
num_cat=0
split_feature=61 61 3 18 38 42 51 41 10 10 56 14
split_gain=5.00454 7.44613 13.3653 15.694 10.5488 9.52969 11.2137 8.33144 2.54974 0.917353 2.11855 0.00373903
threshold=0.59863169172972286 0.50036194023781833 0.00078251261764495002 1.0000000180025095e-35 -0.033069187732702766 0.00011867570329389731 -0.024511701684703565 -4.8467640447213961e-05 -0.00018167904467494998 6.7765934605026291e-05 0.022322295157674251 -0.00046270653154449994
decision_type=2 2 2 2 2 2 2 2 2 2 2 2
left_child=1 5 3 -3 -4 7 -7 -1 -2 11 -11 -10
right_child=8 2 4 -5 -6 6 -8 -9 9 10 -12 -13
leaf_value=-0.069345008665410837 -0.0086882601832522655 0.018227098893488832 -0.076820356960497285 -0.038376407571102902 -0.014153510519119323 0.024409752222827166 0.0023997193994723409 -0.0073054187757749106 0.044699517088468553 0.043017856654283738 -0.02604425485319763 0.042562875614024061
leaf_weight=3.6817460861057034 2.7697074040770522 43.346468739211559 4.5189010798931113 9.5670868046581727 87.849601440131664 45.766605369746685 194.15715045668185 58.398253845050931 1.7951844781637181 1.8514727875590327 1.1534331664443014 4.8529522679746142
leaf_count=28 21 211 19 46 402 531 1359 461 21 30 18 90
internal_value=9.98187e-05 -0.000595713 -0.00803674 0.00799285 -0.0172193 0.00298387 0.00659824 -0.0109848 0.0251427 0.0348497 0.0165084 0.0431398
internal_weight=459.709 447.286 145.282 52.9136 92.3685 302.004 239.924 62.08 12.4228 9.65304 3.00491 6.64814
internal_count=3237 3057 678 257 421 2379 1890 489 180 159 48 111
is_linear=0
shrinkage=0.04


Tree=68
num_leaves=9
num_cat=0
split_feature=0 55 61 20 44 43 55 41
split_gain=5.18769 5.46519 11.7661 9.3381 7.70564 12.181 7.42634 6.64025
threshold=14.574154159009597 -0.37838532624144455 0.42823183944488769 0.0025855767310072504 0.018843874398358173 0.30690017991102014 -0.36799568767306151 2.6701372845453859e-05
decision_type=2 2 2 2 2 2 2 2
left_child=-1 4 3 -3 7 -6 -4 -2
right_child=1 2 6 -5 5 -7 -8 -9
leaf_value=0.042632509299373192 -0.00643039435643393 0.021361376956374033 0.040058758032842291 -0.010899248390407493 -0.0019996629178786981 -0.086726177534061297 -0.0033421053085084386 0.045178198082238552
leaf_weight=4.5424760077148667 103.69108071550727 70.518741950392723 6.4781289920210829 18.025561248883605 6.119304493069647 4.8801580667495728 240.33054861798882 4.1485626250505439
leaf_count=39 562 954 34 148 28 21 1429 22
internal_value=9.81861e-05 -0.000327209 0.00228478 0.0147939 -0.007698 -0.0395905 -0.00220294 -0.00444503
internal_weight=458.735 454.192 335.353 88.5443 118.839 10.9995 246.809 107.84
internal_count=3237 3198 2565 1102 633 49 1463 584
is_linear=0
shrinkage=0.04


Tree=69
num_leaves=9
num_cat=0
split_feature=44 9 42 43 25 61 3 8
split_gain=4.94846 5.32511 7.23334 10.4191 8.23459 7.05895 9.28866 8.43089
threshold=12.692914758483262 0.00019430731155844499 0.00011778503078746227 0.88307341860130684 0.90000000000000013 0.42130896939815848 0.00034451234867650005 0.00018603053454165002
decision_type=2 2 2 2 2 2 2 2
left_child=1 5 4 -4 -3 6 -1 -7
right_child=-2 2 3 -5 -6 7 -8 -9
leaf_value=-0.051193482061584826 -0.052595307137848157 -0.0071277299336164638 -0.0040238038044923489 0.037504713398015845 -0.06628985642065105 -0.0045307850366932707 0.018644825134456963 0.017888307291475457
leaf_weight=3.1952863223850718 2.8340878784656516 9.7332120649516565 197.51771015673876 10.163582030683754 6.1380341239273539 129.01982681080699 65.699864525347948 33.887703984975815
leaf_count=23 12 61 1326 76 30 756 726 227
internal_value=9.6253e-05 0.0004242 -0.00398052 -0.00199147 -0.030008 0.00467215 0.0154058 0.00013279
internal_weight=458.189 455.355 223.553 207.681 15.8712 231.803 68.8952 162.908
internal_count=3237 3225 1493 1402 91 1732 749 983
is_linear=0
shrinkage=0.04


Tree=70
num_leaves=15
num_cat=0
split_feature=18 20 14 38 47 61 51 42 61 52 2 23 47 24
split_gain=4.93043 12.0242 12.5563 7.64108 7.62015 7.88416 7.16176 9.14242 13.5366 10.4584 8.24972 11.3406 2.09258 1.90667
threshold=1.0000000180025095e-35 0.0025842481259815502 0.00051932397171675006 -0.0014594231108095432 0.3965603252408581 0.48779293064926199 0.113340231028445 0.00014102893107401215 0.49567257298711848 0.031908666908367807 0.25654244436220275 -0.21369608177309321 0.39075931134420655 0.074999999999874958
decision_type=2 2 2 2 2 2 2 2 2 2 2 2 2 2
left_child=6 4 3 -3 5 -2 7 9 -9 -1 11 -8 -4 -12
right_child=1 2 12 -5 -6 -7 10 8 -10 -11 13 -13 -14 -15
leaf_value=0.0023968797383541029 0.025152756944386533 -0.055473102184488747 0.011683332215450903 -0.015948518675457525 -0.02988452949105044 -0.0064842302466863897 -0.027226901708588134 0.026792136605648872 -0.0035429873130644342 -0.017666990758920358 0.049813037191805735 0.04055479085610747 0.05748901353483421 0.022126785748778736
leaf_weight=124.12815600074828 32.39090801589191 8.8577881865203363 2.8381388634443274 67.185580421239138 7.6408035308122626 20.630768677219748 9.806040287017824 45.088651694357395 49.239141430705786 62.496642705053091 10.919985301792623 6.6126426905393592 3.6453250125050545 6.2621453031897536
leaf_count=1040 251 49 22 401 35 104 50 449 287 393 63 38 19 36
internal_value=9.41907e-05 -0.00605876 -0.0159967 -0.0205525 0.00746102 0.0128428 0.00289511 0.000807824 0.0109572 -0.00432208 0.0203479 7.22498e-05 0.0374376 0.0397226
internal_weight=457.743 143.189 82.5268 76.0434 60.6625 53.0217 314.553 280.953 94.3278 186.625 33.6008 16.4187 6.48346 17.1821
internal_count=3237 881 491 450 390 355 2356 2169 736 1433 187 88 41 99
is_linear=0
shrinkage=0.04


Tree=71
num_leaves=9
num_cat=0
split_feature=61 12 61 3 49 12 49 6
split_gain=4.85467 9.6362 6.41015 12.9059 9.2208 2.4264 2.27612 0.00311612
threshold=0.59863169172972286 -0.00038205647656619994 0.50036194023781833 0.00078251261764495002 0.34347101329363317 -0.00018167904467494998 0.4026141095688936 -0.00023160243824724995
decision_type=2 2 2 2 2 2 2 2
left_child=1 -1 4 -4 -3 -2 7 -7
right_child=5 2 3 -5 -6 6 -8 -9
leaf_value=-0.094101775740031507 -0.0077338559599884876 -6.397760159027061e-06 0.0087639824687643329 -0.016097134632085876 0.018890154422073757 0.044324147168644704 -0.011502760125033111 0.042505530753155968
leaf_weight=1.7562212143093336 2.8075898960232726 248.6629582028836 52.2794717438519 92.559445276856422 49.549320247024298 2.0140378065407258 1.4499185308814038 5.9936641827225685
leaf_count=10 21 1773 255 421 598 25 20 114
internal_value=9.41147e-05 -0.000590425 -0.000219754 -0.00712354 0.00313335 0.0249195 0.034613 0.0429629
internal_weight=457.073 444.807 443.051 144.839 298.212 12.2652 9.45762 8.0077
internal_count=3237 3057 3047 676 2371 180 159 139
is_linear=0
shrinkage=0.04


Tree=72
num_leaves=12
num_cat=0
split_feature=0 7 12 43 12 22 13 42 3 41 12
split_gain=4.91449 8.13063 8.71861 6.96566 5.98851 5.37421 9.84042 9.06854 3.68641 6.23767 1.43368
threshold=23.615863687310675 -0.00039657981533729999 -4.3024432545123313e-06 0.68040654397034683 -0.00029525737960274995 -0.24384188388801592 9.882234406229509e-05 0.00011867570329389731 0.0014797163266868504 -2.7930567463011848e-05 -0.00019094935564449998
decision_type=2 2 2 2 2 2 2 2 2 2 2
left_child=4 2 3 -2 -1 6 -3 -7 9 -6 -10
right_child=1 5 -4 -5 8 7 -8 -9 10 -11 -12
leaf_value=-0.066787391602650112 -0.025101596090154152 0.020925201088356219 -0.064579856227629157 0.02239368886807052 -0.031890247283475337 -0.015974091999902035 -0.0097949152434341664 0.0014760675535035661 0.00025295646787733413 0.029120556539469728 0.04923319002136612
leaf_weight=1.2458977848291422 15.723202493041759 48.522327322512865 5.9330435246229163 7.2044302597641936 3.9782386645674732 57.701443379744887 25.425708470866084 273.52501475252211 1.091168316081166 8.223670978099106 7.7279121596366149
leaf_count=7 82 362 32 47 27 387 204 1941 7 61 80
internal_value=9.19514e-05 -0.000848292 -0.0213612 -0.0101774 0.0184196 0.000612847 0.0103626 -0.00156384 0.0234697 0.00922895 0.043173
internal_weight=456.302 434.035 28.8607 22.9276 22.2669 405.174 73.948 331.226 21.021 12.2019 8.81908
internal_count=3237 3055 161 129 182 2894 566 2328 175 88 87
is_linear=0
shrinkage=0.04


Tree=73
num_leaves=9
num_cat=0
split_feature=0 41 14 3 1 21 9 43
split_gain=4.67651 4.80867 16.3642 14.0261 7.28514 5.37261 8.07711 7.46701
threshold=14.574154159009597 1.0495538060103136e-05 -0.00019852286258094997 0.00089160145088195005 1.1733276415866387 0.00013864103836400002 0.00020713590815670227 0.12971280832499266
decision_type=2 2 2 2 2 2 2 2
left_child=-1 5 3 -3 -4 7 -7 -2
right_child=1 2 4 -5 -6 6 -8 -9
leaf_value=0.041502118332668217 0.011550265562754163 0.0084338463187760455 0.018875598556455622 -0.055664782629282733 -0.0092409896350468396 -0.0067083909871012903 -0.044400362578661721 -0.004051798012792031
leaf_weight=4.3216662276536217 64.579982494935393 10.577510606497528 79.030686115846038 11.294448740780352 18.12640087492764 52.437257569283247 11.00582095608115 204.48612505756319
leaf_count=39 464 72 583 65 129 355 74 1456
internal_value=9.00658e-05 -0.000306288 0.00659294 -0.024666 0.0136299 -0.00277602 -0.013247 -0.000307064
internal_weight=455.86 451.538 119.029 21.872 97.1571 332.509 63.4431 269.066
internal_count=3237 3198 849 137 712 2349 429 1920
is_linear=0
shrinkage=0.04


Tree=74
num_leaves=14
num_cat=0
split_feature=61 61 3 54 55 3 43 42 42 56 12 13 7
split_gain=4.64115 5.60824 11.2272 13.6091 9.02742 8.79412 6.97 3.94085 2.57499 4.43031 0.0092654 0.000794767 0.000355682
threshold=0.59863169172972286 0.50036194023781833 0.00095964477326030003 -0.10905694623440047 0.41792243761865749 0.0014992282292130002 0.54834454214761241 0.00011778503078746227 0.00014993706731414793 0.022322295157674251 -0.00014281813902899997 3.1642192624382055e-05 -0.00033269274308129993
decision_type=2 2 2 2 2 2 2 2 2 2 2 2 2
left_child=1 4 3 -3 6 -4 -1 -6 10 11 -2 -10 -12
right_child=8 2 5 -5 7 -7 -8 -9 9 -11 12 -13 -14
leaf_value=-0.0026390030353617422 0.045995115892084382 -0.033452270275030491 -0.026048914452618303 0.0089468616885395348 -0.013407590520081622 0.026147061168495571 0.012618237722418458 0.036546077228237918 0.044117781913521531 -0.024854482262085514 0.042972998133379868 0.042765604775026632 0.042195930932663772
leaf_weight=217.46625282987952 1.6268343292176721 14.506232887506483 51.491499878466129 73.404798787087202 2.9841053597629097 5.7403846681118003 61.442856259644032 16.489540787413716 1.4995702765882017 3.3179576247930527 1.3991421759128568 1.29706409946084 2.887467207387088
leaf_count=1709 18 63 236 354 35 25 448 187 20 35 23 22 62
internal_value=8.83539e-05 -0.000576522 -0.00702568 0.00195056 0.00256055 -0.0208136 0.000722122 0.0288913 0.0246052 0.00640457 0.043425 0.0434906 0.0424496
internal_weight=455.554 443.526 145.143 87.911 298.383 57.2319 278.909 19.4736 12.028 6.11459 5.91344 2.79663 4.28661
internal_count=3237 3057 678 417 2379 261 2157 222 180 77 103 42 85
is_linear=0
shrinkage=0.04


Tree=75
num_leaves=12
num_cat=0
split_feature=44 31 8 8 22 23 6 61 61 20 20
split_gain=4.55517 10.8978 8.3456 7.40088 5.98434 7.96605 9.72398 5.87445 7.81949 5.41395 5.38649
threshold=0.018843874398358173 -1.2307648770136379 -0.00028061658500614994 3.0440739094694582e-05 -0.22128862936272028 0.12378898398923961 -0.00029282625132264997 0.57177059312473599 0.49845577186584206 0.0025843959204255003 0.0025832884810619507
decision_type=2 2 2 2 2 2 2 2 2 2 2
left_child=4 -2 -3 -4 5 10 -7 8 -6 -9 -1
right_child=1 2 3 -5 7 6 -8 9 -10 -11 -12
leaf_value=-0.022307602377806563 -0.076234676992766634 -0.052336319305283582 0.040352881134828746 -0.0079337010764868737 0.0018111678372264384 -0.098387442977507414 0.0017887576856678508 0.038191347555702949 -0.011852503507484782 0.0022558501423578605 0.026782330577839342
leaf_weight=3.9218378104269496 3.9059077799320212 5.3018910251557818 6.3847630396485355 24.826937388628721 204.04488673433661 1.6195235792547453 36.307865204289556 11.086698004975917 99.786064177751541 16.983793798834085 40.598636327311397
leaf_count=36 21 27 34 134 1658 10 275 102 445 143 352
internal_value=8.67368e-05 -0.0127308 -0.00593772 0.00194395 0.00133708 0.010982 -0.00248883 -0.00105883 -0.00267634 0.0164489 0.022458
internal_weight=454.769 40.4195 36.5136 31.2117 414.349 82.4479 37.9274 331.901 303.831 28.0705 44.5205
internal_count=3237 216 195 168 3021 673 285 2348 2103 245 388
is_linear=0
shrinkage=0.04


Tree=76
num_leaves=8
num_cat=0
split_feature=44 42 42 8 39 29 18
split_gain=4.47643 5.45194 10.8072 7.0507 7.12158 6.60421 5.27834
threshold=12.692914758483262 0.0001077035048194411 0.00011323047979065565 -0.00098003268027824979 0.0089677049228017464 1.628411504700497 1.0000000180025095e-35
decision_type=2 2 2 2 2 2 2
left_child=1 3 5 -1 -5 -3 -4
right_child=-2 2 6 4 -6 -7 -8
leaf_value=-0.097167872798583188 -0.050478529197743809 -0.051470893945430189 0.004253297249418162 -0.046960093791376292 0.033930006120789391 -0.010136758362050042 -0.00549824726339371
leaf_weight=0.77762952446937816 2.7841932028532019 9.7268219888210314 272.99434794299304 1.9384539052844072 17.133297592401505 16.983958648517728 131.63637983240187
leaf_count=8 12 57 2068 12 140 125 815
internal_value=8.53495e-05 0.000397367 -0.000545864 0.0208945 0.0257083 -0.0251887 0.00108088
internal_weight=453.975 451.191 431.342 19.8494 19.0718 26.7108 404.631
internal_count=3237 3225 3065 160 152 182 2883
is_linear=0
shrinkage=0.04


Tree=77
num_leaves=11
num_cat=0
split_feature=61 10 61 43 55 42 56 10 6 7
split_gain=4.28387 8.18463 5.13095 11.2392 8.35032 2.48706 4.16195 0.00822956 0.000711892 0.000326237
threshold=0.59863169172972286 -0.00038205647656619994 0.50036194023781833 0.38364663052259168 0.393194862652196 0.00014993706731414793 0.022322295157674251 -0.00014520211661124996 2.5755462987297341e-05 -0.00033269274308129993
decision_type=2 2 2 2 2 2 2 2 2 2
left_child=1 -1 4 -4 -3 7 8 -2 -7 -9
right_child=5 2 3 -5 -6 6 -8 9 -10 -11
leaf_value=-0.085122164383217916 0.045800678221504236 -0.00035380538799104847 0.0040760584572726985 -0.018292528485445228 0.017054903092972976 0.043944769016991424 -0.023329695791254747 0.042822470297967909 0.042640285973316774 0.042062950069036986
leaf_weight=1.8232806753367174 1.4589514359831808 241.89757734723389 76.887741155922413 67.485226601362228 53.90979147143662 1.4503360688686373 3.3754477724432945 1.3345952220261095 1.2430416271090505 2.810018187388776
leaf_count=10 16 1729 365 311 642 20 35 23 22 64
internal_value=8.31495e-05 -0.000548494 -0.00019818 -0.00637984 0.00281887 0.0240019 0.00625989 0.043217 0.0433427 0.0423075
internal_weight=453.676 442.004 440.18 144.373 295.807 11.6724 6.06883 5.60356 2.69338 4.14461
internal_count=3237 3057 3047 676 2371 180 77 103 42 87
is_linear=0
shrinkage=0.04


Tree=78
num_leaves=15
num_cat=0
split_feature=9 49 23 22 22 9 42 23 6 49 43 43 27 41
split_gain=4.24423 5.91823 6.95702 10.7182 9.36347 6.63918 8.78976 5.19489 4.72405 6.67236 5.47825 6.44918 4.34458 3.45875
threshold=0.00017544954546515218 0.36258280801719994 0.43238618324713035 -0.89059636661528685 -0.15626282496545851 0.00019225993155343171 0.00013960839154895902 -0.76262200386614432 -1.345737294765306e-06 0.39369643664355081 0.23691922599218149 0.54129000401027194 3.0861331483230248 -6.6148670757234145e-06
decision_type=2 2 2 2 2 2 2 2 2 2 2 2 2 2
left_child=8 2 4 -4 -2 7 -7 -3 10 12 13 -12 -10 -1
right_child=1 5 3 -5 -6 6 -8 -9 9 -11 11 -13 -14 -15
leaf_value=0.052905163758178317 0.010457556289466373 -0.040324822037961713 0.027053629609357192 -0.036315232893114675 -0.006076966541795399 -0.020444686391032609 0.014659822971497578 0.030905522182354216 0.036201502428401929 -0.035764986263760977 -0.026538413230490776 0.02187900758534268 -0.018624021446227615 0.0076080223043738082
leaf_weight=3.761174749583005 72.767943061888218 1.7647879198193575 5.3598461300134685 21.014709962531924 221.91862016357481 19.447687298059464 27.620383339002728 22.838137783110142 20.390972379595048 2.7666796147823325 14.992130838334562 6.2311918158084145 2.6084412187337866 9.5334306526929122
leaf_count=30 527 11 26 117 1404 138 261 207 195 31 116 66 26 82
internal_value=8.13103e-05 -0.00143558 -0.00375557 -0.0234374 -0.00199404 0.00895715 0.000155266 0.0257961 0.00996342 0.0229237 0.000289155 -0.012323 0.0299836 0.020423
internal_weight=453.016 392.732 321.061 26.3746 294.687 71.671 47.0681 24.6029 60.284 25.7661 34.5179 21.2233 22.9994 13.2946
internal_count=3237 2691 2074 143 1931 617 399 218 546 252 294 182 221 112
is_linear=0
shrinkage=0.04


Tree=79
num_leaves=8
num_cat=0
split_feature=44 42 42 8 39 38 18
split_gain=4.14551 5.04571 9.829 6.42083 6.58774 6.15591 4.82116
threshold=12.692914758483262 0.0001077035048194411 0.00011323047979065565 -0.00098003268027824979 0.0089677049228017464 0.18467972911721636 1.0000000180025095e-35
decision_type=2 2 2 2 2 2 2
left_child=1 3 5 -1 -5 -3 -4
right_child=-2 2 6 4 -6 -7 -8
leaf_value=-0.090193031572290847 -0.048934274391254577 -0.055709569556208802 0.0040801560839921229 -0.044042118745505301 0.033149519705264856 -0.012406280964271437 -0.0052483983498054325
leaf_weight=0.80744367837906139 2.7440538555383673 7.161860745400193 271.74745748005807 1.9775328487157846 16.771302316337824 19.702417440712452 131.55519153364003
leaf_count=8 12 39 2068 12 140 143 815
internal_value=8.10266e-05 0.000380101 -0.000523285 0.0202513 0.0250077 -0.0239507 0.00103723
internal_weight=452.467 449.723 430.167 19.5563 18.7488 26.8643 403.303
internal_count=3237 3225 3065 160 152 182 2883
is_linear=0
shrinkage=0.04


Tree=80
num_leaves=14
num_cat=0
split_feature=0 7 10 1 10 22 49 42 23 56 41 45 61
split_gain=4.31625 6.97734 8.1234 8.10371 5.4671 4.37483 9.93783 5.58072 4.16619 5.23018 2.05526 3.70949 0.0944571
threshold=23.615863687310675 -0.00039657981533729999 -4.3024432545123313e-06 -0.9979692489869193 -0.00012210988878739998 -0.33650508775917609 -0.098924544256146094 0.00011867570329389731 -0.26990470375771908 0.0084605767765437243 -2.9516868437736338e-05 0.48682213821490333 0.48498253364511279
decision_type=2 2 2 2 2 2 2 2 2 2 2 2 2
left_child=4 2 3 -2 8 6 -3 -7 -1 -10 11 -6 -12
right_child=1 5 -4 -5 10 7 -8 -9 9 -11 12 -13 -14
leaf_value=0.031382784107042636 0.016652073655546305 -0.0038226999441871661 -0.061523611527971624 -0.031178082043944663 -0.033004178779293132 -0.011769002928119415 0.03268040934384752 0.0013590940049700564 -0.054704398220209137 0.017316478468635259 0.046792970639724721 0.038753580507696277 0.057262116374880802
leaf_weight=3.4504757989197969 10.573280390352014 27.8871512375772 5.9354135207831851 12.215538892894983 1.5755698978900907 63.079795399680734 20.858555242419243 289.96592447161674 3.6574552021920699 2.8866150286048651 2.282781168818472 4.29413110204041 3.4824468400329351
leaf_count=21 65 167 32 64 13 439 206 2082 21 28 31 45 23
internal_value=7.88333e-05 -0.000797164 -0.0198424 -0.00898643 0.0175148 0.000564389 0.0117972 -0.000986545 -0.00418302 -0.0229357 0.0361535 0.0194921 0.0531168
internal_weight=452.145 430.516 28.7242 22.7888 21.6295 401.791 48.7457 353.046 9.99455 6.54407 11.6349 5.8697 5.76523
internal_count=3237 3055 161 129 182 2894 373 2521 70 49 112 58 54
is_linear=0
shrinkage=0.04


Tree=81
num_leaves=8
num_cat=0
split_feature=0 55 60 3 23 23 42
split_gain=4.25156 4.4099 7.43796 7.37176 5.90017 5.31287 0.649229
threshold=14.574154159009597 -0.37838532624144455 -0.7895529202007453 0.00043290632554935006 -0.39417047559720764 0.43238618324713035 0.00011822741015350212
decision_type=2 2 2 2 2 2 2
left_child=-1 2 -2 6 -5 -4 -3
right_child=1 3 5 4 -6 -7 -8
leaf_value=0.04053999571032018 -0.059678514885375011 0.022726671847104651 -0.00078701449564297105 -0.0052929951597085823 0.0057140520551410088 -0.022649127512077705 0.052341354030830643
leaf_weight=4.1170309316366902 4.1270048692822447 1.5806671585887659 91.948981117457151 131.14195715636015 191.99302064441144 22.050641797482967 4.7246846798807383
leaf_count=39 19 22 500 985 1521 114 37
internal_value=7.74036e-05 -0.000294799 -0.0069255 0.00208276 0.00124692 -0.00501574 0.0449174
internal_weight=451.684 447.567 118.127 329.44 323.135 114 6.30535
internal_count=3237 3198 633 2565 2506 614 59
is_linear=0
shrinkage=0.04


Tree=82
num_leaves=9
num_cat=0
split_feature=0 41 13 36 41 61 57 45
split_gain=4.02063 4.29484 10.6264 6.94066 6.23 5.4458 7.18065 5.69693
threshold=14.574154159009597 1.0495538060103136e-05 -8.3871823805819511e-05 0.51880365530816597 2.4665322090585328e-05 0.58426720809720523 -0.31739155875174663 0.24628729500349764
decision_type=2 2 2 2 2 2 2 2
left_child=-1 5 4 -4 -3 7 -7 -2
right_child=1 2 3 -5 -6 6 -8 -9
leaf_value=0.039921933359333237 -0.044626026909585566 0.0044077454252094573 0.022608898474891982 -0.0047335111062430527 -0.026486094847907999 -0.06027014793029354 0.030176718912165383 -0.0030405861553041685
leaf_weight=4.0156015045940867 5.3621874991804352 22.646642448380589 55.212418425828218 20.321276493370533 19.382607171311975 1.5665697269141681 13.5684265140444 309.350073158741
leaf_count=39 32 157 434 150 108 9 166 2142
internal_value=7.53106e-05 -0.000282321 0.00628218 0.0152528 -0.00983955 -0.00262202 0.0208149 -0.00374913
internal_weight=451.426 447.41 117.563 75.5337 42.0292 329.847 15.135 314.712
internal_count=3237 3198 849 584 265 2349 175 2174
is_linear=0
shrinkage=0.04


Tree=83
num_leaves=15
num_cat=0
split_feature=9 42 22 43 23 22 22 49 59 32 57 42 31 53
split_gain=3.94727 7.42317 11.8131 8.67909 7.12081 6.87884 6.00232 8.95184 10.8554 10.057 8.32542 15.7666 12.8445 2.24124
threshold=0.00019455561281178776 0.00011778503078746227 -0.16117634098691255 0.88307341860130684 -0.19689534239290288 -0.89059636661528685 0.057390702473625557 -0.34977709327236428 0.29497653058225681 -0.01596029845446539 0.29879436115214575 0.0001077035048194411 -1.5120906287189602 0.084214824605882616
decision_type=2 2 2 2 2 2 2 2 2 2 2 2 2 2
left_child=6 2 -2 5 -4 -3 7 9 -9 -1 11 -8 -12 -5
right_child=1 3 4 13 -6 -7 10 8 -10 -11 12 -13 -14 -15
leaf_value=-0.033798969171877226 0.049510918006952183 0.05516075618285559 -0.024168447365321786 0.0021856888459908953 -0.086028997501693849 -0.0045119370032166836 0.057128403608530415 0.020948361830571156 -0.0181358762936829 0.0099887684842636919 -0.034977757155064799 -0.018442187584627508 0.022895414777995581 0.046867711035143249
leaf_weight=14.297091960906981 2.5002485048025838 3.1416450887918463 8.7201851680874807 2.4032285157591087 4.5208149701356879 191.33279688470066 4.7846083454787722 83.321151658892632 13.16677952557802 20.320321459323168 7.7007946521043769 57.531298024579883 30.195925354957581 7.1104317083954811
leaf_count=75 22 16 48 31 20 1301 28 714 119 127 57 405 230 44
internal_value=7.39518e-05 -0.0037654 -0.0302317 -0.00172306 -0.0452892 -0.00354795 0.00372096 0.0093543 0.0156149 -0.00809569 -0.00364898 -0.0126399 0.0111353 0.0355807
internal_weight=451.047 219.729 15.7412 203.988 13.241 194.474 231.318 131.105 96.4879 34.6174 100.213 62.3159 37.8967 9.51366
internal_count=3237 1482 90 1392 68 1317 1755 1035 833 202 720 433 287 75
is_linear=0
shrinkage=0.04


Tree=84
num_leaves=9
num_cat=0
split_feature=44 31 14 10 61 46 61 20
split_gain=3.83475 9.67189 8.87776 5.51342 5.83428 14.6421 6.13377 5.02791
threshold=0.018843874398358173 -1.2307648770136379 -0.00035547441891389998 -0.00038205647656619994 0.42823183944488769 0.14372611721951858 0.55148480480136908 0.0025836270049588504
decision_type=2 2 2 2 2 2 2 2
left_child=3 -2 -3 -1 5 -5 -6 -4
right_child=1 2 7 4 6 -7 -8 -9
leaf_value=-0.063109787586602004 -0.070927879238237887 -0.053342804301245161 -0.031876206853382667 0.025309098207074388 -0.0046893840104957054 -0.0021690628358854293 0.010168965075054355 0.01036712332883118
leaf_weight=2.1199200414121142 3.9764853976666918 5.24593661725521 5.473153322935107 50.849794045090675 221.9827807508409 79.594726338982582 55.584808068349957 25.566305104643106
leaf_count=12 21 28 24 930 1229 443 407 143
internal_value=7.44132e-05 -0.0117056 -0.00521552 0.00123084 0.00156513 0.00854246 -0.0017139 0.0029184
internal_weight=450.394 40.2619 36.2854 410.132 408.012 130.445 277.568 31.0395
internal_count=3237 216 195 3021 3009 1373 1636 167
is_linear=0
shrinkage=0.04


Tree=85
num_leaves=14
num_cat=0
split_feature=61 61 43 60 44 55 31 42 42 56 10 13 7
split_gain=3.79553 4.6349 9.68936 14.1179 9.0213 7.84649 6.21264 3.63498 2.45231 3.92712 0.00594226 0.000695057 0.000277444
threshold=0.59863169172972286 0.50036194023781833 0.54834454214761241 -0.36599401881920074 0.01884226707709408 0.41792243761865749 0.079672874155560361 0.00011778503078746227 0.00014993706731414793 0.022322295157674251 -0.00014281813902899997 3.1642192624382055e-05 -0.00033269274308129993
decision_type=2 2 2 2 2 2 2 2 2 2 2 2 2
left_child=1 5 3 -3 -4 6 -1 -7 10 11 -2 -10 -12
right_child=8 2 4 -5 -6 7 -8 -9 9 -11 12 -13 -14
leaf_value=-0.0044703732748819494 0.045190526944623201 -0.02951332362684608 0.03684038102340003 0.0075320025497072774 -0.028794632647373475 -0.012819752055795082 0.0076769610110820263 0.035329408136102976 0.043777603762207788 -0.022696574700658487 0.042666296381888784 0.042446468393858475 0.041939672074981289
leaf_weight=159.19891219399869 1.4494153484702108 20.563481047749519 3.682425692677497 82.479091499000788 37.178570408374071 2.9915991257876184 116.78066020086408 15.540810033679007 1.3735719397664072 3.3890515528619289 1.2563956566154959 1.1556762680411337 2.5415297299623472
leaf_count=1246 18 89 18 400 171 35 911 187 20 35 23 22 62
internal_value=7.33028e-05 -0.000513228 -0.00639696 0.000139128 -0.0228796 0.00236166 0.000669767 0.0275569 0.0231033 0.00545194 0.0430116 0.0431694 0.04218
internal_weight=449.581 438.416 143.904 103.043 40.861 294.512 275.98 18.5324 11.1656 5.9183 5.24734 2.52925 3.79793
internal_count=3237 3057 678 489 189 2379 2157 222 180 77 103 42 85
is_linear=0
shrinkage=0.04


Tree=86
num_leaves=9
num_cat=0
split_feature=48 1 45 7 23 2 1 38
split_gain=3.70626 5.01161 8.03657 7.12091 9.10885 6.17084 4.93625 4.37911
threshold=0.71610768778760125 1.1733276415866387 0.64325567573920128 0.00027753155434305006 -0.28865114375540257 0.83548975344885457 1.4026989767639864 1.3739903945873213
decision_type=2 2 2 2 2 2 2 2
left_child=1 3 6 5 -5 -1 -3 -4
right_child=-2 2 7 4 -6 -7 -8 -9
leaf_value=0.00025330698849385168 0.042502069876775996 -0.060067005951467523 -0.012835446065594048 -0.0020615197785206151 0.036895255037358944 -0.023031070239808597 -0.0099423738820475522 0.043156580249689942
leaf_weight=365.71338249929249 3.2698927447199813 7.5341729708015936 5.579619972035287 19.46967594884336 18.950286379083991 19.165411164984107 5.394107623025775 3.728160735219717
leaf_count=2627 24 46 38 150 156 135 36 25
internal_value=7.20711e-05 -0.000239333 -0.0187492 0.000732996 0.0171535 -0.000906161 -0.0391533 0.00959173
internal_weight=448.805 445.535 22.2361 423.299 38.42 384.879 12.9283 9.30778
internal_count=3237 3213 145 3068 306 2762 82 63
is_linear=0
shrinkage=0.04


Tree=87
num_leaves=12
num_cat=0
split_feature=0 7 12 1 12 22 49 42 3 41 12
split_gain=3.68491 5.97478 7.14585 7.374 5.41465 4.03497 8.89388 4.76208 3.34259 5.71213 1.40811
threshold=23.615863687310675 -0.00039657981533729999 -4.3024432545123313e-06 -0.9979692489869193 -0.00031417390481134998 -0.33650508775917609 -0.098924544256146094 0.00011867570329389731 0.0014797163266868504 -2.7930567463011848e-05 -0.00018555858611779997
decision_type=2 2 2 2 2 2 2 2 2 2 2
left_child=4 2 3 -2 -1 6 -3 -7 9 -6 -10
right_child=1 5 -4 -5 8 7 -8 -9 10 -11 -12
leaf_value=-0.067306250118031402 0.016462362393840479 -0.0032099944179729534 -0.057572215159934201 -0.029347117321008146 -0.031852416743259629 -0.010912332853656725 0.031674225787060049 0.0012246816851600635 4.9306574984816472e-05 0.027534836018675898 0.047758337059402488
leaf_weight=1.1662086546421075 10.451039014384154 27.911632351577282 5.9118241332471362 12.168486781418324 3.8993420582264688 63.052565973252058 20.125360291451216 287.88856447674334 1.1527064908295868 7.7255357038229695 7.0045188888907415
leaf_count=5 65 167 32 64 27 439 206 2082 9 62 79
internal_value=7.03924e-05 -0.000732236 -0.0184155 -0.00818148 0.0164503 0.000532311 0.0114049 -0.00095594 0.021388 0.00761452 0.0410165
internal_weight=448.458 427.509 28.5313 22.6195 20.9483 398.978 48.037 350.941 19.7821 11.6249 8.15723
internal_count=3237 3055 161 129 182 2894 373 2521 177 89 88
is_linear=0
shrinkage=0.04


Tree=88
num_leaves=13
num_cat=0
split_feature=9 22 23 23 22 24 25 51 46 18 47 13
split_gain=3.76963 6.56711 18.539 5.96011 5.70926 8.87744 10.5778 8.45875 15.1366 6.10443 2.66821 1.35063
threshold=0.00019430731155844499 -0.86093269946718076 0.55639208304833965 -0.23479534110097328 0.057390702473625557 0.17499999999970828 0.90000000000000013 0.090405008670224635 0.1440830468684037 1.0000000180025095e-35 0.36876565773554587 -0.00010264722745639998
decision_type=2 2 2 2 2 2 2 2 2 2 2 2
left_child=4 -2 3 -3 7 6 -6 8 -1 -9 -4 -7
right_child=1 2 10 -5 5 11 -8 9 -10 -11 -12 -13
leaf_value=0.013003856510750698 0.046842425373687692 -0.0079674084196374225 -0.039557239114563394 0.0058117711769518268 -0.0019673416925730246 0.019483260809410416 -0.043972913197031276 0.044580842570087278 -0.023047058236818411 0.01186249227909201 -0.088049453550576737 0.053693144007866886
leaf_weight=64.651184817776084 4.0432883501052848 124.44053092971444 3.219332627952098 84.216911434195936 80.839768927544355 3.3399399351328611 10.883086431771515 15.338200792670248 26.180412631481886 22.519964247941971 4.1633934676647186 4.1296095792204133
leaf_count=660 21 804 23 629 589 21 72 98 146 123 18 33
internal_value=6.90145e-05 -0.00366476 -0.00461003 -0.00240595 0.00367501 -0.00353652 -0.00695138 0.00923357 0.00261289 0.0251183 -0.0669038 0.0383965
internal_weight=447.966 220.083 216.04 208.657 227.882 99.1924 91.7229 128.69 90.8316 37.8582 7.38273 7.46955
internal_count=3237 1495 1474 1433 1742 715 661 1027 806 221 41 54
is_linear=0
shrinkage=0.04


Tree=89
num_leaves=15
num_cat=0
split_feature=18 20 14 38 51 21 23 47 61 25 43 61 47 6
split_gain=3.75977 10.48 10.8989 6.72704 6.30052 8.77626 12.2966 6.16631 6.95568 5.86004 19.5954 11.617 2.03834 0.544522
threshold=1.0000000180025095e-35 0.0025842481259815502 0.00051932397171675006 -0.0014594231108095432 0.113340231028445 -0.00013784049596309998 -0.21369608177309321 0.3965603252408581 0.48779293064926199 0.90000000000000013 0.53764018613157405 0.45140324198081688 0.39075931134420655 4.8199644646076155e-05
decision_type=2 2 2 2 2 2 2 2 2 2 2 2 2 2
left_child=4 7 3 -3 9 6 -6 8 -2 11 -11 -1 -4 -7
right_child=1 2 12 -5 5 13 -8 -9 -10 10 -12 -13 -14 -15
leaf_value=0.016480214334146003 0.024393492325399065 -0.051307522051044704 0.01045200188110827 -0.014429643003186521 -0.024310703570828932 0.052016763044940344 0.041126747655156795 -0.026084294500906682 -0.0058084378450437534 -0.030483270963570241 0.031375146514543102 -0.0028849844274812077 0.056387255255183288 0.035742115215941207
leaf_weight=71.36090418510139 31.062851807102561 8.9831558689475042 2.7703870572149745 66.515054421499372 11.454025611281393 6.974514111876486 7.6723226681351688 7.5994597226381293 20.092931346967816 29.624232802540064 11.326335962861775 162.27336465194821 3.4961920157074928 6.2254542112350464
leaf_count=893 251 49 22 401 59 43 48 35 104 267 80 929 19 37
internal_value=6.88257e-05 -0.00535012 -0.0146101 -0.0188176 0.0025499 0.0192532 0.0019388 0.00753629 0.0125308 0.000583458 -0.0133741 0.00302989 0.0360798 0.0443412
internal_weight=447.431 140.52 81.7648 75.4982 306.911 32.3263 19.1263 58.7552 51.1558 274.585 40.9506 233.634 6.26658 13.2
internal_count=3237 881 491 450 2356 187 107 390 355 2169 347 1822 41 80
is_linear=0
shrinkage=0.04


Tree=90
num_leaves=8
num_cat=0
split_feature=10 0 3 3 22 54 30
split_gain=4.28661 3.88054 4.87892 6.20491 4.74581 4.14099 1.03653
threshold=-0.00038205647656619994 18.391881663012622 0.0017851915680283503 0.0014797163266868504 0.042152784484475007 -0.13778670669085621 -1.846116555713192
decision_type=2 2 2 2 2 2 2
left_child=-1 5 3 -3 -4 -2 -7
right_child=1 2 4 -5 -6 6 -8
leaf_value=-0.054995032373895053 -0.031470429118321791 -0.00038676091493454468 0.007312194104896981 0.026594386188034502 -0.047795346733768562 0.015666239663087271 0.051293736160655079
leaf_weight=2.250571282580494 1.5316861122846601 411.51310066133738 4.0239244326949102 14.104927007108925 6.6040081270039082 1.7980002164840687 4.7803516732528797
leaf_count=13 8 2940 42 130 35 16 53
internal_value=6.97135e-05 0.000348605 -0.000161062 0.000507391 -0.0269307 0.027764 0.041556
internal_weight=446.607 444.356 436.246 425.618 10.6279 8.11004 6.57835
internal_count=3237 3224 3147 3070 77 77 69
is_linear=0
shrinkage=0.04


Tree=91
num_leaves=8
num_cat=0
split_feature=10 9 0 55 9 60 60
split_gain=3.8934 4.30898 4.61611 4.40954 3.91206 4.83508 1.5672
threshold=-0.00038205647656619994 0.00017544954546515218 14.574154159009597 -0.37965268443833283 0.00017463717114005225 -0.48327421868794668 -0.056321649122863762
decision_type=2 2 2 2 2 2 2
left_child=-1 4 -3 -4 5 -2 -6
right_child=1 2 3 -5 6 -7 -8
leaf_value=-0.052039939497293811 0.024407685595324573 0.049262628170625961 -0.0089175247720409741 0.00093487138326841981 0.0093265275388560338 -0.001770356406996712 0.051839091304602167
leaf_weight=2.282553829252719 16.73856233805418 2.8795509394258252 97.490397877991199 285.62660424318165 1.9674797654151914 34.67317889072001 4.7059853449463835
leaf_count=13 102 30 514 2138 9 388 43
internal_value=6.76372e-05 0.000335467 -0.001193 -0.00157223 0.0104927 0.00675265 0.0393055
internal_weight=446.364 444.082 385.997 383.117 58.0852 51.4117 6.67347
internal_count=3237 3224 2682 2652 542 490 52
is_linear=0
shrinkage=0.04


Tree=92
num_leaves=9
num_cat=0
split_feature=10 9 0 7 51 9 9 10
split_gain=3.5421 3.99343 4.2882 6.48237 3.79268 6.54754 4.48909 3.23854
threshold=-0.00038205647656619994 0.00017544954546515218 23.615863687310675 -0.00039657981533729999 0.0064075879603712046 0.00017463717114005225 0.00016169164136834477 -0.00019371008664754999
decision_type=2 2 2 2 2 2 2 2
left_child=-1 4 7 -4 5 -2 -6 -3
right_child=1 2 3 -5 6 -7 -8 -9
leaf_value=-0.049323233706032421 -0.0091360457206960018 -0.015030581373308663 -0.021362514058856408 -0.00060550007353709202 -0.011503755411680012 0.051632382242753405 0.026485239708525538 0.027097163368978536
leaf_weight=2.3113326020538798 22.264288427308205 3.7021698914468315 25.89156031049788 342.67043985985219 6.1488589979708186 3.251144863665103 26.113143138587475 13.813497671857474
leaf_count=13 244 22 144 2381 52 29 217 135
internal_value=6.58887e-05 0.000323078 -0.00114468 -0.00206368 0.0101309 -0.00139301 0.0192449 0.0181929
internal_weight=446.166 443.855 386.078 368.562 57.7774 25.5154 32.262 17.5157
internal_count=3237 3224 2682 2525 542 273 269 157
is_linear=0
shrinkage=0.04


Tree=93
num_leaves=14
num_cat=0
split_feature=61 61 3 54 3 55 31 42 42 46 44 10 7
split_gain=3.6785 3.98665 10.5488 10.992 7.73387 7.30702 5.81918 3.45311 2.34561 3.63808 1.53508 0.00529293 0.000235272
threshold=0.59863169172972286 0.50036194023781833 0.00095964477326030003 -0.10905694623440047 0.0014992282292130002 0.41792243761865749 0.079672874155560361 0.00011778503078746227 0.00014993706731414793 -0.15593433038990664 0.018844062238333608 -0.00014281813902899997 -0.00033269274308129993
decision_type=2 2 2 2 2 2 2 2 2 2 2 2 2
left_child=1 5 3 -3 -4 6 -1 -7 11 -10 -11 -2 -13
right_child=8 2 4 -5 -6 7 -8 -9 9 10 -12 12 -14
leaf_value=-0.0044341668753478817 0.044993946826152355 -0.029265627487148616 -0.024329806712801522 0.009104640783478694 0.025318194526062036 -0.012350830913553714 0.0073791182125460472 0.034654875302963163 -0.041134901663298237 0.045406559392512903 -0.0053904001202351552 0.042560662614845493 0.041879090194584793
leaf_weight=158.27358593512326 1.4024148918688295 14.303578466176985 50.901685710996389 72.463435284793377 5.5693865418434134 2.9995032381266382 115.33539036288857 15.03100319765508 1.8256042450666425 2.5927011892199516 1.5040566772222517 1.2100452296435831 2.4531699698418366
leaf_count=1246 18 63 236 354 25 35 911 187 22 38 17 23 62
internal_value=6.43721e-05 -0.000513151 -0.00597796 0.00277929 -0.0194333 0.00217088 0.00054553 0.0268351 0.0229213 0.00582911 0.0267573 0.0429042 0.0421042
internal_weight=445.866 434.878 143.238 86.767 56.4711 291.639 273.609 18.0305 10.988 5.92236 4.09676 5.06563 3.66322
internal_count=3237 3057 678 417 261 2379 2157 222 180 77 55 103 85
is_linear=0
shrinkage=0.04


Tree=94
num_leaves=8
num_cat=0
split_feature=48 1 43 45 41 13 59
split_gain=3.52153 4.73822 7.41328 5.6652 4.90126 10.5494 4.9369
threshold=0.71610768778760125 1.1733276415866387 0.93598195302364662 0.64325567573920128 1.1071580437249652e-05 -8.3871823805819511e-05 -0.75141934653418663
decision_type=2 2 2 2 2 2 2
left_child=1 4 3 -3 6 -6 -1
right_child=-2 2 -4 -5 5 -7 -8
leaf_value=-0.022571312448111138 0.042016121699120411 -0.045517189032483904 0.035145186535257208 0.00022693290193617343 -0.0081711703171178703 0.019621465983883417 -0.00043294361779337432
leaf_weight=16.998229779303074 3.178489387035369 11.588989572599536 3.4891588799655429 6.9173437207937232 35.653869295492768 56.448415670543909 310.8748640967533
leaf_count=83 24 74 23 48 225 455 2305
internal_value=6.34611e-05 -0.000238247 -0.0183356 -0.0284188 0.000709573 0.00886261 -0.00158068
internal_weight=445.149 441.971 21.9955 18.5063 419.975 92.1023 327.873
internal_count=3237 3213 145 122 3068 680 2388
is_linear=0
shrinkage=0.04


Tree=95
num_leaves=14
num_cat=0
split_feature=61 61 3 61 38 42 3 41 42 46 20 12 7
split_gain=3.45956 3.64639 6.11442 10.2422 10.095 5.99132 10.9507 7.87888 2.30345 3.3402 1.58022 0.00470892 0.000209279
threshold=0.59863169172972286 0.48909998178544783 0.00078251261764495002 0.50944066135803234 -0.033069187732702766 0.00011844585097349738 0.00038305542900010002 -5.2463397791502329e-05 0.00014993706731414793 -0.15593433038990664 0.0025872275820457004 -0.00014281813902899997 -0.00033269274308129993
decision_type=2 2 2 2 2 2 2 2 2 2 2 2 2
left_child=1 5 3 -3 -4 7 -7 -1 11 -10 -11 -2 -13
right_child=8 2 4 -5 -6 6 -8 -9 9 10 -12 12 -14
leaf_value=-0.085340301687133233 0.044792029123073222 -0.021066995821307381 -0.07004034245919652 0.015618230406179337 -0.0083773225438264851 -0.086115370503123748 0.0063915520560617525 -0.0061916018865667286 -0.038396293824228399 0.045168375257656275 -0.0070988417159732545 0.04245584307770655 0.041800655642762259
leaf_weight=2.0879420079290858 1.3552373237907884 17.089713625609875 4.4348198026418677 42.356870971620083 100.78649120032787 2.0676536429673424 209.55340779852122 55.559854688122869 1.8783723600208757 2.5566413030028343 1.450630936771631 1.1658860109746454 2.3569629006087767
leaf_count=16 18 81 19 215 467 16 1790 453 22 39 16 23 62
internal_value=6.17988e-05 -0.000493856 -0.00518272 0.00507196 -0.0109763 0.00237356 0.00548771 -0.00905828 0.0224629 0.00561689 0.0262477 0.0427883 0.0420175
internal_weight=444.7 433.937 164.668 59.4466 105.221 269.269 211.621 57.6478 10.7637 5.88564 4.00727 4.87809 3.52285
internal_count=3237 3057 782 296 486 2275 1806 469 180 77 55 103 85
is_linear=0
shrinkage=0.04


Tree=96
num_leaves=15
num_cat=0
split_feature=18 20 13 38 51 8 55 42 61 9 49 61 41 9
split_gain=3.36828 9.67997 9.19141 6.85979 5.81096 8.06918 14.0019 7.89678 10.9985 8.34234 5.31428 8.49001 7.29365 3.48224
threshold=1.0000000180025095e-35 0.0025842481259815502 0.00036339084057585008 -0.010075365564417781 0.113340231028445 -0.00055565547418739991 -0.39827556340737696 0.00014102893107401215 0.49567257298711848 0.00019455561281178776 -0.17172358184606742 0.48779293064926199 -2.0079997549160563e-07 0.00020870615102548318
decision_type=2 2 2 2 2 2 2 2 2 2 2 2 2 2
left_child=4 10 3 -3 7 6 -6 9 -9 -1 12 -12 -2 -7
right_child=1 2 -4 -5 5 13 -8 8 -10 -11 11 -13 -14 -15
leaf_value=0.0023834316744675904 0.0071168694178052995 -0.054445778095590702 0.028775983602854074 -0.01411296279867871 0.03441329176525821 0.039111925103342035 -0.068155256732007896 0.024989473121748228 -0.0029133472171142026 -0.015290551795088274 0.028609064654357443 -0.0063967912481832628 -0.056397422712757501 0.0018422846609276906
leaf_weight=113.47097105067223 8.0941538363695127 7.5065674819052211 7.324043206870555 66.683091077953577 4.4520532190799713 18.065586857497696 4.0820312798023242 42.562381565570831 48.197952503338456 68.541962375864387 26.172509679570794 19.230133257806301 4.5017259269952765 5.1559288203716269
leaf_count=952 39 42 49 400 28 113 19 449 287 481 230 101 20 27
internal_value=6.10649e-05 -0.00508601 -0.0139736 -0.0181939 0.00241907 0.0186133 -0.0146474 0.000533777 0.0101718 -0.00427219 0.007405 0.0137825 -0.0155829 0.0308369
internal_weight=444.041 139.512 81.5137 74.1897 304.529 31.7556 8.53408 272.773 90.7603 182.013 57.9985 45.4026 12.5959 23.2215
internal_count=3237 881 491 442 2356 187 47 2169 736 1433 390 331 59 140
is_linear=0
shrinkage=0.04


Tree=97
num_leaves=12
num_cat=0
split_feature=44 31 8 8 22 42 42 23 6 9 29
split_gain=3.21244 8.47496 6.33077 7.08664 4.24786 6.93647 9.32037 6.86489 7.04425 4.88803 3.34876
threshold=0.018843874398358173 -1.2307648770136379 -0.00028061658500614994 3.0440739094694582e-05 -0.22128862936272028 0.00010700776244065248 0.00011778503078746227 0.12378898398923961 -0.00029282625132264997 0.00018346391817361944 0.81479217903167156
decision_type=2 2 2 2 2 2 2 2 2 2 2
left_child=4 -2 -3 -4 7 10 -7 9 -9 -1 -6
right_child=1 2 3 -5 5 6 -8 8 -10 -11 -12
leaf_value=0.0021574675394400058 -0.065658517704684297 -0.044946121763910635 0.040085540611665825 -0.0074374835905560537 -0.0088768226687533057 -0.017963427840353697 0.0010224856175290703 -0.083826489053670739 0.00062912779836806236 0.030622976807336756 0.044908160655673941
leaf_weight=14.989045286551116 4.0445043891668311 5.2950284257531157 6.3371603749692467 24.165340865030885 2.4483074769377691 49.011634582653642 265.35557161457837 1.6546733556315292 35.08355774730444 27.107338665053248 7.6068948917090893
leaf_count=154 21 27 34 134 15 323 1952 10 275 234 58
internal_value=6.17202e-05 -0.0107737 -0.00457271 0.00243584 0.00113227 -0.00089148 -0.00193753 0.00946047 -0.00317472 0.0204874 0.0318122
internal_weight=443.099 39.842 35.7975 30.5025 403.257 324.422 314.367 78.8346 36.7382 42.0964 10.0552
internal_count=3237 216 195 168 3021 2348 2275 673 285 388 73
is_linear=0
shrinkage=0.04


Tree=98
num_leaves=15
num_cat=0
split_feature=61 42 44 61 3 18 3 55 22 9 52 38 46 47
split_gain=3.36205 3.79244 3.99359 3.57738 10.1691 8.92504 7.05172 6.81614 5.18915 4.78266 1.88918 1.7475 1.15065 0.399636
threshold=0.58657205344341568 0.00014993706731414793 0.018843279613818025 0.50036194023781833 0.0010109307622901502 1.0000000180025095e-35 0.0015105287306693502 0.41792243761865749 0.057390702473625557 0.00017752206596460571 -0.27919405190294883 2.186541880258237 -0.13748184857345849 0.0027142879988197774
decision_type=2 2 2 2 2 2 2 2 2 2 2 2 2 2
left_child=3 11 10 7 5 -5 -6 8 -1 -9 -3 13 -4 -2
right_child=1 2 12 4 6 -7 -8 9 -10 -11 -12 -13 -14 -15
leaf_value=0.0045720242255719596 0.046079810764723839 -0.061608441852970465 0.045655143728726977 0.00914444369541852 -0.026514272259091042 -0.020130845288267123 0.02301062241838028 -0.0078910580851965645 -0.0068733057804332065 0.038923215350821175 -0.0052986462179238913 -0.0069236844942313436 0.0015824557518064213 0.020756066622748807
leaf_weight=170.94672400318086 6.6245866548270005 1.8191457428038122 2.0943959094583993 67.580207489430904 41.742961764335632 22.114347279071808 5.1698217242956153 4.8138151206076172 100.72728252410889 12.712821627967058 2.0028462391346684 1.3564175590872762 1.7313229441642759 1.1737389862537382
leaf_count=1375 102 21 27 320 185 102 23 66 782 156 20 16 20 22
internal_value=6.09192e-05 0.0176107 -0.00318101 -0.000631598 -0.00596615 0.00192657 -0.0210566 0.00188824 0.000328494 0.0260653 -0.0321003 0.0349797 0.0257101 0.0422683
internal_weight=442.61 16.8025 7.64771 425.808 136.607 89.6946 46.9128 289.201 271.674 17.5266 3.82199 9.15474 3.82572 7.79833
internal_count=3237 228 88 3009 630 422 208 2379 2157 222 41 140 47 124
is_linear=0
shrinkage=0.04


Tree=99
num_leaves=8
num_cat=0
split_feature=48 1 43 7 23 19 13
split_gain=3.33715 4.15001 6.86049 6.10393 8.17744 5.00364 3.93044
threshold=0.71610768778760125 1.1733276415866387 0.93598195302364662 0.00027753155434305006 -0.28865114375540257 1.3460905536202559 0.00013561308721720002
decision_type=2 2 2 2 2 2 2
left_child=1 3 6 5 -5 -1 -3
right_child=-2 2 -4 4 -6 -7 -8
leaf_value=0.00033132363718194974 0.04149587458952101 -0.044678114516359606 0.034660664655970806 -0.002070076079195743 0.03544157083862616 -0.018618978790274621 -0.007713990862631811
leaf_weight=355.86077998578548 3.088192254304885 9.5631238631904179 3.4379514511674634 19.17861856892705 18.048994159325957 23.783197540789843 8.8730071019381267
leaf_count=2590 24 61 23 150 156 172 61
internal_value=6.03621e-05 -0.000231289 -0.0172143 0.000659843 0.0161166 -0.000855838 -0.0268879
internal_weight=441.834 438.746 21.8741 416.872 37.2276 379.644 18.4361
internal_count=3237 3213 145 3068 306 2762 122
is_linear=0
shrinkage=0.04


Tree=100
num_leaves=11
num_cat=0
split_feature=61 44 10 61 3 23 59 27 61 31
split_gain=3.29074 8.13541 5.1766 5.12933 11.0904 6.96376 5.03055 4.56824 5.123 2.62656
threshold=0.56895066840999309 0.018842613699622767 -0.00038205647656619994 0.50036194023781833 0.0010109307622901502 -1.008840928034114 -0.2588064937527908 2.6406398745891178 0.58426720809720523 -1.6594124722642418
decision_type=2 2 2 2 2 2 2 2 2 2
left_child=2 6 -1 5 -5 -4 -2 8 -3 -8
right_child=1 7 3 4 -6 -7 9 -9 -10 -11
leaf_value=-0.066539697014813978 -0.032039339436755992 -0.033219485508595402 -0.074596773707432881 0.00081583369132276744 -0.025762433271649177 0.0026662532222569996 -0.0020431954911380558 0.040421352598044406 0.0071231279489642101 0.050446858265847681
leaf_weight=1.9194165170192707 1.5967076607048518 8.7890556007623726 1.8787653446197499 76.940771110355854 37.296026632189751 285.10849835257977 1.7682181932032097 3.3260756917297831 11.795460410416124 11.102253004908558
leaf_count=10 10 40 16 358 162 2355 10 25 139 112
internal_value=5.89765e-05 0.0112513 -0.00100649 -0.000692989 -0.00786144 0.00216045 0.0349276 -0.00307407 -0.0101021 0.0432355
internal_weight=441.521 38.3778 403.143 401.224 114.237 286.987 14.4672 23.9106 20.5845 12.8705
internal_count=3237 336 2901 2891 520 2371 132 204 179 122
is_linear=0
shrinkage=0.04


Tree=101
num_leaves=9
num_cat=0
split_feature=48 1 45 7 23 2 1 6
split_gain=3.14769 3.83024 6.48329 5.63503 7.75572 5.34254 4.14987 3.8312
threshold=0.71610768778760125 1.1733276415866387 0.64325567573920128 0.00027753155434305006 -0.28865114375540257 0.83548975344885457 1.4026989767639864 0.00016918599378665003
decision_type=2 2 2 2 2 2 2 2
left_child=1 3 6 5 -5 -1 -3 -4
right_child=-2 2 7 4 -6 -7 -8 -9
leaf_value=0.00028249136751174099 0.040855463530563123 -0.05432391374740312 -0.017657386078039655 -0.002051539185740268 0.034700486087275009 -0.021344266621517276 -0.0079572589804293888 0.034257763077360268
leaf_weight=359.93649380095303 3.0052166357636443 7.4174943752586859 4.3967374563217145 19.153433015570045 17.655983557924628 19.253781298175454 5.2918701954185963 4.7117597684264183
leaf_count=2627 24 46 31 150 156 135 36 32
internal_value=5.80759e-05 -0.000221961 -0.0165588 0.000634852 0.0155769 -0.00081563 -0.035018 0.00919795
internal_weight=440.823 437.818 21.8179 416 36.8094 379.19 12.7094 9.1085
internal_count=3237 3213 145 3068 306 2762 82 63
is_linear=0
shrinkage=0.04


Tree=102
num_leaves=13
num_cat=0
split_feature=61 44 8 37 23 22 0 19 3 56 19 6
split_gain=3.08545 3.19884 8.44328 6.89146 4.75022 7.78769 7.39026 2.31755 6.29447 0.758138 0.519511 0.0182963
threshold=0.59863169172972286 0.018843704653345311 -0.00028061658500614994 -0.41025495900454595 0.24383866730020107 -0.33650508775917609 36.38819889892293 -0.79124646000314247 0.0011043734181832002 0.038599270902716393 -2.8880055852523192 -0.00031528550067029998
decision_type=2 2 2 2 2 2 2 2 2 2 2 2
left_child=1 4 -3 -4 5 -1 -6 10 9 -9 -2 -12
right_child=7 2 3 -5 6 -7 -8 8 -10 -11 11 -13
leaf_value=0.025659924367636481 0.013863960560845765 -0.04973136526349211 -0.068513451287664062 0.0016610515938756327 0.018360580696544743 0.00094255395627287734 -0.016868646378826842 0.042452921123146289 -0.072654295183284007 -0.0013276249320092874 0.047975536794579415 0.042576011790447725
leaf_weight=21.857817566022277 1.1138569712638853 7.3675780631601802 2.3932093791663638 34.77028157748282 11.946170155890284 304.75126159749925 47.05492726713419 2.3444348014891134 1.3370311632752416 0.86685787513852108 1.4582938570529216 3.2237911932170396
leaf_count=221 11 37 12 185 93 2183 326 50 18 18 14 69
internal_value=5.67235e-05 -0.000462433 -0.0106131 -0.00285796 0.000709785 0.00259673 -0.00973565 0.0216446 0.00027179 0.0306348 0.0384167 0.0442578
internal_weight=440.486 430.141 44.5311 37.1635 385.61 326.609 59.0011 10.3443 4.54832 3.21129 5.79594 4.68209
internal_count=3237 3057 234 197 2823 2404 419 180 86 68 94 83
is_linear=0
shrinkage=0.04


Tree=103
num_leaves=14
num_cat=0
split_feature=61 44 50 61 45 9 49 9 23 42 27 61 41
split_gain=2.98822 7.72874 4.55831 4.54592 8.56312 8.51511 6.50174 16.1835 6.40367 6.09746 4.31864 4.52854 2.63578
threshold=0.56895066840999309 0.018842613699622767 -0.10088202657262056 0.50036194023781833 0.74328952643109081 0.00017110176377340078 0.34347101329363317 0.00017752206596460571 -0.58654397734290586 0.00012653562698661022 2.6406398745891178 0.58426720809720523 -3.7856609462820019e-05
decision_type=2 2 2 2 2 2 2 2 2 2 2 2 2
left_child=3 2 -2 6 5 -5 8 -8 -1 -6 11 -3 -4
right_child=1 10 12 4 9 -7 7 -9 -10 -11 -12 -13 -14
leaf_value=-0.014666269140527268 -0.028517419379701658 -0.031507247608932379 -0.0004645541162019664 0.056593029449559941 -0.0047351942888512579 -0.0047840410653178737 -0.024892947537650492 0.029773524231378287 0.0021940296536433149 -0.046975612412581011 0.039740619460454915 0.0064851856128709919 0.050436497788238499
leaf_weight=44.038801115006208 1.6336610540747649 8.837319761514669 1.9260270632803429 3.7712799236178389 9.2396659627556819 88.165213376283646 11.682249840348957 33.543617849238217 198.50991607457399 13.394047468900679 3.245436053723096 11.620372518897055 10.508681850507852
leaf_count=364 10 40 16 21 44 397 157 441 1417 60 25 139 106
internal_value=5.6098e-05 0.0108133 0.0342995 -0.000953772 -0.00769225 -0.00226632 0.00172898 0.0156527 -0.000867241 -0.029732 -0.00312633 -0.0099268 0.0425524
internal_weight=440.116 37.7715 14.0684 402.345 114.57 91.9365 287.775 45.2259 242.549 22.6337 23.7031 20.4577 12.4347
internal_count=3237 336 132 2901 522 418 2379 598 1781 104 204 179 122
is_linear=0
shrinkage=0.04


Tree=104
num_leaves=13
num_cat=0
split_feature=55 61 20 51 21 60 61 55 41 52 20 54
split_gain=2.98303 7.80935 8.49578 9.01965 6.74479 6.55537 6.43677 6.50853 6.04226 15.0705 8.30235 5.89657
threshold=-0.37838532624144455 0.42823183944488769 0.0025855767310072504 0.10001948509926718 0.00045330744980620006 -0.7895529202007453 0.54976574807939904 -0.36799568767306151 -8.5573035899066941e-06 0.37872374107576717 0.0025839073090525503 0.11347599905956311
decision_type=2 2 2 2 2 2 2 2 2 2 2 2
left_child=5 2 4 -4 -2 -1 7 -3 9 -7 -10 -8
right_child=1 6 3 -5 -6 8 11 -9 10 -11 -12 -13
leaf_value=-0.055062038636343943 0.025258903712151871 0.036495707503755685 0.03106417360573472 -0.031238757747171466 -0.0086953797280451203 -0.044729814398659612 0.020630608888958873 -0.0066147057223271723 -0.01138774606203579 0.0011380860519714009 0.018174887708925735 -0.0059711083304941981
leaf_weight=4.1010186821222296 53.616974611766636 5.7866162955760947 5.367100020870569 12.098970912396906 11.340306766331194 16.848688220605254 34.166244622319937 176.81057411804795 27.53487216681242 35.843685872852802 33.929098751395941 21.863647487014532
leaf_count=19 861 33 90 58 105 102 271 1019 149 200 180 150
internal_value=5.65978e-05 0.00205707 0.012672 -0.0120939 0.0193311 -0.00537437 -0.00160939 -0.00524851 -0.00358936 -0.0135284 0.0049313 0.0102502
internal_weight=439.308 321.05 82.4234 17.4661 64.9573 118.257 238.627 182.597 114.156 52.6924 61.464 56.0299
internal_count=3237 2587 1114 148 966 650 1473 1052 631 302 329 421
is_linear=0
shrinkage=0.04


Tree=105
num_leaves=14
num_cat=0
split_feature=18 20 14 29 47 51 21 42 42 41 46 1 15
split_gain=2.96286 8.73501 9.14347 7.00864 5.27102 5.13519 8.24867 10.2447 7.20614 8.96747 8.01158 3.6028 0.905565
threshold=1.0000000180025095e-35 0.0025842481259815502 0.00053568922750095004 1.5982569432162004 0.3965603252408581 0.113340231028445 -0.00013784049596309998 0.00013762834479956354 0.00014102893107401215 -2.9516868437736338e-05 0.1448491594343532 -0.82963478967667459 0.00023536653256305004
decision_type=2 2 2 2 2 2 2 2 2 2 2 2 2
left_child=5 4 3 -3 11 8 7 -7 10 -10 -1 -2 -8
right_child=1 2 -4 -5 -6 6 12 -9 9 -11 -12 -13 -14
leaf_value=0.0010428191051122773 0.038178257708875729 -0.0045153790052116964 0.037781662035664632 -0.028865483944324737 -0.02402394328986748 0.02392268127228658 0.050648320526757259 -0.037419500766408147 -0.02604804975320851 0.014317719488806779 -0.017932031911908456 0.0075099735701588477 0.027885168576654001
leaf_weight=131.88460919354111 7.1715923957526675 37.528121612966061 5.2542095482349387 38.127181571908295 7.4998454228043547 11.55516260862351 8.2056683003902418 6.9919952079653731 9.9085043743252736 79.116819722577929 48.767455253750086 42.153803206980228 4.2416787743568412
leaf_count=1173 47 220 38 233 35 72 54 35 80 656 260 308 26
internal_value=5.72088e-05 -0.00480128 -0.0132432 -0.0167868 0.00721857 0.00228283 0.0177024 0.000797616 0.000510638 0.00982502 -0.00407949 0.0119689 0.0428913
internal_weight=438.407 137.735 80.9095 75.6553 56.8252 300.672 30.9945 18.5472 269.677 89.0253 180.652 49.3254 12.4473
internal_count=3237 881 491 453 390 2356 187 107 2169 736 1433 355 80
is_linear=0
shrinkage=0.04


Tree=106
num_leaves=13
num_cat=0
split_feature=9 22 23 23 61 49 44 8 13 22 0 47
split_gain=2.88458 5.7101 15.6607 5.90084 5.00569 7.22628 7.59222 6.4835 5.80264 5.43068 4.67877 2.24293
threshold=0.00019455561281178776 -0.86093269946718076 0.55639208304833965 -0.23479534110097328 0.42130896939815848 -0.16877127402704981 0.023094222976117202 0.00018603053454165002 -9.4546947446005208e-05 -0.61180244743889867 75.524936928955029 0.36876565773554587
decision_type=2 2 2 2 2 2 2 2 2 2 2 2
left_child=4 -2 3 -3 5 6 -1 9 -9 -6 -7 -4
right_child=1 2 11 -5 7 10 -8 8 -10 -11 -12 -13
leaf_value=0.0075283106638747797 0.045171858116485789 -0.0076742971309446961 -0.03565153054347367 0.0062274397910113324 -0.042088150101028655 0.035292832752130125 -0.049188718766750246 -0.021085696805073117 0.023703958566031771 -0.0028663843770976218 -0.010144903811917056 -0.080332168620714947
leaf_weight=34.942212300375104 3.8251711279153815 121.02656840346754 3.114846169948577 81.922058874741197 5.9275015220046035 23.128442169167105 4.2338140904903403 5.6461346670985249 25.663894290104508 119.92727097775787 4.3000493720173827 4.2508299201726913
leaf_count=233 21 794 23 626 29 467 19 37 190 734 46 18
internal_value=5.73774e-05 -0.00326127 -0.00414217 -0.00206273 0.00323321 0.0124233 0.00139881 -0.000661421 0.015627 -0.00471365 0.0281694 -0.0614373
internal_weight=437.909 214.139 210.314 202.949 223.769 66.6045 39.176 157.165 31.31 125.855 27.4285 7.36568
internal_count=3237 1482 1461 1420 1755 765 252 990 227 763 513 41
is_linear=0
shrinkage=0.04


Tree=107
num_leaves=9
num_cat=0
split_feature=48 18 20 13 51 21 42 47
split_gain=2.97296 3.5155 9.10277 7.55946 4.8114 7.89531 6.73519 4.67763
threshold=0.71610768778760125 1.0000000180025095e-35 0.0025842481259815502 0.00036339084057585008 0.113340231028445 -0.00013784049596309998 0.00014102893107401215 0.3965603252408581
decision_type=2 2 2 2 2 2 2 2
left_child=1 4 7 -4 6 -6 -1 -3
right_child=-2 2 3 -5 5 -7 -8 -9
leaf_value=-0.0039439564509613891 0.04027049985703772 0.011359167275104599 -0.01809209810047115 0.026434765439650447 0.00075388157851965902 0.042268955232613446 0.0095265407129996958 -0.022616171020555412
leaf_weight=180.49027315527201 2.9218410626053801 48.229164592921734 72.188064098358154 6.6636509355157605 18.478665024042133 12.148084491491316 88.512825503945351 7.4906250759959212
leaf_count=1433 24 350 427 45 107 80 736 35
internal_value=5.72132e-05 -0.000213391 -0.005584 -0.0143292 0.00219869 0.0172208 0.000488378 0.00679173
internal_weight=437.123 434.201 134.572 78.8517 299.63 30.6267 269.003 55.7198
internal_count=3237 3213 857 472 2356 187 2169 385
is_linear=0
shrinkage=0.04


Tree=108
num_leaves=9
num_cat=0
split_feature=38 61 41 61 3 56 42 43
split_gain=2.8849 2.99088 5.61588 5.10954 10.929 6.21877 4.84596 4.83252
threshold=-0.10963921558887933 0.55148480480136908 -3.6153135622936829e-05 0.50036194023781833 0.0010264914208175503 0.01388271711475118 0.00017550526039756173 0.7404801330505526
decision_type=2 2 2 2 2 2 2 2
left_child=-1 3 7 5 -5 -2 -4 -3
right_child=1 2 6 4 -6 -7 -8 -9
leaf_value=-0.032925417263559617 -0.0009970338477258468 -0.060972045151593997 0.01774597842165861 0.00011237613573452267 -0.029658134351096235 0.014573364262558636 -0.037268695073743294 -6.2264786371530012e-05
leaf_weight=4.2024704422801724 233.0950642907992 2.9964995756745321 44.722870441153646 63.827859304845333 28.55761182308197 49.81225758139044 2.7174429893493643 6.8446283116936684
leaf_count=26 1762 20 338 287 121 601 30 52
internal_value=5.63544e-05 0.000376773 0.00889026 -0.000922651 -0.0090901 0.00174449 0.0145947 -0.0186085
internal_weight=436.777 432.574 57.2814 375.293 92.3855 282.907 47.4403 9.84113
internal_count=3237 3211 440 2771 408 2363 368 72
is_linear=0
shrinkage=0.04


Tree=109
num_leaves=8
num_cat=0
split_feature=48 1 43 7 23 21 13
split_gain=2.81635 3.4106 6.15309 4.94126 7.33425 5.20796 3.40423
threshold=0.71610768778760125 1.1733276415866387 0.93598195302364662 0.00027753155434305006 -0.28865114375540257 0.00022219570902135002 0.00013561308721720002
decision_type=2 2 2 2 2 2 2
left_child=1 3 6 5 -5 -1 -3
right_child=-2 2 -4 4 -6 -7 -8
leaf_value=0.00083253470809449732 0.039684172657319959 -0.041679856307111615 0.034131831999050045 -0.0023555134368529696 0.033818185438816352 -0.014752717753696232 -0.0069969545297517656
leaf_weight=337.64795924723148 2.8505416214466086 9.3800452351570183 3.3414952792227259 18.945848699659109 17.027916102670133 38.184793023392558 8.7536425087600929
leaf_count=2484 24 61 23 150 156 278 61
internal_value=5.49493e-05 -0.00020577 -0.0157464 0.000604653 0.014767 -0.000750935 -0.0249374
internal_weight=436.132 433.282 21.4752 411.807 35.9738 375.833 18.1337
internal_count=3237 3213 145 3068 306 2762 122
is_linear=0
shrinkage=0.04


Tree=110
num_leaves=9
num_cat=0
split_feature=0 9 19 6 0 6 21 19
split_gain=2.79969 2.86439 4.10345 7.55971 5.53901 3.62484 8.04091 5.27487
threshold=14.574154159009597 0.00017544954546515218 -1.0008544759706677 -7.4061939610186689e-05 44.876461789313375 -0.00021531280381254997 -0.00033406174811144993 -2.3044893772943911
decision_type=2 2 2 2 2 2 2 2
left_child=-1 2 3 -2 -4 6 -3 -7
right_child=1 5 4 -5 -6 7 -8 -9
leaf_value=0.036368205062677877 0.0048302222376739581 -0.0039652482227154114 0.045913656694531152 -0.059974219873862075 0.0079822475762259919 0.046034595295874496 -0.047024540820649219 -0.00059129207077749453
leaf_weight=3.3705212557688347 17.284046754240993 36.69113930221647 7.9188268743455401 3.4560611955821505 27.726796773262322 3.9288574066013089 8.5572318062186223 326.87646188307554
leaf_count=39 138 234 77 31 291 29 45 2353
internal_value=5.36702e-05 -0.000229373 0.00817788 -0.00596857 0.0164089 -0.00148996 -0.0121085 -3.75329e-05
internal_weight=435.81 432.439 56.3857 20.7401 35.6456 376.054 45.2484 330.805
internal_count=3237 3198 537 169 368 2661 279 2382
is_linear=0
shrinkage=0.04


Tree=111
num_leaves=14
num_cat=0
split_feature=61 41 14 33 30 21 43 42 45 1 22 13 61
split_gain=2.82306 3.05173 10.7943 9.33422 6.50341 4.73572 7.23781 5.3276 2.23264 4.92304 1.94476 0.013142 0.000217032
threshold=0.59863169172972286 1.0495538060103136e-05 -0.00019852286258094997 -0.0029464287777770425 1.5564109659244976 0.00013864103836400002 0.12971280832499266 0.00014906970430508947 0.57338372110185853 0.091248923345119665 -0.15880490159770216 -0.00043733110714354995 0.6215519089929602
decision_type=2 2 2 2 2 2 2 2 2 2 2 2 2
left_child=1 5 3 -3 -4 6 -1 -7 9 10 -2 -10 -13
right_child=8 2 4 -5 -6 7 -8 -9 11 -11 -12 12 -14
leaf_value=0.011908212206547744 -0.015809848455850026 0.031964890190005493 0.017418275367690163 -0.035473428391910623 -0.0078598578955843476 -0.0074462007852088147 -0.0038258151026867972 -0.040422929582906636 0.047150680920157083 -0.057066888083633353 0.043256042129885687 0.041814736247732624 0.042512794822796698
leaf_weight=61.619939750060439 1.2410999182611702 4.1544229332357672 67.311328337527812 15.670905662700532 21.481233935803175 51.810960829257965 194.22125515528023 9.2358816806226951 1.2229160368442533 1.5088277347385881 3.1698124017566425 1.2801146144047382 1.6074941251426933
leaf_count=449 18 28 523 90 158 355 1388 66 13 19 61 35 34
internal_value=5.2834e-05 -0.000441603 0.00534445 -0.0213416 0.0113028 -0.00242485 -3.62385e-05 -0.0124353 0.0210279 0.00530223 0.0266367 0.0436752 0.0422033
internal_weight=435.536 425.506 108.618 19.8253 88.7926 316.888 255.841 61.0468 10.0303 5.91974 4.41091 4.11052 2.88761
internal_count=3237 3057 799 118 681 2258 1837 421 180 98 79 82 69
is_linear=0
shrinkage=0.04


Tree=112
num_leaves=9
num_cat=0
split_feature=41 9 42 22 20 61 49 61
split_gain=2.713 3.30958 5.9855 10.0515 5.92653 4.88439 6.92172 6.34371
threshold=4.502407586972624e-05 0.00019455561281178776 0.00011778503078746227 -0.16117634098691255 0.0025841759944850002 0.42130896939815848 -0.16877127402704981 0.53144018024757067
decision_type=2 2 2 2 2 2 2 2
left_child=1 5 3 -3 -4 6 -1 -7
right_child=-2 2 4 -5 -6 7 -8 -9
leaf_value=0.0016267925236369402 0.027943934016994822 0.048627275820268795 0.015820095683159494 -0.041987329321640877 -0.0047664629337131953 -0.0054279005667235616 0.028340747121699549 0.0130599236903078
leaf_weight=38.609313575550914 5.5093813724815837 2.3118388447910538 25.81544376257807 12.820464380085467 167.86114611756057 116.46892547421157 25.948716036044061 39.857992400415242
leaf_count=251 36 22 192 66 1172 724 508 266
internal_value=5.27339e-05 -0.000304877 -0.00391545 -0.0281437 -0.00202245 0.0031083 0.0123643 -0.000714141
internal_weight=435.203 429.694 208.809 15.1323 193.677 220.885 64.558 156.327
internal_count=3237 3201 1452 88 1364 1749 759 990
is_linear=0
shrinkage=0.04


Tree=113
num_leaves=14
num_cat=0
split_feature=29 9 18 19 44 29 39 55 61 48 55 61 48
split_gain=2.67111 5.63387 8.66895 4.8329 3.7321 3.57086 3.42079 5.37846 8.50195 5.43895 4.87274 7.28922 5.9883
threshold=0.07407144971548095 0.00020846196360030145 1.0000000180025095e-35 2.1068588650240554 0.018843029659067766 0.041129591837030417 0.71021080378231793 0.42318928336158917 0.50036194023781833 -0.45424803792095403 -0.37075520375697152 0.42130896939815848 0.56557395628633456
decision_type=2 2 2 2 2 2 2 2 2 2 2 2 2
left_child=1 3 4 5 -3 -1 7 9 -9 -2 12 -12 -8
right_child=6 2 -4 -5 -6 -7 10 8 -10 -11 11 -13 -14
leaf_value=0.01485398403935281 -0.033963985319161026 -0.02582751936170935 -0.069097951930209109 -0.032744195264890509 0.048682066777217675 0.049167970401464783 0.0022625640312033519 0.025117701376993141 -0.045733393070085837 -0.0012850726028620937 0.023865370968275821 0.0018858901742969129 -0.024632193201930278
leaf_weight=23.682208734564487 8.5390436612069589 1.9028569012880314 3.3649429678916931 2.8379813693463793 2.4740684777498245 6.1027443371713153 40.097689317539334 3.6091377865523091 10.875512182712553 178.36056901421398 31.682975413277745 101.42400555126369 19.780500277876854
leaf_count=167 52 15 17 23 26 47 237 50 62 1301 501 643 96
internal_value=5.20622e-05 0.00985248 -0.0208237 0.0171323 0.0162892 0.0218847 -0.000951037 -0.00459791 -0.0280794 -0.0027781 0.00285456 0.00711759 -0.006622
internal_weight=434.734 40.3648 7.74187 32.6229 4.37693 29.785 394.369 201.384 14.4846 186.9 192.985 133.107 59.8782
internal_count=3237 295 58 237 41 214 2942 1465 112 1353 1477 1144 333
is_linear=0
shrinkage=0.04


Tree=114
num_leaves=8
num_cat=0
split_feature=48 18 3 20 23 23 32
split_gain=2.64486 3.2513 8.2592 6.66928 5.70019 6.76171 5.3988
threshold=0.71610768778760125 1.0000000180025095e-35 0.00046863644547325006 0.0025842481259815502 0.1593305370952505 -0.15030358165497262 0.32502798072359801
decision_type=2 2 2 2 2 2 2
left_child=1 4 -3 -4 5 -1 -6
right_child=-2 2 3 -5 6 -7 -8
leaf_value=0.0010313607704337808 0.039045347078767979 0.051220649746608587 0.0039622694854053999 -0.014539803627461916 -0.018293233679568279 0.016678844411616777 0.0075341572369428704
leaf_weight=182.4095330638811 2.7654350847005835 4.001899328082799 52.029438643716276 77.756366642192006 36.998478426598012 58.311523676849902 19.92254488542676
leaf_count=1440 24 33 357 467 271 493 152
internal_value=5.18805e-05 -0.000198065 -0.00537738 -0.00712256 0.00213 0.00482176 -0.00925356
internal_weight=434.195 431.43 133.788 129.786 297.642 240.721 56.921
internal_count=3237 3213 857 824 2356 1933 423
is_linear=0
shrinkage=0.04


Tree=115
num_leaves=11
num_cat=0
split_feature=61 22 23 49 22 19 3 39 27 10
split_gain=2.69628 2.70678 3.731 6.78126 5.40199 2.2588 5.46953 0.784788 0.560323 0.0112082
threshold=0.59863169172972286 -0.9573742511423583 0.24383866730020107 -0.34660505907623934 -0.33650508775917609 -0.79124646000314247 0.0011043734181832002 0.8267998613083577 -3.6350259825684401 -0.00015708426257034997
decision_type=2 2 2 2 2 2 2 2 2 2
left_child=1 -1 4 -4 -3 8 7 -7 -2 -10
right_child=5 2 3 -5 -6 6 -8 -9 9 -11
leaf_value=0.041986649366986449 0.010995913928845958 0.019072414245048266 -0.027325750399421225 -1.510230859620118e-05 -0.00041085741108848404 0.042157349407512756 -0.065785580584531961 -0.003944288187937366 0.046858777065727095 0.042618572647437195
leaf_weight=2.3935554623603812 1.0055719986557958 24.439266714267433 22.37355849891901 41.583101622760296 333.222581891343 2.2086222646757947 1.4026595018804071 0.80654706060886372 1.5121719092130659 2.9301556283608079
leaf_count=13 12 242 114 333 2355 53 18 15 15 67
internal_value=5.10566e-05 -0.000429931 -0.000670733 -0.00956902 0.000920447 0.0207231 -0.000531112 0.0298253 0.0379586 0.0440619
internal_weight=433.878 424.012 421.619 63.9567 357.662 9.86573 4.41783 3.01517 5.4479 4.44233
internal_count=3237 3057 3044 447 2597 180 86 68 94 82
is_linear=0
shrinkage=0.04


Tree=116
num_leaves=8
num_cat=0
split_feature=0 8 23 19 9 23 14
split_gain=2.62461 2.73065 10.1921 6.21513 5.54165 5.46338 5.37404
threshold=14.574154159009597 -0.00034742499941569992 0.76926122679630426 -1.8489791269995386 0.00021072624287025974 -0.56036086910596083 -0.00032048549273104994
decision_type=2 2 2 2 2 2 2
left_child=-1 2 4 6 -2 -5 -3
right_child=1 3 -4 5 -6 -7 -8
leaf_value=0.035743512419379293 0.00047559955930201654 0.0052361329050677405 -0.08166186651674899 -0.010187376545771466 -0.022812317753264304 0.003152231709556978 0.051000595105575468
leaf_weight=3.2713223407044998 92.710676537826657 9.2727452032268065 2.7435311153531066 62.012193353846669 19.84969169087708 236.36640960909426 7.3673607893288127
leaf_count=39 678 60 13 463 144 1791 49
internal_value=5.02673e-05 -0.000221074 -0.00548781 0.00170667 -0.00363116 0.000379853 0.0254982
internal_weight=433.594 430.323 115.304 315.019 112.56 298.379 16.6401
internal_count=3237 3198 835 2363 822 2254 109
is_linear=0
shrinkage=0.04


Tree=117
num_leaves=8
num_cat=0
split_feature=3 3 22 20 8 12 22
split_gain=2.58335 4.53532 4.35168 5.6306 4.99035 2.70269 0.0320838
threshold=0.00034451234867650005 0.00043290632554935006 -0.21231412035135813 0.0025848825224850506 0.0008026966401324002 8.7319758107188945e-05 0.22119308249673589
decision_type=2 2 2 2 2 2 2
left_child=-1 5 3 -3 -4 6 -2
right_child=1 2 4 -5 -6 -7 -8
leaf_value=-0.032530291509262961 0.046622150480267015 0.015688919560502553 -0.0028125548650560217 -0.0056170288793201198 0.038049185253819881 -0.0044010842760948219 0.053258923771201928
leaf_weight=3.8594956174492827 2.4942252226173869 54.149903635494411 332.31179064232856 31.327618174254894 4.8519039303064337 2.1558798626065254 2.1876385770738125
leaf_count=26 29 502 2388 219 37 18 18
internal_value=4.91761e-05 0.00034195 -0.000180883 0.00788026 -0.00222454 0.0326583 0.0497232
internal_weight=433.338 429.479 422.641 85.4775 337.164 6.83774 4.68186
internal_count=3237 3211 3146 721 2425 65 47
is_linear=0
shrinkage=0.04


Tree=118
num_leaves=14
num_cat=0
split_feature=61 41 6 1 3 21 43 9 19 3 56 27 6
split_gain=2.58739 2.5667 6.06589 5.98483 5.97915 4.22899 6.57774 6.53716 2.19457 4.90032 0.830351 0.609286 0.0120167
threshold=0.59863169172972286 1.0495538060103136e-05 -8.2995684856507741e-05 1.1733276415866387 0.00089160145088195005 0.00013864103836400002 0.12971280832499266 0.00020713590815670227 -0.79124646000314247 0.0011043734181832002 0.039373017930036572 -3.6971005142917175 -0.00031528550067029998
decision_type=2 2 2 2 2 2 2 2 2 2 2 2 2
left_child=1 5 4 -4 -3 6 -1 -7 11 10 -10 -2 -13
right_child=8 2 3 -5 -6 7 -8 -9 9 -11 -12 12 -14
leaf_value=0.011480864929489472 0.0080314969882353138 0.0034313244324722198 0.015176059477254889 -0.010871870071565808 -0.039022758818876749 -0.0055644843422640875 -0.003577229340052114 -0.039628292758459548 0.042203223527917999 -0.060038567354020911 -0.0060087270681116458 0.0466472660921705 0.042316823935378708
leaf_weight=61.048976715654135 0.91431481391191471 13.071642573922874 67.638669713400304 17.834454836323857 8.9367289282381517 50.245991380885243 193.62715520616621 10.984767680987714 2.1572713879868375 1.4701832793653009 0.77760036475956429 1.6246905252337454 2.7789977500215173
leaf_count=449 10 84 532 135 48 349 1388 72 51 18 17 17 67
internal_value=4.82331e-05 -0.000420282 0.0049191 0.00974101 -0.0138076 -0.00223691 3.23796e-05 -0.0116755 0.0204496 -0.000430478 0.0294294 0.0377452 0.0439145
internal_weight=433.111 423.388 107.481 85.4731 22.0084 315.907 254.676 61.2308 9.72306 4.40506 2.93487 5.318 4.40369
internal_count=3237 3057 799 667 132 2258 1837 421 180 86 68 94 84
is_linear=0
shrinkage=0.04


Tree=119
num_leaves=8
num_cat=0
split_feature=38 61 22 54 61 3 56
split_gain=2.52152 2.72038 4.64157 5.5159 4.24167 9.91922 5.73613
threshold=-0.10963921558887933 0.55148480480136908 -0.61180244743889867 0.11347599905956311 0.50036194023781833 0.0010264914208175503 0.01388271711475118
decision_type=2 2 2 2 2 2 2
left_child=-1 4 -3 -4 6 -6 -2
right_child=1 2 3 -5 5 -7 -8
leaf_value=-0.030599027237451303 -0.0010768329266911331 -0.055936660067588156 0.020244190989993388 -0.006125978738976405 0.00042571229539109181 -0.02804533767543051 0.013994958785826697
leaf_weight=4.2532340083271256 231.29589299019426 1.7316287606954563 34.633918351493776 20.03210686892271 63.520105242729187 28.302869617938995 48.9537985753268
leaf_count=26 1762 11 288 141 287 121 601
internal_value=4.79062e-05 0.000352125 0.00853862 0.010581 -0.000888759 -0.00835 0.0015559
internal_weight=432.724 428.47 56.3977 54.666 372.073 91.823 280.25
internal_count=3237 3211 440 429 2771 408 2363
is_linear=0
shrinkage=0.04


Tree=120
num_leaves=13
num_cat=0
split_feature=0 10 23 7 10 1 8 23 15 41 3 31
split_gain=2.50314 4.87047 4.1885 3.9161 6.26645 6.59281 4.01214 3.64089 3.31446 1.88348 3.22431 0.0505809
threshold=23.615863687310675 -0.00012210988878739998 -0.26990470375771908 -0.00039657981533729999 -4.3024432545123313e-06 -0.9979692489869193 -0.00076190887456384989 -0.12372917541770713 -0.0007239123907247999 -2.9516868437736338e-05 0.0014797163266868504 -1.3430565290732102
decision_type=2 2 2 2 2 2 2 2 2 2 2 2
left_child=1 2 -1 4 5 -2 -5 -4 -8 10 -3 -11
right_child=3 9 7 6 -6 -7 8 -9 -10 11 -12 -13
leaf_value=0.030238406627213395 0.018196829633993664 -0.02470634421584178 -0.052956487900518989 0.037659822195102451 -0.05279087500721584 -0.025855338165557417 0.045985759364902831 0.010433659427145445 -0.00031727175738515551 0.057597415411935547 0.041020169675200141 0.04879669126984916
leaf_weight=3.1794937625527382 10.106961481273178 1.8932360168546436 3.4867682009935379 4.5771033316850653 5.6378814131021491 11.760961357504129 2.4897856153547755 2.4814536059275287 378.41250063851476 1.536525174975395 3.2342805974185467 3.265613738447426
leaf_count=21 65 16 26 39 32 64 23 23 2832 10 42 44
internal_value=4.6622e-05 0.0142123 -0.00684472 -0.000607745 -0.0151894 -0.00549522 0.000432729 -0.0266003 -1.46098e-05 0.0336111 0.0167519 0.0516126
internal_weight=432.063 19.0774 9.14772 412.985 27.5058 21.8679 385.479 5.96822 380.902 9.92966 5.12752 4.80214
internal_count=3237 182 70 3055 161 129 2894 49 2855 112 58 54
is_linear=0
shrinkage=0.04


Tree=121
num_leaves=9
num_cat=0
split_feature=48 1 45 42 42 39 60 13
split_gain=2.532 3.12393 5.53579 4.24097 7.02785 4.8307 4.09538 3.49092
threshold=0.71610768778760125 1.1733276415866387 0.64325567573920128 0.0001077035048194411 0.00011323047979065565 -0.02032511623321108 0.088648111042180608 4.0067458194563265e-05
decision_type=2 2 2 2 2 2 2 2
left_child=1 3 6 5 -5 -1 -3 -4
right_child=-2 2 7 4 -6 -7 -8 -9
leaf_value=-0.071223846883062408 0.038732708279552171 -0.048588495048802312 -0.022155650659388557 -0.021111800623794932 0.0011098574416984884 0.025033653811806618 0.00037649620598833466 0.029198127105292231
leaf_weight=0.87941752001643436 2.6899192705750457 8.290986308827998 3.4953391812741739 24.280437812209129 366.39154948387295 16.217071978375316 4.076927149668335 5.3746044188737869
leaf_count=5 24 43 25 166 2747 150 39 38
internal_value=4.57239e-05 -0.000196848 -0.0151534 0.000582134 -0.000271228 0.0200823 -0.0324478 0.00896137
internal_weight=431.696 429.006 21.2379 407.768 390.672 17.0965 12.3679 8.86994
internal_count=3237 3213 145 3068 2913 155 82 63
is_linear=0
shrinkage=0.04


Tree=122
num_leaves=9
num_cat=0
split_feature=41 1 1 20 42 42 41 60
split_gain=2.49806 4.39708 4.33486 4.10065 3.94426 6.43706 4.90616 2.9054
threshold=4.502407586972624e-05 1.1733276415866387 1.4026989767639864 0.0025834948173312005 0.0001077035048194411 0.00011323047979065565 -4.6635860347373391e-05 -0.80733460696657311
decision_type=2 2 2 2 2 2 2 2
left_child=1 4 3 -3 6 -6 -1 -4
right_child=-2 2 7 -5 5 -7 -8 -9
leaf_value=-0.072910755514214123 0.027147237553907008 -0.082294390938657661 -0.023371811166896794 -0.022501553142008933 -0.020148604893853155 0.0010605413281591489 0.024521347693696852 0.03054000230512063
leaf_weight=0.87196194939315574 5.3734475020319215 2.2979383543133762 2.8921737149357796 9.1125539224594814 24.420565189793706 366.77454889006913 16.003984000533819 3.5781601369380942
leaf_count=11 36 13 19 66 166 2753 143 30
internal_value=4.45255e-05 -0.000297379 -0.0197123 -0.0345431 0.000553343 -0.000263451 0.0194871 0.00644197
internal_weight=431.325 425.952 17.8808 11.4105 408.071 391.195 16.8759 6.47033
internal_count=3237 3201 128 79 3073 2919 154 49
is_linear=0
shrinkage=0.04


Tree=123
num_leaves=14
num_cat=0
split_feature=29 31 22 44 29 41 39 55 61 48 55 61 32
split_gain=2.44562 5.12903 9.00484 5.22847 5.56552 3.16333 3.14321 4.83211 7.58813 4.91321 4.34606 6.85063 5.75182
threshold=0.07407144971548095 -0.50947678549373732 -0.030925436008829948 0.018842591828668227 0.018153973854333316 2.6118208547920577e-06 0.71021080378231793 0.42318928336158917 0.50036194023781833 -0.45424803792095403 -0.37075520375697152 0.42130896939815848 0.62731703641975811
decision_type=2 2 2 2 2 2 2 2 2 2 2 2 2
left_child=1 2 -1 5 -5 -3 7 9 -9 -2 12 -12 -8
right_child=6 3 -4 4 -6 -7 10 8 -10 -11 11 -13 -14
leaf_value=-0.05813221875483443 -0.032264191260577849 0.019497741427399212 0.026643776104447632 -0.022126830980664619 0.024203020422722009 0.05724971536908241 -0.011979901701311175 0.024434331669959869 -0.043033230822990751 -0.0012514548161300378 0.023307649465129053 0.0017577274124650861 0.020638176450620174
leaf_weight=4.3412780109792948 8.5682296827435476 9.3941605780273694 3.7246747668832523 8.2244642600417155 8.3713363911956531 5.7097435090690842 48.943497447296977 3.5226850155740967 10.983854483813046 177.39339941460639 30.849283056333661 100.47618197835982 10.506725508719681
leaf_count=26 52 69 29 61 58 52 265 50 62 1301 501 643 68
internal_value=4.32472e-05 0.00949431 -0.0189846 0.0167407 0.0012431 0.0337692 -0.00091735 -0.00441488 -0.0266498 -0.00268037 0.00275787 0.00681996 -0.00621526
internal_weight=431.01 39.7657 8.06595 31.6997 16.5958 15.1039 391.244 200.468 14.5065 185.962 190.776 131.325 59.4502
internal_count=3237 295 55 240 119 121 2942 1465 112 1353 1477 1144 333
is_linear=0
shrinkage=0.04


Tree=124
num_leaves=8
num_cat=0
split_feature=0 3 3 3 44 49 49
split_gain=2.45904 3.28145 7.12537 5.82407 5.63758 4.27673 5.09289
threshold=14.574154159009597 0.0017851915680283503 0.0014797163266868504 0.0013404755098868502 0.018842119822227166 -0.053605491261809614 0.24271065540881973
decision_type=2 2 2 2 2 2 2
left_child=-1 2 3 -2 -4 -3 -7
right_child=1 5 4 -5 -6 6 -8
leaf_value=0.035186551837183874 0.00047262659853181864 -0.044111600299260922 -0.10190469860227323 -0.020973262406729632 0.032194591208489547 0.052353161911822051 -0.034268902052243019
leaf_weight=3.1623321706429115 380.66900818422437 6.0621336922049522 0.51974906213581462 21.399865430779755 14.366670567542313 2.1151105761527997 2.2320080688223243
leaf_count=39 2816 29 8 152 136 17 40
internal_value=4.3572e-05 -0.000216472 0.000337335 -0.000668817 0.0275126 -0.0223999 0.00787746
internal_weight=430.527 427.365 416.955 402.069 14.8864 10.4093 4.34712
internal_count=3237 3198 3112 2968 144 86 57
is_linear=0
shrinkage=0.04


Tree=125
num_leaves=13
num_cat=0
split_feature=18 3 20 14 20 51 3 3 42 52 19 57
split_gain=2.436 7.2369 5.44788 7.98313 4.78201 4.59145 7.58731 12.7992 6.47246 6.14418 5.83453 0.875235
threshold=1.0000000180025095e-35 0.00046863644547325006 0.0025842481259815502 0.00053568922750095004 0.0025839313825502504 0.113340231028445 0.00087429500136685008 0.0010017695854590502 0.00014102893107401215 0.031908666908367807 -2.1011762408710184 -0.49740375397634479
decision_type=2 2 2 2 2 2 2 2 2 2 2 2
left_child=5 -2 4 -4 -3 8 11 -8 9 -1 -10 -7
right_child=1 2 3 -5 -6 6 7 -9 10 -11 -12 -13
leaf_value=0.0014279180330081507 0.050161255999528906 -0.0053387021921601566 -0.015855285522834099 0.036421080103529166 0.019684960343042398 0.053975653512893691 -0.056763882771388399 0.020204414284314139 -0.022251541794369688 -0.014200631253376436 0.012731293445214533 0.031995006660163139
leaf_weight=116.48165027610958 3.7802774757146826 32.453704859130085 74.368372692726552 4.9873794540762892 19.597094120457768 5.3796112313866615 4.6147890761494663 13.776432909071444 8.4477868266403657 61.497702818363905 78.615391365252435 6.2842989116907138
leaf_count=1040 33 228 448 38 134 34 23 89 61 393 675 41
internal_value=4.27387e-05 -0.00440394 -0.00597366 -0.0125698 0.00408269 0.0020798 0.0168965 0.000891263 0.000399632 -0.00397226 0.00933689 0.0421329
internal_weight=430.284 135.187 131.407 79.3558 52.0508 295.098 30.0551 18.3912 265.043 177.979 87.0632 11.6639
internal_count=3237 881 848 486 362 2356 187 112 2169 1433 736 75
is_linear=0
shrinkage=0.04


Tree=126
num_leaves=14
num_cat=0
split_feature=61 23 0 15 51 23 22 38 45 1 22 6 20
split_gain=2.39325 2.50979 5.2319 8.90407 4.96929 5.4995 4.75937 3.58378 2.18668 4.20637 1.85954 0.0106923 0.000313476
threshold=0.59863169172972286 0.24383866730020107 36.38819889892293 -0.00028944411321034992 0.12437109545172474 -0.11936714105586764 -0.33650508775917609 1.1266626225004555 0.57338372110185853 0.091248923345119665 -0.16117634098691255 -0.00028152460128919992 0.0025855767310072504
decision_type=2 2 2 2 2 2 2 2 2 2 2 2 2
left_child=1 4 7 -4 6 -6 -1 -3 9 10 -2 -10 -13
right_child=8 2 3 -5 5 -7 -8 -9 11 -11 -12 12 -14
leaf_value=0.019194608649771839 -0.0159834192537383 0.036427820053750455 -0.050151760371271024 -0.0058475799028844854 -0.048503070890839148 0.0055919245662902186 0.00053829223813117277 -0.0062358731978670017 0.046876242391106278 -0.05149383677024022 0.042923568838071406 0.041817629531499895 0.042735943854531264
leaf_weight=23.490002837963402 1.2184305451810358 6.4477152507752162 8.6736796256154758 44.470056351274252 6.6955102235078812 5.4583127498626691 318.91404021717608 6.1598488902673125 1.0307266553863885 1.5699961353093383 2.893784602172671 1.9059789916500451 0.86453774571418751
leaf_count=239 17 59 50 311 32 32 2294 40 12 19 62 54 16
internal_value=4.32776e-05 -0.000405079 -0.00758279 -0.0130785 0.000925998 -0.0242089 0.00181817 0.015583 0.0199145 0.00420466 0.0254697 0.0433982 0.0421042
internal_weight=429.793 420.309 65.7513 53.1437 354.558 12.1538 342.404 12.6076 9.48345 5.68221 4.11222 3.80124 2.77052
internal_count=3237 3057 460 361 2597 64 2533 99 180 98 79 82 70
is_linear=0
shrinkage=0.04


Tree=127
num_leaves=8
num_cat=0
split_feature=3 3 22 61 8 10 22
split_gain=2.33974 4.0082 3.89898 6.03734 4.46467 2.94641 0.0237446
threshold=0.00034451234867650005 0.00043290632554935006 -0.21231412035135813 0.33103871182811423 0.0008026966401324002 0.00011346071585480001 0.22119308249673589
decision_type=2 2 2 2 2 2 2
left_child=-1 5 3 -3 -4 6 -2
right_child=1 2 4 -5 -6 -7 -8
leaf_value=-0.030692091623827713 0.046077728591403737 0.039352804788896738 -0.0026430245970917466 0.0039286783631064751 0.03693182631940501 -0.010169335656925167 0.051833142206471068
leaf_weight=3.9267035685479632 2.4992817342281333 8.5681991977617127 329.9743283232674 75.777696926146746 4.6250382345169774 1.926413871347904 2.1195972468703985
leaf_count=26 31 99 2388 622 37 15 19
internal_value=4.30519e-05 0.000326696 -0.000158566 0.00752721 -0.002096 0.0313869 0.0487189
internal_weight=429.417 425.491 418.945 84.3459 334.599 6.54529 4.61888
internal_count=3237 3211 3146 721 2425 65 50
is_linear=0
shrinkage=0.04


Tree=128
num_leaves=10
num_cat=0
split_feature=61 54 44 10 10 55 61 49 41
split_gain=2.32382 4.51615 5.20208 4.72392 4.1242 4.11417 7.32617 4.00606 2.87286
threshold=0.57177059312473599 -0.10905694623440047 0.018842620575821402 -0.00012596586633884999 -0.00038205647656619994 0.4254955366874843 0.49677845973129459 0.36258280801719994 -3.7856609462820019e-05
decision_type=2 2 2 2 2 2 2 2 2
left_child=4 -2 8 -4 -1 7 -7 -6 -3
right_child=1 2 3 -5 5 6 -8 -9 -10
leaf_value=-0.059627780905168029 -0.049038218691614323 -0.0089135482124969544 -0.022741387721661298 0.017629009281096581 -0.0012906562993987099 0.017935582465903696 -0.039364809208131783 0.010706224953871643 0.04881262676815263
leaf_weight=1.8966492656618346 1.9128240216523433 1.6728653870522974 7.3404940068721833 12.59499998018145 328.29851754661649 5.3480345625430372 10.738992780447004 51.524341420270503 7.8629562072455901
leaf_count=10 13 15 48 140 2299 77 50 489 96
internal_value=4.24115e-05 0.0105213 0.014387 0.00276413 -0.000784302 -0.000502406 -0.0203156 0.000336764 0.0386857
internal_weight=429.191 31.3841 29.4713 19.9355 397.807 395.91 16.087 379.823 9.53582
internal_count=3237 312 299 188 2925 2915 127 2788 111
is_linear=0
shrinkage=0.04


Tree=129
num_leaves=8
num_cat=0
split_feature=22 22 3 1 22 51 42
split_gain=2.39382 2.87292 7.89693 6.06962 5.29164 6.89389 3.20823
threshold=-0.9573742511423583 -0.56921067846672058 0.00095590291391555013 -0.35717356697205094 -0.33650508775917609 0.11246498707644209 0.0001077035048194411
decision_type=2 2 2 2 2 2 2
left_child=-1 2 3 -2 5 -3 -6
right_child=1 4 -4 -5 6 -7 -8
leaf_value=0.040714374963287052 -0.061667951652817909 0.021942855670349905 0.027603133593870247 -0.0020613234368590402 0.016125110933804747 -0.037638072846830697 -0.0016860104520612989
leaf_weight=2.3028782904148093 6.15703385695815 29.853641205467284 4.506229616701602 4.9155053049325934 16.940937851555645 3.468178614974021 360.6698701530695
leaf_count=13 34 314 32 25 133 24 2662
internal_value=4.18412e-05 -0.000177763 -0.0170384 -0.0352064 0.000461438 0.0157416 -0.000886941
internal_weight=428.814 426.511 15.5788 11.0725 410.933 33.3218 377.611
internal_count=3237 3224 91 59 3133 338 2795
is_linear=0
shrinkage=0.04


Tree=130
num_leaves=8
num_cat=0
split_feature=0 3 3 3 55 29 51
split_gain=2.30035 3.09553 6.43897 5.41711 4.14114 4.12758 4.12541
threshold=14.574154159009597 0.0017851915680283503 0.0014797163266868504 0.0013404755098868502 0.40809043108735005 2.3536989909412562 0.098141191947890852
decision_type=2 2 2 2 2 2 2
left_child=-1 2 3 -2 -4 -3 -7
right_child=1 5 4 -5 -6 6 -8
leaf_value=0.034576806804864323 0.00048391168641886566 -0.068234976997047253 0.011966480248243852 -0.020200720544948363 0.057847011465454186 0.016975491132917655 -0.041429213219346596
leaf_weight=3.063804534263908 379.29374128673226 2.3671646509319526 9.9723123442381603 21.400770489126444 4.5993435606360427 4.5208386350423098 3.3831090778112411
leaf_count=39 2816 16 92 152 52 54 16
internal_value=4.11163e-05 -0.000207535 0.000329007 -0.000620838 0.026448 -0.0219002 -0.00802334
internal_weight=428.601 425.537 415.266 400.695 14.5717 10.2711 7.90395
internal_count=3237 3198 3112 2968 144 86 70
is_linear=0
shrinkage=0.04


Tree=131
num_leaves=14
num_cat=0
split_feature=29 9 31 19 9 6 39 8 51 6 45 22 45
split_gain=2.27713 4.90014 7.53935 4.28815 3.7464 3.40981 2.77512 4.51712 7.26494 5.82628 4.14867 7.93287 5.62257
threshold=0.07407144971548095 0.00020846196360030145 -0.4791153886829369 2.1068588650240554 0.00021749325568360981 -0.00016073674904684996 0.71021080378231793 -0.00038211658456429996 0.1170758376980145 2.9092325407528999e-05 0.52705194531715926 -0.14745292374845767 0.56032704036301639
decision_type=2 2 2 2 2 2 2 2 2 2 2 2 2
left_child=1 3 -3 5 -4 -1 7 9 -9 -2 11 -8 -12
right_child=6 2 4 -5 -6 -7 10 8 -10 -11 12 -13 -14
leaf_value=-0.015836337886863238 -0.011663973355526602 -0.078838255529948748 -0.030196984805440055 -0.030949819129172444 0.037546722408011983 0.02588942953554459 0.020352021195538948 -0.004118513001256114 0.024120743253972312 -0.065840495256936429 0.030560659602857858 -0.01433809285493642 0.0036913388754086728
leaf_weight=3.5759706106036964 33.265585787594318 2.3679818287491798 2.3744545541703692 2.8197720292955628 2.9031416475772858 25.330090392380953 13.767302037216721 147.00788981746882 16.18058454990387 3.5113064795732489 13.957710598595439 45.094554396346211 116.17862188257277
leaf_count=25 222 12 20 23 26 189 148 1129 92 22 92 329 908
internal_value=4.00789e-05 0.00920705 -0.0195388 0.0161345 0.00706801 0.0207275 -0.000887814 -0.00417253 -0.00131851 -0.0168365 0.00258751 -0.00622436 0.0065732
internal_weight=428.335 39.3714 7.64558 31.7258 5.2776 28.9061 388.964 199.965 163.188 36.7769 188.998 58.8619 130.136
internal_count=3237 295 58 237 46 214 2942 1465 1221 244 1477 477 1000
is_linear=0
shrinkage=0.04


Tree=132
num_leaves=14
num_cat=0
split_feature=61 23 0 1 22 44 9 8 42 56 10 6 49
split_gain=2.22781 2.4207 4.79497 7.99391 4.0661 6.34716 5.09829 3.76427 2.0835 3.13942 0.00280203 0.000532288 0.000174932
threshold=0.59863169172972286 0.24383866730020107 36.38819889892293 0.11491002501861657 -0.33650508775917609 0.018844143959225609 0.00017544954546515218 -0.00040085348544014994 0.00014993706731414793 0.022322295157674251 -0.00015407774214489997 2.5755462987297341e-05 0.34696517212802092
decision_type=2 2 2 2 2 2 2 2 2 2 2 2 2
left_child=1 4 7 -4 5 -1 -6 -3 10 11 -2 -10 -12
right_child=8 2 3 -5 6 -7 -8 -9 9 -11 12 -13 -14
leaf_value=0.024054904021768176 0.044220158967092242 -0.0076395998481625935 -0.029679297189719411 0.0014980344157705155 0.013619430473068938 -0.045631350920115388 -0.0020041669567752271 0.036518254095462804 0.043258233628646961 -0.019941110713513871 0.041954084358216175 0.041966397997114074 0.041331318108737122
leaf_weight=20.922440488822762 0.89339939877390895 6.0301345819607377 24.136354996822774 28.930051513947546 37.730231715366244 2.3234847486019126 292.40283653605729 6.3323239143937808 1.1150897592306139 3.4014747999608517 1.514767986722289 0.94097973406314839 1.378346133045852
leaf_count=230 13 47 161 200 358 12 1997 52 20 35 41 22 49
internal_value=4.01644e-05 -0.000388557 -0.00745595 -0.0126824 0.000919986 0.0170896 -0.000218578 0.014979 0.0194636 0.00364581 0.0422621 0.042667 0.0416574
internal_weight=428.052 418.808 65.4289 53.0664 353.379 23.2459 330.133 12.3625 9.24406 5.45754 3.78651 2.05607 2.89311
internal_count=3237 3057 460 361 2597 242 2355 99 180 77 103 42 90
is_linear=0
shrinkage=0.04


Tree=133
num_leaves=9
num_cat=0
split_feature=38 61 3 38 61 1 37 42
split_gain=2.18882 2.40978 4.27432 6.64413 3.76803 9.95383 5.45127 2.72745
threshold=-0.10963921558887933 0.55148480480136908 0.00078251261764495002 -0.033069187732702766 0.50036194023781833 0.45552677173600392 0.032464953385798807 0.00013275712888910301
decision_type=2 2 2 2 2 2 2 2
left_child=-1 4 7 -4 6 -6 -2 -3
right_child=1 2 3 -5 5 -7 -8 -9
leaf_value=-0.028367641659996671 -0.0031984467644943304 0.050202338090990846 -0.074983520214244634 0.0052042511540686433 -0.0013422051502470788 -0.03455974877597378 0.0082113497127603279 0.012987162216523995
leaf_weight=4.2960246093571177 163.35491658840328 5.3088942021131498 1.723698180168866 40.458782415837049 73.165704108774662 17.980735793709755 113.58234263397753 7.7516031740233302
leaf_count=26 1386 47 10 322 329 79 977 61
internal_value=4.02226e-05 0.000328513 0.00811866 0.00192755 -0.000840653 -0.00789513 0.00148114 0.0281146
internal_weight=427.623 423.327 55.243 42.1825 368.084 91.1464 276.937 13.0605
internal_count=3237 3211 440 332 2771 408 2363 108
is_linear=0
shrinkage=0.04


Tree=134
num_leaves=13
num_cat=0
split_feature=20 42 7 1 23 9 6 42 6 0 6 23
split_gain=2.1879 10.5281 5.75256 5.17382 5.37426 4.74556 5.99769 5.58658 4.1369 3.53001 4.78162 1.19555
threshold=0.0025833568638242003 0.0001298336273970743 -0.00011567494015074998 0.64278112688953126 0.81715153402207619 0.00017686698676450187 -1.345737294765306e-06 0.00011711249511766956 0.0002535663512175501 18.391881663012622 -0.00021531280381254997 -0.24450102735123505
decision_type=2 2 2 2 2 2 2 2 2 2 2 2
left_child=1 3 -3 4 -1 6 7 -2 -8 11 -11 -7
right_child=5 2 -4 -5 -6 9 8 -9 -10 10 -12 -13
leaf_value=0.013982319435618784 -0.026078620162287122 -0.0091001633692899177 -0.094076471525633962 -0.038518769619348352 -0.051863024663136033 0.011579812366230799 0.037919605102817604 0.013485960318154886 -0.023064994297249501 -0.01416812616006524 0.00050498415715949992 0.048273104214771864
leaf_weight=21.024803657084711 8.3037944789975899 2.0825379956513643 3.2856345977634183 4.6345992386341086 2.1898728534579268 2.7475077193230391 15.882664087228479 18.282329760491848 2.0043288152664891 40.245555156841874 303.56415900867432 2.9421106558293095
leaf_count=201 65 20 30 33 15 20 173 163 20 245 2210 42
internal_value=3.93265e-05 -0.00981922 -0.0611106 6.76151e-05 0.00777104 0.000870541 0.0131773 0.00112853 0.031086 -0.000695477 -0.00121262 0.030554
internal_weight=427.19 33.2174 5.36817 27.8493 23.2147 393.972 44.4731 26.5861 17.887 349.499 343.81 5.68962
internal_count=3237 299 50 249 216 2938 421 228 193 2517 2455 62
is_linear=0
shrinkage=0.04


Tree=135
num_leaves=9
num_cat=0
split_feature=41 1 1 42 42 42 39 60
split_gain=2.16938 3.9127 3.73479 5.10583 3.47679 5.81765 4.84787 2.51052
threshold=4.502407586972624e-05 1.1733276415866387 1.4026989767639864 0.00010814304322611385 0.0001077035048194411 0.00011323047979065565 0.15504409929953208 -0.80733460696657311
decision_type=2 2 2 2 2 2 2 2
left_child=1 4 3 -3 6 -6 -1 -4
right_child=-2 2 7 -5 5 -7 -8 -9
leaf_value=-0.023161238651928442 0.025793901680803755 -0.084033609360586112 -0.022472445163152343 -0.018445658656052549 -0.019144575145026335 0.0010302460220755292 0.029894137490915084 0.028662469525981515
leaf_weight=3.5040699681267169 5.1697628367692223 2.4248210713267353 2.7599062100052834 8.7584484759718162 24.404707587324083 363.4319368135184 12.900188209488986 3.4647041466087094
leaf_count=27 36 14 19 65 166 2753 127 30
internal_value=3.98287e-05 -0.000275938 -0.0188441 -0.0326668 0.000523668 -0.000239259 0.0185611 0.00598996
internal_weight=426.819 421.649 17.4079 11.1833 404.241 387.837 16.4043 6.22461
internal_count=3237 3201 128 79 3073 2919 154 49
is_linear=0
shrinkage=0.04


Tree=136
num_leaves=8
num_cat=0
split_feature=48 59 48 39 23 1 27
split_gain=2.35262 2.7793 6.77643 5.62883 4.86753 4.24467 2.14651
threshold=0.71610768778760125 -0.75141934653418663 0.67547155286835914 0.8419336238532007 -0.6635234487780598 1.1878428908371463 1.9934364809352598
decision_type=2 2 2 2 2 2 2
left_child=1 3 5 4 -1 -3 -5
right_child=-2 2 -4 6 -6 -7 -8
leaf_value=-0.0010458303251373239 0.038097093557329716 0.00090440517958623114 0.047512113026410396 -0.0016497318702948455 -0.042973698792314996 -0.019720909223004398 0.044308246491172286
leaf_weight=7.8194626569747969 2.583050735294818 377.72720784228295 4.8689834773540488 3.740088313817977 10.221024952828884 16.669324113056064 2.8767134919762611
leaf_count=38 24 2936 26 19 54 119 21
internal_value=3.86995e-05 -0.000193198 0.000611673 -0.0132262 -0.0248005 3.26682e-05 0.0183309
internal_weight=426.506 423.923 399.266 24.6573 18.0405 394.397 6.6168
internal_count=3237 3213 3081 132 92 3055 40
is_linear=0
shrinkage=0.04


Tree=137
num_leaves=6
num_cat=0
split_feature=22 22 61 10 14
split_gain=2.22136 4.58047 2.7577 3.40496 3.39247
threshold=-0.89059636661528685 -0.78396207034587873 0.58657205344341568 -0.00013601473074289998 -0.00050937648306629993
decision_type=2 2 2 2 2
left_child=-1 -2 4 -4 -3
right_child=1 2 3 -5 -6
leaf_value=0.02715730083902905 -0.03734859095991739 0.016682565016034594 -0.0085788561525635583 0.032256688232493252 -0.0012014585010451935
leaf_weight=4.7783936262130728 5.2639947831630698 17.754809969104826 5.1077988743782035 9.0655609071254712 384.38743434008211
leaf_count=26 26 109 47 179 2850
internal_value=3.78593e-05 -0.000269526 0.000199311 0.0175404 -0.000411869
internal_weight=426.358 421.58 416.316 14.1734 402.142
internal_count=3237 3211 3185 226 2959
is_linear=0
shrinkage=0.04


Tree=138
num_leaves=14
num_cat=0
split_feature=29 22 31 12 12 42 13 13 20 24 24 41 25
split_gain=2.1934 4.66604 8.22782 5.8108 5.6645 5.01186 2.79468 7.67203 5.18852 4.07945 3.94626 4.89378 0.892077
threshold=0.07407144971548095 -0.030925436008829948 -0.50947678549373732 7.0670510870753415e-05 0.00010413263874390002 0.00014506415196172568 0.0002596166892985501 0.00022689826592190004 0.0025866640269953506 0.024999999999958254 0.15833333333306943 -2.1722807905829215e-05 0.50000000000000011
decision_type=2 2 2 2 2 2 2 2 2 2 2 2 2
left_child=1 2 -1 5 -4 -3 7 8 -2 -9 11 -8 -5
right_child=6 3 4 12 -6 -7 10 9 -10 -11 -12 -13 -14
leaf_value=-0.052799441738406623 0.00011194557808533631 -0.0097590538463028249 0.023309335984836102 0.03789525736534221 -0.036386177491498028 0.043826459969132571 -0.018717765976179048 -0.067146301926672106 -0.025503442254070533 -0.017711100905474057 -0.034185892730145107 0.018539665927677602 0.066256115786615194
leaf_weight=4.4505140632391003 318.43305884022266 9.1279293419793266 10.981083102524279 3.6934230569750062 3.3099007010459891 4.0237819347530595 6.8043128512799731 3.8211904168128958 13.175570530816911 8.8719422211870533 3.1727651730179778 32.98704643920064 3.4155646432191133
leaf_count=26 2424 69 94 29 22 32 39 25 77 71 30 276 23
internal_value=3.69098e-05 0.00907836 -0.00530681 0.0223849 0.0094834 0.0066355 -0.00087367 -0.00207401 -0.000905812 -0.0325933 0.00874552 0.0121687 0.0515214
internal_weight=426.268 39.0022 18.7415 20.2607 14.291 13.1517 387.266 344.302 331.609 12.6931 42.9641 39.7914 7.10899
internal_count=3237 295 142 153 116 101 2942 2597 2501 96 345 315 52
is_linear=0
shrinkage=0.04


Tree=139
num_leaves=6
num_cat=0
split_feature=22 22 61 14 14
split_gain=2.07226 4.17771 2.67372 5.1869 4.15374
threshold=-0.89059636661528685 -0.78396207034587873 0.57177059312473599 -0.00050937648306629993 -0.00052454593346304998
decision_type=2 2 2 2 2
left_child=-1 -2 3 -3 -4
right_child=1 2 4 -5 -6
leaf_value=0.02635109476976839 -0.035522561236243075 0.021837588758562156 -0.022317704270596976 -0.0016547378615053921 0.01825021917698046
leaf_weight=4.7351727634668341 5.3075272142887107 15.673831938765941 4.8134278599172857 370.4085530275479 25.075632145628333
leaf_count=26 26 100 34 2776 275
internal_value=3.70898e-05 -0.000258679 0.000191265 -0.000701017 0.011717
internal_weight=426.014 421.279 415.971 386.082 29.8891
internal_count=3237 3211 3185 2876 309
is_linear=0
shrinkage=0.04


Tree=140
num_leaves=12
num_cat=0
split_feature=18 3 8 44 23 23 3 3 32 6 23
split_gain=2.06149 6.60728 5.55077 5.22149 4.73065 5.51613 8.02918 7.99567 4.68109 11.7496 3.43855
threshold=1.0000000180025095e-35 0.00046863644547325006 0.0008026966401324002 0.018842534928983495 0.1593305370952505 -0.15030358165497262 0.00087429500136685008 0.0007267127664012501 0.32502798072359801 5.1220743384580212e-05 1.2440405726067032
decision_type=2 2 2 2 2 2 2 2 2 2 2
left_child=4 -2 3 -3 5 6 -1 -7 9 -6 -10
right_child=1 2 -4 -5 8 7 -8 -9 10 -11 -12
leaf_value=0.0086039994325451657 0.04951894565703957 0.0045405285512168849 0.043567724962214296 -0.012670556946169021 -0.0041173413434596471 -0.0062873491725585918 -0.0084063122960988668 0.025836476803277088 0.00063920141938267078 -0.057019084439749235 0.049734128802551743
leaf_weight=99.038833370432258 3.5827198512852183 42.32154403347522 3.5812721885740748 84.542239944450557 27.60330664832145 18.425018135458231 80.474326991476119 37.893189722672105 16.971685488708321 8.8779737232252938 2.6372448056936255
leaf_count=818 33 312 30 506 210 155 622 338 134 61 18
internal_value=3.608e-05 -0.00407076 -0.00554262 -0.00692897 0.00192162 0.00440493 0.000978412 0.0153269 -0.00851943 -0.0169913 0.00724208
internal_weight=425.949 134.028 130.445 126.864 291.922 235.831 179.513 56.3182 56.0902 36.4813 19.6089
internal_count=3237 881 848 818 2356 1933 1440 493 423 271 152
is_linear=0
shrinkage=0.04


Tree=141
num_leaves=8
num_cat=0
split_feature=3 3 18 8 42 10 44
split_gain=2.05503 3.60739 2.82914 5.14025 5.04526 2.74398 0.0206788
threshold=0.00034451234867650005 0.00043290632554935006 1.0000000180025095e-35 0.0008026966401324002 0.00012965365853146119 0.00011346071585480001 0.018842323568196855
decision_type=2 2 2 2 2 2 2
left_child=-1 5 4 -4 -3 6 -2
right_child=1 2 3 -5 -6 -7 -8
leaf_value=-0.028501327885107362 0.04574979447470242 -0.0046287539249535567 -0.0063132074064251708 0.042826967797731486 0.0063257377464380291 -0.0091246416471070305 0.05135952976769579
leaf_weight=3.9993553757667533 2.5598657056689254 109.55189874395728 127.78420836478472 3.4991591256111851 174.2928767092526 1.943753410130739 1.7841758020222185
leaf_count=26 34 882 826 30 1408 15 16
internal_value=3.66634e-05 0.000307497 -0.000147973 -0.00500345 0.00209777 0.0303782 0.0480538
internal_weight=425.415 421.416 415.128 131.283 283.845 6.28779 4.34404
internal_count=3237 3211 3146 856 2290 65 50
is_linear=0
shrinkage=0.04


Tree=142
num_leaves=15
num_cat=0
split_feature=41 14 3 47 23 41 41 39 47 59 23 57 7 37
split_gain=2.02999 10.0203 8.42361 6.84165 8.7044 7.02627 3.5019 9.25638 7.31885 4.51049 8.76558 8.20125 3.4879 3.28374
threshold=1.0495538060103136e-05 -0.00019852286258094997 0.00089160145088195005 0.39296012724410528 -0.58232449233048389 2.537133822967756e-05 3.6031262607316711e-06 -0.023305729090983308 -0.37680852259531722 -0.75141934653418663 -0.6091392882316039 -0.50055044085757117 -0.00026126567591189996 0.24492557910518822
decision_type=2 2 2 2 2 2 2 2 2 2 2 2 2 2
left_child=6 2 13 5 -5 -3 9 -8 -9 10 -1 -11 -4 -2
right_child=1 3 12 4 -6 -7 7 8 -10 11 -12 -13 -14 -15
leaf_value=-0.0013835581066034045 0.031278837752703494 0.029755429049050004 0.010784585762784592 -0.062389677726305257 0.0032237001458078809 0.002511230316153142 0.044665000512767276 0.021015267618975143 -0.026208180389055948 0.021271879403471621 -0.068711781118536541 -0.0012285953699718742 -0.052302096408515623 -0.014682818362356806
leaf_weight=10.407120019197462 4.727179344743492 35.004034545272589 1.6374544035643328 3.8280411660671261 20.881632506847382 26.697926267981529 4.1211111471056929 6.2857576562091699 31.90028387773782 29.192624844610691 4.4027901366353026 231.12686660885811 9.7595710027962905 5.2485528774559498
leaf_count=51 35 360 12 17 117 218 34 50 241 157 21 1833 54 37
internal_value=3.60214e-05 0.00477899 -0.0197443 0.0108445 -0.00694117 0.0179671 -0.00157444 -0.0122883 -0.0184348 7.305e-05 -0.0213993 0.00129464 -0.0432382 0.00709694
internal_weight=425.221 107.784 21.3728 86.4116 24.7097 61.702 317.437 42.3072 38.186 275.129 14.8099 260.319 11.397 9.97573
internal_count=3237 850 138 712 134 578 2387 325 291 2062 72 1990 66 72
is_linear=0
shrinkage=0.04


Tree=143
num_leaves=6
num_cat=0
split_feature=22 22 44 13 22
split_gain=1.99422 3.8956 2.57122 6.62411 4.11492
threshold=-0.89059636661528685 -0.78396207034587873 0.018843704653345311 -0.00032773637693889998 -0.33650508775917609
decision_type=2 2 2 2 2
left_child=-1 -2 4 -4 -3
right_child=1 2 3 -5 -6
leaf_value=0.025952311559066198 -0.034265211477383352 0.014164565264216604 -0.047494562661020229 -0.0026963887613560018 -0.00011114063635541169
leaf_weight=4.698295682668685 5.3197687417268744 35.751241778023541 6.1442955322563639 37.592706037685275 335.26066528633237
leaf_count=26 26 363 36 221 2565
internal_value=3.67335e-05 -0.000253122 0.000183134 -0.00898976 0.00126449
internal_weight=424.767 420.069 414.749 43.737 371.012
internal_count=3237 3211 3185 257 2928
is_linear=0
shrinkage=0.04


Tree=144
num_leaves=13
num_cat=0
split_feature=13 10 32 1 47 44 3 42 22 23 23 51
split_gain=1.98369 4.44265 6.68808 3.76995 3.46635 3.21474 6.10973 10.6865 9.28491 3.45931 3.57292 0.25881
threshold=0.00036339084057585008 0.00020572500945125003 0.26907361460584084 0.23277536706154933 -0.32710809611898478 0.018843704653345311 0.0010929444966911001 0.00013843093035674153 -0.07162453371550899 -1.0437696246899011 0.24383866730020107 0.10184839044762539
decision_type=2 2 2 2 2 2 2 2 2 2 2 2
left_child=5 3 -3 11 -5 9 7 -7 -8 -1 -11 -2
right_child=1 2 -4 4 -6 6 8 -9 -10 10 -12 -13
leaf_value=-0.051702499203065362 0.043462214018884095 0.030547721801708377 -0.041891755863881448 0.048519319916960589 -0.013025462608090588 0.0088596209745130956 0.042263792623396162 -0.045298596549514861 -0.01849642255128128 0.0026259577986803861 -0.0083007474011941636 0.060761665640301804
leaf_weight=2.0108751617372027 2.8233990613371152 3.608993658795951 4.6884397212415934 2.1825529159978032 4.4489197880029678 9.6318945735692996 7.0623853448778418 14.766520204022525 9.3534013554453832 304.43001930601895 56.817457049153745 2.71351058781147
leaf_count=11 26 31 36 28 33 46 44 89 50 2396 433 14
internal_value=3.55956e-05 0.0121849 -0.010384 0.0275744 0.00723018 -0.000579755 -0.0112238 -0.0239183 0.00764378 0.000616161 0.000907392 0.0519403
internal_weight=424.538 20.4658 8.29743 12.1684 6.63147 404.073 40.8142 24.3984 16.4158 363.258 361.247 5.53691
internal_count=3237 168 67 101 61 3069 229 135 94 2840 2829 40
is_linear=0
shrinkage=0.04


Tree=145
num_leaves=14
num_cat=0
split_feature=29 31 43 44 29 13 13 55 24 43 58 31 3
split_gain=1.96207 3.9828 5.60586 4.53069 4.76141 2.4484 6.73069 4.22808 3.61659 3.5767 4.70635 4.11933 2.31424
threshold=0.07407144971548095 -0.50947678549373732 0.20653672437774415 0.018842591828668227 0.018153973854333316 0.0002596166892985501 0.00022689826592190004 0.4295734085856478 0.024999999999958254 0.48539068146924358 -0.302383366939247 -0.78882055718804112 0.00063837999280820013
decision_type=2 2 2 2 2 2 2 2 2 2 2 2 2
left_child=1 2 -1 12 -5 6 7 -2 -8 11 -11 -7 -3
right_child=5 3 -4 4 -6 9 8 -9 -10 10 -12 -13 -14
leaf_value=-0.046821047556435388 -0.0002951314526040292 0.011663667162885735 0.019810985116433009 -0.021110525182583672 0.022389991183603263 0.04119331279678777 -0.062503776185929297 -0.038303433696367274 -0.016337312652239797 -0.046952694119170045 0.0055992820953036336 0.0070476070268462969 0.044566501501389758
leaf_weight=4.3997089862823469 325.64588274527341 5.6348054837435511 3.7353770863264799 8.0221592206507939 8.0817922055721265 7.7779858242720392 3.899965424090623 4.7511273818090549 8.9353444781154376 3.7082810420542947 10.30009927973151 20.690530768595636 8.7028035875409824
leaf_count=28 2468 44 27 61 58 62 25 33 71 23 77 183 77
internal_value=3.5641e-05 0.00863677 -0.0162257 0.0152809 0.000720274 -0.0008246 -0.00194572 -0.000841693 -0.0303648 0.00823457 -0.00831221 0.0163767 0.0316354
internal_weight=424.286 38.5766 8.13509 30.4416 16.104 385.709 343.232 330.397 12.8353 42.4769 14.0084 28.4685 14.3376
internal_count=3237 295 55 240 119 2942 2597 2501 96 345 100 245 121
is_linear=0
shrinkage=0.04


Tree=146
num_leaves=6
num_cat=0
split_feature=61 13 22 22 55
split_gain=2.02822 3.35837 2.99662 3.13467 0.716106
threshold=0.65845938424860007 -0.00055895919658294994 -0.89059636661528685 -0.56921067846672058 0.41670241570455863
decision_type=2 2 2 2 2
left_child=1 -1 -3 -4 -2
right_child=4 2 3 -5 -6
leaf_value=-0.037571449716377117 0.045839346636445517 0.033582848530962009 -0.019652062263906294 0.00042106286014202839 0.004872860817903237
leaf_weight=3.8128350265324107 2.0703022852540012 4.2433676719665518 12.847195796668528 400.08728718291968 1.0186227820813654
leaf_count=21 29 24 77 3067 19
internal_value=3.56149e-05 -0.000201338 0.00014021 -0.000203451 0.03233
internal_weight=424.08 420.991 417.178 412.934 3.08893
internal_count=3237 3189 3168 3144 48
is_linear=0
shrinkage=0.04


Tree=147
num_leaves=5
num_cat=0
split_feature=41 29 41 46
split_gain=1.97874 2.97319 2.45183 2.35927
threshold=4.502407586972624e-05 8.3499053420745426 4.1281202746349765e-05 0.1448491594343532
decision_type=2 2 2 2
left_child=1 2 3 -1
right_child=-2 -3 -4 -5
leaf_value=0.0019174510403205005 0.025065285165085029 0.037448411257181451 -0.03436397694420925 -0.0044421301372276761
leaf_weight=269.41741438023746 4.9935979321598998 3.3183614443987599 3.4058683561161152 142.80694599449635
leaf_count=2358 36 35 24 784
internal_value=3.44901e-05 -0.000263861 -0.000564953 -0.0002857
internal_weight=423.942 418.949 415.63 412.224
internal_count=3237 3201 3166 3142
is_linear=0
shrinkage=0.04


Tree=148
num_leaves=8
num_cat=0
split_feature=38 61 52 41 42 61 43
split_gain=1.98106 2.07939 4.92978 4.76937 4.35895 4.03367 4.00999
threshold=-0.10963921558887933 0.55148480480136908 -0.65203217078374698 -3.6153135622936829e-05 0.00017550526039756173 0.4763330308672567 0.7404801330505526
decision_type=2 2 2 2 2 2 2
left_child=-1 2 -2 6 -5 -4 -3
right_child=1 3 5 4 -6 -7 -8
leaf_value=-0.027017457960294734 -0.071332816329382848 -0.057827205210170901 0.0028166402556757055 0.016185327524354441 -0.036573034740586513 -0.0058694734333024062 -0.0010401979027337112
leaf_weight=4.287855587899684 1.5775511115789402 2.855803966522215 226.10920393560082 42.176907975226641 2.6638977862894526 137.59323993325233 6.5595338214188814
leaf_count=26 8 20 2114 338 30 649 52
internal_value=3.33727e-05 0.000309845 -0.000775467 0.00761672 0.0130511 -0.000469427 -0.0182645
internal_weight=423.824 419.536 365.28 54.2561 44.8408 363.702 9.41534
internal_count=3237 3211 2771 440 368 2763 72
is_linear=0
shrinkage=0.04


Tree=149
num_leaves=10
num_cat=0
split_feature=8 45 21 50 51 23 3 27 61
split_gain=1.97895 6.26077 3.815 3.73879 3.61145 5.3101 3.63578 3.19125 2.81871
threshold=-0.00076190887456384989 0.48980570269165208 -0.00070200172301129987 0.17192111940281371 0.12437109545172474 -0.11936714105586764 0.0017851915680283503 -3.4833013144811016 0.38743650530892787
decision_type=2 2 2 2 2 2 2 2 2
left_child=1 2 -1 4 6 -6 -2 -3 -9
right_child=3 7 -4 -5 5 -7 -8 8 -10
leaf_value=-0.059907957509961814 0.00086957485841818248 -0.010269068395989711 0.0051210649979795062 -0.044068571321188479 -0.045081526464909462 0.010066540383136613 -0.031353196623194399 0.0032469818480239726 0.045630767336874732
leaf_weight=2.5831639468669891 381.35058938805014 3.2885324908420452 3.2715481715276864 3.1416746936738482 6.7699652761220932 4.7562143281102163 5.6861647740006438 3.4622227689251277 9.1335824886336905
leaf_count=17 2919 24 27 18 32 27 46 50 77
internal_value=3.26095e-05 0.0117873 -0.0235705 -0.000603522 -0.000260908 -0.022325 0.000396173 0.0248197 0.0339807
internal_weight=423.444 21.739 5.85471 401.705 398.563 11.5262 387.037 15.8843 12.5958
internal_count=3237 195 44 3042 3024 59 2965 151 127
is_linear=0
shrinkage=0.04


Tree=150
num_leaves=11
num_cat=0
split_feature=61 10 41 14 21 19 3 56 19 10
split_gain=1.95421 3.53179 2.31225 8.15005 3.36406 2.23817 4.04136 0.934743 0.577132 0.010065
threshold=0.59863169172972286 -0.00038205647656619994 1.1599159234609859e-05 -0.00019852286258094997 0.00013864103836400002 -0.79124646000314247 0.0011043734181832002 0.044254727348731412 -3.1068945039925757 -0.00018423450512719997
decision_type=2 2 2 2 2 2 2 2 2 2
left_child=1 -1 4 -4 -3 8 7 -7 -2 -10
right_child=5 2 3 -5 -6 6 -8 -9 9 -11
leaf_value=-0.055268029131089351 0.0064833543253938258 0.00027465447882024733 -0.019353062498984386 0.010675185115488418 -0.010089023737702093 0.04193246091566704 -0.055200100682312785 -0.013150945650841673 0.04708927332351346 0.042523978426389969
leaf_weight=1.8661231491714705 0.8003722559660672 252.23721015732735 17.645560035482049 80.150746550410986 62.538612420670688 1.8851564247161134 1.4999092072248457 0.66742599476128806 1.0585684925317767 2.8609133865684271
leaf_count=10 8 1854 104 645 444 52 18 16 11 75
internal_value=3.18673e-05 -0.000363586 -0.000115245 0.00525714 -0.00178437 0.0187146 -0.00309024 0.0275298 0.0374363 0.043757
internal_weight=423.211 414.438 412.572 97.7963 314.776 8.77235 4.05249 2.55258 4.71985 3.91948
internal_count=3237 3057 3047 749 2298 180 86 68 94 86
is_linear=0
shrinkage=0.04


Tree=151
num_leaves=11
num_cat=0
split_feature=23 42 16 41 9 42 52 59 48 9
split_gain=1.94315 4.75208 5.33037 6.86974 4.90321 3.36282 3.10977 4.42702 7.92239 6.28866
threshold=-0.71244084952920927 0.00014078750342133759 1.0000000180025095e-35 -2.2061707212165749e-05 0.00019803330061497193 0.00012554149450571631 0.80152679354025835 -0.75141934653418663 0.67547155286835914 0.00018708249373117358
decision_type=2 2 2 2 2 2 2 2 2 2
left_child=1 2 3 -1 -3 -4 7 9 -9 -2
right_child=6 4 5 -5 -6 -7 -8 8 -10 -11
leaf_value=0.014637324587275142 0.021932263338035593 -0.014433568685611645 -0.007477188751062183 -0.031181805627850698 0.054498704748157566 0.035772169903328627 0.036236653394195434 0.00094923492914221702 0.062289794447896264 -0.036404730775383344
leaf_weight=6.6986430156975976 4.0505257099866858 2.9687342699617139 6.9582553002983314 23.971579767763618 3.7197146881371737 4.9036353267729282 3.9682934544980517 351.36476655397564 3.4014555364847174 10.947259858250616
leaf_count=45 25 29 52 182 34 35 32 2724 20 59
internal_value=3.1529e-05 -0.0074394 -0.0123681 -0.0211745 0.0239024 0.0104018 0.00101545 0.000637457 0.00153736 -0.0206494
internal_weight=422.953 49.2206 42.5321 30.6702 6.68845 11.8619 373.732 369.764 354.766 14.9978
internal_count=3237 377 314 227 63 87 2860 2828 2744 84
is_linear=0
shrinkage=0.04


Tree=152
num_leaves=6
num_cat=0
split_feature=61 13 22 22 22
split_gain=1.84953 3.0516 2.80604 2.83994 0.547174
threshold=0.65845938424860007 -0.00055895919658294994 -0.89059636661528685 -0.56921067846672058 -0.0095337795157209478
decision_type=2 2 2 2 2
left_child=1 -1 -3 -4 -2
right_child=4 2 3 -5 -6
leaf_value=-0.035985748142960364 0.045287740390274077 0.032717346912826052 -0.018675275251029209 0.00040014770003843353 0.010017619430339082
leaf_weight=3.7763812802731982 1.8060480710119011 4.1863702461123458 12.891173128969966 398.95600677747279 1.1531076543033112
leaf_count=21 28 24 77 3067 20
internal_value=3.14814e-05 -0.000190643 0.000134273 -0.00019693 0.0315439
internal_weight=422.769 419.81 416.034 411.847 2.95916
internal_count=3237 3189 3168 3144 48
is_linear=0
shrinkage=0.04


Tree=153
num_leaves=8
num_cat=0
split_feature=3 3 22 13 51 10 22
split_gain=1.88539 3.38503 3.26528 5.18032 4.38082 2.93074 0.0199653
threshold=0.00034451234867650005 0.00043290632554935006 -0.21231412035135813 9.882234406229509e-05 0.12203647115701322 0.00011899312360845 0.22119308249673589
decision_type=2 2 2 2 2 2 2
left_child=-1 5 3 -3 -4 6 -2
right_child=1 2 4 -5 -6 -7 -8
leaf_value=-0.027111253376242473 0.045269490252887908 0.013761641614603462 -0.00081652181231899295 -0.0079068207629598031 -0.021151174968402516 -0.012838245686700346 0.050734992551634814
leaf_weight=4.0556233543902627 2.3433191487565628 56.492708237841725 312.35901035740972 25.676640651188791 17.923969946801662 1.8141938727349041 1.9670711588114498
leaf_count=26 32 493 2334 228 91 14 19
internal_value=3.04921e-05 0.000293471 -0.000144863 0.00699058 -0.00192005 0.0298125 0.0477637
internal_weight=422.633 418.577 412.452 82.1693 330.283 6.12458 4.31039
internal_count=3237 3211 3146 721 2425 65 51
is_linear=0
shrinkage=0.04


Tree=154
num_leaves=14
num_cat=0
split_feature=29 22 31 12 12 42 42 1 39 42 29 32 1
split_gain=1.86047 4.18833 6.58314 5.3787 5.04842 4.68201 2.48671 6.61234 5.47796 4.4127 4.23298 3.69859 0.994146
threshold=0.07407144971548095 -0.030925436008829948 -0.50947678549373732 7.0670510870753415e-05 0.00010413263874390002 0.00014506415196172568 0.0001077035048194411 -1.5022902107284606 0.15504409929953208 0.00011323047979065565 1.628411504700497 1.582860042639594 0.091248923345119665
decision_type=2 2 2 2 2 2 2 2 2 2 2 2 2
left_child=1 2 -1 5 -4 -3 7 -2 -9 10 -8 -11 -5
right_child=6 3 4 12 -6 -7 9 8 -10 11 -12 -13 -14
leaf_value=-0.046950201668863378 -0.11324578960242489 -0.0097958629627914566 0.021923565675155753 0.06321346031810296 -0.034500652822257345 0.042724644822711148 -0.04063729447715482 -0.034762660264706292 0.028772501806355745 -0.00087327375836617101 -0.0058888058139040782 0.030937797878641919 0.032627576699893857
leaf_weight=4.5637543257325914 0.62883786298334854 9.0382799841463584 10.590250232256947 3.8572194427251807 3.3364706318825474 3.8823173251003018 8.5132199823856372 2.5705135632306364 13.978903216309844 336.0451487977989 16.442849189043045 5.9514614902436724 3.0406812243163586
leaf_count=26 6 69 94 27 22 32 47 19 133 2562 125 50 25
internal_value=3.00331e-05 0.00843582 -0.00525695 0.021211 0.00840583 0.00598524 -0.000808267 0.0140664 0.018904 -0.0015046 -0.0177425 -0.000319694 0.0497308
internal_weight=422.44 38.309 18.4905 19.8185 13.9267 12.9206 384.131 17.1783 16.5494 366.953 24.9561 341.997 6.8979
internal_count=3237 295 142 153 116 101 2942 158 152 2784 172 2612 52
is_linear=0
shrinkage=0.04


Tree=155
num_leaves=10
num_cat=0
split_feature=20 42 3 1 23 0 3 15 42
split_gain=1.83954 9.37337 16.8969 4.44318 4.63242 3.42329 3.34949 5.73583 4.35629
threshold=0.0025833568638242003 0.0001298336273970743 0.00049465068251645006 0.64278112688953126 0.81715153402207619 14.574154159009597 0.00054372704074505016 2.5515368310860182e-05 0.00011778503078746227
decision_type=2 2 2 2 2 2 2 2 2
left_child=1 3 -3 4 -1 -2 7 -7 -8
right_child=5 2 -4 -5 -6 6 8 -9 -10
leaf_value=0.013558242253337766 0.04694561642411646 -0.14139222736626272 0.00089375031185592846 -0.036205561485329253 -0.046686032493714773 0.00020409597197254943 -0.011978214409425012 0.037499406434880041 0.0011458058847251362
leaf_weight=20.713347627781339 2.5551332756876937 2.2367586679756633 3.3136953115463257 4.4123522741720071 2.2655600998550645 18.279991564340893 46.506949915550649 10.324390358291565 311.60246129333973
leaf_count=201 33 13 37 33 15 149 327 113 2316
internal_value=3.03725e-05 -0.00904579 -0.0564456 0.000559116 0.00761858 0.000798439 0.000493531 0.0136654 -0.000558584
internal_weight=422.211 32.9417 5.55045 27.3913 22.9789 389.269 386.714 28.6044 358.109
internal_count=3237 299 50 249 216 2938 2905 262 2643
is_linear=0
shrinkage=0.04


Tree=156
num_leaves=7
num_cat=0
split_feature=50 56 46 3 3 38
split_gain=1.81765 4.53293 4.03555 2.66169 6.49299 5.71988
threshold=-0.21303217501454541 -0.29390096087145745 0.15655905192596251 0.0017851915680283503 0.0014716806151014502 1.0219028713293261
decision_type=2 2 2 2 2 2
left_child=2 -2 -1 4 -3 -5
right_child=1 3 -4 5 -6 -7
leaf_value=0.045150086719048257 -0.052293264917459066 -0.00051250316343193095 -0.013603911550189911 -0.060086373777896357 0.02561152937205451 0.0027963349605648695
leaf_weight=4.2707064375281325 2.668143890798091 385.86846931139007 3.3280542194843292 3.6710269674658758 15.847627161070703 6.2629939317703247
leaf_count=31 13 2921 21 25 166 60
internal_value=3.10017e-05 -0.000324553 0.0194174 1.22869e-05 0.000518085 -0.0204414
internal_weight=421.917 414.318 7.59876 411.65 401.716 9.93402
internal_count=3237 3185 52 3172 3087 85
is_linear=0
shrinkage=0.04


Tree=157
num_leaves=10
num_cat=0
split_feature=15 8 14 8 41 59 0 8 13
split_gain=1.81484 6.12637 5.75278 4.28853 7.12808 4.9791 3.62828 3.31879 1.1498
threshold=-0.00047315954768874994 2.6732781596852243e-05 -0.00052454593346304998 -0.00038211658456429996 -1.0530208743346018e-05 0.24298319678918012 23.615863687310675 -0.00081508523411859995 -0.00037338653074764995
decision_type=2 2 2 2 2 2 2 2 2
left_child=1 3 8 4 -1 -5 -4 -8 -2
right_child=2 -3 6 5 -6 -7 7 -9 -10
leaf_value=-0.0043472203742190617 0.054675400180438045 -0.066876874507234813 0.043255957549621804 0.024311349322218855 -0.053382571462021147 -0.025095160713807043 0.034784136614452052 -0.00042436062424293809 0.022700234266466172
leaf_weight=37.778194714803249 3.0872674211859703 2.5542919747531405 3.1328352196142069 13.859038752503695 5.4242691677063695 4.2689278856851152 4.3377281334251157 342.98249185271561 4.3132458291947833
leaf_count=293 18 15 31 99 34 40 39 2645 23
internal_value=3.02244e-05 -0.00618007 0.0011389 -0.00365217 -0.0105038 0.0126767 0.000401907 1.5363e-05 0.0360393
internal_weight=421.738 63.8847 357.854 61.3304 43.2025 18.128 350.453 347.32 7.40051
internal_count=3237 481 2756 466 327 139 2715 2684 41
is_linear=0
shrinkage=0.04


Tree=158
num_leaves=15
num_cat=0
split_feature=41 14 3 30 44 44 22 51 21 9 10 14 8 14
split_gain=1.80049 9.12866 7.77135 7.40719 7.30341 5.80554 5.40657 3.73403 2.89022 5.42161 5.58678 5.29597 6.75623 5.79248
threshold=1.1599159234609859e-05 -0.00019852286258094997 0.00089160145088195005 1.5564109659244976 0.018843091986006113 0.018842261894408487 -0.047776350969930444 0.022280936895371039 0.00013864103836400002 0.00020713590815670227 -0.00011635501708109998 0.00028381066845945007 -0.00028061658500614994 6.1189504177444748e-05
decision_type=2 2 2 2 2 2 2 2 2 2 2 2 2 2
left_child=8 2 7 4 -3 -5 -4 -2 11 10 -10 13 -13 -1
right_child=1 3 6 5 -6 -7 -8 -9 9 -11 -12 12 -14 -15
leaf_value=0.0020574275206727958 -0.015245145879760119 0.027292668242050046 -0.06718805739778011 -0.071467763696311817 -0.00241498719656926 -0.002800056196245002 -0.011481354864901171 0.03735426302429988 -0.057473234770177628 -0.033822262057885147 -0.00032656907516968024 -0.027681252484177618 0.041121355325642706 -0.013778605918557301
leaf_weight=199.80814708350226 4.7161868400871771 40.917987134307623 6.0533049507066607 2.2163200769573477 19.574842123314738 17.722237600944936 5.1670165285468084 3.9832246340811253 2.9004399813711634 11.590476144105194 48.620736473239958 2.9609272815287104 9.9822066556662303 45.343291794881225
leaf_count=1528 37 385 31 14 133 141 31 26 17 79 359 21 73 362
internal_value=2.98369e-05 0.00470674 -0.0195355 0.0107106 0.0176796 -0.010433 -0.0415348 0.0088387 -0.00143132 -0.00910437 -0.0035437 0.000444965 0.0253818 -0.00087161
internal_weight=421.557 100.351 19.9197 80.4314 60.4928 19.9386 11.2203 8.69941 321.206 63.1117 51.5212 258.095 12.9431 245.151
internal_count=3237 798 125 673 518 155 62 63 2439 455 376 1984 94 1890
is_linear=0
shrinkage=0.04


Tree=159
num_leaves=11
num_cat=0
split_feature=61 12 22 31 20 19 56 33 6 48
split_gain=1.81379 3.18071 2.33019 5.53917 4.78732 2.08847 3.70735 0.5339 0.00843285 0.000284558
threshold=0.59863169172972286 -0.00038205647656619994 0.057390702473625557 -1.5009476980966368 0.0025851578653305007 -0.79124646000314247 0.022322295157674251 -8.4223352587166556 -0.00031528550067029998 -0.26209973266345304
decision_type=2 2 2 2 2 2 2 2 2 2
left_child=1 -1 4 -4 -3 7 9 -2 -9 -7
right_child=5 2 3 -5 -6 6 -8 8 -10 -11
leaf_value=-0.052575832894025301 0.0080090143600484616 0.0056970079641070126 -0.022616433362359536 -0.00094269134812364444 -0.0074452720438292729 0.042605666506934002 -0.035551538965883228 0.045886474192478148 0.041962596634785194 0.041570365272009135
leaf_weight=1.857251064851879 0.83160663954913605 179.51506820786744 21.565077604725957 150.78189899865538 58.897860559634864 0.78586718812584855 2.323282927274704 1.4371178960427644 2.2456955211237073 0.92445580940693439
leaf_count=10 10 1448 146 1069 384 17 39 17 67 30
internal_value=3.0467e-05 -0.000347354 -0.000111203 -0.00365464 0.00245032 0.0182681 -0.00264873 0.0369571 0.0434938 0.0420461
internal_weight=421.165 412.617 410.76 172.347 238.413 8.54803 4.03361 4.51442 3.68281 1.71032
internal_count=3237 3057 3047 1215 1832 180 86 94 84 47
is_linear=0
shrinkage=0.04


Tree=160
num_leaves=9
num_cat=0
split_feature=38 20 42 3 3 3 38 0
split_gain=1.79419 1.84665 8.47878 13.4352 5.18593 3.33586 4.73316 3.33529
threshold=-0.10963921558887933 0.0025833425683515006 0.00012498383038975788 0.00049465068251645006 0.0010538733364778502 0.00051972874890875013 0.41996835175997488 14.574154159009597
decision_type=2 2 2 2 2 2 2 2
left_child=-1 2 4 -4 -2 6 -3 -7
right_child=1 5 3 -5 -6 7 -8 -9
leaf_value=-0.025720802839633398 0.011197982380553926 0.0028936805981308799 -0.11549453907452766 -0.0067037311500646761 -0.040190380620621212 0.046598076749094636 0.043443260555247207 -0.0001394968749182267
leaf_weight=4.2850997634232035 19.859352590516217 13.453533052466812 2.7862672954797727 5.2171234264969826 3.7326408522203556 2.4595832400955251 7.0032387115061274 362.09894120041281
leaf_count=26 182 117 16 57 30 33 80 2696
internal_value=3.00628e-05 0.000294926 -0.00900145 -0.0445777 0.0030675 0.00105781 0.0167756 0.00017583
internal_weight=420.896 416.611 31.5954 8.00339 23.592 385.015 20.4568 364.559
internal_count=3237 3211 285 73 212 2926 197 2729
is_linear=0
shrinkage=0.04


Tree=161
num_leaves=14
num_cat=0
split_feature=29 22 9 10 10 42 42 39 22 42 38 32 25
split_gain=1.82222 3.83142 6.0403 7.54821 5.14377 4.34576 2.35642 4.87637 4.20956 4.04431 4.92687 3.4904 0.715045
threshold=0.07407144971548095 -0.030925436008829948 0.00020870615102548318 0.00011899312360845 7.0670510870753415e-05 0.00014506415196172568 0.0001077035048194411 -0.045211712201243585 -0.35863113280557107 0.00011323047979065565 0.10881496549900486 1.582860042639594 0.50000000000000011
decision_type=2 2 2 2 2 2 2 2 2 2 2 2 2
left_child=1 2 3 -1 5 -3 7 -2 -9 10 -8 -11 -6
right_child=6 4 -4 -5 12 -7 9 8 -10 11 -12 -13 -14
leaf_value=0.026054322323591863 -0.11633924898558443 -0.0092489441209224772 -0.0446437813877597 -0.040671228193302315 0.036487266682936927 0.041860014322492624 -0.054752823936482051 -0.034346523383122933 0.025264856597106432 -0.00087173397499858 -0.008646196445969298 0.030283612061194638 0.062566065454903633
leaf_weight=10.253743923269214 0.44845324754715221 9.0171602256596106 4.5571769736707202 3.6882712077349415 3.5007782299071541 3.7768311705440274 4.5313801784068373 2.1856873985379979 14.270567173138257 334.94366319524124 20.412951157428324 5.8540317341685286 3.2382548060268164
leaf_count=90 3 69 29 23 29 32 21 28 127 2562 151 50 23
internal_value=3.02736e-05 0.00838068 -0.00466516 0.0084025 0.020736 0.0058386 -0.000799694 0.0138009 0.0173474 -0.00147454 -0.0170219 -0.000336565 0.0490187
internal_weight=420.679 38.0322 18.4992 13.942 19.533 12.794 382.647 16.9047 16.4563 365.742 24.9443 340.798 6.73903
internal_count=3237 295 142 113 153 101 2942 158 155 2784 172 2612 52
is_linear=0
shrinkage=0.04


Tree=162
num_leaves=9
num_cat=0
split_feature=22 55 61 44 55 31 45 51
split_gain=1.79163 2.03662 5.34292 7.44535 5.09507 4.56087 7.24923 3.91363
threshold=-0.9573742511423583 -0.37965268443833283 0.42823183944488769 0.018843144026252669 -0.36799568767306151 -1.7015132839938869 0.78129985608174979 0.08983828911158985
decision_type=2 2 2 2 2 2 2 2
left_child=-1 5 3 -3 -4 7 -7 -2
right_child=1 2 4 -5 -6 6 -8 -9
leaf_value=0.037132707892806927 -0.0063781885041513811 0.021134876955928965 0.033921412369699852 -0.004025883782624232 -0.0025280478974124923 -0.0026663018639249119 -0.033305114577723567 0.054168975800807831
leaf_weight=2.072154849767684 3.1284415740519753 44.999405817128718 6.3082800656557074 32.341507999226451 224.7350170025602 88.727483246475458 14.354664936661718 3.7622251436114311
leaf_count=13 22 874 37 250 1439 504 73 25
internal_value=3.05103e-05 -0.00015326 0.00151337 0.0106134 -0.00153285 -0.00482679 -0.0069329 0.0266799
internal_weight=420.429 418.357 308.384 77.3409 231.043 109.973 103.082 6.89067
internal_count=3237 3224 2600 1124 1476 624 577 47
is_linear=0
shrinkage=0.04


Tree=163
num_leaves=9
num_cat=0
split_feature=41 1 7 51 0 1 20 60
split_gain=1.76527 3.07442 4.29857 8.4258 4.41198 3.15912 3.33441 2.26867
threshold=4.502407586972624e-05 1.1733276415866387 0.00027753155434305006 0.10184839044762539 73.223116124889444 1.4026989767639864 0.0025836481322076004 -0.80733460696657311
decision_type=2 2 2 2 2 2 2 2
left_child=1 2 4 -4 -1 6 -3 -7
right_child=-2 5 3 -5 -6 7 -8 -9
leaf_value=-0.0011908932159840197 0.023966645404598436 -0.070648697577928243 0.025927876499075284 -0.018970398306630745 0.05092438642876676 -0.022059945992341068 -0.017813064094942186 0.027696033032223705
leaf_weight=361.19723919359967 4.872603451833128 2.4661138281226185 25.174571042880416 9.1068638414144498 2.6179382149130097 2.561458133161068 8.4918618779629451 3.4291204810142508
leaf_count=2742 36 15 259 47 25 19 64 30
internal_value=3.06856e-05 -0.000250321 0.000460019 0.0140006 -0.000815883 -0.0169352 -0.0297038 0.00642132
internal_weight=419.918 415.045 398.097 34.2814 363.815 16.9486 10.958 5.99058
internal_count=3237 3201 3073 306 2767 128 79 49
is_linear=0
shrinkage=0.04


Tree=164
num_leaves=12
num_cat=0
split_feature=23 2 20 29 22 23 21 3 23 42 7
split_gain=1.73526 4.72571 4.58811 5.0562 3.18792 2.86172 6.10677 6.35367 3.4786 8.15947 3.52666
threshold=-0.71244084952920927 -0.038114949714363945 0.0025849057872489507 0.65930055144429012 0.16806014759121077 -0.64242112587585531 0.00040297554760245006 0.00078251261764495002 -0.58654397734290586 0.00014691387737247714 0.00027753155434305006
decision_type=2 2 2 2 2 2 2 2 2 2 2
left_child=1 -1 3 -3 -4 6 7 -2 9 -7 -10
right_child=5 2 4 -5 -6 8 -8 -9 10 -11 -12
leaf_value=0.045660549653404249 0.0011615563353868025 -0.035781257951059575 -0.0060778091478402956 -0.0052656455528766648 0.052120524699148192 -0.0036881956802194398 -0.039556444510731641 0.049509480970076986 -0.00055949850534671398 -0.074633750209113725 0.011854682978843603
leaf_weight=2.578260598704218 9.0565714389085823 12.659906670451162 3.0581955872476092 27.687797817401588 2.9669268280267715 12.794921549037101 2.7703979685902587 8.3667268492281419 292.49703989364207 3.2532690390944472 41.853042072616518
leaf_count=16 72 84 20 229 28 98 18 66 2220 19 367
internal_value=3.01945e-05 -0.00704798 -0.00997849 -0.0148405 0.0225806 0.000965142 0.0156071 0.0243784 0.000121316 -0.0180702 0.000994475
internal_weight=419.543 48.9511 46.3728 40.3477 6.02512 370.592 20.1937 17.4233 350.398 16.0482 334.35
internal_count=3237 377 361 313 48 2860 156 138 2704 117 2587
is_linear=0
shrinkage=0.04


Tree=165
num_leaves=13
num_cat=0
split_feature=61 14 14 45 55 42 7 25 41 38 6 32
split_gain=1.77364 4.08017 5.20381 4.70997 4.21706 3.76662 8.239 3.47684 3.64845 3.3205 3.28157 5.15518
threshold=0.57177059312473599 -0.00052454593346304998 -0.00039522468467139993 0.62728739823193125 0.4254955366874843 0.00014038738703881027 -0.00057144248747579998 0.25000000000000006 -3.379544819116138e-05 0.30404406129489986 -0.00028152460128919992 -1.0140462821972336
decision_type=2 2 2 2 2 2 2 2 2 2 2 2
left_child=1 10 3 -3 -4 6 -2 -7 -9 -8 11 -1
right_child=5 2 4 -5 -6 7 9 8 -10 -11 -12 -13
leaf_value=-0.032395000086369315 -0.057417602743739304 -0.033338327525154629 0.00082667404348256207 -0.0010813505607191155 -0.020463650550751104 -0.04244179350711743 -5.0166154722957144e-05 -0.036287613919659879 0.016643488564163485 0.047690054646762875 0.044805097722997095 0.028929005277663275
leaf_weight=3.5404986776411524 1.7300507039763022 15.00699499435723 330.47265969542786 13.998256391845642 15.58769134338945 3.0528462002985171 3.1084929080680039 2.6557316407561293 9.6708304546773416 9.3206461970694345 5.3953681811690322 5.7642707554623476
leaf_count=21 12 94 2527 82 126 29 39 24 101 107 32 43
internal_value=3.00399e-05 -0.000686137 -0.00149636 -0.0177708 -0.000132312 0.0094801 0.0243666 -0.00422527 0.00523959 0.0357504 0.0199862 0.005595
internal_weight=419.304 389.766 375.066 29.0053 346.06 29.5386 14.1592 15.3794 12.3266 12.4291 14.7001 9.30477
internal_count=3237 2925 2829 176 2653 312 158 154 125 146 96 64
is_linear=0
shrinkage=0.04


Tree=166
num_leaves=13
num_cat=0
split_feature=29 22 0 3 8 22 39 15 31 20 9 23
split_gain=1.72587 3.64001 3.82546 3.71531 2.28432 2.27894 8.32476 8.45219 7.5205 6.0925 6.48784 6.10246
threshold=0.07407144971548095 0.22119308249673589 37.963974316924428 0.00051972874890875013 -8.3410132954473629e-06 0.050660330536341412 0.17464220391512589 -0.00043585639844679995 -1.5009476980966368 0.0025851578653305007 0.00019242637303878066 0.24383866730020107
decision_type=2 2 2 2 2 2 2 2 2 2 2 2
left_child=1 2 -1 -4 -3 9 7 -7 -8 11 -11 -2
right_child=5 4 3 -5 -6 6 8 -9 -10 10 -12 -13
leaf_value=0.040610503357154978 0.0096534718255778234 0.0094209841376301489 -0.052394691517164443 0.0018869429555610443 0.058606742320768554 0.026712916120930248 -0.021155333720266869 -0.03295467343962865 0.004053359608749159 0.034538433113000547 -0.013570957423750966 -0.010419092306881419
leaf_weight=3.7583201872184899 130.04748990945518 2.7469351198524237 2.1897548232227591 25.644112711772323 3.3571521770209065 4.4923348017036941 22.736916080117226 24.594038533046842 113.23960931226611 4.91303408704698 51.476682297885418 29.783714371733367
leaf_count=34 1112 17 16 199 29 29 165 184 838 33 347 234
internal_value=3.01091e-05 0.00819485 0.0027312 -0.00238352 0.0364724 -0.000777112 -0.00431648 -0.0237391 -0.000161838 0.00192484 -0.00937936 0.00591305
internal_weight=418.98 37.6963 31.5922 27.8339 6.10409 381.284 165.063 29.0864 135.977 216.221 56.3897 159.831
internal_count=3237 295 249 215 46 2942 1216 213 1003 1726 380 1346
is_linear=0
shrinkage=0.04


Tree=167
num_leaves=12
num_cat=0
split_feature=18 3 10 22 10 48 3 32 15 45 3
split_gain=1.75251 5.66889 4.8692 5.70728 5.09565 3.78201 6.37035 5.05704 4.45116 3.76904 0.0414624
threshold=1.0000000180025095e-35 0.00046863644547325006 0.00013662659026775003 0.52659895081050834 0.00027270868877025007 0.61101395813042769 0.0008407583939611501 -1.8509541922113772 0.00016066335510905004 0.80016178336568156 0.0006308819653374001
decision_type=2 2 2 2 2 2 2 2 2 2 2
left_child=5 -2 3 -3 -4 7 10 -1 -8 -9 -7
right_child=1 2 4 -5 -6 6 8 9 -10 -11 -12
leaf_value=-0.059076571177997243 0.04844905870872003 -0.010490480872449297 0.022670925975572787 0.03564586973335241 -0.025109477004684397 0.049059856329121743 0.026745506213439543 0.0029726886970955842 -0.032133348040177596 -0.011520310475411548 0.055584719224472695
leaf_weight=2.2438829001039258 3.2421251889318219 102.84669934771955 16.64097244665027 4.4767914973199359 4.5470729395747176 3.3251395151019087 4.2936482429504377 237.61121409386396 3.9390331879258156 32.655811034142971 2.9324338212609291
leaf_count=16 33 663 113 44 28 24 22 1994 23 260 17
internal_value=3.0582e-05 -0.00378861 -0.00510647 -0.00856599 0.012417 0.00178386 0.0216967 0.000725029 -0.00142585 0.00122153 0.0521175
internal_weight=418.755 131.754 128.512 107.323 21.188 287.001 14.4903 272.511 8.23268 270.267 6.25757
internal_count=3237 881 848 707 141 2356 86 2270 45 2254 41
is_linear=0
shrinkage=0.04


Tree=168
num_leaves=9
num_cat=0
split_feature=8 45 8 50 3 27 61 42
split_gain=1.72491 5.52001 3.42287 3.3092 3.06621 2.86276 2.72626 2.5704
threshold=-0.00076190887456384989 0.48980570269165208 -0.0007405069112804499 0.17192111940281371 0.0017851915680283503 -3.4833013144811016 0.38743650530892787 0.00012712732421350567
decision_type=2 2 2 2 2 2 2 2
left_child=1 7 -2 4 -4 -3 -7 -1
right_child=2 5 3 -5 -6 6 -8 -9
leaf_value=-0.049666521567970218 -0.052504133176432599 -0.009711062120356953 0.00045925324411733552 -0.04099120299763178 -0.029338044915350851 0.0020452262390435881 0.044384500684905071 0.0038609383334504929
leaf_weight=2.8052616519853499 2.0195047073066226 3.2409754805266866 386.51676301797852 3.1714331693947306 5.605583367869257 3.370601058006284 8.7507055271416885 2.939403073862195
leaf_count=19 13 24 2965 18 46 50 77 25
internal_value=3.07258e-05 0.0111734 -0.000561222 -0.000295852 3.32861e-05 0.0236824 0.0326111 -0.0222778
internal_weight=418.42 21.1069 397.313 395.294 392.122 15.3623 12.1213 5.74466
internal_count=3237 195 3042 3029 3011 151 127 44
is_linear=0
shrinkage=0.04


Tree=169
num_leaves=8
num_cat=0
split_feature=50 46 59 48 39 47 1
split_gain=1.7266 3.64971 3.27389 5.74549 3.7317 4.26214 3.42152
threshold=-0.21303217501454541 0.15655905192596251 -0.75141934653418663 0.67547155286835914 0.86124980506569271 0.38951077737227863 1.1878428908371463
decision_type=2 2 2 2 2 2 2
left_child=1 -1 4 6 5 -2 -4
right_child=2 -3 3 -5 -6 -7 -8
leaf_value=0.044155923437371236 0.011798455545510941 -0.012261868577013462 0.00073671712393662443 0.04485900160376604 0.016542499135749275 -0.037817949356393953 -0.018013041751750749
leaf_weight=4.1368833370506755 3.6598011925816563 3.2965941168367863 370.58968157088384 4.6121687218546858 4.2874962687492362 11.395041383802889 16.255152322351933
leaf_count=31 19 21 2936 26 28 57 119
internal_value=2.99513e-05 0.0191358 -0.000315772 0.000477989 -0.0163802 -0.0257563 -5.11445e-05
internal_weight=418.233 7.43348 410.799 391.457 19.3423 15.0548 386.845
internal_count=3237 52 3185 3081 104 76 3055
is_linear=0
shrinkage=0.04


Tree=170
num_leaves=11
num_cat=0
split_feature=61 45 19 53 42 41 10 19 6 44
split_gain=1.70211 2.0631 3.25783 3.1654 1.95847 2.15425 2.80961 0.435447 0.00842751 0.00038371
threshold=0.59863169172972286 0.57338372110185853 -0.79124646000314247 -0.061258627164821493 0.00017883279451237321 4.502407586972624e-05 -0.00038205647656619994 -2.519275766125777 -0.00030798199010139993 0.018843428837188012
decision_type=2 2 2 2 2 2 2 2 2 2
left_child=4 2 7 -4 5 6 -1 -2 -3 -10
right_child=1 8 3 -5 -6 -7 -8 -9 9 -11
leaf_value=-0.049735766376650482 0.0085937575035939483 0.046368087750947334 -0.079313674129214778 0.012135338232816524 -0.03093812904910764 0.027187658277847936 -0.00016955737247645005 0.043166344483796401 0.041450834415255954 0.042571925918470283
leaf_weight=1.8381693325936783 0.84876543842256102 0.88855794118717346 1.1574786994606259 1.2701821131631712 3.3187981676310292 4.5816980525851241 399.90399430226535 1.8608560962602494 1.6249907268211248 0.69841917604207981
leaf_count=10 12 11 11 32 18 35 2994 43 57 14
internal_value=2.91404e-05 0.0179084 0.00218611 -0.0314664 -0.000335271 -8.53107e-05 -0.000396347 0.0323368 0.0430549 0.0417878
internal_weight=417.992 8.34925 5.13728 2.42766 409.643 406.324 401.742 2.70962 3.21197 2.32341
internal_count=3237 180 98 43 3057 3039 3004 55 82 71
is_linear=0
shrinkage=0.04


Tree=171
num_leaves=13
num_cat=0
split_feature=20 59 53 49 9 31 22 31 21 22 7 61
split_gain=1.65163 4.57828 7.46486 5.30156 3.48095 9.38701 6.89427 5.04399 4.60192 7.63146 6.06508 1.09039
threshold=0.0025834948173312005 0.44784213533218581 -0.038600898017287229 0.31474472063704856 0.00018978229718744313 -0.50947678549373732 0.28759591214250263 1.6434769303617949 0.00013864103836400002 0.15848192578933376 0.00027753155434305006 0.48498253364511279
decision_type=2 2 2 2 2 2 2 2 2 2 2 2
left_child=1 2 11 -4 5 6 -2 -7 9 -6 -10 -1
right_child=4 -3 3 -5 8 7 -8 -9 10 -11 -12 -13
leaf_value=0.023768596712667116 -0.01138413975055623 -0.049775306649993772 -0.0043103710189727256 -0.050029229365430992 -0.0026328130168188075 0.019595813787787599 0.030733435469281738 -0.01426251189151571 -0.020367002492588108 0.018246458325720295 0.0024667479025671899 0.058669875350938837
leaf_weight=3.3447952074930063 48.737878899089992 3.6872962694615117 33.897428725846112 4.6101143285632125 131.36214141082019 63.795427425764501 7.1278869193047276 7.9130546422675243 41.383330382406712 35.599473763722926 33.825625511817634 2.5048078298568726
leaf_count=71 388 33 288 48 938 520 59 65 273 269 270 15
internal_value=2.86191e-05 -0.00694835 -0.00338825 -0.00978382 0.000935202 0.00628253 -0.00601038 0.0158595 -0.00188174 0.00181905 -0.0100974 0.0387134
internal_weight=417.789 48.0444 44.3571 38.5075 369.745 127.574 55.8658 71.7085 242.171 166.962 75.209 5.8496
internal_count=3237 455 422 336 2782 1032 447 585 1750 1207 543 86
is_linear=0
shrinkage=0.04


Tree=172
num_leaves=9
num_cat=0
split_feature=22 23 0 29 22 56 31 6
split_gain=1.7275 1.99082 12.7085 5.04531 2.69372 3.82667 2.6912 0.861705
threshold=-0.9573742511423583 0.81715153402207619 57.148763443087795 0.23384380260974891 -0.33650508775917609 -0.0083779144425753793 -1.8079577482536637 0.00014586408139730003
decision_type=2 2 2 2 2 2 2 2
left_child=-1 4 3 -3 5 -2 -6 -4
right_child=1 2 7 -5 6 -7 -8 -9
leaf_value=0.036679097215202877 -0.0018391072287906112 0.014251954166546944 0.050992748336911434 -0.045133191205034083 0.016087013719219095 0.023289226818447046 -0.0013410895440605453 0.019876814873643237
leaf_weight=2.0476864278316489 19.780932539142668 2.8763536084443357 3.2586641497910014 11.210361034143714 14.78922013286501 19.019878931809217 342.10770325036719 2.529290035367012
leaf_count=13 164 16 25 58 136 220 2585 20
internal_value=2.94057e-05 -0.000151182 -0.0125045 -0.0330074 0.000469288 0.0104786 -0.000618898 0.0373953
internal_weight=417.62 415.572 19.8747 14.0867 395.698 38.8008 356.897 5.78795
internal_count=3237 3224 119 74 3105 384 2721 45
is_linear=0
shrinkage=0.04


Tree=173
num_leaves=11
num_cat=0
split_feature=15 8 14 6 44 15 8 41 20 13
split_gain=1.6939 5.32686 4.86665 5.81597 7.02451 5.05654 3.89494 6.61814 4.97458 1.05213
threshold=-0.00047315954768874994 2.6732781596852243e-05 -0.00052454593346304998 -0.00024269253767609999 0.018842530383489504 -0.00040465479079904995 -0.00038211658456429996 -1.0530208743346018e-05 0.0025853695208734504 -0.00037338653074764995
decision_type=2 2 2 2 2 2 2 2 2 2
left_child=1 6 9 4 -4 -5 7 -1 -8 -2
right_child=2 -3 3 5 -6 -7 8 -9 -10 -11
leaf_value=-0.0041620613483477021 0.051917989219160403 -0.062647162543998672 0.013077642099694682 0.023748420556267524 -0.065961499454763456 0.00014169201303841021 0.025527137982853238 -0.05142917898484417 -0.021326642136102004 0.02085810948513165
leaf_weight=37.305534524843097 2.9655659422278404 2.5497325249016276 2.9944275785237542 15.197880275547503 4.5068550780415535 324.4516495349817 12.673846858087929 5.4293365515768519 5.0784849487245074 4.2395848594605914
leaf_count=293 18 15 20 113 23 2559 107 34 32 23
internal_value=2.91505e-05 -0.00601247 0.0011039 0.000428572 -0.03441 0.00119799 -0.00362513 -0.0101672 0.0121235 0.033642
internal_weight=417.393 63.0369 354.356 347.151 7.50128 339.65 60.4872 42.7349 17.7523 7.20515
internal_count=3237 481 2756 2715 43 2672 466 327 139 41
is_linear=0
shrinkage=0.04


Tree=174
num_leaves=13
num_cat=0
split_feature=13 14 44 44 3 42 22 23 42 3 43 5
split_gain=1.68371 4.65757 4.58368 2.60703 5.76437 9.2333 8.11836 2.99714 3.01574 2.19472 2.86839 1.80082
threshold=0.00036339084057585008 0.00059189513539640009 0.018842792277535346 0.018843704653345311 0.0010929444966911001 0.00013843093035674153 -0.07162453371550899 -1.0437696246899011 0.00017883279451237321 0.00084279829718595007 0.22328793831809227 1.0000000180025095e-35
decision_type=2 2 2 2 2 2 2 2 2 2 2 2
left_child=3 9 -3 7 5 -5 -6 -1 -9 10 -2 -11
right_child=1 2 -4 4 6 -7 -8 8 -10 11 -12 -13
leaf_value=-0.047824350610358682 0.030930751598626637 -0.064493428442546227 0.0091421229495733791 0.0082750167671739212 0.041464953287887463 -0.042467826243400356 -0.016291202727439429 0.001133854060353424 -0.042584982658165925 0.021298095733631804 -0.024705749037059056 0.059223793865239495
leaf_weight=2.0381338708102694 3.1976452749222544 2.1947041433304539 3.5249568112194538 9.437659680843355 6.8144526388496152 14.634532975032924 9.0858814604580385 352.60285651404411 2.5427164733409873 4.8450134498998505 2.7644340898841619 3.4152439944446087
leaf_count=11 27 16 36 46 44 89 50 2807 22 43 24 22
internal_value=2.8603e-05 0.0113701 -0.0191127 -0.000540877 -0.0102285 -0.0225738 0.00846152 0.000543267 0.000820843 0.0236291 0.00513381 0.0369787
internal_weight=417.098 19.942 5.71966 397.156 39.9725 24.0722 15.9003 357.184 355.146 14.2223 5.96208 8.26026
internal_count=3237 168 52 3069 229 135 94 2840 2829 116 51 65
is_linear=0
shrinkage=0.04


Tree=175
num_leaves=9
num_cat=0
split_feature=61 10 61 46 47 55 10 14
split_gain=1.6638 2.5063 2.09917 5.9883 2.94226 1.9634 2.70698 0.00243347
threshold=0.59863169172972286 -0.00038205647656619994 0.46276980430170828 0.1440830468684037 0.39428173739545819 0.42823695440755066 -0.00018167904467494998 -0.00050937648306629993
decision_type=2 2 2 2 2 2 2 2
left_child=1 -1 3 -3 -4 6 -2 -8
right_child=5 2 4 -5 -6 -7 7 -9
leaf_value=-0.047301939527262638 -0.010035832597921764 0.010600915781977386 -0.0041963891163054523 -0.003330306958513162 0.015364980652143388 -0.034822093898387675 0.043914921370110965 0.041719658761986043
leaf_weight=1.8094324804842461 2.359790425747633 88.114980279468 193.31129909679294 112.26825561374426 13.138964049518107 0.99504708312451828 1.0235047005116937 3.8358574798330647
leaf_count=10 21 1327 1002 654 64 17 16 126
internal_value=2.86388e-05 -0.000329646 -0.000120732 0.0027957 -0.00295146 0.0178527 0.0251131 0.042182
internal_weight=416.857 408.643 406.833 200.383 206.45 8.2142 7.21915 4.85936
internal_count=3237 3057 3047 1981 1066 180 163 142
is_linear=0
shrinkage=0.04


Tree=176
num_leaves=15
num_cat=0
split_feature=41 14 3 47 41 9 22 46 41 45 20 42 22 46
split_gain=1.65519 7.47633 6.28512 5.8821 6.38308 4.63443 4.25577 4.03447 3.15473 6.90732 9.29761 5.26119 4.16578 7.18095
threshold=1.0495538060103136e-05 -0.00019852286258094997 0.00089160145088195005 0.39296012724410528 2.537133822967756e-05 0.00019119637266927909 -0.047776350969930444 0.1654560833967319 3.6031262607316711e-06 0.41227584196684891 0.0025837648527049003 0.00013862176513642111 0.28759591214250263 0.16050315685326788
decision_type=2 2 2 2 2 2 2 2 2 2 2 2 2 2
left_child=8 2 5 4 -3 -2 -4 -5 12 11 -11 -10 -1 -14
right_child=1 3 6 7 -6 -7 -8 -9 9 10 -12 -13 13 -15
leaf_value=-0.0013621387228566503 -0.014222530853163405 0.028239702591060865 -0.059627662665649263 -0.018461251594130933 0.0017206129973306439 0.043061636765810922 -0.010460106573087583 0.016263580818312869 -0.01660653287698443 -0.039250722001646532 0.0065797675544529569 -0.096391112641055127 0.024795164074225166 -0.043001775817471874
leaf_weight=247.29549847124144 6.1912854611873644 33.084328461904079 6.1493930965662003 16.03188614547253 25.883832317776978 3.5584228467196226 5.1973064914345724 8.0370956063270551 2.799546390771865 9.6049138726666552 26.967949417419732 2.5063003245741129 20.214496501721445 2.8523804396390906
leaf_count=1872 45 360 33 89 218 27 33 45 23 75 208 19 177 13
internal_value=2.83138e-05 0.0043954 -0.0168684 0.00979767 0.0165993 0.00668489 -0.0371067 -0.00686596 -0.00142812 -0.0116439 -0.00545642 -0.054294 0.000154288 0.0164116
internal_weight=416.375 104.134 21.0964 83.0371 58.9682 9.74971 11.3467 24.069 312.241 41.8787 36.5729 5.30585 270.362 23.0669
internal_count=3237 850 138 712 578 72 66 134 2387 325 283 42 2062 190
is_linear=0
shrinkage=0.04


Tree=177
num_leaves=12
num_cat=0
split_feature=18 8 49 51 21 23 25 61 61 10 6
split_gain=1.64025 4.45502 4.04616 3.9357 7.27024 9.20895 4.94135 13.6946 8.58084 3.91651 0.541628
threshold=1.0000000180025095e-35 0.0008026966401324002 -0.22651286068063756 0.113340231028445 -0.00013784049596309998 -0.21369608177309321 0.90000000000000013 0.49412721013391542 0.45140324198081688 -0.00022134448259924998 4.8199644646076155e-05
decision_type=2 2 2 2 2 2 2 2 2 2 2
left_child=3 2 -2 6 5 -5 8 -8 -1 -4 -6
right_child=1 -3 9 4 10 -7 7 -9 -10 -11 -12
leaf_value=0.014805704809248945 -0.034523800111771932 0.042259388401477936 -0.02973620277473624 -0.022537552794359369 0.049596103485501732 0.037581468895904024 -0.022242864760493121 0.047132576565880983 -0.0026218097214244351 -0.001198376696844943 0.031901308135244534
leaf_weight=64.111356230918318 6.9583633467555037 3.2925775852054349 8.2604759745299798 11.002255715429785 5.7922313213348371 6.4763797782361534 33.881852733902633 5.2592488862574092 153.28090602112934 112.28975467057899 5.3006425499916077
leaf_count=893 32 30 47 59 43 48 312 35 929 772 37
internal_value=2.91002e-05 -0.00367953 -0.00486579 0.00173056 0.0158129 -0.00026158 0.000162135 -0.0129211 0.00251775 -0.00315388 0.0411408
internal_weight=415.906 130.801 127.509 285.105 28.5715 17.4786 256.533 39.1411 217.392 120.55 11.0929
internal_count=3237 881 851 2356 187 107 2169 347 1822 819 80
is_linear=0
shrinkage=0.04


Tree=178
num_leaves=13
num_cat=0
split_feature=61 14 14 30 42 7 22 6 42 60 57 60
split_gain=1.65544 3.70229 4.47906 4.3734 3.39566 8.86874 3.05725 2.97506 4.58487 2.5427 3.82927 1.38955
threshold=0.57177059312473599 -0.00052454593346304998 -0.00039522468467139993 -1.5769335426862161 0.00013355531227802794 -0.00057144248747579998 -0.33650508775917609 -0.00028152460128919992 0.00014491076588058212 0.51422885570462207 0.31563855193562557 -0.0057963951452298049
decision_type=2 2 2 2 2 2 2 2 2 2 2 2
left_child=1 7 3 -3 5 -2 -4 8 -1 10 -6 -7
right_child=4 2 6 -5 9 11 -8 -9 -10 -11 -12 -13
leaf_value=0.025936904378154064 -0.054551146018037525 0.006268554169846543 0.010237304266706498 -0.027222980491260755 0.012436720355090594 0.0046413484478612646 -0.0015291833421179665 0.043224057126179521 -0.033937599082643696 0.032095823687001132 -0.02696985475676638 0.052104659581230721
leaf_weight=5.9717819122597557 1.7139660865068425 9.1419235691428202 39.99043921334669 19.641403924673796 7.9094641972333211 1.1470335237681855 303.24219552706927 5.2589466907083979 3.1129446569830179 3.1586695928126565 7.8724991949275136 7.0696535296738174
leaf_count=44 11 61 364 115 81 9 2289 32 20 35 88 88
internal_value=3.00116e-05 -0.000660402 -0.00142927 -0.0165857 0.00926923 0.0282143 -0.000158256 0.0192807 0.00542049 -0.000663772 -0.00722042 0.0454789
internal_weight=415.231 386.36 372.016 28.7833 28.8713 9.93065 343.233 14.3437 9.08473 18.9406 15.782 8.21669
internal_count=3237 2925 2829 176 312 108 2653 96 64 204 169 97
is_linear=0
shrinkage=0.04


Tree=179
num_leaves=14
num_cat=0
split_feature=29 0 43 10 9 21 42 61 51 42 22 8 22
split_gain=1.65158 3.44822 7.24356 6.00053 4.46049 2.38148 2.28416 4.23115 5.437 3.4654 5.49782 2.62145 1.81718
threshold=0.07407144971548095 55.64820112011472 0.20653672437774415 -0.00022860957955534998 0.00019620600637461756 0.00010646151582145002 0.0001077035048194411 0.49677845973129459 -0.041525672129941835 0.00011641585775380187 -0.23175729126663322 -0.00083714157003329987 -0.079749964619690625
decision_type=2 2 2 2 2 2 2 2 2 2 2 2 2
left_child=1 3 4 -1 -3 -5 7 8 -2 10 -8 -11 -4
right_child=6 2 12 5 -6 -7 9 -9 -10 11 -12 -13 -14
leaf_value=-0.055927231117904999 -0.061360859873127414 -0.0031048277370673816 0.00077782971784328531 0.016895570791417514 -0.062356177335415888 0.052368382515663614 0.024425492025401476 0.062113651391043086 0.014552050054334938 0.018223458086097159 -0.018038019777825404 -0.00073441236591282027 0.048532601040650374
leaf_weight=1.6709309406578565 1.718759605661037 4.1969433557242137 2.1956759691238403 18.589307580608878 3.9424307625740767 3.6174043137580147 5.6432320307940236 2.46444038581103 12.401772803626953 12.130971993319688 35.995671572163701 307.311339170672 3.0402532033622256
leaf_count=11 28 32 15 154 25 31 59 15 115 124 246 2355 27
internal_value=3.00365e-05 0.00806534 -0.00819469 0.0171736 -0.0318041 0.022674 -0.000762565 0.0137523 0.00531189 -0.00142925 -0.012283 -1.44783e-05 0.0285067
internal_weight=414.919 37.2529 13.3753 23.8776 8.13937 22.2067 377.666 16.585 14.1205 361.081 41.6389 319.442 5.23593
internal_count=3237 295 99 196 57 185 2942 158 143 2784 305 2479 42
is_linear=0
shrinkage=0.04


Tree=180
num_leaves=7
num_cat=0
split_feature=50 56 46 37 23 30
split_gain=1.59285 3.61021 3.37797 1.82997 7.33687 4.81962
threshold=-0.21303217501454541 -0.29390096087145745 0.15655905192596251 -0.60265258275122124 0.38933770002100926 -2.2016270834523817
decision_type=2 2 2 2 2 2
left_child=2 -2 -1 4 -3 -5
right_child=1 3 -4 5 -6 -7
leaf_value=0.043156236552770066 -0.04687127940777315 0.024033790828140146 -0.011560092001610183 -0.054153811539659091 -0.046129193232416002 -0.00019781718836936146
leaf_weight=4.0152946487069121 2.6461571455001822 14.687199548352512 3.2799149304628372 2.6672014463692895 2.846799971535801 384.47610249789432
leaf_count=31 13 145 21 17 23 2987
internal_value=3.01808e-05 -0.000301616 0.0185559 2.89957e-06 0.0126422 -0.000569544
internal_weight=414.619 407.323 7.29521 404.677 17.534 387.143
internal_count=3237 3185 52 3172 168 3004
is_linear=0
shrinkage=0.04


Tree=181
num_leaves=14
num_cat=0
split_feature=61 45 1 22 22 8 22 23 31 31 21 10 20
split_gain=1.62033 1.91707 2.86297 1.9911 1.91076 5.09209 6.88801 6.48386 4.64137 6.78975 5.04482 0.00971933 0.00057031
threshold=0.59863169172972286 0.57338372110185853 0.091248923345119665 -0.19109752889967907 0.057390702473625557 -0.00034742499941569992 0.039316543558271258 0.81715153402207619 -1.5009476980966368 -1.1282096580166145 -0.00019648482561069998 -0.00018423450512719997 0.0025866640269953506
decision_type=2 2 2 2 2 2 2 2 2 2 2 2 2
left_child=4 2 3 -2 5 7 -7 -1 10 -10 -6 -3 -13
right_child=1 11 -4 -5 8 6 -8 -9 9 -11 -12 12 -14
leaf_value=-0.0051291817723209381 -0.024417373147167087 0.046924042857869067 -0.041437094966104183 0.042599058292733909 -0.006106059191333689 0.0038192551898163173 0.043127227682338294 -0.069198916818317788 0.020194851757343354 -0.0044830299195021076 -0.046251637271136778 0.041335928675960476 0.042763665534019564
leaf_weight=59.084680118132383 0.99729252792894829 0.77912713959813151 1.6027849745005367 2.4566320790909217 13.570609761402013 167.06608258280903 7.4507718812674275 2.6401749402284613 20.72923603001982 127.91802509780973 7.9377707224339238 1.6070938576012852 0.62047495506703843
leaf_count=465 14 8 19 65 85 1304 61 12 142 927 61 62 12
internal_value=2.94841e-05 0.0177851 0.0027457 0.0232486 -0.000322808 0.00200492 0.00549746 -0.00786965 -0.00355459 -0.00104164 -0.020922 0.0430786 0.0417336
internal_weight=414.461 8.06341 5.05671 3.45392 406.397 236.242 174.517 61.7249 170.156 148.647 21.5084 3.0067 2.22757
internal_count=3237 180 98 79 3057 1842 1365 477 1215 1069 146 82 74
is_linear=0
shrinkage=0.04


Tree=182
num_leaves=6
num_cat=0
split_feature=27 30 42 15 42
split_gain=1.5859 3.48085 2.15471 3.61766 2.91297
threshold=-4.0463464984314896 -2.2016270834523817 0.00010599063745069837 -2.3260779499482324e-05 0.00011867570329389731
decision_type=2 2 2 2 2
left_child=-1 -2 3 -3 -4
right_child=1 2 4 -5 -6
leaf_value=0.032526965146224808 -0.051032072011117195 0.037874669537964173 -0.0083893409295558077 -0.0064465572621391258 0.0010720417924130077
leaf_weight=2.3888344578444949 2.1407399065792552 6.2369524277746677 61.605593329761177 5.5854215603321773 336.1978642581962
leaf_count=26 13 69 470 45 2614
internal_value=2.95994e-05 -0.000158932 0.000106936 0.0169353 -0.00039319
internal_weight=414.155 411.767 409.626 11.8224 397.803
internal_count=3237 3211 3198 114 3084
is_linear=0
shrinkage=0.04


Tree=183
num_leaves=15
num_cat=0
split_feature=9 6 49 43 13 27 41 49 44 47 20 9 3 14
split_gain=1.5767 3.79251 5.49531 4.55026 6.50019 3.80596 3.29902 2.67788 4.63356 5.28629 3.88349 7.82651 5.12124 2.06807
threshold=0.00017544954546515218 -1.345737294765306e-06 0.39369643664355081 0.23691922599218149 -0.00012635526212214997 3.0861331483230248 -6.6148670757234145e-06 0.36258280801719994 0.018842295245400622 -0.3659967748428366 0.0025834948173312005 0.00017752206596460571 0.00054372704074505016 0.00019245850480695002
decision_type=2 2 2 2 2 2 2 2 2 2 2 2 2 2
left_child=1 3 5 6 -5 -3 -1 10 13 -10 11 -2 -12 -9
right_child=7 2 -4 4 -6 -7 -8 8 9 -11 12 -13 -14 -15
leaf_value=0.050809197629922233 -0.07727065614890638 0.032854868858518495 -0.034023065804355872 0.0069742707293016107 -0.03944044751538487 -0.022877746801044391 0.003894892069025381 0.051401199037978247 -0.0035728180079855989 0.027509640328436363 0.021551791837752372 -0.008926744679637057 -0.0025438494299852127 0.0088603837606332624
leaf_weight=3.3131886813789597 3.1364755108952549 17.271582424640663 2.7346430681645861 10.443503114394845 8.9776905849575979 2.2115250667557111 8.6845269352197665 4.8656317852437487 44.883398617617786 10.87611322570592 14.922015748918055 18.459419963881373 260.29395428206772 2.9291051346808672
leaf_count=30 24 195 31 99 83 26 82 72 369 147 131 139 1780 29
internal_value=2.88281e-05 0.00642727 0.0190757 -0.00251704 -0.0144815 0.0265287 0.0168504 -0.000923512 0.00652812 0.00248994 -0.00251908 -0.0188527 -0.0012374 0.0354152
internal_weight=414.003 53.6367 22.2178 31.4189 19.4212 19.4831 11.9977 360.366 63.5542 55.7595 296.812 21.5959 275.216 7.79474
internal_count=3237 546 252 294 182 221 112 2691 617 516 2074 163 1911 101
is_linear=0
shrinkage=0.04


Tree=184
num_leaves=7
num_cat=0
split_feature=22 22 3 29 22 31
split_gain=1.58756 1.84791 6.37672 5.43037 4.41271 2.13249
threshold=-0.9573742511423583 -0.56921067846672058 0.00095590291391555013 0.6029269563023768 -0.52392418743088232 -1.8079577482536637
decision_type=2 2 2 2 2 2
left_child=-1 2 3 -2 -3 -6
right_child=1 4 -4 -5 5 -7
leaf_value=0.03566913667575547 0.019914148344267454 0.049897653735880898 0.028089536335253143 -0.045556363919655382 0.014172621326388603 -0.00058880850365097587
leaf_weight=1.9902146905660618 2.672661341726779 2.8590933224186292 4.2123138355091205 8.3909520711749774 16.336749753449112 377.15091491909698
leaf_count=13 14 26 32 45 158 2949
internal_value=2.99813e-05 -0.000142336 -0.013794 -0.0297405 0.000383823 2.40539e-05
internal_weight=413.613 411.623 15.2759 11.0636 396.347 393.488
internal_count=3237 3224 91 59 3133 3107
is_linear=0
shrinkage=0.04


Tree=185
num_leaves=12
num_cat=0
split_feature=45 22 14 27 0 20 44 55 10 3 9
split_gain=1.58314 5.22525 5.08757 6.13139 2.43174 1.9345 4.5381 4.09247 4.59318 3.82199 0.573978
threshold=0.33010036098341816 -0.12060762744534724 -0.00024070633687229998 -1.8551257444437268 53.691378843561914 0.0025834948173312005 0.018842156036768167 0.41770565947507116 -0.00017544722862349995 0.00045936822504805006 0.00017906186960624641
decision_type=2 2 2 2 2 2 2 2 2 2 2
left_child=1 4 -3 -4 -1 7 -7 8 -2 -8 -9
right_child=5 2 3 -5 -6 6 9 10 -10 -11 -12
leaf_value=0.049136303001675118 0.024269721822518471 0.014917721565530836 -0.083268779564869777 -0.017524895943801681 -0.0097567419294317479 0.045863171099318985 0.038755547368254678 0.016461492983613119 -0.015289436170604338 0.00065999164580531013 0.051871645432712533
leaf_weight=2.843418940901759 5.3698515631258479 4.2268641591072091 3.2062806934118271 7.7700375523418153 1.8527107033878563 3.6676431614905587 4.2665830040350547 1.2240950968116515 37.429907425306737 339.77257562568411 1.8234592573717234
leaf_count=33 51 34 19 63 20 33 50 22 339 2552 21
internal_value=2.9341e-05 -0.0109782 -0.0223701 -0.0367293 0.0259019 0.000585915 0.00160426 -0.00713719 -0.0103262 0.00113243 0.0376486
internal_weight=413.453 19.8993 15.2032 10.9763 4.69613 393.554 347.707 45.8473 42.7998 344.039 3.04755
internal_count=3237 169 116 82 53 3068 2635 433 390 2602 43
is_linear=0
shrinkage=0.04


Tree=186
num_leaves=6
num_cat=0
split_feature=36 36 41 14 8
split_gain=1.57771 2.57253 1.94777 7.80233 2.72432
threshold=0.71276991164328074 0.64659499555298927 1.1599159234609859e-05 -0.00019852286258094997 -5.358708376919884e-05
decision_type=2 2 2 2 2
left_child=1 2 4 -4 -1
right_child=-2 -3 3 -5 -6
leaf_value=0.0010407739227855379 0.030175491864516214 -0.030476733516187071 -0.017188287202145037 0.011247733691272428 -0.0071698256337832909
leaf_weight=222.0806168387644 2.7591499099507919 4.4338306207209817 19.565935596358031 73.186879047192633 91.216783819720149
leaf_count=1710 24 36 125 636 706
internal_value=2.93748e-05 -0.000173258 0.000157638 0.00524924 -0.00134975
internal_weight=413.243 410.484 406.05 92.7528 313.297
internal_count=3237 3213 3177 761 2416
is_linear=0
shrinkage=0.04


Tree=187
num_leaves=11
num_cat=0
split_feature=13 14 45 2 0 14 44 31 42 22
split_gain=1.55906 4.24035 4.40516 2.45174 4.58683 2.41905 3.06157 5.18765 2.79148 0.979474
threshold=0.00036339084057585008 0.00059189513539640009 0.57986063698856627 0.73816963309029349 57.413919316180561 0.00053568922750095004 0.018843704653345311 -1.1791696239138647 0.00017550526039756173 0.16039040147909064
decision_type=2 2 2 2 2 2 2 2 2 2
left_child=5 3 -3 -2 -5 6 8 -8 -1 -7
right_child=1 2 -4 4 -6 9 7 -9 -10 -11
leaf_value=0.00064994436860460968 0.04772375741156152 0.0136988535808211 -0.056852521344860296 -0.033737530333779651 0.028502824687093909 0.041161833950255682 -0.049510282166457642 -0.0058997874208745783 -0.035794427483623853 0.005379476487245711
leaf_weight=346.57360261306167 4.3751861788332489 3.1546823736280194 2.5692890584468842 2.6020728945732099 6.9665948832407594 3.0599452853202811 5.0206428505480281 33.380907900631428 3.3956901654601088 2.0399735625833273
leaf_count=2774 30 30 22 18 68 28 27 195 29 16
internal_value=2.86718e-05 0.0110193 -0.0179692 0.0229191 0.0115774 -0.000520699 -0.000880105 -0.0116015 0.000296331 0.0268488
internal_weight=413.139 19.6678 5.72397 13.9439 9.56867 393.471 388.371 38.4016 349.969 5.09992
internal_count=3237 168 52 116 86 3069 3025 222 2803 44
is_linear=0
shrinkage=0.04


Tree=188
num_leaves=14
num_cat=0
split_feature=61 45 50 10 61 56 56 32 3 3 10 10 20
split_gain=1.58291 1.83317 2.60197 2.80139 1.83162 6.64866 9.8136 7.16229 4.78614 4.81956 0.00872278 0.00236591 0.00054991
threshold=0.59863169172972286 0.57338372110185853 0.1027289052719859 -0.00018167904467494998 0.4763330308672567 0.01319261907684419 0.011762644871570775 0.53557218981103039 0.0014992282292130002 0.00099439861706565017 -0.00017114796728819997 -0.00012596586633884999 0.0025867409499776002
decision_type=2 2 2 2 2 2 2 2 2 2 2 2 2
left_child=4 2 11 -4 5 6 -1 -7 9 -6 -3 -2 -12
right_child=1 10 3 -5 8 7 -8 -9 -10 -11 12 -13 -14
leaf_value=0.00046056832734291413 0.044408842086447818 0.046578250161934086 -0.070255976892386829 0.0081490813564589776 -0.0001830019609837326 0.0294515085232907 -0.07146692332218843 -0.015715767215830283 0.028010544203963646 -0.014543197814291206 0.041281936460646353 0.041442166669552707 0.042744407539915368
leaf_weight=187.81315020471811 0.88248479459434748 0.80003231018781695 1.0877694487571719 2.2114881183952093 120.71577934920788 24.4405209585093 3.0848484858870497 7.2935534706339231 7.4951051771640769 54.176996696740389 1.5440638465806844 0.8390472657047201 0.56077917851507653
leaf_count=1567 13 9 6 46 615 428 32 105 38 272 62 33 11
internal_value=2.8343e-05 0.017732 0.00309938 -0.0177012 -0.000318092 0.0021166 -0.000701756 0.0190706 -0.00329 -0.0046314 0.0430229 0.0429629 0.0416716
internal_weight=412.946 7.92566 5.02079 3.29926 405.02 222.632 190.898 31.7341 182.388 174.893 2.90488 1.72153 2.10484
internal_count=3237 180 98 52 3057 2132 1599 533 925 887 82 46 73
is_linear=0
shrinkage=0.04


Tree=189
num_leaves=10
num_cat=0
split_feature=23 2 20 29 22 52 59 48 21
split_gain=1.57977 4.1613 4.13969 4.35612 3.02841 2.5588 3.55883 6.71543 5.87101
threshold=-0.71244084952920927 -0.038114949714363945 0.0025849057872489507 0.65930055144429012 0.16806014759121077 0.80152679354025835 -0.75141934653418663 0.67547155286835914 0.00026094214341550003
decision_type=2 2 2 2 2 2 2 2 2
left_child=1 -1 3 -3 -4 6 8 -8 -2
right_child=5 2 4 -5 -6 -7 7 -9 -10
leaf_value=0.043637587711678576 -0.032855541021222685 -0.033595266281431536 -0.0059623851254107319 -0.0051499688134889129 0.0515913279705425 0.034511172802571662 0.00087875951160726242 0.059097591556377622 0.025907561657503936
leaf_weight=2.4849732015281907 11.218578137457369 12.583086167462168 3.0228317491710177 27.307561804540455 2.8344748374074697 3.5946170650422564 342.59343712124974 3.1996616944670668 3.5911391377449027
leaf_count=16 58 84 20 229 28 32 2724 20 26
internal_value=2.8934e-05 -0.00677371 -0.00951199 -0.0141227 0.0218891 0.000929851 0.0005951 0.00141746 -0.0186064
internal_weight=412.43 48.2329 45.748 39.8906 5.85731 364.197 360.603 345.793 14.8097
internal_count=3237 377 361 313 48 2860 2828 2744 84
is_linear=0
shrinkage=0.04


Tree=190
num_leaves=12
num_cat=0
split_feature=61 57 7 29 55 61 39 6 49 53 57
split_gain=1.53284 3.11407 3.61199 3.52295 3.07534 6.22884 4.85157 4.04332 3.33178 6.92282 4.70146
threshold=0.57177059312473599 -0.31170249495563385 -0.00057144248747579998 3.2630374432550409 0.4254955366874843 0.49677845973129459 0.16756568076252165 0.00014877162385590003 0.36258280801719994 -0.012397509524735966 0.24268803729085484
decision_type=2 2 2 2 2 2 2 2 2 2 2
left_child=4 -2 -3 -4 8 6 -6 -7 10 -10 -1
right_child=1 2 3 -5 5 7 -8 -9 9 -11 -12
leaf_value=0.0010445383371865389 -0.037723145295751437 -0.033103696925273408 0.0073059770334082579 0.040719302935521944 -0.056644815206159119 -0.011647816833570857 0.038115532573637083 -0.061118932914777928 0.013631705371435883 -0.048256953369534054 -0.011081595678069749
leaf_weight=254.67320985160768 2.1106528919190195 2.4840424801223042 16.393888580147177 7.2956009646877638 1.0970030706375826 5.4785822927951795 4.078189923427999 5.1078050583600998 46.345720103476197 3.084341716952621 64.016608462668955
leaf_count=1773 14 21 191 86 13 26 64 24 451 38 536
internal_value=2.8725e-05 0.00901542 0.0127844 0.0175962 -0.00063341 -0.0179357 0.0180289 -0.035517 0.000107411 0.00976997 -0.00139129
internal_weight=412.166 28.2842 26.1735 23.6895 383.881 15.7616 5.17519 10.5864 368.12 49.4301 318.69
internal_count=3237 312 298 277 2925 127 77 50 2798 489 2309
is_linear=0
shrinkage=0.04


Tree=191
num_leaves=12
num_cat=0
split_feature=3 3 3 0 38 45 49 47 3 10 46
split_gain=1.56593 5.67228 4.65033 4.6212 4.10768 4.7476 3.81975 3.53576 2.94414 1.37485 0.208914
threshold=0.0017851915680283503 0.0014716806151014502 0.0013404755098868502 44.187647793610786 1.0219028713293261 0.5099741991395893 0.32243682683875435 0.39125141273741276 0.0011666460468164003 -4.0562249984711895e-05 -0.17312370475020117
decision_type=2 2 2 2 2 2 2 2 2 2 2
left_child=1 2 8 -4 -2 -6 7 -3 -1 -7 -8
right_child=4 6 3 -5 5 9 10 -9 -10 -11 -12
leaf_value=-0.00066666759384210583 -0.047061826266240905 -0.012173911697083569 -0.039556256168884578 -0.00078874104512690116 -0.044441465986406914 0.0047517619565288485 0.070178171467325218 0.034372857370428882 0.01154171011830713 0.050152870554653284 0.049469597712708237
leaf_weight=331.47839096980169 4.0050230957567674 5.3159868195652944 9.4856059690937418 10.220596550032495 2.1151383575052023 2.0146460514515638 0.97548527270555485 5.1316563077270985 34.936619947198778 2.2692461255937815 3.8785556778311721
leaf_count=2565 29 56 65 79 16 24 5 36 264 27 71
internal_value=2.88142e-05 0.000425904 -0.00052065 -0.0194495 -0.0152922 0.00459171 0.0243112 0.0106889 0.000497366 0.0288015 0.0536313
internal_weight=411.827 401.423 386.121 19.7062 10.4041 6.39903 15.3017 10.4476 366.415 4.28389 4.85404
internal_count=3237 3141 2973 144 96 67 168 92 2829 51 76
is_linear=0
shrinkage=0.04


Tree=192
num_leaves=11
num_cat=0
split_feature=1 50 22 20 7 51 61 2 0 21
split_gain=1.52067 4.3988 3.62712 4.67687 3.52738 6.60302 5.12735 5.08934 3.99451 6.35414
threshold=1.1878428908371463 -0.20131513084460559 0.34006023200396346 0.0025836153090096005 0.00027753155434305006 0.10184839044762539 0.50036194023781833 0.98410597366489527 73.223116124889444 0.00022219570902135002
decision_type=2 2 2 2 2 2 2 2 2 2
left_child=4 -2 3 -3 8 6 -6 -7 9 -1
right_child=1 2 -4 -5 5 7 -8 -9 -10 -11
leaf_value=0.00079083146363200321 0.036182788104854383 -0.049543340839611545 -0.054924560387984642 0.0060919954025920953 0.03890981608883512 0.0080580980098591392 0.0022838317543088242 -0.050904431017423035 0.050334495396546393 -0.017137482760670709
leaf_weight=320.61897544097155 2.6815552227199104 3.3121753092855206 3.5348920226097098 8.9503733692690712 14.591141272336246 5.9557062163948995 10.52818255452439 3.8604381680488586 2.4440699741244307 35.091822542250156
leaf_count=2489 26 23 18 77 195 34 74 18 25 258
internal_value=2.85632e-05 -0.0111855 -0.0192261 -0.00893539 0.000555731 0.012688 0.0235589 -0.0151304 -0.000627686 -0.000977845
internal_weight=411.569 18.479 15.7974 12.2625 393.09 34.9355 25.1193 9.81614 358.155 355.711
internal_count=3237 144 118 100 3093 321 269 52 2772 2747
is_linear=0
shrinkage=0.04


Tree=193
num_leaves=13
num_cat=0
split_feature=29 22 0 10 42 45 0 23 55 41 3 1
split_gain=1.54253 3.30235 5.31253 4.73268 3.77163 3.5639 3.23905 2.26305 1.99133 4.95431 2.99102 0.747502
threshold=0.07407144971548095 -0.030925436008829948 55.64820112011472 7.0670510870753415e-05 0.00014506415196172568 0.72765784006347045 60.392779991607846 -1.0437696246899011 -0.37965268443833283 -8.5573035899066941e-06 0.00043290632554935006 0.11491002501861657
decision_type=2 2 2 2 2 2 2 2 2 2 2 2
left_child=1 2 5 4 -3 -1 -4 -2 9 -9 -10 -5
right_child=7 3 6 11 -6 -7 -8 8 10 -11 -12 -13
leaf_value=0.025073846360075164 -0.041977067492678925 -0.0089142206874728257 -0.060112967151856836 0.058588526314575153 0.040080485228254907 -0.030378505790276948 -0.0059155094664723766 -0.014715105093760275 0.037519583650809943 0.0032439822335328379 0.0007685203468881563 0.03048113855533283
leaf_weight=8.5929460898041743 2.1171529926359645 8.7572420239448565 3.3233642484992734 3.8880200684070578 3.5261609051376572 2.3647319334559134 3.7609835248440504 47.295765601098537 3.5903296619653693 51.165569256991148 270.11500252829865 2.4792086556553841
leaf_count=79 11 69 20 30 32 17 26 279 51 289 2312 22
internal_value=2.8389e-05 0.0078551 -0.00434564 0.0196577 0.00515055 0.0131069 -0.0313403 -0.000738897 -0.000504305 -0.00538264 0.0012506 0.0476443
internal_weight=410.976 36.6927 18.042 18.6506 12.2834 10.9577 7.08435 374.284 372.167 98.4613 273.705 6.36723
internal_count=3237 295 142 153 101 96 46 2942 2931 568 2363 52
is_linear=0
shrinkage=0.04


Tree=194
num_leaves=11
num_cat=0
split_feature=42 39 15 42 44 29 44 30 9 23
split_gain=1.50981 3.81198 3.81713 3.71678 4.61244 4.25534 3.51614 7.03481 5.70927 3.13706
threshold=0.0001077035048194411 0.15504409929953208 -0.00061912568035399991 0.00011323047979065565 0.018841972823510945 1.628411504700497 0.018842061937386811 -0.96220939676186534 0.00017686698676450187 -1.0000000180025095e-35
decision_type=2 2 2 2 2 2 2 2 2 2
left_child=1 -1 -3 4 -2 -6 7 -5 -8 -4
right_child=3 2 9 6 5 -7 8 -9 -10 -11
leaf_value=-0.020691282411538871 0.022831605709076688 -0.03962684762266093 0.045593981499493418 -0.062992092268593092 -0.045190519527673757 -0.0087696034659328313 0.016551294065916745 -0.0013728481678285328 -0.00036070042166408178 0.0042642962919680139
leaf_weight=4.4883569879457381 4.2941259965300587 1.4479886014014489 7.3416550531983376 4.1159785930067292 8.2447363547980803 13.598617836832998 35.526475509628654 10.59560781251639 316.21332151954994 4.8994024693965876
leaf_count=33 33 11 80 38 47 102 360 103 2382 48
internal_value=2.85142e-05 0.0112986 0.0217874 -0.000493305 -0.0150664 -0.0225166 0.000546131 -0.0186126 0.00134745 0.029052
internal_weight=410.766 18.1774 13.689 392.589 26.1375 21.8434 366.451 14.7116 351.74 12.2411
internal_count=3237 172 139 3065 182 149 2883 141 2742 128
is_linear=0
shrinkage=0.04


Tree=195
num_leaves=6
num_cat=0
split_feature=22 22 61 38 14
split_gain=1.49566 2.69772 1.99228 2.7363 2.42636
threshold=-0.89059636661528685 -0.78396207034587873 0.58657205344341568 2.2245228247778828 -0.00050937648306629993
decision_type=2 2 2 2 2
left_child=-1 -2 4 -4 -3
right_child=1 2 3 -5 -6
leaf_value=0.023509312061839406 -0.028556807597978403 0.014619845486531793 0.023385993309036783 -0.031547043048661218 -0.0010159422433471468
leaf_weight=4.2949915602803221 5.305132843554019 16.587768340948969 10.711501854006199 1.6781275905668724 371.88966356171295
leaf_count=26 26 109 207 19 2850
internal_value=2.85674e-05 -0.000219725 0.000155292 0.0159455 -0.000348303
internal_weight=410.467 406.172 400.867 12.3896 388.477
internal_count=3237 3211 3185 226 2959
is_linear=0
shrinkage=0.04


Tree=196
num_leaves=15
num_cat=0
split_feature=0 10 23 15 23 61 30 61 23 32 8 41 3 61
split_gain=1.4979 4.22044 3.68423 3.00985 7.52967 8.04366 3.78452 2.78574 6.80829 5.47361 2.19169 1.75546 2.77501 0.0566322
threshold=23.615863687310675 -0.00012210988878739998 -0.26990470375771908 -0.00059032886925934993 -0.15839703865494978 0.51993690050767694 -1.8002721567390281 0.53144018024757067 0.21308264406642044 -0.68315538458443925 -0.00067829743191414986 -2.9516868437736338e-05 0.0014797163266868504 0.48498253364511279
decision_type=2 2 2 2 2 2 2 2 2 2 2 2 2 2
left_child=1 2 -1 4 6 -6 -2 9 -9 -5 -4 12 -3 -13
right_child=3 11 10 7 5 -7 -8 8 -10 -11 -12 13 -14 -15
leaf_value=0.027592761749560126 -0.064403704369631457 -0.02551378722626672 -0.00090646435469823481 0.010344543950352003 0.043080737310856348 -0.029143301521287628 -0.0194719903359921 0.014310061695591101 -0.0168060987856537 -0.0037346516627632786 -0.051408294131057602 0.04386637997524049 0.039256589731520485 0.053665864046305696
leaf_weight=2.9650718653574586 4.0245042070746413 1.7355676693841813 2.5927365561947227 53.869400890544057 5.9646727852523309 4.2077153194695711 11.774491991847755 53.574013223871589 14.241713006049393 245.66228733025491 2.9273259593173879 1.4595345109701137 2.7123621609061956 2.6691784807480872
leaf_count=21 23 16 32 384 44 32 73 380 96 2023 17 31 42 23
internal_value=2.77841e-05 0.0116307 -0.00837047 -0.00047554 -0.0136354 0.0132059 -0.0309175 0.000454859 0.00777548 -0.00120257 -0.0276879 0.0314185 0.0139834 0.0502017
internal_weight=410.381 17.0618 8.48513 393.319 25.9714 10.1724 15.799 367.347 67.8157 299.532 5.52006 8.57664 4.44793 4.12871
internal_count=3237 182 70 3055 172 76 96 2883 476 2407 49 112 58 54
is_linear=0
shrinkage=0.04


Tree=197
num_leaves=6
num_cat=0
split_feature=33 36 8 45 8
split_gain=1.507 3.14187 2.01185 6.12433 3.10674
threshold=-11.041762737111425 -0.73387569448412726 -0.00076190887456384989 0.48980570269165208 -0.0007405069112804499
decision_type=2 2 2 2 2
left_child=-1 -2 3 -3 -4
right_child=1 2 4 -5 -6
leaf_value=0.032187294474776036 -0.048904484219033185 -0.022760446407009142 -0.050720407012596579 0.027392732892205087 -0.00026904253136835436
leaf_weight=2.3182044811546794 2.1043682377785435 5.4886445533484247 1.9628600608557452 13.422608803957699 384.74675107747316
leaf_count=26 13 41 13 144 3000
internal_value=2.77808e-05 -0.000155069 9.78442e-05 0.0128367 -0.000525123
internal_weight=410.043 407.725 405.621 18.9113 386.71
internal_count=3237 3211 3198 185 3013
is_linear=0
shrinkage=0.04


Tree=198
num_leaves=8
num_cat=0
split_feature=41 1 7 51 7 23 23
split_gain=1.45323 2.54707 3.28072 7.4584 3.96983 2.64435 3.07308
threshold=4.502407586972624e-05 1.1733276415866387 0.00027753155434305006 0.1151779914610586 0.00026850309276830005 -0.59385286814472671 0.14262908157162404
decision_type=2 2 2 2 2 2 2
left_child=1 2 4 -4 -1 -3 -7
right_child=-2 5 3 -5 -6 6 -8
leaf_value=-0.00026758724057286481 0.022474722977445266 -0.047275575189616337 0.019024357231555166 -0.04467593918402013 -0.043437901625536977 0.0014682968359511456 -0.049848545087310667
leaf_weight=353.12214343575761 4.5629693772643796 3.3689484409987953 29.170209717005491 3.2706604227423659 3.4413830395787945 10.690159512683747 2.2622511405497781
leaf_count=2745 36 21 290 16 22 91 16
internal_value=2.69735e-05 -0.000225733 0.000423767 0.0126021 -0.000684247 -0.015706 -0.00749464
internal_weight=409.889 405.326 389.004 32.4409 356.564 16.3214 12.9524
internal_count=3237 3201 3073 306 2767 128 107
is_linear=0
shrinkage=0.04


Tree=199
num_leaves=12
num_cat=0
split_feature=47 43 22 43 55 43 23 61 49 55 2
split_gain=1.44707 3.05638 3.91605 4.82314 2.51501 5.7298 5.17898 4.95784 6.31436 4.70936 4.27713
threshold=0.39935768567744223 0.59218962886398374 0.070351359838362118 0.34950904705609703 -0.37838532624144455 0.12971280832499266 0.31616532934352121 0.42823183944488769 -0.022204913034865648 -0.36799568767306151 0.33995889951864905
decision_type=2 2 2 2 2 2 2 2 2 2 2
left_child=4 2 3 -2 5 6 -1 8 -6 -9 -7
right_child=1 -3 -4 -5 7 10 -8 9 -10 -11 -12
leaf_value=0.021972635391812895 0.039932169662051695 0.036583940337131998 -0.031976990345708972 -0.021143219517126388 0.001012996407664572 -0.022289108268363882 -0.014610254177972223 0.035253512286032331 0.025292446748086308 -0.0025101787942791655 -0.0021129986254226165
leaf_weight=17.848774138838056 5.2080781757831591 5.313609540462493 4.0549693107604972 3.4321394711732864 44.088449240662158 34.426820647902787 9.4803945273160917 5.4139741584658614 28.037389038130641 219.47558923205361 32.854531136341393
leaf_count=106 36 36 18 18 348 196 49 34 764 1439 193
internal_value=2.63005e-05 0.0111129 0.000451956 0.0156713 -0.000483515 -0.00616307 0.00928216 0.00132564 0.0104511 -0.00160106 -0.0124368
internal_weight=409.635 18.0088 12.6952 8.64022 391.626 94.6105 27.3292 297.015 72.1258 224.89 67.2814
internal_count=3237 108 72 54 3129 544 155 2585 1112 1473 389
is_linear=0
shrinkage=0.04


Tree=200
num_leaves=9
num_cat=0
split_feature=22 9 23 8 61 1 22 3
split_gain=1.43432 1.65774 4.94032 4.09158 4.07521 5.26635 5.16475 3.66422
threshold=-0.9573742511423583 0.00019430731155844499 0.55639208304833965 -4.4769681240365305e-05 0.42130896939815848 -0.26686864478870115 0.43276721022535564 0.00088021302576710007
decision_type=2 2 2 2 2 2 2 2
left_child=-1 4 3 -3 6 -6 -2 -4
right_child=1 2 7 -5 5 -7 -8 -9
leaf_value=0.034511388383852315 0.015408697707759562 0.0036313839553703542 -0.065192526876390003 -0.008158724590120776 -0.0098182479873045164 0.0054612027841638476 -0.022204286232571879 -0.011401254776341182
leaf_weight=1.9207787439227093 52.689333597198129 110.2751668212004 3.3427449502050859 82.200239414349198 63.901966698933393 82.933839845936745 6.5693532871082416 5.144451399333775
leaf_count=13 698 800 15 633 403 579 61 35
internal_value=2.69826e-05 -0.000135739 -0.00272077 -0.0014038 0.00238492 -0.00118831 0.011239 -0.0325873
internal_weight=408.978 407.057 200.963 192.475 206.094 146.836 59.2587 8.4872
internal_count=3237 3224 1483 1433 1741 982 759 50
is_linear=0
shrinkage=0.04


Tree=201
num_leaves=6
num_cat=0
split_feature=40 30 8 45 41
split_gain=1.43695 2.83486 1.93032 5.73185 3.12644
threshold=-4.0463464984314905 -2.2016270834523817 -0.00076190887456384989 0.52398352535539272 -4.5528908577067513e-05
decision_type=2 2 2 2 2
left_child=-1 -2 3 -3 -4
right_child=1 2 4 -5 -6
leaf_value=0.03167389934419395 -0.046525779006454021 -0.015126777523045179 -0.049450834594038921 0.030294559055860457 -0.00025438018525973476
leaf_weight=2.2827107813209286 2.0981946326792231 7.2722388347610858 2.0780176799744359 11.435021700803189 383.41072850069031
leaf_count=26 13 57 19 128 2994
internal_value=2.64425e-05 -0.000151365 8.93665e-05 0.0126375 -0.000519579
internal_weight=408.577 406.294 404.196 18.7073 385.489
internal_count=3237 3211 3198 185 3013
is_linear=0
shrinkage=0.04


Tree=202
num_leaves=12
num_cat=0
split_feature=3 3 3 0 49 38 45 47 3 32 54
split_gain=1.43881 5.22455 4.15802 4.08588 3.62315 3.57662 4.06342 3.12085 2.66381 1.37747 0.15198
threshold=0.0017851915680283503 0.0014716806151014502 0.0013404755098868502 44.187647793610786 0.32243682683875435 1.0219028713293261 0.5099741991395893 0.39125141273741276 0.0011609684455283003 0.076831803484825753 0.12436883057377333
decision_type=2 2 2 2 2 2 2 2 2 2 2
left_child=1 2 8 -4 7 -2 -7 -3 -1 -8 -6
right_child=5 4 3 -5 10 6 9 -9 -10 -11 -12
leaf_value=-0.0006638417285408871 -0.04460512547806026 -0.011021840308412911 -0.037217734792001765 -0.00068597781870730057 0.047658045834861683 -0.041882018595292538 0.047939819353981096 0.033218052486491845 0.010823460686775928 0.0010037510582974326 0.062888105780512335
leaf_weight=328.09040462085977 3.9449831675738078 5.2907332265749556 9.5309785222634691 10.078376311808823 3.0805685366503885 2.0339439483359456 2.283153916709125 4.9274627156555653 35.825680953450501 1.7806978337466715 1.5891436692327259
leaf_count=2553 29 56 65 79 65 16 32 36 276 19 11
internal_value=2.57829e-05 0.000402702 -0.000499777 -0.018442 0.0236514 -0.0149272 0.00427297 0.0103117 0.000467025 0.0273734 0.052841
internal_weight=408.456 398.413 383.525 19.6094 14.8879 10.0428 6.0978 10.2182 363.916 4.06385 4.66971
internal_count=3237 3141 2973 144 168 96 67 92 2829 51 76
is_linear=0
shrinkage=0.04


Tree=203
num_leaves=13
num_cat=0
split_feature=61 42 21 14 14 30 55 43 61 6 42 49
split_gain=1.44557 3.36362 6.45899 3.26389 4.07105 3.82987 3.57793 2.79678 3.80656 2.7645 4.00434 1.28688
threshold=0.57177059312473599 0.00013355531227802794 -0.00064653328993979984 -0.00052454593346304998 -0.00039522468467139993 -1.5769335426862161 0.4254955366874843 0.13365671896339709 0.58657205344341568 -0.00028152460128919992 0.00014491076588058212 0.038848940550191335
decision_type=2 2 2 2 2 2 2 2 2 2 2 2
left_child=3 2 -2 9 5 -5 -6 -3 -9 10 -1 -4
right_child=1 7 11 4 6 -7 -8 8 -10 -11 -12 -13
leaf_value=0.024525171882188231 -0.038624375156232481 0.031646769652804253 0.0063914110642943481 0.0059464256886188485 0.00077405939038559626 -0.025846259486023 -0.019013921645416081 -0.030574610199341015 0.0099024411760843187 0.041914626991837005 -0.031981866694109129 0.051776910789285292
leaf_weight=5.7741107381880266 1.8549329359084366 3.3958082515746382 1.1853017797693626 8.8109012707136589 322.90417732251808 19.435025122947991 15.313397685065864 6.834099441766738 8.1510968208312971 5.0778320040553799 3.0751687940210104 6.3800572836771607
leaf_count=44 15 33 11 61 2527 115 126 35 136 32 20 82
internal_value=2.55977e-05 0.00883059 0.0282656 -0.000617926 -0.00134024 -0.015929 -0.000121876 -0.00112985 -0.00855739 0.0183884 0.00488869 0.0446661
internal_weight=408.192 27.8013 9.42029 380.391 366.464 28.2459 338.218 18.381 14.9852 13.9271 8.84928 7.56536
internal_count=3237 312 108 2925 2829 176 2653 204 171 96 64 93
is_linear=0
shrinkage=0.04


Tree=204
num_leaves=11
num_cat=0
split_feature=29 9 31 45 45 3 23 61 3 56
split_gain=1.43744 3.25564 4.73258 3.07649 6.15943 4.29975 2.05367 1.98962 4.79102 4.76754
threshold=0.07407144971548095 0.00020846196360030145 -0.33740691839267328 0.46558966986629841 0.37538971782593683 0.00063369006447925008 -1.0437696246899011 0.4763330308672567 0.0014797163266868504 0.01319261907684419
decision_type=2 2 2 2 2 2 2 2 2 2
left_child=1 3 -3 4 -1 -5 -2 9 -9 -8
right_child=6 2 -4 5 -6 -7 7 8 -10 -11
leaf_value=0.035456255033138248 -0.039822530469407473 -0.05124055693084989 0.013810843935400106 -0.0061671983167829215 -0.04362982254927119 0.031867420803668264 -0.00030294919607633827 -0.0050631148812070002 0.027395028476850009 0.017393627195303792
leaf_weight=2.6975288717076209 2.1363806053996077 3.3498691953718662 3.8412660714238873 6.7829429544508484 3.7886170595884323 15.910949585493652 168.51338338200003 164.75493343034759 7.6123139983974388 28.47331031691283
leaf_count=23 11 19 39 52 27 135 1435 953 49 494
internal_value=2.56268e-05 0.00761479 -0.0164923 0.0135557 -0.0107386 0.0204993 -0.000717398 -0.00049121 -0.00362965 0.00225499
internal_weight=407.861 36.3712 7.19114 29.18 6.48615 22.6939 371.49 369.354 172.367 196.987
internal_count=3237 295 58 237 50 187 2942 2931 1002 1929
is_linear=0
shrinkage=0.04


Tree=205
num_leaves=13
num_cat=0
split_feature=15 24 3 7 30 47 13 21 29 42 60 23
split_gain=1.41933 6.15237 5.98047 4.9073 4.78307 4.25756 6.43057 3.99843 5.18453 3.73621 3.73103 3.14824
threshold=0.00062984752617955013 0.15833333333306943 0.00089160145088195005 0.00027753155434305006 1.5433534734262604 0.39393324690833315 6.2156136976032533e-05 0.00022219570902135002 1.8139773352355257 0.00015688705444950356 -0.81067605892174333 -0.30492145633366458
decision_type=2 2 2 2 2 2 2 2 2 2 2 2
left_child=3 2 -2 7 -3 6 -5 9 -9 -1 -4 -7
right_child=1 4 10 5 -6 11 -8 8 -10 -11 -12 -13
leaf_value=0.0021967504640166709 -0.054410492459386249 -0.00047904363520816229 -0.015970671332358265 -0.014262841127723585 -0.076785161758714374 -0.038541863085763232 0.035943538521490195 -0.025962750904181892 0.004146493518433444 -0.012042729809526805 0.027760328908044314 0.014166016805270078
leaf_weight=284.98243691539392 2.5085063343867722 2.1782351452857247 4.7582580223679569 5.2966849356889787 3.3139894660562277 3.4274854585528374 17.7958580753766 21.42524841427803 15.970962181687353 32.884400503709912 9.074991604313249 3.8496666476130477
leaf_count=2262 15 24 33 45 26 18 201 145 136 228 82 22
internal_value=2.56462e-05 -0.00989584 0.00241364 0.000587387 -0.0465219 0.0160203 0.0244278 -0.000731901 -0.0131039 0.000723628 0.0127181 -0.010659
internal_weight=407.467 21.834 16.3418 385.633 5.49222 30.3697 23.0925 355.263 37.3962 317.867 13.8332 7.27715
internal_count=3237 180 130 3057 50 286 246 2771 281 2490 115 40
is_linear=0
shrinkage=0.04


Tree=206
num_leaves=10
num_cat=0
split_feature=51 23 46 9 23 51 41 6 15
split_gain=1.41432 5.79326 2.86016 2.96959 2.52994 5.41665 2.87241 2.25827 1.86416
threshold=0.12437109545172474 -0.11936714105586764 0.17535998198981623 0.00019803330061497193 0.18768406081100505 -0.062236391535188028 1.1071580437249652e-05 -0.00017039358780539997 0.00011357154065090001
decision_type=2 2 2 2 2 2 2 2 2
left_child=2 -2 4 8 6 -6 -1 -3 -4
right_child=1 7 3 -5 5 -7 -8 -9 -10
leaf_value=-0.00086193322919704486 -0.038944238908968892 0.039373376080418201 0.05617800760572824 -0.0038062171079504994 0.013246857223561243 -0.013470829758990055 0.0081528865968506711 -0.0074473370209209942 0.018507761481176336
leaf_weight=235.95682100160047 6.7257242351770401 3.0053386688232422 3.2434792071580869 6.3366046957671633 15.841445249505339 51.974323166534305 74.379446713719517 3.6500760838389379 5.9717371463775635
leaf_count=1886 32 20 19 35 152 398 641 20 34
internal_value=2.59804e-05 -0.0127628 0.000460644 0.0172724 -0.000230753 -0.0072297 0.00129868 0.0136952 0.0317666
internal_weight=407.085 13.3811 393.704 15.5518 378.152 67.8158 310.336 6.65541 9.21522
internal_count=3237 72 3165 88 3077 550 2527 40 53
is_linear=0
shrinkage=0.04


Tree=207
num_leaves=6
num_cat=0
split_feature=22 22 22 44 42
split_gain=1.43484 2.24042 1.95132 5.1308 2.39168
threshold=-0.89059636661528685 -0.78396207034587873 -0.33650508775917609 0.018844143959225609 0.00010599063745069837
decision_type=2 2 2 2 2
left_child=-1 -2 3 -3 -4
right_child=1 2 4 -5 -6
leaf_value=0.023195245785876447 -0.026045569783245237 0.012828184626764614 0.019263955833231951 -0.043832190188324682 -0.0013176582854612072
leaf_weight=4.2320112362503997 5.3029744103550902 35.366155930329114 9.2730574710294587 2.7563879415392867 349.93963019782677
leaf_count=26 26 376 84 14 2711
internal_value=2.5668e-05 -0.000217861 0.000126845 0.00873145 -0.000786345
internal_weight=406.87 402.638 397.335 38.1225 359.213
internal_count=3237 3211 3185 390 2795
is_linear=0
shrinkage=0.04


Tree=208
num_leaves=12
num_cat=0
split_feature=20 3 23 59 56 38 43 0 3 29 15
split_gain=1.44747 4.01388 5.0954 3.95156 6.19417 4.09132 2.73913 2.55962 2.51348 1.80002 1.00129
threshold=0.0025834948173312005 0.00051972874890875013 -0.70573427558330948 0.44784213533218581 0.015872282443364839 1.6883147427533245 0.080772291780658104 18.391881663012622 0.0017851915680283503 0.3311107659699381 -0.00069113956288784984
decision_type=2 2 2 2 2 2 2 2 2 2 2
left_child=3 2 -2 4 5 -1 -6 10 -9 -4 -3
right_child=1 7 9 -5 6 -7 -8 8 -10 -11 -12
leaf_value=-0.0059724103930058918 -0.021971882403625156 0.040488161503341988 0.0077560093792892054 -0.046019593841934825 -0.029924327700010821 -0.060360808213654818 0.044068656853841287 0.00011096999487867237 -0.021458295219269639 0.041450734146321548 0.0027341749448233608
leaf_weight=34.619070178829134 3.5623791292309788 3.4253999092616141 3.5023703016340724 3.739682435989379 0.93826906755566497 2.364066617563366 5.4508573235943913 329.3788363118656 8.8771752472966892 9.2005627853795868 1.6729010418057431
leaf_count=305 35 44 30 33 11 19 87 2478 76 99 20
internal_value=2.49957e-05 0.00088868 0.0203047 -0.00656776 -0.00316611 -0.00944907 0.0332025 -3.10925e-05 -0.000455093 0.0321606 0.0281
internal_weight=406.732 359.62 16.2653 47.1119 43.3723 36.9831 6.38913 343.354 338.256 12.7029 5.0983
internal_count=3237 2782 164 455 422 324 98 2618 2554 129 64
is_linear=0
shrinkage=0.04


Tree=209
num_leaves=13
num_cat=0
split_feature=45 38 49 55 41 32 47 47 27 9 45 3
split_gain=1.42609 5.51238 6.76318 8.33892 5.34891 3.733 2.18356 3.1553 3.75511 3.64475 2.87322 3.79943
threshold=0.84043396350680688 1.1676279046807718 0.29395691090435155 -0.42045990952412665 -1.0231498738910714e-05 -0.011052351804136424 0.3986131788587633 0.39584472340703875 2.5943199770534098 0.00020870615102548318 0.71267907925789309 0.00091066969902100006
decision_type=2 2 2 2 2 2 2 2 2 2 2 2
left_child=6 2 3 -2 -4 -3 7 8 -1 -9 11 -8
right_child=1 5 4 -5 -6 -7 10 9 -10 -11 -12 -13
leaf_value=-9.8255989221452623e-05 -0.046002171185431248 -0.0068617685806443068 -0.10535645732011667 0.025791650023828088 -0.0129471552244078 -0.062701020143412237 0.044016965845877075 -0.0055386374831075521 0.015706786517176819 -0.040128309874017394 -0.014990967195841925 0.0036954320145151723
leaf_weight=298.17653505410999 3.1466148793697419 3.4951117066666484 1.4282749257981775 14.595223191659899 3.3595220148563376 4.2386777549982062 6.84861692786217 26.489387966692448 26.162393422797322 5.9731870219111434 4.3215294182300559 8.2351411581039411
leaf_count=2449 16 24 13 107 34 28 44 151 267 28 27 49
internal_value=2.52953e-05 -0.00832829 0.00167377 0.0130586 -0.0405143 -0.0374657 0.000697288 -1.33955e-05 0.00117664 -0.0119032 0.0137645 0.022003
internal_weight=406.47 30.2634 22.5296 17.7418 4.7878 7.73379 376.207 356.802 324.339 32.4626 19.4053 15.0838
internal_count=3237 222 170 123 47 52 3015 2895 2716 179 120 93
is_linear=0
shrinkage=0.04


Tree=210
num_leaves=9
num_cat=0
split_feature=6 13 14 61 44 39 23 6
split_gain=1.37595 3.30016 2.84543 2.60436 2.60411 2.42935 2.1638 0.930455
threshold=0.00034768903828405007 0.00036339084057585008 0.00053568922750095004 0.51541739897739269 0.018843704653345311 0.14185983118948506 -0.45422528252729244 0.00024762535243370002
decision_type=2 2 2 2 2 2 2 2
left_child=1 2 4 6 -1 -2 -3 -4
right_child=5 3 7 -5 -6 -7 -8 -9
leaf_value=0.00027547149224551318 -0.062673993524066385 0.050769174349249165 0.012557974145558759 -0.013101314786894037 -0.010768822745209931 -0.00018388573592279152 0.014855888852774652 0.049003905790576445
leaf_weight=344.32784731779248 1.5427191574126471 4.1105894353240719 2.1883263271301976 3.2505831429734817 37.920723998919129 2.8055313639342785 7.7359733562916508 2.2974155712872744
leaf_count=2803 13 29 19 25 222 35 69 22
internal_value=2.55528e-05 0.000267732 -0.000448488 0.0186147 -0.000820171 -0.0223548 0.0273173 0.0312241
internal_weight=406.18 401.831 386.734 15.0971 382.249 4.34825 11.8466 4.48574
internal_count=3237 3189 3066 123 3025 48 98 41
is_linear=0
shrinkage=0.04


Tree=211
num_leaves=6
num_cat=0
split_feature=61 13 22 22 55
split_gain=1.38725 1.87465 2.04449 1.96629 0.755276
threshold=0.65845938424860007 -0.00055895919658294994 -0.89059636661528685 -0.56921067846672058 0.41810426538987772
decision_type=2 2 2 2 2
left_child=1 -1 -3 -4 -2
right_child=4 2 3 -5 -6
leaf_value=-0.029523984366946296 0.044534956869222632 0.029038661015477456 -0.015765757538918183 0.00031856541159817941 -0.001319109155521045
leaf_weight=3.44938582740724 1.7224266286939376 3.8660068437457076 12.559003830887375 383.55065370816737 0.86255542747676361
leaf_count=21 31 24 77 3067 17
internal_value=2.50688e-05 -0.000162093 9.11241e-05 -0.000191402 0.0292344
internal_weight=406.01 403.425 399.976 396.11 2.58498
internal_count=3237 3189 3168 3144 48
is_linear=0
shrinkage=0.04


Tree=212
num_leaves=14
num_cat=0
split_feature=61 44 32 6 56 14 6 24 55 12 6 32 27
split_gain=1.37281 3.199 4.03786 3.8829 3.84462 3.02588 3.74563 6.92303 2.91307 2.81329 2.65879 3.76231 1.37615
threshold=0.57177059312473599 0.018842620575821402 -0.59928258534328416 0.00016918599378665003 0.035251705904973181 -0.00052454593346304998 -0.00024269253767609999 0.074999999999874958 0.4254955366874843 -0.00018829351790479999 -0.00028152460128919992 -1.0140462821972336 -3.0370123453573798
decision_type=2 2 2 2 2 2 2 2 2 2 2 2 2
left_child=5 3 4 12 -3 10 7 -7 -8 -4 11 -1 -2
right_child=1 2 9 -5 -6 6 8 -9 -10 -11 -12 -13 -14
leaf_value=-0.028445412727910107 -0.00089899516591268732 -0.06019369852271643 -0.019598993145425923 -0.025996775863606946 0.0016750384039762303 -0.039174402803544194 0.00044871309031098964 0.0097904256850989222 -0.017299485528546567 0.024448739693555304 0.041120571315718613 0.025422478582677571 0.048428870068547659
leaf_weight=3.3891174979507914 1.060947020538151 2.9281482025980976 3.1423436626791981 1.7018365240655837 3.5619672993198037 10.997445898130538 330.28592837369069 7.9670473947189739 15.4905574391596 8.8651808900758571 4.9920709040015927 5.3481361786834887 6.1522283693775552
leaf_count=21 13 24 18 22 36 63 2575 64 127 114 32 43 85
internal_value=2.42871e-05 0.0086681 -0.000818154 0.028351 -0.0262383 -0.000601785 -0.00129569 -0.0186041 -0.000346394 0.0129215 0.017833 0.00452751 0.0411735
internal_weight=405.883 27.4127 18.4976 8.91501 6.49012 378.47 364.741 18.9645 345.776 12.0075 13.7293 8.73725 7.21318
internal_count=3237 312 192 120 60 2925 2829 127 2702 132 96 64 98
is_linear=0
shrinkage=0.04


Tree=213
num_leaves=8
num_cat=0
split_feature=3 3 22 61 8 10 44
split_gain=1.37123 2.59781 2.58285 5.35586 3.06343 2.57859 0.0141596
threshold=0.00034451234867650005 0.00043290632554935006 -0.22128862936272028 0.3400809387637222 0.0008026966401324002 0.00011899312360845 0.018842334837442107
decision_type=2 2 2 2 2 2 2
left_child=-1 5 3 -3 -4 6 -2
right_child=1 2 4 -5 -6 -7 -8
leaf_value=-0.022864575675041902 0.044596118766640977 0.035433958041327096 -0.0021199966894958904 0.0026094028597486692 0.033237367815119968 -0.012079507719310646 0.049620849857328515
leaf_weight=4.1449275072664014 2.1515378830954428 9.0389317180961353 316.69005732936785 66.223838453646749 3.9698958043009034 1.7659888435155151 1.5392826171591876
leaf_count=26 36 115 2412 581 38 14 15
internal_value=2.43716e-05 0.000260739 -0.000117051 0.00655158 -0.00168226 0.0276716 0.0466917
internal_weight=405.524 401.38 395.923 75.2628 320.66 5.45681 3.69082
internal_count=3237 3211 3146 696 2450 65 51
is_linear=0
shrinkage=0.04


Tree=214
num_leaves=12
num_cat=0
split_feature=1 54 60 51 9 7 51 19 32 0 21
split_gain=1.36093 3.44298 3.05723 5.84143 3.46469 2.99983 5.67053 5.30916 4.82049 3.80487 5.39284
threshold=1.1733276415866387 -0.28193671305853774 0.088648111042180608 0.113340231028445 0.00020713590815670227 0.00027753155434305006 0.10184839044762539 2.1606813030124985 1.0532351620696765 73.223116124889444 0.00022219570902135002
decision_type=2 2 2 2 2 2 2 2 2 2 2
left_child=5 -2 3 -3 -4 9 8 -8 -7 10 -1
right_child=1 2 4 -5 -6 6 7 -9 -10 -11 -12
leaf_value=0.00079512543486638318 0.03127216836137562 -0.055380796571246282 -0.023869789473308489 0.0053686361101958069 0.034971664170858854 0.035754767387248448 0.012595324608855357 -0.048701411486454571 -0.0035589071503841748 0.050287626078963761 -0.015760039733775641
leaf_weight=316.44147989014164 2.7469457276165512 6.147622952237727 3.2938793748617163 4.3066759631037712 3.1154778394848108 15.371344391256576 5.1637335121631605 4.021651916205883 7.3891208302229634 2.3433246025815597 34.960858972743154
leaf_count=2489 27 42 33 25 29 186 31 19 74 25 257
internal_value=2.42775e-05 -0.010255 -0.0170194 -0.0303549 0.00473202 0.000546931 0.0122858 -0.0142423 0.0229917 -0.000513176 -0.00085194
internal_weight=405.302 19.6106 16.8637 10.4543 6.40936 385.692 31.9459 9.18539 22.7605 353.746 351.402
internal_count=3237 156 129 67 62 3081 310 50 260 2771 2746
is_linear=0
shrinkage=0.04


Tree=215
num_leaves=13
num_cat=0
split_feature=29 22 0 3 41 22 25 43 37 20 9 23
split_gain=1.35282 3.04683 3.46427 3.3258 2.29248 1.85203 6.77357 13.723 5.10088 4.90639 5.76897 4.7247
threshold=0.07407144971548095 0.22119308249673589 37.963974316924428 0.00051972874890875013 2.7974571315425584e-06 0.050660330536341412 0.90000000000000013 0.47210474196741731 -0.50031589936554555 0.0025851578653305007 0.00019242637303878066 0.24383866730020107
decision_type=2 2 2 2 2 2 2 2 2 2 2 2
left_child=1 2 -1 -4 -3 9 8 -8 -7 11 -11 -2
right_child=5 4 3 -5 -6 6 7 -9 -10 10 -12 -13
leaf_value=0.039866792009506651 0.0088051958381002524 0.0072426016694989402 -0.04976116157803067 0.0016843640905772708 0.057919886572245061 -0.019325701744563027 -0.055634708352985264 0.031238860812129822 0.0017334092519267412 0.034261476020369844 -0.012494350580015162 -0.009131962957909398
leaf_weight=3.4868579013273147 125.08974234526977 2.689295355230569 2.1893811747431782 24.618548994883895 3.0457929987460375 21.591109173372388 10.01314311660826 4.1008593793958417 124.62534033693373 4.6131032127887002 49.83785271178931 28.929472540970892
leaf_count=34 1112 18 16 199 28 157 85 30 944 33 347 234
internal_value=2.42767e-05 0.00742217 0.00236114 -0.00251715 0.0341563 -0.000698458 -0.00393069 -0.0303934 -0.00137629 0.00178739 -0.00853318 0.00543605
internal_weight=404.83 36.0299 30.2948 26.8079 5.73509 368.801 160.33 14.114 146.216 208.47 54.451 154.019
internal_count=3237 295 249 215 46 2942 1216 115 1101 1726 380 1346
is_linear=0
shrinkage=0.04


Tree=216
num_leaves=7
num_cat=0
split_feature=61 42 15 21 61 55
split_gain=1.34234 1.74748 1.81464 4.23013 3.49986 0.720058
threshold=0.65845938424860007 0.00017883279451237321 -0.00047315954768874994 -0.00032929708623924994 0.53489093166161583 0.41810426538987772
decision_type=2 2 2 2 2 2
left_child=1 2 3 -1 -4 -2
right_child=5 -3 4 -5 -6 -7
leaf_value=-0.0014982912096641449 0.044386422143703815 -0.02747271270070839 -0.00055378390920251186 -0.029830842772151513 0.010509931410970275 -0.0004739363668618722
leaf_weight=49.18132200371474 1.6698092510923737 3.7130144238471976 284.35303849866614 10.175991998985408 54.518856884911656 0.87114986591041077
leaf_count=393 31 24 2323 70 379 17
internal_value=2.46496e-05 -0.000158564 9.61078e-05 -0.00635552 0.00122618 0.0290064
internal_weight=404.483 401.942 398.229 59.3573 338.872 2.54096
internal_count=3237 3189 3165 463 2702 48
is_linear=0
shrinkage=0.04


Tree=217
num_leaves=11
num_cat=0
split_feature=18 3 10 14 10 48 23 56 24 54
split_gain=1.33646 4.81448 4.15996 5.03975 4.25991 3.54842 6.31433 3.70856 3.59344 2.36598
threshold=1.0000000180025095e-35 0.00046863644547325006 0.00013662659026775003 -0.00027219234547289995 0.00027270868877025007 0.61101395813042769 -0.53117321605696899 -0.18332733477150623 0.024999999999958254 -0.24205316573154992
decision_type=2 2 2 2 2 2 2 2 2 2
left_child=5 -2 3 -3 -4 7 -7 -1 -9 -8
right_child=1 2 4 -5 -6 6 9 8 -10 -11
leaf_value=-0.035543851235859659 0.047566280765751777 0.0068506029998790727 0.021687597052352976 -0.013059588751746447 -0.022506904812490448 -0.031585948691671258 0.052656313782497702 0.010253453140574662 -0.0012719604954246919 0.015147606291974354
leaf_weight=4.4764759242534629 2.902354900725185 27.689663029741496 15.898047209717335 76.64873223239556 4.471087507903575 2.8444524928927413 5.8423309475183478 54.965651763603091 203.64157907525077 4.987899847328662
leaf_count=27 33 168 113 539 28 15 36 496 1747 35
internal_value=2.3994e-05 -0.00336256 -0.00454784 -0.00777576 0.0119868 0.00158549 0.0214517 0.000552875 0.00117771 0.0353816
internal_weight=404.368 127.61 124.708 104.338 20.3691 276.758 13.6747 263.084 258.607 10.8302
internal_count=3237 881 848 707 141 2356 86 2270 2243 71
is_linear=0
shrinkage=0.04


Tree=218
num_leaves=11
num_cat=0
split_feature=20 10 44 10 61 44 23 42 10 15
split_gain=1.327 3.50142 3.34534 4.71789 3.54155 2.80966 2.38212 5.94765 2.78881 1.61644
threshold=0.0025834948173312005 -0.00019094935564449998 0.018842115951019162 0.00021154159820900004 0.42476812299610506 0.018842156036768167 -0.71960031049833673 0.00011301441760259097 -0.00016835334817694996 -0.00018757593078469999
decision_type=2 2 2 2 2 2 2 2 2 2
left_child=1 9 3 -3 -4 -2 7 -7 -8 -1
right_child=5 2 4 -5 -6 6 8 -9 -10 -11
leaf_value=0.0037146122959985863 0.035382949878839345 -0.0081752776170516874 -0.01455530643072373 0.051812191773833248 -0.070574568874801097 -0.055167220755555933 -0.0074743764573285375 -0.0036022423442675184 0.0032556118063400818 0.053191411922228461
leaf_weight=2.1160709895193577 3.7311582639813414 32.059409136883914 5.6089947982691211 2.2445848518982521 2.6629383470863104 3.9512562919408074 45.357926620170474 37.983466160483658 266.2741522854194 2.110008784569799
leaf_count=22 35 316 59 23 17 22 291 297 2137 18
internal_value=2.42455e-05 -0.00630912 -0.00975608 -0.00425017 -0.0325893 0.000853845 0.000489462 -0.0084609 0.00169387 0.0284175
internal_weight=404.1 46.802 42.5759 34.304 8.27193 357.298 353.567 41.9347 311.632 4.22608
internal_count=3237 455 415 339 76 2782 2747 319 2428 40
is_linear=0
shrinkage=0.04


Tree=219
num_leaves=8
num_cat=0
split_feature=54 3 3 3 29 55 45
split_gain=1.33085 1.90455 4.59894 4.24525 3.97594 3.93652 3.44226
threshold=-0.32950541702324748 0.0017851915680283503 0.0014716806151014502 0.0013404755098868502 3.2630374432550409 0.40767446039774907 0.5099741991395893
decision_type=2 2 2 2 2 2 2
left_child=-1 2 3 -2 -3 -4 -6
right_child=1 4 5 -5 6 -7 -8
leaf_value=0.029278110199984383 0.00039680240752133008 -0.046496832872827625 0.0085285974138748361 -0.018941812510795932 -0.039469954346182605 0.053865063792500938 0.031237614593863882
leaf_weight=2.47291525453329 358.75419754721224 4.2487891074269992 9.9814615980721992 19.130890767090023 1.69384129345417 4.4218648090027264 3.1507926969788969
leaf_count=26 2818 31 105 142 13 61 41
internal_value=2.40362e-05 -0.000156198 0.000263308 -0.000582238 -0.0182536 0.022447 0.00651595
internal_weight=403.855 401.382 392.288 377.885 9.09342 14.4033 4.84463
internal_count=3237 3211 3126 2960 85 166 54
is_linear=0
shrinkage=0.04


Tree=220
num_leaves=8
num_cat=0
split_feature=38 47 51 23 51 23 23
split_gain=1.32609 1.55592 3.11918 4.27093 2.23909 9.91829 2.49453
threshold=-0.10963921558887933 0.39935768567744223 0.1260072217939591 -0.31604043741152765 0.12329150856656373 -0.11936714105586764 0.1593305370952505
decision_type=2 2 2 2 2 2 2
left_child=-1 4 3 -3 6 -6 -2
right_child=1 2 -4 -5 5 -7 -8
leaf_value=-0.02247019224487044 0.0018470090090507972 -0.0061892128222774609 -0.012803069223325332 0.043538369885776633 -0.053292728156358625 0.027792387984668855 -0.0063937754858089044
leaf_weight=4.1502923388034096 299.40220611775294 4.572292037308217 5.4677116498351088 6.9851250573992738 5.7155474871397018 4.178001653403042 73.126800055615604
leaf_count=26 2459 27 30 49 27 26 593
internal_value=2.35939e-05 0.000257306 0.0120891 0.0238654 -0.000269436 -0.0190508 0.000229357
internal_weight=403.598 399.448 17.0251 11.5574 382.423 9.89355 372.529
internal_count=3237 3211 106 76 3105 53 3052
is_linear=0
shrinkage=0.04


Tree=221
num_leaves=9
num_cat=0
split_feature=53 61 56 56 61 61 43 9
split_gain=1.30731 1.63424 7.8107 8.53452 4.60957 3.30059 5.74256 4.78054
threshold=-0.23596377058401011 0.4763330308672567 0.01319261907684419 0.011762644871570775 0.44563446800195422 0.53144018024757067 0.39984699850554845 0.00021942156589837509
decision_type=2 2 2 2 2 2 2 2
left_child=-1 2 3 -2 -4 7 -7 -3
right_child=1 5 4 -5 -6 6 -8 -9
leaf_value=-0.030601794893410927 0.00067285600265999895 -0.0091703451548657555 0.03523914578101054 -0.065520363680868596 0.0030068099791037495 0.014618785549990559 -0.0071618649979280323 0.026970062201015606
leaf_weight=2.2179591059684745 183.51835073763505 101.62417012825608 17.021003823727373 3.1703752921894184 12.178174916654823 38.760056572500616 38.711869637016207 6.2142253741621962
leaf_count=13 1567 495 423 32 105 285 285 32
internal_value=2.31819e-05 0.000192487 0.00255772 -0.000451247 0.0217959 -0.00256302 0.00373523 -0.00708774
internal_weight=403.416 401.198 215.888 186.689 29.1992 185.31 77.4719 107.838
internal_count=3237 3224 2127 1599 528 1097 570 527
is_linear=0
shrinkage=0.04


Tree=222
num_leaves=5
num_cat=0
split_feature=41 29 41 45
split_gain=1.30149 2.05282 1.60502 1.5455
threshold=4.502407586972624e-05 8.3499053420745426 4.1281202746349765e-05 0.84043396350680688
decision_type=2 2 2 2
left_child=1 2 3 -1
right_child=-2 -3 -4 -5
leaf_value=0.0004708606315231379 0.021624146410471678 0.03351418436661395 -0.028847968674236273 -0.0092055358463155636
leaf_weight=363.97313453396782 4.4142003403976551 2.8662260649725786 3.1611539712175718 28.475779485423118
leaf_count=2930 36 35 24 212
internal_value=2.37421e-05 -0.000215541 -0.000459915 -0.000231251
internal_weight=402.89 398.476 395.61 392.449
internal_count=3237 3201 3166 3142
is_linear=0
shrinkage=0.04


Tree=223
num_leaves=9
num_cat=0
split_feature=22 23 15 22 32 22 20 42
split_gain=1.29688 1.99206 9.89115 6.0467 3.08944 2.22027 3.56205 2.14222
threshold=-0.89059636661528685 0.81715153402207619 0.00020815607411100003 -0.047776350969930444 0.83159475899085289 -0.33650508775917609 0.0025857389056020506 0.0001077035048194411
decision_type=2 2 2 2 2 2 2 2
left_child=-1 5 3 -3 -4 6 -2 -7
right_child=1 2 4 -5 -6 7 -8 -9
leaf_value=0.022270204144003776 0.0053714129502928218 -0.061273126410605692 0.05152536172327981 -0.00054899179068807163 -0.005578097180988179 0.014813982768803816 0.045278207758795909 -0.0012540604309523942
leaf_weight=4.1492540389299384 32.897328351158649 6.4453751519322404 3.5058798026293507 4.424979758914561 2.6707154922187328 13.830639028921722 4.0155294192954889 330.8835795703344
leaf_count=26 350 30 24 31 21 127 34 2594
internal_value=2.29662e-05 -0.000208575 -0.0135868 -0.0365542 0.0268342 0.000389018 0.00971263 -0.000609378
internal_weight=402.823 398.674 17.047 10.8704 6.1766 381.627 36.9129 344.714
internal_count=3237 3211 106 61 45 3105 384 2721
is_linear=0
shrinkage=0.04


Tree=224
num_leaves=8
num_cat=0
split_feature=50 46 59 48 9 53 1
split_gain=1.28088 3.2772 2.64594 4.6161 3.54944 4.8589 2.60979
threshold=-0.21303217501454541 0.15655905192596251 -0.75141934653418663 0.67547155286835914 0.00018708249373117358 0.34297654676564943 1.1733276415866387
decision_type=2 2 2 2 2 2 2
left_child=1 -1 4 6 -2 -6 -4
right_child=2 -3 3 -5 5 -7 -8
leaf_value=0.042294112936954606 0.016236826041470701 -0.013009396445154047 0.00071012874994245175 0.041701946794691337 -0.059799764574546568 -0.0092380155878808209 -0.015397608655554616
leaf_weight=3.7623343318700782 4.471721880137923 3.1496542990207672 355.6396759445779 4.2920654639601699 4.3632737584412089 10.034579657018183 16.856541331857443
leaf_count=31 28 21 2925 26 23 53 130
internal_value=2.26563e-05 0.0170934 -0.000275563 0.000456455 -0.0148925 -0.0245608 -1.87934e-05
internal_weight=402.57 6.91199 395.658 376.788 18.8696 14.3979 372.496
internal_count=3237 52 3185 3081 104 76 3055
is_linear=0
shrinkage=0.04


Tree=225
num_leaves=13
num_cat=0
split_feature=15 22 22 7 14 6 44 15 24 41 22 42
split_gain=1.262 3.62933 4.6703 3.94959 3.53699 4.12163 5.60791 4.76336 3.48369 3.34433 1.13312 0.146713
threshold=-0.00047315954768874994 0.27953941835383755 -0.22128862936272028 -0.0005327342750419999 -0.00052454593346304998 -0.00024269253767609999 0.018842530383489504 -0.00040465479079904995 0.041666666666597151 -2.9980269491236555e-05 0.032274060548576608 0.00013261814518689323
decision_type=2 2 2 2 2 2 2 2 2 2 2 2
left_child=1 2 9 -4 10 6 -6 -7 -3 -1 -2 -10
right_child=4 8 3 -5 5 7 -8 -9 11 -11 -12 -13
leaf_value=-0.024947650372560741 0.046352617559665459 -0.010625238674948467 0.0093643317725979093 -0.022325160566081442 0.013622232152278844 0.023339851242650964 -0.058097216546478134 4.1917622646353126e-06 0.036387034928428152 0.022250355573930892 0.013472849533572005 0.051511255798336777
leaf_weight=3.1268093953840426 3.3147998973727217 3.1691849771887055 7.8709350135177329 31.384329833090309 2.9074397366493931 14.649310174398122 4.3607803992927074 313.66132231708616 1.806913307867944 10.363113407976924 3.394233837723732 2.3752075438387692
leaf_count=42 21 16 63 217 20 113 23 2559 22 99 20 22
internal_value=2.21451e-05 -0.00532399 -0.00899376 -0.0159712 0.000960781 0.000385853 -0.0294079 0.00104544 0.0210064 0.0113104 0.0297181 0.0449767
internal_weight=402.384 60.0965 52.7452 39.2553 342.288 335.579 7.26822 328.311 7.35131 13.4899 6.70903 4.18212
internal_count=3237 481 421 280 2756 2715 43 2672 60 141 41 44
is_linear=0
shrinkage=0.04


Tree=226
num_leaves=10
num_cat=0
split_feature=13 6 61 0 14 44 37 42 22
split_gain=1.27071 4.36597 2.80089 2.01968 1.92782 2.32943 4.94669 2.48554 0.897911
threshold=0.00036339084057585008 0.00038977503182575007 0.51541739897739269 55.848598810440613 0.00053568922750095004 0.018843704653345311 -0.40321679239775027 0.00017550526039756173 0.16039040147909064
decision_type=2 2 2 2 2 2 2 2 2
left_child=4 2 3 -2 5 7 -7 -1 -6
right_child=1 -3 -4 -5 8 6 -8 -9 -10
leaf_value=0.00058721441589336279 0.006787446447448657 -0.042623011611514071 -0.014301299679417224 0.038876137387400443 0.03951965148319115 -0.050917232568768934 -0.0050634543103253004 -0.034115999086757422 0.0039981258684151592
leaf_weight=337.75915275607258 5.2894828170538002 2.2096563987433901 3.5407930919900528 7.7168757012113929 2.7785857785493127 4.2454793788492671 33.212807532399893 3.3347870483994475 1.9290918055921791
leaf_count=2774 37 23 28 80 28 24 198 29 16
internal_value=2.19732e-05 0.0101875 0.0172396 0.0258262 -0.000475528 -0.000791891 -0.0102605 0.00024793 0.0249638
internal_weight=402.017 18.7568 16.5472 13.0064 383.26 378.552 37.4583 341.094 4.70768
internal_count=3237 168 145 117 3069 3025 222 2803 44
is_linear=0
shrinkage=0.04


Tree=227
num_leaves=12
num_cat=0
split_feature=61 55 10 61 1 24 22 31 47 45 14
split_gain=1.29799 1.84962 2.23364 1.59724 4.60049 5.99568 4.44985 4.16166 5.71104 4.84804 0.00163165
threshold=0.59863169172972286 0.42823695440755066 -0.00018167904467494998 0.48909998178544783 0.30983071214541275 0.024999999999958254 0.20060923531627098 0.043606796840448776 0.38879521778870701 0.6706456665768713 -0.00050937648306629993
decision_type=2 2 2 2 2 2 2 2 2 2 2
left_child=3 2 -2 7 5 -5 -6 9 -9 -1 -4
right_child=1 -3 10 4 6 -7 -8 8 -10 -11 -12
leaf_value=-0.0082423568663008949 -0.0076385274242727645 -0.034350281776425191 0.043465076493386344 0.018986617759103208 -0.0069138927144947546 -0.0039851126654682307 -0.036255749273679229 0.018889331597825534 -0.00045381191657359408 0.0070404426762423859 0.041544268193499996
leaf_weight=90.559219481423497 2.2385091446340084 0.98492429219186295 0.9060455560684203 23.000901781022549 31.306992052122951 86.716403421014547 11.23827752843499 43.480782297905535 55.716476809233427 52.44361367681995 3.2303924201987675
leaf_count=843 21 17 16 117 174 435 56 624 338 470 126
internal_value=2.17175e-05 0.0166653 0.0245471 -0.000288817 -0.00349903 0.000830632 -0.0146645 0.00172933 0.0080248 -0.00263768 0.041965
internal_weight=401.823 7.35987 6.37495 394.463 152.263 109.717 42.5453 242.2 99.1973 143.003 4.13644
internal_count=3237 180 163 3057 782 552 230 2275 962 1313 142
is_linear=0
shrinkage=0.04


Tree=228
num_leaves=13
num_cat=0
split_feature=20 59 53 49 9 31 22 31 21 22 43 42
split_gain=1.31527 3.66982 6.12328 4.18473 2.33276 7.64926 5.84869 4.58659 4.08659 6.22821 4.82278 0.984567
threshold=0.0025834948173312005 0.44784213533218581 -0.038600898017287229 0.31474472063704856 0.00018978229718744313 -0.50947678549373732 0.28759591214250263 1.6434769303617949 0.00013864103836400002 0.15848192578933376 0.10703208075109381 0.00011778503078746227
decision_type=2 2 2 2 2 2 2 2 2 2 2 2
left_child=1 2 11 -4 5 6 -2 -7 9 -6 -10 -1
right_child=4 -3 3 -5 8 7 -8 -9 10 -11 -12 -13
leaf_value=0.015553745655076999 -0.010812834143631237 -0.044125800167577507 -0.0036035818154619239 -0.043953932613285646 -0.0020298613455783177 0.018022329770630334 0.028806200577598372 -0.01505990555101586 -0.031852562378816847 0.017223504761567587 -0.004639823675249225 0.0508646604909955
leaf_weight=2.0629420494660726 47.49321423470974 3.7713045142590991 32.749896630179137 4.7029145108535877 126.5868838634342 59.983424049336463 6.817493444774299 7.5492255985736838 12.625139143317936 34.13061009068042 59.662161851301789 3.2598903486505151
leaf_count=38 388 33 288 48 938 520 59 65 83 269 460 48
internal_value=2.21467e-05 -0.00629989 -0.00296498 -0.00867034 0.000851435 0.00533636 -0.00583955 0.0143242 -0.00149383 0.00205886 -0.00939259 0.0371794
internal_weight=401.395 46.5469 42.7756 37.4528 354.848 121.843 54.3107 67.5326 233.005 160.717 72.2873 5.32283
internal_count=3237 455 422 336 2782 1032 447 585 1750 1207 543 86
is_linear=0
shrinkage=0.04


Tree=229
num_leaves=9
num_cat=0
split_feature=41 1 1 20 7 51 0 60
split_gain=1.29134 2.03515 2.48032 2.96256 2.44259 6.41903 3.58811 1.69168
threshold=4.502407586972624e-05 1.1733276415866387 1.4026989767639864 0.0025836481322076004 0.00027753155434305006 0.1151779914610586 73.223116124889444 -0.80733460696657311
decision_type=2 2 2 2 2 2 2 2
left_child=1 4 3 -3 6 -6 -1 -4
right_child=-2 2 7 -5 5 -7 -8 -9
leaf_value=-0.00090372873690221342 0.02157067638334826 -0.06499955167350939 -0.019523202704486348 -0.014105289101819182 0.017508204668995716 -0.042041589212444573 0.049923521312982978 0.025829105746473284
leaf_weight=348.13019353756681 4.4011219982057801 2.3764668107032758 2.2077345624566078 7.9581252261996269 27.361764024943117 3.2390503212809554 2.2365223690867415 3.2578051742166272
leaf_count=2742 36 15 19 64 290 16 25 30
internal_value=2.288e-05 -0.000216138 -0.0142832 -0.0258086 0.000367276 0.0112049 -0.000579279 0.00750962
internal_weight=401.169 396.768 15.8001 10.3346 380.968 30.6008 350.367 5.46554
internal_count=3237 3201 128 79 3073 306 2767 49
is_linear=0
shrinkage=0.04


Tree=230
num_leaves=9
num_cat=0
split_feature=37 23 23 44 30 3 9 43
split_gain=1.28731 5.36706 5.87398 4.91718 3.48829 2.43785 2.24651 0.262637
threshold=-0.60265258275122124 0.38933770002100926 -0.32938421178414051 0.018842551884441849 -2.2016270834523817 0.00034451234867650005 0.00017544954546515218 0.83344635808111311
decision_type=2 2 2 2 2 2 2 2
left_child=1 2 3 -1 -2 -6 -7 -4
right_child=4 -3 7 -5 5 6 -8 -9
leaf_value=0.020125549626041312 -0.047331653013965073 -0.038641477905145612 0.050546130135662941 -0.049741736325779391 -0.035809555684282221 0.0085803228398412222 -0.00098516570413851776 0.032834200496964984
leaf_weight=4.4298845157027253 2.5233372282236806 2.9184575760737053 5.4475671062245974 2.5334607418626547 3.0422530323266974 44.525815629400313 333.68096567457542 1.7762764329090712
leaf_count=39 17 23 58 23 18 483 2550 26
internal_value=2.23934e-05 0.0107589 0.0209211 -0.00529413 -0.000456157 -0.000145907 0.000140967 0.0461909
internal_weight=400.878 17.1056 14.1872 6.96335 383.772 381.249 378.207 7.22384
internal_count=3237 169 146 62 3068 3051 3033 84
is_linear=0
shrinkage=0.04


Tree=231
num_leaves=7
num_cat=0
split_feature=38 47 51 41 51 46
split_gain=1.26334 1.45387 2.86534 4.03713 2.10137 2.13657
threshold=-0.10963921558887933 0.39935768567744223 0.1260072217939591 1.0736669709269603e-05 0.12437109545172474 0.17535998198981623
decision_type=2 2 2 2 2 2
left_child=-1 4 3 -3 5 -2
right_child=1 2 -4 -5 -6 -7
leaf_value=-0.021982850472198705 -0.00044215251132733851 0.049196287679721035 -0.012121561608725078 0.0013803761082146029 -0.022616446552647447 0.015940506475304619
leaf_weight=4.1313292738050214 359.87026589177549 5.1888712421059626 5.4419509544968596 6.202012300491333 6.608895666897296 13.204368714243172
leaf_count=26 2994 42 30 34 35 76
internal_value=2.23339e-05 0.000251607 0.011755 0.0231619 -0.000258381 0.000137685
internal_weight=400.648 396.516 16.8328 11.3909 379.684 373.075
internal_count=3237 3211 106 76 3105 3070
is_linear=0
shrinkage=0.04


Tree=232
num_leaves=13
num_cat=0
split_feature=15 24 22 7 51 13 30 21 39 15 22 8
split_gain=1.26529 5.25866 4.28009 4.1448 5.24935 4.85165 4.04349 3.35863 5.32204 3.2471 3.08967 2.78459
threshold=0.00062984752617955013 0.15833333333306943 0.22797859155764752 0.00027753155434305006 0.10184839044762539 6.2156136976032533e-05 1.5433534734262604 0.00022219570902135002 0.48608545449356577 0.00083495078157575008 0.28759591214250263 0.00067659013087765011
decision_type=2 2 2 2 2 2 2 2 2 2 2 2
left_child=3 2 9 7 5 -5 -3 10 -9 -2 -1 -6
right_child=1 6 -4 4 11 -7 -8 8 -10 -11 -12 -13
leaf_value=-0.00072185954170581057 0.0024564056891261381 0.00015858738903789949 -0.028901138417632578 -0.010998196977855999 -0.026827880740906571 0.038560711901650016 -0.070514399841250949 -0.026367786881957372 0.0040038130879622028 0.050919714801269507 0.011760920437007777 0.01547905557960848
leaf_weight=277.73986433818936 7.8121774671599287 2.1074595358222714 4.8782334830611935 4.0382792418822708 5.6100297123193723 14.541668216232209 3.3611311372369528 19.557735265232623 17.483584770932794 3.0857577687129378 35.816804581321776 4.4745628871023655
leaf_count=2187 65 24 32 38 33 187 26 134 147 33 303 28
internal_value=2.19513e-05 -0.00947738 0.00223941 0.000554066 0.0151783 0.0277893 -0.0432788 -0.0006416 -0.0120323 0.0161788 0.000704018 -0.00805617
internal_weight=400.507 21.2448 15.7762 379.263 28.6645 18.5799 5.46859 350.598 37.0413 10.8979 313.557 10.0846
internal_count=3237 180 130 3057 286 225 50 2771 281 98 2490 61
is_linear=0
shrinkage=0.04


Tree=233
num_leaves=9
num_cat=0
split_feature=6 13 14 61 0 13 25 6
split_gain=1.24824 2.80898 2.45575 2.29157 2.32483 2.23946 1.8646 0.881179
threshold=0.00034768903828405007 0.00036339084057585008 0.00053568922750095004 0.51541739897739269 55.848598810440613 0.00014619636228725003 0.50000000000000011 0.00024762535243370002
decision_type=2 2 2 2 2 2 2 2
left_child=1 2 5 4 -3 -1 -2 -4
right_child=6 3 7 -5 -6 -7 -8 -9
leaf_value=0.00080334327285739833 0.0065782341023600333 0.0064732227294358683 0.011620482330308822 -0.012383378195940018 0.042792046089049726 -0.0068840261748004351 -0.046612332383436164 0.048163963422054437
leaf_weight=301.19869923964143 1.9915615143254388 5.2597104441374523 2.1072882395237675 3.2000907985493532 6.0794983566738665 75.91482551349327 2.2410374134778976 2.1157598681747913
leaf_count=2392 25 37 19 25 61 633 23 22
internal_value=2.24236e-05 0.00025344 -0.000404479 0.0175093 0.0259455 -0.000744162 -0.0215846 0.0299289
internal_weight=400.108 395.876 381.337 14.5393 11.3392 377.114 4.2326 4.22305
internal_count=3237 3189 3066 123 98 3025 48 41
is_linear=0
shrinkage=0.04


Tree=234
num_leaves=11
num_cat=0
split_feature=22 25 43 55 49 45 47 59 38 18
split_gain=1.29615 6.76839 8.97539 5.81046 5.74439 4.57778 3.59143 4.16008 8.5155 4.7582
threshold=0.068868787595843112 0.90000000000000013 0.39984699850554845 -0.40001034419666603 -0.22651286068063756 0.58281042264122662 -0.39864424543080551 0.25304517630153345 1.2596770404880644 1.0000000180025095e-35
decision_type=2 2 2 2 2 2 2 2 2 2
left_child=6 3 5 -2 -5 -3 -1 9 -9 -8
right_child=1 2 -4 4 -6 -7 7 8 -10 -11
leaf_value=0.037179564653458105 0.04174490213253889 -0.085092157693745576 0.02421684309821058 -0.04739967390556981 -0.00023080474792383296 -0.029450641852262732 0.007865429062461517 -0.022577845365463162 0.021808248852154481 -0.0052399350029965295
leaf_weight=4.5251777311787 5.1135516837239257 3.4429843146353942 3.8327599484473458 4.2604888528585425 135.89793334528804 7.5616975706070662 132.36597986612469 27.068939805962145 9.2888688878156227 66.644484443590045
leaf_count=37 32 24 27 20 1069 67 1191 238 99 433
internal_value=2.21618e-05 -0.00276497 -0.0284989 -0.000136619 -0.00166463 -0.0468589 0.00188234 0.00120372 -0.0112379 0.00347671
internal_weight=400.003 160.109 14.8374 145.272 140.158 11.0047 239.893 235.368 36.3578 199.01
internal_count=3237 1239 118 1121 1089 91 1998 1961 337 1624
is_linear=0
shrinkage=0.04


Tree=235
num_leaves=12
num_cat=0
split_feature=61 54 44 7 31 55 20 61 49 53 57
split_gain=1.25645 3.04338 4.09351 3.48448 2.77951 2.65577 4.94548 5.44896 2.63547 6.24516 4.51521
threshold=0.57177059312473599 -0.10905694623440047 0.018842620575821402 7.5507724314177681e-05 -1.644566083227246 0.4254955366874843 0.0025839736215518007 0.49677845973129459 0.36258280801719994 -0.012397509524735966 0.24268803729085484
decision_type=2 2 2 2 2 2 2 2 2 2 2
left_child=5 -2 4 -4 -3 8 -7 -8 10 -10 -1
right_child=1 2 3 -5 -6 6 7 -9 9 -11 -12
leaf_value=0.0012095888352737891 -0.043702427689665292 -0.019686308691234423 -0.0090884856250077091 0.032212607285489511 0.046863042695759888 0.025497629217863679 0.013627233879222858 -0.04632058503002652 0.012630955841200201 -0.046808980412505044 -0.010793108209219502
leaf_weight=246.90600207354873 1.680714370682838 1.1910458924248812 13.082982006482782 4.3568188473582259 6.3994668130762902 3.4157629418186835 3.4016617545858017 8.4580172002315503 44.699815768282861 3.019205425400286 62.926940957549959
leaf_count=1773 13 9 137 51 102 39 49 39 451 38 536
internal_value=2.21796e-05 0.00840252 0.0119012 0.00122937 0.0364206 -0.000578225 -0.0169115 -0.029126 0.000119571 0.00887016 -0.00122815
internal_weight=399.538 26.711 25.0303 17.4398 7.59051 372.827 15.2754 11.8597 357.552 47.719 309.833
internal_count=3237 312 299 188 111 2925 127 88 2798 489 2309
is_linear=0
shrinkage=0.04


Tree=236
num_leaves=12
num_cat=0
split_feature=45 22 14 29 0 20 44 55 12 3 32
split_gain=1.26834 4.39903 4.39588 5.4602 2.4366 1.64175 3.898 3.39419 3.76606 3.12229 0.487295
threshold=0.33010036098341816 -0.12060762744534724 -0.00024070633687229998 2.4218481859511214 53.691378843561914 0.0025834948173312005 0.018842156036768167 0.41770565947507116 -0.00017544722862349995 0.00045936822504805006 -0.3781730506537293
decision_type=2 2 2 2 2 2 2 2 2 2 2
left_child=1 4 -3 -4 -1 7 -7 8 -2 -8 -9
right_child=5 2 3 -5 -6 6 9 10 -10 -11 -12
leaf_value=0.048662929502509035 0.023051173339634894 0.015165656362636708 -0.016434124673338962 -0.080531963612520324 -0.011593834591742134 0.044310636661441465 0.036937472646904543 0.015006261633647556 -0.013960753625696732 0.00063428545331767252 0.049307098009425683
leaf_weight=2.698318142443898 4.9960136972367755 4.0057087633758792 7.7790621900930965 2.9262743704020977 1.7833705842494962 3.3669080343097439 3.8348613008856764 1.0818847417831423 36.791044170502573 328.16049898182973 1.7102314271032799
leaf_count=33 51 34 59 23 20 33 50 15 339 2552 28
internal_value=2.24553e-05 -0.01001 -0.0205799 -0.0339551 0.0246853 0.000529245 0.00148791 -0.00668261 -0.00953565 0.00105362 0.0360163
internal_weight=399.134 19.1927 14.711 10.7053 4.48169 379.941 335.362 44.5792 41.7871 331.995 2.79212
internal_count=3237 169 116 82 53 3068 2635 433 390 2602 43
is_linear=0
shrinkage=0.04


Tree=237
num_leaves=9
num_cat=0
split_feature=54 42 1 8 53 61 30 57
split_gain=1.23958 1.51977 5.41479 9.05338 4.65733 2.46879 3.57979 2.44391
threshold=-0.32950541702324748 0.00015688705444950356 0.75563291992375536 3.0440739094694582e-05 -0.04866608120669455 0.58657205344341568 -2.0288063628467898 -0.50055044085757117
decision_type=2 2 2 2 2 2 2 2
left_child=-1 5 3 -3 -4 7 -7 -2
right_child=1 2 4 -5 -6 6 -8 -9
leaf_value=0.028831984501571092 0.0077781814073659009 0.0025399466185872222 -0.044835720561606091 -0.038843716558018819 0.026314165379159652 -0.051361381456688976 0.035184101984013477 -0.0012443196217163698
leaf_weight=2.3753897286951533 57.767065305262804 20.005432679317892 1.7166325012221921 14.653436157852409 10.329487757757304 0.87441525608301152 6.0943214939907184 285.1016833325848
leaf_count=26 340 151 15 99 92 9 147 2358
internal_value=2.26326e-05 -0.000149943 -0.00692722 -0.0149567 0.016175 0.000754857 0.0243246 0.000275806
internal_weight=398.918 396.542 46.705 34.6589 12.0461 349.837 6.96874 342.869
internal_count=3237 3211 357 250 107 2854 156 2698
is_linear=0
shrinkage=0.04


Tree=238
num_leaves=9
num_cat=0
split_feature=61 15 14 6 21 43 21 55
split_gain=1.2391 1.50199 4.11109 3.96399 3.80222 5.08018 4.54512 0.688318
threshold=0.65845938424860007 -0.00047315954768874994 -0.00052454593346304998 -0.00024269253767609999 -0.00032929708623924994 0.35845333129807089 -0.00037921554865164996 0.41810426538987772
decision_type=2 2 2 2 2 2 2 2
left_child=1 4 -3 -4 6 -6 -1 -2
right_child=7 2 3 -5 5 -7 -8 -9
leaf_value=-0.0052447828904055652 0.044179389211596684 0.033508764926876496 -0.029297608442901364 0.00092183979341490282 -0.0035564026554956375 -0.060784396115220733 0.037787902940441022 -0.00014611350060068849
leaf_weight=44.067850638646632 1.5753650944679969 6.0645106518641105 7.0969188008457413 324.68370144395158 5.7197729861363751 4.3842957764863968 4.3112628562375894 0.87014026753604401
leaf_count=352 31 37 42 2647 44 26 41 17
internal_value=2.26145e-05 -0.000152534 0.000871991 0.000275434 -0.006071 -0.0283884 -0.00140996 0.0284078
internal_weight=398.774 396.328 337.845 331.781 58.4832 10.1041 48.3791 2.44551
internal_count=3237 3189 2726 2689 463 70 393 48
is_linear=0
shrinkage=0.04


Tree=239
num_leaves=15
num_cat=0
split_feature=61 59 61 39 51 7 51 23 14 23 45 27 22 52
split_gain=1.24765 8.56635 5.47677 5.38162 4.76286 5.94657 4.82079 4.72008 4.29201 3.81957 3.76899 2.8286 2.79483 2.5589
threshold=0.43634652038310756 -0.2862577643020992 0.40087432830500092 -0.0031488475038315518 0.10502564446777475 -0.00013634056852364999 0.1026731281742758 -0.6028576044019035 -0.00048645695132099991 -0.48017197638949111 0.87102134953868082 -1.1640866226476272 0.52659895081050834 0.76264108311131995
decision_type=2 2 2 2 2 2 2 2 2 2 2 2 2 2
left_child=1 7 10 -4 6 8 12 13 -6 -9 -3 -7 -2 -1
right_child=4 2 3 -5 5 11 -8 9 -10 -11 -12 -13 -14 -15
leaf_value=-0.050717362360375641 -0.003453993212958121 0.036444418500520728 -0.052553760085441492 0.011135828642267295 0.033204009356169475 -0.00044646598043344808 -0.0375626925563654 0.031727855066082639 -0.014018193189409856 -0.0025858805112346679 -0.048304269360295915 0.046950965624587393 0.022147388229415196 -0.0051968286605529844
leaf_weight=4.8734941482543928 209.0287855558563 19.855605511926118 2.3929211925715235 18.800233898684382 4.1650698632001868 2.6130504608154288 6.5068324580788603 5.4974485784769049 11.816094011068346 92.92211801186204 0.87668514531105657 8.7958812490105611 7.0527765275910488 3.3232047036290169
leaf_count=25 1350 607 33 327 22 13 32 38 58 579 22 52 59 20
internal_value=2.21847e-05 0.0029256 0.0182438 0.00394463 -0.00170308 0.0140367 -0.00363989 -0.00309807 -0.00171097 -0.000669209 0.0328607 0.0360953 -0.00261838 -0.0322619
internal_weight=398.52 148.542 41.9254 21.1932 249.978 27.3901 222.588 106.616 15.9812 98.4196 20.7323 11.4089 216.082 8.1967
internal_count=3237 1651 989 360 1586 145 1441 662 80 617 629 65 1409 45
is_linear=0
shrinkage=0.04


Tree=240
num_leaves=15
num_cat=0
split_feature=41 14 36 44 3 44 22 8 1 41 3 6 8 31
split_gain=1.25691 6.0375 6.43775 5.68687 5.22527 4.92934 2.82097 2.72975 6.43198 6.09222 5.57504 5.05172 4.63653 2.47247
threshold=1.1599159234609859e-05 -0.00019852286258094997 0.51880365530816597 0.018843091986006113 0.00090340391816325007 0.018842196585583924 -0.077400580705846225 -5.358708376919884e-05 -0.25907941593140998 4.6941224485526812e-06 0.00078617437376985019 -0.00012459522518819998 -2.9650527156662471e-05 1.3375285276555824
decision_type=2 2 2 2 2 2 2 2 2 2 2 2 2 2
left_child=7 4 3 -3 13 -4 -6 8 10 -10 -1 -9 -13 -2
right_child=1 2 5 -5 6 -7 -8 11 9 -11 -12 12 -14 -15
leaf_value=-0.012582899406056598 0.023429470708469045 0.025312877405940314 -0.074549578485678086 -0.001960120289656842 -0.057636031739910248 -0.0044318437370537683 -0.015623407174992117 0.034718409719342348 0.019825440360067552 -0.023714959281964071 0.0027940127328866466 -0.040995484640966549 -0.0064742904765091903 -0.020690187371740637
leaf_weight=56.994376148562878 5.4129841942340153 36.49473190237768 1.7779029915109301 18.400657679885626 4.8121244269423187 16.417392869479954 5.4570404030382615 4.4078109078109255 40.927657954394817 5.8805208057165137 111.5822395212017 6.756145115941762 79.185543303377926 3.2540007065981627
leaf_count=454 45 385 11 133 26 144 34 34 322 44 894 48 643 20
internal_value=2.32724e-05 0.00412169 0.00933659 0.0161711 -0.016007 -0.0112832 -0.0353105 -0.00121036 0.0012376 0.0143555 -0.0024048 -0.00704608 -0.00918811 0.00686484
internal_weight=397.761 92.0268 73.0907 54.8954 18.9361 18.1953 10.2692 305.734 215.385 46.8082 168.577 90.3495 85.9417 8.66698
internal_count=3237 798 673 518 125 155 60 2439 1714 366 1348 725 691 65
is_linear=0
shrinkage=0.04


Tree=241
num_leaves=10
num_cat=0
split_feature=29 10 0 22 0 23 61 55 3
split_gain=1.20493 2.93973 4.27296 5.08893 2.10787 1.75626 1.89492 4.48393 4.20314
threshold=0.07407144971548095 -0.00022860957955534998 55.64820112011472 -0.030925436008829948 48.009362859270254 -1.0437696246899011 0.4775269418816655 0.41913313488439863 0.0014797163266868504
decision_type=2 2 2 2 2 2 2 2 2
left_child=1 -1 4 -4 -3 -2 7 -7 -8
right_child=5 2 3 -5 -6 6 8 -9 -10
leaf_value=-0.042609717690525156 -0.036699361999722048 0.010577512127148216 -0.032313397306363727 0.018734512579820558 0.036563335756310218 0.0011821215909736478 -0.0049484084292688206 0.037244756410068643 0.0260233855260328
leaf_weight=1.8072320632636536 2.1510499976575366 12.63186050951481 6.7449549734592438 5.8212439399212581 8.2606602162122709 188.05378988292068 158.8669691728428 5.6832200773060313 7.3343484287615857
leaf_count=12 11 113 45 53 72 1800 940 142 49
internal_value=2.39267e-05 0.00708193 0.00976597 -0.00866565 0.020852 -0.000663493 -0.000448136 0.00224001 -0.00358164
internal_weight=397.355 35.266 33.4587 12.5662 20.8925 362.089 359.938 193.737 166.201
internal_count=3237 295 283 98 185 2942 2931 1942 989
is_linear=0
shrinkage=0.04


Tree=242
num_leaves=14
num_cat=0
split_feature=61 19 56 41 42 15 43 22 14 12 13 12 9
split_gain=1.20429 1.91846 2.86854 1.60407 7.14235 3.2502 2.56208 2.24784 2.21639 0.992424 0.423849 0.0029113 0.000161449
threshold=0.59863169172972286 -0.79124646000314247 0.022322295157674251 -4.6635860347373391e-05 0.00012293169983271904 -0.00043585639844679995 0.92080931201751126 0.076929417062193819 -0.00027899539110864995 4.4857299659669841e-05 -0.00063769884022929989 -0.00015708426257034997 0.00021706019016184809
decision_type=2 2 2 2 2 2 2 2 2 2 2 2 2
left_child=3 10 12 4 9 -6 7 -5 -8 -1 -2 -12 -3
right_child=1 2 -4 6 5 -7 8 -9 -10 -11 11 -13 -14
leaf_value=-0.032757126008238491 0.0058708068823894047 0.041225305064152763 -0.033301032832673043 0.0021321168029760328 -0.0098899538428124899 0.052189592927890799 -0.0126246535006593 -0.0042585797822388268 0.033232353407576895 -0.068631943660896727 0.044560842648176884 0.041917482655135944 0.042114070209624384
leaf_weight=2.4596221670508367 0.59565547853708301 0.7105696685612195 2.1559275956824422 226.44010912068188 3.3321063779294491 2.2677182354964316 2.2697089957073331 144.10400326736271 6.5616378085687739 2.4755507446825504 0.99097985029220614 2.0368769301567227 0.60585763864219189
leaf_count=22 5 31 39 1797 44 22 15 1068 71 18 14 75 16
internal_value=2.39247e-05 0.0163547 -0.00489179 -0.000273274 -0.0156692 0.0152499 0.000154261 -0.000353215 0.0214468 -0.0507524 0.0367148 0.0427826 0.0416343
internal_weight=397.006 7.09587 3.47235 389.91 10.535 5.59982 379.375 370.544 8.83135 4.93517 3.62351 3.02786 1.31643
internal_count=3237 180 86 3057 106 66 2951 2865 86 40 94 89 47
is_linear=0
shrinkage=0.04


Tree=243
num_leaves=11
num_cat=0
split_feature=45 55 51 29 51 47 45 3 51 46
split_gain=1.19492 3.71243 4.93144 5.06678 4.62009 1.94792 2.61832 3.39167 2.51341 3.07353
threshold=0.84043396350680688 -0.42045990952412665 0.017024199755290039 3.5717610773181909 -0.075435282879423263 0.3986131788587633 0.71267907925789309 0.00091066969902100006 0.12437109545172474 0.17535998198981623
decision_type=2 2 2 2 2 2 2 2 2 2
left_child=5 -2 4 -4 -3 8 7 -7 9 -1
right_child=1 2 3 -5 -6 6 -8 -9 -10 -11
leaf_value=-0.00029047943610049183 -0.041791221348735245 0.0099673113073653948 0.025844926278405362 -0.020434508499973428 -0.051159755667877546 0.042857551821909985 -0.01462239297232314 0.0038802671938300043 -0.026709419800072944 0.020964584060058754
leaf_weight=331.59376997663639 4.3588770329952267 3.2596012549474835 11.393257176503541 5.6681797606870523 5.0330694057047385 6.4637468084692973 4.1819949634373179 7.9842103607952595 5.5576932355761519 11.254571907222269
leaf_count=2800 22 32 87 37 44 44 27 49 29 66
internal_value=2.39482e-05 -0.00769133 -0.00182888 0.0104699 -0.0271325 0.00064853 0.0132502 0.021318 -2.53053e-05 0.000407254
internal_weight=396.749 29.713 25.3541 17.0614 8.29267 367.036 18.63 14.448 348.406 342.848
internal_count=3237 222 200 124 76 3015 120 93 2895 2866
is_linear=0
shrinkage=0.04


Tree=244
num_leaves=7
num_cat=0
split_feature=22 22 3 15 22 31
split_gain=1.18498 1.97297 5.01873 4.32519 4.0063 1.76454
threshold=-0.89059636661528685 -0.56921067846672058 0.00095590291391555013 -0.00024806261182939998 -0.52392418743088232 -1.8079577482536637
decision_type=2 2 2 2 2 2
left_child=-1 2 3 -2 -3 -6
right_child=1 4 -4 -5 5 -7
leaf_value=0.021565464365362868 -0.064033429916699552 0.04911698937225735 0.028278937128638253 -0.0086002108222718362 0.013182557711472347 -0.0005945301397420207
leaf_weight=4.0441083386540404 3.699906922876834 2.6728214407339683 3.1108549912460139 5.7552199289202681 15.512151149101554 361.75453883525915
leaf_count=26 18 26 27 33 158 2949
internal_value=2.38752e-05 -0.000198075 -0.015792 -0.0302919 0.000317674 -2.80548e-05
internal_weight=396.55 392.505 12.566 9.45513 379.94 377.267
internal_count=3237 3211 78 51 3133 3107
is_linear=0
shrinkage=0.04


Tree=245
num_leaves=7
num_cat=0
split_feature=0 41 42 8 6 3
split_gain=1.17767 2.05152 6.71941 3.36952 2.99173 2.38541
threshold=14.574154159009597 -4.6635860347373391e-05 0.00012293169983271904 -0.00087879624167254997 -0.00011412416003404998 0.0017851915680283503
decision_type=2 2 2 2 2 2
left_child=-1 2 -2 -3 -4 -5
right_child=1 3 4 5 -6 -7
leaf_value=0.028844770209493338 -0.052313267629758915 0.037631130981448956 -0.01230583135514051 0.00034167776245693345 0.048880942895158423 -0.025588555426358298
leaf_weight=2.2554350623395285 4.7807575305923802 3.8350162701681247 3.0662855838891119 374.47970894817263 2.1930253389291465 5.7637349264696232
leaf_count=39 38 38 36 3009 25 52
internal_value=2.32259e-05 -0.000141712 -0.0179912 0.000324886 0.0132078 -5.1373e-05
internal_weight=396.374 394.119 10.0401 384.078 5.25931 380.243
internal_count=3237 3198 99 3099 61 3061
is_linear=0
shrinkage=0.04


Tree=246
num_leaves=13
num_cat=0
split_feature=61 42 7 43 61 61 1 22 7 23 25 50
split_gain=1.16834 2.94491 6.13782 2.38907 3.14196 2.00234 9.16052 9.72735 7.70812 4.24542 5.47122 1.2567
threshold=0.57177059312473599 0.00013355531227802794 -0.00057144248747579998 0.13365671896339709 0.58991476531260822 0.50036194023781833 0.45552677173600392 0.16524252479197438 -0.00029906249161499996 -1.008840928034114 0.25000000000000006 0.0077549917166650408
decision_type=2 2 2 2 2 2 2 2 2 2 2 2
left_child=5 2 -2 -3 -5 9 8 -8 -7 -1 -11 -4
right_child=1 3 11 4 -6 6 7 -9 -10 10 -12 -13
leaf_value=-0.055743168281241248 -0.043193865958542778 0.030167381201936169 0.0026890260282896651 -0.0257542221935055 0.011880431392284766 -0.020251479386710985 -0.011368187769304268 -0.069866441025119713 0.0073411921391886327 0.025069103486127037 0.00036817940490077599 0.050484485938010054
leaf_weight=2.0653371326625338 1.6071738712489603 3.1685662213712957 1.0318236900493518 7.6224367991089803 6.6421904973685741 21.303927712142467 16.134592238813642 6.3333595320582381 67.597109593451023 15.253977201879023 241.45183893642388 5.989727754611522
leaf_count=16 11 33 11 42 129 102 86 29 329 215 2148 86
internal_value=2.27208e-05 0.00820862 0.0273207 -0.00125109 -0.00823 -0.000553656 -0.00503823 -0.0278579 0.000728983 0.0013764 0.00183596 0.0434609
internal_weight=396.202 26.0619 8.62873 17.4332 14.2646 370.14 111.369 22.468 88.901 258.771 256.706 7.02155
internal_count=3237 312 108 204 171 2925 546 115 431 2379 2363 97
is_linear=0
shrinkage=0.04


Tree=247
num_leaves=15
num_cat=0
split_feature=41 14 8 22 36 20 22 41 47 45 22 55 51 41
split_gain=1.24464 5.19168 6.74621 4.93661 4.80864 4.63692 4.27254 2.7673 5.7518 5.48488 3.36129 5.73026 4.40189 2.97446
threshold=1.0495538060103136e-05 -0.00021769045217094997 8.5690341839651378e-06 -0.047776350969930444 0.51880365530816597 0.0025835932799451503 -0.0031902656944915492 3.6031262607316711e-06 -0.37680852259531722 0.58281042264122662 0.28759591214250263 1.0000000180025095e-35 0.10502564446777475 6.1443488644267564e-06
decision_type=2 2 2 2 2 2 2 2 2 2 2 2 2 2
left_child=7 2 -2 -4 6 -6 -3 10 13 -10 12 -12 -1 -9
right_child=1 4 3 -5 5 -7 -8 8 9 -11 11 -13 -14 -15
leaf_value=-0.003989136750110465 0.016077273690642175 0.026924710604279589 -0.06113175664545472 -0.0091250708748332899 -0.070260922917661769 -0.0026833114596238167 0.0051010728293606825 -0.0032044174196700793 -0.036346026686615518 -0.0037726830330231226 -0.009727638314037482 0.032328496043571769 0.0092046938793738514 0.051876184460467566
leaf_weight=185.44293276639655 7.0232806415297118 24.410607828060165 5.4951467607170352 6.2325008865445826 1.798075664788487 16.838090687990189 34.837551022414118 3.1576321981847277 14.31952390167862 19.581605285406113 8.6795977428555506 12.869774720165877 51.749836433678865 3.1172935720533133
leaf_count=1558 58 258 31 40 12 151 300 23 113 156 49 141 314 33
internal_value=2.28312e-05 0.00396911 -0.0149264 -0.0334935 0.00851829 -0.00920341 0.0140925 -0.00125294 -0.0110199 -0.0175314 0.000263632 0.0153892 -0.00111056 0.0241588
internal_weight=395.553 96.6353 18.7509 11.7276 77.8843 18.6362 59.2482 298.918 40.1761 33.9011 258.742 21.5494 237.193 6.27493
internal_count=3237 850 129 71 721 163 558 2387 325 269 2062 190 1872 56
is_linear=0
shrinkage=0.04


Tree=248
num_leaves=12
num_cat=0
split_feature=55 30 42 20 14 21 14 22 55 21 8
split_gain=1.19319 3.24686 2.88254 6.14691 2.16774 5.82845 4.19801 4.7581 3.92538 3.92169 3.14856
threshold=0.42616362664297386 -1.4382270514764286 0.0001192379764313665 0.0025842819152264002 0.00024192859334765004 0.00013864103836400002 0.00021143405487640004 0.16039040147909064 0.42040962593581283 -3.054021305154362e-05 -9.3779428090217366e-05
decision_type=2 2 2 2 2 2 2 2 2 2 2
left_child=4 -2 -3 -4 6 9 8 -8 -1 -6 -7
right_child=1 2 3 -5 5 10 7 -9 -10 -11 -12
leaf_value=-0.0010583504311447651 0.050054188261087734 -0.062463763732188343 0.040886472138458758 -0.024985231973629101 -0.0011438735158714112 -0.034487634895114819 -0.045153036706384118 0.019381006512490834 0.021920990959497091 0.041649522306095033 0.003247720788584985
leaf_weight=291.08142791967839 1.287647368852048 1.8772455807775248 2.9747544368728986 9.5217369003221375 5.0020832531154165 3.8254811130464068 6.6948652490973455 2.5145977986976504 12.400682874256743 10.877376525662836 47.046796539565548
leaf_count=2330 19 13 35 77 42 20 61 19 119 85 417
internal_value=2.35548e-05 -0.0107962 -0.0162474 -0.00930466 0.000470136 0.00701373 -0.000926757 -0.0275323 -0.000119384 0.0281695 0.000410107
internal_weight=395.105 15.6614 14.3737 12.4965 379.443 66.7517 312.692 9.20946 303.482 15.8795 50.8723
internal_count=3237 144 125 112 3093 564 2529 80 2449 127 437
is_linear=0
shrinkage=0.04


Tree=249
num_leaves=15
num_cat=0
split_feature=41 14 30 44 3 22 44 18 21 21 60 30 30 55
split_gain=1.16827 5.13679 5.60161 5.38845 4.64919 4.16626 4.15008 3.32014 2.18881 5.97077 5.70517 4.32579 3.9547 2.76546
threshold=1.1599159234609859e-05 -0.00019852286258094997 1.5564109659244976 0.018843091986006113 0.00084279829718595007 -0.047776350969930444 0.018842196585583924 1.0000000180025095e-35 0.00022858063080195002 0.00029021257842295009 0.40108436330228597 1.3994293932044568 1.1715511838673931 0.14106128904338625
decision_type=2 2 2 2 2 2 2 2 2 2 2 2 2 2
left_child=8 4 3 -3 7 -6 -4 -2 11 13 -11 12 -1 -10
right_child=1 2 6 -5 5 -7 -8 -9 9 10 -12 -13 -14 -15
leaf_value=0.0001500007628141987 0.032237031997286517 0.024401062999140365 -0.068194871308967814 -0.0023326212064904519 -0.053453172512812924 -0.0057210067862970403 -0.0040261060064510626 -0.024195165070907354 -0.046602681120130461 0.010222938815437154 -0.036462183288644513 0.047306588082993831 -0.044202124481852352 -0.0093205109228023334
leaf_weight=257.96071578608826 4.4185969987884191 35.608260708628222 1.7889413964003349 18.243952040560544 5.9788048448972413 5.7296911645680639 16.360511585138738 2.6797621939331293 8.0109706502407771 21.3265779837966 5.2117517525330177 3.0765104722231618 3.2572732279077163 5.282464897260069
leaf_count=2072 36 385 11 133 33 38 144 18 46 189 40 25 27 40
internal_value=2.37317e-05 0.0040051 0.00886726 0.0153443 -0.0146096 -0.0300949 -0.010351 0.0109328 -0.00116506 -0.00990615 0.00105464 0.000152312 -0.000403051 -0.0317877
internal_weight=394.935 90.8085 72.0017 53.8522 18.8069 11.7085 18.1495 7.09836 304.126 39.8318 26.5383 264.294 261.218 13.2934
internal_count=3237 798 673 518 125 71 155 54 2439 315 229 2124 2099 86
is_linear=0
shrinkage=0.04


Tree=250
num_leaves=8
num_cat=0
split_feature=44 42 54 27 42 44 44
split_gain=1.17061 1.61096 3.82909 3.40517 2.97051 4.38219 3.23742
threshold=1.7340917872314243 0.0001077035048194411 -0.12247441533431878 -3.4833013144811016 0.00011323047979065565 0.018841972823510945 0.018842061937386811
decision_type=2 2 2 2 2 2 2
left_child=1 2 -1 -4 5 -3 -6
right_child=-2 4 3 -5 6 -7 -8
leaf_value=0.044466939979463882 -0.020540055692051747 0.024158977765244109 -0.059331116889995886 0.0089122472631302848 -0.017877037932300336 -0.020941107227974601 0.0014983338737146103
leaf_weight=4.4026244431734076 4.3799264654517165 4.1242417097091701 1.3517527375370253 8.694529156200586 14.388747077435253 20.99588708858937 336.12214309279807
leaf_count=33 24 33 14 109 141 149 2734
internal_value=2.39554e-05 0.000254854 0.0133614 -0.000270071 -0.0002493 -0.0135365 0.00070296
internal_weight=394.46 390.08 14.4489 10.0463 375.631 25.1201 350.511
internal_count=3237 3213 156 123 3057 182 2875
is_linear=0
shrinkage=0.04


Tree=251
num_leaves=14
num_cat=0
split_feature=45 22 4 61 31 0 45 45 1 39 38 8 3
split_gain=1.17287 3.78909 2.84859 5.25381 2.62076 2.364 1.57827 4.49436 7.44235 3.7845 5.75268 5.10641 2.61109
threshold=0.33010036098341816 -0.12060762744534724 1.0000000180025095e-35 0.47934867172856482 0.59598014033301061 53.691378843561914 0.44837574883099113 0.48554253756715449 -0.29102583319308895 -0.0014125866164216121 0.12917469767113596 -1.0000000180025095e-35 0.0011226207423619503
decision_type=2 2 2 2 2 2 2 2 2 2 2 2 2
left_child=1 5 3 -3 -4 -1 9 8 -8 11 -11 -2 -9
right_child=6 2 4 -5 -6 -7 7 12 -10 10 -12 -13 -14
leaf_value=0.04804341839989177 0.018058071247273277 -0.065612454536329134 0.047580477406632231 -0.0078748587761124228 -0.018020296793902765 -0.012205316713705047 -0.03707296900443996 -0.00099664782165613639 0.007495773336995787 0.042513795927085526 0.0040376289270753459 -0.061665523223499018 0.0080419586183837662
leaf_weight=2.5370072638615992 2.4223499670624733 4.1146036610007268 1.6718085594475258 6.5131285358220339 2.3357109893113375 1.7682879641652105 13.310618720948698 244.55644722050056 10.906860696151851 7.9247494470328084 28.857612211722881 2.7389466408640137 64.657522783149034
leaf_count=33 21 31 21 42 22 20 96 1926 99 63 261 19 583
internal_value=2.35841e-05 -0.00968821 -0.0193918 -0.0302284 0.00934624 0.0232978 0.000513618 -0.000406297 -0.0170005 0.0078265 0.0123273 -0.0242489 0.000893351
internal_weight=394.316 18.9405 14.6353 10.6277 4.00752 4.3053 375.375 333.431 24.2175 41.9437 36.7824 5.1613 309.214
internal_count=3237 169 116 73 43 53 3068 2704 195 364 324 40 2509
is_linear=0
shrinkage=0.04


Tree=252
num_leaves=15
num_cat=0
split_feature=46 46 54 46 39 41 21 27 51 24 42 22 24 41
split_gain=1.15332 5.92126 6.58791 6.55786 5.32185 4.35134 3.98447 3.03641 2.69062 4.29682 5.28101 3.9689 4.33381 1.65892
threshold=0.1448491594343532 0.15340213406087189 -0.11209326539190778 0.15613735034257803 0.72908648892979844 -5.8260242670786028e-06 -0.00020875545444869997 -0.28317492322145466 0.018629763445912457 0.19166666666634719 0.00012094920368650408 0.52659895081050834 0.17499999999970828 1.079471271510831e-06
decision_type=2 2 2 2 2 2 2 2 2 2 2 2 2 2
left_child=8 2 4 7 -2 -4 -5 -3 11 10 -10 12 -1 -13
right_child=1 3 5 6 -6 -7 -8 -9 9 -11 -12 13 -14 -15
leaf_value=-0.0045890758873618478 -0.020232583119455159 0.044090719497658311 -0.07707872698055282 -0.017033463208126303 0.014965768816994116 -0.021460447401283896 0.0030239863445030834 0.0072610194840334319 0.031354987755350477 -0.034372281407940582 0.0046330706589079416 0.051374705026735717 0.019311979118438235 0.012294296837182184
leaf_weight=148.85706846625544 18.295924790203575 7.7976838424801826 4.0166366547346115 21.166745509952307 11.008024342358111 5.1189648285508138 63.049017872661352 6.6244012154638749 14.257693391293286 3.7887611184269181 69.587169432081282 2.8426446542143813 13.215890437364576 4.4719057232141495
leaf_count=1453 107 50 20 122 67 27 377 41 157 36 538 29 161 52
internal_value=2.4081e-05 -0.00293893 -0.0162562 0.00225088 -0.00701033 -0.0459141 -0.00201724 0.027174 0.00160435 0.00729427 0.00917709 -0.00133937 -0.00264012 0.0274821
internal_weight=394.099 137.077 38.4396 98.6378 29.3039 9.1356 84.2158 14.4221 257.021 87.6336 83.8449 169.388 162.073 7.31455
internal_count=3237 811 221 590 174 47 499 91 2426 731 695 1695 1614 81
is_linear=0
shrinkage=0.04


Tree=253
num_leaves=13
num_cat=0
split_feature=0 10 15 41 43 7 10 1 30 20 10 43
split_gain=1.19589 5.26081 2.55249 2.33873 2.26562 1.96152 4.35598 3.39606 2.30964 2.27795 1.94156 0.369976
threshold=25.141862563331426 -0.00012210988878739998 -0.00055870691865879992 -2.9516868437736338e-05 0.95680207612732648 -0.00039657981533729999 -4.3024432545123313e-06 -0.9979692489869193 -1.9711072349274386 0.0025873739394310005 -2.8449862778334434e-05 0.14812580519569926
decision_type=2 2 2 2 2 2 2 2 2 2 2 2
left_child=1 2 4 10 -1 6 7 -2 -7 -10 -3 -5
right_child=5 3 -4 11 -6 8 -8 -9 9 -11 -12 -13
leaf_value=0.015196627266742925 0.016374123695265259 0.047306718482865384 -0.047678272074184895 0.027854661248119701 -0.030449603385484258 0.027665899978089038 -0.048074870774103433 -0.019353489570518839 -0.00049169177803173186 0.031904712985559913 -0.0052352919802821397 0.052876856571462905
leaf_weight=5.1238231239840388 7.7750534377992198 1.5900832884944973 2.377115538343789 1.2199765611439923 2.6342424205504358 4.8380995113402596 4.3307373989373437 9.4073495864868164 342.96881242655218 3.5082456208765498 3.8494920623488724 4.2017058145720512
leaf_count=41 55 27 18 10 24 38 28 58 2804 33 43 58
internal_value=2.47061e-05 0.009313 -0.0114141 0.0286545 -0.000302499 -0.00049838 -0.012223 -0.00318671 0.000219589 -0.000163663 0.0101237 0.0472464
internal_weight=393.825 20.9964 10.1352 10.8613 7.75807 372.828 21.5131 17.1824 351.315 346.477 5.43958 5.42168
internal_count=3237 221 83 138 65 3016 141 113 2875 2837 70 68
is_linear=0
shrinkage=0.04


Tree=254
num_leaves=15
num_cat=0
split_feature=20 20 49 1 48 59 44 49 3 3 45 14 45 45
split_gain=1.14566 5.91125 4.32706 6.20982 5.49772 5.1902 5.32435 4.49067 3.26144 4.33033 3.12566 5.53115 4.36383 3.05875
threshold=0.0025839313825502504 0.0025841759944850002 -0.34660505907623934 -0.033617269809837994 0.31153781091054805 0.44784213533218581 0.018842290379426176 0.3259420157239063 0.00055168650836505005 0.00060008164963405014 0.4920564306250374 0.00049796245887085008 0.49876580417321975 0.64568125634494933
decision_type=2 2 2 2 2 2 2 2 2 2 2 2 2 2
left_child=2 8 3 4 -1 6 -4 -7 -2 -10 11 -3 -12 -5
right_child=1 10 5 13 -6 7 -8 -9 9 -11 12 -13 -14 -15
leaf_value=-0.038583555030352157 0.051688634108926691 -0.012363715838469777 0.010781661355076518 -0.019563170387000429 0.012113773906499942 -0.0094004141252890597 -0.01073367324278464 -0.076834697017361842 -0.046847317570307426 0.014392843835212228 0.049416416372823825 0.037859951665779587 0.00071831693825016776 -0.061559571192048884
leaf_weight=4.7218699967488709 3.511259405873715 54.715027512982488 56.576326320180669 5.6384445931762439 12.43611381202936 4.7625625170767298 27.275047122966498 2.3644984290003777 1.9374462570995081 39.76416216394864 2.9968102984130374 3.7488616723567239 167.62277816608548 5.4637253247201443
leaf_count=31 31 417 641 33 83 45 233 13 13 320 26 37 1288 26
internal_value=2.43614e-05 0.00144733 -0.00324902 -0.016921 -0.00183811 0.000997816 0.00378319 -0.0317726 0.014665 0.0115476 -0.00116137 -0.00914324 0.00157366 -0.0402309
internal_weight=393.535 274.296 119.239 28.2602 17.158 90.9784 83.8514 7.12706 45.2129 41.7016 229.083 58.4639 170.62 11.1022
internal_count=3237 2132 1105 173 114 932 874 58 364 333 1768 454 1314 59
is_linear=0
shrinkage=0.04


Tree=255
num_leaves=14
num_cat=0
split_feature=18 20 33 33 12 61 59 54 48 8 56 51 1
split_gain=1.19239 4.10181 5.15263 6.77948 3.85674 3.21761 8.72203 8.4637 3.16571 4.87125 3.31573 3.23865 2.24104
threshold=1.0000000180025095e-35 0.0025842481259815502 -1.243124937159872 -0.080278125777603043 1.1494766031523606e-05 0.49677845973129459 0.15107432726652878 -0.2333393980464161 0.61101395813042769 0.00029273131041045007 -0.18332733477150623 0.113340231028445 -0.41992257891524781
decision_type=2 2 2 2 2 2 2 2 2 2 2 2 2
left_child=8 5 4 -4 -3 7 -7 -2 10 12 -1 -12 -10
right_child=1 2 3 -5 -6 6 -8 -9 9 -11 11 -13 -14
leaf_value=-0.033813553045004732 0.038295785354350791 -0.0058355921888933451 0.020031727446362845 -0.011396063560187084 -0.044484728168402148 -0.033611606773446955 0.030011403499296173 -0.0026929704456531418 0.012607473920089816 -0.025167971982424868 6.1632094833208446e-06 0.019172357747628373 0.050585457200207198
leaf_weight=4.4159929975867263 12.757799755781887 7.0579679245129254 14.712479902431367 43.314388223923743 9.9616309311240894 9.2538353595882636 5.4945479026064268 21.890642425045371 4.4366474747657767 2.8704651966691008 236.3309827290941 15.001701135188339 5.6544013284146777
leaf_count=27 89 47 88 303 53 44 45 212 27 16 2131 112 43
internal_value=2.47554e-05 -0.00321225 -0.00910403 -0.00342767 -0.0284571 0.00573887 -0.00990869 0.0123994 0.00152386 0.0208094 0.000546451 0.00115017 0.033888
internal_weight=393.153 124.443 75.0465 58.0269 17.0196 49.3968 14.7484 34.6484 268.71 12.9615 255.749 251.333 10.091
internal_count=3237 881 491 391 100 390 89 301 2356 86 2270 2243 70
is_linear=0
shrinkage=0.04


Tree=256
num_leaves=14
num_cat=0
split_feature=61 42 7 50 48 41 55 61 3 14 14 21 55
split_gain=1.16106 2.73465 3.90352 4.11059 2.95541 2.79117 2.45056 4.2135 5.1486 3.11233 2.31762 5.73705 3.78517
threshold=0.57177059312473599 0.00014807542123831258 -0.00057144248747579998 -0.10301870085518916 -0.29090176357426295 -3.6153135622936829e-05 0.4254955366874843 0.49677845973129459 0.00064605377506180017 0.00026827618491525007 0.00024192859334765004 0.00013864103836400002 0.42040962593581283
decision_type=2 2 2 2 2 2 2 2 2 2 2 2 2
left_child=6 2 -2 -4 -3 -6 10 8 -8 -9 12 -12 -1
right_child=1 4 3 -5 5 -7 7 9 -10 -11 11 -13 -14
leaf_value=-0.0022497018799228965 -0.04052821204174429 -0.036398143872430205 -0.052203329070262615 0.031354072781471662 -0.033449560957352555 0.025823314971322869 -0.042431764459043751 -0.011434478622235202 0.045973243926629 -0.055870733118627357 0.029368546341571804 0.00040326060716487151 0.02197489709104132
leaf_weight=280.62012440338731 1.6026580210309465 3.7166055701673031 1.0149827655404795 13.101966398768129 1.7865798305720089 4.4059871044009906 1.6173616992309678 5.8055001273751241 3.026243896689266 4.458832859992981 14.315564807038752 46.412086143624038 10.714335036464034
leaf_count=2198 12 38 7 181 18 56 19 30 58 20 113 390 97
internal_value=2.51577e-05 0.00825638 0.0186303 0.0253464 -0.00820055 0.00872286 -0.000549702 -0.0164344 0.0151819 -0.0307376 0.000122928 0.00723136 -0.0013588
internal_weight=392.599 25.6288 15.7196 14.1169 9.90917 6.19257 366.97 14.9079 4.64361 10.2643 352.062 60.7277 291.334
internal_count=3237 312 200 188 112 74 2925 127 77 50 2798 503 2295
is_linear=0
shrinkage=0.04


Tree=257
num_leaves=15
num_cat=0
split_feature=61 2 56 22 22 25 41 55 8 53 7 30 14 44
split_gain=1.16467 1.68528 2.52829 1.6213 1.35741 5.47905 8.56068 5.63093 3.98947 6.07757 5.54951 0.399443 0.00599244 0.000132132
threshold=0.59863169172972286 0.29429032190022769 0.022322295157674251 -0.079749964619690625 0.068868787595843112 0.90000000000000013 1.9744752789740973e-05 -0.40001034419666603 -0.00034742499941569992 0.020394147990437084 -0.00015273132468639997 -2.0288063628467898 -0.00058261717862809995 0.018843573554674569
decision_type=2 2 2 2 2 2 2 2 2 2 2 2 2 2
left_child=4 11 13 -4 8 7 -7 -6 9 -1 -10 -2 -13 -3
right_child=1 2 3 -5 5 6 -8 -9 10 -11 -12 12 -14 -15
leaf_value=0.0064836850403816246 0.0091114415212587667 0.04120149723903526 -0.07136179783604725 -0.0013954767645847214 0.041054574366272974 -0.041119698102759096 0.036965663213458809 -0.00226395352932689 0.021144309577221305 -0.01863642983848374 0.001633692871231308 0.046814404803081217 0.042406225511415978 0.042028934087023177
leaf_weight=28.718101924518123 0.67766857333481345 0.77420173212885879 0.87346670683473382 1.347290366888046 4.9778927490115157 11.920163271948693 2.7680628262460223 135.28869811026379 27.97199222818017 33.25451759621501 140.42336849262938 0.65096154808998141 2.038580041145905 0.51365604065358639
leaf_count=304 11 35 9 33 32 100 18 1014 210 199 1180 8 70 14
internal_value=2.53195e-05 0.016343 -0.00305693 -0.0289146 -0.000265859 -0.00316061 -0.0264042 -0.000726631 0.00168127 -0.00699577 0.00487458 0.0365577 0.0434732 0.0415315
internal_weight=392.199 6.87583 3.50861 2.22076 385.323 154.955 14.6882 140.267 230.368 61.9726 168.395 3.36721 2.68954 1.28786
internal_count=3237 180 91 42 3057 1164 118 1046 1893 503 1390 89 78 49
is_linear=0
shrinkage=0.04


Tree=258
num_leaves=9
num_cat=0
split_feature=6 13 14 18 61 0 39 6
split_gain=1.16595 2.48356 2.14861 2.04133 2.02653 2.23353 1.93853 0.892367
threshold=0.00034768903828405007 0.00036339084057585008 0.00053568922750095004 1.0000000180025095e-35 0.51541739897739269 55.848598810440613 0.14185983118948506 0.00024762535243370002
decision_type=2 2 2 2 2 2 2 2
left_child=1 2 3 -1 5 -3 -2 -4
right_child=6 4 7 -5 -6 -7 -8 -9
leaf_value=0.0012926364681884398 -0.057660830543602791 0.0056406198176775146 0.0099959995615452723 -0.0051500784571721723 -0.011759518548490548 0.041844731505068851 -0.00058943438618456372 0.047572774724351619
leaf_weight=256.05384430475533 1.4864470418542612 5.1384944785386306 2.0396732138469806 113.59272680175491 3.1055977679789057 5.8082325085997581 2.6497818687930703 2.0053009055554867
leaf_count=2227 13 37 19 798 25 61 35 22
internal_value=2.55069e-05 0.000250854 -0.000369932 -0.000687216 0.0167594 0.0248502 -0.0210993 0.0286247
internal_weight=391.88 387.744 373.692 369.647 14.0523 10.9467 4.13623 4.04497
internal_count=3237 3189 3066 3025 123 98 48 41
is_linear=0
shrinkage=0.04


Tree=259
num_leaves=8
num_cat=0
split_feature=54 3 3 3 38 55 45
split_gain=1.13175 1.55076 3.84341 3.84207 3.6393 3.5644 2.88816
threshold=-0.32950541702324748 0.0017851915680283503 0.0014716806151014502 0.0013404755098868502 1.0219028713293261 0.40767446039774907 0.5099741991395893
decision_type=2 2 2 2 2 2 2
left_child=-1 2 3 -2 -3 -4 -6
right_child=1 4 5 -5 6 -7 -8
leaf_value=0.028117669481278071 0.00040737120948458735 -0.049198298438830709 0.0078221964551028339 -0.018314376686368841 -0.036635792974355652 0.052584500626665663 0.025662624975304166
leaf_weight=2.2811167128384104 348.63539837556891 3.3905753772705776 9.6117933411151153 18.467550199944526 1.8265834767371414 4.0437778166960916 3.4199427268467844
leaf_count=26 2818 25 105 142 16 61 44
internal_value=2.50289e-05 -0.00013954 0.000240645 -0.000534449 -0.0168997 0.0210775 0.00397337
internal_weight=391.677 389.396 380.759 367.103 8.6371 13.6556 5.24653
internal_count=3237 3211 3126 2960 85 166 60
is_linear=0
shrinkage=0.04


Tree=260
num_leaves=9
num_cat=0
split_feature=31 23 23 20 31 31 31 43
split_gain=1.11724 4.61545 5.3558 4.62335 2.37265 3.22456 2.20009 0.261032
threshold=-1.8079577482536637 0.38933770002100926 -0.32938421178414051 0.0025842707485546506 -1.7398005820419733 -1.7015132839938869 -1.5312053024154348 0.83344635808111311
decision_type=2 2 2 2 2 2 2 2
left_child=1 2 3 -1 -2 -6 -7 -4
right_child=4 -3 7 -5 5 6 -8 -9
leaf_value=0.019587548445386873 -0.028806761974061637 -0.035335671680630815 0.049791973965466217 -0.049173069299533731 0.041021015289585988 -0.012988201161910422 0.00035581391552416133 0.03138622951649446
leaf_weight=4.3867446910589942 4.6537842545658341 2.9267790159210554 5.1108675808645794 2.4319611545652151 3.0310507435351601 20.965965525247157 346.30161884916015 1.624763341154903
leaf_count=41 39 23 58 21 26 169 2834 26
internal_value=2.44725e-05 0.0102174 0.0200537 -0.00493663 -0.00042356 -6.685e-05 -0.000405947 0.0453522
internal_weight=391.434 16.4811 13.5543 6.81871 374.952 370.299 367.268 6.73563
internal_count=3237 169 146 62 3068 3029 3003 84
is_linear=0
shrinkage=0.04


Tree=261
num_leaves=10
num_cat=0
split_feature=45 55 51 3 51 32 18 42 45
split_gain=1.11473 3.26752 4.4592 4.6055 3.98933 2.02223 1.88996 3.70141 2.94152
threshold=0.84043396350680688 -0.42045990952412665 0.017024199755290039 0.0006308819653374001 -0.075435282879423263 -1.8509541922113772 1.0000000180025095e-35 0.00014343155088734517 0.62728739823193125
decision_type=2 2 2 2 2 2 2 2 2
left_child=5 -2 4 -4 -3 -1 8 -8 -7
right_child=1 2 3 -5 -6 6 7 -9 -10
leaf_value=-0.031936611973606067 -0.039531256800361146 0.009376350246999867 0.044116099599825064 -0.0029418068202079228 -0.047808681032295672 -0.00058116098789097361 0.0024986725933981847 -0.012152178892066696 0.0084471284561057555
leaf_weight=3.0248795719817272 4.3358980417251614 3.159992836881429 4.5861758366227177 12.125635253265498 5.10547056887299 149.6196910822764 69.551345696905628 45.732424189336598 94.027033142745495
leaf_count=23 22 32 37 87 44 1302 501 323 866
internal_value=2.43596e-05 -0.00747811 -0.00191389 0.00997216 -0.0259461 0.000631952 0.000906423 -0.00331324 0.002903
internal_weight=391.269 29.3132 24.9773 16.7118 8.26546 361.955 358.93 115.284 243.647
internal_count=3237 222 200 124 76 3015 2992 824 2168
is_linear=0
shrinkage=0.04


Tree=262
num_leaves=14
num_cat=0
split_feature=0 10 3 2 15 54 8 14 6 43 45 22 14
split_gain=1.10908 4.92893 2.39258 2.50679 1.80578 4.203 4.97649 3.16338 2.83777 1.61853 1.90406 0.997124 0.351264
threshold=25.141862563331426 -0.00012210988878739998 0.0014637918056804502 0.012291464654333751 -0.00047315954768874994 -0.2575805558796776 -0.00038211658456429996 -0.00052454593346304998 -0.00024269253767609999 0.51454170337137595 0.52705194531715926 0.032274060548576608 -0.00016358142876694997
decision_type=2 2 2 2 2 2 2 2 2 2 2 2 2
left_child=1 2 3 -1 5 -2 -7 11 -9 12 -11 -6 -3
right_child=4 9 -4 -5 7 6 -8 8 -10 10 -12 -13 -14
leaf_value=-0.0021228408345560818 -0.046259382146692243 0.055467696416934206 0.016034021646815846 -0.051579487792084738 0.044406105703160233 -0.01522975259459467 0.014813648236835933 -0.025719454878985762 0.00051456117760931308 -0.010724778156205433 0.034527428936781568 0.012914292923924372 0.032480260378559098
leaf_weight=3.530284062027933 4.1979736089706412 2.7190424064174294 3.4459083843976259 3.0621335590258241 3.1420009639114133 23.749974493868649 14.034422280266879 6.7382828779518595 315.38260859018192 2.6455508712679148 3.399298871634528 3.296489842236042 1.7469095690175871
leaf_count=24 20 30 37 22 21 165 124 41 2625 30 56 20 22
internal_value=2.41455e-05 0.00906946 -0.0109765 -0.0250951 -0.00047748 -0.00828922 -0.0040706 0.000520681 -3.42148e-05 0.0282143 0.0147226 0.0282824 0.0464759
internal_weight=391.091 20.5491 10.0383 6.59242 370.542 41.9824 37.7844 328.559 322.121 10.5108 6.04485 6.43849 4.46595
internal_count=3237 221 83 46 3016 309 289 2707 2666 138 86 41 52
is_linear=0
shrinkage=0.04


Tree=263
num_leaves=7
num_cat=0
split_feature=50 56 46 3 3 38
split_gain=1.1496 2.91268 2.84816 1.48199 3.46642 3.30797
threshold=-0.21303217501454541 -0.29390096087145745 0.15655905192596251 0.0017851915680283503 0.0014716806151014502 1.0219028713293261
decision_type=2 2 2 2 2 2
left_child=2 -2 -1 4 -3 -5
right_child=1 3 -4 5 -6 -7
leaf_value=0.041114736090632598 -0.042770644363142922 -0.00034399323390178814 -0.011589877676640244 -0.047234144369105988 0.020344930519697661 0.0037358612621603534
leaf_weight=3.5247691273689261 2.5616585537791243 359.57778627471998 3.068906519562006 3.3761131446808559 13.44200628926046 5.1374041517265141
leaf_count=31 13 2921 21 25 166 60
internal_value=2.37967e-05 -0.000260494 0.0165843 2.49236e-05 0.000401545 -0.0164768
internal_weight=390.689 384.095 6.59368 381.533 373.02 8.51352
internal_count=3237 3185 52 3172 3087 85
is_linear=0
shrinkage=0.04


Tree=264
num_leaves=15
num_cat=0
split_feature=61 59 61 23 51 7 51 23 9 45 7 33 61 47
split_gain=1.10951 7.99933 5.20053 5.24427 4.29039 4.93001 4.21853 3.9945 3.72029 3.17118 2.76511 2.72932 2.69199 2.65581
threshold=0.43634652038310756 -0.2862577643020992 0.40087432830500092 -0.90566073948033876 0.10502564446777475 -0.00013634056852364999 0.1026731281742758 -0.6028576044019035 0.00020870615102548318 0.87102134953868082 -0.00045374766831324996 -0.26290885354035304 0.52428623191823842 0.39221433187055094
decision_type=2 2 2 2 2 2 2 2 2 2 2 2 2 2
left_child=1 7 9 -4 6 10 12 13 -9 -3 -6 -7 -2 -1
right_child=4 2 3 -5 5 11 -8 8 -10 -11 -12 -13 -14 -15
leaf_value=-0.0049369461963927608 -0.0061080067722247755 0.036051887556794726 -0.072760067777783433 0.0091046475368458286 0.029101437732224001 -0.0022731021135722622 -0.035464460699395892 0.0034288237859537458 -0.015333411717524066 -0.037709784504909999 -0.01039465349052371 0.044885231913875945 0.0031254305238222475 -0.051253624567796696
leaf_weight=3.6236309483647338 129.27945972979069 18.945807242067534 1.3373020309954906 19.633017769083381 3.7276263609528533 2.5541677027940741 6.3985814973711959 74.518312463536859 21.872593220323324 0.98084517102688451 11.858602046966555 8.4927619025111181 82.926848026225343 4.3691290356218815
leaf_count=23 795 607 16 344 20 13 32 488 129 22 60 52 614 22
internal_value=2.3114e-05 0.00279321 0.0177885 0.00388404 -0.00161791 0.0135398 -0.00346461 -0.00308185 -0.000828619 0.0324211 -0.000948708 0.0339817 -0.00249973 -0.0302553
internal_weight=390.519 145.281 40.897 20.9703 245.238 26.6332 218.605 104.384 96.3909 19.9267 15.5862 11.0469 212.206 7.99276
internal_count=3237 1651 989 360 1586 145 1441 662 617 629 80 65 1409 45
is_linear=0
shrinkage=0.04


Tree=265
num_leaves=8
num_cat=0
split_feature=3 3 10 22 13 51 44
split_gain=1.13293 2.06161 2.39533 1.9817 5.58915 3.00424 0.00896313
threshold=0.00034451234867650005 0.00043290632554935006 0.00011899312360845 -0.22128862936272028 9.882234406229509e-05 0.12203647115701322 0.018842334837442107
decision_type=2 2 2 2 2 2 2
left_child=-1 2 6 4 -3 -5 -2
right_child=1 3 -4 5 -6 -7 -8
leaf_value=-0.020724206099625869 0.044106189682584916 0.01359647120774379 -0.012695420228468359 -0.00051620922594449651 -0.010185463671574706 -0.017625331587138464 0.048346515629512671
leaf_weight=4.1657893080264321 1.8767469432204955 48.746331420028582 1.6957004498690365 291.20487491553649 23.402208704035729 17.402298253029585 1.3870867434889076
leaf_count=26 36 475 14 2356 221 94 15
internal_value=2.39778e-05 0.000248062 0.0258712 -8.56932e-05 0.00588253 -0.00148099 0.0459083
internal_weight=389.881 385.715 4.95953 380.756 72.1485 308.607 3.26383
internal_count=3237 3211 65 3146 696 2450 51
is_linear=0
shrinkage=0.04


Tree=266
num_leaves=14
num_cat=0
split_feature=41 14 1 30 32 22 22 41 51 25 51 3 25
split_gain=1.10802 4.55159 5.66575 4.24214 4.37554 3.86264 3.35093 2.57642 7.8597 3.69986 2.47883 8.8201 3.99701
threshold=1.0495538060103136e-05 -0.00021769045217094997 -0.004957502914294299 1.5564109659244976 0.31166195218978326 -0.0031902656944915492 -0.047776350969930444 7.4144271663338193e-06 -0.055008982631166083 0.50000000000000011 0.10502564446777475 0.0008407583939611501 0.90000000000000013
decision_type=2 2 2 2 2 2 2 2 2 2 2 2 2
left_child=7 2 -2 5 -5 -3 -4 10 -9 -10 12 -12 -1
right_child=1 3 6 4 -6 -7 -8 8 9 -11 11 -13 -14
leaf_value=-0.00022741975241729394 0.035797299509594906 0.025892673808691771 -0.044246237512976128 -0.033232943566564581 0.0068228693843763099 0.0048442084786425987 -0.0067952910876154776 0.049898807591464173 -0.049962218253045781 -0.010472400705182237 0.029108877962496074 -0.0037388797225949844 -0.017123310806250822
leaf_weight=191.94462332152762 3.0480059334076968 23.583955723559484 7.0325668826699266 7.095402272418144 11.332047937903551 34.147605917882174 8.3747992254793608 2.5231521585956243 6.2829706519842139 9.5905101634561998 19.452318489551544 39.921102717518806 25.362413260154426
leaf_count=1630 29 258 42 61 102 300 58 30 48 78 126 231 244
internal_value=2.36399e-05 0.00379036 -0.0140319 0.00810916 -0.00860043 0.0134427 -0.0238895 -0.00118413 -0.0156792 -0.0261031 -0.000220346 0.00702292 -0.00219938
internal_weight=389.691 94.6144 18.4554 76.159 18.4275 57.7316 15.4074 295.077 18.3966 15.8735 276.68 59.3734 217.307
internal_count=3237 850 129 721 163 558 100 2387 156 126 2231 357 1874
is_linear=0
shrinkage=0.04


Tree=267
num_leaves=11
num_cat=0
split_feature=46 10 39 42 44 9 13 15 41 39
split_gain=1.12394 3.83316 2.64842 1.96234 4.1427 5.06185 4.52544 4.08589 5.11941 1.79163
threshold=0.17535998198981623 0.00011899312360845 0.35891204739170446 0.00011778503078746227 0.018842061937386811 0.00017686698676450187 -0.00014554515768409998 0.00064236700491285021 1.7528662846958794e-05 1.0035319217311838
decision_type=2 2 2 2 2 2 2 2 2 2
left_child=3 2 -2 7 6 -6 -5 8 -1 -3
right_child=1 9 -4 4 5 -7 -8 -9 -10 -11
leaf_value=-0.0084071992956435831 -0.033574761007176164 0.012945318649275967 0.011400353405694093 0.0384135902333963 0.017963027854253095 0.00010954758007897903 -0.032368791780563171 -0.05525984395030388 0.033892223201468542 0.052096883196709007
leaf_weight=53.188205913640559 3.6747904643416422 4.004704236984252 4.8726665563881397 1.6842670869082201 28.021660622674972 272.49407249782234 10.18205238971859 2.6822954043745986 5.0090823308564714 3.5085616633296013
leaf_count=445 20 25 29 21 315 2185 92 19 64 22
internal_value=2.44066e-05 0.0103854 -0.0079357 -0.000421407 0.000858958 0.0017743 -0.0223222 -0.00699115 -0.00476646 0.0312284
internal_weight=389.322 16.0607 8.54746 373.262 312.382 300.516 11.8663 60.8796 58.1973 7.51327
internal_count=3237 96 49 3141 2613 2500 113 528 509 47
is_linear=0
shrinkage=0.04


Tree=268
num_leaves=14
num_cat=0
split_feature=61 19 14 3 61 3 61 8 31 20 41 6 6
split_gain=1.09886 1.77489 2.94088 1.83836 1.42723 3.86743 7.10409 6.07831 3.67077 5.25479 4.73203 0.412919 0.00305769
threshold=0.59863169172972286 -0.79124646000314247 -0.00043923153473129998 0.0011043734181832002 0.48909998178544783 0.00078251261764495002 0.50944066135803234 -4.4769681240365305e-05 0.043606796840448776 0.0025835547438278505 -2.2477723419012104e-05 -0.00043563683424109996 -0.00032637418434879994
decision_type=2 2 2 2 2 2 2 2 2 2 2 2 2
left_child=4 11 -3 -4 8 6 -6 -7 10 -10 -1 -2 -13
right_child=1 2 3 -5 5 7 -8 -9 9 -11 -12 12 -14
leaf_value=0.0098087553771266933 0.005168022507949818 -0.07106732631413179 0.041467922760252698 -0.030513302364579331 -0.017190521210715411 3.6109567996175195e-05 0.014646082179632938 -0.020723148362223168 -0.011699922433351417 0.012324430326045544 -0.0068671169526971021 0.044400881386757844 0.041677438658656238
leaf_weight=37.071427597198635 0.56278159469366107 0.80832003802061114 1.646314634708687 0.86647178791463364 15.929193943738936 56.758193062618375 37.888197084888816 37.46250276081264 17.980479020159692 76.733295164071023 102.52124916063622 1.0504548731260006 1.7726833177730437
leaf_count=359 4 6 66 14 81 289 215 197 201 761 954 16 74
internal_value=2.44949e-05 0.016075 -0.00470169 0.016647 -0.000257061 -0.00333164 0.00522289 -0.00821785 0.0016855 0.00776364 -0.00243853 0.0364541 0.0426908
internal_weight=389.052 6.70703 3.32111 2.51279 382.345 148.038 53.8174 94.2207 234.306 94.7138 139.593 3.38592 2.82314
internal_count=3237 180 86 80 3057 782 296 486 2275 962 1313 94 90
is_linear=0
shrinkage=0.04


Tree=269
num_leaves=8
num_cat=0
split_feature=50 46 59 48 45 3 1
split_gain=1.12068 2.67234 2.1694 3.92374 3.09332 4.06552 2.08353
threshold=-0.21303217501454541 0.15655905192596251 -0.75141934653418663 0.67547155286835914 0.56681084230085621 0.00086277790867425011 1.1878428908371463
decision_type=2 2 2 2 2 2 2
left_child=1 -1 4 6 -2 -6 -4
right_child=2 -3 3 -5 5 -7 -8
leaf_value=0.040626123977976325 0.014490377100052765 -0.0107147912952656 0.00060792925827889816 0.03936990417639346 -0.040480673168730469 0.0041703341112664322 -0.01476763314238369
leaf_weight=3.4489864539355031 4.6669931448996094 3.0624539293348789 344.93834557780065 4.0921333543956271 8.4291488006710988 5.3230851627886286 14.702280647121368
leaf_count=31 28 21 2936 26 43 33 119
internal_value=2.47012e-05 0.0164795 -0.00025567 0.000422528 -0.0136484 -0.0231976 -2.06311e-05
internal_weight=388.663 6.51144 382.152 363.733 18.4192 13.7522 359.641
internal_count=3237 52 3185 3081 104 76 3055
is_linear=0
shrinkage=0.04


Tree=270
num_leaves=13
num_cat=0
split_feature=29 9 37 45 3 13 61 49 22 47 3 1
split_gain=1.1023 2.77086 3.88145 2.80307 3.86762 3.21241 1.4768 8.23533 3.61794 3.35146 2.58949 2.24297
threshold=0.07407144971548095 0.00020846196360030145 -0.11246897279755776 0.46558966986629841 0.00063369006447925008 6.0669880746626717e-05 0.43082911445336175 -0.032354389706930504 0.32686852448406062 0.39843492816507603 0.00062270353115105007 -0.87485077725295912
decision_type=2 2 2 2 2 2 2 2 2 2 2 2
left_child=1 3 -3 5 -5 -1 7 8 -2 11 -9 -8
right_child=6 2 -4 4 -6 -7 9 10 -10 -11 -12 -13
leaf_value=-0.043728514676079203 0.0009569966400975211 -0.047863045092979228 0.01259796263154804 -0.0064482037179011895 0.030623150016360255 0.014089298707850815 0.0061582978280389057 0.0038817569319245671 -0.019939304709407933 0.038114225107957637 0.031151401539954937 -0.0047755433059214958
leaf_weight=2.7196929743513492 79.70931045897305 3.2216215953230858 3.5942855458706608 6.4568416308611658 14.879287134855984 3.5373175293207169 35.530761413741857 8.0348139987327176 15.901589581742881 3.2042510956525794 18.173504167469218 193.51728222030215
leaf_count=22 595 19 39 52 135 28 248 212 88 21 533 1245
internal_value=2.40179e-05 0.00685895 -0.0159797 0.0125004 0.0194044 -0.011042 -0.000640208 0.00292675 -0.00251839 -0.00251112 0.0227912 -0.00307945
internal_weight=388.481 34.409 6.81591 27.5931 21.3361 6.25701 354.072 121.819 95.6109 232.252 26.2083 229.048
internal_count=3237 295 58 237 187 50 2942 1428 683 1514 745 1493
is_linear=0
shrinkage=0.04


Tree=271
num_leaves=8
num_cat=0
split_feature=38 41 3 3 54 23 49
split_gain=1.08215 1.2325 8.38256 5.21936 3.57158 3.3332 0.0168551
threshold=-0.10963921558887933 -8.5573035899066941e-06 0.00034451234867650005 0.00042522604228770005 -0.30197142438865732 1.2440405726067032 -0.37304472057241428
decision_type=2 2 2 2 2 2 2
left_child=-1 2 -2 6 -4 -5 -3
right_child=1 3 4 5 -6 -7 -8
leaf_value=-0.020623285085198249 -0.078823464684134259 0.050578329178376243 -0.038731685898600814 0.00068380925076499206 -0.00036238938369302463 0.036979039471214066 0.045326379266541421
leaf_weight=4.0192095562815657 2.2604237347841254 1.7165352776646616 3.9762341380119315 206.45691242767498 163.12878453801386 4.1293557696044436 2.2715331371873608
leaf_count=26 11 11 19 1756 1344 32 38
internal_value=2.44111e-05 0.000240558 -0.00231037 0.00225403 -0.00127538 0.00139552 0.0475869
internal_weight=387.959 383.94 169.365 214.574 167.105 210.586 3.98807
internal_count=3237 3211 1374 1837 1363 1788 49
is_linear=0
shrinkage=0.04


Tree=272
num_leaves=8
num_cat=0
split_feature=53 61 56 61 56 56 3
split_gain=1.06369 1.18873 3.67051 7.24007 4.98932 3.64312 3.30406
threshold=-0.23596377058401011 0.48909998178544783 0.01319261907684419 0.44563446800195422 0.011762644871570775 -0.29106101560517877 0.00093671517066285014
decision_type=2 2 2 2 2 2 2
left_child=-1 2 4 -4 -2 -3 -7
right_child=1 5 3 -5 -6 6 -8
leaf_value=-0.027474076770686407 0.00070138634007711092 -0.045996509120902918 0.034422612582915353 -0.0016745167402829365 -0.046442378515288145 0.0035212462924500499 -0.0084495749326343531
leaf_weight=2.2377442354336372 192.28867573337629 3.027238816022872 15.452179507818071 20.935368049889803 3.6601712359115472 84.9751089385245 65.194285515928641
leaf_count=13 1656 16 423 156 35 517 421
internal_value=2.41412e-05 0.000183749 0.00198733 0.0136543 -0.000179222 -0.00255155 -0.00167575
internal_weight=387.771 385.533 232.336 36.3875 195.949 153.197 150.169
internal_count=3237 3224 2270 579 1691 954 938
is_linear=0
shrinkage=0.04


Tree=273
num_leaves=13
num_cat=0
split_feature=61 42 7 43 61 14 14 44 19 31 36 39
split_gain=1.07629 2.62881 5.23937 2.16309 2.77388 2.15591 3.16918 4.29238 2.70125 2.26565 4.1459 1.65471
threshold=0.57177059312473599 0.00013355531227802794 -0.00057144248747579998 0.13365671896339709 0.58991476531260822 -0.00052454593346304998 -0.00034405681830944996 0.018843522244094479 -1.8489791269995386 -1.2907965039133118 -0.57962321488923829 0.055280841725452258
decision_type=2 2 2 2 2 2 2 2 2 2 2 2
left_child=5 2 -2 -3 -5 9 7 -7 -8 -1 -11 -4
right_child=1 3 11 4 -6 6 8 -9 -10 10 -12 -13
leaf_value=0.047460558171968516 -0.039158742151410235 0.029683243441029988 -0.01313856901419014 -0.024005917636184943 0.011895168224849213 -0.0068942182089027342 0.014858267709544909 -0.047237105543007751 -0.00073985790579335906 -0.032726527820143854 0.023425963996406722 0.049848662394703078
leaf_weight=2.789014921989291 1.5546062402427194 3.0339123290032175 0.75465829577297139 7.5360142402350885 6.340688421856612 33.051785388262942 18.911858912557364 4.8373029865324488 292.6669090455398 2.9948498662561169 7.0707577904686323 5.7664894426707178
leaf_count=24 11 33 9 42 129 237 140 26 2426 17 55 88
internal_value=2.40811e-05 0.00805364 0.0268285 -0.000912387 -0.00760162 -0.000529651 -0.00112142 -0.0120448 0.0002069 0.0155583 0.00671875 0.0425595
internal_weight=387.309 24.9864 8.07575 16.9106 13.8767 362.322 349.468 37.8891 311.579 12.8546 10.0656 6.52115
internal_count=3237 312 108 204 171 2925 2829 263 2566 96 72 97
is_linear=0
shrinkage=0.04


Tree=274
num_leaves=9
num_cat=0
split_feature=50 46 59 54 48 3 23 0
split_gain=1.07477 2.5455 1.91224 3.92157 3.71032 2.85386 2.80826 4.68258
threshold=-0.21303217501454541 0.15655905192596251 -0.75141934653418663 -0.27611481030925056 0.66099392311347327 0.0010504693662539502 -0.85787811375567158 41.270051266909071
decision_type=2 2 2 2 2 2 2 2
left_child=1 -1 6 5 -5 -4 -2 -8
right_child=2 -3 3 4 -6 -7 7 -9
leaf_value=0.040320553017415259 0.017805063846316315 -0.010257155484944267 0.046105025943589117 0.00027306356765543236 -0.031093096035660218 0.00024483578583413794 -0.067735719115516069 -0.0098531341234078529
leaf_weight=3.3523097094148389 3.7870749682188061 3.0322087742388248 5.1131295040249807 347.22717077191919 6.1407544352114192 3.7732953056693077 2.7622271478176108 11.742289710789917
leaf_count=31 19 21 32 2995 33 21 12 73
internal_value=2.38784e-05 0.0162996 -0.000249184 0.000387973 -0.000272011 0.0266322 -0.0128677 -0.0208762
internal_weight=386.93 6.38452 380.546 362.254 353.368 8.88642 18.2916 14.5045
internal_count=3237 52 3185 3081 3028 53 104 85
is_linear=0
shrinkage=0.04


Tree=275
num_leaves=15
num_cat=0
split_feature=41 14 36 44 8 32 22 8 8 51 8 53 43 14
split_gain=1.08166 4.5216 4.83811 4.85088 3.88572 3.76725 2.71499 2.2882 5.44253 5.04671 4.17092 3.62444 3.48868 2.44299
threshold=1.1599159234609859e-05 -0.00019852286258094997 0.51880365530816597 0.018843091986006113 8.5690341839651378e-06 0.31166195218978326 -0.047776350969930444 -5.358708376919884e-05 -9.7331998153077492e-05 0.1170758376980145 -2.9650527156662471e-05 -0.046440025296713143 0.12971280832499266 8.0847764971300274e-05
decision_type=2 2 2 2 2 2 2 2 2 2 2 2 2 2
left_child=7 4 3 -3 -2 -4 -6 8 12 10 -9 -10 -1 -11
right_child=1 2 5 -5 6 -7 -8 9 11 13 -12 -13 -14 -15
leaf_value=0.010796502386012279 0.012432531695874133 0.023552868281562851 -0.032180581755464892 -0.0021587310419440399 -0.046233358273425111 0.0054033262729468639 -0.0086073882694634105 -0.040006142125409261 -0.021537357710529781 0.041266150731969202 -0.0069114575696272301 0.034137995883462433 -0.0030779114167486495 -0.0014636466396724594
leaf_weight=35.390279953833669 6.0703257550485459 34.163672854658216 7.0414974261075285 17.887427167966962 5.9050737377256164 10.830523338168858 6.3874692078679773 6.6454619569703928 2.2252889210358253 4.8592675626277906 73.299699568189681 11.745199189521371 160.51193541591056 3.8267438560724258
leaf_count=274 50 385 59 133 34 96 41 48 16 31 622 102 1322 24
internal_value=2.32014e-05 0.00391272 0.00855167 0.014717 -0.0137517 -0.00940457 -0.0266821 -0.00112717 0.0011487 -0.00651627 -0.00966246 0.0252697 -0.00057146 0.0224409
internal_weight=386.79 88.286 69.9231 52.0511 18.3629 17.872 12.2925 298.504 209.873 88.6312 79.9452 13.9705 195.902 8.68601
internal_count=3237 798 673 518 125 155 75 2439 1714 725 670 118 1596 55
is_linear=0
shrinkage=0.04


Tree=276
num_leaves=8
num_cat=0
split_feature=41 1 23 23 0 32 13
split_gain=1.06683 1.56626 2.0956 2.25791 1.90672 6.14573 2.16199
threshold=4.502407586972624e-05 1.1733276415866387 -0.59385286814472671 0.14262908157162404 67.235967457236441 0.86379901549721894 0.00037651246738605002
decision_type=2 2 2 2 2 2 2
left_child=1 4 -3 -4 6 -6 -1
right_child=-2 2 3 -5 5 -7 -8
leaf_value=-0.001105499545226038 0.020096937497116975 -0.042742213057737115 0.0028289008082278445 -0.042203154770268071 0.02876913016533568 -0.0085609778815125531 0.016655047750231272
leaf_weight=327.71126096695662 4.190290621481835 3.0052846679463974 9.7763303443789464 2.1784583069384089 14.269029159564527 13.959437506273387 11.346005634404717
leaf_count=2712 36 21 91 16 154 107 100
internal_value=2.37107e-05 -0.000196338 -0.0128832 -0.00537705 0.000320417 0.0103088 -0.000511171
internal_weight=386.436 382.246 14.9601 11.9548 367.286 28.2285 339.057
internal_count=3237 3201 128 107 3073 261 2812
is_linear=0
shrinkage=0.04


Tree=277
num_leaves=7
num_cat=0
split_feature=44 44 60 44 41 46
split_gain=1.07991 1.43123 7.10772 5.9442 1.87938 1.62962
threshold=1.7340917872314243 0.018921398524085288 -0.78749303012151883 0.018853435288393703 4.9297352397559287e-06 0.17411349057414957
decision_type=2 2 2 2 2 2
left_child=1 3 4 5 -3 -1
right_child=-2 2 -4 -5 -6 -7
leaf_value=-0.00031031165185890476 -0.019906989957607348 0.05425116219618463 -0.029517109571588564 -0.060074861100235473 0.014093771483244404 0.013020516747486024
leaf_weight=352.48298605647869 4.3015263825654975 4.2807803303003311 3.9308505654335004 2.6326676532626143 3.3037667125463486 15.309300404042004
leaf_count=3047 24 23 17 12 20 94
internal_value=2.3147e-05 0.000247606 0.0141352 -0.000184118 0.0367589 0.000244582
internal_weight=386.242 381.94 11.5154 370.425 7.58455 367.792
internal_count=3237 3213 60 3153 43 3141
is_linear=0
shrinkage=0.04


Tree=278
num_leaves=14
num_cat=0
split_feature=55 39 58 41 22 14 21 1 14 22 6 41 61
split_gain=1.04948 2.48973 3.14608 3.03083 2.9951 1.8106 4.81365 3.90195 3.64752 4.10835 3.73658 3.40374 1.67548
threshold=0.42616362664297386 0.69003437003859347 -0.31549923793897705 -1.5583680398763748e-05 0.20840858286126077 0.00024192859334765004 0.00013864103836400002 -0.64153055883025434 0.00021143405487640004 0.16039040147909064 0.00014877162385590003 -2.7469823899325023e-05 0.51993690050767694
decision_type=2 2 2 2 2 2 2 2 2 2 2 2 2
left_child=5 3 -3 -2 -5 8 7 -7 10 -10 -1 -8 -4
right_child=1 2 12 4 -6 6 11 -9 9 -11 -12 -13 -14
leaf_value=-0.00083894107031944238 -0.055739611646476894 -0.035662683164772772 -0.0009733755134984913 0.018817167763024518 -0.033662767284552357 -0.0069462419534726321 -0.053877765385303568 0.038482877018625322 -0.042001241246382062 0.018373406633882712 0.026293612571504154 0.0024878489984900757 0.053469376855937563
leaf_weight=288.31428745226003 2.9917444325983515 1.5763325933367012 1.5096710734069341 3.456896803341805 3.5033444976434112 4.1536627085879436 1.7777753919363011 11.133202359545974 6.6837545102462155 2.4696893747895956 8.3564369240775687 47.891476919641718 2.2559927962720394
leaf_count=2380 21 10 30 37 28 35 8 92 61 19 69 429 18
internal_value=2.26413e-05 -0.0102459 0.0117823 -0.0220702 -0.00759791 0.0004462 0.00651131 0.0261391 -0.00084201 -0.0257116 -7.46881e-05 0.000470396 0.031643
internal_weight=386.074 15.294 5.342 9.95199 6.96024 370.78 64.9561 15.2869 305.824 9.15344 296.671 49.6693 3.76566
internal_count=3237 144 58 86 65 3093 564 127 2529 80 2449 437 48
is_linear=0
shrinkage=0.04


Tree=279
num_leaves=9
num_cat=0
split_feature=6 13 14 61 0 13 39 6
split_gain=1.0371 2.16169 1.96664 1.90597 2.15361 1.89199 1.72921 0.881296
threshold=0.00034768903828405007 0.00036339084057585008 0.00053568922750095004 0.51541739897739269 55.848598810440613 0.00013954964073560001 0.14185983118948506 0.00024762535243370002
decision_type=2 2 2 2 2 2 2 2
left_child=1 2 5 4 -3 -1 -2 -4
right_child=6 3 7 -5 -6 -7 -8 -9
leaf_value=0.0008501384185200403 -0.054794852506582885 0.0048564185126974864 0.0092248541809562754 -0.012028112426337327 0.040911420842353254 -0.0061979161866909842 -0.00043133653674545298 0.047130506949593629
leaf_weight=286.78583691082895 1.4669504892081011 5.0334263676777464 2.0013837916776533 3.0496720876544705 5.5993625428527594 77.382996832253411 2.5873150331899524 1.9255674667656419
leaf_count=2366 13 37 19 25 61 659 35 22
internal_value=2.26858e-05 0.000236394 -0.000343906 0.0158481 0.0238434 -0.000647517 -0.0201016 0.0278118
internal_weight=385.833 381.778 368.096 13.6825 10.6328 364.169 4.05427 3.92695
internal_count=3237 3189 3066 123 98 3025 48 41
is_linear=0
shrinkage=0.04


Tree=280
num_leaves=14
num_cat=0
split_feature=61 32 32 21 61 15 55 44 61 6 19 13 14
split_gain=1.03562 2.49118 3.05825 3.05806 2.98248 2.39542 2.17995 3.88511 4.2172 2.29627 6.71628 3.30781 2.0288
threshold=0.57177059312473599 -0.59928258534328416 0.80041153016768207 -0.00060805805797024988 0.5814335708518833 -0.00022777621994809997 0.4254955366874843 0.018842396466540571 0.49677845973129459 0.00014877162385590003 0.78338034984310434 0.00013954964073560001 -0.0005336209689124499
decision_type=2 2 2 2 2 2 2 2 2 2 2 2 2
left_child=6 5 3 -3 -4 12 9 -8 -9 11 -11 -1 -2
right_child=1 2 4 -5 -6 -7 7 8 -10 10 -12 -13 -14
leaf_value=0.0004436285134705714 -0.026831767535201251 -0.01998719640384693 0.02692599852660366 0.033603924784023596 -0.044613231386631876 -0.049060282457477677 0.023588614736945873 0.012494167222730272 -0.041621749460105308 0.043549725464859995 0.0020162192141038003 -0.01193348005200175 0.022190473445152264
leaf_weight=255.97147459280677 2.2806019233539696 2.0072282066103098 1.590324163436889 11.264236444374545 2.253870447864756 1.9728565653786088 3.162132605444639 3.1974472524598232 8.2462861463427526 7.2782665193080893 43.230710630305111 39.938367288559675 3.312868498731405
leaf_count=2032 21 20 11 163 31 16 39 49 39 53 376 337 50
internal_value=2.23006e-05 0.00794932 0.0163986 0.0254986 -0.0150178 -0.0111636 -0.000519642 -0.0156571 -0.0265014 0.000118589 0.00800113 -0.00122689 0.00220284
internal_weight=385.707 24.682 17.1157 13.2715 3.84419 7.56633 361.025 14.6059 11.4437 346.419 50.509 295.91 5.59347
internal_count=3237 312 225 183 42 87 2925 127 88 2798 429 2369 71
is_linear=0
shrinkage=0.04


Tree=281
num_leaves=12
num_cat=0
split_feature=20 53 20 49 1 55 42 49 3 18 13
split_gain=1.05016 5.30477 5.18584 4.22144 5.73993 4.50912 3.30014 6.03665 2.82072 2.89205 2.34436
threshold=0.0025839313825502504 -0.23596377058401011 0.0025841338352926005 -0.34660505907623934 -0.033617269809837994 -0.39638957121262725 0.00013316581179620247 -0.31806622257669376 0.00049934918712760004 1.0000000180025095e-35 -0.00037338653074764995
decision_type=2 2 2 2 2 2 2 2 2 2 2
left_child=1 -1 6 4 -3 -5 7 -2 -4 -10 -8
right_child=2 3 8 5 -6 -7 10 -9 9 -11 -12
leaf_value=-0.086532122815418472 -0.035713032505018262 -0.0012699838428612612 0.036628239925226493 0.040396478526011428 -0.038378268128428886 -9.9265233466047458e-05 -0.018015791923598833 0.016835961260192572 0.0019473403407432722 -0.0075118675819789106 0.033719879877663207
leaf_weight=1.2079252749681462 4.5793375410139587 17.040084769949321 3.1812943750992408 4.6453802324831477 10.95842690579593 83.081781818298623 1.5479460489004875 14.80894564418122 150.78455297788605 78.710409686900675 14.803681569406761
leaf_count=6 25 114 39 37 59 889 10 124 1264 530 140
internal_value=2.24291e-05 -0.00314127 0.00140067 -0.00227085 -0.0157939 0.00204509 0.0155868 0.00442436 -0.00077837 -0.00129691 0.0288223
internal_weight=385.35 116.934 268.416 115.726 27.9985 87.7272 35.7399 19.3883 232.676 229.495 16.3516
internal_count=3237 1105 2132 1099 173 926 299 149 1833 1794 150
is_linear=0
shrinkage=0.04


Tree=282
num_leaves=13
num_cat=0
split_feature=47 25 60 14 55 39 61 31 61 60 51 61
split_gain=1.03171 2.37433 3.24997 2.73167 1.78257 3.90754 8.54373 5.20663 3.46143 8.50131 3.29374 0.254233
threshold=0.39935768567744223 0.75000000000000011 -0.65766164355698431 -1.2384053749018129e-05 -0.37965268443833283 0.4143822429365967 0.35950034402183867 -1.7652081100717856 0.39478811491118254 -0.77953839828458527 0.11552747049914151 0.36922501785743317
decision_type=2 2 2 2 2 2 2 2 2 2 2 2
left_child=4 -2 11 -4 5 6 -1 -7 9 -6 -10 -3
right_child=1 2 3 -5 8 7 -8 -9 10 -11 -12 -13
leaf_value=-0.040423309308036774 -0.018253753710645828 0.048227176185269754 0.025607001142738752 -0.024705279234703635 -0.0004289952187905858 0.026258114606949504 0.011033397207727436 -0.017960993085107776 -0.0018196123911036882 0.036270337835241952 0.022216054091770503 0.03050386791811957
leaf_weight=6.0451414398849002 3.6809300780296335 3.3562908470630655 3.4065347909927377 3.501289848238228 32.285536613315344 4.7497866842895737 35.370625987648964 41.355426969006658 224.90799272037111 14.696461205836384 9.5077850259840471 2.1085271611809731
leaf_count=34 18 26 26 20 218 37 212 249 1768 550 61 18
internal_value=2.26704e-05 0.00994935 0.0183399 0.000105793 -0.000409291 -0.00539494 0.00352266 -0.0134055 0.00114136 0.0110509 -0.000844738 0.0413889
internal_weight=384.972 16.0536 12.3726 6.90782 368.919 87.521 41.4158 46.1052 281.398 46.982 234.416 5.46482
internal_count=3237 108 90 46 3129 532 246 286 2597 768 1829 44
is_linear=0
shrinkage=0.04


Tree=283
num_leaves=8
num_cat=0
split_feature=22 23 0 32 3 3 7
split_gain=1.01445 2.14809 8.68535 2.28637 2.28259 4.12633 0.917568
threshold=-0.89059636661528685 0.81715153402207619 57.148763443087795 -0.43750026755381238 0.00029084924801495003 0.00034451234867650005 0.00028886272944335004
decision_type=2 2 2 2 2 2 2
left_child=-1 4 3 -3 -2 -6 -4
right_child=1 2 6 -5 5 -7 -8
leaf_value=0.020375042404115303 0.049972007688505189 -0.060103316530839168 0.048792228898917434 -0.021232518141815857 -0.056401441157443374 0.00056807455427092875 0.012397497606154547
leaf_weight=3.8792848885059348 1.4830914065241803 3.426878798753024 2.5188401760533443 8.2495974584016949 2.0457589095458379 360.79020973667502 1.9793166294693945
leaf_count=26 10 17 25 46 13 3082 18
internal_value=2.35124e-05 -0.00018398 -0.0144478 -0.0326405 0.00044929 0.000246866 0.0327775
internal_weight=384.373 380.494 16.1746 11.6765 364.319 362.836 4.49816
internal_count=3237 3211 106 63 3105 3095 43
is_linear=0
shrinkage=0.04


Tree=284
num_leaves=9
num_cat=0
split_feature=32 46 46 46 58 3 32 38
split_gain=1.00937 1.3145 5.355 5.86523 5.53164 2.9963 2.6901 0.00620077
threshold=-1.7537299171817728 0.1448491594343532 0.15340213406087189 0.15613735034257803 0.30773837090551676 0.00043290632554935006 1.582860042639594 0.07469450327934167
decision_type=2 2 2 2 2 2 2 2
left_child=-1 5 4 -4 -3 7 -7 -2
right_child=1 2 3 -5 -6 6 -8 -9
leaf_value=-0.017319280666365473 0.048288158368076747 -0.03739687408269575 0.02638376279989255 -0.0019850632675119874 -0.0047969341402375239 0.00095958067270359619 0.03164016953348163 0.04419012401900492
leaf_weight=5.2957187490537754 0.97699228581041042 12.577847562730311 13.618950560688971 81.092826329171658 24.647440936416388 239.83893840690143 4.6614507939666501 1.4943854445591567
leaf_count=39 12 67 89 494 151 2299 50 36
internal_value=2.30881e-05 0.000265469 -0.00295792 0.00209419 -0.0158119 0.00198747 0.00154451 0.0458102
internal_weight=384.205 378.909 131.937 94.7118 37.2253 246.972 244.5 2.47138
internal_count=3237 3198 801 583 218 2397 2349 48
is_linear=0
shrinkage=0.04


Tree=285
num_leaves=13
num_cat=0
split_feature=45 9 14 29 14 45 45 1 39 29 61 39
split_gain=1.00035 2.72416 2.48477 2.86908 1.69577 1.48821 3.55075 6.22974 3.41745 5.55578 2.16938 1.27564
threshold=0.33010036098341816 0.00017562674436397764 -0.00024070633687229998 1.763485916342644 -0.00039522468467139993 0.44837574883099113 0.48554253756715449 -0.29102583319308895 -0.0014125866164216121 0.69867755041430757 0.56409473577568392 -0.023305729090983308
decision_type=2 2 2 2 2 2 2 2 2 2 2 2
left_child=1 -1 4 -4 -3 8 7 -7 11 -10 -8 -2
right_child=5 2 3 -5 -6 6 10 -9 9 -11 -12 -13
leaf_value=0.04555769302380118 -0.0032359067415834515 -0.014956572501336196 -0.0043147453064763296 -0.042586571354506608 0.034206450874091805 -0.033409837038023804 -0.00020622570240277961 0.00762117059468965 0.039010843650414524 0.0027985821417045929 0.0127004955863109 -0.04328368840378774
leaf_weight=1.3536911183036888 2.5852827169001102 2.0473656542599201 6.5781726911663974 5.9859082829207182 2.4851749083027288 13.362247260287406 278.37880895519629 10.631049987860022 9.1185180731117708 26.419099892955273 22.522211958188564 2.5063383989036074
leaf_count=25 20 21 52 48 23 96 2257 99 79 245 252 20
internal_value=2.2889e-05 -0.00906456 -0.0133895 -0.0225486 0.0119993 0.000481591 -0.000420983 -0.0152296 0.00769908 0.0120902 0.000759833 -0.0229493
internal_weight=383.974 18.4503 17.0966 12.5641 4.53254 365.524 324.894 23.9933 40.6292 35.5376 300.901 5.09162
internal_count=3237 169 144 100 44 3068 2704 195 364 324 2509 40
is_linear=0
shrinkage=0.04


Tree=286
num_leaves=11
num_cat=0
split_feature=22 52 50 22 42 20 42 61 44 9
split_gain=0.992472 3.23575 9.42529 3.62676 1.86112 3.68515 2.8063 5.91307 4.46754 0.0569305
threshold=-0.33650508775917609 0.74023985832035832 -0.18934708575273837 -0.41923679994757485 0.00010599063745069837 0.0025831258487059505 0.00011867570329389731 0.52649307523962896 0.018841870293435377 0.00018362084668746066
decision_type=2 2 2 2 2 2 2 2 2 2
left_child=1 2 -1 -4 5 -2 7 -6 -8 -7
right_child=4 -3 3 -5 6 9 8 -9 -10 -11
leaf_value=-0.083905157193521859 -0.0079943817594403405 0.04760063110523291 -0.0022883058799941583 0.022550971645368258 -0.014907237589225981 0.041797708658842705 -0.06799339258698292 0.022601352364887521 0.00083014573310727965 0.051538139723623061
leaf_weight=1.9119814261794079 4.1900009880773705 2.7563732117414466 25.168142434675243 15.016571515239777 46.536904890090227 2.3324334821663801 1.5174199352040876 7.860536072170361 274.80999414646067 1.6317484402097759
leaf_count=10 36 24 215 193 356 35 9 67 2279 13
internal_value=2.29246e-05 0.00561446 0.00286533 0.00699385 -0.000717155 0.0181614 -0.00118261 -0.00948717 0.000452209 0.0458071
internal_weight=383.732 44.8531 42.0967 40.1847 338.879 8.15418 330.725 54.3974 276.327 3.96418
internal_count=3237 442 418 408 2795 84 2711 423 2288 48
is_linear=0
shrinkage=0.04


Tree=287
num_leaves=7
num_cat=0
split_feature=44 44 60 44 41 61
split_gain=1.00427 1.33783 6.43941 5.34239 1.75909 1.72473
threshold=1.7340917872314243 0.018921398524085288 -0.78749303012151883 0.018853435288393703 4.9297352397559287e-06 0.42130896939815848
decision_type=2 2 2 2 2 2
left_child=1 3 4 5 -3 -1
right_child=-2 2 -4 -5 -6 -7
leaf_value=0.0046319427644917564 -0.019323307947266621 0.053249881102768189 -0.027608900127191981 -0.056828214822103686 0.013908717747768164 -0.0014839995246273296
leaf_weight=102.58911104383878 4.2454941794276229 4.1078156530857086 3.9217480868101102 2.6442067325115195 3.263027124106884 262.67887846753001
leaf_count=1341 24 23 17 12 20 1800
internal_value=2.32601e-05 0.00023986 0.0138011 -0.000176384 0.0358338 0.000233723
internal_weight=383.45 379.205 11.2926 367.912 7.37084 365.268
internal_count=3237 3213 60 3153 43 3141
is_linear=0
shrinkage=0.04


Tree=288
num_leaves=10
num_cat=0
split_feature=6 13 15 15 14 13 39 6 24
split_gain=1.00394 1.88024 1.90357 5.84841 1.78557 1.75642 1.57791 0.876175 0.369572
threshold=0.00034768903828405007 0.00036339084057585008 0.00045584449927085004 0.00034382395936825003 0.00053568922750095004 0.00033546444309980001 0.14185983118948506 0.00024762535243370002 0.091666666666513866
decision_type=2 2 2 2 2 2 2 2 2
left_child=1 4 3 -3 5 -1 -2 -6 -4
right_child=6 2 8 -5 7 -7 -8 -9 -10
leaf_value=-0.00025432879969739561 -0.053205848158620242 0.028191795997075296 0.049988721803870081 -0.038157170718962866 0.0083971080869084964 -0.023521411946187329 -0.00099405994178365176 0.046724369382204395 0.025798293291544989
leaf_weight=356.69970817281865 1.4511467106640328 6.0919798109680396 2.0203435886651269 3.2648058636114001 1.9777148049324744 5.2678225580602875 2.559725827537477 1.8442370705306528 2.0216179601848125
leaf_count=2985 13 58 21 25 19 40 35 22 19
internal_value=2.27428e-05 0.000233312 0.0149504 0.00504106 -0.000305771 -0.000592942 -0.0198845 0.0268915 0.0378897
internal_weight=383.199 379.188 13.3987 9.35679 365.789 361.968 4.01087 3.82195 4.04196
internal_count=3237 3189 123 83 3066 3025 48 41 40
is_linear=0
shrinkage=0.04


Tree=289
num_leaves=10
num_cat=0
split_feature=2 0 13 23 15 22 13 44 20
split_gain=0.987249 3.22588 2.00083 2.51789 3.0356 1.41147 5.05487 2.69952 0.915834
threshold=1.0547683033975417 71.119317740764103 0.00036339084057585008 -0.45422528252729244 0.00049109679541550007 -0.24384188388801592 9.882234406229509e-05 0.018841895601699472 0.0025843545238767003
decision_type=2 2 2 2 2 2 2 2 2
left_child=2 8 5 -4 -5 6 -1 -7 -2
right_child=1 -3 3 4 -6 7 -8 -9 -10
leaf_value=0.012238897787346084 -0.011173983634854001 -0.043719092878279166 0.04269340730513578 -0.011321780353229411 0.039821664070301487 0.034889642523630998 -0.012240015318611073 -0.0018159502990746186 0.030354854040627394
leaf_weight=46.142331975279376 1.5342026762664311 3.2584372600540519 3.8913933485746375 6.1697158687747997 2.6563638970255852 3.2410478545352808 19.077755796490237 295.15448058815673 1.9041870925575493
leaf_count=454 17 31 39 52 30 34 184 2372 24
internal_value=2.24007e-05 -0.0152009 0.000293298 0.0158888 0.00407074 -0.000252155 0.00507849 -0.00141727 0.0118248
internal_weight=383.03 6.69683 376.333 12.7175 8.82608 363.616 65.2201 298.396 3.43839
internal_count=3237 72 3165 121 82 3044 638 2406 41
is_linear=0
shrinkage=0.04


Tree=290
num_leaves=12
num_cat=0
split_feature=47 51 23 47 10 44 61 61 54 47 10
split_gain=0.987308 2.28195 4.10879 1.67646 3.25755 3.38271 2.77655 2.11834 5.38848 3.4133 0.389208
threshold=0.39935768567744223 0.1260072217939591 -0.31604043741152765 0.39667491543515998 1.0000000180025095e-35 0.018842343508307855 0.34406720187882561 0.43634652038310756 -0.024638522714466326 0.39428173739545819 -5.5520116037990777e-05
decision_type=2 2 2 2 2 2 2 2 2 2 2
left_child=3 2 -2 7 5 -5 -6 8 -1 -9 -4
right_child=1 -3 10 4 6 -7 -8 9 -10 -11 -12
leaf_value=-0.00026353110570765574 -0.0083950584993685625 -0.011965158754667526 0.031291026629174969 -0.033912081587619061 -0.0015901591598004548 0.009798673592137052 -0.049148229304550081 -0.0028662258075752463 0.02012386056869615 0.020850585282891757 0.051515539697837558
leaf_weight=81.703679335769266 4.544107846915721 5.1820370219647875 2.9171907678246489 3.6586287543177667 3.1892340108752233 12.549031078815458 5.1133156344294548 222.84630718501285 27.800453981151804 10.151450242847202 3.1843396201729774
leaf_count=605 29 30 25 23 22 74 25 1477 846 57 24
internal_value=2.23073e-05 0.0098039 0.0204005 -0.000399531 -0.0105054 -6.83539e-05 -0.0308799 0.000323668 0.00491234 -0.00183291 0.041846
internal_weight=382.84 15.8277 10.6456 367.012 24.5102 16.2077 8.30255 342.502 109.504 232.998 6.10153
internal_count=3237 108 78 3129 144 97 47 2985 1451 1534 49
is_linear=0
shrinkage=0.04


Tree=291
num_leaves=11
num_cat=0
split_feature=46 10 45 42 61 55 3 51 61 39
split_gain=1.0036 3.46283 2.50229 1.81762 5.11002 4.84293 3.98185 3.91537 2.63413 1.68051
threshold=0.17535998198981623 0.00011899312360845 0.53372406867281985 0.00011778503078746227 0.52649307523962896 0.41000707578452328 0.00038305542900010002 0.0064075879603712046 0.48909998178544783 1.0035319217311838
decision_type=2 2 2 2 2 2 2 2 2 2
left_child=3 2 -2 4 7 -6 -5 -1 -8 -3
right_child=1 9 -4 6 5 -7 8 -9 -10 -11
leaf_value=-0.027097741088904916 -0.034714680701268194 0.012361740348031622 0.010080492106255078 -0.049321165533873723 0.046229317396012118 -0.018365909054883025 0.0045607223805322226 -0.0036831500649018973 -0.0029328447488476818 0.05110665149652336
leaf_weight=17.034534985199571 3.2893524616956693 3.8697316944599143 5.0714901834726334 2.5110288970172396 5.1366640492342395 2.908630134537816 170.22231149137951 34.709901427850127 134.24836977664381 3.3346067368984222
leaf_count=183 18 25 31 18 44 25 1753 276 842 22
internal_value=2.23817e-05 0.00997043 -0.00754298 -0.000399797 -0.00678033 0.0228761 0.000842917 -0.0113914 0.00125663 0.0302952
internal_weight=382.337 15.5652 8.36084 366.771 59.7897 8.04529 306.982 51.7444 304.471 7.20434
internal_count=3237 96 49 3141 528 69 2613 459 2595 47
is_linear=0
shrinkage=0.04


Tree=292
num_leaves=8
num_cat=0
split_feature=32 45 55 47 47 46 43
split_gain=0.988988 1.1329 2.82492 3.64506 1.5431 2.34176 2.29729
threshold=-1.9842785504932872 0.84043396350680688 -0.42045990952412665 -0.24115993939946009 0.3986131788587633 0.1448491594343532 0.59218962886398374
decision_type=2 2 2 2 2 2 2
left_child=-1 4 -3 -4 5 -2 -6
right_child=1 2 3 -5 6 -7 -8
leaf_value=-0.028760506786029323 0.0024616401043516213 -0.037381975769624744 -0.027358244226176318 0.0073408381589643744 0.0025392846074416137 -0.0047403179905541543 0.033830184265800999
leaf_weight=1.9005295243114222 228.47519750404172 4.2981623150408295 6.6812931862659815 17.612780861789357 11.904289081692697 105.6361698769033 5.4831771068274966
leaf_count=13 2248 22 66 133 78 635 42
internal_value=2.24352e-05 0.000166356 -0.00749048 -0.00220201 0.000789192 0.000184593 0.0124069
internal_weight=381.992 380.091 28.5922 24.2941 351.499 334.111 17.3875
internal_count=3237 3224 221 199 3003 2883 120
is_linear=0
shrinkage=0.04


Tree=293
num_leaves=13
num_cat=0
split_feature=29 10 53 49 39 1 31 55 22 46 61 1
split_gain=0.999067 2.6134 3.5937 4.30109 1.4263 3.06078 4.24864 3.10523 2.77982 4.48576 4.30934 0.938023
threshold=0.07407144971548095 -0.00022860957955534998 -0.034650853426855997 0.3311698831233682 0.71021080378231793 -1.0590201078184689 -0.62483627658913898 0.42318928336158917 -0.15356575987783075 0.15689269145097781 0.3400809387637222 -0.38964857671226122
decision_type=2 2 2 2 2 2 2 2 2 2 2 2
left_child=1 -1 11 -4 5 6 -2 -7 10 -10 -6 -3
right_child=4 2 3 -5 8 7 -8 -9 9 -11 -12 -13
leaf_value=-0.040524420269300747 -0.070108376558991437 0.012631176753009406 0.0097106263812884504 -0.036276613150481911 0.037308179724311982 -0.00069268982257765749 0.0015832130422725769 -0.021296289742663971 0.0026252919674440256 -0.017049592397372717 0.0048830017172244297 0.048785838493599076
leaf_weight=1.7825853712856758 2.5561733013018966 1.6137317344546316 22.438007232267413 3.806004660204052 7.856391475768759 164.73606992932037 2.7407196843996635 12.598939535208045 95.013827762333676 23.03618348762393 39.678633934818208 3.9797536716796484
leaf_count=12 21 16 182 31 117 1316 22 106 843 135 382 54
internal_value=2.1913e-05 0.00660673 0.00924561 0.00304139 -0.000613846 -0.00305145 -0.0330137 -0.00215649 0.0020747 -0.00121405 0.0102421 0.0383551
internal_weight=381.837 33.6201 31.8375 26.244 348.217 182.632 5.29689 177.335 165.585 118.05 47.535 5.59349
internal_count=3237 295 283 213 2942 1465 43 1422 1477 978 499 70
is_linear=0
shrinkage=0.04


Tree=294
num_leaves=12
num_cat=0
split_feature=46 39 3 42 61 22 49 44 9 36 51
split_gain=1.00315 2.33473 1.66509 1.66356 4.70804 4.13794 4.10516 3.40684 4.49378 4.29567 1.12423
threshold=0.17535998198981623 0.35891204739170446 0.0012723681504562504 0.00011778503078746227 0.52649307523962896 -0.20103941689015523 0.36258280801719994 0.018842061937386811 0.00017686698676450187 -0.32073646558728847 0.11398587957179511
decision_type=2 2 2 2 2 2 2 2 2 2 2
left_child=3 -2 10 4 5 -1 -6 9 -9 -5 -3
right_child=1 2 -4 7 6 -7 -8 8 -10 -11 -12
leaf_value=0.010297508777284093 -0.0095890647263745816 0.049275142092537541 -0.0025861502198090691 -0.058740986191835848 0.042234584444508803 -0.016932232478926734 -0.019146920277493557 0.017102018562247821 5.9511474057500984e-05 -0.0051892548993755583 0.015979540512650731
leaf_weight=11.469605180900542 5.9623636975884429 3.4583415985107404 2.9457576796412468 3.3314778227359048 5.3404945801012209 40.315995910670608 2.5881787007674575 27.283305304590613 267.14647640427575 8.5409431294538063 3.0566849261522293
leaf_count=152 35 21 20 30 49 307 20 315 2185 83 20
internal_value=2.20531e-05 0.010015 0.0223699 -0.000399029 -0.00650654 -0.0109013 0.0221977 0.000791644 0.00163875 -0.0202162 0.0336537
internal_weight=381.44 15.4231 9.46078 366.016 59.7143 51.7856 7.92867 306.302 294.43 11.8724 6.51503
internal_count=3237 96 61 3141 528 459 69 2613 2500 113 41
is_linear=0
shrinkage=0.04


Tree=295
num_leaves=9
num_cat=0
split_feature=22 23 0 32 22 56 42 7
split_gain=0.97903 2.01374 7.81981 2.15994 1.58103 3.1559 1.74621 0.911198
threshold=-0.89059636661528685 0.81715153402207619 57.148763443087795 -0.43750026755381238 -0.33650508775917609 -0.0083779144425753793 0.0001077035048194411 0.00028886272944335004
decision_type=2 2 2 2 2 2 2 2
left_child=-1 4 3 -3 5 -2 -6 -4
right_child=1 2 7 -5 6 -7 -8 -9
leaf_value=0.020127806786602719 -0.0029829028220452127 -0.057957824574451158 0.04830831409194631 -0.020073381171994625 0.014157272030030149 0.021156066206304992 -0.0010170061627428862 0.011369313942193534
leaf_weight=3.8360629305243483 18.144053911790252 3.3981921281665555 2.3992686383426181 8.2628080688882601 12.621702961623667 16.588538492796943 313.9390321734827 1.9263224359601734
leaf_count=26 164 17 25 46 127 220 2594 18
internal_value=2.21455e-05 -0.000182282 -0.0140748 -0.0311135 0.000432439 0.00854604 -0.000430514 0.0318582
internal_weight=381.116 377.28 15.9866 11.661 361.293 34.7326 326.561 4.32559
internal_count=3237 3211 106 63 3105 384 2721 43
is_linear=0
shrinkage=0.04


Tree=296
num_leaves=7
num_cat=0
split_feature=50 38 56 3 3 29
split_gain=0.982018 2.37004 2.19181 1.34466 3.03229 2.96031
threshold=-0.21303217501454541 0.44842247784493666 -0.29390096087145745 0.0017851915680283503 0.0014716806151014502 3.2630374432550409
decision_type=2 2 2 2 2 2
left_child=1 -1 -2 4 -4 -5
right_child=2 -3 3 5 -6 -7
leaf_value=-0.0078671920646028667 -0.037864617948112335 0.041524922952770542 -0.00032983347298535186 -0.040962217630825748 0.019408188887468029 0.0070374801453732105
leaf_weight=3.2475432008504859 2.4610431268811217 2.9813904296606779 351.06741851218976 3.9487836016342026 12.911275172373278 4.288400667719543
leaf_count=21 13 31 2921 31 166 54
internal_value=2.17528e-05 0.0157736 -0.000240119 8.64897e-06 0.000370326 -0.0159729
internal_weight=380.906 6.22893 374.677 372.216 363.979 8.23718
internal_count=3237 52 3185 3172 3087 85
is_linear=0
shrinkage=0.04


Tree=297
num_leaves=14
num_cat=0
split_feature=15 24 22 3 22 20 21 59 23 61 21 29 8
split_gain=0.981628 6.35828 3.4675 2.48406 2.06613 1.80435 1.80093 7.26593 5.51728 5.43876 3.98597 3.98669 2.77617
threshold=0.00065664942996090014 0.15833333333306943 -0.020263308808090047 0.0010410060087671501 -0.07162453371550899 0.0025847046556060006 0.00029021257842295009 0.24614846105013732 -0.3002557234348166 0.50130697289446824 0.00022219570902135002 1.763485916342644 0.00045115030410350002
decision_type=2 2 2 2 2 2 2 2 2 2 2 2 2
left_child=6 2 3 -2 -3 -4 10 8 -8 -9 12 -12 -1
right_child=1 4 5 -5 -6 -7 7 9 -10 -11 11 -13 -14
leaf_value=0.0012069344341732475 -0.0062585104423260622 -0.082761525233082736 0.012489325131387556 0.049472655960345772 -0.025796337165287505 -0.028776420956752112 -0.00063736635641714872 0.021982354256032229 0.031885576591846425 -0.044820872490032679 -0.029284866794321487 0.0068905533886775725 -0.025327032688733792
leaf_weight=293.08078066189773 2.046418766491116 1.9400719106197355 2.6847917456179866 3.4151162710040808 2.1451429007574907 4.6003008726984262 15.603533689398317 2.8522179825231415 17.942581663839519 6.1641895147040486 14.445974763482811 7.3563165543600908 6.447810490615665
leaf_count=2439 18 22 25 37 18 36 154 44 185 41 96 70 52
internal_value=2.11249e-05 -0.00942272 0.00449518 0.0285904 -0.0528492 -0.0135687 0.000457949 0.0081898 0.016758 -0.0236886 -0.000566189 -0.0170789 0.00063575
internal_weight=380.725 16.8318 12.7466 5.46154 4.08521 7.28509 363.893 42.5625 33.5461 9.01641 321.331 21.8023 299.529
internal_count=3237 156 116 55 40 61 3081 424 339 85 2657 166 2491
is_linear=0
shrinkage=0.04


Tree=298
num_leaves=11
num_cat=0
split_feature=41 42 8 60 49 0 51 43 46 41
split_gain=0.985086 5.56285 2.94342 2.50673 3.83725 2.02668 1.93925 4.50095 2.23103 1.44052
threshold=-4.6635860347373391e-05 0.00012293169983271904 -0.00087879624167254997 -0.50615976604448831 -0.32539492508885154 23.615863687310675 0.12437109545172474 0.21280088773318098 0.17535998198981623 -4.1755651335565834e-05
decision_type=2 2 2 2 2 2 2 2 2 2
left_child=1 5 9 -3 -5 -1 8 -8 -4 -2
right_child=2 3 6 4 -6 -7 7 -9 -10 -11
leaf_value=-0.011547677016654545 0.010927258317358333 0.046010484753816423 -8.4253393741509863e-05 -0.065719447991203411 0.026638272365206387 -0.064012193798639178 0.023045604659556407 -0.031906322609998046 0.01694138463406231 0.060574641662001188
leaf_weight=1.9624757505953292 1.876520084217191 2.4196792282164097 341.88313003024086 1.1616954505443575 1.8920727719087151 2.9474113481119275 3.350129358470439 8.2767223678529245 12.774701118469237 1.8638136684894551
leaf_count=18 17 26 2933 5 43 25 20 45 80 25
internal_value=2.1559e-05 -0.0121296 0.000362536 0.0156001 -0.00849588 -0.0430422 2.02655e-06 -0.0160726 0.000529007 0.0356666
internal_weight=380.408 10.3833 370.025 5.47345 3.05377 4.90989 366.285 11.6269 354.658 3.74033
internal_count=3237 117 3120 74 48 43 3078 65 3013 42
is_linear=0
shrinkage=0.04


Tree=299
num_leaves=7
num_cat=0
split_feature=44 44 60 44 41 2
split_gain=0.97598 1.23569 5.89489 4.77787 1.63764 1.37202
threshold=1.7340917872314243 0.018921398524085288 -0.78749303012151883 0.018853435288393703 4.9297352397559287e-06 -0.12120962239498738
decision_type=2 2 2 2 2 2
left_child=1 3 4 5 -3 -1
right_child=-2 2 -4 -5 -6 -7
leaf_value=0.018001711452347201 -0.019174984391840347 0.052282891199036854 -0.026207410865112361 -0.053632118209392406 0.013851377583418712 -0.00011305714114333412
leaf_weight=6.818116449750959 4.1909683868288985 3.9310787469148636 3.8936009258031827 2.6545617878437033 3.2330949455499649 355.48635250213556
leaf_count=41 24 23 17 12 20 3100
internal_value=2.12667e-05 0.000235222 0.0134086 -0.000163915 0.0349393 0.00022784
internal_weight=380.208 376.017 11.0578 364.959 7.16417 362.304
internal_count=3237 3213 60 3153 43 3141
is_linear=0
shrinkage=0.04


end of trees

feature_importances:
Column_61=348
Column_22=209
Column_3=186
Column_42=136
Column_23=128
Column_44=110
Column_41=95
Column_14=93
Column_9=92
Column_10=82
Column_20=74
Column_45=74
Column_43=72
Column_0=71
Column_55=71
Column_1=68
Column_8=67
Column_51=63
Column_6=59
Column_13=59
Column_49=58
Column_39=47
Column_60=47
Column_7=46
Column_15=45
Column_29=42
Column_31=42
Column_46=41
Column_32=40
Column_56=40
Column_21=39
Column_47=38
Column_38=36
Column_25=35
Column_54=32
Column_59=30
Column_48=29
Column_19=27
Column_12=26
Column_18=25
Column_30=24
Column_50=24
Column_57=24
Column_24=18
Column_53=18
Column_27=16
Column_2=14
Column_52=11
Column_36=9
Column_37=9
Column_33=7
Column_58=7
Column_4=2
Column_5=1
Column_16=1
Column_35=1
Column_40=1

parameters:
[boosting: gbdt]
[objective: binary]
[metric: binary_logloss]
[tree_learner: serial]
[device_type: cpu]
[data_sample_strategy: bagging]
[data: ]
[valid: ]
[num_iterations: 300]
[learning_rate: 0.04]
[num_leaves: 15]
[num_threads: 1]
[seed: 42]
[deterministic: 0]
[force_col_wise: 0]
[force_row_wise: 0]
[histogram_pool_size: -1]
[max_depth: 4]
[min_data_in_leaf: 20]
[min_sum_hessian_in_leaf: 0.001]
[bagging_fraction: 0.8]
[pos_bagging_fraction: 1]
[neg_bagging_fraction: 1]
[bagging_freq: 0]
[bagging_seed: 400]
[bagging_by_query: 0]
[feature_fraction: 0.8]
[feature_fraction_bynode: 1]
[feature_fraction_seed: 30056]
[extra_trees: 0]
[extra_seed: 12879]
[early_stopping_round: 0]
[early_stopping_min_delta: 0]
[first_metric_only: 0]
[max_delta_step: 0]
[lambda_l1: 0]
[lambda_l2: 0]
[linear_lambda: 0]
[min_gain_to_split: 0]
[drop_rate: 0.1]
[max_drop: 50]
[skip_drop: 0.5]
[xgboost_dart_mode: 0]
[uniform_drop: 0]
[drop_seed: 17869]
[top_rate: 0.2]
[other_rate: 0.1]
[min_data_per_group: 100]
[max_cat_threshold: 32]
[cat_l2: 10]
[cat_smooth: 10]
[max_cat_to_onehot: 4]
[top_k: 20]
[monotone_constraints: ]
[monotone_constraints_method: basic]
[monotone_penalty: 0]
[feature_contri: ]
[forcedsplits_filename: ]
[refit_decay_rate: 0.9]
[cegb_tradeoff: 1]
[cegb_penalty_split: 0]
[cegb_penalty_feature_lazy: ]
[cegb_penalty_feature_coupled: ]
[path_smooth: 0]
[interaction_constraints: ]
[verbosity: -1]
[saved_feature_importance_type: 0]
[use_quantized_grad: 0]
[num_grad_quant_bins: 4]
[quant_train_renew_leaf: 0]
[stochastic_rounding: 1]
[linear_tree: 0]
[max_bin: 255]
[max_bin_by_feature: ]
[min_data_in_bin: 3]
[bin_construct_sample_cnt: 200000]
[data_random_seed: 175]
[is_enable_sparse: 1]
[enable_bundle: 1]
[use_missing: 1]
[zero_as_missing: 0]
[feature_pre_filter: 1]
[pre_partition: 0]
[two_round: 0]
[header: 0]
[label_column: ]
[weight_column: ]
[group_column: ]
[ignore_column: ]
[categorical_feature: ]
[forcedbins_filename: ]
[precise_float_parser: 0]
[parser_config_file: ]
[objective_seed: 16083]
[num_class: 1]
[is_unbalance: 0]
[scale_pos_weight: 1]
[sigmoid: 1]
[boost_from_average: 1]
[reg_sqrt: 0]
[alpha: 0.9]
[fair_c: 1]
[poisson_max_delta_step: 0.7]
[tweedie_variance_power: 1.5]
[lambdarank_truncation_level: 30]
[lambdarank_norm: 1]
[label_gain: ]
[lambdarank_position_bias_regularization: 0]
[eval_at: ]
[multi_error_top_k: 1]
[auc_mu_weights: ]
[num_machines: 1]
[local_listen_port: 12400]
[time_out: 120]
[machine_list_filename: ]
[machines: ]
[gpu_platform_id: -1]
[gpu_device_id: -1]
[gpu_use_dp: 0]
[num_gpu: 1]

end of parameters

pandas_categorical:null
