tree
version=v4
num_class=1
num_tree_per_iteration=1
label_index=0
max_feature_idx=55
objective=binary sigmoid:1
feature_names=Column_0 Column_1 Column_2 Column_3 Column_4 Column_5 Column_6 Column_7 Column_8 Column_9 Column_10 Column_11 Column_12 Column_13 Column_14 Column_15 Column_16 Column_17 Column_18 Column_19 Column_20 Column_21 Column_22 Column_23 Column_24 Column_25 Column_26 Column_27 Column_28 Column_29 Column_30 Column_31 Column_32 Column_33 Column_34 Column_35 Column_36 Column_37 Column_38 Column_39 Column_40 Column_41 Column_42 Column_43 Column_44 Column_45 Column_46 Column_47 Column_48 Column_49 Column_50 Column_51 Column_52 Column_53 Column_54 Column_55
feature_infos=[0:93.019299715506364] [-142.87763210111007:150.93938205172162] [-0.29709715982665069:1.2405606480252689] [0.0018642739422521999:0.0228540851262947] [0:1] [0:1] [-0.0039276008470385997:0.0057531828873594003] [-0.0073305890047811999:0.0086077460728933002] [-0.011912564551576301:0.011140665592698201] [0.0010632480482906999:0.0018616605504816999] [-0.0032341228290984998:0.0034731656082131] [-1:1] [0.00042680051321169999:0.0037336394427711001] [-0.0032341228290984998:0.0034731656082131] [-0.0055723433400173003:0.0068751777811206002] [-0.0065925184760976998:0.0110872627814745] [-0.0099093986169869006:0.0140469903935404] [0:1] [0:1] [0:1] [-1:1] [-0.0045972853666020001:0.0050964378224955999] [-0.00073350057723489996:0.00099487904292019989] [-1:1] [0.00048041981435450001:0.0027262860831830001] [0:1] [-0.0001589154324035:0.0001819370216595] [0.0026121250835413998:0.0030316914113103998] [-0.59487019657497231:-0.34336496052675919] [0:1.2013351799086798] [-4.8084215212665669:4.4028908814698973] [0:1] [-0.0082566577483516:361802943000000] [-0.0084428318022427996:0.0109133855842338] [-1:1] [0:1] [0:1] [0:1] [0:1] [0:1] [0.20000000000000001:1] [0:5174.9134598435485] [0:2891.5656837509814] [0:0.5] [0:0.90000000000000002] [0:0.58677158813282349] [0:0.61694996739138819] [0:0.1333333333333333] [0:0.64999999999891667] [0:0.13] none none [-0.59947755553428128:0.76621501636584832] [-1.0690974563141846:1.1780053473963925] [0:0.30270904050206848] [0.050249054351173002:0.60000000000000009]
tree_sizes=3444 3486 3491 3482 3474 3444 3453 3445 3440 2390 3462 3503 3494 2180 3375 2604 3500 3471 3459 3456 3471 2711 3488 2190 2938 1869 3496 1874 1334 2275 1868 1436 2179 1222 3464 1650 3058 1882 3457 1740 1766 1861 1742 2177 1545 2612 2819 2926 1875 2307 2508 2411 1435 3452 1311 1650 1437 1633 2924 1654 2818 1236 2513 3169 1651 1972 3027 3266 2194 3068 3374 1547 3476 3470 1443 1558 2731 1215 1343 1015 2394 3463 2072 3473 2623 1548 3444 1112 1115 3459 2630 2835 1554 1980 3346 2933 1231 2410 1653 2376 1214 1226 1645 1230 1554 3473 2309 2083 1336 2520 1229 1527 1981 2613 2270 3483 2623 2415 2741 2088

Tree=0
num_leaves=31
num_cat=0
split_feature=45 3 1 3 27 41 53 32 53 1 44 52 1 36 52 28 2 2 15 41 13 24 13 53 19 27 48 45 22 28
split_gain=43.0514 24.2811 23.809 22.3248 21.1741 17.391 25.9194 16.8804 15.5068 15.1077 18.7202 17.0473 14.4051 13.0746 19.3768 16.5589 12.8067 10.9327 11.5399 9.71362 9.4579 9.36456 9.2005 8.79435 8.62668 7.81001 8.60336 7.75366 6.65007 5.85749
threshold=0.4785007073983622 0.011890965017656201 13.114205279442105 0.009517614587503602 0.0027251958388396507 4478.0063375754298 -1.0000000180025095e-35 0.0028953476564346002 -0.044763077915251845 -42.238505746194271 0.54026917505786554 0.086222989694800467 -49.855029028236451 1.0000000180025095e-35 0.049856947115312307 -0.45070484199439648 0.61013699681938205 -0.070117316647858086 -0.0013139319491206997 4772.9622426641881 -0.00055460773427244996 0.0011693389515933501 -0.00052839706176469991 -0.51283955688020255 1.0000000180025095e-35 0.0027332849631835003 0.10833333333315277 0.50583085258803406 0.00027559503911145003 -0.45190000381075679
decision_type=2 2 2 2 2 2 2 2 2 2 2 2 2 2 2 2 2 2 2 2 2 2 2 2 2 2 2 2 2 2
left_child=1 2 8 5 -4 6 24 17 9 10 -1 -11 -10 22 19 -16 -8 -7 -19 -15 -6 -14 27 -24 -2 26 -9 -5 -22 -21
right_child=3 -3 4 13 20 7 16 25 12 11 -12 -13 21 14 15 -17 -18 18 -20 29 28 -23 23 -25 -26 -27 -28 -29 -30 -31
leaf_value=0.11339851089786275 0.09396277517558696 -0.083947287881877219 0.10010655458005616 -0.069097711244526211 -0.062643996419627285 0.072395585060489084 0.018140668817587632 -0.02827568063764976 -0.037402539595870435 -0.045317830437548952 -0.0055057675743055787 0.056794860751266413 0.10060100326388544 0.061912934504724022 -0.11161276363940253 0.018430412622124762 -0.098049753547378007 -0.04021910346312383 -0.0084674827756510297 -0.059572629397810994 0.073003087985383255 0.01727705602991866 -0.018415329014543069 -0.11309954736791196 0.012266251735164622 0.083754058847963303 0.063964978782514351 0.026828393006226102 -0.019751995367804878 0.029790268953239371
leaf_weight=13.596836388111113 31.184026837348938 11.688375025987623 51.574256509542465 12.445988118648531 7.4706078171730068 9.0411080121994001 14.516538798809053 14.723852306604387 9.2283218801021558 52.849579215049744 22.492222011089325 13.046536803245543 26.668497741222382 18.572216689586639 18.371220290660862 9.5110090374946576 10.435736358165739 98.501187950372696 285.84798073768616 10.460860908031465 14.566787898540499 12.763849645853041 7.9907579421997061 29.29193240404129 11.258673280477522 15.581963598728178 11.546385347843168 9.5160339474678022 7.4907074570655814 8.5159329771995527
leaf_count=54 124 47 205 50 30 36 58 59 37 212 90 52 106 74 74 38 42 395 1144 42 58 51 32 118 45 62 46 38 30 34
internal_value=-6.87533e-09 0.0285553 0.0342294 -0.0110812 0.0691767 -0.00356491 0.0342512 -0.00942053 0.015415 -0.00231434 0.0392924 -0.0251009 0.052573 -0.0413836 -0.0167321 -0.0672533 -0.0304534 -0.0145593 -0.0166048 0.0207827 0.0151542 0.0736299 -0.0686094 -0.092806 0.0722913 0.0388818 0.0122663 -0.0275334 0.0415035 -0.0194706
internal_weight=870.75 243.437 231.748 627.313 81.1024 502.637 67.395 435.242 150.646 101.985 36.0891 65.8961 48.6607 124.676 65.4312 27.8822 24.9523 393.39 384.349 37.549 29.5281 39.4323 59.2447 37.2827 42.4427 41.8522 26.2702 21.962 22.0575 18.9768
internal_count=3483 972 925 2511 323 2011 269 1742 602 408 144 264 194 500 262 112 100 1575 1539 150 118 157 238 150 169 167 105 88 88 76
is_linear=0
shrinkage=1


Tree=1
num_leaves=31
num_cat=0
split_feature=26 21 21 26 21 26 21 21 26 21 7 26 21 29 26 21 21 45 22 26 24 32 30 1 45 12 26 28 21 52
split_gain=49.3921 51 35.8218 54.6356 51.05 35.1149 30.6393 23.7322 24.806 23.5874 20.4773 20.3036 18.9347 14.6212 14.0542 13.5439 13.2654 12.6998 10.7198 15.4129 10.0549 9.02841 11.6792 10.8584 13.3027 8.99841 8.86073 8.36532 7.29368 6.51971
threshold=-9.2640678961246951e-07 0.00016513570823810004 -0.00039082669300754993 -3.1463637974955023e-05 -0.0013665503358661999 3.1715194760804263e-05 0.00053877031924260007 0.00095043585505745021 5.6351275486756057e-05 -0.0009408066333414499 -0.0016993734410886499 -5.8972152635668208e-05 0.0016483205743451003 0.095268303296229359 9.7964399347041098e-06 0.0016797253893274502 -0.0021277285876340492 0.52232468340120042 5.793546338190575e-05 2.4081635499645975e-05 0.0010827609987989503 -0.0023065294821899497 -1.1954826016000639 9.7013798368789157 0.47729296970948826 0.0012709758986445003 1.3943651994143178e-05 -0.4305446415630379 0.0010343124540685002 -0.07982416217915754
decision_type=2 2 2 2 2 2 2 2 2 2 2 2 2 2 2 2 2 2 2 2 2 2 2 2 2 2 2 2 2 2
left_child=2 26 3 4 11 6 10 -7 12 -5 -3 16 -9 29 -12 -10 -1 -15 28 -20 -6 -4 -23 -24 -25 -13 -2 -22 -8 -11
right_child=1 5 21 9 20 7 18 8 15 13 14 25 -14 17 -16 -17 -18 -19 19 -21 27 22 23 24 -26 -27 -28 -29 -30 -31
leaf_value=0.010285080132061244 0.057410191649342072 -0.07370329308545083 -0.1162846849581881 0.092561975734571131 -0.10824703788668733 0.086170276651711383 -0.058213641388037363 0.0072327871154083921 0.10477888811606828 0.0030344289231089717 -0.010351706611926994 0.082355937670086907 -0.07954978917436166 0.044964978485202318 0.071449685925204939 0.028236941297417065 -0.061046964405816584 -0.050774022488769381 -0.055800794165259335 0.038682864955021323 -0.032228961817031096 0.035994309897129158 -0.097836518959352345 0.045309770467007453 -0.057778412390457286 0.012434786759174293 0.11373744062368499 -0.12120287304179379 -0.12830246121458339 -0.096937870667016798
leaf_weight=32.240582346916199 56.41123540699482 12.429071336984633 15.615972846746443 34.169062435626984 41.682244405150414 36.920173212885857 34.349269464612007 67.481032252311707 20.371447116136551 7.4922049343585995 21.970123410224915 20.079403191804886 21.128750666975975 58.122475579380989 34.629692569375038 54.051738679409027 34.582148164510727 10.463898956775664 33.34966091811657 16.524905309081078 30.656887173652649 9.01368300616741 30.305219039320946 10.013203725218771 40.070418775081635 28.497662335634232 26.16332483291626 8.6771689951419813 13.136315926909445 9.4292552769184095
leaf_count=129 225 50 63 136 168 147 138 270 81 30 88 80 85 232 138 216 139 42 134 66 123 36 122 40 161 114 104 35 53 38
internal_value=3.66473e-07 0.0184619 -0.0196802 -0.00623112 -0.0321931 0.00566008 -0.0214914 0.0282539 0.0151383 0.0363781 0.0192787 0.00197992 -0.0134603 0.013927 0.0396972 0.0491883 -0.0266307 0.0303585 -0.0503977 -0.0244956 -0.0808691 -0.0601601 -0.0503568 -0.060039 -0.037168 0.0413368 0.0752572 -0.0518568 -0.0776029 -0.0526738
internal_weight=870.028 448.917 421.111 316.093 196.416 366.342 166.389 199.953 163.033 119.677 69.0289 115.4 88.6098 85.5078 56.5998 74.4232 66.8227 68.5864 97.3602 49.8746 81.0163 105.018 89.4025 80.3888 50.0836 48.5771 82.5746 39.3341 47.4856 16.9215
internal_count=3483 1795 1688 1266 788 1466 667 799 652 478 276 462 355 342 226 297 268 274 391 200 326 422 359 323 201 194 329 158 191 68
is_linear=0
shrinkage=0.08


Tree=2
num_leaves=31
num_cat=0
split_feature=26 21 21 26 21 21 26 21 21 26 16 26 1 26 7 21 28 29 26 22 26 41 28 24 26 24 42 29 44 21
split_gain=42.1258 46.5037 29.8296 35.8504 42.7916 27.9695 26.5886 27.5757 20.1582 21.5476 19.5384 17.7331 16.6752 14.4824 15.7355 14.3734 13.4572 12.1411 10.8537 9.55084 12.3058 8.38742 8.34571 7.828 8.14367 7.56239 7.18766 6.95725 6.81377 6.74151
threshold=2.1414876252092447e-06 0.00016513570823810004 -0.00018548990099314996 -3.1463637974955023e-05 -0.0013665503358661999 -0.00091289032470699986 3.1715194760804263e-05 0.00053877031924260007 0.00095043585505745021 4.75011723681893e-05 -0.0012341905856385997 -4.5361896168775888e-05 22.887710445153065 -1.6053367517312868e-05 0.0012997818195673503 0.0015659200453663001 -0.47090374158534498 0.23939302486581587 -8.9770886790404932e-05 5.0533548774777701e-05 2.4081635499645975e-05 4756.4369063913609 -0.48104933627450031 0.0010827609987989503 -4.301380885927693e-05 0.00081066708992395006 2532.5289773289446 0.19991222306999498 0.67641918670456891 0.0010343124540685002
decision_type=2 2 2 2 2 2 2 2 2 2 2 2 2 2 2 2 2 2 2 2 2 2 2 2 2 2 2 2 2 2
left_child=2 22 3 4 11 -5 7 10 -8 12 28 18 -10 17 -15 -11 -12 -7 -1 29 -21 26 27 -6 -25 -23 -4 -2 -3 -9
right_child=1 6 21 5 23 13 8 19 9 15 16 -13 -14 14 -16 -17 -18 -19 -20 20 -22 25 -24 24 -26 -27 -28 -29 -30 -31
leaf_value=-0.076911913792843553 0.064423213849119781 -0.081475023450635092 -0.058488181565431292 0.082271583271025558 -0.096854335967685043 -0.06097513693981671 0.07947356702233839 -0.053017732054633566 -0.057754396118290779 0.079592536983362092 0.088803707496842382 0.075843740557958325 0.033720895140168461 0.014535868955141433 0.13593077710020957 0.01569533421629677 -0.003653970387820578 0.011137083481996719 -0.00061510282309635482 -0.048840570054183699 0.035616737156519661 -0.023555025272242302 0.052052255613695912 -0.084683187137275642 -0.012492073354224234 -0.10207820052148725 0.011076280947783509 0.14002537534415235 0.012776394103174585 -0.12277595634438082
leaf_weight=13.912582606077192 13.271498709917067 11.656951650977136 26.811476111412048 36.840798631310463 43.509007409214973 30.305532857775688 36.831555902957916 33.318511411547661 36.82847036421299 32.353385761380196 26.589578315615654 17.559574648737907 19.510504812002182 55.423055216670036 7.7948622405529013 74.210349395871162 16.221732914447784 29.475548267364502 83.8570846170187 33.323462307453156 16.512148067355156 10.212551355361937 34.278750479221344 19.590768247842789 20.429841920733452 33.924153313040733 14.727426365017889 18.861942321062088 8.4801635444164258 12.081339925527571
leaf_count=56 53 47 108 147 176 122 147 134 148 129 106 70 78 222 31 297 65 118 336 134 66 41 137 79 82 137 59 75 34 49
internal_value=-4.4331e-07 0.0180277 -0.0172154 -0.00708554 -0.0297603 0.0211244 0.00661956 -0.0178819 0.026024 0.0139393 0.0232027 0.00182226 -0.026076 0.00280955 0.029504 0.0350949 0.0537704 -0.0254196 -0.0114721 -0.0450378 -0.0208571 -0.0596261 0.0795099 -0.0733663 -0.0478308 -0.0839092 -0.0338244 0.108801 -0.0417838 -0.0715811
internal_weight=868.705 424.33 444.374 358.699 198.859 159.84 357.918 158.184 199.734 162.903 62.9484 115.329 56.339 122.999 63.2179 106.564 42.8113 59.7811 97.7697 95.2355 49.8356 85.6756 66.4122 83.5296 40.0206 44.1367 41.5389 32.1334 20.1371 45.3999
internal_count=3483 1699 1784 1439 799 640 1434 635 799 652 252 462 226 493 253 426 171 240 392 383 200 345 265 337 161 178 167 128 81 183
is_linear=0
shrinkage=0.08


Tree=3
num_leaves=31
num_cat=0
split_feature=26 21 45 21 26 21 26 21 21 26 53 21 26 15 26 8 3 54 10 42 44 41 29 21 26 26 15 42 21 41
split_gain=36.1144 37.6403 28.5631 26.4437 34.8498 28.0559 25.4994 20.2024 19.7049 20.1481 15.0064 14.5376 14.4007 11.8031 13.6673 10.7537 10.6107 10.5768 10.3333 10.263 13.5593 9.26945 8.82519 8.51193 8.12061 7.0584 6.53613 6.35256 6.59596 5.02718
threshold=-9.2640678961246951e-07 0.00016513570823810004 0.52640926196246463 -0.00039082669300754993 -3.1463637974955023e-05 -0.0012272482096401997 2.6923750813049319e-05 0.00063436898371570011 0.00082946350968615007 5.6351275486756057e-05 -0.54564646024570107 0.0016483205743451003 -5.8170687355789487e-05 -0.00039111634092029991 1.0218080723549968e-05 0.0018246084488069503 0.0076191490973935008 0.03757438259349781 -0.0011615788539624998 2556.5606461731154 0.7007040583213876 4530.2979046775026 0.092404545418026909 -0.00013865725941329999 -4.4653106534337071e-05 1.3943651994143178e-05 0.00030021810527275009 2674.32636889182 -0.00011639247357064999 4599.1976216883513
decision_type=2 2 2 2 2 2 2 2 2 2 2 2 2 2 2 2 2 2 2 2 2 2 2 2 2 2 2 2 2 2
left_child=2 25 3 4 5 12 7 13 -8 11 16 -10 -1 -3 -15 21 -6 -11 -4 -9 -21 -5 -12 -17 -7 27 -23 28 29 -2
right_child=1 6 18 15 10 24 8 19 9 17 22 -13 -14 14 -16 23 -18 -19 -20 20 -22 26 -24 -25 -26 -27 -28 -29 -30 -31
leaf_value=-0.023212183384852317 0.043065895290884837 -0.053823037348440995 -0.0061019066754063314 0.0052773554019228935 0.024804799073291396 -0.11326560441410331 0.073701215255438227 -0.10375916084843154 0.0033237264675746998 0.12055095013397357 0.0036720417598752938 -0.070080102886739784 0.033799448231540741 -0.02256252487642451 0.05316267672154025 0.043836426533341515 -0.078082755900101428 0.031319247909600521 -0.089692219188893765 -0.0049794603156750735 -0.10795269416883241 -0.09924736417675202 0.069841756135736927 -0.041911292224230755 -0.045985889648198129 0.099355605934157334 -0.035866680248013004 -0.0074341330207700349 0.032725085152122524 0.12280980834340559
leaf_weight=62.49092110991478 7.9895655214786556 17.349638283252716 12.20125739276409 9.6885624229907972 18.224663406610492 17.186428293585777 38.403565496206284 19.94179955124855 90.714543506503105 9.794039845466612 16.155618876218796 21.327378734946251 51.909506767988205 26.648788869380951 35.673716768622398 12.210695937275888 9.899650499224661 64.417051807045937 42.199004635214806 29.340369388461113 11.349980250000952 34.776879519224167 64.011660382151604 18.841448217630386 34.58905628323555 25.874184459447861 14.863989144563673 10.44491598010063 23.93375264108181 13.796131402254103
leaf_count=251 32 70 49 39 73 70 154 81 364 39 65 86 208 107 143 49 40 258 171 118 46 141 256 76 140 104 60 42 96 55
internal_value=-4.44952e-07 0.015819 -0.016867 -0.00880392 0.00355525 -0.019457 0.00481252 -0.0219456 0.0215237 0.0107652 0.038868 -0.0106488 0.002657 0.00453654 0.020783 -0.0463358 -0.0114112 0.0430956 -0.070944 -0.0567439 -0.0337023 -0.0662994 0.056507 -0.00819255 -0.0683188 0.0647831 -0.0802693 0.0488559 0.0617158 0.093565
internal_weight=866.249 446.999 419.249 364.849 274.468 166.176 364.961 140.304 224.657 186.253 108.292 112.042 114.4 79.6721 62.3225 90.3816 28.1243 74.2111 54.4003 60.6321 40.6903 59.3294 80.1673 31.0521 51.7755 82.0386 49.6409 56.1644 45.7194 21.7857
internal_count=3483 1795 1688 1468 1103 669 1466 565 901 747 434 450 459 320 250 365 113 297 220 245 164 240 321 125 210 329 201 225 183 87
is_linear=0
shrinkage=0.08


Tree=4
num_leaves=31
num_cat=0
split_feature=26 3 41 8 55 53 14 37 14 53 33 30 44 30 26 15 26 44 8 26 0 36 12 52 8 44 40 47 16 53
split_gain=30.7887 19.5052 18.5399 16.0602 14.8677 14.2967 13.8977 13.0429 12.1858 15.2031 12.8993 10.9959 10.3991 10.5019 15.9038 10.1046 11.5478 9.71006 9.32014 8.49318 8.09249 6.96611 6.92182 6.79433 6.42435 6.10061 5.93037 5.89976 5.35497 5.10799
threshold=2.1414876252092447e-06 0.010367873941617802 4495.9957456819639 0.0032911911745745503 0.16207667735858133 0.21551895537803342 0.00069046123613275003 1.0000000180025095e-35 -0.00056590165361409997 -0.15466313762660808 -0.0015977475717242498 1.7993247220292743 0.37323993275420947 -2.5530718952183085 -3.1463637974955023e-05 0.00020661933965030003 6.204000131222421e-05 0.73394467496684579 0.0058111676782653015 -1.3872680161691932e-05 44.024239805017295 1.0000000180025095e-35 0.0011811454561467501 0.036693569540234804 -0.0041999002546509491 0.60610384052305455 0.50000000000000011 0.049999999999999954 -0.0049671671717933996 -0.33737580873879985
decision_type=2 2 2 2 2 2 2 2 2 2 2 2 2 2 2 2 2 2 2 2 2 2 2 2 2 2 2 2 2 2
left_child=2 4 3 5 7 19 12 17 22 10 -10 -11 -4 28 -15 -9 -17 20 25 27 -2 23 -6 -3 -23 26 -8 -1 -14 -26
right_child=1 21 6 -5 8 -7 18 15 9 11 -12 -13 13 14 -16 16 -18 -19 -20 -21 -22 24 -24 -25 29 -27 -28 -29 -30 -31
leaf_value=0.06647133269618416 -0.067257011156279065 -0.090698147977284801 0.069752546082683498 -0.055697473336575438 0.12375583372251012 -0.037548970932549511 -0.0047459636657124771 0.091761191915634394 -0.013944246606387101 0.022049168145106848 0.053238264437795946 -0.03169858836765415 -0.014465163892816255 -0.042720594402907708 -0.0061761991854374929 -0.021233512678546829 0.085419325282192538 -0.10807898524416469 0.0043701975826524273 0.13566175985787945 0.010143081046205872 0.05720214428760631 0.038982151722274691 -0.0040597870521184515 -0.079424051397729248 -0.12944753238931325 -0.10595628404694182 -0.0084971292139225801 0.068340026273669238 0.0058976020583040656
leaf_weight=25.168007642030716 13.34553402662277 16.487238273024563 8.6955693960189802 13.039289236068724 13.418448731303217 11.131571620702742 7.451160594820978 10.929780229926108 21.535048991441727 69.673071458935738 121.41636243462563 37.457446560263634 8.2190370559692401 138.51262307167053 169.45528009533882 27.522643357515335 8.5051167160272581 9.3674878776073438 8.6554508209228498 8.5280782878398878 24.546712264418602 8.1965324431657809 11.402232363820074 8.9311122298240644 7.4013035148382214 13.477124348282812 7.3701066970825195 9.1646348983049375 12.755189314484594 11.419118866324423
leaf_count=101 54 67 35 53 54 45 30 44 87 281 488 151 33 561 684 111 34 38 35 34 99 33 46 36 30 55 30 37 51 46
internal_value=-1.63831e-06 0.0154628 -0.0147634 0.0239854 0.0219487 0.043229 -0.0216973 -0.00547672 0.0313481 0.0260418 0.0431175 0.00325664 -0.0165994 -0.0188821 -0.0226125 0.0243843 0.00394415 -0.0351468 -0.0682751 0.0642083 -0.017117 -0.0301945 0.0848121 -0.0602565 -0.00191128 -0.0904946 -0.0550744 0.0464595 0.0358917 -0.0276559
internal_weight=863.178 421.555 441.623 67.0316 369.12 53.9923 374.592 94.2173 274.903 250.082 142.951 107.131 337.638 328.942 307.968 46.9575 36.0278 47.2597 36.9538 42.8607 37.8922 52.4353 24.8207 25.4184 27.017 28.2984 14.8213 34.3326 20.9742 18.8204
internal_count=3483 1699 1784 270 1487 217 1514 380 1107 1007 575 432 1364 1329 1245 189 145 191 150 172 153 212 100 103 109 115 60 138 84 76
is_linear=0
shrinkage=0.08


Tree=5
num_leaves=31
num_cat=0
split_feature=45 7 3 53 54 28 53 54 41 6 6 46 3 21 7 45 45 41 48 21 31 45 41 32 42 28 27 41 2 12
split_gain=31.5689 24.9767 21.7919 18.3576 27.975 11.6536 10.8723 15.1258 10.9339 10.6438 10.3888 10.3032 9.5453 11.5808 8.70519 9.32195 14.5587 9.91916 8.50698 10.6172 9.17196 8.22346 8.18342 7.91294 13.7844 6.28847 6.79274 5.75375 12.6935 5.47269
threshold=0.47231756686024362 -0.00015227621236604997 0.009517614587503602 0.15362252618196567 0.082845596640586508 -0.4305446415630379 -0.66128656443212341 0.12844153644448211 4752.3899430329357 0.0019733242610803503 -0.0013224404981361999 0.51410336771880927 0.014428959268242302 -0.0010203945658859498 0.0014010099513146002 0.49114522066428729 0.47919741507599728 4847.1687280365559 0.12499999999979165 -0.00041847327670204993 0.27917350638132049 0.46933393003900953 4556.4024314397875 -0.0027182938621250993 2475.7027047595298 -0.51338055043171393 0.0026870912998832003 4664.4767703976258 0.17802599628932667 0.0012453236205353503
decision_type=2 2 2 2 2 2 2 2 2 2 2 2 2 2 2 2 2 2 2 2 2 2 2 2 2 2 2 2 2 2
left_child=1 10 3 4 5 11 8 -8 -6 25 29 -2 18 -14 15 16 -5 -17 19 20 -4 23 -7 -12 -25 -3 -27 -20 -29 -1
right_child=2 9 12 14 6 22 7 -9 -10 -11 21 -13 13 -15 -16 17 -18 -19 27 -21 -22 -23 -24 24 -26 26 -28 28 -30 -31
leaf_value=0.098545653019971868 -0.012911090829664847 0.11816153731258601 -0.027934553158269471 -0.057687621766745426 0.032411494204378041 0.0021350041322849888 0.020721532122464005 0.0730180182084431 -0.030584238574943596 -0.023463777747788607 -0.083271792048078525 0.079096867568964502 0.093464937647089269 -0.038498242863587225 -0.07377411258064602 -0.021662670966205336 0.057375398809917134 -0.1061143618310459 -0.12448783809102977 0.0036720984334497036 -0.11934163853333017 0.048210897679466791 -0.098856342699791697 0.089359855223978893 -0.029655163336550244 0.020740155363209199 0.0813360293616779 0.037598118500748685 -0.078495105768714976 0.021036714725990033
leaf_weight=8.4886983484029788 154.63022230565548 16.116007879376411 19.485052943229679 10.613223329186441 33.247894510626793 7.4106347709894207 118.45791992545128 50.479651734232903 37.54580095410347 7.9295068830251685 12.005315884947775 8.2025427222251874 7.4833065718412426 9.8692260831594449 21.456864953041077 65.15829111635685 20.889933288097382 10.309299468994139 10.010296911001204 35.049531549215317 10.987133383750914 11.65125188231468 16.722966194152832 7.4384342879056922 38.282007485628128 17.763739317655563 35.501952812075615 7.4323330968618384 31.893094688653946 18.615249872207642
leaf_count=34 626 65 79 43 134 30 478 203 152 32 49 33 30 40 87 264 84 42 41 142 45 47 68 30 155 72 143 30 130 75
internal_value=-1.09353e-06 0.0304607 -0.00770333 -0.000751637 0.00722961 -0.0159654 0.0253194 0.0363481 -0.000998617 0.0643406 0.00331236 -0.00827628 -0.0368922 0.0184111 -0.0272692 -0.0179409 0.0186114 -0.0331992 -0.0452473 -0.026355 -0.0608925 -0.0130958 -0.0678452 -0.0254698 -0.0102922 0.0743756 0.0611277 -0.0703379 -0.056554 0.0453118
internal_weight=861.127 173.792 687.335 555.125 426.698 186.966 239.731 168.938 70.7937 77.3112 96.481 162.833 132.21 17.3525 128.428 106.971 31.5032 75.4676 114.857 65.5217 30.4722 69.377 24.1336 57.7258 45.7204 69.3817 53.2657 49.3357 39.3254 27.1039
internal_count=3483 702 2781 2244 1724 757 967 681 286 312 390 659 537 70 520 433 127 306 467 266 124 281 98 234 185 280 215 201 160 109
is_linear=0
shrinkage=0.08


Tree=6
num_leaves=31
num_cat=0
split_feature=45 3 1 53 54 0 44 30 28 40 16 8 54 22 54 45 14 27 24 8 45 16 9 3 28 9 13 29 44 53
split_gain=26.8303 18.5476 18.4345 15.57 23.7099 14.2929 14.7104 13.2623 11.1136 10.3775 10.0815 9.62963 14.2078 10.2756 9.36922 8.63044 12.0462 8.45459 8.13544 7.97051 9.85994 8.32344 8.44873 7.89995 7.68555 11.9766 11.0335 7.50898 7.36244 7.04152
threshold=0.47231756686024362 0.009517614587503602 -21.201423412734581 0.15362252618196567 0.082845596640586508 23.8983236461067 0.53273643142779692 -0.91876488734118078 -0.51338055043171393 0.75000000000000011 0.0043893673477723508 0.0019912696591597502 0.12015468449272466 -3.2871325165407591e-05 0.036946465959606156 0.44727556792135509 -0.00017905359730329998 0.0027084224323887002 0.0017435758163445003 0.00098858737035235011 0.49114522066428729 0.0016072009289066502 0.0015627670476530502 0.0061547124746277508 -0.49325204330940681 0.0015191108154041502 -0.00026309158604664998 0.22885559973883826 0.66828213035075845 -0.57417179601430612
decision_type=2 2 2 2 2 2 2 2 2 2 2 2 2 2 2 2 2 2 2 2 2 2 2 2 2 2 2 2 2 2
left_child=2 3 5 4 9 -1 23 -4 -9 14 29 13 -13 -6 -2 -8 -17 -11 24 21 27 22 -5 -7 28 -26 -27 -21 -3 -10
right_child=1 18 7 19 11 6 15 8 10 17 -12 12 -14 -15 -16 16 -18 -19 -20 20 -22 -23 -24 -25 25 26 -28 -29 -30 -31
leaf_value=0.082241296752894169 0.0056878998553644925 -0.031974036371333128 -0.02463093522037061 -0.011864673878840645 0.029401707262095518 -0.015535539007960652 -0.10459771276997842 0.11910889648082865 0.010891756358669666 0.036077906878776385 -0.026800337764416062 0.01266399266195487 0.079156635159340183 -0.011946296347805686 -0.044794648558277868 0.02251621966917924 -0.07040164646738005 -0.018135974715296266 0.023791070303437252 0.045272790168885885 -0.088397061412956737 0.053523058662066511 -0.097118075713725799 0.090583410260253322 -0.072850903079884136 0.025897147187043702 -0.061117447440676854 -0.063442901116145728 0.067008388829733215 0.076459897665064183
leaf_weight=11.114816769957541 33.36604867875576 13.679897800087931 12.851505696773527 69.335995197296143 89.935015946626663 7.9086768478155163 10.302704304456709 17.629700034856796 13.818445801734923 36.418147280812263 9.9006721675395948 41.64867214858532 40.629652857780457 67.214433625340462 79.805829256772995 18.845509484410282 16.971047431230549 37.230409637093544 13.899540916085241 8.4174410998821276 23.280385658144951 10.939199745655058 8.3337682038545591 10.385515987873076 59.24832671880722 19.820188000798225 17.614977091550827 7.8655923306941977 7.4168114066123954 43.419749602675438
leaf_count=45 135 56 52 281 363 32 42 72 56 147 40 168 164 272 324 76 69 151 56 34 95 44 34 42 243 80 72 32 30 176
internal_value=-1.20286e-06 -0.00710285 0.0281391 -0.000692521 0.00665906 -0.00153734 -0.0159937 0.0510996 0.0625809 -0.0147008 0.0477374 0.0233257 0.0454986 0.0117167 -0.0299111 -0.0400722 -0.0215113 0.00867201 -0.0340927 -0.0251408 -0.0549966 -0.0118104 -0.0210121 0.0447076 -0.0409237 -0.0504697 -0.0150472 -0.00724281 0.00282447 0.0606304
internal_weight=859.249 686.1 173.148 554.421 426.248 75.5283 64.4135 97.6201 84.7686 186.82 67.1389 239.428 82.2783 157.149 113.172 46.1193 35.8166 73.6486 131.68 128.172 39.5634 88.609 77.6698 18.2942 117.78 96.6835 37.4352 16.283 21.0967 57.2382
internal_count=3483 2781 702 2244 1724 306 261 396 344 757 272 967 332 635 459 187 145 298 537 520 161 359 315 74 481 395 152 66 86 232
is_linear=0
shrinkage=0.08


Tree=7
num_leaves=31
num_cat=0
split_feature=45 7 3 53 41 8 41 39 41 0 45 21 3 21 49 22 45 1 30 7 7 45 35 41 24 41 16 33 24 22
split_gain=22.843 18.4227 15.7905 13.2123 16.3416 16.1822 15.4745 14.6255 14.1058 11.1841 11.2241 8.76274 7.83603 9.14085 7.27626 9.66223 10.4427 7.20514 6.97667 7.16557 6.95622 7.724 11.1293 10.5145 5.33951 5.07918 11.3876 4.87384 4.4388 8.1174
threshold=0.47231756686024362 -0.00015227621236604997 0.009517614587503602 0.15362252618196567 4470.6393384612957 0.00080942769294470014 4635.0693917571725 1.0000000180025095e-35 4570.5437506880144 23.8983236461067 0.4501667993437018 0.0011950063119135002 0.014428959268242302 -0.0010203945658859498 0.024999999999999953 0.00048391442211065009 0.48586587611727833 11.122125376034091 -1.9202399123408049 -0.0021257947569365498 0.0014010099513146002 0.49510069329456824 1.0000000180025095e-35 4847.1687280365559 0.0010617793517679502 4664.4767703976258 -0.0038617588105181494 0.0028946229887919506 0.00075836952633770015 0.00027559503911145003
decision_type=2 2 2 2 2 2 2 2 2 2 2 2 2 2 2 2 2 2 2 2 2 2 2 2 2 2 2 2 2 2
left_child=1 9 3 4 5 -2 8 -8 -6 -1 -11 28 14 -14 15 16 -4 -7 -12 -20 21 22 -5 -23 -13 -16 -27 -22 -3 -30
right_child=2 11 12 20 6 17 7 -9 -10 10 18 24 13 -15 25 -17 -18 -19 19 -21 27 23 -24 -25 -26 26 -28 -29 29 -31
leaf_value=0.077525258427709881 0.10818363884267919 0.12197083995754791 -0.10313007835545354 -0.019081881092322412 -0.006450742781559206 -0.048914841585415945 0.0032530988935050372 0.069192899099230806 -0.077711288508289136 -0.064419263211862574 0.070481447926725296 0.055703030590532554 0.085224583667668941 -0.032189645750063972 -0.11403714606128587 0.062828348628577044 -0.016328153851124138 0.035451151243055888 -0.052739475006214107 0.013031485624896331 -0.095814240225662581 -0.019423049737338625 0.068463770500801879 -0.1148834395356417 -0.024991288908919149 0.03298011577574058 -0.072252938389106819 -0.017489791058195561 0.080993379969525547 0.0022125566559497499
leaf_weight=11.291581377387045 18.334543228149414 9.5040939450263959 10.960981979966162 25.446539655327797 50.351899579167366 8.3989976197481138 269.39193022251129 23.397251009941101 27.480560183525085 17.443236321210861 9.6677286922931653 9.6186528950929659 7.487168803811076 9.7950782775878888 9.7880474179983121 7.6485514491796485 46.50290110707283 28.336455911397934 14.006893441081045 43.603413671255112 12.8967152684927 58.061532139778137 14.640426054596899 8.4605326652526838 11.549536466598509 8.3898451626300794 30.529352739453316 8.393949016928671 34.468910276889801 11.055309802293776
leaf_count=46 74 39 45 103 204 34 1090 95 112 71 39 39 30 40 41 31 190 115 57 177 53 236 59 35 47 34 126 34 142 45
internal_value=2.14785e-07 0.026045 -0.00655038 -0.000638172 0.00613624 0.046799 9.42344e-05 0.00852245 -0.0316109 0.00273504 -0.00723294 0.0554171 -0.0315153 0.0186776 -0.0391365 -0.0216421 -0.0328852 0.0161622 0.00759381 -0.00295952 -0.0231856 -0.014848 0.0128912 -0.0315641 0.0116756 -0.0625233 -0.0495678 -0.0649344 0.0722435 0.0618619
internal_weight=856.903 172.209 684.693 553.591 425.692 55.07 370.622 292.789 77.8325 96.0129 84.7213 76.1965 131.102 17.2822 113.82 65.1124 57.4639 36.7355 67.278 57.6103 127.9 106.609 40.087 66.5221 21.1682 48.7072 38.9192 21.2907 55.0283 45.5242
internal_count=3483 702 2781 2244 1724 223 1501 1185 316 390 344 312 537 70 467 266 235 149 273 234 520 433 162 271 86 201 160 87 226 187
is_linear=0
shrinkage=0.08


Tree=8
num_leaves=31
num_cat=0
split_feature=3 55 3 44 20 3 41 8 9 41 54 28 53 52 1 21 1 53 53 27 9 53 8 27 41 52 55 3 53 53
split_gain=16.8628 13.22 11.3112 16.6919 10.3522 14.3549 16.4868 15.3601 10.2584 10.3787 9.87517 11.321 9.63075 9.58964 9.4185 9.20721 8.64995 14.8146 7.82246 7.51405 6.55146 6.51564 6.40799 6.25452 10.4561 10.362 8.04984 7.8149 5.74731 6.63145
threshold=0.0084497572350678025 0.16207667735858133 0.0059803311374085006 0.67332750176155798 1.0000000180025095e-35 0.0039269301028680009 4556.4024314397875 -0.00014601489283304998 0.0013824913725424002 4513.9539828801198 0.12629429521549254 -0.4480517389524668 0.19166122598379928 0.12039155869748866 4.1287821946898484 0.00023707922802040002 39.676449315666112 -0.13490859448252049 -0.58659263686222551 0.0026513633372177501 0.0015603535885622504 0.35936919534250872 -0.0010521530143087498 0.0027404178394029506 4638.3341033657171 -0.21018504016976167 0.42724880639304946 0.011351579439885951 -0.22677989856390177 -0.31715027753649222
decision_type=2 2 2 2 2 2 2 2 2 2 2 2 2 2 2 2 2 2 2 2 2 2 2 2 2 2 2 2 2 2
left_child=1 2 8 18 5 22 13 -8 12 15 16 21 14 -7 -1 -10 20 -18 -4 -2 -6 -12 -3 28 27 -26 -27 -25 29 -21
right_child=19 4 3 -5 10 6 7 -9 9 -11 11 -13 -14 -15 -16 -17 17 -19 -20 23 -22 -23 -24 24 25 26 -28 -29 -30 -31
leaf_value=-0.018544815838635972 0.052552843152795695 0.093965184696294543 -0.0079119360315121675 -0.035723429970773095 0.01680278964511989 0.017315081648358353 -0.043932883393852026 0.0067522604394207562 0.055683406368877676 -0.074241854113257719 0.081604158633896584 -0.02454036922281393 -0.071179301099662626 0.10682008136503088 0.053074581571933857 -0.062463860226388453 0.031106259859814359 -0.092993651966098559 0.078767855887923816 -0.030461941575094385 0.068711464989609713 0.0077363186589101841 0.019419941647587036 -0.084205814755305891 -0.069667904293702176 0.010449682165362377 0.086689733432801591 0.011376184333102281 -0.049541501814730542 0.022794098493641248
leaf_weight=27.567980125546455 9.0682015717029554 13.737602859735491 9.3340471237897855 22.398721426725388 121.83570942282677 41.062170639634132 76.886934176087379 76.179689571261406 9.089701786637308 38.629093825817108 42.446823880076408 10.03445555269718 10.940932571887968 9.4182115793228132 20.483353599905968 7.8820029199123374 12.939185589551927 11.744254142045973 23.287375822663307 60.445878475904465 17.839510887861252 9.3204363286495191 15.947245091199873 14.124252155423166 7.343445509672164 29.582597568631172 12.655058041214941 8.9395865350961667 63.084581449627876 19.887475579977036
leaf_count=112 37 56 38 91 495 167 313 310 37 158 174 41 45 38 83 32 53 48 94 248 72 38 65 58 30 120 51 37 260 82
internal_value=7.84436e-07 0.00672562 -0.0123615 0.0174534 0.0137728 0.00194708 -0.00563226 -0.0187074 -0.0266766 -0.0513318 0.0259683 0.0532298 -0.00343885 0.0340142 0.0119851 0.000813426 0.0157175 -0.0279398 0.053966 -0.0187881 0.0234326 0.0683046 0.0539181 -0.0217823 -0.00265753 0.018043 0.0332924 -0.0471581 -0.0314695 -0.0172778
internal_weight=854.137 629.005 169.613 55.0201 459.392 233.232 203.547 153.067 114.593 55.6008 226.16 61.8017 58.9923 50.4804 48.0513 16.9717 164.359 24.6834 32.6214 225.131 139.675 51.7673 29.6848 216.063 72.6449 49.5811 42.2377 23.0638 143.418 80.3334
internal_count=3483 2560 690 223 1870 949 828 623 467 227 921 253 240 205 195 69 668 101 132 923 567 212 121 886 296 201 171 95 590 330
is_linear=0
shrinkage=0.08


Tree=9
num_leaves=21
num_cat=0
split_feature=45 7 24 48 10 2 41 22 44 21 45 30 44 44 47 15 19 31 21 16
split_gain=18.6836 15.4444 13.856 12.6205 8.32101 11.3609 8.47548 7.53445 6.98613 6.7331 6.54873 9.14876 5.84826 5.17583 5.12548 4.99869 4.4728 4.41366 3.22861 2.92385
threshold=0.47231756686024362 -0.00015227621236604997 0.00060998455988310011 0.22499999999962497 -0.0022663959068515995 -0.070117316647858086 4509.1263658101025 0.00039046038138815009 0.6997832862219534 0.0011950063119135002 0.45062620225680233 -1.9202399123408049 0.53273643142779692 0.60486598939115288 1.0000000180025095e-35 -0.00066103220181149989 1.0000000180025095e-35 0.077469885116654869 -0.00064142364995304995 0.0019788197671057003
decision_type=2 2 2 2 2 2 2 2 2 2 2 2 2 2 2 2 2 2 2 2
left_child=1 10 -2 4 -4 -6 -7 9 -5 16 15 -12 17 -14 -11 18 19 -13 -1 -3
right_child=2 7 3 8 5 6 -8 -9 -10 14 11 12 13 -15 -16 -17 -18 -19 -20 -21
leaf_value=-0.043979776746298486 0.072069943403810496 0.11187622018736308 -0.083538680393862336 -0.11697271643222001 0.080366889565312155 0.015433527121258958 -0.0098900225232213101 -0.023484870958093599 -0.02789824869496043 -0.031570023690778083 0.073841911250312628 -0.0075920318496626032 -0.067339390418714618 -9.8642432736662633e-05 0.053011261897889198 -0.087769929041651165 0.035547793410777982 0.074162179965930553 0.027083513221953261 0.065579511500278131
leaf_weight=8.3321373164653814 14.270423263311384 18.711404636502266 8.6308802217245084 9.7992918789386767 9.9474289864301664 100.85216516256332 524.41963070631027 7.8289572000503531 13.261291638016699 7.6295653730630901 13.468718960881231 7.317169904708865 9.5659924149513227 31.294760525226593 11.491588085889815 7.5493000596761695 13.13711081445217 10.005054637789724 8.039908692240715 16.366915225982666
leaf_count=34 58 79 35 42 40 413 2138 32 55 31 55 30 39 127 47 31 55 41 33 68
internal_value=1.47936e-06 0.0236654 -0.0059299 -0.00759892 -0.00551617 -0.00445606 -0.0058055 0.0507965 -0.0657493 0.0594329 0.00232751 0.0144274 0.000673554 -0.0158405 0.0192623 -0.0339152 0.0753636 0.039628 -0.00908234 0.090275
internal_weight=851.92 170.739 681.181 666.911 643.85 635.219 625.272 75.1655 23.0606 67.3366 95.573 71.6517 58.183 40.8608 19.1212 23.9213 48.2154 17.3222 16.372 35.0783
internal_count=3483 702 2781 2723 2626 2591 2551 312 97 280 390 292 237 166 78 98 202 71 67 147
is_linear=0
shrinkage=0.08


Tree=10
num_leaves=31
num_cat=0
split_feature=26 21 26 21 46 41 21 26 54 24 21 8 28 26 10 52 0 26 28 41 26 53 0 8 26 42 9 1 27 8
split_gain=24.9381 31.778 24.3056 19.0542 15.9535 14.1736 13.5911 15.346 12.8346 12.1805 12.0865 12.5369 12.013 11.7417 11.1038 12.1949 9.96486 9.64728 8.53057 8.2857 7.37598 7.25414 7.98684 7.13471 7.0999 6.91794 8.04952 5.03563 4.9929 4.83337
threshold=1.0218080723549968e-05 0.00051733366096010016 4.1688763314569427e-05 0.0004750446368185001 0.50332027058216611 4495.9957456819639 0.0015659200453663001 5.6351275486756057e-05 0.03757438259349781 0.0012145055089412002 0.0010343124540685002 0.0022355813563675006 -0.40844440327842413 -2.3519484622582e-05 6.1221987118332538e-05 0.059427356871412811 24.999152879661349 -1.2572719756451511e-05 -0.4700788454784568 4727.4042325026903 2.7491650183184874e-05 -0.36195996746900633 44.367237641010213 0.0035057773137458005 4.75011723681893e-05 2526.2736142611507 0.0014323533453626002 35.393503296309071 0.0027014572365177004 0.0040670778627834008
decision_type=2 2 2 2 2 2 2 2 2 2 2 2 2 2 2 2 2 2 2 2 2 2 2 2 2 2 2 2 2 2
left_child=3 16 10 4 5 9 14 -8 -9 17 20 28 13 -7 15 -4 -2 -1 -13 -14 29 -6 -23 -22 -16 26 -18 -11 -12 -3
right_child=1 2 6 -5 21 12 7 8 -10 27 11 18 19 -15 24 -17 25 -19 -20 -21 23 22 -24 -25 -26 -27 -28 -29 -30 -31
leaf_value=-0.015994484254485391 -0.020807468148315644 -0.0082247485533011016 -0.058484008997209277 -0.076848684034031944 -0.0068805131639307314 -0.019830488084201018 -0.054576688542909903 0.11728239617986722 0.010718840690387041 0.11052470587453254 -0.11265480480732212 0.046388288970666415 -0.014128284497909312 0.0093936249326859976 0.040043957547835907 0.078027774318679161 0.094093356819773336 0.070538455575600872 -0.060038894032845826 -0.11862056837817427 0.0068006968014989793 -0.0063042080941334011 -0.10362957653749978 0.094100779998672751 0.10585869342104537 0.089272625634124372 -0.0086065136651659584 0.028140114060273752 -0.050536995790043379 -0.071645736822181033
leaf_weight=30.837338909506798 8.2176061123609525 37.896000847220421 9.5776877701282519 26.920482903718948 13.499040767550467 182.04880355298519 20.32914200425148 8.4528275281190854 50.141791895031929 13.633884742856027 15.984391212463377 11.10650756955147 9.0563849657773989 170.29992480576038 18.384909451007843 7.4425901919603339 8.2571417391300219 11.255090683698652 8.5158068239688856 10.473168417811392 24.006155297160152 7.2977710962295559 20.712014958262444 7.9840118139982215 24.429507002234459 47.203732773661613 11.957897052168844 7.2858089953660956 17.184348329901695 9.6488215625286085
leaf_count=127 34 155 39 111 55 745 83 34 203 56 66 45 37 698 75 30 34 46 35 43 98 30 86 33 99 196 49 30 71 40
internal_value=4.05298e-06 0.0165135 0.00372041 -0.0113688 -0.00766865 -0.00314579 0.0271133 0.00531313 0.0260916 0.0319398 -0.0208096 -0.0504864 -0.00909079 -0.00570566 0.0558684 0.00120957 0.0623647 0.00714355 0.000200397 -0.0701647 -0.00111173 -0.0550549 -0.0782721 0.0285888 0.0775972 0.0725025 0.0333428 0.0818322 -0.0804723 -0.0210955
internal_weight=850.041 346.721 271.084 503.32 476.399 434.89 138.758 78.9238 58.5946 63.0121 132.326 52.7911 371.878 352.349 59.8347 17.0203 75.6364 42.0924 19.6223 19.5296 79.535 41.5088 28.0098 31.9902 42.8144 67.4188 20.215 20.9197 33.1687 47.5448
internal_count=3483 1419 1106 2064 1953 1782 563 320 237 259 543 217 1523 1443 243 69 313 173 80 80 326 171 116 131 174 279 83 86 137 195
is_linear=0
shrinkage=0.08


Tree=11
num_leaves=31
num_cat=0
split_feature=26 21 21 26 21 26 21 21 26 16 21 26 14 48 21 1 26 42 16 14 14 26 21 28 22 1 41 15 0 16
split_gain=21.6814 27.0672 19.3438 24.2227 28.3001 17.6957 17.3711 16.1093 13.7309 13.1123 12.8816 14.0285 10.8395 13.9327 10.5791 10.466 8.40415 8.35111 7.78808 8.47198 7.72875 6.95865 8.58808 6.81724 6.11057 8.63489 6.10403 6.28343 5.76894 5.61549
threshold=2.1414876252092447e-06 0.00016513570823810004 -0.0003023644145408499 -3.1463637974955023e-05 -0.0013665503358661999 3.1715194760804263e-05 -0.0009408066333414499 0.00053877031924260007 -4.5361896168775888e-05 -0.0012341905856385997 0.00098264719883730026 5.511858993896222e-05 -0.0011674582486908998 0.024999999999958254 0.0016797253893274502 25.95787814175856 -8.9770886790404932e-05 2528.4006012737814 -0.0034969870034014991 -0.0011928809260569498 -0.0022147726267549499 -4.4653106534337071e-05 -0.00068797129907814984 -0.48104933627450031 5.793546338190575e-05 17.068052963069935 4532.228607742275 0.00030021810527275009 54.116719926028004 0.00046669543406455003
decision_type=2 2 2 2 2 2 2 2 2 2 2 2 2 2 2 2 2 2 2 2 2 2 2 2 2 2 2 2 2 2
left_child=2 23 3 4 8 7 -5 9 16 -3 -7 15 20 -14 -13 -12 -1 -11 -4 -20 -8 28 -23 -2 29 -26 -21 -28 -6 -9
right_child=1 5 18 6 21 10 12 24 -10 17 11 14 13 -15 -16 -17 -18 -19 19 26 -22 22 -24 -25 25 -27 27 -29 -30 -31
leaf_value=-0.065439438695612098 0.088478583895603105 -0.03762431331420716 -0.11187730505575566 0.073047429469514966 -0.11487656170996915 0.061252770242912445 0.033723099741727325 -0.038203645156087138 0.070087694823025917 -0.029713276271990274 -0.032534563372884955 0.081908114832557791 0.088303779559843268 0.0046698078898523209 0.015800104442857843 0.030153965414808442 0.0021640042781382192 0.05982651954884638 0.040974033370646111 0.0022384124941068947 -0.051979444735873861 -0.02035852219036129 -0.10092406689955494 0.036045788935385459 0.044126427442221318 -0.035988357203373206 -0.080657943858163966 -0.032178846189850098 -0.045080527835147148 -0.098072604254280049
leaf_weight=13.721364066004751 30.43283249437809 19.729140356183052 9.483228385448454 33.126109898090363 19.000302404165271 39.372959822416306 9.0968666076660138 30.529606193304062 17.22546274960041 8.3615761250257474 55.548986747860909 21.691350132226944 16.79714260995388 52.886069148778915 54.212034225463867 24.589418336749077 82.708887591958046 32.882736712694168 8.3765106201171857 15.384358644485472 25.932028204202652 37.155429407954216 10.967478170990942 33.165413752198219 11.325848504900931 35.909018784761429 30.491451725363731 38.991081222891808 12.608449578285216 14.930455595254896
leaf_count=56 128 81 40 136 80 163 37 127 70 34 227 89 69 216 220 100 336 137 34 63 106 154 46 137 46 148 126 162 53 62
internal_value=7.18923e-06 0.0131352 -0.0124773 -0.00307102 -0.0213356 0.00439015 0.0225543 -0.0159215 0.00429681 0.0160154 0.0203627 0.0100451 0.00658053 0.0248298 0.0346922 -0.0132994 -0.0074555 0.0416739 -0.0428065 -0.0357817 -0.0297228 -0.0578741 -0.0387199 0.0611358 -0.0369292 -0.0167787 -0.0433577 -0.0534532 -0.0870355 -0.0578664
internal_weight=846.634 412.681 433.952 331.226 193.387 349.083 137.838 153.668 113.656 60.9735 195.415 156.042 104.712 69.6832 75.9034 80.1384 96.4303 41.2443 102.727 93.2434 35.0289 79.7317 48.1229 63.5982 92.6949 47.2349 84.8669 69.4825 31.6088 45.4601
internal_count=3483 1699 1784 1359 795 1434 564 635 462 252 799 636 428 285 309 327 392 171 425 385 143 333 200 265 383 194 351 288 133 189
is_linear=0
shrinkage=0.08


Tree=12
num_leaves=31
num_cat=0
split_feature=26 21 26 21 26 21 21 26 26 26 21 21 26 32 20 21 30 44 24 41 21 0 54 35 26 42 9 54 53 26
split_gain=19.1146 24.9263 18.2276 15.851 21.8872 21.0591 18.7511 15.0517 13.1366 12.2636 11.8082 11.7646 13.0758 11.5875 10.9384 9.65267 10.1427 9.53158 9.1699 11.2331 9.13796 8.30137 7.5037 6.92829 5.94492 5.68531 6.67794 5.3595 7.54424 6.10005
threshold=1.0218080723549968e-05 0.00051733366096010016 4.1688763314569427e-05 -7.6555322634854354e-05 -2.4428772812410407e-05 -0.0011330105729556498 -0.00088397213735244985 -4.4653106534337071e-05 -2.9327107690813494e-06 -3.8096092225056879e-05 -0.0021277285876340492 0.0013019608520118502 5.6351275486756057e-05 -0.0023318090096541995 1.0000000180025095e-35 0.0010343124540685002 2.4075588310355998 0.69725704363370189 0.00064360592106820012 4532.228607742275 -0.0015748664317567999 24.999152879661349 0.12810660632541737 1.0000000180025095e-35 3.3876917326121482e-05 2526.2736142611507 0.0014323533453626002 0.12844153644448211 -0.014608885665586348 1.2681618789923099e-06
decision_type=2 2 2 2 2 2 2 2 2 2 2 2 2 2 2 2 2 2 2 2 2 2 2 2 2 2 2 2 2 2
left_child=3 21 15 4 5 7 -6 10 13 -7 -1 -4 17 -8 -14 -3 24 -13 -5 -20 -9 -2 -11 -10 -17 26 -23 28 -21 -29
right_child=1 2 11 18 6 9 8 20 23 22 -12 12 14 -15 -16 16 -18 -19 19 27 -22 25 -24 -25 -26 -27 -28 29 -30 -31
leaf_value=0.02360718647703915 -0.020403576059379785 -0.00047625030094499489 0.063374301585681747 0.046468213462857795 0.090669172857421029 -0.089638953605418084 -0.050005496079962589 0.10223355398651948 0.083202046498615553 -0.010133071938017855 -0.031454493555674985 -0.006233383491531205 -0.0043872576571264438 0.012558840711701894 0.060442163637458989 -0.090240666009220871 0.021432209349497199 -0.1036299450672465 0.012994931079633293 -0.050041243696156271 0.017402277142819195 0.085860266035684418 -0.076796346580228131 0.0057739416598966446 -0.028424992909451687 0.080628774415481816 -0.0084877412854263944 -0.06080488226307687 -0.11212366824853516 0.029132230410747386
leaf_weight=37.035395726561546 8.1661324352025968 78.989970237016678 35.328445509076118 7.9765190035104743 21.679440215229988 30.205404818058014 26.25955256819725 12.153994500637053 20.037333056330681 43.389979511499405 76.239539235830307 26.758547157049179 30.898126602172852 68.026319652795792 36.138251185417175 23.123174712061882 11.517918750643728 8.4650330394506437 19.126271575689316 50.518972128629684 24.526111975312233 8.0348192006349581 14.390422224998472 11.72365961968899 17.487072840332985 45.852103516459465 11.930404633283613 10.056502670049669 16.658060267567635 9.2807442098855955
leaf_count=150 34 326 145 33 90 130 108 50 83 179 313 109 126 280 148 98 47 35 79 210 101 34 60 48 72 196 49 42 70 38
internal_value=6.29295e-06 0.0145557 0.00323446 -0.00997991 -0.00224312 -0.0172598 0.021944 0.000970835 0.0101236 -0.0483304 -0.013452 0.0235747 0.00982485 -0.00486595 0.0305613 -0.0181095 -0.0448292 -0.02964 -0.036242 -0.0424872 0.0455112 0.0556745 -0.0267358 0.0546217 -0.0636224 0.0651137 0.0294817 -0.0547529 -0.065436 -0.0176403
internal_weight=841.974 342.69 268.707 499.284 385.667 237.941 147.726 149.955 126.047 87.9858 113.275 137.588 102.26 94.2859 67.0364 131.118 52.1282 35.2236 113.617 105.641 36.6801 73.9835 57.7804 31.761 40.6102 65.8173 19.9652 86.5143 67.177 19.3372
internal_count=3483 1419 1106 2064 1592 983 609 614 519 369 463 563 418 388 274 543 217 144 472 439 151 313 239 131 170 279 83 360 280 80
is_linear=0
shrinkage=0.08


Tree=13
num_leaves=19
num_cat=0
split_feature=24 3 53 3 28 27 53 53 54 41 20 54 27 24 3 54 54 3
split_gain=13.6273 12.8304 12.0087 9.83476 12.1398 12.0028 12.7646 11.7599 10.1578 9.15422 9.95159 7.43301 6.30402 6.80223 7.86059 6.24675 6.04827 4.33581
threshold=0.00060998455988310011 0.0084497572350678025 -0.11062939671514659 0.0060880250505213011 -0.40273638784696991 0.0026751909803277006 0.0070677599538113015 0.87049386431484821 0.13779156082692093 4570.5437506880144 1.0000000180025095e-35 0.10833546806481867 0.0026513633372177501 0.0018204315610198501 0.015819226036765003 0.1318066051930927 0.11340893390677921 0.0068487640160715011
decision_type=2 2 2 2 2 2 2 2 2 2 2 2 2 2 2 2 2 2
left_child=2 3 -1 4 7 6 11 8 -2 17 -11 -5 -3 14 16 -15 -14 -7
right_child=1 12 -4 5 -6 9 -8 -9 -10 10 -12 -13 13 15 -16 -17 -18 -19
leaf_value=0.11679541756211949 -0.0062343855764291 0.047938098516226824 0.0020044960912711397 -0.073301185865441529 -0.092708893115307237 0.090020675018731691 0.045282128201831987 -0.094292728796786782 0.029873092808850876 -0.0054113998322201408 0.034753389802786659 0.0042246122011507393 -0.039193134917435361 0.061744791633374263 0.055489718678328512 -0.030244089450734344 -0.0079793491814016404 0.038151551312961052
leaf_weight=11.847365796566011 265.4886354804039 8.803601071238516 11.488429486751555 22.124672308564186 9.6897712349891645 16.125189587473869 13.888695925474165 8.5873877257108671 61.395190298557281 74.518390968441963 83.966381892561913 12.323826178908346 122.80777855217457 11.45770211517811 7.3148752301931372 8.0397876352071744 58.729831635951996 28.620828360319138
leaf_count=50 1100 37 48 92 41 67 58 36 258 308 347 51 516 47 30 33 245 119
internal_value=6.66427e-06 -0.00172158 0.0602828 0.00433774 -0.00443025 0.0163678 -0.0194631 -0.00188041 0.000547307 0.0248899 0.0158682 -0.0455666 -0.0183724 -0.0211742 -0.0258188 0.0238132 -0.0290951 0.0568437
internal_weight=837.218 813.883 23.3358 596.729 345.161 251.568 48.3372 335.471 326.884 203.231 158.485 34.4485 217.154 208.35 188.852 19.4975 181.538 44.746
internal_count=3483 3385 98 2477 1435 1042 201 1394 1358 841 655 143 908 871 791 80 761 186
is_linear=0
shrinkage=0.08


Tree=14
num_leaves=30
num_cat=0
split_feature=26 21 45 21 3 26 21 14 21 26 42 3 26 21 21 12 35 10 26 15 9 10 9 14 21 20 52 26 45
split_gain=16.0214 21.5341 15.3879 15.5809 13.3627 11.0749 12.9148 16.6546 12.6154 14.1583 10.7407 9.6841 10.8982 20.5069 16.8202 7.25823 6.98418 6.74507 5.79378 4.9745 4.664 4.53042 3.84333 3.69682 3.51095 2.44726 2.42826 2.47836 1.04633
threshold=1.0218080723549968e-05 0.00027983580977010007 0.52640926196246463 0.0004750446368185001 0.012838344351563851 4.1688763314569427e-05 0.0010343124540685002 0.0019195765490880002 0.0017201858308664001 5.9903439750390608e-05 2682.7369814929302 0.013955222313910302 -4.4653106534337071e-05 -0.00076684753471549982 -0.0013354681124979498 0.0016039131673595503 1.0000000180025095e-35 6.1221987118332538e-05 -1.6053367517312868e-05 -0.0018277868884683998 0.00150421129793015 0.00081996397624200005 0.0013983036193698001 -0.00017905359730329998 -0.0010878959212026998 1.0000000180025095e-35 0.18723984324446571 1.5432284112874876e-05 0.49205893421927815
decision_type=2 2 2 2 2 2 2 2 2 2 2 2 2 2 2 2 2 2 2 2 2 2 2 2 2 2 2 2 2
left_child=2 19 3 11 5 6 16 -8 17 -10 15 12 14 -14 -1 18 -3 -7 24 -2 -6 22 -5 -20 -4 -17 27 -21 -29
right_child=1 4 10 21 20 8 7 -9 9 -11 -12 -13 13 -15 -16 25 -18 -19 23 26 -22 -23 -24 -25 -26 -27 -28 28 -30
leaf_value=-0.0083230784321639967 0.0047464892506352404 0.023184395925071141 -0.042226465736589676 -0.054727861487957025 -0.10185107941594491 0.0065176107622645068 -0.078484135574495004 0.016861300124490278 -0.065473286866203059 0.022849227184119584 -0.11745028595108206 0.067168009277938423 0.036811746360721202 -0.0088110377497950462 -0.08824797114966336 -0.018603050661575561 -0.025962610165009725 0.064205579504854088 0.027206847384864057 0.052404772780545075 -0.016155572968054605 -0.016379458512261292 -0.135318609690151 -0.051375829738483411 -0.10967508856556307 0.042843839863429885 0.041584711548427106 0.086020083357922578 0.1230519937625958
leaf_weight=80.553838223218918 7.2131766825914374 75.82081601023674 8.8959297537803632 7.8459779024124163 9.281241104006769 17.22514396905899 28.411712378263474 19.963788464665413 15.647807657718657 45.079332172870636 11.115776032209395 13.20094248652458 91.308615192770958 203.77287435531616 21.309822931885719 8.1092879772186279 24.480450615286827 52.53084172308445 7.2421448677778235 8.2605370879173297 7.2317073345184317 7.1491391211748114 7.3209500461816788 8.1352130770683306 11.104949742555617 8.4923873394727707 9.129019156098364 9.6934648007154482 9.8400155752897245
leaf_count=329 30 316 37 33 40 71 120 83 65 184 48 54 380 848 93 34 102 218 30 36 30 30 31 34 48 35 39 43 42
internal_value=7.31787e-06 0.0133865 -0.00916696 -0.00378229 0.00560568 0.00974203 -0.00518554 -0.0391366 0.026751 9.08079e-05 -0.0460738 -0.000240267 -0.00248202 0.00530626 -0.0250433 -0.0308101 0.0111891 0.0499604 -0.0512885 0.0655113 -0.0643215 -0.068881 -0.0936283 -0.0143664 -0.0796755 0.0128294 0.0773822 0.08914 0.104675
internal_weight=835.367 339.809 495.558 432.462 295.673 279.16 148.677 48.3755 130.483 60.7271 63.0957 410.146 396.945 295.081 101.864 51.9799 100.301 69.756 35.3782 44.1362 16.5129 22.3161 15.1669 15.3774 20.0009 16.6017 36.923 27.794 19.5335
internal_count=3483 1419 2064 1798 1229 1159 621 203 538 249 266 1704 1650 1228 422 218 418 289 149 190 70 94 64 64 85 69 160 121 85
is_linear=0
shrinkage=0.08


Tree=15
num_leaves=23
num_cat=0
split_feature=45 3 7 8 9 45 52 21 47 41 24 10 21 42 36 5 45 46 45 6 16 12
split_gain=13.5982 10.9938 10.7078 14.1247 11.1767 10.4878 9.34448 10.0227 8.06114 9.97201 7.71036 6.74108 7.43047 10.9107 9.14829 8.1971 7.91849 12.6271 7.20339 5.75773 5.55782 1.14458
threshold=0.4785007073983622 0.011890965017656201 -0.00016893818182689996 -0.0018658545103219498 0.0015867180727880501 0.4788858909083506 -0.026644628095432745 -0.0010740738231403498 0.049999999999999954 4530.2979046775026 0.00074782467030670003 -0.0022663959068515995 -0.0018453473076355997 2567.9414404431923 1.0000000180025095e-35 1.0000000180025095e-35 0.53761531693299036 0.54762040358821518 0.48586587611727833 -0.00018651599426514997 -0.0025885265125891997 0.0013504754948202502
decision_type=2 2 2 2 2 2 2 2 2 2 2 2 2 2 2 2 2 2 2 2 2 2
left_child=1 2 3 8 10 -2 7 -5 9 -1 21 -7 13 15 -15 -13 18 -18 -14 -12 -8 -4
right_child=5 -3 4 6 -6 11 20 -9 -10 -11 19 12 16 14 -16 -17 17 -19 -20 -21 -22 -23
leaf_value=0.10051598039277634 -0.095846550646178752 -0.061691484380268509 0.11846805956510222 0.0051867308260915082 -0.050015120514786009 -0.075794035858507913 -0.038275979110371207 -0.10972737466762271 -0.044246276564784262 0.019574994916505786 0.094304213809300458 0.12585963099811193 -0.028768153323420784 0.052048288867538782 -0.066646238469164731 0.018004974100525796 -0.057846654150230679 0.052451925795633736 0.00016956746362670725 0.028784141815974967 0.051561292801717937 0.07476838396548581
leaf_weight=11.668831169605253 8.2616106718778592 10.953427538275717 8.6633373796939832 7.3869328945875194 8.1433157473802549 8.5049892663955671 8.5354369431734103 14.186485573649405 9.8681280314922315 58.978737086057663 9.8639712333679181 9.5374228656291962 62.909222990274429 7.4048405289649972 9.4716140180826187 8.5552985370159149 37.45093934237957 8.0749388337135297 440.89910468459129 66.143570438027382 9.112570792436598 6.8839692473411551
leaf_count=49 35 47 38 30 34 35 35 60 41 245 42 39 263 30 39 35 160 34 1841 283 38 30
internal_value=2.32463e-06 0.0165274 0.0204318 0.00430615 0.0397986 -0.00633168 -0.0350619 -0.0703797 0.0234834 0.032944 0.047787 -0.00508417 -0.00405493 0.0317015 -0.0145669 0.0748596 -0.00633109 -0.038283 -0.00344381 0.0372871 0.00811161 0.0991189
internal_weight=831.459 230.389 219.435 119.737 99.6982 601.07 39.2214 21.5734 80.5157 70.6476 91.5548 592.808 584.303 34.9692 16.8765 18.0927 549.334 45.5259 503.808 76.0075 17.648 15.5473
internal_count=3483 972 925 498 427 2511 163 90 335 294 393 2476 2441 143 69 74 2298 194 2104 325 73 68
is_linear=0
shrinkage=0.08


Tree=16
num_leaves=31
num_cat=0
split_feature=26 21 21 26 21 26 26 24 2 45 21 21 21 41 26 44 15 16 53 9 15 0 33 14 24 21 12 24 7 28
split_gain=14.4127 20.1944 16.407 21.5478 14.9977 13.905 13.1496 12.1551 11.8354 10.8804 10.0685 9.93909 9.84472 9.57367 9.49522 9.04325 8.36808 8.28198 8.24631 16.8328 8.20149 7.32318 9.33674 6.29006 6.09373 5.82969 5.66648 5.54025 5.10733 4.1357
threshold=-9.2640678961246951e-07 0.00016513570823810004 -0.00040233374077889992 -2.4428772812410407e-05 -0.0013665503358661999 3.1715194760804263e-05 -5.8972152635668208e-05 0.00060998455988310011 0.40183177711395907 0.52640926196246463 -0.0021277285876340492 0.00085927634170165012 0.00095043585505745021 4894.8508337096382 -3.4576823894768756e-05 0.73824157291684778 0.00030021810527275009 -0.0021085970318064995 -0.26928054074615704 0.0014401497303351502 -0.00088119809147379992 45.533674410605791 -0.0019145800204365497 0.0020656531428315506 0.0011976342570377003 -0.00088397213735244985 0.0012709758986445003 0.00096899622101210008 0.00031807867735610004 -0.48104933627450031
decision_type=2 2 2 2 2 2 2 2 2 2 2 2 2 2 2 2 2 2 2 2 2 2 2 2 2 2 2 2 2 2
left_child=2 29 3 4 6 7 10 -3 20 14 -1 17 -7 15 -6 -14 21 -9 19 -18 25 22 -4 -13 -15 -5 -8 -24 -20 -2
right_child=1 5 16 8 9 12 26 11 -10 -11 -12 23 13 24 -16 -17 18 -19 28 -21 -22 -23 27 -25 -26 -27 -28 -29 -30 -31
leaf_value=0.01476884535424847 0.066856582342846041 0.08602100933427724 -0.076900490676212366 0.07649989505604847 -0.04780622679727338 0.055361174296913077 0.068522636801109385 -0.052507757972760548 0.078314781638818706 -0.095423367945358661 -0.048091359397507187 -0.07437417938607635 0.0044246326262328299 0.06991442605527573 0.0038015663656526437 -0.061409918353330338 0.083009131491633123 0.0026939250613743282 -0.10150595513096684 -0.064830703092633474 -0.052502174054331816 -0.096751368715918856 0.05835759175178578 -0.0034117754971602476 0.012360316006554958 0.0084356459093361865 0.014253094395323898 -0.039960320471208448 -0.02337255426182373 0.029728740634632492
leaf_weight=31.696037769317627 36.508345514535904 7.2046921998262397 16.747415214776996 11.505935564637179 50.618445917963982 34.343869373202324 21.007926478981972 21.595268681645393 26.801097795367241 16.313999935984612 33.589672714471817 28.739098772406578 94.366218909621239 21.26138524711132 41.542502045631409 15.554652646183966 12.330086991190912 89.418744340538979 7.0567269623279598 8.2114502787590009 9.9966026693582517 21.395530164241791 7.5347838550806028 11.074923023581503 26.383880659937859 26.840378582477573 29.752477303147316 7.1478955149650574 22.193590313196182 40.504060760140419
leaf_count=129 159 31 72 49 218 147 87 91 113 73 139 124 390 88 172 65 51 374 30 35 41 91 31 47 109 110 123 30 94 170
internal_value=3.98022e-06 0.0102416 -0.0108615 -0.00140712 -0.0138177 0.00207955 0.00617276 -0.0154937 0.0356741 -0.0352034 -0.0175729 -0.0203428 0.0165506 0.00809131 -0.0245435 -0.00489147 -0.0384702 -0.00804432 -0.0149395 0.0239104 0.0120343 -0.0606496 -0.0360739 -0.0546348 0.0380435 0.0288585 0.0367133 0.010494 -0.0422225 0.0473295
internal_weight=829.238 426.955 402.283 299.665 224.521 349.943 116.046 158.033 75.144 108.475 65.2857 150.828 191.91 157.566 92.1609 109.921 102.617 111.014 49.7919 20.5415 48.3429 52.8256 31.4301 39.814 47.6453 38.3463 50.7604 14.6827 29.2503 77.0124
internal_count=3483 1795 1688 1254 941 1466 478 667 313 463 268 636 799 652 390 455 434 465 210 86 200 224 133 171 197 159 210 61 124 329
is_linear=0
shrinkage=0.08


Tree=17
num_leaves=31
num_cat=0
split_feature=26 21 21 26 1 26 21 26 3 45 9 26 41 6 45 9 21 46 21 47 45 27 26 39 52 29 0 52 54 48
split_gain=12.3729 18.3417 17.2295 11.1943 10.2434 8.96459 8.83984 15.7866 10.3641 8.77994 12.3106 12.2718 12.7964 8.5807 8.49732 8.43182 8.06811 8.06284 7.72251 7.36032 7.28646 6.68575 5.48113 5.48023 4.85025 4.76057 4.25315 3.32429 2.82076 2.31289
threshold=-2.4428772812410407e-05 -0.00088397213735244985 -0.0010494442368763999 -4.4653106534337071e-05 -58.902881286070617 -3.8096092225056879e-05 -0.0021277285876340492 -8.9770886790404932e-05 0.0056418875258383008 0.4993085961805333 0.0016293839626068502 4.75011723681893e-05 4966.3490473803804 0.0020378317210121006 0.52640926196246463 0.0015751160937236503 -0.00055746975797749988 0.50116983700290574 -0.0015748664317567999 1.0000000180025095e-35 0.49953088360373721 0.0026853270021537502 -3.2945099790044603e-06 1.0000000180025095e-35 -0.013909806662256949 0.095268303296229359 44.653068053093179 -1.0000000180025095e-35 0.11619210668318787 0.074999999999874958
decision_type=2 2 2 2 2 2 2 2 2 2 2 2 2 2 2 2 2 2 2 2 2 2 2 2 2 2 2 2 2 2
left_child=2 29 3 6 15 28 7 -1 24 10 13 12 -11 -6 16 20 25 -13 -5 -10 22 -20 -3 -22 -8 -7 -23 -9 -4 -2
right_child=1 4 5 18 9 14 8 27 19 11 -12 17 -14 -15 -16 -17 -18 -19 21 -21 23 26 -24 -25 -26 -27 -28 -29 -30 -31
leaf_value=-0.057321442192816548 0.10259121276180792 -0.10626554260971377 -0.10346046313973747 0.090984881604531567 0.024986922202842245 -0.051537360458893212 -0.026572618664057159 0.08659129731086207 0.04675788577814937 -0.0061466455928378639 -0.056633060263410952 0.013519528267899053 -0.073974250132556818 -0.028232415706721328 -0.10331205081702788 0.055471013104234683 -0.066676778298252137 0.092147802555838057 0.064607997572467393 -0.02491484265754635 0.034195491248100798 0.0177588126610192 -0.038275010203360778 -0.051903461961105908 -0.10592928500289485 0.021394623367565768 -0.059577321983976382 0.028197643828638631 -0.043166484688239477 0.049113262143987806
leaf_weight=11.681662216782568 11.967331826686861 10.452643781900404 17.317695736885074 11.668161511421202 242.72920446097851 7.2857800275087348 7.8983208090066936 11.630461320281029 11.523962229490278 159.88497447967529 13.853319972753523 33.20964515209198 20.031699970364571 21.072665363550186 8.1844379901885969 7.1972343027591696 13.814885735511778 11.148613646626471 10.651151776313784 44.892089530825615 12.814742714166643 10.802249997854235 27.693521827459335 7.5006362646818152 13.112474933266638 26.79003319144249 7.8647786974906913 13.460956379771233 6.9623830467462531 9.120564326643942
leaf_count=48 52 45 80 50 1033 31 33 47 48 671 58 137 85 88 37 30 58 46 44 188 53 45 118 33 55 110 33 55 32 40
internal_value=8.61844e-07 0.00620098 -0.0154948 7.4655e-05 0.00347908 -0.0455633 -0.0127974 0.0194994 -0.0281365 0.00736613 0.0168755 -0.00440659 -0.0136985 0.0207357 -0.0279805 -0.0262355 -0.0151065 0.0332813 0.03594 -0.0102744 -0.0362944 0.014033 -0.0569055 0.00240692 -0.0760977 0.00580097 -0.0148244 0.0552645 -0.086171 0.0794619
internal_weight=824.218 588.677 235.541 155.186 567.589 80.3552 114.2 36.7731 77.4268 501.93 277.655 224.275 179.917 263.802 56.0751 65.6588 47.8907 44.3583 40.9863 56.4161 58.4615 29.3182 38.1462 20.3154 21.0108 34.0758 18.667 25.0914 24.2801 21.0879
internal_count=3483 2489 994 646 2397 348 474 150 324 2118 1179 939 756 1121 236 279 199 183 172 236 249 122 163 86 88 141 78 102 112 92
is_linear=0
shrinkage=0.08


Tree=18
num_leaves=31
num_cat=0
split_feature=26 45 41 14 1 30 12 1 45 24 28 41 27 53 30 9 53 29 27 0 42 24 41 9 22 27 27 22 26 6
split_gain=11.2063 10.5624 8.56932 9.05821 10.142 9.97798 9.79674 8.86714 8.35492 10.3097 8.28384 17.8674 11.4389 9.70088 12.9996 8.91271 8.46385 9.0354 8.78396 8.15969 8.14704 7.61008 7.47341 11.7053 10.2422 6.59966 6.5219 6.08394 5.38798 5.24028
threshold=2.1414876252092447e-06 0.52640926196246463 4495.9957456819639 0.00069046123613275003 11.122125376034091 -1.9489900318524749 0.0013083475887793003 33.351941012933828 0.50158813466374463 0.0011976342570377003 -0.4753828744629115 4682.7508778899328 0.0028011644143206005 0.023953594642554605 1.1403231947104022 0.0013173383820735502 -0.79199504497302253 0.12335301954089996 0.0027014572365177004 47.316968087877726 2683.8290764900344 0.0010793085154933502 4537.3167096982042 0.0014904770437836003 2.2449629578729117e-05 0.0026611739694190504 0.0027310004480009006 0.00010091803512475002 2.1728268162946665e-05 0.00091302439075585011
decision_type=2 2 2 2 2 2 2 2 2 2 2 2 2 2 2 2 2 2 2 2 2 2 2 2 2 2 2 2 2 2
left_child=1 2 8 4 5 -4 -6 -5 9 26 13 12 22 25 19 -16 -13 21 -19 28 -3 -18 23 -12 -24 29 -1 -11 -15 -2
right_child=10 20 3 7 6 -7 -8 -9 -10 27 11 16 -14 14 15 -17 17 18 -20 -21 -22 -23 24 -25 -26 -27 -28 -29 -30 -31
leaf_value=-0.053108998336432948 0.019860155720080343 -0.028307843076217126 0.011308649487051908 -0.09682749672266909 0.039031111773691105 -0.029694720730484826 -0.0098822436736326364 -0.011206040351051095 0.074163418687317059 0.11413246364399506 -0.036216018852114153 -0.053940812834896969 -0.12273424368846561 0.034077148981136715 -0.0033600817739683933 -0.11152866670383796 0.038275420575820285 -0.0066659783405057481 0.058391723954156628 0.068866730418014527 -0.11178551809206821 -0.029851365269311758 -0.068105459059382964 0.063569071934917981 0.018364582456049178 0.040299927076145207 0.035377532125120403 0.0092428842720359023 -0.06534154545661662 -0.050924750716422836
leaf_weight=17.283530756831173 23.472909048199654 44.578644201159477 55.70126049220562 14.249984845519068 52.92293418943882 119.40300090610981 51.912227556109428 16.947319433093071 15.70372389256954 6.8055078834295255 16.534649476408962 9.8130419850349409 7.8562889695167533 6.6611469089984912 9.2756566256284732 10.276111856102942 16.72179839015007 17.907702162861824 51.423574894666672 13.703418046236036 8.9915752559900266 28.175334259867668 29.983626067638397 13.805690005421637 12.389195472002028 116.01841127872467 7.708465874195098 7.3739166110754013 7.3253870010375977 9.3636222034692747
leaf_count=74 101 194 234 62 223 502 219 73 66 30 70 41 33 30 40 43 71 75 215 59 42 118 128 58 52 493 33 32 32 40
internal_value=-3.47645e-06 -0.00914132 -0.00428533 -0.00942609 -0.00486927 -0.0166514 0.0148102 -0.0503153 0.0248623 0.00509762 0.00956479 -0.00169585 -0.0310287 0.0213143 -0.0102705 -0.0602118 0.0173569 0.0234819 0.0415879 0.0249928 -0.0423193 -0.00447775 -0.0211204 0.00918895 -0.0428229 0.0313384 -0.0258164 0.0595853 -0.017993 -0.000324775
internal_weight=820.29 419.582 366.012 311.137 279.939 175.104 104.835 31.1973 54.8751 39.1714 400.708 204.611 80.5694 196.097 47.2417 19.5518 124.041 114.228 69.3313 27.69 53.5702 44.8971 72.7132 30.3403 42.3728 148.855 24.992 14.1794 13.9865 32.8365
internal_count=3483 1784 1548 1313 1178 736 442 135 235 169 1699 861 341 838 204 83 520 479 290 121 236 189 308 128 180 634 107 62 62 141
is_linear=0
shrinkage=0.08


Tree=19
num_leaves=31
num_cat=0
split_feature=45 26 21 21 26 21 29 21 7 26 26 21 42 41 0 45 45 3 6 55 3 42 1 54 19 42 54 27 30 7
split_gain=10.3399 11.8593 16.0964 11.6228 10.9254 11.2666 14.8282 9.74044 9.204 8.79982 8.50476 9.44442 9.15999 8.27907 7.97759 8.611 7.66623 7.80397 6.88212 6.44739 5.78976 5.38014 7.00468 5.33787 5.15214 5.35094 5.13335 5.11196 4.6914 5.93108
threshold=0.47231756686024362 -1.0190474177511682e-05 -0.00017930801107039998 -0.00071141367833699989 1.7376624609963826e-05 0.00053877031924260007 0.4867672630980549 0.00043662197239155003 -0.00015227621236604997 8.9057470691923763e-05 -2.8272419465714421e-05 -0.0013665503358661999 2669.9526952686579 4824.6680901802056 23.8983236461067 0.4501667993437018 0.50129589896257654 0.006907468416385701 0.0019733242610803503 0.42913483754832654 0.007261325944406251 2677.036776591995 -3.7078201617732698 0.086370812587728718 1.0000000180025095e-35 2553.761316731147 0.07104900569868991 0.0026946949874639002 -1.7597886934970997 -0.0020970532789621995
decision_type=2 2 2 2 2 2 2 2 2 2 2 2 2 2 2 2 2 2 2 2 2 2 2 2 2 2 2 2 2 2
left_child=8 3 19 10 5 6 -4 27 14 -9 11 12 -2 -13 -1 -16 17 -12 24 20 -3 22 -5 -24 25 -10 -23 -6 -17 -30
right_child=1 2 4 21 7 -7 -8 9 18 -11 16 13 -14 -15 15 28 -18 -19 -20 -21 -22 26 23 -25 -26 -27 -28 -29 29 -31
leaf_value=0.066971803115931969 0.011603243077214109 0.042772926060788093 -0.020016528224598491 -0.057284979097156463 0.10569681835730287 -0.059102725789195266 0.067800177097968387 -0.00083711867515117832 0.015592319471440488 0.069903496061086964 0.041889012573447529 -0.059802204181214673 -0.064616990881337516 0.0049751508799198837 -0.057971003841951446 0.049639643029437339 0.069586717378994106 -0.063375855649217841 -0.031833689263841405 -0.016675318285909596 0.11175638407918165 -0.13137642027021681 0.034864223527001935 -0.030921083792500574 0.012443500147450205 0.07937780159885742 -0.048632736717887537 0.028336348306502418 -0.056720915376898128 0.0095646812401396619
leaf_weight=10.528873920440672 78.994994521141052 26.23810301721096 73.493948116898537 31.098681017756462 8.985244959592821 34.723736613988876 14.780859366059302 182.69089069962502 11.265441626310347 11.993038192391394 9.9165398627519625 40.043525561690331 11.568830877542494 18.4434484988451 16.843927755951881 12.792817696928976 16.310166478157043 8.263482064008711 7.6227691918611518 7.8130508959293357 11.072671279311178 7.2113144397735622 13.268221482634543 19.488422870635986 17.907442033290863 33.291458070278168 14.34210456907749 13.960551813244818 10.957622244954107 40.832436576485634
leaf_count=46 327 111 313 134 41 150 63 764 49 50 42 177 49 82 71 54 69 35 32 33 46 32 56 83 79 152 64 60 47 172
internal_value=-4.29691e-06 -0.00448245 0.00450793 -0.0173773 -0.00143996 -0.0204979 -0.00531237 0.0093311 0.0180888 0.00352069 -0.00603253 -0.0143164 0.0018667 -0.0393751 0.00144344 -0.0070297 0.0297667 -0.0059577 0.0399278 0.0494071 0.0632451 -0.0417568 -0.0300915 -0.00427446 0.0486852 0.0632507 -0.076317 0.0586296 0.00625636 -0.00445987
internal_weight=816.745 654.702 385.752 268.95 340.628 122.999 88.2748 217.63 162.043 194.684 183.541 149.051 90.5638 58.487 91.9557 81.4268 34.4902 18.18 70.0871 45.1238 37.3108 85.4087 63.8553 32.7566 62.4643 44.5569 21.5534 22.9458 64.5829 51.7901
internal_count=3483 2781 1631 1150 1441 526 376 915 702 814 781 635 376 259 390 344 146 77 312 190 157 369 273 139 280 201 96 101 273 219
is_linear=0
shrinkage=0.08


Tree=20
num_leaves=31
num_cat=0
split_feature=26 21 21 26 21 26 21 24 7 3 1 52 44 21 1 15 28 26 32 3 44 53 14 7 30 52 3 52 21 7
split_gain=9.23348 15.0123 13.922 12.4895 12.8742 14.3088 9.6521 9.47957 8.79474 8.40942 10.8222 8.5187 9.10662 8.32483 8.29623 8.33213 6.83155 5.45145 5.42177 5.39608 5.35385 4.58653 4.41503 4.24656 3.94682 3.50399 3.04809 2.43843 1.954 1.83543
threshold=-2.4428772812410407e-05 -0.00045363885891479993 -0.00057964464262414989 3.7831792230285956e-06 0.00053877031924260007 4.1688763314569427e-05 0.0015659200453663001 0.0014524808498841502 -0.0017876518006396996 0.013955222313910302 55.469079978691305 -0.41358772673232369 0.37323993275420947 0.0004750446368185001 8.9619616029704066 -0.0006358874752041999 -0.419896334609971 1.7376624609963826e-05 -0.0028900020640760995 0.007983478866588253 0.6375255629343336 -0.010423178186722048 -0.00051498405914159994 -0.0019527243417578998 -1.9202399123408049 0.024404651584920653 0.011196619984151402 -0.019181441803119249 -0.00064142364995304995 0.00050816028633375013
decision_type=2 2 2 2 2 2 2 2 2 2 2 2 2 2 2 2 2 2 2 2 2 2 2 2 2 2 2 2 2 2
left_child=2 14 9 7 8 17 -7 13 18 10 11 -1 -13 20 15 19 -10 -6 -5 23 -3 27 26 -2 -21 -9 -12 -4 29 -16
right_child=1 3 21 4 5 6 -8 25 16 -11 22 12 -14 -15 28 -17 -18 -19 -20 24 -22 -23 -24 -25 -26 -27 -28 -29 -30 -31
leaf_value=0.077856756124028217 0.086292444971005924 -0.0222906891443241 -0.080152753388865322 0.02201632317313288 -0.047350512452542647 0.041532960789585155 -0.0018587136650457577 -0.11678522554016783 0.049912754932796601 0.069057714139130116 -0.11588278807678894 0.07913428098897303 -0.011233244647439656 -0.093657264256766307 0.087240766919929089 -0.057664136230031575 -0.029430155662865758 -0.010740152709352711 -0.051152948442398087 0.035902018739097402 0.015582430663621217 -0.11914204835104339 -0.014774729924085015 0.024209178972398011 -0.0451172235240462 -0.038668011401270387 -0.04633289386295749 -0.013488834534767782 0.10478987258506252 0.030772571961957797
leaf_weight=7.8970382660627356 13.753991380333899 60.681857943534851 6.6527765244245529 14.787064284086229 34.955701515078545 57.284051418304443 76.788055390119553 8.1869914233684522 77.810591131448746 8.8960043191909772 8.8591471016407066 7.4721528887748709 159.09170244634151 7.7091251015663138 7.2600456774234789 7.487717241048812 7.6258394867181769 101.95031878352165 11.538966760039328 7.7323305159807205 39.39761970937252 8.5854255557060224 9.1580711901187879 14.469284668564798 7.6605733633041364 6.6680546402931204 7.4027652293443671 7.4374535530805606 9.7230326235294324 7.4788515716791153
leaf_count=33 59 258 30 63 151 243 320 37 347 37 39 32 678 35 32 31 32 431 49 34 168 39 41 61 32 30 32 33 43 33
internal_value=-2.4894e-06 0.00538081 -0.0135147 0.000408061 0.00752712 -0.00189566 0.0166809 -0.0218088 0.0303735 -0.00704848 -0.0104357 -0.00333011 -0.0071793 -0.0135519 0.0386386 0.0202991 0.0428308 -0.0200877 -0.0100545 0.0336833 -0.00738143 -0.0730495 -0.0592023 0.0544641 -0.00441876 -0.0817204 -0.0842222 -0.0449646 0.0769519 0.0585875
internal_weight=812.403 580.95 231.453 505.384 382.741 270.978 134.072 122.644 111.762 208.777 199.881 174.461 166.564 107.789 75.5658 51.1039 85.4364 136.906 26.326 43.6162 100.079 22.6757 25.42 28.2233 15.3929 14.855 16.2619 14.0902 24.4619 14.7389
internal_count=3483 2489 994 2164 1636 1145 563 528 491 892 855 743 710 461 325 217 379 582 112 186 426 102 112 120 66 67 71 63 108 65
is_linear=0
shrinkage=0.08


Tree=21
num_leaves=24
num_cat=0
split_feature=24 53 26 21 21 42 42 54 45 52 22 44 8 41 41 27 10 0 16 44 28 24 21
split_gain=8.64709 10.0659 9.05187 15.8144 12.5498 9.79745 11.407 12.0498 9.73353 8.61661 7.53774 7.4211 10.5318 8.01396 12.4215 9.90714 6.59328 6.01991 5.83099 4.87246 5.2514 2.43564 1.92513
threshold=0.00060998455988310011 -0.11062939671514659 1.7376624609963826e-05 0.00065844319755230002 0.00043662197239155003 2674.32636889182 2734.9721085274145 0.093212638498958514 0.49356673313326277 -0.42472313180093535 -0.00037806197133184992 0.72039692940101563 0.0021563781326023007 4682.7508778899328 4570.5437506880144 0.0027291016554849504 0.00089872824325295012 33.968811238390778 0.0056640495613441508 0.6945091350230248 -0.4590764423083929 0.0011332846938835503 0.00015104690195010003
decision_type=2 2 2 2 2 2 2 2 2 2 2 2 2 2 2 2 2 2 2 2 2 2 2
left_child=1 -1 3 5 19 9 7 -7 -8 -2 -11 13 17 14 -6 -15 21 -13 -14 20 22 -5 -4
right_child=2 -3 4 16 11 6 8 -9 -10 10 -12 12 18 15 -16 -17 -18 -19 -20 -21 -22 -23 -24
leaf_value=0.1040005496906995 0.067173493812357168 -0.0041876648886074886 0.10063600451349324 -0.069051358008675068 0.018603305070806982 -0.08004959521685058 0.069160861188986053 -0.0082581072430496262 -0.027259873065169714 -0.036657919877614652 0.0023510028591934005 0.0095291768648206425 0.057059970794851339 0.0070219143699268459 -0.049475683013543943 0.055067881197363965 -0.01062236985911846 -0.072380420023586703 -0.034387585437376848 0.11009775486688909 -0.016796641472681579 -0.12884527929729436 0.043296592468911717
leaf_weight=10.91465498507023 12.181879848241804 11.102691277861593 5.9753166735172334 9.5619921088218742 40.646667271852493 33.46563532948494 11.782372877001764 27.06308813393116 15.535383179783819 34.837280303239822 352.31121039390564 7.6240785717964199 12.096028104424478 78.424438789486885 29.675251320004463 42.272718101739883 8.5376849323511106 23.268167793750763 7.0712314248085013 8.3533107340335828 7.4019120335578945 8.0140333622693998 10.050841450691221
leaf_count=50 53 48 30 43 173 148 51 120 68 154 1511 33 51 331 125 176 38 99 30 37 32 36 46
internal_value=-3.07783e-06 0.0494445 -0.00138793 -0.00764678 0.0103859 -0.00439572 -0.0285841 -0.0479508 0.0143272 0.000925354 -0.00115919 0.00415651 -0.0232618 0.0113419 -0.0101254 0.0238494 -0.0682986 -0.0521655 0.0233229 0.0576392 0.038935 -0.0963152 0.0646755
internal_weight=808.168 22.0173 786.151 513.291 272.86 487.177 87.8465 60.5287 27.3178 399.33 387.148 241.079 50.0595 191.019 70.3219 120.697 26.1137 30.8922 19.1673 31.7814 23.4281 17.576 16.0262
internal_count=3483 98 3385 2222 1163 2105 387 268 119 1718 1665 1018 213 805 298 507 117 132 81 145 108 79 76
is_linear=0
shrinkage=0.08


Tree=22
num_leaves=31
num_cat=0
split_feature=45 26 21 21 26 26 26 21 26 1 53 8 24 53 8 24 0 21 3 41 24 3 53 33 26 41 30 12 26 21
split_gain=8.36966 8.92466 13.2127 9.69916 10.4964 8.31197 8.25851 8.26812 11.8657 7.90606 9.39708 12.404 8.77456 7.43785 15.3474 8.60319 7.33768 7.29269 8.62034 7.26163 8.8033 6.08035 6.40634 5.6084 6.2155 5.55743 5.38579 5.07941 4.87695 9.31712
threshold=0.47231756686024362 -1.0190474177511682e-05 -0.00010208623066779999 -0.0009408066333414499 -3.8096092225056879e-05 8.9057470691923763e-05 -4.4653106534337071e-05 -0.0021277285876340492 -8.9770886790404932e-05 5.7395350125661944 -0.48331537698212806 -0.0020493811202345496 0.00092380514497355007 0.023953594642554605 0.00095304196109445008 0.0012450894195538502 67.926562684560977 -0.0015748664317567999 0.0094395861145179019 4891.7772889600028 0.0010962316607610002 0.0078962193718872028 -0.28420601077400959 0.0041596728364697516 -5.7466464743313632e-05 4792.0942577527285 -1.5553303129370113 0.00090697394275090018 -3.2945099790044603e-06 -0.00045363885891479993
decision_type=2 2 2 2 2 2 2 2 2 2 2 2 2 2 2 2 2 2 2 2 2 2 2 2 2 2 2 2 2 2
left_child=9 3 28 6 -5 13 7 8 -2 10 11 12 -1 15 -15 -4 -9 -8 -19 20 25 27 -23 24 -11 -12 -22 -6 29 -3
right_child=1 2 5 4 21 -7 17 16 -10 23 19 -13 -14 14 -16 -17 -18 18 -20 -21 26 22 -24 -25 -26 -27 -28 -29 -30 -31
leaf_value=-0.062006068198917783 -0.06136288107961204 0.064974157081132494 0.014650651843766698 -0.10056614912357371 0.033803616037452404 0.063768909969705273 0.08806871290991504 -0.043111935659616407 0.053072779010811491 -0.0099593862558187678 0.062600836418133715 -0.085557870826485485 0.042709945416369868 0.0025868306948906741 -0.063538719157454321 -0.018652740258054086 0.028968558316597472 0.026847518356239407 -0.064135195449833746 0.098505145648321191 0.027761525115254683 -0.093910321271394426 -0.018928380982469153 -0.020710952520769783 0.062660517393694382 -0.019786320080388234 -0.048054751291606426 -0.021479378186028616 0.060082408355334398 -0.040132606876042941
leaf_weight=7.6557092815637615 8.1296204924583453 10.513274177908899 145.49199379980564 12.903335914015768 12.8224029392004 11.760132864117621 9.2505631297826749 55.431926161050797 20.227259561419487 9.2059773206710798 21.760842666029934 14.898459225893019 15.4698518961668 56.746864661574364 37.181920945644379 75.355765268206596 10.799603283405302 35.847246453166008 8.1869241148233396 7.0202384293079367 9.25838351249695 14.075855359435083 15.132368192076681 8.4830334186553937 41.757259920239449 6.9020715057849875 17.020903944969177 62.402574107050896 32.400833949446678 11.092640310525892
leaf_count=33 34 45 623 65 55 50 40 239 83 38 94 64 66 245 159 321 47 154 36 32 40 64 67 37 194 31 73 266 141 47
internal_value=-1.84606e-06 -0.00405461 0.00379675 -0.0153204 -0.0324951 -0.00226561 -0.00169229 -0.0158822 0.0202653 0.0164131 0.00267673 -0.028631 0.00804374 -0.00473268 -0.0235891 0.00328716 -0.0313586 0.0234969 0.00993182 0.0218891 0.0120995 -0.0240845 -0.0550632 0.0395173 0.0495425 0.0427619 -0.0213441 -0.0120562 0.0404511 0.0110115
internal_weight=805.186 645.753 380.543 265.21 117.337 326.537 147.873 94.5884 28.3569 159.433 99.9865 38.024 23.1256 314.777 93.9288 220.848 66.2315 53.2847 44.0342 61.9624 54.9422 104.433 29.2082 59.4463 50.9632 28.6629 26.2793 75.225 54.0067 21.6059
internal_count=3483 2781 1631 1150 517 1398 633 403 117 702 433 163 99 1348 404 944 286 230 190 270 238 452 131 269 232 125 113 321 233 92
is_linear=0
shrinkage=0.08


Tree=23
num_leaves=19
num_cat=0
split_feature=24 52 48 26 21 21 41 24 8 44 26 44 10 44 14 44 53 24
split_gain=7.24129 9.55228 8.25874 8.55027 12.8395 10.5641 8.68054 12.0186 7.5104 11.8584 8.39963 6.87573 5.70868 5.15797 4.55835 6.76753 3.34832 2.29133
threshold=0.00060998455988310011 -0.0094300005133982987 0.22499999999962497 1.7376624609963826e-05 0.00065844319755230002 0.00043662197239155003 4470.6393384612957 0.0011332846938835503 0.0030653993475873503 0.73824157291684778 2.5056126369830787e-05 0.33984559180066315 0.00089872824325295012 0.6945091350230248 0.00039240219683740009 0.67641918670456891 -0.44681812008687277 0.0011332846938835503
decision_type=2 2 2 2 2 2 2 2 2 2 2 2 2 2 2 2 2 2
left_child=1 -1 3 4 6 13 7 -2 9 -7 -10 -8 17 16 15 -4 -5 -6
right_child=2 -3 14 5 12 8 11 -9 10 -11 -12 -13 -14 -15 -16 -17 -18 -19
leaf_value=0.1028710146955366 -0.0069564585160262014 -0.0039382921119420801 -0.067073312821726072 0.085502863012042338 -0.062781790203704335 0.0064825404547331602 0.078304325421118315 0.066695732092012586 -0.047908187881430246 -0.052953182850479945 0.039799646361943518 -0.0082241359437707669 -0.008382405826714125 0.12037302084283605 -0.086030499668885499 0.031089434437908122 0.018008151197226971 -0.12321168863961263
leaf_weight=10.02120289206505 31.417909145355225 11.518094971776007 9.2467815279960686 6.8960207253694579 8.9672129154205376 138.94427274167538 5.9640295654535285 25.843107521533966 7.9444893300533286 25.413203611969948 58.053227245807648 404.34750095009804 8.3296867161989194 6.569507732987403 10.330179452896116 8.7465917319059354 14.798613801598549 7.272543638944625
leaf_count=48 138 50 44 34 41 586 26 114 34 109 247 1755 37 31 48 38 69 34
internal_value=-2.31185e-06 0.045755 -0.00126736 0.000332483 -0.00585643 0.0121097 -0.00289438 0.0262843 0.0064461 -0.0027075 0.0292418 -0.00696641 -0.0622262 0.0582688 -0.0436738 -0.0193563 0.0394625 -0.0898437
internal_weight=800.624 21.5393 779.085 750.761 492.142 258.619 467.573 57.261 230.355 164.357 65.9977 410.312 24.5694 28.2641 28.3236 17.9934 21.6946 16.2398
internal_count=3483 98 3385 3255 2145 1110 2033 252 976 695 281 1781 112 134 130 82 103 75
is_linear=0
shrinkage=0.08


Tree=24
num_leaves=26
num_cat=0
split_feature=22 53 26 45 6 26 37 7 26 14 29 53 52 12 24 45 30 6 24 20 29 24 37 52 44
split_gain=7.07478 7.87287 7.42382 8.20836 6.89653 14.514 11.018 8.32029 7.15115 6.88876 10.5233 6.33751 9.5046 9.25752 8.39963 8.48337 6.11351 6.10736 5.31662 7.52104 7.87571 5.15527 4.59586 3.85991 2.24273
threshold=-0.00040264594304509994 0.20967762480441696 5.9903439750390608e-05 0.4785007073983622 0.00062525237314545016 -5.7338233502179198e-06 1.0000000180025095e-35 0.0021572131505845004 2.5539207935977326e-05 -0.00019172533127159998 0.074016108870022204 -0.54196576142033337 0.11266884578616407 0.0011919458953435003 0.00074782467030670003 0.46794533126876675 -1.9489900318524749 0.0011888905422253501 0.0011393240379285001 1.0000000180025095e-35 0.18000731660014049 0.0014459464747875502 1.0000000180025095e-35 0.047552296644654456 0.60729330481297306
decision_type=2 2 2 2 2 2 2 2 2 2 2 2 2 2 2 2 2 2 2 2 2 2 2 2 2
left_child=1 9 3 11 5 16 -7 17 -9 10 23 12 13 -2 22 -16 -5 -6 24 20 -20 -21 -13 -1 -4
right_child=2 -3 18 4 7 6 -8 8 -10 -11 -12 14 -14 -15 15 -17 -18 -19 19 21 -22 -23 -24 -25 -26
leaf_value=0.0026385588198169626 -0.071012988890813325 -0.087550626364768722 0.082537704981856114 0.014972819807125556 -0.028782168484520004 0.00096213529851731929 0.047740143299603625 -0.023146907769830954 0.026304625636006801 -0.073256437667546012 0.08364239108667855 0.10181353150747487 0.068408348260605337 0.0031053812867173954 0.033074000400277498 -0.0096870451696406974 -0.019060273524950454 -0.088165284589602405 0.038019751568657098 0.010315311862183412 -0.070199399308417648 0.089739007205917057 0.025607370411549146 -0.073626680385374871 0.027532818348609
leaf_weight=11.72654050588608 16.917287454009056 11.530751481652258 12.805152356624605 41.819598317146301 55.087975814938545 74.635636419057846 56.712131664156914 44.743931502103806 32.172045007348061 8.696451276540758 8.2773668915033323 11.911556497216225 8.4581041485071164 29.753390327095985 67.533714726567268 52.992085680365562 175.73106749355793 13.876340508460997 7.2149781286716488 12.439805403351786 10.666969716548918 9.0249096453189832 8.8115880340337753 6.6590276658534995 7.5361159294843665
leaf_count=52 74 54 55 178 236 322 247 202 135 39 35 57 39 129 304 229 769 59 30 53 44 39 40 30 32
internal_value=4.8563e-07 -0.030147 0.00188319 -0.00045448 -0.00594699 0.000160304 0.0211595 -0.0205537 -0.00246256 -0.0114276 0.00873864 0.013384 -0.00962014 -0.0237612 0.0223625 0.0142731 -0.0125181 -0.0407307 0.0289523 0.0117851 -0.0265353 0.0437093 0.0694103 -0.0249838 0.0621593
internal_weight=797.735 46.8901 750.844 691.156 494.779 348.898 131.348 145.88 76.916 35.3594 26.6629 196.378 55.1288 46.6707 141.249 120.526 217.551 68.9643 59.6879 39.3467 17.8819 21.4647 20.7231 18.3856 20.3413
internal_count=3483 210 3273 3020 2148 1516 569 632 337 156 117 872 242 203 630 533 947 295 253 166 74 92 97 82 87
is_linear=0
shrinkage=0.08


Tree=25
num_leaves=16
num_cat=0
split_feature=26 21 26 21 3 53 3 1 27 52 21 27 53 52 14
split_gain=6.5756 12.3655 10.5404 11.163 11.0835 10.2421 8.87404 7.96432 7.1052 4.49712 4.47621 4.33912 2.99086 2.8295 1.87989
threshold=-8.3857298682565965e-05 -0.0021277285876340492 -4.4653106534337071e-05 -0.0015748664317567999 0.0056418875258383008 -1.0000000180025095e-35 0.009517614587503602 59.270960943347752 0.0027525090582636506 -0.013909806662256949 -0.0016746141342084497 0.0027067406703697003 -0.33058980914140845 0.049856947115312307 -0.0020105347471063993
decision_type=2 2 2 2 2 2 2 2 2 2 2 2 2 2 2
left_child=12 11 4 -4 9 10 7 -5 -8 -3 -6 -2 -1 -7 -11
right_child=1 2 3 6 5 13 8 -9 -10 14 -12 -13 -14 -15 -16
leaf_value=-0.0080435762110416982 0.01500080591786518 -0.027650347275099765 0.081903755038076495 0.0035365562375448052 0.0054312236151336218 0.076677223768770369 -0.031876661909798237 0.049086279998184434 0.012696810209681237 -0.067400461137525847 -0.050853779443105353 0.091211261653067852 -0.071036245980141785 0.013266669976160685 -0.12266792615741275
leaf_weight=8.1510270088911074 7.6504737436771419 9.377454340457918 11.236626312136648 522.1562322974205 14.000914782285689 8.1337882280349749 79.593656450510025 25.780221983790398 32.125752344727516 7.2284882217645636 25.535751298069954 12.749571174383162 11.817755803465841 10.091114312410353 8.6551911979913694
leaf_count=34 32 42 51 2278 59 35 361 117 140 32 115 53 50 43 41
internal_value=3.19602e-06 0.00117212 -0.000490873 0.00283671 -0.0273805 -0.00805026 0.00148987 0.00567966 -0.0190592 -0.0715806 -0.0309219 0.0626306 -0.0453234 0.0415668 -0.0975163
internal_weight=794.284 774.315 753.915 670.892 83.0227 57.7616 659.656 547.936 111.719 25.2611 39.5367 20.4 19.9688 18.2249 15.8837
internal_count=3483 3399 3314 2947 367 252 2896 2395 501 115 174 85 84 78 73
is_linear=0
shrinkage=0.08


Tree=26
num_leaves=31
num_cat=0
split_feature=26 21 21 26 21 26 21 21 52 10 16 28 24 24 53 0 8 45 44 12 24 26 21 12 53 21 24 15 29 26
split_gain=6.02364 12.5661 12.2261 11.6602 8.60109 7.7665 8.89747 8.73067 6.36983 6.24603 5.78396 5.61399 5.45809 9.43811 5.3394 5.03128 4.86597 6.9693 6.87192 4.93305 4.59949 4.40774 4.37648 5.16058 4.36229 7.70862 7.46236 7.21137 4.26375 4.1298
threshold=-3.1973764961041939e-05 -0.00047545367826024992 -0.0010494442368763999 -9.2640678961246951e-07 0.00016513570823810004 3.4369251892649929e-05 0.0010343124540685002 0.0016483205743451003 1.0000000180025095e-35 -0.00023506846029194999 -0.0038617588105181494 -0.41757715216045072 0.0010215664216046002 0.0008922246257667501 -0.54564646024570107 48.964390320280657 7.0362502172114535e-05 0.49083538468831006 0.71047499788274493 0.0011867988388563502 0.0009371800422463501 -1.8850289208417266e-05 -0.00076684753471549982 0.0015949917025225501 0.2529804430179417 -0.0015748664317567999 0.00149945563746895 -0.0020317014636161497 0.42632145592260945 -4.4653106534337071e-05
decision_type=2 2 2 2 2 2 2 2 2 2 2 2 2 2 2 2 2 2 2 2 2 2 2 2 2 2 2 2 2 2
left_child=2 9 8 10 -5 6 -6 -7 24 14 -3 28 13 -12 20 -4 18 -18 19 -11 -2 -14 -16 -24 25 26 -1 -27 29 -10
right_child=1 3 15 4 5 7 -8 -9 11 16 12 -13 21 -15 22 -17 17 -19 -20 -21 -22 -23 23 -25 -26 27 -28 -29 -30 -31
leaf_value=0.012778026509834542 -0.04402289558628892 -0.09523754935689091 -0.086166168268487719 0.031387913806528472 -0.0039551350554351567 0.027026407485495403 -0.051861201513977065 -0.0096903655041230205 -0.01241671092007905 -0.030813440792108692 -0.025892365489212692 -0.082483282945718481 -0.08560746079919633 0.04846020307335927 0.07878164937770317 -0.028773498387795207 0.081863326672649742 -0.02130252857879263 -0.086404405089641492 0.059064975360290248 0.039723044026680372 -0.026688641917626939 0.060752289824245298 -0.022585623344036174 0.067320326888820614 -0.083466918607445914 0.10338852985303229 0.0069903094512065054 -0.061994585292778015 0.044126331547635206
leaf_weight=26.703309461474419 6.9784278720617321 7.0549072176218024 16.049003899097443 64.999591775238514 136.62770185619593 98.839491754770279 30.318121612071991 71.380185678601265 45.510642051696777 8.8378066420555133 33.642697870731354 7.7326364219188681 10.430283486843107 16.181708008050919 27.519717797636986 25.008828580379486 9.5018040239810961 7.4976694136857978 6.9661189615726462 7.0068455934524527 10.531400293111799 36.786544978618622 12.836804792284967 7.5538209676742545 9.1964396387338621 8.9589331895113009 7.4370742589235297 15.227310851216314 8.8275839537382108 10.102119475603102
leaf_count=114 30 35 78 295 598 427 138 303 195 38 147 34 46 69 123 121 44 33 30 30 46 165 56 32 39 39 31 65 38 44
internal_value=9.89255e-07 0.0037936 -0.0128294 -0.00143492 0.00474199 -0.000394877 -0.0126551 0.0116295 -0.00154978 0.0289479 -0.0252988 -0.0180732 -0.0202142 -0.00174453 0.0441521 -0.0512076 0.00396286 0.0363617 -0.020182 0.00893273 0.00634665 -0.0397039 0.0579688 0.0298793 0.0161115 0.00803737 0.0325164 -0.0265164 -0.0103442 -0.0021456
internal_weight=792.246 611.492 180.754 506.261 402.165 337.166 166.946 170.22 139.696 105.23 104.096 72.173 97.0412 49.8244 65.4202 41.0578 39.8102 16.9995 22.8108 15.8447 17.5098 47.2168 47.9103 20.3906 67.5231 58.3266 34.1404 24.1862 64.4403 55.6128
internal_count=3483 2685 798 2223 1761 1466 736 730 599 462 462 311 427 216 287 199 175 77 98 68 76 211 211 88 288 249 145 104 277 239
is_linear=0
shrinkage=0.08


Tree=27
num_leaves=16
num_cat=0
split_feature=10 2 26 21 21 26 21 29 26 24 24 37 12 9 48
split_gain=6.08872 7.51336 6.85161 10.196 8.56354 10.5702 9.54119 7.25574 6.84033 6.37486 5.68811 3.99478 6.62362 3.14825 2.70286
threshold=-0.0021538100744346996 -0.070117316647858086 -5.8972152635668208e-05 -0.0021277285876340492 -0.0013665503358661999 -3.044327983343344e-05 -0.00045363885891479993 0.16168748689737014 -8.9770886790404932e-05 0.0011553438328426502 0.0014123845648602502 1.0000000180025095e-35 0.0012709758986445003 0.0015337103110803004 0.041666666666597151
decision_type=2 2 2 2 2 2 2 2 2 2 2 2 2 2 2
left_child=-1 -2 3 8 11 9 -7 10 -3 -6 -5 13 -13 -4 -9
right_child=1 2 4 7 5 6 -8 14 -10 -11 -12 12 -14 -15 -16
leaf_value=-0.053779471628397364 0.066969339508301598 -0.043083631348013282 0.081304302623322028 -0.063250817525904945 -0.047724978250429304 0.02650499437715844 -0.0011270925363759034 -0.049707746546069687 0.051613536685827743 0.000926334826875332 0.037755681215664541 0.055475936125991054 -0.030009332719588572 0.016260339145749522 -0.11143670159066149
leaf_weight=13.247868523001669 10.866939797997473 7.7747687250375774 14.81411035358906 7.0038979947566968 44.749669805169106 95.318666949868202 496.83134473115206 7.4686189740896252 13.119950354099272 28.036133006215096 7.274014487862587 11.597947686910631 11.60553205013275 7.0190159976482382 11.575895085930823
leaf_count=56 47 33 65 32 213 421 2189 33 54 128 31 50 50 30 51
internal_value=-2.09262e-06 0.000917112 -2.21647e-05 -0.027434 0.00207114 -0.00021545 0.00332086 -0.0549058 0.0163774 -0.0289851 -0.0117921 0.0358312 0.0127193 0.0603937 -0.0872287
internal_weight=788.304 775.057 764.19 54.2171 709.972 664.936 592.15 33.3224 20.8947 72.7858 14.2779 45.0366 23.2035 21.8331 19.0445
internal_count=3483 3427 3380 234 3146 2951 2610 147 87 341 63 195 100 95 84
is_linear=0
shrinkage=0.08


Tree=28
num_leaves=11
num_cat=0
split_feature=24 52 42 22 14 1 10 45 52 16
split_gain=5.83165 8.24161 6.2923 6.21918 7.43051 6.44898 5.2502 5.34103 5.15693 3.68977
threshold=0.00060998455988310011 -0.0094300005133982987 2811.4161232622141 -0.00040264594304509994 -0.0029286429088224994 -80.691380506967093 -0.0022663959068515995 0.54547494660621587 -0.15909559566675771 -0.0052015526052861987
decision_type=2 2 2 2 2 2 2 2 2 2
left_child=1 -1 3 4 -2 -5 -7 -8 -6 -10
right_child=2 -3 -4 5 8 6 7 -9 9 -11
leaf_value=0.097269573021302375 0.05197579606114603 -0.0039750026222331366 -0.063608106151238047 0.091220708661651093 0.0050780978938358406 -0.059389159323038107 0.0029074871929761553 -0.038311061304362834 -0.090913164308558586 -0.032965963133189155
leaf_weight=9.3956456333398837 6.2459910362958899 11.376184180378912 10.182316496968268 5.094595178961753 10.779110506176947 9.1282362192869169 675.04101306945086 20.737717851996422 13.164666190743445 15.097849756479265
leaf_count=48 28 50 45 22 47 39 2975 96 61 72
internal_value=-4.27762e-06 0.0418206 -0.00113924 -0.000297072 -0.0290406 0.00153634 0.000888161 0.00167897 -0.0420018 -0.0599577
internal_weight=786.243 20.7718 765.471 755.289 45.2876 710.002 704.907 695.779 39.0416 28.2625
internal_count=3483 98 3385 3340 208 3132 3110 3071 180 133
is_linear=0
shrinkage=0.08


Tree=29
num_leaves=20
num_cat=0
split_feature=45 1 0 45 30 16 41 29 10 2 8 24 0 48 9 52 24 54 45
split_gain=5.14004 6.28373 6.82492 8.17888 5.51993 6.91692 5.3648 7.18702 5.08312 6.71078 5.02907 5.02488 5.29356 5.61123 4.48183 3.64177 4.55339 3.22358 2.4324
threshold=0.47231756686024362 -21.201423412734581 23.8983236461067 0.45062620225680233 -0.91876488734118078 0.0043893673477723508 4767.5404311087414 0.31068088639539343 -0.0022663959068515995 -0.070117316647858086 -0.0021016516857452496 0.00060998455988310011 22.464092361138359 0.22499999999962497 0.0015250044073372002 -0.0058467511068301488 0.00088347300708710007 0.08964006228918886 0.45572565741222359
decision_type=2 2 2 2 2 2 2 2 2 2 2 2 2 2 2 2 2 2 2
left_child=1 2 -1 17 -3 15 7 -5 -2 -10 -8 -11 14 -14 -13 16 -6 -4 -17
right_child=8 4 3 6 5 -7 10 -9 9 11 -12 12 13 -15 -16 18 -18 -19 -20
leaf_value=0.05726216031527008 -0.065217976627919214 -0.022593916017021182 -0.1058146080554106 0.047575805174442334 0.079321048177227058 -0.024849470678662326 0.0047785405482785462 -0.045152459288458645 0.065253822866526881 0.047171218447012074 -0.086442196134658186 -0.055279075414706565 -0.0015555840827363512 -0.056054976951240988 0.017984967836292186 0.092340593854562197 0.0055165083228770366 -0.032763819618589277 0.047811959817586715
leaf_weight=9.7473449409008008 8.3478296399116498 12.014475926756857 6.8196794688701621 20.865237832069401 7.1972983777523067 10.296049430966375 8.9808907210826856 7.1937079280614844 9.2511143088340742 12.324576839804648 6.7940433323383322 22.19246701896191 559.25347250699997 12.357954271137713 7.038731485605239 12.010112673044203 20.843337148427963 8.9264454394578916 22.672809548676014
leaf_count=45 36 52 30 91 39 45 39 32 40 58 30 105 2450 61 31 60 94 39 106
internal_value=-3.93068e-06 0.0130809 -0.00479525 -0.0149479 0.0276551 0.035923 0.00281724 0.0238023 -0.00320606 -0.00237436 -0.034509 -0.00339469 -0.00443191 -0.00273383 -0.0376374 0.0458987 0.0244602 -0.0644023 0.0632315
internal_weight=785.128 154.361 69.3273 59.58 85.0341 73.0196 43.8339 28.0589 630.766 622.418 15.7749 613.167 600.843 571.611 29.2312 62.7236 28.0406 15.7461 34.6829
internal_count=3483 702 306 261 396 344 192 123 2781 2745 69 2705 2647 2511 136 299 133 69 166
is_linear=0
shrinkage=0.08


Tree=30
num_leaves=16
num_cat=0
split_feature=26 21 54 26 21 26 46 14 44 20 8 10 41 14 1
split_gain=5.85478 13.2958 8.83927 6.90577 6.58415 10.1139 8.99503 8.39317 6.4773 9.72142 5.28307 5.18961 4.85149 3.28962 1.86277
threshold=6.9217025154828658e-05 0.0020899168522566006 0.044865248297955657 5.6351275486756057e-05 0.0011581141554013502 3.1362629964179653e-05 0.50332027058216611 0.0013912067135789501 0.66412590733056975 1.0000000180025095e-35 0.0013487710152316503 0.00032460091516665007 4875.8594793206548 0.00097734742803680017 -27.839802743561446
decision_type=2 2 2 2 2 2 2 2 2 2 2 2 2 2 2
left_child=1 3 -2 4 5 6 -1 13 9 -4 14 -7 -9 -6 -5
right_child=2 -3 8 10 7 11 -8 12 -10 -11 -12 -13 -14 -15 -16
leaf_value=0.00098733053286609415 0.10167762957110837 -0.092265097459032414 -0.026898827512052751 0.039297826269353776 -0.03511267138188371 0.0079635614721744168 -0.034670029893953659 -0.024360897825960955 -0.043103575713790122 0.090792176680112427 0.084289046104914986 0.058507853390605491 0.026268735309328488 -0.090203865102773298 -0.0174245626822804
leaf_weight=530.27269292622805 8.6926667243242246 10.19549986720085 8.1937517374753988 7.1924615800380707 16.513181775808338 24.565093755722046 49.504701107740402 29.974961042404175 9.7991557568311674 9.9421030730009079 10.473163664340971 27.616623617708683 20.326856553554535 11.961670234799383 7.6426272541284579
leaf_count=2372 38 43 34 31 74 109 228 128 41 43 47 123 87 52 33
internal_value=-1.44366e-06 -0.00153418 0.0312259 -0.000277396 -0.00173964 0.000978924 -0.0020573 -0.0235484 0.00930317 0.0376196 0.0407872 0.0347136 -0.00390157 -0.0582553 0.010076
internal_weight=782.867 746.24 36.6277 736.044 710.736 631.959 579.777 78.7767 27.935 18.1359 25.3083 52.1817 50.3018 28.4749 14.8351
internal_count=3483 3327 156 3284 3173 2832 2600 341 118 77 111 232 215 126 64
is_linear=0
shrinkage=0.08


Tree=31
num_leaves=12
num_cat=0
split_feature=24 53 42 48 28 42 27 24 46 45 24
split_gain=4.41928 8.30617 5.49599 4.47719 5.39292 4.62812 6.25657 7.77753 5.1367 6.45996 2.51075
threshold=0.00060998455988310011 -0.19786460079453252 2811.4161232622141 0.22499999999962497 -0.46277511506674313 2752.3926924980992 0.0027513034629045004 0.0014394019592995002 0.54354715853803393 0.53761531693299036 0.00085759688416190013
decision_type=2 2 2 2 2 2 2 2 2 2 2
left_child=1 -1 3 5 10 8 7 -7 9 -2 -5
right_child=2 -3 -4 4 -6 6 -8 -9 -10 -11 -12
leaf_value=0.097254737564593671 0.00051524201516261721 -0.0068242865359692028 -0.059574747990192689 -0.022772373884555466 0.013087220523441022 0.034202340802419975 0.092345470094038262 -0.062490532458755528 0.067399247599143244 -0.036168366821546664 -0.088119126927922564
leaf_weight=8.4763914942741412 648.39379073679447 11.65529767423868 10.107772365212439 6.2384265661239651 9.9430719166994077 22.841148242354397 7.7526551783084861 6.9420182257890692 7.0536241680383673 32.251335114240646 9.4833425357937795
leaf_count=44 2868 54 45 31 46 101 34 30 31 151 48
internal_value=1.79885e-06 0.0369979 -0.000976896 -0.000188117 -0.0330257 0.000973952 0.0283285 0.0116647 -0.000519107 -0.00122296 -0.0621894
internal_weight=781.139 20.1317 761.007 750.899 25.6648 725.235 37.5358 29.7832 687.699 680.645 15.7218
internal_count=3483 98 3385 3340 125 3215 165 131 3050 3019 79
is_linear=0
shrinkage=0.08


Tree=32
num_leaves=19
num_cat=0
split_feature=26 14 1 53 44 45 32 26 21 21 45 45 52 12 14 24 44 7
split_gain=5.06691 10.4822 7.41873 5.95426 6.06593 7.9858 7.3061 5.91839 8.77676 8.52027 7.14006 6.81718 4.10871 3.85484 3.55221 2.70669 2.35789 1.32043
threshold=-8.3857298682565965e-05 -0.0030729900043653994 -58.902881286070617 0.23101544928409659 0.63544727603946594 0.49953088360373721 -0.0029988547183566997 5.9903439750390608e-05 0.0020899168522566006 0.0017505744485618502 0.53181436044290098 0.50273902212988408 0.0015302733476473002 0.0014682374014967504 0.0022605288000588004 0.0015718893931603503 0.66311971646074497 -0.0036449831769175497
decision_type=2 2 2 2 2 2 2 2 2 2 2 2 2 2 2 2 2 2
left_child=15 13 3 4 5 -3 -6 9 12 10 -4 -10 -9 -2 -11 -1 -5 -15
right_child=1 2 7 16 6 -7 -8 8 11 14 -12 -13 -14 17 -16 -17 -18 -19
leaf_value=-0.062996679914841064 0.012529199632638035 -0.012941685503530611 0.0041505136488343142 -0.11246715695488757 -0.013908423788505844 0.084387007491169938 -0.094757584205495446 0.023687643225207205 -0.046001440452827683 -0.016518522831856949 -0.027466422628208972 0.033219452863738431 0.085256504886053117 0.10606902408905755 -0.087243339927374666 -0.0015476978463129099 -0.041662830796435818 0.056724175424577659
leaf_weight=12.325363352894785 8.4971049576997775 19.35065990686417 538.88174100220203 5.8412172198295575 26.095292687416073 7.4812097996473303 9.8549339324235934 12.297569289803507 13.397146403789522 8.567581772804262 49.950598828494549 14.450407341122625 15.91331411898136 6.8150216490030289 9.6803006827831251 7.3075927644968024 6.2105746120214462 7.0723839402198774
leaf_count=53 38 88 2403 30 118 32 43 54 56 37 235 63 70 30 42 31 30 30
internal_value=1.94495e-06 0.00103804 -0.000597876 -0.0244753 -0.0145884 0.0141953 -0.0360714 0.00209665 0.0269676 -0.000199963 0.00146845 -0.00489283 0.0584177 0.054971 -0.0540373 -0.0401247 -0.07598 0.0809394
internal_weight=779.99 760.357 737.973 74.8339 62.7821 26.8319 35.9502 663.139 56.0584 607.08 588.832 27.8476 28.2109 22.3845 18.2479 19.633 12.0518 13.8874
internal_count=3483 3399 3301 341 281 120 161 2960 243 2717 2638 119 124 98 79 84 60 60
is_linear=0
shrinkage=0.08


Tree=33
num_leaves=10
num_cat=0
split_feature=26 21 26 44 21 26 21 41 3
split_gain=4.52501 6.6571 5.97268 5.96872 5.29693 5.19912 9.44084 8.57326 4.47106
threshold=8.9057470691923763e-05 0.0024329347080923004 6.6033028429632491e-05 0.67332750176155798 0.0019516165029600503 4.75011723681893e-05 0.0011581141554013502 4870.6922175834379 0.005895067193549851
decision_type=2 2 2 2 2 2 2 2 2
left_child=1 2 4 8 5 6 -1 -7 -4
right_child=-2 -3 3 -5 -6 7 -8 -9 -10
leaf_value=0.00059195872310065245 0.049704982228671132 -0.069678458906090299 0.018429531681129038 -0.013307930334558333 -0.053057216350315323 0.0013149203620488718 -0.034997659020550562 0.075019410648734727 0.10366528419088736
leaf_weight=622.89489099383354 11.548504844307898 8.8631377965211851 6.8324626535177293 9.1553736776113492 12.421678647398947 30.407557815313339 51.658979266881943 15.12412706017494 9.2993641495704633
leaf_count=2803 52 37 30 39 53 132 228 68 41
internal_value=1.10682e-06 -0.000747605 5.86081e-05 0.0382842 -0.001261 -0.000367496 -0.00213358 0.0257971 0.0675646
internal_weight=778.206 766.658 757.794 25.2872 732.507 720.086 674.554 45.5317 16.1318
internal_count=3483 3431 3394 110 3284 3231 3031 200 71
is_linear=0
shrinkage=0.08


Tree=34
num_leaves=31
num_cat=0
split_feature=26 21 42 42 9 54 3 24 46 44 54 45 21 26 21 45 12 44 26 15 55 2 21 3 48 21 30 42 42 54
split_gain=4.46868 11.2421 9.80756 8.98207 6.92867 10.1646 6.7915 7.60191 7.23362 8.17302 7.32164 6.25501 6.03588 9.86497 10.13 9.54023 8.15646 7.83082 7.55129 6.40956 6.31193 7.49654 5.94819 5.56802 5.34611 3.9543 3.78023 3.26623 2.7598 2.34228
threshold=1.0218080723549968e-05 0.00027983580977010007 2674.32636889182 2734.9721085274145 0.0014294919519101501 0.099695397704183356 0.012838344351563851 0.0012644503425326002 0.51945800828039024 0.81244560511485553 0.084507205934575017 0.49356673313326277 -7.6555322634854354e-05 -2.7669561738712558e-05 -0.0013665503358661999 0.4765137924066955 0.00093711801318875014 0.4663634864422147 -5.2884575844130691e-07 0.00086581497625915014 0.38249124307778426 0.093876012515522869 -0.00089984100246684993 0.0066312261788614513 0.091666666666513866 -0.00023825941279079999 -1.6268299706389391 2526.2736142611507 2692.0831253906113 0.076149716814463822
decision_type=2 2 2 2 2 2 2 2 2 2 2 2 2 2 2 2 2 2 2 2 2 2 2 2 2 2 2 2 2 2
left_child=2 26 12 4 5 28 8 -8 9 10 -3 -5 13 14 17 -16 24 -1 19 -18 21 -15 -22 -20 -14 -13 -2 -28 -4 -6
right_child=1 6 3 11 29 -7 7 -9 -10 -11 -12 25 16 20 15 -17 18 -19 23 -21 22 -23 -24 -25 -26 -27 27 -29 -30 -31
leaf_value=0.073561700882747327 -0.009897380578706521 -0.011190580972239926 -0.019110366799492809 0.048513229187214887 -0.11830290229477608 0.037261210515203473 -0.10439838865972859 0.0096160238068069576 0.070123964284015877 -0.057089252410754944 0.017271476990016493 0.012053543143298958 0.060571871370038971 0.10321735832500833 0.022940836472186883 -0.044081303224337856 -0.098942725917421065 0.0021716371694926267 -0.03620548842983027 -0.016501534106032726 0.05344699418742594 0.025865885293014798 -0.02562882061259392 0.027304927630585025 -0.028874959263000606 -0.070861665371995133 0.025960354840754787 0.078000394739944232 -0.080226476983839903 -0.064201298044105959
leaf_weight=11.160805225372313 6.1742733120918265 98.782712563872337 7.4623473137617173 12.682938963174822 7.5817186087369945 11.119265995919703 7.9394987002015096 7.0803791731595993 10.375733718276022 14.156495943665503 139.57217800617218 7.5977823883295059 11.62513440847397 8.8554203659296018 17.685415461659431 58.734660163521767 15.377003133296968 82.691619396209717 21.139385774731636 9.9352453202009183 7.9517081901431075 84.865080095827579 25.975906521081924 15.177911788225172 6.7651828825473777 7.1409057676792127 12.408481791615484 20.423547856509686 12.908819943666456 15.783136397600172
leaf_count=50 28 429 35 58 35 53 39 31 45 64 621 35 50 40 77 279 72 355 91 44 38 372 116 66 30 34 58 104 61 73
internal_value=3.425e-06 0.00731387 -0.00503067 -0.0300607 -0.0487493 -0.0242588 0.0016689 -0.0506519 0.00465822 0.00196822 0.00547579 0.00732466 0.000418322 0.00565791 -0.0069465 -0.0285708 -0.0190891 0.0106612 -0.0330413 -0.0665839 0.0224712 0.0331746 -0.0070956 -0.00966289 0.0276674 -0.0281189 0.0475324 0.0583325 -0.0578385 -0.0817569
internal_weight=777.131 316.913 460.217 82.2769 54.8553 31.4904 277.907 15.0199 262.887 252.511 238.355 27.4216 377.94 297.921 170.273 76.4201 80.0199 93.8524 61.6295 25.3122 127.648 93.7205 33.9276 36.3173 18.3903 14.7387 39.0063 32.832 20.3712 23.3649
internal_count=3483 1419 2064 384 257 149 1229 70 1159 1114 1050 127 1680 1327 761 356 353 405 273 116 566 412 154 157 80 69 190 162 96 108
is_linear=0
shrinkage=0.08


Tree=35
num_leaves=14
num_cat=0
split_feature=26 21 26 14 22 53 42 2 21 28 27 54 2
split_gain=4.44168 7.7624 9.60508 7.50512 6.37391 7.97508 5.33965 5.24924 5.02193 3.66679 3.56116 3.39131 2.92008
threshold=-8.9770886790404932e-05 -0.0021277285876340492 -5.8170687355789487e-05 -0.0029991727860064492 -0.00040264594304509994 0.20967762480441696 2669.9526952686579 0.4448527901189076 -0.0009408066333414499 -0.4716419731682478 0.0027167963857734506 0.079734659487228868 1.0000000180025095e-35
decision_type=2 2 2 2 2 2 2 2 2 2 2 2 2
left_child=-1 9 6 11 5 -5 7 12 -6 -2 -11 -4 -3
right_child=1 2 3 4 8 -7 -8 -9 -10 10 -12 -13 -14
leaf_value=-0.046518443816137192 0.0900036053856616 -0.0099361757561840548 0.019441263874177647 -0.010936158081564123 0.020053160037764108 -0.097386233610627662 -0.10072258339853939 0.022937510863343211 -0.00066209541760942796 -0.019238600780594858 0.054849624635780261 0.10054713617360633 -0.073018410067239983
leaf_weight=12.91732646524906 7.8390322327613857 7.6358680427074495 6.4176258444786054 27.999312520027161 86.436268456280231 9.0326008945703489 7.4884711802005759 9.7571025341749174 561.0826418325305 7.1293075978755978 9.9430250674486143 6.7907480001449585 12.199579820036886
leaf_count=56 34 32 30 130 394 49 36 43 2521 30 42 31 55
internal_value=-9.42224e-07 0.00078995 -0.000698912 0.00140956 0.000257065 -0.0320225 -0.0403743 -0.025103 0.00210315 0.0447087 0.0239108 0.0611398 -0.0487342
internal_weight=772.669 759.752 734.84 697.759 684.551 37.0319 37.081 29.5926 647.519 24.9114 17.0723 13.2084 19.8354
internal_count=3483 3427 3321 3155 3094 179 166 130 2915 106 72 61 87
is_linear=0
shrinkage=0.08


Tree=36
num_leaves=27
num_cat=0
split_feature=26 21 21 24 52 24 52 24 27 44 9 24 54 27 52 16 24 52 52 28 16 27 37 54 24 36
split_gain=4.1403 9.94467 9.60919 6.00499 15.8185 12.5281 11.6906 8.28848 8.08569 7.92481 6.17442 8.9824 5.61266 8.62481 5.58806 5.13148 4.53376 4.51862 6.17262 10.4531 5.37222 5.04019 10.6344 3.82077 3.38632 2.56141
threshold=-2.4428772812410407e-05 -0.00088397213735244985 -0.00057964464262414989 0.0010054146654177002 0.052909331543562255 0.00089638559602600012 0.045414536329706205 0.00084745567199025012 0.0026540412347533008 0.73824157291684778 0.0016400736019845502 0.0017435758163445003 0.092861992338753613 0.0027091807268037004 0.25100495734592482 -0.0024729424726837499 0.00071725362438825014 -0.061034939749006242 0.29172780006204785 -0.48850906220452783 -0.0019526438971669998 0.0028011644143206005 1.0000000180025095e-35 0.12200291803091877 0.0012549877038891004 1.0000000180025095e-35
decision_type=2 2 2 2 2 2 2 2 2 2 2 2 2 2 2 2 2 2 2 2 2 2 2 2 2 2
left_child=2 24 16 5 10 6 7 -3 -6 -10 11 -5 15 -14 -8 -7 -1 21 20 -20 -19 22 -18 25 -2 -4
right_child=1 3 23 4 8 12 14 -9 9 -11 -12 -13 13 -15 -16 -17 17 18 19 -21 -22 -23 -24 -25 -26 -27
leaf_value=-0.076339249267134576 0.087293685328926063 0.030934001588698412 -0.0025449809201832391 -0.021244882716543279 -0.07127431686799067 -0.0046366298512412162 -0.046021497694694713 -0.027830137716464937 0.030084834343136847 -0.024153215443606043 -0.07768259144160608 0.070470212410102234 -0.0192237596443369 0.057273048938473438 -0.0004214749996704917 0.075343767750278609 0.03320988090605876 -0.0025046090372662223 -0.049798246409114101 0.053742663456409795 -0.041320792678969986 0.076577628946915541 -0.03301848548005059 -0.11003091141290411 0.016148795429633291 -0.071307171153193918
leaf_weight=5.378548175096511 11.749435007572176 69.345076151192188 6.916657507419588 157.35678401589394 6.4616159796714774 6.2167730182409278 38.832651779055595 19.732556641101837 98.627731874585152 20.893225684762001 11.586720004677771 7.1445445865392676 19.819093927741051 17.999825999140739 30.873343527317047 29.476815015077591 38.936310231685638 46.482513792812824 9.1380758285522479 19.677954092621803 44.826010018587112 7.384370505809783 25.79792121052742 6.8525770157575598 6.7367511093616477 6.9515963420271873
leaf_count=26 59 324 33 702 29 30 174 87 440 93 52 33 88 80 137 128 172 207 43 87 208 32 117 34 33 35
internal_value=-3.53274e-06 0.0036802 -0.0093309 0.00168455 -0.00575237 0.0113553 -0.00128595 0.0179165 0.0158912 0.0206036 -0.0212373 -0.0172616 0.0386598 0.0171847 -0.0258249 0.0614135 -0.00389652 -0.00186972 -0.011373 0.020908 -0.0215606 0.0139595 0.00681652 -0.0611605 0.061367 -0.0370127
internal_weight=771.195 552.853 218.343 534.367 302.071 232.296 158.784 89.0776 125.983 119.521 176.088 164.501 73.5125 37.8189 69.706 35.6936 197.622 192.243 120.125 28.816 91.3085 72.1186 64.7342 20.7208 18.4862 13.8683
internal_count=3483 2489 994 2397 1349 1048 722 411 562 533 787 735 326 168 311 158 892 866 545 130 415 321 289 102 92 68
is_linear=0
shrinkage=0.08


Tree=37
num_leaves=16
num_cat=0
split_feature=26 21 26 3 53 21 3 53 26 21 27 44 15 53 10
split_gain=3.91761 7.54371 6.76959 8.20521 8.17719 7.8399 4.98355 6.48373 5.67536 3.47595 3.21719 3.06585 2.52105 2.47612 2.34849
threshold=-8.3857298682565965e-05 -0.0021277285876340492 -4.4653106534337071e-05 0.0056418875258383008 -1.0000000180025095e-35 -0.0015748664317567999 0.009517614587503602 0.87049386431484821 -1.0190474177511682e-05 -0.0018453473076355997 0.0027067406703697003 0.5941556741819829 -0.0011385814351498496 -0.33058980914140845 -0.0009561377108125499
decision_type=2 2 2 2 2 2 2 2 2 2 2 2 2 2 2
left_child=13 10 3 11 9 -4 7 -7 -8 -5 -2 -3 -6 -1 -13
right_child=1 2 5 4 12 6 8 -9 -10 -11 -12 14 -14 -15 -16
leaf_value=-0.0014111236946924945 0.0087471485672387279 -0.095843162070163135 0.071773722968432305 0.020571949439663846 0.062758942461888595 0.0054735703069368662 -0.044179812353478759 -0.063733478063509333 -0.0030902102620318853 -0.039041774270239568 0.075470108447513132 -0.0043862488233165223 0.00041542454343912975 -0.05970524647181729 -0.071181539762744384
leaf_weight=7.9403137266635921 7.4943790733814266 9.9656754732131976 10.227877661585806 7.9000138193368903 10.98784399032593 524.65505237877369 29.901565842330456 8.8091876059770566 76.689911656081676 30.150099813938141 12.079358860850332 6.8321428447961807 6.6719368398189536 11.299926638603209 6.64571365714073
leaf_count=34 32 50 51 34 48 2354 150 41 351 140 53 31 30 50 34
internal_value=-3.55121e-06 0.000912058 -0.00040311 -0.022493 -0.00578421 0.0022857 0.00117531 0.00433074 -0.0146169 -0.0266647 0.0499233 -0.0621989 0.0392053 -0.0356477 -0.0373219
internal_weight=768.251 749.011 729.437 79.1534 55.7099 650.284 640.056 533.464 106.591 38.0501 19.5737 23.4435 17.6598 19.2402 13.4779
internal_count=3483 3399 3314 367 252 2947 2896 2395 501 174 85 115 78 84 65
is_linear=0
shrinkage=0.08


Tree=38
num_leaves=31
num_cat=0
split_feature=28 41 52 24 24 3 26 6 53 47 41 28 1 52 2 3 3 3 24 55 41 54 52 1 48 53 6 24 15 26
split_gain=3.81748 6.12573 10.1073 9.97157 7.60163 7.35069 6.96693 11.4311 6.45627 5.46159 6.78458 4.88461 4.81898 7.56753 5.08967 4.58838 4.69712 8.15607 7.596 9.26784 7.05524 6.99609 6.20974 7.53642 6.16854 5.36732 5.3539 6.00939 4.29331 3.52875
threshold=-0.49093145496905816 4768.6212913565532 -0.39408262995009974 0.0005994037421517001 0.0012861281955363001 0.010300119396927801 -7.2090869267026599e-06 0.0006099102518842001 -0.76712859528430444 1.0000000180025095e-35 4570.5437506880144 -0.52076982206315825 14.799609953643087 0.057220684514070454 0.068285333328653608 0.015819226036765003 0.0084497572350678025 0.0059803311374085006 0.0010054146654177002 0.16207667735858133 4624.0467358705582 0.072158289469186107 0.27321482421259485 -82.07497501676697 0.15833333333306943 -0.67643990713480251 -0.00085792857095374987 0.0011634968735194002 -0.00195145102400925 3.1362629964179653e-05
decision_type=2 2 2 2 2 2 2 2 2 2 2 2 2 2 2 2 2 2 2 2 2 2 2 2 2 2 2 2 2 2
left_child=1 4 -3 -4 6 8 12 29 -5 -6 -11 -9 14 -14 -1 16 17 18 19 -2 22 -20 23 -18 25 -19 28 -28 -22 -8
right_child=15 2 3 5 9 -7 7 11 -10 10 -12 -13 13 -15 -16 -17 20 24 21 -21 26 -23 -24 -25 -26 -27 27 -29 -30 -31
leaf_value=0.013863548046466325 -0.034285196897487442 0.075227505337296621 0.083993880797915837 -0.077325336893636645 0.11323283929917644 -0.090579762099003619 0.042735799339237726 0.022170089144808797 -0.0046891047768780354 0.088023368217608686 -0.011548444140191381 -0.055590059454828838 0.0744007517494229 -0.038417347417349555 -0.059304324542560849 0.054903162558345243 -0.0079769403401168046 -0.021380459042054531 -0.06594799968086279 0.020572372930531949 0.0030650506375081233 -0.014882921537679153 0.027150192884286876 -0.085690343700580651 0.067151473459344399 0.015074752428234282 0.013078266027273158 -0.032862580918188875 0.071360131309198729 0.1037890203282221
leaf_weight=9.2343776226043719 28.538730561733246 9.4961180910468084 6.7449306845664969 8.5197804123163206 8.1898549646139163 7.8961166739463797 29.243033826351166 9.8014513999223727 96.969510436058044 8.098420016467573 9.5371695756912214 10.941456288099287 8.1663857251405698 7.1252578794956198 17.838115803897381 8.3259914219379407 12.343213215470312 32.006160989403725 24.207011312246323 63.711602091789246 18.832821644842628 59.071991994976997 6.4533541798591605 22.626446381211281 12.130638115108011 134.32757272571325 28.238667614758015 51.376241914927959 8.5726627707481367 7.6421076506376258
leaf_count=42 132 46 38 37 41 38 134 44 440 37 43 48 36 35 83 36 61 141 110 283 86 264 30 106 54 600 131 235 38 34
internal_value=-5.81531e-06 0.00797904 -0.00422615 -0.0105068 0.0205537 -0.0161284 0.0105603 0.0286658 -0.0105555 0.0592467 0.0341758 -0.0188468 -0.0140686 0.0218323 -0.0343469 -0.00399922 -0.00497531 3.36553e-05 -0.0122106 0.00360154 -0.0169202 -0.0297262 -0.0449537 -0.0582599 0.0120766 0.00805999 -0.00606962 -0.0165678 0.0244283 0.0553852
internal_weight=766.207 255.444 129.626 120.13 125.818 113.385 99.9922 57.628 105.489 25.8254 17.6356 20.7429 42.3641 15.2916 27.0725 510.763 502.437 353.994 175.529 92.2503 148.443 83.279 41.423 34.9697 178.464 166.334 107.02 79.6149 27.4055 36.8851
internal_count=3483 1176 599 553 577 515 456 260 477 121 80 92 196 71 125 2307 2271 1584 789 415 687 374 197 167 795 741 490 366 124 168
is_linear=0
shrinkage=0.08


Tree=39
num_leaves=15
num_cat=0
split_feature=10 10 22 45 45 44 45 53 12 41 53 45 41 1
split_gain=3.57204 4.8507 3.90827 4.04097 5.83593 8.69135 7.06327 4.9374 7.38958 5.7559 4.0396 5.47996 2.01423 1.35862
threshold=-0.0021538100744346996 -0.0019227670892622499 -0.00041717722355779995 0.4785007073983622 0.48586587611727833 0.41061858469176843 0.49268596626038424 -0.53301685099927132 0.0011919458953435003 4530.2979046775026 0.20967762480441696 0.48922652441764908 4641.8921956793411 -92.6638509459044
decision_type=2 2 2 2 2 2 2 2 2 2 2 2 2 2
left_child=-1 -2 10 7 5 -5 -6 8 -4 -9 11 12 -3 -13
right_child=1 2 3 4 6 -7 -8 9 -10 -11 -12 13 -14 -15
leaf_value=-0.042084233309478941 0.058130781663684628 -0.071885233549222813 -0.047783576136923217 -0.11148624670181537 0.024040369709820562 -0.015001294697193803 -0.0035840514092591808 0.063171338142524777 0.012290103461870044 0.013233236805667924 -0.07350021080674278 0.049941913125286758 -0.011141384655444699 0.00017527252809086539
leaf_weight=12.695780903100966 9.2981393039226514 8.1263025626540202 20.041794121265411 6.6893906891345969 70.326794512569904 55.961019545793533 375.690728046 16.831421174108982 37.861539445817471 120.70752977579832 8.5758281722664815 6.9044111222028732 6.1284680962562552 7.1426534354686719
leaf_count=56 42 41 93 30 316 251 1692 79 172 568 49 31 30 33
internal_value=-4.30656e-06 0.000707739 -1.28231e-05 0.00131683 -0.00243985 -0.0253033 0.00077169 0.0110942 -0.0085029 0.0193444 -0.0254001 -0.0108251 -0.04577 0.0246366
internal_weight=762.982 750.286 740.988 704.11 508.668 62.6504 446.018 195.442 57.9033 137.539 36.8777 28.3018 14.2548 14.0471
internal_count=3483 3427 3385 3201 2289 281 2008 912 265 647 184 135 71 64
is_linear=0
shrinkage=0.08


Tree=40
num_leaves=15
num_cat=0
split_feature=26 21 54 21 26 21 27 26 46 9 8 10 9 27
split_gain=3.88005 10.3431 7.8362 5.36573 4.59639 4.78795 7.58173 7.56194 6.20215 5.02839 4.60712 4.53088 3.36715 2.74128
threshold=6.9217025154828658e-05 0.0020899168522566006 0.044865248297955657 0.0024329347080923004 5.6351275486756057e-05 0.0011581141554013502 0.0026611739694190504 3.1362629964179653e-05 0.50812559730558104 0.0013007632338171004 0.0023780080589603006 0.0012413066291337004 0.0014552362860159502 0.0027163040567130003
decision_type=2 2 2 2 2 2 2 2 2 2 2 2 2 2
left_child=1 4 -2 13 5 7 -7 8 -1 -8 -9 12 -6 -4
right_child=2 -3 3 -5 11 6 9 10 -10 -11 -12 -13 -14 -15
leaf_value=0.00036284384897363088 0.094413713583100259 -0.082216591503787739 0.00075286898341546968 -0.037362764029645106 0.047711496651275692 -0.084986358558975933 0.055762880450788296 0.016859901818243907 -0.036642384323195845 -0.017687698274992645 0.07287606942068775 0.081146188455873111 -0.026359926982139976 0.067088134500871685
leaf_weight=533.42009921371937 8.2002681046724302 9.9627972543239576 7.7386451959610012 11.168394550681112 7.4553657323122051 10.036805361509321 6.6195030361413947 38.422495692968369 30.652191460132599 60.339437156915665 12.439014531671999 8.5043288916349393 8.3008961379528028 8.2240511178970319
leaf_count=2451 38 43 34 48 35 45 29 173 149 267 59 40 36 36
internal_value=-5.34422e-06 -0.00126498 0.0258835 0.00517046 -0.000138874 -0.00133894 -0.0201457 0.00101586 -0.00164805 -0.0104264 0.0305596 0.0340878 0.00868833 0.0349291
internal_weight=761.484 726.153 35.3314 27.1311 716.19 691.93 76.9957 614.934 564.072 66.9589 50.8615 24.2606 15.7563 15.9627
internal_count=3483 3327 156 118 3284 3173 341 2832 2600 296 232 111 71 70
is_linear=0
shrinkage=0.08


Tree=41
num_leaves=16
num_cat=0
split_feature=26 21 26 10 28 44 28 41 9 26 9 21 24 54 15
split_gain=3.58506 5.30326 6.7194 6.26116 4.91509 4.75557 4.61832 9.52136 4.85125 4.10863 3.83806 3.81157 3.85962 3.59066 0.842311
threshold=8.9057470691923763e-05 0.0020899168522566006 5.6351275486756057e-05 9.5106004380526304e-05 -0.40474994011943594 0.48452287066414707 -0.43614562656811667 4511.1521583188105 0.0014503538956099002 6.8406781935310509e-05 0.0015169946707279502 0.0016797253893274502 0.0011693389515933501 0.096982237820501818 0.0018056682048374002
decision_type=2 2 2 2 2 2 2 2 2 2 2 2 2 2 2
left_child=1 2 4 -4 6 -6 8 -8 -1 -3 -11 14 -13 -7 -5
right_child=-2 9 3 11 5 13 7 -9 -10 10 -12 12 -14 -15 -16
leaf_value=0.0024212050981917018 0.044988054771431356 -0.084891976663165905 -0.033912135389841863 0.10458244612060767 0.030617262041842976 -0.077788158435838278 0.087036157140344725 0.007151143774809402 -0.013794106361811741 0.028001171329585108 -0.054918078362616855 0.059815356252425629 -0.019163370746519266 -0.01858830234148199 0.062750886700999736
leaf_weight=415.03241472691298 11.169033050537108 8.0254903286695498 6.8876415044069281 6.4310827329754847 6.3493711203336707 12.414677977561952 11.13067416846752 67.188565336167812 165.03675685077906 7.1617906838655454 7.1285588443279266 9.1057498306036013 7.0077354460954657 13.897315487265585 5.9132940471172333
leaf_count=1923 52 35 30 31 28 57 52 302 748 31 30 41 30 63 30
internal_value=-1.82495e-06 -0.00067297 0.000507146 0.0345289 -0.00123298 -0.0315248 0.000269735 0.0185043 -0.00219225 -0.0390865 -0.013362 0.0510936 0.0254676 -0.0465203 0.084544
internal_weight=759.88 748.711 726.395 35.3455 691.05 32.6614 658.388 78.3192 580.069 22.3158 14.2903 28.4579 16.1135 26.312 12.3444
internal_count=3483 3431 3335 162 3173 148 3025 354 2671 96 61 132 71 120 61
is_linear=0
shrinkage=0.08


Tree=42
num_leaves=15
num_cat=0
split_feature=42 42 45 41 44 53 8 9 54 53 54 26 24 45
split_gain=3.43031 4.06346 8.7245 8.48565 5.00461 3.86192 8.16123 8.81252 6.27891 13.5886 6.17273 5.76542 3.2177 2.82033
threshold=2811.4161232622141 2734.9721085274145 0.52576290200835385 4981.0355257660567 0.53507587946807333 0.21551895537803342 0.00098858737035235011 0.0015900390354544503 0.12873792629851544 -0.42450299384029927 0.05998427965637991 -8.9770886790404932e-05 0.0015436099929607 0.49356673313326277
decision_type=2 2 2 2 2 2 2 2 2 2 2 2 2 2
left_child=1 3 4 5 -3 8 7 -7 11 -10 -8 -1 13 -6
right_child=-2 2 -4 -5 12 6 10 -9 9 -11 -12 -13 -14 -15
leaf_value=-0.068762907786138375 -0.045545531005298776 -0.02096471940019979 -0.06360737569507767 -0.066793985802929612 0.069980289626925693 0.005529479929196968 0.01022698403215804 -0.088833742481374017 -0.0070104251875231227 0.052590575722588052 -0.072874336087807787 0.00011573472741181571 -0.0030581365061733718 0.026422223202208068
leaf_weight=7.9165721833705893 10.437424868345259 10.086004704236982 7.1343502998352042 12.384279288351534 21.789103485643864 86.711194962263107 7.8805470168590572 6.8330791890621176 51.668397501111031 46.52895849198103 20.871473036706448 442.84512665867805 8.6319140791892988 16.886537149548531
leaf_count=35 48 48 33 59 104 403 37 31 235 219 99 2017 38 77
internal_value=6.34959e-07 0.000636034 0.0198262 -0.0011753 0.0301975 3.53258e-05 -0.0128208 -0.00136342 0.0028994 0.0212304 -0.0500974 -0.00109396 0.0411053 0.050962
internal_weight=758.605 748.168 64.5279 683.64 57.3936 671.255 122.296 93.5443 548.959 98.1974 28.752 450.762 47.3076 38.6756
internal_count=3483 3435 300 3135 267 3076 570 434 2506 454 136 2052 219 181
is_linear=0
shrinkage=0.08


Tree=43
num_leaves=19
num_cat=0
split_feature=41 8 24 44 45 16 28 8 24 53 44 28 3 1 16 24 28 53
split_gain=3.10982 12.8152 10.3981 7.51666 7.16519 7.09844 4.61645 4.44517 4.34754 6.37947 5.34126 4.12427 5.44825 4.85905 3.72963 3.02106 2.93051 2.27274
threshold=4482.4559157199992 0.0033696601148760007 0.0012145055089412002 0.33984559180066315 0.53181436044290098 -0.0038617588105181494 -0.46758911789791674 0.00080942769294470014 0.00060998455988310011 -0.19786460079453252 0.41061858469176843 -0.40474994011943594 0.0075218746258873008 -58.902881286070617 0.0031395945079128501 0.0011416700841493503 -0.47423238439406318 -0.33737580873879985
decision_type=2 2 2 2 2 2 2 2 2 2 2 2 2 2 2 2 2 2
left_child=1 2 4 -2 5 -1 14 -7 9 -5 15 13 -13 -12 -3 16 -10 -4
right_child=3 6 17 8 -6 7 -8 -9 10 -11 11 12 -14 -15 -16 -17 -18 -19
leaf_value=-0.032563528326214813 0.065119300855140866 0.045119661674726287 0.058941560213311199 0.091046684415863499 -0.058025917259804487 0.077457713893872585 -0.069954227266169441 0.014375068546883188 0.0073645502873380484 -0.0054439569080275566 -0.021699377263474678 -0.065920862928184359 0.0033867720809851107 0.0014116867721090478 -0.036153977877895718 -0.087311800244711024 -0.059460310072724142 0.11451393829625905
leaf_weight=9.7656155899167043 10.537082321941851 6.0754917263984707 11.375593714416029 7.6703790873289135 7.7459262162446967 14.535719245672228 11.90018607676029 14.068161845207213 9.0779304206371343 10.239000648260115 65.592595666646957 14.861681669950487 14.189730912446974 518.17314177006483 8.9180058836936933 6.6197269409894934 7.8162052705883989 8.0378469750285131
leaf_count=47 50 29 56 44 36 68 54 63 43 49 310 69 63 2354 41 31 36 40
internal_value=3.88697e-07 0.0137503 0.0328345 -0.00191124 0.0121579 0.0263264 -0.0327499 0.046432 -0.00299082 0.0358819 -0.00408488 -0.00264917 -0.0320686 -0.0011851 -0.00322121 -0.0415023 -0.0235525 0.0819505
internal_weight=757.2 92.4225 65.5289 664.777 46.1154 38.3695 26.8937 28.6039 654.24 17.9094 636.331 612.817 29.0514 583.766 14.9935 23.5139 16.8941 19.4134
internal_count=3483 434 310 3049 214 178 124 131 2999 93 2906 2796 132 2664 70 110 79 96
is_linear=0
shrinkage=0.08


Tree=44
num_leaves=13
num_cat=0
split_feature=26 21 26 21 26 54 21 8 21 9 14 33
split_gain=3.12296 4.73535 4.04942 5.17357 5.12495 9.5936 7.28971 4.12137 5.95776 3.31757 3.05604 1.79642
threshold=8.9057470691923763e-05 0.0024329347080923004 5.9903439750390608e-05 0.0016483205743451003 3.9872743951514346e-05 0.03490378126608671 0.0008967541857356501 0.0014146607978621003 0.0016038330409421002 0.0014806143797713 0.0023063145814760503 0.0031001066255627002
decision_type=2 2 2 2 2 2 2 2 2 2 2 2
left_child=1 2 3 4 6 -6 -1 8 -4 -10 -5 -9
right_child=-2 -3 7 10 5 -7 -8 11 9 -11 -12 -13
leaf_value=0.00057183120406576794 0.042345165155049422 -0.059366948186606622 0.06104792826129285 -0.011448821585569703 -0.067931112737124266 0.03413686472750032 -0.029857837329020174 0.089229544382903703 -0.05749558164741897 0.017132371624540583 -0.06871206174459811 0.033057148346758901
leaf_weight=559.47044917196035 10.98668137192726 8.6791166365146619 7.9137152135372189 12.959837302565576 6.6464302837848654 52.03396075963974 55.370895847678185 6.7032765448093397 8.5760671198368055 6.8634407073259345 11.050706461071966 7.9830518066883087
leaf_count=2594 52 37 38 59 29 234 255 32 37 30 50 36
internal_value=4.47147e-06 -0.000620565 7.25923e-05 -0.00131356 -1.27029e-05 0.0225761 -0.00216858 0.0254904 0.00460823 -0.0243207 -0.0378039 0.0586959
internal_weight=755.238 744.251 735.572 697.532 673.522 58.6804 614.841 38.0396 23.3532 15.4395 24.0105 14.6863
internal_count=3483 3431 3394 3221 3112 263 2849 173 105 67 109 68
is_linear=0
shrinkage=0.08


Tree=45
num_leaves=23
num_cat=0
split_feature=26 21 21 52 9 52 55 42 45 54 1 52 1 2 28 24 52 24 14 29 26 10
split_gain=3.04975 9.30423 7.95131 4.36543 4.05178 4.95858 4.2402 4.05466 3.76642 8.4589 4.82704 4.79413 9.00454 8.92367 6.6455 6.03249 10.3687 7.53338 3.30768 5.34512 3.45534 2.06771
threshold=-4.4653106534337071e-05 -0.0012272482096401997 -0.0015748664317567999 -0.0058467511068301488 0.0013354939290850002 0.22921765360879229 0.34182657860693966 2540.1691925200762 0.53761531693299036 0.07001949161021076 1.0000000180025095e-35 0.11266884578616407 -42.753887855767964 0.61013699681938205 -0.45595440774345863 0.0010617793517679502 0.076706835829277051 0.0011106441037867503 -0.0014241773321656997 0.26467726972938221 -7.975641957687765e-05 -0.00086642976340829995
decision_type=2 2 2 2 2 2 2 2 2 2 2 2 2 2 2 2 2 2 2 2 2 2
left_child=1 3 -2 18 -5 7 -7 -6 11 -10 -11 15 14 -14 -13 16 -4 -17 19 20 -1 -3
right_child=2 21 8 4 5 6 -8 -9 9 10 -12 12 13 -15 -16 17 -18 -19 -20 -21 -22 -23
leaf_value=-0.061632792289124202 0.070945000508838188 -0.10556450749195015 0.013319328485917136 0.037033747389623617 -0.011636976711368598 -0.025887600555575152 0.048394145835126773 -0.073736900469684827 0.025947552225976628 -0.011462214769291643 -0.091803461917012635 -0.055929005886648321 0.040579857288844445 0.0036879157662391649 0.018196697706652467 -0.055075305869593971 -0.056431793721784258 -0.0066804770092668865 0.053744052929805691 0.049925281670430532 0.0048214482880456688 -0.045975992614724251
leaf_weight=7.9449726268649128 10.577478244900702 6.1376609727740279 171.09873833507299 7.4898649454116812 11.420878522098066 12.387774363160135 8.1563818454742414 16.379728958010674 12.445874050259588 8.2077934145927447 11.480770684778689 19.383217513561249 74.332545451819897 96.359574809670448 12.886725962162016 23.170015566051006 14.821106292307375 184.58761030435562 11.125607579946516 10.485568508505819 13.544147700071337 9.4883338958024961
leaf_count=36 55 36 795 34 52 56 35 75 59 39 59 89 338 447 57 104 65 844 49 45 60 54
internal_value=5.86007e-06 -0.0120144 0.00215968 -0.0029537 -0.0177181 -0.0262006 0.00360352 -0.0482254 0.00100255 -0.0256769 -0.0583107 0.00243948 0.0124269 0.0197535 -0.0263275 -0.00270955 0.00775893 -0.0120777 0.016173 0.00310016 -0.0197481 -0.0693815
internal_weight=753.912 114.561 639.351 98.9349 55.8346 48.3448 20.5442 27.8006 628.774 32.1344 19.6886 596.64 202.962 170.692 32.2699 393.677 185.92 207.758 43.1003 31.9747 21.4891 15.626
internal_count=3483 532 2951 442 252 218 91 127 2896 157 98 2739 931 785 146 1808 860 948 190 141 96 90
is_linear=0
shrinkage=0.08


Tree=46
num_leaves=25
num_cat=0
split_feature=42 1 53 53 28 24 8 3 3 1 27 1 3 20 53 44 53 53 10 22 41 41 53 53
split_gain=2.99586 3.94756 8.20671 13.4173 10.1904 9.94651 11.1982 8.43215 8.19891 7.36731 7.11206 5.47453 7.23336 7.75917 8.14355 6.92202 6.64999 5.941 5.5149 6.55361 3.63173 3.44835 3.15375 1.51534
threshold=2811.4161232622141 9.7013798368789157 -0.6892427809290681 -0.049399770573053295 -0.42373738980380787 0.00096351053806455016 0.00060550826127935009 0.0059428485086173008 0.009517614587503602 43.946811319885462 0.0027310004480009006 1.0000000180025095e-35 0.0036546440508097005 1.0000000180025095e-35 -0.90034176163102553 0.4146713326562797 -0.57417179601430612 -0.70313047415499519 -0.00066758199902869993 6.041551892410867e-05 4727.4042325026903 4601.0687231287129 -0.77123825363707288 -0.19786460079453252
decision_type=2 2 2 2 2 2 2 2 2 2 2 2 2 2 2 2 2 2 2 2 2 2 2 2
left_child=1 11 7 4 8 6 -5 -3 -4 -7 22 12 16 14 -14 -15 -1 -13 23 -20 -6 -18 -9 -19
right_child=-2 2 3 5 20 9 -8 10 -10 -11 -12 17 13 15 -16 -17 21 18 19 -21 -22 -23 -24 -25
leaf_value=-0.029086693916336864 -0.042795236596651992 0.042801308336439269 0.045690973153703428 0.045722580524029909 0.020170618721030049 0.027606547403500565 -0.06868483383444153 -0.11594261724011512 0.0039383628983775615 -0.02504881547215462 0.0078540404444091133 0.034518275026662007 0.08129052947856201 0.099861507589885698 -0.016418821654530468 0.0069791593182965475 0.014445435350999831 0.035548711253821072 -0.083499506793591499 -0.015095942298645805 -0.052479920674975401 0.080210926573783731 -0.045254024008952606 -0.019171221889060085
leaf_weight=7.4152228906750706 10.324670545756815 7.6079772636294392 103.80979112535715 6.8512267991900435 6.6692864298820522 43.090051732957363 27.267085336148739 8.9511005580425316 42.391884990036488 28.093561477959156 8.0493818670511228 8.5255489349365217 5.609708607196807 5.3373160511255255 203.34124872088432 135.51467742025852 7.6875788569450405 6.2057082951068878 20.597906284034252 15.870900273323057 12.963113933801649 15.175256177783011 7.3611794710159293 6.7749172523617727
leaf_count=34 48 36 487 32 31 202 130 40 203 129 37 38 25 27 936 617 36 29 96 71 60 73 35 31
internal_value=1.26329e-06 0.000597435 0.00761628 0.0121364 0.0263175 -0.0101966 -0.0457109 -0.0307193 0.0335846 0.00682541 -0.0536793 -0.00425914 -0.000766282 -0.00401322 -0.0137956 0.0104988 0.0367457 -0.0271581 -0.0377917 -0.0537309 -0.0277999 0.0580974 -0.0840432 0.00698899
internal_weight=751.486 741.162 303.106 271.136 165.834 105.302 34.1183 31.9696 146.202 71.1836 24.3617 438.056 380.081 349.803 208.951 140.852 30.2781 57.975 49.4494 36.4688 19.6324 22.8628 16.3123 12.9806
internal_count=3483 3435 1422 1274 781 493 162 148 690 331 112 2013 1748 1605 961 644 143 265 227 167 91 109 75 60
is_linear=0
shrinkage=0.08


Tree=47
num_leaves=26
num_cat=0
split_feature=26 21 42 42 3 52 46 44 21 26 54 54 26 28 54 45 41 42 45 21 42 12 27 52 27
split_gain=2.94568 8.97015 8.41783 7.0919 6.4788 6.07915 5.91988 6.53036 5.65756 5.33961 5.20031 6.35049 5.57848 4.96282 4.53543 5.79215 5.37858 4.98357 4.40851 3.74011 3.17628 4.19798 3.67913 2.23151 1.42683
threshold=1.0218080723549968e-05 0.00027983580977010007 2674.32636889182 2734.9721085274145 0.014091396712534102 -0.42472313180093535 0.51945800828039024 0.81244560511485553 0.00033328249180535004 -2.7669561738712558e-05 0.084507205934575017 0.18651582015714302 5.511858993896222e-05 -0.50414685420606198 0.07163755300171902 0.47294220495025568 4928.7637968820027 2692.0831253906113 0.49356673313326277 -0.00057964464262414989 2526.2736142611507 0.0015247466652277503 0.0027084224323887002 0.094769284067852608 0.0026732972925192001
decision_type=2 2 2 2 2 2 2 2 2 2 2 2 2 2 2 2 2 2 2 2 2 2 2 2 2
left_child=2 20 4 14 5 -1 7 10 9 -7 12 -12 -3 -10 17 -16 -17 -4 -5 -20 22 24 -2 -9 -22
right_child=1 6 3 18 -6 8 -8 23 13 -11 11 -13 -14 -15 15 16 -18 -19 19 -21 21 -23 -24 -25 -26
leaf_value=0.058186985350117147 -0.021354109854240699 -0.022375638135352358 -0.024518623162003209 0.041256758137747193 0.075540124435485509 -0.010330527884668799 0.060366277829193522 -0.085358144995908186 0.019194748843140621 0.010294928476187713 0.015625033329374913 -0.060431846671976229 0.021022243458999657 -0.061725617436075679 0.036265816393520833 -0.09035862933833104 -0.016801301317548104 -0.1109698003735832 0.022557840553700876 -0.060263514756443211 0.052318105955781409 0.010515013612458825 0.057946631812346175 -0.021052260347430567 0.10387673052018787
leaf_weight=10.922174163162707 8.2447735071182233 79.038266964256763 6.957551725208762 12.148305505514147 7.3029703125357619 154.62527334690094 10.320467576384543 7.2819871753454191 6.6790032163262394 167.18860377371311 133.44205464422703 7.4165305346250525 24.937520235776901 17.718403324484825 7.1221539899706832 10.282692126929762 16.685653977096081 11.037785597145556 6.1577647626399985 8.0536791980266553 5.2771058827638653 6.8838209062814704 6.8594817370176306 6.5692384541034698 9.8418002352118474
leaf_count=49 39 355 33 58 33 723 47 35 30 762 615 33 114 83 35 53 80 56 29 40 31 35 33 30 52
internal_value=2.13736e-06 0.00603671 -0.00416887 -0.0279413 0.000948182 -0.000577138 0.000950487 -0.00141995 -0.00243101 0.0003848 0.00160334 0.0116205 -0.0119671 -0.039573 -0.0450531 -0.0279016 -0.0448478 -0.0775451 0.00587117 -0.0243773 0.0429092 0.0623016 0.0146597 -0.0548597 0.0858807
internal_weight=748.995 306.113 442.882 78.4456 364.436 357.133 269.006 258.686 346.211 321.814 244.834 140.859 103.976 24.3974 52.0858 34.0905 26.9683 17.9953 26.3597 14.2114 37.107 22.0027 15.1043 13.8512 15.1189
internal_count=3483 1419 2064 384 1680 1647 1229 1182 1598 1485 1117 648 469 113 257 168 133 89 127 69 190 118 72 65 83
is_linear=0
shrinkage=0.08


Tree=48
num_leaves=16
num_cat=0
split_feature=10 2 26 21 29 21 26 21 0 24 26 8 8 55 48
split_gain=2.84621 3.23213 3.58683 7.57917 5.78404 5.17986 5.37666 7.64347 5.20438 4.71065 4.50481 3.58014 4.89394 2.9131 2.30301
threshold=-0.0022663959068515995 -0.070117316647858086 -5.8972152635668208e-05 -0.0021277285876340492 0.16168748689737014 -0.0013665503358661999 -3.044327983343344e-05 -0.00047545367826024992 54.116719926028004 0.0014123845648602502 -8.9770886790404932e-05 0.00033611713189620005 0.0021563781326023007 0.31200757682644192 0.041666666666597151
decision_type=2 2 2 2 2 2 2 2 2 2 2 2 2 2 2
left_child=-1 -2 3 10 9 11 8 -8 -7 -5 -3 13 -13 -4 -6
right_child=1 2 5 4 14 6 7 -9 -10 -11 -12 12 -14 -15 -16
leaf_value=-0.044166577958512275 0.044653561962800577 -0.030129909347302357 -0.024705385219287605 -0.054831473826302636 -0.039925015862579898 -0.041478811820760284 0.024269404654859789 -0.0017177846050326071 0.0030220415581907896 0.039456573658385528 0.045571904043559125 0.096991071154659048 0.016805162155036576 0.032365108576414149 -0.099387348317317326
leaf_weight=9.2225005477666837 10.484816364943979 8.164559409022333 10.258777976036074 6.5906530320644396 6.8824582323431995 37.62550650537014 85.381163500249386 477.74234011024237 30.416261330246925 6.9854562729597092 13.107571765780447 8.9939277693629283 10.627122014760969 12.949935421347616 10.571907147765158
leaf_count=42 49 37 45 33 33 193 398 2214 149 31 56 43 48 61 51
internal_value=3.99766e-07 0.000553249 -8.33816e-05 -0.0202649 -0.0454795 0.00148273 -0.000344205 0.00222241 -0.0215859 -0.00631647 0.0165164 0.0284055 0.0535609 0.00713866 -0.0759407
internal_weight=746.005 736.782 726.298 52.3026 31.0305 673.995 631.165 563.124 68.0418 13.5761 21.2721 42.8298 19.621 23.2087 17.4544
internal_count=3483 3441 3392 241 148 3151 2954 2612 342 64 93 197 91 106 84
is_linear=0
shrinkage=0.08


Tree=49
num_leaves=20
num_cat=0
split_feature=44 42 41 14 46 16 53 26 14 21 8 26 14 8 3 21 14 3 16
split_gain=2.75389 5.10841 3.49403 7.92094 10.3512 5.19231 5.926 4.65303 8.48505 7.29917 6.86059 8.38504 7.07813 6.15108 5.21407 5.74463 5.0828 3.55432 3.54738
threshold=0.33984559180066315 2452.7312854526758 4482.4559157199992 0.0022605288000588004 0.50812559730558104 -0.0048879100960651988 -0.7483348819811072 1.0218080723549968e-05 0.00039240219683740009 0.00053877031924260007 0.0030653993475873503 2.4081635499645975e-05 -0.0004243822033426499 0.0065746027394161513 0.014091396712534102 0.0004750446368185001 -0.0011361251945602999 0.0041024096516022015 -0.0012341905856385997
decision_type=2 2 2 2 2 2 2 2 2 2 2 2 2 2 2 2 2 2 2
left_child=1 -1 3 4 5 -2 -7 8 14 16 12 -12 -11 17 15 -4 -9 -10 -18
right_child=2 -3 7 -5 -6 6 -8 9 13 10 11 -13 -14 -15 -16 -17 18 -19 -20
leaf_value=-0.0087084240512643671 -0.027374130817288178 0.07183534734454701 -0.0027768970523896343 -0.056078823431715837 -0.066312046464840249 -0.0079626343031331329 0.056172752326490633 -0.026911627926930914 0.0047951941202792137 0.067688664548381558 -0.050524757419874236 0.037467242540164446 -0.013582257478232893 0.031857395025647557 0.065982791139814673 -0.072311214942019614 0.012977699465908408 -0.051958569112561359 0.057877550279018787
leaf_weight=10.733740888535978 7.6796434745192519 9.5001205205917341 298.62550033628941 8.9157679378986341 7.2961249127984038 11.652609571814535 44.172956988215446 8.2874029725790006 8.2482391297817212 7.1869596391916266 8.2275645732879621 43.983747057616711 150.06388612091541 7.8146319836378089 6.8583322614431372 7.8027076721191397 18.083001375198364 49.119011893868446 29.853120073676109
leaf_count=50 39 47 1384 42 36 56 214 40 38 32 38 204 677 40 31 38 84 236 157
internal_value=-1.50936e-06 0.0291082 -0.000815191 0.0149842 0.023933 0.0343012 0.0427856 -0.00277045 -0.00846726 0.00534465 -0.00152522 0.0236013 -0.00986787 -0.0347282 -0.00300346 -0.00454748 0.0309385 -0.0437985 0.0409399
internal_weight=744.105 20.2339 723.871 79.7171 70.8013 63.5052 55.8256 644.154 378.468 265.686 209.462 52.2113 157.251 65.1819 313.287 306.428 56.2235 57.3673 47.9361
internal_count=3483 97 3386 387 345 309 270 2999 1767 1232 951 242 709 314 1453 1422 281 274 241
is_linear=0
shrinkage=0.08


Tree=50
num_leaves=22
num_cat=0
split_feature=42 1 53 53 28 24 8 3 1 27 9 14 26 26 26 54 3 52 24 16 41
split_gain=2.82493 3.11627 7.17752 11.021 8.7554 8.13304 9.28306 7.42426 6.28894 6.23099 6.79845 5.65118 8.38381 8.21297 5.56356 4.31602 7.17233 5.65884 3.93813 3.0525 2.94702
threshold=2811.4161232622141 9.7013798368789157 -0.68469262103448958 -0.049399770573053295 -0.42373738980380787 0.00096351053806455016 0.00060550826127935009 0.0044582377453441504 43.946811319885462 0.0027296341579618505 0.0013953231525946502 -0.00054043884899539988 -3.044327983343344e-05 2.6923750813049319e-05 8.1436254337349437e-05 0.10661712102420746 0.005464161569723151 0.10426148717109025 0.00097418576805170006 0.0022377609940972504 4727.4042325026903
decision_type=2 2 2 2 2 2 2 2 2 2 2 2 2 2 2 2 2 2 2 2 2
left_child=1 11 9 4 7 6 -5 -4 -7 10 -3 13 -13 15 18 17 -17 -1 -14 -12 -6
right_child=-2 2 3 5 20 8 -8 -9 -10 -11 19 12 14 -15 -16 16 -18 -19 -20 -21 -22
leaf_value=-0.01629321361107899 -0.041799713891115753 0.0043106698227028508 0.08791422596863456 0.041829594220884392 0.017302862676013022 0.025632049690110612 -0.062988404541529944 0.025253791951711142 -0.02331444041915634 0.022161098286985294 -0.046486760224335767 -0.099935801179239225 0.001954360598251667 0.090376465150850058 0.057195872614678511 -0.013802893861968564 0.039518547652183794 0.022668800642110427 -0.020110191888691516 -0.12214797789522847 -0.048754090312103086
leaf_weight=89.761937282979488 10.204905591905115 8.3316964283585566 13.353096365928648 6.7889930903911582 6.5447383224964168 42.543923035264015 26.574704997241497 129.13222838193178 27.763915024697781 10.501535378396509 6.3285684883594495 6.7578169777989379 82.713911712169647 7.1538690179586402 7.7287168800830832 26.118075340986252 42.281042188405991 32.493908390402794 138.38409675657749 7.4065515995025635 12.729497775435446
leaf_count=430 48 40 67 32 31 202 130 618 129 49 29 34 382 33 36 120 195 150 633 35 60
internal_value=7.09827e-07 0.000583939 0.0068814 0.0112304 0.0242807 -0.00913201 -0.0416596 0.0311261 0.00630353 -0.028563 -0.0527024 -0.00374617 -0.012117 0.00622323 -0.00952348 0.00306558 0.0191579 -0.00593765 -0.0118557 -0.0872865 -0.0263239
internal_weight=741.598 731.393 297.999 265.431 161.76 103.672 33.3637 142.485 70.3078 32.5684 22.0668 433.393 235.585 197.809 228.827 190.655 68.3991 122.256 221.098 13.7351 19.2742
internal_count=3483 3435 1422 1269 776 493 162 685 331 153 104 2013 1085 928 1051 895 315 580 1015 64 91
is_linear=0
shrinkage=0.08


Tree=51
num_leaves=21
num_cat=0
split_feature=45 36 21 29 3 42 21 15 47 10 2 48 15 14 27 16 3 3 41 54
split_gain=2.71337 4.92407 6.15142 5.42555 10.2071 4.76317 4.03386 7.99189 4.34467 3.30271 4.07596 3.46108 5.24423 6.42873 4.64669 6.7993 5.09396 3.06695 3.54279 2.72155
threshold=0.47231756686024362 1.0000000180025095e-35 -0.0018159463381764997 0.4536009869218533 0.0051791365448922008 2439.7296215244319 0.00099833007152385017 0.0011386999975253503 0.049999999999999954 -0.0022663959068515995 -0.070117316647858086 0.041666666666597151 -0.0023532542503725495 0.00083235408120485013 0.0027666434435625505 0.0022377609940972504 0.0098262799230598528 0.0045566469553295508 4849.9486507929914 0.074907346756678914
decision_type=2 2 2 2 2 2 2 2 2 2 2 2 2 2 2 2 2 2 2 2
left_child=1 3 -3 4 -1 -4 8 -8 -6 -2 -11 12 19 -14 16 -16 -13 -7 -19 -12
right_child=9 2 5 -5 6 17 7 -9 -10 10 11 14 13 -15 15 -17 -18 18 -20 -21
leaf_value=-0.072663130030897694 -0.054152510820252443 -0.055923844798257766 -0.021717762801017563 0.059613444542796615 0.023712402105411458 -0.00028776940533479449 -0.10142044083561276 0.0092178387578255704 -0.038713586401897981 0.052891996949364674 -0.077236431615174558 -0.0063432434789163893 0.019016431846438503 -0.0096589767837304847 -0.0098144579858150012 0.059054881296479941 -0.034135575216630056 0.082830187950236417 0.01736378921469002 -0.01481283145925754
leaf_weight=12.563313871622084 7.7838262468576422 4.5261857360601416 6.19492533057928 8.9388496875762922 51.795875616371632 5.4048705473542205 6.233467489480975 12.674744769930838 8.2751560956239683 8.6251646578311902 6.1644833460450199 251.0718809068203 138.60913952440023 78.302876941859722 22.130051374435425 15.672060318291186 50.736235909163952 20.174192562699321 7.1708624213933936 16.260577075183392
leaf_count=59 36 21 31 45 249 28 30 59 39 40 31 1163 646 358 101 72 258 104 37 76
internal_value=-2.52254e-07 0.00985597 0.0323509 0.000124026 -0.00568493 0.0426103 0.00496936 -0.0272563 0.0151128 -0.00238341 -0.0016976 -0.00251088 0.00485732 0.00866492 -0.00770355 0.0187375 -0.0110153 0.0547784 0.0656625 -0.0319726
internal_weight=739.309 143.952 43.471 100.481 91.5426 38.9449 78.9792 18.9082 60.071 595.356 587.572 578.947 239.337 216.912 339.61 37.8021 301.808 32.7499 27.3451 22.4251
internal_count=3483 702 221 481 436 200 377 89 288 2781 2745 2705 1111 1004 1594 173 1421 169 141 107
is_linear=0
shrinkage=0.08


Tree=52
num_leaves=12
num_cat=0
split_feature=53 27 53 14 26 6 6 26 30 24 42
split_gain=2.76202 4.41845 2.80864 3.16268 6.7848 3.99782 4.87584 4.65621 4.4444 4.14677 3.6112
threshold=0.87049386431484821 0.0027179654366038504 0.72046336893289664 -0.0029991727860064492 -8.1601053032382231e-05 -0.0019821308464006994 -0.0013224404981361999 -2.3098874878545109e-05 -2.1210144945547982 0.00092672875326930005 2487.8856833170144
decision_type=2 2 2 2 2 2 2 2 2 2 2
left_child=2 -2 3 4 -1 8 9 -8 -5 -7 -6
right_child=1 -3 -4 5 10 6 7 -9 -10 -11 -12
leaf_value=-0.030989583944943281 0.0070113944855255544 -0.084145105712895407 0.040270767394817615 -0.068698049292929539 0.015807605605912982 -0.014976015997141668 -0.015727519792816086 0.0014478135818364096 0.013028006019798756 0.034856741741109996 0.081132942440923853
leaf_weight=9.627519831061365 7.2758482396602613 6.393506683409214 11.285723172128199 11.376220755279066 10.436799198389055 14.274882338941095 128.08269715309143 478.0820871964097 6.8067363873124114 42.521428294479847 11.257740288972853
leaf_count=43 35 30 52 55 54 69 622 2241 32 200 50
internal_value=1.08491e-06 -0.0356248 0.000673944 4.67163e-05 0.0249026 -0.00109627 -8.12594e-05 -0.00218134 -0.0381041 0.022332 0.0497063
internal_weight=737.421 13.6694 723.752 712.466 31.3221 681.144 662.961 606.165 18.183 56.7963 21.6945
internal_count=3483 65 3418 3366 147 3219 3132 2863 87 269 104
is_linear=0
shrinkage=0.08


Tree=53
num_leaves=31
num_cat=0
split_feature=26 21 12 44 53 41 2 52 21 14 42 26 31 42 42 9 52 3 29 35 22 14 9 10 9 45 20 9 26 48
split_gain=2.58323 7.92843 5.4684 5.45898 11.0171 8.38955 6.59094 5.51749 5.18356 8.92199 4.90926 4.72485 6.1103 5.9253 6.32551 5.85459 5.72251 5.37592 4.8388 6.94894 4.72385 4.35159 4.20337 3.64235 4.72511 4.41681 2.96429 2.55253 2.17507 2.08094
threshold=4.1688763314569427e-05 0.0013019608520118502 0.0013791961189241503 0.69725704363370189 -0.25832135127854305 4682.7508778899328 0.6563798852850099 0.059427356871412811 0.0008967541857356501 0.0020420706440466003 2686.075805730216 1.0218080723549968e-05 0.026310604426417854 2674.32636889182 2734.9721085274145 0.0014294919519101501 -0.43427664416843298 0.014091396712534102 0.038019450045581556 1.0000000180025095e-35 -0.00017361544140534997 0.00040747309407510008 0.0013995478657422504 0.00036843977177465008 0.0013866217977727502 0.48261075333753339 1.0000000180025095e-35 0.0013616613866510503 4.7152194839538118e-05 0.058333333333236058
decision_type=2 2 2 2 2 2 2 2 2 2 2 2 2 2 2 2 2 2 2 2 2 2 2 2 2 2 2 2 2 2
left_child=8 2 20 5 -5 6 -3 10 11 23 -7 13 -13 16 15 -15 -1 -18 -14 -20 -2 -16 -11 24 -10 -25 -8 -27 -4 -24
right_child=1 3 28 4 -6 7 26 -9 9 22 -12 12 18 14 21 -17 17 -19 19 -21 -22 -23 29 25 -26 27 -28 -29 -30 -31
leaf_value=0.064913130304009747 0.066426767183713084 0.022984011821704679 0.045227129631605419 -0.092619814035576384 0.01835119316969885 -0.036208177080545155 -0.10213929060151954 0.059003281005025221 0.025483515936134928 0.06741031972499599 0.036367326450578899 -0.07719010181978038 -0.031241843373648534 -0.016777950988516002 0.037436508127015398 -0.072316404965640832 -0.00218623275347569 0.067632490143410287 0.035861914948061895 -0.013631211491488601 -0.017795102532842364 -0.029524305288230388 0.023595547833208528 -0.013118770914391883 -0.056625446971521505 -0.12614148797946961 -0.027484854838751464 -0.0630553792072195 0.10705865612167688 -0.038896828230255177
leaf_weight=8.7093522325158101 6.9283857122063628 9.0199680179357546 6.4322548061609259 11.100900694727899 11.82478880882263 10.982536002993585 6.877132520079611 21.480638146400452 8.8524378538131732 7.5002973675727871 13.056721970438955 4.446277104318141 11.270816460251806 28.474981673061848 14.447097145020964 21.185311682522297 340.81940287351608 7.2073818296194068 76.093400381505489 23.844785682857037 11.07531311362982 10.895955443382261 6.9329372793436033 7.9493576288223293 9.092789910733698 6.2267153710126903 6.7402414679527283 12.04480819404125 8.3909798786044103 6.7116385400295258
leaf_count=40 33 41 30 50 56 49 29 101 41 35 61 21 53 144 69 108 1597 33 371 112 52 55 32 38 45 29 31 58 39 30
internal_value=8.3098e-07 0.0105356 0.0442437 -0.00161304 -0.0353823 0.00974575 -0.030055 0.0295389 -0.00212965 -0.0234324 0.0032106 0.000412028 0.0147723 -0.00343483 -0.0238742 -0.0404709 0.000862525 -0.000740338 0.0184491 0.0240531 0.0146161 0.00864747 0.0193012 -0.0438915 -0.0161208 -0.0628973 -0.0651873 -0.0845544 0.0802281 -0.00714386
internal_weight=736.616 123.91 32.8269 91.0829 22.9257 68.1572 22.6373 45.5199 612.706 65.311 24.0393 547.395 115.655 431.739 75.0033 49.6603 356.736 348.027 111.209 99.9382 18.0037 25.3431 21.1449 44.1661 17.9452 26.2209 13.6174 18.2715 14.8232 13.6446
internal_count=3483 572 154 418 106 312 101 211 2911 308 110 2603 557 2046 376 252 1670 1630 536 483 85 124 97 211 86 125 60 87 69 62
is_linear=0
shrinkage=0.08


Tree=54
num_leaves=11
num_cat=0
split_feature=42 42 45 41 44 0 22 1 27 24
split_gain=2.45594 2.88961 6.90223 5.9773 4.40933 3.5267 4.44343 5.10129 2.85953 7.4601
threshold=2811.4161232622141 2734.9721085274145 0.52576290200835385 4981.0355257660567 0.53507587946807333 83.38578584142742 0.00048391442211065009 71.279765470309954 0.0027513034629045004 0.0014459464747875502
decision_type=2 2 2 2 2 2 2 2 2 2
left_child=1 3 4 5 -3 6 7 -1 9 -6
right_child=-2 2 -4 -5 8 -7 -8 -9 -10 -11
leaf_value=0.00090539288640472955 -0.039245318362553551 -0.022639421492120199 -0.058526117051339109 -0.057576476976015478 0.045415469814106491 -0.058558646003314896 0.051376711963304088 -0.04455001209672399 0.083931163449076113 -0.043738687833747382
leaf_weight=615.94335708022118 10.065122172236441 9.6795233711600286 6.8842443451285353 11.741277508437632 31.294866815209389 6.5122944116592398 10.848231092095373 16.217192761600018 6.9799713641405097 7.4335919469594947
leaf_count=2909 48 48 33 59 153 33 51 83 33 33
internal_value=1.16306e-07 0.000546061 0.0170209 -0.0010054 0.0264107 1.72279e-05 0.000610475 -0.000260702 0.0367979 0.0283031
internal_weight=733.6 723.535 62.2722 661.262 55.388 649.521 643.009 632.161 45.7084 38.7285
internal_count=3483 3435 300 3135 267 3076 3043 2992 219 186
is_linear=0
shrinkage=0.08


Tree=55
num_leaves=14
num_cat=0
split_feature=44 55 44 3 28 3 1 14 28 45 47 33 3
split_gain=2.45372 6.81119 4.7877 4.16099 3.77992 4.77487 3.41795 5.8643 5.64588 4.69276 7.79738 5.81181 2.67487
threshold=0.37323993275420947 0.19437298232255878 0.41061858469176843 0.0070428178103726013 -0.39409957114974403 0.006320722157826501 -58.902881286070617 -0.0030729900043653994 -0.44455463362604369 0.49474668751051248 1.0000000180025095e-35 -0.0043616141468007996 0.0067310581937267506
decision_type=2 2 2 2 2 2 2 2 2 2 2 2 2
left_child=1 -1 12 -3 6 -6 7 -4 -9 11 -11 -8 -2
right_child=2 3 4 -5 5 -7 9 8 -10 10 -12 -13 -14
leaf_value=0.081368536976475475 -0.011565724901784617 -0.041042876128928006 0.053866117134698521 0.032830906448705233 -0.090717645213692827 -0.0059598325876121074 -0.073333413860566549 -0.037118218730090136 0.014322896849109597 -0.041566482971752826 0.00063547860454086667 0.012098735002917353 -0.069922354353500499
leaf_weight=8.8320590704679507 10.554585047066213 9.5496653839945811 7.1464360579848281 9.9786805361509305 6.4857859686017063 12.361279062926767 5.189895197749137 47.663376085460186 19.137681938707829 31.227000907063484 272.80459573864937 282.36308742314577 9.5984806567430478
leaf_count=43 51 46 36 50 33 58 24 237 90 146 1277 1345 47
internal_value=-8.80782e-08 0.0230714 -0.000928814 -0.00329452 0.00020287 -0.0351273 0.00120338 -0.0150123 -0.022381 0.00323032 -0.00369907 0.0105568 -0.0393598
internal_weight=732.893 28.3604 704.532 19.5283 684.379 18.8471 665.532 73.9475 66.8011 591.585 304.032 287.553 20.1531
internal_count=3483 139 3344 96 3246 91 3155 363 327 2792 1423 1369 98
is_linear=0
shrinkage=0.08


Tree=56
num_leaves=12
num_cat=0
split_feature=46 45 16 53 31 12 48 12 44 36 28
split_gain=2.53127 3.92565 7.77041 3.48166 3.8835 3.67234 7.44666 4.66205 2.94379 2.90428 1.7089
threshold=0.54762040358821518 0.53761531693299036 0.00013502509518850003 0.87049386431484821 0.024315614314081004 0.00093711801318875014 0.024999999999958254 0.0010462613984685502 0.63544727603946594 1.0000000180025095e-35 -0.47223630177740278
decision_type=2 2 2 2 2 2 2 2 2 2 2
left_child=1 3 8 4 -1 6 -6 -7 -3 -4 -11
right_child=-2 2 9 -5 5 7 -8 -9 -10 10 -12
leaf_value=0.062262614894637677 0.048276187052394032 0.045576120591471307 -0.020651584570665651 -0.042009034002298593 0.050696249330503942 -0.023742481099357726 0.0022611296089785453 0.00080324317635453626 -0.026316567693980858 -0.1132655035168337 -0.052282990323348606
leaf_weight=6.6872786954045287 6.8853990137577048 8.8412266820669156 7.1117837131023416 11.923170827329157 27.240323290228844 54.845753781497478 79.910647496581078 510.26991707086563 6.2023465558886519 6.4187615662813178 5.4278792217373857
leaf_count=30 35 44 37 56 128 262 379 2418 31 33 30
internal_value=-9.57673e-07 -0.000459527 -0.0269971 0.000846538 0.00159913 0.000995687 0.0145745 -0.00157897 0.0159353 -0.0610641 -0.0853246
internal_weight=731.764 724.879 34.002 690.877 678.954 672.267 107.151 565.116 15.0436 18.9584 11.8466
internal_count=3483 3448 175 3273 3217 3187 507 2680 75 100 63
is_linear=0
shrinkage=0.08


Tree=57
num_leaves=14
num_cat=0
split_feature=26 54 14 45 15 53 42 14 41 46 53 44 52
split_gain=2.35752 6.21237 4.62156 5.11617 2.83549 4.1822 5.75707 3.99298 4.0198 9.95236 5.59548 4.82444 4.18575
threshold=6.9217025154828658e-05 0.044865248297955657 0.00239865179573205 0.50495854495227488 0.0036952563868491504 -0.55183579920875736 2706.1317735480084 0.0029879562101393004 4478.0063375754298 0.50812559730558104 0.16582761199270668 0.33984559180066315 -0.40068162834702087
decision_type=2 2 2 2 2 2 2 2 2 2 2 2 2
left_child=4 -2 -3 -4 7 -6 -7 8 9 10 -1 -10 -13
right_child=1 2 3 -5 5 6 -8 -9 11 -11 -12 12 -14
leaf_value=0.035437055353285327 0.085471571017893544 0.043608887712666952 -0.065761453795198613 0.026744707402860692 -0.078568188826674143 -0.046195791911419024 0.035611048500282114 0.045770839921140116 0.056254183976404699 -0.072276144328769179 -0.030303408006270741 0.026688699116794383 -0.0054459034686794184
leaf_weight=58.457106679677963 7.3935384750366202 10.407223597168924 8.7420368790626508 6.8047434091567984 7.1472729742527035 11.847998142242433 10.284696899354456 12.016694366931914 8.6571751758456212 7.2824767008423796 9.6546540111303312 27.238547928631306 545.10473626852036
leaf_count=289 38 48 39 31 33 55 47 57 44 37 48 134 2583
internal_value=-2.35401e-06 0.0207777 0.00234836 -0.025272 -0.00099558 -0.025363 -0.00818151 7.18414e-05 -0.000764775 0.0166144 0.0261185 -0.00302 -0.00391658
internal_weight=731.039 33.3475 25.954 15.5468 697.691 29.28 22.1327 668.411 656.395 75.3942 68.1118 581 572.343
internal_count=3483 156 118 70 3327 135 102 3192 3135 374 337 2761 2717
is_linear=0
shrinkage=0.08


Tree=58
num_leaves=26
num_cat=0
split_feature=30 44 26 33 15 33 2 20 28 44 55 42 53 16 21 29 31 29 1 12 54 8 28 14 14
split_gain=2.32771 7.18708 5.02411 5.09986 4.78907 4.62601 3.49435 4.89748 3.52493 4.87427 8.58992 6.83998 11.2079 6.70986 6.66672 4.30169 7.63148 5.66011 6.16537 5.62785 4.09233 3.9992 2.91717 2.8772 2.24211
threshold=-1.9489900318524749 0.6844531148871863 -2.7669561738712558e-05 -0.0043616141468007996 -0.0027426806256429497 -0.0045262796947632992 0.1042860707750282 1.0000000180025095e-35 -0.48941727358333553 0.65837861486752192 0.16705100812385285 2651.1183919836844 0.037865470448792161 -3.1864322632717483e-05 -0.0013665503358661999 0.2514444034367293 0.086171059153408613 0.2604575917015044 30.14431344615878 0.0013332558513689502 0.062282982248690409 -0.0036422959671459495 -0.47789925726524973 -0.0022626747098606495 -0.0029991727860064492
decision_type=2 2 2 2 2 2 2 2 2 2 2 2 2 2 2 2 2 2 2 2 2 2 2 2 2
left_child=1 2 3 -1 5 -3 7 -2 9 11 13 14 -13 -11 -8 16 19 -17 -19 -10 -12 -18 -4 24 -5
right_child=6 4 22 23 -6 -7 8 -9 15 10 20 12 -14 -15 -16 17 21 18 -20 -21 -22 -23 -24 -25 -26
leaf_value=-0.037301147968770459 -0.072898119789970406 -0.041354310741545136 0.031855042942967614 0.042083328665031935 -0.067283421880279748 0.048300803522654701 0.085843122556159224 0.0092666026587246726 0.10536059149930946 0.030721114571873386 0.08031184202817622 -0.0066485697499534674 -0.10427773139609516 -0.051342092512339205 0.0046333773458262627 -0.082184585825223588 -0.026558214963420926 -0.017722561798725826 0.038403586324117875 0.012779223752923001 0.028698995690749796 0.0019094068547414376 0.1023628432508541 0.066375526527114814 -0.02033596392224498
leaf_weight=9.0547649338841385 10.218269370496273 6.9647085517644882 7.0197966620326033 7.2883721590042079 9.271527446806429 7.8176742643117922 6.9741093516349784 8.509028285741806 7.4106193706393269 11.302823208272459 12.508633039891718 35.797899670898914 9.5289258211851102 14.631139650940893 89.429321281611919 7.7959168553352347 37.178435705602169 126.06515850871801 13.907774366438387 9.7059421092271787 45.944433368742466 209.84151916950941 8.0760785266756994 9.8595095798373276 7.4452155530452746
leaf_count=45 49 35 36 35 44 36 34 40 36 52 59 180 47 70 433 36 178 593 69 45 222 990 40 45 34
internal_value=-1.46479e-07 0.0135726 0.0312306 0.0140273 -0.0222101 0.00605986 -0.00150463 -0.0355653 -0.000504872 0.00752075 0.0227427 -0.00154251 -0.0271729 -0.0155764 0.0105083 -0.00491057 0.00120431 -0.0158409 -0.0121458 0.0528623 0.0397439 -0.00237519 0.0695757 0.0329256 0.0105414
internal_weight=729.548 72.7976 48.7437 33.6479 24.0539 14.7824 656.75 18.7273 638.023 226.117 84.387 141.73 45.3268 25.934 96.4034 411.905 264.137 147.769 139.973 17.1166 58.4531 247.02 15.0959 24.5931 14.7336
internal_count=3483 350 235 159 115 71 3133 89 3044 1097 403 694 227 122 467 1947 1249 698 662 81 281 1168 76 114 69
is_linear=0
shrinkage=0.08


Tree=59
num_leaves=14
num_cat=0
split_feature=46 45 8 53 45 12 48 3 12 48 15 14 21
split_gain=2.12427 3.22007 8.06934 5.20469 3.11403 2.90611 6.16904 9.43829 4.44131 5.54777 3.40386 3.31765 1.55728
threshold=0.54762040358821518 0.53761531693299036 0.00095304196109445008 0.11747472922884515 0.53616727145519161 0.00093711801318875014 0.024999999999958254 0.004971850209534551 0.0010462613984685502 0.10833333333315277 -0.0045775284842962992 -0.00013412366070309997 -0.00048469088718049999
decision_type=2 2 2 2 2 2 2 2 2 2 2 2 2
left_child=1 4 3 -3 5 6 11 -8 9 -7 -10 -1 -4
right_child=-2 2 12 -5 -6 8 7 -9 10 -11 -12 -13 -14
leaf_value=0.014847953488082195 0.044454383330028241 -0.025583156724178716 -0.036552039014568993 0.058181603082302989 0.055697488104159518 -0.035835961222668328 0.054790049044513463 -0.012846198306851138 0.038382832296957096 0.029772884554769164 -0.00086539854566460624 0.069872444641342138 -0.092925587481800215
leaf_weight=13.054937057197096 6.8154418990015975 11.900237128138544 4.9411276280879965 7.8981811404228202 6.5400515198707572 44.656477898359299 16.596661433577538 64.599354326725006 14.551743887364863 10.117224648594854 502.29435542225838 15.152693599462507 8.585145451128481
leaf_count=63 35 58 30 39 30 214 77 310 69 49 2391 70 48
internal_value=1.0582e-06 -0.000419214 -0.0247055 0.00783311 0.000757892 0.000230292 0.0121757 0.000978814 -0.00205598 -0.0237174 0.000239631 0.0444062 -0.0723324
internal_weight=727.704 720.888 33.3247 19.7984 687.563 681.023 109.404 81.196 571.62 54.7737 516.846 28.2076 13.5263
internal_count=3483 3448 175 97 3273 3243 520 387 2723 263 2460 133 78
is_linear=0
shrinkage=0.08


Tree=60
num_leaves=25
num_cat=0
split_feature=53 31 54 3 9 53 53 48 32 24 45 31 36 0 3 24 45 29 24 12 44 55 24 41
split_gain=2.21278 4.23634 2.58784 6.259 9.12957 7.97287 7.24658 7.15415 6.7993 8.15862 6.38941 4.76334 6.80638 5.51295 5.45621 7.92943 6.98854 5.80614 5.02173 4.79384 4.732 4.33014 4.02766 3.40396
threshold=0.87049386431484821 0.06487946617260032 0.12844153644448211 0.011581205493281252 0.0014847639431252503 0.19166122598379928 -0.65397502937680774 0.058333333333236058 0.0018999332454103003 0.0010504330503284503 0.51014909453252988 0.040528297876874363 1.0000000180025095e-35 57.327535875155995 0.0061919125478436506 0.0010054146654177002 0.45811261311792384 0.28182327855682165 0.00063546418278735012 0.0017518905139038501 0.70700912259016169 0.16705100812385285 0.0012644503425326002 4470.6393384612957
decision_type=2 2 2 2 2 2 2 2 2 2 2 2 2 2 2 2 2 2 2 2 2 2 2 2
left_child=2 -2 11 5 -5 6 7 -4 9 -7 -8 12 13 21 15 16 -13 18 -16 23 -17 -1 -19 -14
right_child=1 -3 3 4 -6 8 10 -9 -10 -11 -12 14 19 -15 17 20 -18 22 -20 -21 -22 -23 -24 -25
leaf_value=0.012887183527933039 -0.078267769748210869 0.011517249857506923 -0.044718979138244207 -0.095465233094385843 0.027803107802563225 -0.027440443502132896 0.055267907837289076 0.042202518463940769 -0.082599670312257706 0.043379445968416447 -0.00059773019754969707 -0.078522804560845996 0.012318136897310239 -0.013680225620230172 0.069886548525548445 -0.020829409439847124 0.0073562513949366696 0.099850733264410199 -0.0023764079877258266 0.046558794540148829 -0.061244110471027964 0.076597540757284824 0.014469324300302162 -0.05336000393929316
leaf_weight=10.234477564692499 6.5451112389564496 6.9183440804481506 14.638079419732096 8.3713631406426412 7.1121354997158042 25.924339681863785 52.892164401710033 10.341549202799795 7.2714856117963782 17.397406287491322 17.416925564408302 6.5532991439104071 7.8120336905121865 9.738803066313265 6.289943352341651 61.439627163112164 81.298638097941875 6.2009463235735884 286.08345242589712 6.8260652273893347 26.555673524737358 20.509700305759907 8.2274757325649244 14.286195829510687
leaf_count=48 33 32 68 43 31 125 268 48 35 81 82 31 37 46 36 289 382 30 1373 31 127 99 40 68
internal_value=1.36506e-08 -0.0321308 0.000606375 0.00951831 -0.0388436 0.0146513 0.028279 -0.00873354 -0.0110155 0.000999832 0.0414289 -0.00199857 0.0175974 0.0387733 -0.00481657 -0.0160518 0.000950119 0.00162302 -0.000821787 -0.0120407 -0.033026 0.0553889 0.0511639 -0.0301419
internal_weight=726.885 13.4635 713.422 161.365 15.4835 145.882 95.2887 24.9796 50.5932 43.3217 70.3091 552.056 69.4073 40.483 482.649 175.847 87.8519 306.802 292.373 28.9243 87.9953 30.7442 14.4284 22.0982
internal_count=3483 65 3418 781 74 707 466 116 241 206 350 2637 329 193 2308 829 413 1479 1409 136 416 147 70 105
is_linear=0
shrinkage=0.08


Tree=61
num_leaves=10
num_cat=0
split_feature=13 13 14 22 3 9 3 31 24
split_gain=2.17931 3.64945 2.67232 2.91149 4.2447 3.79717 3.01853 7.63885 5.14215
threshold=-0.0021538100744346996 -0.0019227670892622499 -0.0035942529362539993 -0.00042589824673239994 0.011493753037208551 0.0015440469450927502 0.0061919125478436506 0.071509377494035367 0.0010054146654177002
decision_type=2 2 2 2 2 2 2 2 2
left_child=-1 -2 -3 4 -4 -6 8 -8 -5
right_child=1 2 3 6 5 -7 7 -9 -10
leaf_value=-0.033716769084705181 0.051285580759946318 0.040332657982923383 -0.085526418440689797 0.0040678599795875561 -0.029638259421994474 0.040856428433875228 0.059781685649699851 0.0029634587756994443 -0.016541667237979559
leaf_weight=12.063454777002333 8.9674287289381009 10.321411505341528 5.9433563053607967 170.86727155745029 17.686170630156997 6.7590989023447028 15.863103389739988 333.93198081851006 141.76171404123306
leaf_count=56 42 49 35 819 96 33 78 1595 680
internal_value=1.52746e-06 0.000572737 -7.40299e-05 -0.000676002 -0.0248892 -0.0101465 0.000434775 0.00554015 -0.00527754
internal_weight=724.165 712.102 703.134 692.813 30.3886 24.4453 662.424 349.795 312.629
internal_count=3483 3427 3385 3336 164 129 3172 1673 1499
is_linear=0
shrinkage=0.08


Tree=62
num_leaves=22
num_cat=0
split_feature=26 21 21 27 26 21 44 32 3 27 54 28 16 54 30 1 2 6 0 21 44
split_gain=2.29999 7.00856 6.3136 4.89508 4.5302 4.18127 6.28714 6.26991 3.73353 3.20364 8.03007 7.41301 7.41678 5.35324 4.28394 3.06457 3.75391 5.03058 2.69987 2.66776 0.391462
threshold=-4.4653106534337071e-05 -0.0012272482096401997 -0.0010494442368763999 0.0026787447348571003 -3.8096092225056879e-05 -0.0014989881105309498 0.5590762507752276 -0.00186630697745615 0.013173798029032952 0.0026594860295895504 0.14885524959902402 -0.49546055963077751 -0.00067609970848334989 0.096651796483740615 -1.9202399123408049 55.469079978691305 0.43367948660566591 -0.0013001542074270998 60.797729704484532 -0.0018453473076355997 0.62472875240280279
decision_type=2 2 2 2 2 2 2 2 2 2 2 2 2 2 2 2 2 2 2 2 2
left_child=1 8 3 -2 -4 -5 -7 -8 15 10 13 12 -11 -6 -13 16 17 -1 20 -18 -3
right_child=2 18 4 5 9 6 7 -9 -10 11 -12 14 -14 -15 -16 -17 19 -19 -20 -21 -22
leaf_value=-0.00075484905102560468 0.07625465682362173 -0.10234478247204613 -0.055335176492006054 0.058040112000961583 -0.0083074407884586535 0.056946832905465455 0.0093016632782738778 -0.092759723572249569 0.05617401996136627 0.051167679916063386 0.047954624510654867 0.043391099870549003 0.0072808372850512995 -0.056233128138635347 -0.0042946264321000382 -0.045318946689427694 0.070361345369897244 -0.064589070959813824 -0.012889068383757172 0.0055635886814736444 -0.069787908345521593
leaf_weight=50.741363257169716 11.305254347622393 5.201639421284197 9.4427420124411565 10.294346898794169 41.518556147813797 7.5943447872996392 9.6635633036494255 6.4059590697288522 6.3901331126689902 35.187304846942425 11.157165087759493 12.482771977782248 82.256823718547821 23.280001103878021 353.64946015924215 11.682874113321303 6.8789620921015766 9.3583960235118919 4.5931202396750441 9.9454432502388936 4.3322499543428421
leaf_count=230 54 35 54 57 195 38 47 30 30 175 57 60 405 111 1668 56 31 47 27 48 28
internal_value=8.40557e-07 -0.0107016 0.00190221 0.0306585 -0.000385427 0.0154788 -0.00303644 -0.0313841 -0.00288327 0.000541913 -0.014732 0.002941 0.0204297 -0.0255256 -0.00266885 -0.00714235 -0.00134427 -0.0106948 -0.063276 0.0320573 -0.0875508
internal_weight=723.362 109.124 614.238 45.2635 568.975 33.9582 23.6639 16.0695 94.9972 559.532 75.9557 483.576 117.444 64.7986 366.132 88.607 76.9242 60.0998 14.127 16.8244 9.53389
internal_count=3483 532 2951 226 2725 172 115 77 442 2671 363 2308 580 306 1728 412 356 277 90 79 63
is_linear=0
shrinkage=0.08


Tree=63
num_leaves=28
num_cat=0
split_feature=26 14 22 32 7 30 14 54 55 44 27 53 39 26 3 38 54 24 54 44 3 3 32 9 33 9 14
split_gain=2.21734 6.69661 6.60577 6.37551 6.68133 9.30279 3.90454 4.75653 4.45876 3.9958 7.50594 3.83416 4.76158 3.55975 7.10948 5.87633 5.60728 4.68695 6.48445 6.38254 3.89207 3.87605 3.4523 3.33615 2.90524 2.72533 2.21042
threshold=3.4369251892649929e-05 -0.00013412366070309997 -0.00040264594304509994 -0.0019502753988536498 -0.00098178486494914972 -0.37549876038945329 0.00054363827786435006 0.14885524959902402 0.34369596713156791 0.67214624486680674 0.0027241796374876505 -0.61781905379976487 1.0000000180025095e-35 -1.0190474177511682e-05 0.0036546440508097005 1.0000000180025095e-35 0.11040720610631287 0.00079731547449620008 0.052856183813818854 0.63544727603946594 0.0032991746163487006 0.013955222313910302 0.0028496028352468007 0.0014503538956099002 0.00073249876447050008 0.0013591474360601004 -0.00011113919987154998
decision_type=2 2 2 2 2 2 2 2 2 2 2 2 2 2 2 2 2 2 2 2 2 2 2 2 2 2 2
left_child=6 -2 -3 -4 -5 -6 13 9 24 11 22 -8 -13 17 20 16 -16 18 -1 -20 26 23 -11 -19 -9 -17 -15
right_child=1 2 3 4 5 -7 7 8 -10 10 -12 12 -14 14 15 25 -18 21 19 -21 -22 -23 -24 -25 -26 -27 -28
leaf_value=0.042739670699730302 0.083661365669214213 -0.088084435001390932 0.081187194693048637 -0.069567550022102492 0.086684681873942127 0.0023676605571047592 -0.057866868931727378 0.034887534387962715 0.073830568720041553 -0.03965810357844967 -0.1009491217550713 -0.010903680547624672 0.059397781291196113 0.066529157807470499 -0.013801128505701581 0.090627868931743183 0.023701907594912058 0.0061298126051637161 -0.020076249074766798 -0.10709152525666658 0.1081673279304869 0.055783242297946477 0.02375903998038191 -0.013275354619161355 -0.036128751555336971 0.026091800785048226 -0.00027215408770002268
leaf_weight=5.5196267738938358 7.2245423644781104 4.7448077797889701 7.2071896940469733 7.4717186093330374 9.0012841224670392 120.28174986690283 9.6965385973453504 6.7067268639802959 6.8510381430387488 17.259266018867496 10.131997652351854 65.648131802678108 6.8051513731479636 6.0142160579562196 82.572988368570805 5.7077083736658123 36.925146631896496 129.09707243740559 13.861623100936415 8.8324483260512334 6.3102929815649977 7.5705575942993155 8.0591370314359647 101.10975477099419 8.1875876784324628 15.727560669183729 6.7039511650800714
leaf_count=28 35 25 32 35 44 562 46 35 33 84 52 316 36 32 388 29 175 635 70 45 32 37 40 486 43 76 32
internal_value=-5.97377e-07 0.00844522 0.00479103 0.00785209 0.00398722 0.0082382 -0.00233028 -0.0139547 0.0204177 -0.0203104 -0.0427586 -0.0106233 -0.00430064 0.00147251 0.0109032 0.00470601 -0.00221262 -0.00419894 -0.0350278 -0.0539423 0.0568025 -0.000540912 -0.0194717 -0.00239318 -0.00415099 0.0432762 0.0313171
internal_weight=721.23 155.931 148.707 143.962 136.755 129.283 565.299 139.346 21.7454 117.6 35.4504 82.1498 72.4533 425.953 159.962 140.933 119.498 265.991 28.2137 22.6941 19.0285 237.777 25.3184 230.207 14.8943 21.4353 12.7182
internal_count=3483 733 698 673 641 606 2750 685 111 574 176 398 352 2065 764 668 563 1301 143 115 96 1158 124 1121 78 105 64
is_linear=0
shrinkage=0.08


Tree=64
num_leaves=14
num_cat=0
split_feature=26 21 26 14 44 55 44 22 53 21 12 54 53
split_gain=2.17917 5.2127 4.1949 4.45817 4.16759 3.53413 3.33566 2.87654 4.28497 3.62143 2.44225 2.39739 1.09331
threshold=-8.3857298682565965e-05 -0.0021277285876340492 -5.8170687355789487e-05 -0.0029991727860064492 0.61771183413921216 0.26002176722843134 0.58348896144943285 -0.00042589824673239994 0.20967762480441696 -0.0009408066333414499 0.0014517494056306502 0.079734659487228868 -0.24283017828455025
decision_type=2 2 2 2 2 2 2 2 2 2 2 2 2
left_child=10 6 4 11 12 -6 -2 8 -5 -9 -1 -4 -3
right_child=1 2 3 7 5 -7 -8 9 -10 -11 -12 -13 -14
leaf_value=-0.069256744183814653 0.090460222337560237 -0.086598485139778386 0.013313257659298996 -0.0077190205385187999 -0.039402476233263421 0.028607829324937138 0.018403090138846376 0.01702947400254045 -0.081373514616599502 -0.001160906724932654 -0.0066993611439246882 0.086603296483333619 -0.039901034019471315
leaf_weight=5.9810595661401775 6.2096106782555607 6.6071510463953018 5.6298247277736646 21.772503927350048 9.7431692630052584 9.8173016756772977 12.169083975255488 80.723358318209648 6.5836815088987342 529.49731860309839 12.02238556742668 5.7985446378588676 6.2384301945567113
leaf_count=29 29 33 30 111 50 45 56 398 44 2541 55 31 31
internal_value=8.64201e-08 0.000706108 -0.000426192 0.000974306 -0.0285176 -0.00526845 0.042749 8.79763e-05 -0.02482 0.00124542 -0.027482 0.0504993 -0.06392
internal_weight=718.793 700.79 682.411 650.005 32.4061 19.5605 18.3787 638.577 28.3562 610.221 18.0034 11.4284 12.8456
internal_count=3483 3399 3314 3155 159 95 85 3094 155 2939 84 61 64
is_linear=0
shrinkage=0.08


Tree=65
num_leaves=17
num_cat=0
split_feature=53 41 53 28 27 41 28 22 53 52 48 24 24 0 32 22
split_gain=2.01609 4.26561 2.3763 2.32416 5.3179 5.73979 6.1578 5.5898 5.35025 6.62445 6.40692 3.31204 3.84185 2.9105 8.36412 4.21314
threshold=0.87049386431484821 4709.8107466124939 0.72046336893289664 -0.48941727358333553 0.0026619060431968505 4797.3918370267556 -0.53942317022596276 0.00039046038138815009 -0.44681812008687277 -0.062874498741717091 0.10833333333315277 0.00069488467157995018 0.00063546418278735012 49.859936472150046 -0.0015145705870989996 0.00014421937483030003
decision_type=2 2 2 2 2 2 2 2 2 2 2 2 2 2 2 2
left_child=2 -2 3 4 8 6 -6 -7 9 -1 -10 12 -5 14 -13 -15
right_child=1 -3 -4 11 5 7 -8 -9 10 -11 -12 13 -14 15 -16 -17
leaf_value=-0.10475767500943907 0.018152729522610274 -0.072782373919389673 0.037463875181584332 -0.00038768400685322942 0.088214289554436345 0.0048435358475997286 0.020293778103370817 -0.067229302682389996 -0.014270174569234692 -0.0095269425606189471 0.051190960051141182 0.0030711851736256318 -0.077388629981094706 0.018645800946735007 -0.029372330277089055 -0.0043749560478386837
leaf_weight=7.8011397495865848 6.1234855204820615 7.163526751101017 11.005197577178476 8.3852220028638857 9.486090734601019 65.896210052073002 85.916245400905609 7.6908355057239524 39.946446135640144 11.665850743651388 12.583107523620127 143.00090777873993 8.2045126333832723 83.463252052664757 78.924743875861168 130.33096661418676
leaf_count=35 29 36 52 42 47 323 425 42 194 57 65 688 40 400 376 632
internal_value=-1.19824e-06 -0.0308738 0.00058123 -4.23584e-06 0.00634155 0.0140985 0.0270473 -0.00268904 -0.0118654 -0.0476894 0.00141061 -0.00338521 -0.0384688 -0.00204942 -0.0084669 0.00461213
internal_weight=717.588 13.287 704.301 693.296 240.986 168.989 95.4023 73.587 71.9965 19.467 52.5296 452.31 16.5897 435.72 221.926 213.794
internal_count=3483 65 3418 3366 1188 837 472 365 351 92 259 2178 82 2096 1064 1032
is_linear=0
shrinkage=0.08


Tree=66
num_leaves=27
num_cat=0
split_feature=45 36 21 45 21 53 54 20 3 42 9 10 45 54 45 24 54 9 42 45 7 44 53 45 14 0
split_gain=1.95296 3.71716 5.44047 5.27708 5.34883 4.22121 8.25093 5.062 4.16396 4.15176 2.88387 2.71568 3.01714 6.11094 11.5171 7.50107 5.66985 8.90561 4.98692 4.91228 8.75593 5.00212 4.66472 3.08358 2.64714 4.41073
threshold=0.47231756686024362 1.0000000180025095e-35 -0.0018159463381764997 0.4501667993437018 -0.0014701626098152 -0.53301685099927132 0.10833546806481867 1.0000000180025095e-35 0.0073068417397591009 2439.7296215244319 0.0014421844148491503 -0.0022663959068515995 0.48586587611727833 0.07104900569868991 0.48221171308512861 0.0011751115071897001 0.045701595979070704 0.0014306747635605503 2811.4161232622141 0.494307331317481 0.0010736123553189002 0.37323993275420947 0.088373782344042015 0.47946896312655868 0.0014096817660657001 41.29303015052534
decision_type=2 2 2 2 2 2 2 2 2 2 2 2 2 2 2 2 2 2 2 2 2 2 2 2 2 2
left_child=1 3 -3 8 -5 6 -6 -7 -1 -4 -10 -2 13 16 15 -15 17 -13 19 20 -14 -21 -16 -18 25 -11
right_child=11 2 9 4 5 7 -8 -9 10 24 -12 12 18 14 22 -17 23 -19 -20 21 -22 -23 -24 -25 -26 -27
leaf_value=-0.072214395533248585 -0.049908868765391363 -0.056044516955395078 -0.022051041202325275 0.069859368588767332 -0.066610119402341045 -0.0028619365159095467 0.037473709282209798 0.053471147374741311 0.039026838820932816 0.084628092227290619 -0.039070721153165809 0.048716795421091093 0.038895497433277436 0.036059366369439828 -0.074272609532498327 -0.017228550110069241 -0.10835666317560787 -0.078294337404893569 -0.069679855528559625 0.055033106161595111 -0.013691787531034585 -0.0031589523456715817 0.0052025279451908615 -0.037143866884370887 0.085790873447582239 0.0086491051015237935
leaf_weight=10.094500988721849 7.4892159402370444 4.3500709533691397 6.0577203109860411 8.5060904026031476 12.94833977520466 30.390954054892063 7.8170397430658332 15.372745193541048 5.662715829908846 7.477370619773871 6.4991374611854553 7.996027812361719 55.299187779426575 40.618956208229065 16.404246568679813 28.959591671824455 8.8148139268159849 6.3302080035209656 6.1903718113899222 9.7204959094524366 31.983997747302055 344.57969801127911 6.6395897418260565 6.9674753397703162 9.402927950024603 14.131364360451697
leaf_count=49 36 21 31 42 59 148 38 84 30 39 31 37 266 198 77 138 42 32 30 47 151 1659 32 36 53 77
internal_value=-2.35768e-06 0.00852222 0.0285935 -2.26321e-05 0.0101245 0.0024871 -0.0274282 0.0160612 -0.0342328 0.0385257 -0.00270749 -0.00204815 -0.00141986 -0.0125323 -0.00235452 0.0138802 -0.0438421 -0.0074045 0.00162597 0.00262557 0.0196254 -0.00156241 -0.0513735 -0.076918 0.0503586 0.0349405
internal_weight=716.705 138.711 41.4195 97.2915 75.0352 66.5291 20.7654 45.7637 22.2564 37.0694 12.1619 577.994 570.505 122.731 92.6224 69.5785 30.1085 14.3262 447.774 441.583 87.2832 354.3 23.0438 15.7823 31.0117 21.6087
internal_count=3483 702 221 481 371 329 97 232 110 200 61 2781 2745 592 445 336 147 69 2153 2123 417 1706 109 78 169 116
is_linear=0
shrinkage=0.08


Tree=67
num_leaves=29
num_cat=0
split_feature=26 15 14 1 30 42 28 24 33 4 31 44 52 7 31 55 52 26 14 28 9 24 24 16 42 37 6 15
split_gain=2.00312 4.90452 4.69074 4.54898 10.4944 7.05158 6.97471 4.24611 4.1494 6.20231 7.8105 5.17494 3.84967 3.83672 3.75553 3.58822 3.42164 3.41713 3.23525 3.24529 4.627 8.00791 3.79033 3.14808 3.0492 3.3123 2.88595 2.09856
threshold=2.1414876252092447e-06 0.00039675544032085009 0.00039240219683740009 -37.701843689079389 -0.80382548270493037 2542.7456995866091 -0.43614562656811667 0.0018204315610198501 0.0062589897774271508 1.0000000180025095e-35 0.038869159747731551 0.70700912259016169 0.052909331543562255 0.00068299243231140011 0.25802049139212518 0.38622088058835147 0.15653798096989724 3.5883034220707074e-05 0.00023840894038575002 -0.40110478264066313 0.0015726183958553503 0.0011634968735194002 0.0012073866017183502 0.00081664585843100018 2677.036776591995 1.0000000180025095e-35 -0.00098034987927664969 -0.00034540273888359995
decision_type=2 2 2 2 2 2 2 2 2 2 2 2 2 2 2 2 2 2 2 2 2 2 2 2 2 2 2 2
left_child=2 3 18 4 6 12 17 8 9 11 -11 -3 -5 27 16 -16 24 -2 19 20 22 -22 -1 -18 25 -4 -21 -7
right_child=1 7 14 5 -6 13 -8 -9 -10 10 -12 -13 -14 -15 15 -17 23 -19 -20 26 21 -23 -24 -25 -26 -27 -28 -29
leaf_value=-0.010800564484081699 -0.008108846434341635 -0.0050598268253153047 -0.011221231289494895 -0.05140166981120433 -0.093814510956947622 0.051536342091493104 0.083093202354859119 0.063663648795176483 -0.063950763243349307 -0.058315289236469399 0.021063814459002229 -0.044225265746628446 0.024722400083038682 0.010993029259278553 -0.033368038472994736 0.056048682388213387 0.035959118243964312 0.049481097604443532 0.043013760406903176 -0.00099111793960437425 0.099585211272332108 0.0012803143922096489 0.0089060915895274925 -0.044666089461029616 -0.10486010752276173 -0.079654987872490146 -0.077457860117325014 0.09851030391954399
leaf_weight=166.6706480383873 35.977505542337894 106.98454502224922 10.611171595752245 6.8598067760467556 6.3627252653241149 12.69357758015394 8.1299170553684217 6.1348935216665259 7.1071817427873603 8.7370705306529981 86.219876445829868 27.05061174929142 11.182580165565012 8.2656113132834417 5.576496869325636 5.9229185506701469 6.0542377382516843 8.0737601965665799 10.525866836309431 5.9327709227800369 7.8417329192161587 16.383265815675259 99.906837336719036 6.3506242483854294 6.2976867929100981 7.8940519094467154 6.7558672428131086 11.6944926828146
leaf_count=818 174 498 51 33 30 64 37 32 33 41 426 132 55 42 32 30 30 41 52 29 37 82 480 31 37 39 36 61
internal_value=-1.17365e-06 0.00430286 -0.00417172 0.0183753 0.00318372 0.0359185 0.0150112 -0.00204335 -0.00375071 -0.00188229 0.0137601 -0.0129641 -0.00422036 0.0580967 -0.0272712 0.0126872 -0.0396207 0.0024463 -0.000588756 -0.00210101 -0.000372972 0.033102 -0.00341498 -0.00531667 -0.0567775 -0.040414 -0.0417046 0.0740612
internal_weight=714.198 351.474 362.724 109.24 58.5439 50.6961 52.1812 242.234 236.099 228.992 94.9569 134.035 18.0424 32.6537 48.7072 11.4994 37.2078 44.0513 314.017 303.491 290.802 24.225 266.577 12.4049 24.8029 18.5052 12.6886 24.3881
internal_count=3483 1699 1784 537 282 255 252 1162 1130 1097 467 630 88 167 250 62 188 215 1534 1482 1417 119 1298 61 127 90 65 125
is_linear=0
shrinkage=0.08


Tree=68
num_leaves=19
num_cat=0
split_feature=26 21 54 21 20 26 12 21 52 21 14 12 26 46 3 29 24 3
split_gain=2.00823 6.40533 5.53749 3.98591 4.07978 2.80928 5.8961 6.52404 5.01387 4.44027 9.39159 4.97246 4.37646 3.79774 3.72582 3.66256 3.64644 1.43669
threshold=6.9217025154828658e-05 0.0020899168522566006 0.044865248297955657 0.0024329347080923004 1.0000000180025095e-35 4.75011723681893e-05 0.0013791961189241503 0.0015659200453663001 0.059427356871412811 0.0010815599348684001 0.0014096817660657001 0.00097638223272679999 3.1362629964179653e-05 0.52410135533191538 0.0041385646223964503 0.19710930441449437 0.0010427564756030001 0.0063705367519838506
decision_type=2 2 2 2 2 2 2 2 2 2 2 2 2 2 2 2 2 2
left_child=1 5 -2 4 -4 9 8 17 -7 12 16 -12 13 -1 -14 -9 -11 -8
right_child=2 -3 3 -5 -6 6 7 15 -10 10 11 -13 14 -15 -16 -17 -18 -19
leaf_value=-0.0003102043615991623 0.082169319509262664 -0.067353681516013564 -0.0082876371565353841 -0.035248595229728952 0.075939007055170954 -0.046481386603871008 0.057015450686735858 -0.032578461369248267 0.028638015932875308 -0.10762935024935083 0.067716100376574329 -0.010476414726461611 -0.032008125518829589 -0.051655958158635509 0.038042978912816057 0.043635830637540417 -0.040049841268864121 0.11140240008034651
leaf_weight=514.37140983343124 7.0484151467680922 9.1666295230388624 8.3654014617204684 10.670671239495276 6.5722254738211623 12.513300828635694 5.9164229482412356 7.4583964720368412 10.423320844769476 7.4546050056815174 6.4224308282136908 27.458479002118111 5.7497901245951644 9.387512303888796 31.37527746334672 8.793000712990759 16.246815145015717 6.5498214438557625
leaf_count=2522 38 43 37 48 33 58 31 35 49 38 30 128 29 54 154 41 82 33
internal_value=-1.03316e-06 -0.000932642 0.0193772 0.00209435 0.0287702 -2.40635e-05 0.0178992 0.0420543 -0.0123441 -0.00152101 -0.0226768 0.00434568 0.000650915 -0.00123049 0.0271937 0.00865814 -0.061305 0.0855906
internal_weight=711.944 679.287 32.6567 25.6083 14.9376 670.121 51.6543 28.7176 22.9366 618.466 57.5823 33.8809 560.884 523.759 37.1251 16.2514 23.7014 12.4662
internal_count=3483 3327 156 118 70 3284 247 140 107 3037 278 158 2759 2576 183 76 120 64
is_linear=0
shrinkage=0.08


Tree=69
num_leaves=27
num_cat=0
split_feature=13 19 12 4 52 26 22 22 52 12 16 26 54 54 33 26 3 46 53 14 29 26 46 33 22 29
split_gain=1.95925 5.36552 5.75929 4.84502 3.84498 3.53485 2.85454 3.41229 3.09734 2.85137 3.12872 5.39208 2.82648 5.09831 2.65755 2.38674 6.07238 5.8632 5.21745 5.18317 6.22534 5.45033 4.88989 4.47872 3.76252 2.77467
threshold=-0.00069119092917824991 1.0000000180025095e-35 0.0012481773093829002 1.0000000180025095e-35 -0.0094300005133982987 1.9131666139247299e-05 -0.00041717722355779995 -0.00050748256075349991 -0.026644628095432745 0.0013016730956568001 -0.00010887822368634998 -3.8096092225056879e-05 0.096007579281064917 0.056626443857330157 -0.0045262796947632992 2.6923750813049319e-05 0.0034553525224558005 0.50116983700290574 -0.17314794442213907 0.00013605512813845002 0.50092929639123229 -9.8423333128041014e-06 0.50812559730558104 0.0059385616576133502 -0.00011359578323584998 0.33243954907362588
decision_type=2 2 2 2 2 2 2 2 2 2 2 2 2 2 2 2 2 2 2 2 2 2 2 2 2 2
left_child=1 2 3 4 -1 12 7 -2 -9 -3 11 -11 13 -4 -14 19 -17 23 -19 20 25 -22 24 -18 -21 -8
right_child=6 9 5 -5 -6 -7 15 8 -10 10 -12 -13 14 -15 -16 16 17 18 -20 22 21 -23 -24 -25 -26 -27
leaf_value=0.05947664131895395 0.00054241457272826538 -0.057741957071545773 0.018715109334064894 0.089734555962265219 -0.017167316358799881 0.060423650916686292 0.0022388787296558428 -0.014700885460946863 -0.10200318375694373 -0.02350599471258101 -0.038911803137098598 0.067818831832178544 -0.038103205307225808 -0.031623728678115616 0.021972428043222032 -0.073458335607123143 0.0068000421633103627 0.0090507912614581215 0.093571458522610146 -0.042403715690279252 -0.0037507751345056206 0.074770975628373343 -0.078246280142894448 -0.062443317498488596 -0.0068780376458918782 -0.024311452829792406
leaf_weight=8.2690389454364794 10.786013543605806 9.3566187769174558 22.339625954627991 10.609719403088095 8.490203954279421 7.2767296954989424 151.82281737029552 4.6575822755694389 5.8898153305053693 9.8058554977178591 11.579138845205309 7.1581677943468085 5.2375608608126631 30.397987678647041 47.02208437025547 5.8878626301884642 142.72866320237517 9.322898671031 9.3742481321096403 23.534172020852566 9.7499401718378085 13.478461459279059 7.9688745476305476 6.2396561950445166 100.80690386891365 30.202823705971241
leaf_count=41 57 47 109 52 45 35 732 28 36 49 58 34 27 147 224 30 685 43 46 111 48 69 45 29 508 148
internal_value=1.34108e-06 0.00727907 0.0145243 0.0474303 0.0206489 0.00650283 -0.00242538 -0.0310968 -0.0634517 -0.0194163 -0.00685288 0.0150296 0.0027659 -0.0103002 0.0159515 -0.00122867 0.00639553 0.00919973 0.0514272 -0.00514853 0.0028105 0.0418121 -0.0174955 0.00389973 -0.013602 -0.00216652
internal_weight=709.993 177.543 139.643 27.369 16.7592 112.274 532.451 21.3334 10.5474 37.8998 28.5432 16.964 104.997 52.7376 52.2596 511.117 173.553 167.665 18.6971 337.564 205.254 23.2284 132.31 148.968 124.341 182.026
internal_count=3483 868 680 138 86 542 2615 121 64 188 141 83 507 256 251 2494 833 803 89 1661 997 117 664 714 619 880
is_linear=0
shrinkage=0.08


Tree=70
num_leaves=30
num_cat=0
split_feature=26 21 21 52 53 53 40 24 3 14 54 27 14 53 27 28 54 27 15 8 54 27 47 8 31 0 52 0 44
split_gain=1.93331 5.90488 4.91734 3.1237 4.32543 7.74033 6.71826 4.52921 3.78141 5.42496 4.2962 3.54009 2.74509 6.4042 7.36605 8.68266 6.61599 6.62496 5.46323 4.14999 5.97858 10.9434 5.96619 9.22921 8.33683 5.82824 3.27583 2.59501 0.464716
threshold=-4.4653106534337071e-05 -0.0012272482096401997 -0.0015748664317567999 1.0000000180025095e-35 0.096823260367813871 -0.32626929528527587 0.75000000000000011 0.0012396075971521003 0.0056813608537622509 -0.0023048570479192996 0.14060445516393541 0.0027280753735084004 -0.00054043884899539988 -0.54564646024570107 0.0027113418639306505 -0.49415073709409646 0.10714073620058602 0.0027189770408233504 -0.00036815095279029998 0.0018246084488069503 0.12015468449272466 0.0027291016554849504 1.0000000180025095e-35 0.0011187583147573002 0.039925714564065955 78.0568625508336 -0.082404016409123731 60.797729704484532 0.62601069701643319
decision_type=2 2 2 2 2 2 2 2 2 2 2 2 2 2 2 2 2 2 2 2 2 2 2 2 2 2 2 2 2
left_child=1 3 -2 4 5 7 -7 -1 9 -5 11 -10 13 16 26 -16 18 -18 -4 22 21 -21 24 -24 -14 -22 -15 28 -3
right_child=2 27 12 8 -6 6 -8 -9 10 -11 -12 -13 19 14 15 -17 17 -19 -20 20 25 -23 23 -25 -26 -27 -28 -29 -30
leaf_value=-0.010635312808748573 0.060162280284303427 -0.10067231037142343 -0.070697402187357899 -0.0052562279789687139 0.060857210531794763 0.0085120032882865879 -0.094134062457362305 0.07098191293873693 -0.045240034687166232 -0.11229287192959359 0.038554803226788809 0.014199674760212746 0.064833343787420908 0.010329702773710528 0.084601929062430484 -0.016981629441969851 -0.019922064169566357 0.072453762678197323 0.015045103226196744 -0.019807307209058166 0.037888775811411299 0.037172044961079197 0.0048479912842691727 -0.044477140786565554 -0.040138075834398511 -0.034509859750340169 0.046863287590200142 -0.0097986529265752902 -0.063886398367086233
leaf_weight=7.5925085544586173 9.087895415723322 5.0057301670312864 16.51462941616774 6.4886671155691147 9.4123858734965307 8.6185734868049675 7.7508826553821555 10.193986028432844 15.859361261129381 5.6861491799354535 10.830918967723845 10.765844017267225 5.309105932712554 23.010030388832092 6.1336022391915312 44.121548786759377 12.756399519741537 8.138934023678301 6.6795566305518141 77.455729573965073 50.808226086199284 29.899902634322643 170.25867699831724 28.315302781760693 55.054521076381207 8.2754126116633397 49.497089244425297 4.4617474451661101 3.9183089509606361
leaf_count=36 55 36 78 29 44 42 37 46 76 33 49 50 27 114 29 218 61 37 32 388 262 150 811 138 266 43 242 27 27
internal_value=1.62858e-06 -0.00992856 0.00176178 -0.00279242 0.0128394 -0.000392928 -0.0400906 0.036142 -0.0165147 -0.0552468 -0.0039252 -0.0212057 0.000865612 0.00956213 0.0189549 -0.00458343 -0.0165909 0.0160592 -0.0460049 -0.00254555 0.00731035 -0.00393784 -0.0088807 -0.00218544 -0.0309056 0.0277484 0.0352694 -0.0596143 -0.0845206
internal_weight=707.902 106.585 601.317 93.1993 43.5683 34.156 16.3695 17.7865 49.6309 12.1748 37.4561 26.6252 592.229 166.852 122.762 50.2552 44.0895 20.8953 23.1942 425.377 166.439 107.356 258.938 198.574 60.3636 59.0836 72.5071 13.3858 8.92404
internal_count=3483 532 2951 442 205 161 79 82 237 62 175 126 2896 811 603 247 208 98 110 2085 843 538 1242 949 293 305 356 90 63
is_linear=0
shrinkage=0.08


Tree=71
num_leaves=13
num_cat=0
split_feature=26 21 26 42 3 14 37 6 21 54 54 16
split_gain=1.9104 3.83118 4.23366 3.78269 3.89858 3.70828 3.82399 3.19016 3.80713 2.74957 4.14577 1.48935
threshold=-8.9770886790404932e-05 -0.0021277285876340492 -5.8170687355789487e-05 2669.9526952686579 0.0089783743143327013 -0.0029991727860064492 1.0000000180025095e-35 -0.0019821308464006994 -0.0009408066333414499 0.11845926323386931 0.082382767765472056 -0.0036068083114836496
decision_type=2 2 2 2 2 2 2 2 2 2 2 2
left_child=-1 9 3 4 11 6 -4 -7 -9 10 -2 -3
right_child=1 2 5 -5 -6 7 -8 8 -10 -11 -12 -13
leaf_value=-0.032136501730788102 0.012473734020944625 -0.001314736354360883 0.092919994184252785 -0.086156543440017885 0.033142336066873834 -0.044741793754585972 -0.0017113077848364547 0.01746922008558351 -0.00156545111396792 -0.0043582366421726446 0.097913991154676736 -0.049606351986295122
leaf_weight=11.644365094602106 7.5351481139659899 5.8889147937297848 5.6387307159602624 5.9769155532121649 7.5056584775447837 10.00158281624317 5.3032448962330818 76.813552469015121 540.0906037054956 8.1457701623439771 7.021480530500412 13.359745591878893
leaf_count=56 34 27 33 36 36 53 28 386 2655 39 33 67
internal_value=-1.57418e-06 0.000538165 -0.000556075 -0.0286169 -0.0157625 0.000883869 0.0470551 7.8e-05 0.000804643 0.0328596 0.0536864 -0.0348321
internal_weight=704.926 693.281 670.579 32.7312 26.7543 637.848 10.942 626.906 616.904 22.7024 14.5566 19.2487
internal_count=3483 3427 3321 166 130 3155 61 3094 3041 106 67 94
is_linear=0
shrinkage=0.08


Tree=72
num_leaves=31
num_cat=0
split_feature=26 21 30 21 42 42 41 48 26 26 27 41 27 16 3 14 15 53 3 29 26 16 48 24 14 41 24 52 15 21
split_gain=1.87125 8.07909 5.67969 5.52608 4.80672 3.9393 8.70757 5.7751 5.43897 3.8995 4.8744 12.4247 7.86066 4.77414 4.18429 4.04793 5.88563 5.35024 3.81919 6.83578 6.219 5.23656 4.63888 3.99009 3.67544 3.92011 3.65674 3.47748 5.59344 2.26913
threshold=-1.6053367517312868e-05 -0.00017930801107039998 0.98575293159848021 -0.0006572459104858499 2679.9013501140257 2492.1787910734861 4714.461934030197 0.074999999999874958 2.6335931342966123e-06 2.1414876252092447e-06 0.0027858372930892003 4641.8921956793411 0.0027517628610480506 0.0013931783734594503 0.012838344351563851 -0.0011674582486908998 0.00024192780568275002 -0.33737580873879985 0.013955222313910302 0.076505802724226663 -3.4576823894768756e-05 -0.0039236523957987988 0.024999999999958254 0.0012884478353998002 -7.5686886119510417e-05 4695.3937076671345 0.0010504330503284503 0.22921765360879229 -0.00078816304240514996 -0.0013160917895731997
decision_type=2 2 2 2 2 2 2 2 2 2 2 2 2 2 2 2 2 2 2 2 2 2 2 2 2 2 2 2 2 2
left_child=3 2 5 18 24 7 -7 -2 -8 15 12 -12 14 -14 -11 -3 26 -18 19 23 21 -21 -22 29 27 -26 -17 28 -5 -1
right_child=1 9 -4 4 -6 6 8 -9 -10 10 11 -13 13 -15 -16 16 17 -19 -20 20 22 -23 -24 -25 25 -27 -28 -29 -30 -31
leaf_value=-0.029699675256479503 0.022660929048631751 0.041865310767804469 0.091621427176678552 -0.059745162010884485 -0.073635146919236977 0.10057827779827187 0.0015857948782157761 -0.069405136409436144 0.086040780746535803 0.001822986303945752 -0.11066281171859578 0.01506970380662555 0.011127490369301652 0.072207434590656594 -0.047249585345268443 -0.032552007225591123 0.037834989946712805 -0.033874157480973097 0.056903044198781692 0.031059211701562797 0.073780721917913294 -0.013506101280534069 0.014704718372002093 -0.0019424686788925823 0.053949239347419936 -0.027577175516425006 -0.1006221911507687 -0.085608001089791816 0.02333237463559051 -0.094354956197164302
leaf_weight=5.8679006919264785 11.791417449712755 5.7602896094322196 7.8566775023937216 10.22631948441267 11.704640187323092 9.4647991806268674 31.526054248213768 6.9193567484617224 5.7741388380527487 266.89330536872149 8.4465583711862582 12.435503944754599 16.63297513872385 16.134153045713902 11.604000873863695 11.938423432409765 11.162337675690653 16.505095213651657 7.4466292038559905 20.604992270469666 11.410747639834879 93.206245217472315 33.428090441972017 9.8777379021048528 8.0735349804162961 7.0891561061143866 8.7546501159667951 6.2668481394648543 10.524821504950527 8.5155039951205271
leaf_count=29 58 25 44 53 68 48 148 34 32 1299 40 60 78 80 63 58 53 85 37 97 60 474 160 50 38 35 46 32 49 50
internal_value=-1.28008e-06 0.00300576 0.0273489 -0.00565972 -0.0282768 0.0196366 0.0320487 -0.0113857 0.0146596 -0.00161577 0.00162888 -0.0357877 0.00413908 0.0412025 -0.000221695 -0.0215286 -0.0290795 -0.00494333 0.000742599 -0.00154379 0.00450404 -0.00543776 0.0297386 -0.0410921 -0.0156905 0.0158324 -0.0613506 -0.0333813 -0.0176089 -0.067978
internal_weight=703.843 459.6 73.3324 244.243 53.8853 65.4758 46.765 18.7108 37.3002 386.267 332.146 20.8821 311.264 32.7671 278.497 54.1208 48.3605 27.6674 190.358 182.911 158.65 113.811 44.8388 24.2611 42.1807 15.1627 20.6931 27.018 20.7511 14.3834
internal_count=3483 2251 364 1232 275 320 228 92 180 1887 1620 100 1520 158 1362 267 242 138 957 920 791 571 220 129 207 73 104 134 102 79
is_linear=0
shrinkage=0.08


Tree=73
num_leaves=31
num_cat=0
split_feature=45 6 41 12 26 15 2 53 28 15 41 52 21 3 2 9 2 55 52 26 54 55 3 52 21 15 6 24 31 24
split_gain=1.82871 3.15129 4.8172 3.66812 3.77411 4.12896 2.82814 2.68971 6.80682 5.02359 5.81094 5.99892 5.2043 7.61123 4.83521 8.2602 7.47609 5.52286 5.14917 4.6387 4.1592 4.01168 3.74616 5.4987 3.74324 4.87364 7.54003 4.38165 3.46598 3.36635
threshold=0.47231756686024362 0.0020019769389720506 5009.0885295799972 0.0019578377311576501 -6.7604665740128049e-05 -0.0006358874752041999 0.24334227227148988 -0.15080027483020411 -0.46523740219237447 -0.0011385814351498496 4527.8157164122922 -0.21297179887286558 0.00042690224796255002 0.0091138944741677008 0.62362365150907872 0.0014834163153970002 0.51895514828288281 0.17510330762323154 0.37264343146208473 4.2228760264036401e-05 0.073680189471826613 0.17845284596216357 0.0054460656944457005 0.19761085756030372 -0.0016010451417024999 -0.0025856671530231495 -0.0011244001959957498 0.0014165667893036502 0.06487946617260032 0.00090116359417725012
decision_type=2 2 2 2 2 2 2 2 2 2 2 2 2 2 2 2 2 2 2 2 2 2 2 2 2 2 2 2 2 2
left_child=1 2 3 4 -1 -6 -5 8 9 10 -2 -12 13 -11 16 22 17 20 -19 -14 -9 -18 28 -24 27 -26 -27 -10 -16 -17
right_child=7 -3 -4 6 5 -7 -8 14 24 12 11 -13 19 -15 15 29 21 18 -20 -21 -22 -23 23 -25 25 26 -28 -29 -30 -31
leaf_value=-0.070722275710058041 0.046297128601324053 -0.047902693320209071 0.079652215616430141 0.0016107924205998314 0.022587877115343793 -0.0097943674030402869 0.068560100966146981 -0.064699313422861851 -0.015792918106869933 0.04889775891615819 0.050784225502524379 -0.03514343836910308 -0.0095684775246884703 -0.029494776603196406 -0.041601293298346394 -0.036240427143640355 0.063154567926631336 -0.0014262607151505117 0.065003063585923088 0.031418636110671201 -0.012371827873850943 -0.0051761603634774755 -0.0036943500714921914 -0.07008134518516293 -0.075529183863479205 0.061612964557136517 -0.019005985930261142 0.052444499983667452 -0.10284654155608763 0.026035805302322416
leaf_weight=4.3779291063547126 9.8132155016064626 6.0838750004768363 6.2283069491386405 6.6710307449102428 46.777422457933426 54.632487781345844 10.231976076960562 14.489021889865397 12.373329304158689 53.937554098665714 6.1163904815912238 34.698385946452618 45.9701112434268 9.2921252101659757 21.534683801233772 7.1468770429491988 16.90026177465916 63.684993468225002 8.4599109739065153 28.707616358995438 29.544139981269836 8.150980316102503 30.376343965530396 10.832509525120257 8.5157814398407918 8.0787883847951871 91.704095132648945 11.733405128121374 8.1525291725993139 24.942228637635708
leaf_count=21 52 29 38 34 238 289 53 73 59 267 28 168 216 52 105 34 82 323 41 138 148 39 151 55 46 38 455 56 39 116
internal_value=-3.83021e-06 0.00836137 0.0110166 0.00753231 0.00200302 0.00514261 0.0421375 -0.00200209 0.0028122 0.0125757 -0.00897687 -0.0222666 0.020488 0.0373773 -0.00832891 -0.0215111 0.0012836 -0.00726347 0.00636343 0.00618779 -0.0295901 0.0409216 -0.0367539 -0.0211454 -0.0110903 -0.0174366 -0.0124788 0.0174201 -0.0584201 0.0121657
internal_weight=700.158 135.003 128.919 122.691 105.788 101.41 16.903 565.155 320.941 188.535 50.628 40.8148 137.907 63.2297 244.214 102.985 141.229 116.178 72.1449 74.6777 44.0332 25.0512 70.8961 41.2089 132.405 108.299 99.7829 24.1067 29.6872 32.0891
internal_count=3483 702 673 635 548 527 87 2781 1575 921 248 196 673 319 1206 500 706 585 364 354 221 121 350 206 654 539 493 115 144 150
is_linear=0
shrinkage=0.08


Tree=74
num_leaves=12
num_cat=0
split_feature=53 29 53 54 26 21 54 10 12 22 12
split_gain=1.8954 3.59321 1.99618 2.71787 2.30324 5.21432 5.65029 5.1747 3.68736 5.07942 4.76135
threshold=0.87049386431484821 0.26837518196562682 0.72046336893289664 0.19145160323109076 5.0382421331204578e-05 0.0015659200453663001 0.03757438259349781 7.2912392828335042e-05 0.00093711801318875014 -0.00032428353147379995 0.00099197022114430014
decision_type=2 2 2 2 2 2 2 2 2 2 2
left_child=2 -2 3 4 8 7 -7 -6 9 -1 -10
right_child=1 -3 -4 -5 5 6 -8 -9 10 -11 -12
leaf_value=-0.049720264344826931 0.017817122679443236 -0.067535176327931976 0.034859426289244481 -0.043451786380027287 -0.011953003528009541 0.066791119050640071 -0.0089988025459222139 0.074595486468526193 -0.038297991554564745 0.018357861949877624 -0.0021013267709659254
leaf_weight=7.603477142751216 5.5824007838964445 7.2646497339010239 10.694771714508532 9.0787638798356038 6.3902789503335979 7.2416516020894042 48.182198390364647 14.348851867020128 24.479482851922512 90.507423173636198 466.11374943703413
leaf_count=42 27 38 52 45 30 40 226 78 123 452 2330
internal_value=-3.23438e-06 -0.0304472 0.000568037 2.38707e-05 0.000617531 0.0137084 0.000903869 0.0479276 -0.00107609 0.0130819 -0.00390746
internal_weight=697.488 12.8471 684.641 673.946 664.867 76.163 55.4238 20.7391 588.704 98.1109 490.593
internal_count=3483 65 3418 3366 3321 374 266 108 2947 494 2453
is_linear=0
shrinkage=0.08


Tree=75
num_leaves=13
num_cat=0
split_feature=26 21 26 21 21 47 28 27 53 24 16 12
split_gain=1.68652 3.65562 3.05223 4.60228 4.5056 4.11315 3.88734 2.98167 2.51452 5.77862 3.34255 2.11695
threshold=-8.3857298682565965e-05 -0.0021277285876340492 -4.7083462035540344e-05 -0.0010740738231403498 -0.0015748664317567999 1.0000000180025095e-35 -0.42373738980380787 0.0027158396367023504 -0.65397502937680774 0.0015840327632264002 -0.0048879100960651988 0.0014517494056306502
decision_type=2 2 2 2 2 2 2 2 2 2 2 2
left_child=11 7 3 5 -4 -3 -7 -2 9 -6 -10 -1
right_child=1 2 4 -5 8 6 -8 -9 10 -11 -12 -13
leaf_value=-0.064763957538620853 0.0025820170402914423 0.037136020022592635 0.055788098875976015 -0.088689623529416256 -0.0052317875021610739 -0.010663963323453238 -0.07572475132957536 0.068314472109357011 -0.026540641813885379 -0.07429947874663588 0.0040766231016737594 -0.0051965710861803984
leaf_weight=5.6641425639390972 8.5531071200966853 9.4952312484383565 9.583698704838751 5.3140156082808963 76.716289937496185 37.466181550174952 6.9711122810840598 9.131912410259245 23.951420016586781 8.6242647469043714 483.29467467963696 11.717091001570223
leaf_count=29 40 48 58 42 366 188 34 45 131 47 2400 55
internal_value=-1.23881e-06 0.000628563 -0.00033121 -0.0176568 0.00137343 -0.0106579 -0.0208704 0.0365239 0.0004934 -0.0122116 0.00263092 -0.0246082
internal_weight=696.483 679.102 661.417 59.2465 602.17 53.9325 44.4373 17.685 592.587 85.3406 507.246 17.3812
internal_count=3483 3399 3314 312 3002 270 222 85 2944 413 2531 84
is_linear=0
shrinkage=0.08


Tree=76
num_leaves=24
num_cat=0
split_feature=10 19 12 8 45 44 44 26 16 45 52 12 6 14 26 14 21 45 45 45 53 16 54
split_gain=1.6509 4.27571 4.88534 4.59003 4.82617 3.86915 4.86207 4.05078 3.96816 2.96671 2.86866 2.8555 2.68228 5.37061 2.87908 6.52036 5.63659 4.94847 4.72083 6.17793 2.88335 2.36713 3.42982
threshold=-0.00069119092917824991 1.0000000180025095e-35 0.0012481773093829002 0.00030039456153190008 0.49297454856097339 0.75974411334163972 0.54892581751427194 1.0218080723549968e-05 0.00074527879336860013 0.47570542424737577 0.089160312065871813 0.0013375485423727503 -0.0019821308464006994 -0.0025302923457911995 -1.0190474177511682e-05 -0.0004243822033426499 -0.00034381298755009994 0.46212681555070956 0.52640926196246463 0.51721595505962636 0.051826722848038007 -0.00010887822368634998 0.084507205934575017
decision_type=2 2 2 2 2 2 2 2 2 2 2 2 2 2 2 2 2 2 2 2 2 2 2
left_child=1 2 3 4 -1 6 8 -8 -4 -3 -7 -11 -2 -14 18 17 -17 -16 19 -15 -20 22 -13
right_child=12 9 5 -5 -6 10 7 -9 -10 11 -12 21 13 14 15 16 -18 -19 20 -21 -22 -23 -24
leaf_value=0.054478412696437245 -0.050573323611042095 0.038723683558552408 0.0097595012772902518 0.08258774212419917 -0.036953543562796835 0.072026160655236135 -0.019853069890347963 0.04456024605516537 0.078309459429907136 -0.065860015370872591 0.0049429183986435601 0.053904310957799739 0.058010428328307023 -0.01454088718436714 -0.035320159904688023 0.064428695874992434 -0.0052622252979628902 0.034956058616697566 -0.080322422398800608 0.037323407958656837 -0.0055476930593617345 -0.042653078840613416 -0.026882521559373495
leaf_weight=8.6136843413114565 7.2479721233248702 5.1796177700161925 21.91393876075745 11.361657179892061 6.470024198293685 9.0016776546835917 56.939219318330288 7.0185763463377944 7.1736912727355948 8.6215870566666144 7.4613448232412329 6.1184021905064601 9.5055412799119932 106.81346701085567 7.3631440028548232 7.614649921655654 302.24462801963091 49.673190824687481 9.8284466266632062 17.044483311474323 4.9689992628991595 9.4421142339706403 7.4692366197705269
leaf_count=46 39 25 115 57 35 43 277 36 35 46 36 30 48 541 33 42 1494 247 61 79 31 49 38
internal_value=-2.83313e-06 0.00677574 0.0133259 0.0441856 0.0152595 0.00587357 -0.000451734 -0.0127845 0.0266655 -0.0174028 0.0416228 -0.0265877 -0.00224527 -0.00156519 -0.00268535 0.001026 -0.0035496 0.0258837 -0.0125059 -0.00740368 -0.055213 -0.0118854 0.00949513
internal_weight=695.089 172.785 135.954 26.4454 15.0837 109.508 93.0454 63.9578 29.0876 36.831 16.463 31.6513 522.305 515.057 505.551 366.896 309.859 57.0363 138.655 123.858 14.7974 23.0298 13.5876
internal_count=3483 868 680 138 81 542 463 313 150 188 79 163 2615 2576 2528 1816 1536 280 712 620 92 117 68
is_linear=0
shrinkage=0.08


Tree=77
num_leaves=10
num_cat=0
split_feature=53 41 53 54 52 44 26 21 28
split_gain=1.64643 3.44322 1.7054 2.34899 2.44627 3.31179 2.22192 4.37104 2.90387
threshold=0.87049386431484821 4709.8107466124939 0.72046336893289664 0.19145160323109076 0.45335414972484606 0.565009824193623 5.0382421331204578e-05 0.0015659200453663001 -0.40474994011943594
decision_type=2 2 2 2 2 2 2 2 2
left_child=2 -2 3 4 6 -6 8 -8 -1
right_child=1 -3 -4 -5 5 -7 7 -9 -10
leaf_value=-0.00047961523463049122 0.01596635537109092 -0.067592022357824189 0.032314967463677943 -0.040614683054515661 -0.012162882679638476 0.074866745526029788 0.044744690059494274 0.0012173174818603688 -0.026976280491044044
leaf_weight=546.43145755678415 5.922292120754717 6.7575317919254303 10.634494781494139 8.9803946614265424 4.9233788475394231 6.4835691377520561 20.144303984940052 55.294814825057983 27.818959444761276
leaf_count=2743 29 36 52 45 27 36 107 266 142
internal_value=-2.34504e-06 -0.0285649 0.000529698 2.52485e-05 0.000577305 0.0373037 -6.75198e-05 0.0128403 -0.00176322
internal_weight=693.391 12.6798 680.711 670.077 661.096 11.4069 649.69 75.4391 574.25
internal_count=3483 65 3418 3366 3321 63 3258 373 2885
is_linear=0
shrinkage=0.08


Tree=78
num_leaves=11
num_cat=0
split_feature=10 10 14 26 41 24 10 24 10 28
split_gain=1.64913 2.74671 2.09035 2.62717 4.54076 4.29497 2.97187 4.20892 2.892 2.63695
threshold=-0.0021538100744346996 -0.0019227670892622499 -0.0035942529362539993 -4.9882204840963854e-05 4908.9872571391743 0.0010588393438417502 -0.0006765741409915999 0.00094072679038295019 -0.00034269760116144998 -0.46568992683632998
decision_type=2 2 2 2 2 2 2 2 2 2
left_child=-1 -2 -3 4 5 -4 7 -5 -8 -6
right_child=1 2 3 6 9 -7 8 -9 -10 -11
leaf_value=-0.030092623180110113 0.04620743903552408 0.036957568988051442 -0.048733313046252634 -0.0081313268277710335 -0.099350971432420374 0.0057661367922771569 -0.016797301633637105 0.024344001762717178 0.000889591586136116 -0.023582884613335561
leaf_weight=11.463190220296381 8.3134623542427999 9.6235274001955968 11.799319334328173 39.535790897905827 5.7741504870355129 42.910729169845581 68.973859757184982 72.156895570456982 416.10038948059082 5.988728102296589
leaf_count=56 42 49 66 204 34 209 344 361 2084 34
internal_value=-1.36778e-06 0.000505023 -5.96462e-05 -0.000596761 -0.0156829 -0.00598776 0.00108366 0.0128487 -0.00162535 -0.0607758
internal_weight=692.64 681.177 672.863 663.24 66.4729 54.71 596.767 111.693 485.074 11.7629
internal_count=3483 3427 3385 3336 343 275 2993 565 2428 68
is_linear=0
shrinkage=0.08


Tree=79
num_leaves=8
num_cat=0
split_feature=3 33 16 16 26 28 26
split_gain=1.6571 3.53641 2.62439 2.91897 2.90069 3.72158 1.73904
threshold=0.015819226036765003 0.0062589897774271508 0.006955819922838901 0.0058811707818231009 8.5922556069131152e-05 -0.38113954731531857 3.4369251892649929e-05
decision_type=2 2 2 2 2 2 2
left_child=1 2 3 4 5 -1 -5
right_child=-2 -3 -4 6 -6 -7 -8
leaf_value=0.00043910674852767412 0.03599307175039642 -0.056374820339843347 0.050515087715906397 -0.068769338143666744 0.046358705223814217 -0.058884431771643361 -0.011159776885679634
leaf_weight=641.06469472125173 8.089365713298319 7.1554032638669005 6.5605555400252333 6.0973411276936513 8.6836203560233098 6.8401005417108527 7.4522182047367096
leaf_count=3224 39 36 31 33 46 39 35
internal_value=-2.90461e-06 -0.000428704 0.00016287 -0.000330071 0.000428399 -0.000187187 -0.0370842
internal_weight=691.943 683.854 676.699 670.138 656.588 647.905 13.5496
internal_count=3483 3444 3408 3377 3309 3263 68
is_linear=0
shrinkage=0.08


Tree=80
num_leaves=21
num_cat=0
split_feature=21 44 37 1 4 29 48 22 28 27 52 52 52 31 29 27 41 41 45 42
split_gain=1.7329 4.33383 6.82067 2.44901 4.74836 4.3243 5.43175 4.53181 6.28601 4.93757 6.09616 5.17724 3.97298 5.18693 3.86253 3.45132 4.39237 4.18226 2.39721 2.26017
threshold=0.0022785186116687003 0.66412590733056975 1.0000000180025095e-35 9.7013798368789157 1.0000000180025095e-35 0.4867672630980549 0.058333333333236058 3.8804587493033588e-05 -0.47633373788276906 0.0027222597727557503 -0.016627627869921696 -0.20225911898089532 0.42075776868689346 0.050833092217844156 0.49725068281325535 0.0026649872492755006 4624.0467358705582 4520.6886771660766 0.49321841764574043 2566.611103176027
decision_type=2 2 2 2 2 2 2 2 2 2 2 2 2 2 2 2 2 2 2 2
left_child=3 2 -2 4 12 7 18 8 -5 10 -9 -11 15 -14 19 17 -17 -1 -7 -6
right_child=1 -3 -4 5 14 6 -8 9 -10 11 -12 -13 13 -15 -16 16 -18 -19 -20 -21
leaf_value=0.028678607866607399 -0.046608792973119401 -0.074689856968964907 0.065206597404734112 0.097807512416175857 -0.057397169018412734 0.029294689844103498 -0.018607231915522077 0.0091573553180168653 0.0011469786219172817 -0.028123442629448405 -0.022348038665850854 0.026765367974000323 -0.0043810457354018888 0.084223404438660998 -0.083295480831354449 -0.011700361327548448 0.0086150406987497985 -0.02814049857748482 0.091879117785898828 0.004733107831832623
leaf_weight=9.7640932798385602 7.9177044332027453 6.8816190883517256 6.2454784139990807 7.5447671264410046 5.5756418034434381 6.7929005399346414 7.1123523041605941 74.071825634688139 10.029960811138151 13.316959656774996 83.748303893953562 63.154950730502605 9.1152588129043597 7.8871615827083579 7.9148515909910193 110.05707646161318 178.72010947391391 54.951258383691311 9.2520026937127096 11.427254419773815
leaf_count=48 36 36 32 42 30 36 35 383 55 65 433 321 44 39 38 560 875 274 44 57
internal_value=-3.32741e-06 -0.0226077 0.00269796 0.000706218 -0.0033262 0.00650379 0.0395868 0.00346206 0.042643 0.000523016 -0.00756119 0.0172069 -0.00105268 0.0367212 -0.0371306 -0.00286954 0.000872553 -0.0195678 0.0653829 -0.0156408
internal_weight=691.482 21.0448 14.1632 670.437 395.413 275.024 23.1573 251.867 17.5747 234.292 157.82 76.4719 370.495 17.0024 24.9177 353.493 288.777 64.7154 16.0449 17.0029
internal_count=3483 104 68 3379 1965 1414 115 1299 97 1202 816 386 1840 83 125 1757 1435 322 80 87
is_linear=0
shrinkage=0.08


Tree=81
num_leaves=31
num_cat=0
split_feature=24 24 52 12 2 28 52 52 3 1 54 41 24 0 0 39 9 27 9 3 9 29 29 10 14 41 22 27 24 1
split_gain=1.76345 7.88919 7.10011 5.96762 5.80464 5.4776 5.33494 5.11399 4.59911 7.95832 6.02601 9.07997 5.78044 5.51976 4.73566 4.4474 4.21334 3.76156 4.29017 5.06047 3.56996 3.4117 4.72288 3.53816 4.38287 3.76166 3.38882 3.26302 3.10303 2.80046
threshold=0.0010054146654177002 0.00090623301455655008 0.045414536329706205 0.00083417756159130012 0.90118917527521858 -0.53265116033190496 -0.2706354402404868 0.13761922436248311 0.0059803311374085006 13.114205279442105 0.072158289469186107 4900.196186367034 0.0014640772515025003 50.237418828583309 38.749711280857497 1.0000000180025095e-35 0.0014105514147681002 0.0027882187487428003 0.0015497526430909502 0.0072755539722445502 0.0015217558019947502 0.27968271388667038 0.30826295548016569 0.0017278371070531503 0.0034594191073503001 4904.5775177285095 -4.5257941026160922e-05 0.0026546849103655508 0.00074316577259575013 37.521300842425269
decision_type=2 2 2 2 2 2 2 2 2 2 2 2 2 2 2 2 2 2 2 2 2 2 2 2 2 2 2 2 2 2
left_child=1 2 3 -1 5 -4 -3 -7 9 10 14 26 13 -11 -2 27 -6 18 19 -8 -16 23 -23 24 25 -10 -12 -5 -17 -15
right_child=8 6 4 15 16 7 17 -9 21 12 11 -13 -14 29 20 28 -18 -19 -20 -21 -22 22 -24 -25 -26 -27 -28 -29 -30 -31
leaf_value=0.065895829671254944 0.0089986840561395148 -0.036567301937817022 0.053019035134954942 -0.044732903183902252 -0.1199310380406946 -0.055485014398972653 0.043691613736225821 -0.0059973067610850474 0.0046236466852616108 0.095401165314634467 -0.048332244856363914 0.052539186782557985 -0.047394838119961369 0.029671601807574676 -0.092041737397841605 0.07334888871529778 -0.025307309551264711 -0.026331102438850035 0.099284805123142167 -0.0074526717127251455 -0.019314531445667294 0.075861721172186217 -0.0047465060013458151 0.041780010312998689 -0.06272745909208266 -0.019954900344799704 -0.0068083762095716331 0.0023333479383861868 -0.0016121136582116246 -0.032821697719199565
leaf_weight=10.930937953293322 5.3483239784836796 8.1544965729117376 7.2794920727610579 11.056197017431257 6.0421973317861539 18.707371536642313 48.472392581403255 46.791288323700428 203.32897836714983 6.6247137412428883 26.680818699300289 10.647698700428007 7.5414661690592757 16.756202172487978 17.81061085686088 8.8643750324845296 6.0045662522315979 6.6044800654053679 6.3971751630306235 16.629339769482613 5.702769696712493 9.2735216617584246 9.3341705054044706 12.395360507071016 7.3825339302420607 49.566640071570873 23.798272900283337 63.98174624145031 5.8776728883385649 6.3202706575393668
leaf_count=55 27 41 38 56 30 91 238 241 1011 36 128 53 39 86 89 56 32 30 32 93 31 47 50 60 36 256 114 323 30 34
internal_value=-1.03861e-06 0.00501644 -0.00427691 0.0100857 -0.0213293 -0.012815 0.0250059 -0.0201317 -0.00325953 -0.0159487 -0.0288202 -0.0145951 0.0151525 0.031034 -0.0589479 0.00329063 -0.072767 0.0314345 0.0367704 0.0306275 -0.074403 0.00228307 0.0354262 2.13247e-05 -0.00196737 -0.000193661 -0.0287559 -0.00460146 0.0434618 0.0125557
internal_weight=690.306 271.794 185.536 100.711 84.8249 72.7782 86.2579 65.4987 418.512 127.231 89.9885 61.1268 37.2427 29.7012 28.8617 89.78 12.0468 78.1034 71.4989 65.1017 23.5134 291.281 18.6077 272.674 260.278 252.896 50.4791 75.0379 14.742 23.0765
internal_count=3483 1386 952 520 432 370 434 332 2097 637 442 295 195 156 147 465 62 393 363 331 120 1460 97 1363 1303 1267 242 379 86 120
is_linear=0
shrinkage=0.08


Tree=82
num_leaves=18
num_cat=0
split_feature=46 46 24 24 26 2 40 29 24 3 54 42 44 31 55 54 55
split_gain=1.53872 2.06407 1.68552 7.7087 6.77044 5.5999 4.35511 4.08784 3.58319 3.583 7.44389 5.64668 4.51843 3.50605 5.34937 3.13939 3.09951
threshold=0.54762040358821518 0.52826712363318507 0.0010054146654177002 0.00090623301455655008 -3.1463637974955023e-05 0.085473519131576817 0.25000000000000006 0.21647134328510592 0.00074782467030670003 0.0060880250505213011 0.072158289469186107 2650.2913071291955 0.72247317247531162 0.071509377494035367 0.19437298232255878 0.11708885978682497 0.073661318487961105
decision_type=2 2 2 2 2 2 2 2 2 2 2 2 2 2 2 2 2
left_child=1 2 3 6 15 -6 8 -8 -1 10 12 -12 -4 14 -11 -5 -15
right_child=-2 -3 9 4 5 -7 7 -9 -10 13 11 -13 -14 16 -16 -17 -18
leaf_value=0.068483767368279699 0.039443556872862585 -0.045532606776477191 -0.028202147680364675 0.0081000949239247184 0.12456264658523906 0.030097623015717719 -0.022725059749822751 0.0025908179852035208 -0.010663726364311614 -0.027577781355986267 -0.014496508412668745 0.028573375555688379 -0.092334709116571184 0.04391285793077989 0.068862956034690961 -0.063073532735690233 -0.0020065183180848919
leaf_weight=9.1222504749894124 6.2719455510377875 6.4137393012642852 32.337566290050745 9.6129708141088503 4.2849091589450827 64.050130762159824 69.925508677959442 98.077271439135075 6.1146049797534934 5.4561761245131519 63.244547739624977 28.15420538932085 8.9842561632394773 9.7784949466586095 11.313567712903021 6.7523223459720603 248.05575975775719
leaf_count=59 35 40 164 52 22 316 351 499 32 29 313 141 49 46 59 37 1239
internal_value=-3.46795e-07 -0.00036326 6.57636e-05 0.00499377 0.0249523 0.036021 -0.00423183 -0.00794606 0.0367216 -0.0031759 -0.0139685 -0.00122939 -0.042146 0.00204036 0.0374852 -0.0212662 -0.000265003
internal_weight=687.95 681.678 675.265 267.94 84.7003 68.335 183.24 168.003 15.2369 407.325 132.721 91.3988 41.3218 274.604 16.7697 16.3653 257.834
internal_count=3483 3448 3408 1368 427 338 941 850 91 2040 667 454 213 1373 88 89 1285
is_linear=0
shrinkage=0.08


Tree=83
num_leaves=31
num_cat=0
split_feature=41 46 8 24 15 41 2 2 16 54 12 10 6 22 2 2 24 27 5 47 27 20 8 3 22 16 27 9 54 12
split_gain=1.59014 8.21113 7.33096 5.90824 6.54194 5.35859 5.64503 5.82853 6.22979 4.99995 4.89342 3.75592 4.91636 3.62898 3.53693 3.53136 3.47561 7.25844 5.3353 6.33846 5.55671 4.67401 11.0657 9.57752 5.58342 4.81695 4.72712 4.59383 3.7517 4.99921
threshold=4530.2979046775026 0.50812559730558104 0.0034502409990574004 0.0012145055089412002 -0.0024800398621268997 4617.3273790590401 0.53133698305839161 0.6302489354173183 0.0021485055580595506 0.13506262815878331 0.00092067815966740015 0.00089872824325295012 -0.0010473846525440999 8.7174929423630901e-05 0.90118917527521858 0.56138592901026718 0.0011590630624329003 0.0026619060431968505 1.0000000180025095e-35 1.0000000180025095e-35 0.0027666434435625505 1.0000000180025095e-35 -0.0022669794489782497 0.006783431155263051 0.00016494281427010003 -0.0043031667236178494 0.0026746892156024504 0.0015369808973713002 0.14651178502148643 0.0012709758986445003
decision_type=2 2 2 2 2 2 2 2 2 2 2 2 2 2 2 2 2 2 2 2 2 2 2 2 2 2 2 2 2 2
left_child=1 2 3 4 -1 6 10 -8 -9 14 -2 12 -12 -6 -4 -5 17 28 20 -20 -19 23 27 26 -25 -24 -18 -23 29 -7
right_child=5 -3 9 15 13 16 7 8 -10 -11 11 -13 -14 -15 -16 -17 21 18 19 -21 -22 22 25 24 -26 -27 -28 -29 -30 -31
leaf_value=-0.038169684640600367 0.015188283984385445 -0.06115160822864172 -0.019588360348808034 0.041048423543942648 0.015811964176526271 0.0031930409935067828 0.060990152924688269 -0.049178634987490692 0.035085386296338159 0.037845621754662002 -0.021411113223279547 0.0048503640105073062 -0.081106572694271448 0.07487249040349736 -0.097046385461891815 0.11217061929579863 -0.0010364118505414896 0.0011652799176358115 -0.007225559704276842 0.049634650620204973 0.059432992520993128 0.098861208653865176 0.074305600114734652 -0.019118054008938536 0.032485964666908222 -0.008278345835859003 -0.076559125232438227 0.013489234662331427 0.038226016229128218 -0.047515961762510849
leaf_weight=13.272143095731733 9.8326618298888189 9.9841187186539155 9.3891983479261416 18.894223354756836 43.683762647211552 22.563333928585052 9.015686668455599 13.758253812789919 9.4874223247170431 5.5133002251386634 14.566745951771731 7.3973379656672469 22.41851128637791 7.8558107540011397 6.3074069395661345 5.8517728596925727 7.026486590504649 122.92762618884444 17.19878576695919 46.391941901296377 11.450393199920653 10.011018075048925 4.7078127339482299 40.18156972527504 20.146918997168541 113.44471579790115 21.640092246234417 6.7563296109437934 6.8774655610322943 27.739745333790779
leaf_count=74 49 56 46 103 218 115 45 64 45 31 77 39 110 39 30 32 33 638 85 233 55 47 22 202 99 578 108 33 37 140
internal_value=5.04904e-07 0.00833422 0.0145974 0.0246131 0.0119163 -0.00177887 -0.0201075 0.00638925 -0.0147874 -0.0276935 -0.0358747 -0.0471874 -0.0575954 0.0248141 -0.0507135 0.0578669 0.00152966 0.00791308 0.0151648 0.0342562 0.00613029 -0.00574419 0.00364306 -0.0199756 -0.0018847 -0.00498777 -0.0580477 0.0644609 -0.0171936 -0.0247706
internal_weight=686.293 120.752 110.768 89.5577 64.8117 565.541 86.4766 32.2614 23.2457 21.2099 54.2153 44.3826 36.9853 51.5396 15.6966 24.746 479.064 255.149 197.969 63.5907 134.378 223.915 134.92 88.9951 60.3285 118.153 28.6666 16.7673 57.1805 50.3031
internal_count=3483 629 573 466 331 2854 429 154 109 107 275 226 187 257 76 135 2425 1303 1011 318 693 1122 680 442 301 600 141 80 292 255
is_linear=0
shrinkage=0.08


Tree=84
num_leaves=23
num_cat=0
split_feature=31 55 26 29 4 10 26 0 47 14 54 28 33 6 52 26 53 6 52 53 44 10
split_gain=1.51236 5.30257 6.07962 4.17567 5.3922 3.98007 3.3863 5.7255 3.32854 2.82111 2.68754 4.04923 4.01359 4.50357 7.37553 5.38765 3.8927 5.94857 3.90516 2.54037 1.74779 2.44176
threshold=0.040528297876874363 0.16633433540866469 2.1017147031851282e-05 0.41982234918128153 1.0000000180025095e-35 -0.00070798780565149981 -3.7456707633381791e-05 54.240488132102648 0.049999999999999954 0.0010239450466303002 0.11340893390677921 -0.39119309329156954 -0.0045262796947632992 -0.00038374890214094994 -0.12254295434160879 2.6101639354418017e-05 -0.69621367052093397 -0.0009991891097263499 -0.23926684630063572 -0.28802516993791211 0.48669150936871902 -0.00055460773427244996
decision_type=2 2 2 2 2 2 2 2 2 2 2 2 2 2 2 2 2 2 2 2 2 2
left_child=1 2 5 10 8 -1 -3 20 -5 -9 11 16 -12 14 -14 -15 17 -2 -18 -7 -8 -22
right_child=3 6 -4 4 -6 19 7 9 -10 -11 12 -13 13 15 -16 -17 18 -19 -20 -21 21 -23
leaf_value=-0.048827236822647217 0.028511976635276361 -0.023907400679648465 -0.081823400356819148 -0.028479280766671083 0.013736930538848119 -0.017671967161789533 0.022622198161836197 0.044132461055944469 -0.096375456716648905 -0.021866362643496447 -0.05327189618568684 -0.063616505443473109 0.061257183180116276 -0.013699120859050416 0.0051595190676877309 0.019083906329207902 -0.038495541975227338 -0.050951127448921635 0.0017670615322711305 0.047708235852796606 0.11677553146676212 0.05302334809412676
leaf_weight=6.6951094418764177 8.2082268297672289 7.5477484390139571 7.0018001198768607 11.358965262770655 11.222163610160353 5.9277199879288736 6.5448312684893635 6.2278286889195469 7.7903710678219786 12.394115723669527 6.6865726932883254 7.1199419349431983 24.831747952848673 70.368923775851727 37.883346736431122 58.969664625823498 16.20362751185894 22.711886033415794 317.80112953856587 10.613878831267352 5.2905511185526892 14.071815401315686
leaf_count=36 39 38 33 58 59 30 34 33 39 58 36 38 123 374 193 300 82 112 1613 54 27 74
internal_value=7.37158e-07 0.0101705 -0.0164757 -0.00139179 -0.0302961 0.00321523 0.0256426 0.0340414 -0.0561009 0.000205949 0.000146207 -0.00386594 0.00765701 0.00977832 0.0273711 0.00124773 -0.00270016 -0.0298564 -0.000186205 0.0242791 0.0583622 0.0704429
internal_weight=683.472 82.3154 30.2385 601.157 30.3715 23.2367 52.0769 44.5291 19.1493 18.6219 570.785 372.045 198.74 192.054 62.7151 129.339 364.925 30.9201 334.005 16.5416 25.9072 19.3624
internal_count=3483 417 153 3066 156 120 264 226 97 91 2910 1884 1026 990 316 674 1846 151 1695 84 135 101
is_linear=0
shrinkage=0.08


Tree=85
num_leaves=13
num_cat=0
split_feature=26 14 24 16 10 2 1 31 1 16 54 7
split_gain=1.55507 2.85359 3.79252 3.16836 5.33977 4.55056 3.61224 4.21724 3.80326 3.28646 2.54576 2.35848
threshold=-8.9770886790404932e-05 -0.0030729900043653994 0.0011772807884117503 -0.005323071939601849 -0.00098616996310874972 0.085473519131576817 -82.07497501676697 0.20993121151729374 -58.902881286070617 -0.0038047245085501996 0.097638939239675857 -0.0024659571327899994
decision_type=2 2 2 2 2 2 2 2 2 2 2 2
left_child=-1 2 -2 4 -3 -6 7 -5 9 -8 -4 -10
right_child=1 3 10 6 5 -7 8 -9 11 -11 -12 -13
leaf_value=-0.029504660498384693 0.066194805482487004 -0.086354479956601282 -0.039792199686307289 0.091670947888524076 0.037876035657640743 -0.045145684040885661 0.013703023960639334 -0.00012025078308148997 0.029380101525053565 -0.041363722219590997 0.03587967773955994 0.00038275451984533465
leaf_weight=11.242722190916536 9.7067926563322562 7.2422392219305065 5.6780394613742811 5.9908717721700651 8.3262834250926989 8.5788557603955251 9.6145815104246122 6.884626217186451 18.546391539275646 24.900498270988464 5.7032038122415543 559.43677857890725
leaf_count=56 51 39 28 28 45 48 49 41 94 126 32 2846
internal_value=1.96063e-06 0.000496637 0.0294587 -0.000443676 -0.0288781 -0.00425502 0.000654256 0.0425895 -0.000227277 -0.0260242 -0.0018726 0.00131322
internal_weight=681.852 670.609 21.088 649.521 24.1474 16.9051 625.374 12.8755 612.498 34.5151 11.3812 577.983
internal_count=3483 3427 111 3316 132 93 3184 69 3115 175 60 2940
is_linear=0
shrinkage=0.08


Tree=86
num_leaves=31
num_cat=0
split_feature=45 0 2 15 55 2 53 10 3 53 28 20 31 28 1 1 53 2 27 0 44 55 27 42 27 48 41 45 2 3
split_gain=1.53698 3.00922 4.37845 4.56112 5.41423 4.15145 4.15895 3.71288 3.29896 2.31501 4.91608 4.13677 9.37804 6.33676 8.91827 6.74822 5.95472 3.94762 9.94257 8.62464 4.52444 4.72549 4.20379 4.04343 3.94457 4.18606 3.60112 3.44404 5.00963 4.07651
threshold=0.47231756686024362 21.708203128321497 0.2134575196565329 -0.0010115645725691997 0.17440835716099959 0.13412911342117081 -0.049399770573053295 -0.0002914517966487999 0.0059179188938620004 -0.15080027483020411 -0.46523740219237447 1.0000000180025095e-35 0.031478123190443359 -0.502916171320832 69.228441265458983 11.122125376034091 -0.72340220795699517 0.62362365150907872 0.0027265423279710503 54.408025194716423 0.64079069202375849 0.15133622380251227 0.0026394755614883507 2649.3284265970437 0.0027858372930892003 0.041666666666597151 4970.935390215699 0.48412363952204229 0.12747039942763733 0.0088713256945742516
decision_type=2 2 2 2 2 2 2 2 2 2 2 2 2 2 2 2 2 2 2 2 2 2 2 2 2 2 2 2 2 2
left_child=1 -1 5 8 -5 6 -3 -6 -4 10 11 12 -2 15 -15 -13 -14 19 20 22 21 -19 -11 -24 25 -20 -22 29 -29 -12
right_child=9 2 3 4 7 -7 -8 -9 -10 17 27 13 16 14 -16 -17 -18 18 24 -21 26 -23 23 -25 -26 -27 -28 28 -30 -31
leaf_value=0.059159637431749207 0.096369317759952222 -0.026798858793873781 0.1066247720265274 -0.062978258664561665 -0.022409243393791831 -0.051520392414258737 0.048127261489290418 0.022695182175404498 0.028639534087070415 -0.074686073841795333 -0.014036829784101869 -0.027315405531869938 -0.069136044704841679 0.049367636062621206 -0.038368160402187573 0.041233662470121953 -0.0014653347978368992 0.0011038294406541648 0.088683837946344643 0.060425034888492365 0.0092984198370834967 -0.066422242219754429 0.0034678052947965041 -0.038838193644661206 -0.027180642479580911 0.012958540887530748 -0.053010489395186884 0.049518596393891903 -0.0082722888481741134 -0.07772665930959656
leaf_weight=6.9122035130858412 5.6924659609794608 11.241471238434313 4.9826183505356338 6.6849442645907393 15.078805208206175 14.714697681367396 8.1996535733342188 51.823390457779169 11.447860322892664 5.4137453809380522 22.388930924236778 26.073612995445728 9.5524644628167135 54.611449599266052 8.5798720121383649 14.194805942475794 64.620353624224663 8.2474979534745199 6.6564476639032426 14.037578366696833 18.046402536332611 33.873496662825346 100.98192774131894 16.874730378389359 9.0082191303372365 15.671368792653082 8.8462867885828 10.794916011393068 86.718726385384798 9.0241196081042272
leaf_count=37 29 57 29 35 77 73 44 288 62 26 113 131 45 272 47 73 324 41 31 69 91 168 523 88 43 80 46 54 434 53
internal_value=1.03128e-06 0.00778535 0.00492556 0.014179 0.00566988 -0.0194619 0.00480262 0.0125293 0.0522889 -0.00185457 0.00267383 0.0110918 -0.00258599 0.0216503 0.0374552 -0.00315154 -0.0101804 -0.0078043 -0.019865 0.00101008 -0.0368332 -0.0532003 -0.00575588 -0.00258957 0.0175053 0.035534 -0.0111979 -0.00929596 -0.00187475 -0.0323332
internal_weight=680.995 131.086 124.173 90.0176 73.5871 34.1558 19.4411 66.9022 16.4305 549.909 312.252 183.325 79.8653 103.46 63.1913 40.2684 74.1728 237.658 100.35 137.308 69.0137 42.121 123.27 117.857 31.336 22.3278 26.8927 128.927 97.5136 31.4131
internal_count=3483 702 665 491 400 174 101 365 91 2781 1575 921 398 523 319 204 369 1206 500 706 346 209 637 611 154 111 137 654 488 166
is_linear=0
shrinkage=0.08


Tree=87
num_leaves=9
num_cat=0
split_feature=3 33 16 16 42 54 41 16
split_gain=1.54495 2.59225 2.35008 2.46929 2.99936 4.87866 4.53975 1.55124
threshold=0.015819226036765003 0.0062589897774271508 0.006955819922838901 0.0058811707818231009 2734.9721085274145 0.12321407877994896 4981.0355257660567 0.0063900164140445513
decision_type=2 2 2 2 2 2 2 2
left_child=1 2 3 4 6 -6 -1 -5
right_child=-2 -3 -4 7 5 -7 -8 -9
leaf_value=-0.00037708645981929484 0.035027503818362477 -0.04919543121928803 0.048182193093905409 -0.058930700655464581 0.0058643315262382105 0.064580476202321574 -0.053189404469837637 -0.003944731587592596
leaf_weight=578.97386192530394 7.9649545997381201 6.9002791345119467 6.4405816048383704 7.390272840857504 42.547850094735622 11.505653664469717 10.607820753008125 5.9091878682374954
leaf_count=2965 39 36 31 38 222 63 59 30
internal_value=1.52736e-06 -0.00041469 9.27162e-05 -0.000378753 0.000326285 0.0183625 -0.00132729 -0.0344995
internal_weight=678.24 670.276 663.375 656.935 643.635 54.0535 589.582 13.2995
internal_count=3483 3444 3408 3377 3309 285 3024 68
is_linear=0
shrinkage=0.08


Tree=88
num_leaves=9
num_cat=0
split_feature=53 29 10 10 14 26 41 21
split_gain=1.52212 2.83652 1.7483 2.66564 2.00989 2.21287 3.18078 2.9791
threshold=0.87049386431484821 0.26837518196562682 -0.0021538100744346996 -0.0019227670892622499 -0.0037094189609886497 -4.9882204840963854e-05 4889.8798122683356 -0.0009408066333414499
decision_type=2 2 2 2 2 2 2 2
left_child=2 -2 -1 -4 -5 6 -6 -7
right_child=1 -3 3 4 5 7 -8 -9
leaf_value=-0.031349954672963976 0.015585580834512419 -0.061738129681261474 0.046867931752234804 0.043695044011790946 -0.0049256847326691168 0.017835166993534355 -0.048712832912605725 -0.00044986327920605292
leaf_weight=10.838279165327547 5.4055898040533048 6.9272214993834496 8.0254173129796964 6.8142148479819289 50.935757640749216 64.186081890016794 13.413451280444859 511.21405228972435
leaf_count=54 27 38 41 37 262 347 79 2598
internal_value=1.727e-06 -0.0278464 0.000517855 0.0010455 0.000476735 1.64007e-05 -0.014053 0.00158984
internal_weight=677.76 12.3328 665.427 654.589 646.564 639.749 64.3492 575.4
internal_count=3483 65 3418 3364 3323 3286 341 2945
is_linear=0
shrinkage=0.08


Tree=89
num_leaves=31
num_cat=0
split_feature=1 3 48 45 9 54 54 27 10 28 42 45 27 29 15 28 27 4 29 14 48 44 0 48 9 14 1 20 14 12
split_gain=1.41083 4.89098 5.23823 7.17596 5.11339 5.45811 5.11787 4.81425 3.50308 5.33704 5.92121 5.25651 6.04216 8.83505 3.96161 5.15033 3.64697 3.3726 3.50889 2.95496 4.52552 7.07151 5.30319 4.99416 5.11402 3.60285 3.68674 3.58424 2.90203 2.63192
threshold=9.7013798368789157 0.005144283403352351 0.074999999999874958 0.50359489560870185 0.0013704906399997503 0.061865773592033706 0.11619210668318787 0.0026611739694190504 -0.00065554821824794992 -0.44855969889405362 2564.2186772964892 0.48221171308512861 0.0027517628610480506 0.2604575917015044 0.0033823333016503002 -0.45810833168200693 0.0027858372930892003 1.0000000180025095e-35 0.49725068281325535 -0.00054043884899539988 0.12499999999979165 0.73824157291684778 50.022238529363108 0.19166666666634719 0.0014518078322284503 -0.00082883766069319993 -1.2346380660819702 1.0000000180025095e-35 0.00054363827786435006 0.0015418544031581003
decision_type=2 2 2 2 2 2 2 2 2 2 2 2 2 2 2 2 2 2 2 2 2 2 2 2 2 2 2 2 2 2
left_child=17 2 4 -4 7 -6 -7 -2 9 -3 -11 14 13 -13 -10 -16 -14 19 -19 25 21 22 -21 24 -22 26 27 -1 -23 -27
right_child=1 8 3 -5 5 6 -8 -9 11 10 -12 12 16 -15 15 -17 -18 18 -20 20 23 28 -24 -25 -26 29 -28 -29 -30 -31
leaf_value=-0.011897637188090636 0.013065032947161728 0.037192081981120791 0.033971103965230211 -0.087619074932880653 -0.043934871587233609 0.076607345881308464 -0.019400338781638635 0.092392081427032216 0.030387651954498263 0.047434175274546367 -0.052553095961594069 -0.014203442626440962 0.04729624164020766 -0.085272149448189158 0.032074485766140047 -0.074841812263743673 -0.017821772619313937 -0.011473364263835413 -0.076879652925316386 -0.016647491440021808 0.013404785925293048 -0.027411241019949361 0.01529974207649676 -0.021147824478715053 0.099470247802830036 0.04928919694270411 0.058022334899625064 0.014437515090249025 -0.083830755352995875 -0.012887676593775757
leaf_weight=80.557587146759033 7.384243972599509 31.901676155626774 6.9539772123098356 5.6145263761281967 7.575425677001479 9.168962247669695 5.8021923974156371 14.532029669731854 34.578200560063124 5.7527052760124233 11.113164454698561 91.81335810944438 14.295523881912233 12.749859206378458 5.5259695202112198 6.0302338823676092 8.9508899934589845 16.876868087798361 7.6193567439913741 101.79612546414137 11.505185253918176 12.668672218918802 49.388740330934525 11.177899099886416 7.1736708134412757 18.926260672509674 7.1047668159008017 56.115394167602062 10.816423863172529 5.6600904166698447
leaf_count=424 38 166 38 30 39 48 32 79 200 29 58 469 72 65 30 30 46 89 38 498 60 62 243 63 33 100 37 283 55 29
internal_value=9.10107e-07 0.0043532 0.0252569 -0.0203449 0.0381473 0.0113995 0.0393988 0.0656644 -0.000999756 0.0179491 -0.0184489 -0.00631232 -0.0146677 -0.0228692 0.0168351 -0.0237164 0.0222229 -0.00306291 -0.0318175 -0.00117394 -0.00763531 -0.0125553 -0.00621104 0.0211477 0.0464585 0.00667525 0.00183587 -0.00108491 -0.0533961 0.0349753
internal_weight=677.13 279.743 57.0314 12.5685 44.4629 22.5466 14.9712 21.9163 222.712 48.7675 16.8659 173.944 127.81 104.563 46.1344 11.5562 23.2464 397.387 24.4962 372.891 204.527 174.67 151.185 29.8568 18.6789 168.364 143.778 136.673 23.4851 24.5864
internal_count=3483 1469 304 68 236 119 80 117 1165 253 87 912 652 534 260 60 118 2014 127 1887 1014 858 741 156 93 873 744 707 117 129
is_linear=0
shrinkage=0.08


Tree=90
num_leaves=23
num_cat=0
split_feature=26 21 46 21 44 28 41 28 54 41 14 29 26 10 28 27 52 27 21 21 27 26
split_gain=1.70545 5.13305 4.44146 4.43443 3.6138 3.44361 6.47542 4.34547 4.72879 5.18999 3.44231 5.59537 5.1127 3.33204 3.81792 3.23458 4.65532 4.23878 2.49277 2.96219 2.30353 2.23391
threshold=1.0218080723549968e-05 0.00016513570823810004 0.51945800828039024 0.0004750446368185001 0.81244560511485553 -0.40844440327842413 4727.4042325026903 -0.42817027303177174 0.050054071833401208 4825.6003233712609 0.00039240219683740009 0.13771044075718028 -7.6099497917763274e-06 0.00090598720857860005 -0.49325204330940681 0.0027042207980719005 0.07415392524680707 0.0026981460723248508 6.4866215508276072e-05 -0.00016735228077434998 0.0027117481838905503 -3.0005065446837699e-05
decision_type=2 2 2 2 2 2 2 2 2 2 2 2 2 2 2 2 2 2 2 2 2 2
left_child=3 18 4 5 15 7 21 10 -9 -10 12 -12 -1 14 -5 17 -17 -3 19 -2 -6 -7
right_child=1 2 -4 13 20 6 -8 8 9 -11 11 -13 -14 -15 -16 16 -18 -19 -20 -21 -22 -23
leaf_value=-0.0042834521165126815 0.074513244846461296 -0.0020226702924376599 0.056351651204862518 -0.0064374946445317953 -0.0027063923223069157 -0.029715921052019444 -0.086072281512848015 -0.037493022336451361 0.07683055820836579 -0.006541253944165425 0.014489549913749572 -0.041896467870877155 0.022024545875775788 0.011936940231217164 -0.090331012067946123 -0.0029105079028081053 0.028917647467455454 -0.049430318284578799 0.083656993859151638 -0.00071528278484867328 -0.070810383060032289 0.041871143411846674
leaf_weight=221.29066016897559 5.0298212319612512 100.93257769942284 9.1614518463611585 5.4984964355826387 5.5818324685096723 5.5436544232070446 8.5964622125029546 5.097348332405093 13.970299556851389 7.2631046772003165 17.573119826614857 31.368776183575392 60.12226690351963 5.8256385996937743 9.4188248738646507 66.694088339805603 52.611391648650169 13.710044786334036 6.5098407603800288 10.029571563005447 7.3824719116091728 5.6161089912056941
leaf_count=1157 35 511 48 29 31 32 48 28 70 39 98 161 292 29 53 331 260 68 40 57 38 28
internal_value=1.87411e-06 0.0048121 0.00165515 -0.00336061 -0.000374317 -0.00137635 -0.033888 0.00042442 0.0317014 0.0483124 -0.00206849 -0.0216505 0.0013371 -0.0393709 -0.059408 0.00190401 0.0111251 -0.00769212 0.0422921 0.024411 -0.0414879 0.00631
internal_weight=674.828 277.643 256.074 397.185 246.912 376.442 19.7562 356.686 26.3308 21.2334 330.355 48.9419 281.413 20.743 14.9173 233.948 119.305 114.643 21.5692 15.0594 12.9643 11.1598
internal_count=3483 1419 1287 2064 1239 1953 108 1845 137 109 1708 259 1449 111 82 1170 591 579 132 92 69 60
is_linear=0
shrinkage=0.08


Tree=91
num_leaves=25
num_cat=0
split_feature=26 21 2 14 1 44 16 42 0 0 8 28 24 14 29 29 28 26 27 53 6 22 53 33
split_gain=1.51129 6.19439 4.81056 3.78731 3.93766 8.93084 5.55641 4.75477 3.63378 3.55751 6.38678 3.48073 4.40425 3.45925 3.38793 4.45452 4.16593 4.47488 3.41293 3.17254 3.08738 3.07119 2.59503 1.69896
threshold=1.7376624609963826e-05 0.00065844319755230002 0.83892691825532351 -0.00054043884899539988 -43.421059743872313 0.64079069202375849 -0.00067609970848334989 2570.0152281470987 33.045424185069876 46.114631216460474 -0.0010909643790104997 -0.40705334323246062 0.0012549877038891004 0.00067283771573550008 0.4867672630980549 0.41982234918128153 -0.44331290769336013 -3.8096092225056879e-05 0.0027723382169619003 0.023953594642554605 -0.0010145258310442498 -0.00014012030749639999 -0.23994319238117118 1.0000000180025095e-35
decision_type=2 2 2 2 2 2 2 2 2 2 2 2 2 2 2 2 2 2 2 2 2 2 2 2
left_child=1 11 23 22 5 8 7 -6 -5 21 -11 14 -13 -7 15 18 17 -16 -1 -17 -14 -8 -2 -3
right_child=3 2 -4 4 6 13 9 -9 -10 10 -12 12 20 -15 16 19 -18 -19 -20 -21 -22 -23 -24 -25
leaf_value=-0.0022739876984690121 0.074845585500331366 -0.048565571613939221 -0.0071560661541353876 -0.025465623477592212 0.00049529927334973265 -0.025074339057660131 0.010103345111915778 0.080486699382309526 0.056228300572600275 0.061431754897567636 0.0014884636364761561 0.015880764928408255 -0.012030713956854849 -0.090143671859066354 -0.049787213953036695 -0.0093463929764680681 0.071871800933183044 0.022561058766689217 0.024994171483034591 -0.078383484021239194 -0.09130114356678537 -0.055135843017165953 0.01092282769849752 -0.11258277524059818
leaf_weight=298.22125109657645 8.0115665420889872 4.9619674980640429 10.862144015729426 5.5739897042512885 8.1123099550604838 11.215039908885958 7.5502989590168026 11.494201473891733 9.2964282780885679 12.447246491909025 132.15161498636007 7.6431879661977318 5.1525487452745447 9.7963106483221036 6.6199342533946028 9.1664856597781199 8.5231208205223066 31.539039269089699 32.586058329790831 7.9591343700885764 8.0684303455054724 11.891886241734026 8.2500902190804464 5.7022158652544022
leaf_count=1556 44 29 59 29 40 55 37 58 47 62 671 40 26 52 37 49 43 165 163 41 48 57 43 32
internal_value=1.06995e-06 -0.00278403 -0.0446282 0.00516287 0.00240339 -0.0218358 0.00713934 0.0473898 0.0256064 0.00232852 0.00664846 -0.000616051 -0.0324607 -0.0554122 0.00106765 -0.00164752 0.0213045 0.0100099 0.000412053 -0.0414314 -0.0604075 -0.0298005 0.0424154 -0.082796
internal_weight=672.797 437.006 21.5263 235.791 219.529 35.8818 183.648 19.6065 14.8704 164.041 144.599 415.479 20.8642 21.0114 394.615 347.933 46.6821 38.159 330.807 17.1256 13.221 19.4422 16.2617 10.6642
internal_count=3483 2288 120 1195 1108 183 925 98 76 827 733 2168 114 107 2054 1809 245 202 1719 90 74 94 87 61
is_linear=0
shrinkage=0.08


Tree=92
num_leaves=13
num_cat=0
split_feature=26 21 54 21 3 26 54 21 21 0 26 27
split_gain=1.42367 4.82977 4.4592 3.25014 1.94491 2.12699 5.99569 5.04651 2.54119 3.28766 3.07567 1.71092
threshold=6.9217025154828658e-05 0.0020899168522566006 0.044865248297955657 0.0024329347080923004 0.015819226036765003 4.1688763314569427e-05 0.03416872251430756 0.0015659200453663001 0.0008967541857356501 46.294074399891194 1.0218080723549968e-05 0.0027163040567130003
decision_type=2 2 2 2 2 2 2 2 2 2 2 2
left_child=1 4 -2 11 5 8 -7 -8 10 -10 -1 -4
right_child=2 -3 3 -5 -6 6 7 -9 9 -11 -12 -13
leaf_value=-0.0036010981427479238 0.07638433838240348 -0.060578409121441655 -0.0021743766237349474 -0.033195275979404033 0.041442149379824551 -0.065832792137280008 0.036077585589120213 -0.008723940740639799 -0.050114828193904531 -0.0067894242951016823 0.011848563625856273 0.053718657259720456
leaf_weight=386.81088068708777 6.3755936026573208 8.5368472784757596 6.9113178402185458 10.191166311502455 7.1654867455363265 5.7970950901508322 42.013062171638012 26.079689897596836 15.081179745495318 43.661891959607601 104.81324307620525 7.1117094829678535
leaf_count=2020 38 43 34 48 36 29 217 127 86 219 550 36
internal_value=-1.80306e-06 -0.000807723 0.0168586 0.00118547 3.78489e-07 -0.000475308 0.0122693 0.0189185 -0.00218634 -0.0179124 -0.000307262 0.0261715
internal_weight=670.549 639.959 30.5898 24.2142 631.423 624.257 73.8898 68.0928 550.367 58.7431 491.624 14.023
internal_count=3483 3327 156 118 3284 3248 373 344 2875 305 2570 70
is_linear=0
shrinkage=0.08


Tree=93
num_leaves=17
num_cat=0
split_feature=16 42 2 53 32 26 29 10 29 6 26 33 15 30 27 32
split_gain=1.37189 5.25826 3.34462 2.75436 2.53044 2.15883 2.98919 3.78662 3.36711 2.21641 3.47608 4.70433 2.81265 3.32215 2.45515 1.95368
threshold=-0.005323071939601849 2517.446691306945 -0.070117316647858086 -0.34033118788688282 -0.0060725596993666487 -5.8972152635668208e-05 0.10529438341616791 -6.7021738580444018e-05 0.29618617157530719 -0.0011703005782764497 -3.2945099790044603e-06 -0.0041671525805242991 -0.0021180793819859495 -1.6434274825320172 0.0027955772854032506 -0.0052402180662414989
decision_type=2 2 2 2 2 2 2 2 2 2 2 2 2 2 2 2
left_child=1 4 -2 -3 -1 6 -4 8 -8 10 11 -7 13 -11 -14 -6
right_child=2 3 5 -5 15 9 7 -9 -10 12 -12 -13 14 -15 -16 -17
leaf_value=0.003307306470795543 0.051992190716349786 0.060302137521770237 0.0245649395572341 -0.013731595135601021 -0.10005659078567972 -0.047454161701075269 -0.033942921264489681 -0.081344766883856862 0.025006984379170337 0.026825853017990977 0.060008652355728644 0.019149630257709067 0.0023328649624446587 -0.043748296313422447 -0.023477948606715343 -0.036540363848514161
leaf_weight=4.9761402532458332 8.0620425343513471 6.2605951502919197 8.8322695866227132 6.6138249859213811 5.4677575975656536 8.235787168145178 18.926728449761868 6.7502872049808529 9.2229132018983346 5.5841971933841732 9.7190946266055089 38.582272365689278 481.70040051266551 18.122429896146059 24.800337851047516 7.1549406349658957
leaf_count=29 42 32 46 35 31 47 99 36 50 27 50 203 2491 96 128 41
internal_value=-6.38442e-07 -0.0165838 0.000790767 0.0222697 -0.045007 0.000136044 -0.017011 -0.0275328 -0.0146286 0.00141407 0.0164714 0.00743333 -0.000191517 -0.0271243 0.00106906 -0.0640536
internal_weight=669.012 30.4733 638.539 12.8744 17.5988 630.477 43.7322 34.8999 28.1496 586.745 56.5372 46.8181 530.207 23.7066 506.501 12.6227
internal_count=3483 168 3315 67 101 3273 231 185 149 3042 300 250 2742 123 2619 72
is_linear=0
shrinkage=0.08


Tree=94
num_leaves=30
num_cat=0
split_feature=1 53 53 3 24 8 1 16 3 27 44 41 8 15 29 53 29 1 3 3 55 3 55 6 53 26 40 12 6
split_gain=1.42326 4.68524 8.54945 8.61781 6.75089 7.00302 5.87144 5.00117 4.90072 5.32949 4.73253 4.59852 7.12034 4.50886 4.43788 3.64453 3.6134 2.9439 3.52673 5.02106 8.46426 4.23477 3.30249 3.72383 4.78738 3.94825 2.9287 2.43666 1.60503
threshold=9.7013798368789157 -0.68469262103448958 -0.15466313762660808 0.0052587845159875008 0.00096351053806455016 0.00060550826127935009 46.66489554273722 0.0063900164140445513 0.0055836044501296504 0.0027449975875734503 0.46445579278514043 4857.9639159126973 0.0045290672351799002 0.0024734483499268506 0.4536009869218533 -0.90034176163102553 0.10529438341616791 -7.9787535675750396 0.0037132817751941503 0.0050536509287515512 0.27562783163663601 0.0052411964395059508 0.071971230416803214 0.00071361941920350012 0.057608691458951505 2.1414876252092447e-06 0.75000000000000011 0.0014062509306077002 0.00077147961240520006
decision_type=2 2 2 2 2 2 2 2 2 2 2 2 2 2 2 2 2 2 2 2 2 2 2 2 2 2 2 2 2
left_child=15 8 3 26 5 -4 10 -8 -2 16 -6 13 -13 -5 -7 -1 -10 18 27 20 -20 -21 -19 25 -25 -24 28 -17 -3
right_child=1 2 4 11 6 14 7 -9 9 -11 -12 12 -14 -15 -16 17 -18 22 19 21 -22 -23 23 24 -26 -27 -28 -29 -30
leaf_value=0.044091582950908322 0.049055474355579699 0.075464614471296099 0.040184225839717244 0.044867362809049023 0.095154809683294247 -0.067920293613975197 -0.034684920736701319 0.045654857159603754 -0.018178713395283107 0.024186706488156778 0.014853440177219145 -0.036224373269264254 0.023021684237668243 -0.011006976900588678 -0.0038525479033582133 0.0098413472701204627 -0.090755589153550184 -0.066634048862742129 -0.04450529531759672 0.057342505060382951 0.042467870197997519 0.00010712335921221672 -0.015077890916593301 -0.064005132103495718 0.0073708019777704702 0.028651125264891681 0.10498984747578995 0.070772883529335251 0.016001734522784215
leaf_weight=10.1993495747447 4.6819134131073978 5.4817455150187016 6.7877563610672942 37.176441930234432 5.2339545413851729 23.4143824018538 27.276951182633638 6.0608197748661032 7.2886631712317529 6.1464802734553805 45.79090279340744 23.138074651360512 29.579358141869307 12.301803596317766 9.8222435489296895 10.350587837398054 11.040842562913893 7.7434424087405196 35.717490594834089 8.6032234132289869 8.9573812261223775 215.75995026156306 42.322228271514177 16.273040652275089 9.5398857221007329 19.213369846343994 8.8473461344838142 7.069147862493991 6.1807950437068939
leaf_count=50 27 33 36 191 29 127 142 28 38 32 239 121 173 64 51 56 57 39 181 42 45 1118 218 80 48 100 48 37 33
internal_value=-2.49965e-06 0.0043949 0.00797383 0.0229563 -0.00680615 -0.0338641 0.00603105 -0.0200791 -0.025934 -0.0402784 0.0230905 0.0134586 -0.00298185 0.0309753 -0.0489867 -0.00310342 -0.0618957 -0.00436501 -0.000316296 -0.002575 -0.027067 0.00230182 -0.0165615 -0.0121225 -0.0376262 -0.0014243 0.0702814 0.0345681 0.0439511
internal_weight=668 276.25 247.093 122.706 124.387 40.0244 84.3626 33.3378 29.1579 24.476 51.0249 102.196 52.7174 49.4782 33.2366 391.749 18.3295 381.55 286.458 269.038 44.6749 224.363 95.092 87.3485 25.8129 61.5356 20.5099 17.4197 11.6625
internal_count=3483 1469 1315 663 652 214 438 170 154 127 268 549 294 255 178 2014 95 1964 1479 1386 226 1160 485 446 128 318 114 93 66
is_linear=0
shrinkage=0.08


Tree=95
num_leaves=26
num_cat=0
split_feature=26 27 21 8 7 8 33 16 44 37 42 53 26 9 21 9 27 46 0 42 42 26 21 3 21
split_gain=1.33361 4.55055 4.6048 3.63499 9.35004 5.34828 5.26405 4.57063 3.56901 6.72329 5.03504 3.44684 3.2218 3.11252 3.0585 4.0238 4.64065 3.06304 2.66789 2.55067 2.42349 2.40089 3.87315 3.46749 1.97838
threshold=3.1715194760804263e-05 0.0026540412347533008 0.0016483205743451003 0.0023780080589603006 0.00060118778995770005 -0.00078182234694334997 0.0040399462932796011 0.0016072009289066502 0.65990850961415826 1.0000000180025095e-35 2638.3026111164113 0.044315475672454807 6.6033028429632491e-05 0.0014589174562567003 0.00085927634170165012 0.0014316813240270001 0.0027316672135444006 0.52410135533191538 68.352810470567121 2792.5272103610846 2659.1955300071972 2.1414876252092447e-06 -0.00021285217701219998 0.013739416123360203 0.00099833007152385017
decision_type=2 2 2 2 2 2 2 2 2 2 2 2 2 2 2 2 2 2 2 2 2 2 2 2 2
left_child=14 -2 3 4 5 -3 20 -6 9 10 -4 13 -11 -10 17 18 -17 19 24 21 -5 23 -23 -1 -16
right_child=1 2 8 6 7 -7 -8 -9 11 12 -12 -13 -14 -15 15 16 -18 -19 -20 -21 -22 22 -24 -25 -26
leaf_value=-0.0039784232398242065 -0.042219767905273875 0.019332357358927618 -0.056251358548822454 0.038721223161967466 -0.07841244322388384 0.090891933101005892 0.0067515711911259107 -0.0018318720375187802 -0.016897913248635484 0.0074933967659190758 0.022607835512919894 0.015042562026188429 0.08093861828199754 -0.089295195551393217 -0.059276795675968511 -0.099647290688854598 -0.0039337805995547665 -0.049743114651895515 0.039112104863209901 -0.048103405467176792 0.1089542110290681 0.056034808985434781 0.0061904013944742787 0.042548638824795385 0.0044811825039516992
leaf_weight=317.92342511191964 11.419422484934328 34.877855956554413 11.708672553300859 5.1070898249745396 8.2668291479349154 8.2691118940711004 10.792310170829294 12.575590908527372 7.4572245627641696 6.9053280279040328 9.2956291213631612 6.7090255841612807 8.5623135119676572 7.7506922371685505 5.5965542197227496 7.734531454741953 5.5815543159842491 7.9092000499367705 6.556853622198104 6.8202011957764617 8.1820642650127393 10.874535430222748 120.91905087605119 10.592976830899714 7.0237858518958092
leaf_count=1666 59 176 55 28 39 42 51 64 38 33 45 36 47 41 29 47 32 52 32 39 49 68 620 56 39
internal_value=-8.40001e-07 0.00642055 0.010213 0.0217631 0.0117927 0.0330467 0.0482565 -0.0322064 -0.00720854 0.00812382 -0.0213516 -0.0327231 0.04815 -0.0537951 -0.00199836 -0.0257438 -0.0595281 -0.000374138 -0.00228493 0.000461751 0.0819633 0.00118132 0.0103032 -0.00247816 -0.0237926
internal_weight=665.412 157.879 146.46 88.0709 63.9894 43.147 24.0815 20.8424 58.3889 36.4719 21.0043 21.9169 15.4676 15.2079 507.533 32.4933 13.3161 475.039 19.1772 467.13 13.2892 460.31 131.794 328.516 12.6203
internal_count=3483 803 744 449 321 218 128 103 295 180 100 115 80 79 2680 179 79 2501 100 2449 77 2410 688 1722 68
is_linear=0
shrinkage=0.08


Tree=96
num_leaves=10
num_cat=0
split_feature=26 21 26 2 28 54 0 26 30
split_gain=1.31892 2.85371 2.86038 2.46383 2.44552 2.49749 2.18024 4.38546 4.32586
threshold=-8.9770886790404932e-05 -0.0021277285876340492 -6.9916584601297316e-05 -0.059933183184939447 -0.4716419731682478 0.11845926323386931 51.251525639532908 -4.4653106534337071e-05 0.46059343709638656
decision_type=2 2 2 2 2 2 2 2 2
left_child=-1 4 -3 -4 -2 -6 7 -5 -8
right_child=1 2 3 6 5 -7 8 -9 -10
leaf_value=-0.027508096450428159 0.070064867358615265 -0.044355660330000282 0.049396298869713091 -0.036482013084921883 0.039107964080984416 -0.027190556509864919 0.026555043304513318 -0.0021558779040769978 0.00032042031853663893
leaf_weight=10.969013396650551 6.5136725828051594 9.3814058378338796 6.4348067194223395 25.919237941503525 8.676836319267748 6.2599894851446143 48.071338292211294 294.13080478832126 246.46646696329117
leaf_count=56 34 49 35 152 42 30 258 1519 1308
internal_value=1.98269e-06 0.000464906 -0.000511497 0.00015083 0.0291602 0.0113224 -0.000364776 -0.00493578 0.00460216
internal_weight=662.824 651.855 630.404 621.023 21.4505 14.9368 614.588 320.05 294.538
internal_count=3483 3427 3321 3272 106 72 3237 1671 1566
is_linear=0
shrinkage=0.08


Tree=97
num_leaves=21
num_cat=0
split_feature=3 3 0 12 12 24 54 54 8 54 54 44 12 27 24 26 3 48 24 44
split_gain=1.30677 5.40506 4.49886 4.78568 5.95715 4.24137 4.19043 3.97133 5.74802 6.98302 3.85557 5.89451 3.49768 3.22216 3.04788 5.98876 4.70868 3.47433 3.88689 1.82785
threshold=0.0061107042344233009 0.0064286248820618506 30.223670760247952 0.00094629832830965012 0.00098794144971410037 0.00063546418278735012 0.094359705890370016 0.056626443857330157 -0.00094672041764089991 0.076695683278008672 0.033356992563326505 0.5960611671651338 0.0013912366522395503 0.0026960960473026005 0.0008922246257667501 3.7705917904013444e-05 0.007261325944406251 0.24166666666626388 0.0010258931714664501 0.63285456555819786
decision_type=2 2 2 2 2 2 2 2 2 2 2 2 2 2 2 2 2 2 2 2
left_child=2 6 -1 7 -5 -3 13 -4 -9 -10 11 -6 -12 -2 15 16 -7 18 -16 -8
right_child=1 5 3 4 10 14 19 8 9 -11 12 -13 -14 -15 17 -17 -18 -19 -20 -21
leaf_value=0.057962541365432031 -0.040317154147009829 0.066293327422765752 0.059889836504434753 -0.075179137046619687 0.0022769506727225177 -0.074515557000005658 0.039940432361387147 -0.044126595206270151 -0.051357244681021152 0.051207206102033144 -0.01612419420575998 -0.092676808614968742 0.0045972567029280275 0.038232197548998245 0.028456993029401263 0.043291395031609649 -0.014880579106968177 -0.048182923829841927 0.00028281317797444126 0.095684260120868767
leaf_weight=7.2986558973789206 5.8983178958296794 6.1302515715360633 11.050179250538347 8.7027449831366521 8.4594490453600901 11.455646969377993 8.2670952118933183 10.620696790516375 5.5738566592335728 17.866187185049057 95.350235130637884 8.2789429202675802 115.02511595934629 7.7126282081007957 36.00012044608593 8.4052294716238958 32.554285015910864 8.4357914030551893 242.02383728325367 6.9124533906579009
leaf_count=38 31 42 59 47 42 57 46 55 29 98 501 44 599 42 191 43 181 53 1250 35
internal_value=1.84782e-06 0.00312291 -0.00404581 -0.00565682 -0.0102237 0.000343937 0.0364242 0.0182164 0.00469645 0.0268182 -0.00773467 -0.0446879 -0.00479451 0.00419275 -0.000849089 -0.0185858 -0.0304034 0.00239629 0.00393097 0.065325
internal_weight=662.022 373.796 288.226 280.927 235.816 345.005 28.7905 45.1109 34.0607 23.44 227.114 16.7384 210.375 13.6109 338.875 52.4152 44.0099 286.46 278.024 15.1795
internal_count=3483 1971 1512 1474 1233 1817 154 241 182 127 1186 86 1100 73 1775 281 238 1494 1441 81
is_linear=0
shrinkage=0.08


Tree=98
num_leaves=14
num_cat=0
split_feature=53 41 10 10 10 31 53 2 41 26 10 28 28
split_gain=1.3236 3.006 1.62216 1.83498 3.78261 2.68373 2.65213 2.59753 3.29875 2.21451 2.06513 7.18687 2.94352
threshold=0.87049386431484821 4707.9108729806148 -0.0022663959068515995 -0.00069119092917824991 -0.00081278212693524992 0.088955743845396867 0.72046336893289664 -0.070117316647858086 4505.6946432418999 -1.3305207367884861e-05 -0.00045208237083494996 -0.45410883924887924 -0.47395376884306295
decision_type=2 2 2 2 2 2 2 2 2 2 2 2 2
left_child=2 -2 -1 4 7 -6 10 -4 -9 -7 11 -5 -12
right_child=1 -3 3 6 5 9 -8 8 -10 -11 12 -13 -14
leaf_value=-0.036176436357110389 0.018890266684843636 -0.06200393438184499 0.050690204877085067 -0.036691291238588705 0.0052265483765999285 0.019778545520730075 0.044371470799968608 0.028000308267965686 -0.0055723172847707983 0.087387708930329377 0.005889578464555012 0.029106274383958252 -0.0073759420264234658
leaf_weight=7.6320778056979171 5.2508175298571569 6.6800130046904087 7.0306419618427745 36.237580336630344 8.9123262800276297 4.9623678326606742 7.9467356875538817 23.031816359609365 100.30562150478363 8.2644130252301675 225.33208816498518 15.031203135848044 203.94547593593597
leaf_count=40 27 38 37 192 49 29 40 122 527 44 1200 77 1061
internal_value=2.2921e-06 -0.026402 0.000487968 0.000924513 0.00858507 0.0391586 -0.00146711 0.00339307 0.000696976 0.0620224 -0.00222513 -0.0174005 -0.000412738
internal_weight=660.563 11.9308 648.632 641 152.507 22.1391 488.493 130.368 123.337 13.2268 480.546 51.2688 429.278
internal_count=3483 65 3418 3378 808 122 2570 686 649 73 2530 269 2261
is_linear=0
shrinkage=0.08


Tree=99
num_leaves=21
num_cat=0
split_feature=53 42 16 42 27 24 16 41 7 0 30 55 45 45 3 45 3 55 6 6
split_gain=1.32053 7.85753 5.2861 4.74496 3.8351 3.04255 2.64967 7.49899 4.64724 3.46893 3.27482 2.67984 2.52065 3.6783 2.68125 2.47687 2.47088 2.2384 1.93218 1.81206
threshold=-0.76712859528430444 2559.6592662574844 -0.0027385784514524498 2653.3677460682816 0.0027179654366038504 0.0011453522283806003 -0.0048879100960651988 4733.3396426660302 -0.0037455408502238496 26.262261520096519 -2.4083498374932959 0.42371866229311295 0.47545544126367983 0.47464365554996651 0.014428959268242302 0.48952387683675708 0.0099487148044761012 0.4746570055661854 -0.0019503425661215499 -0.0019223413891527998
decision_type=2 2 2 2 2 2 2 2 2 2 2 2 2 2 2 2 2 2 2 2
left_child=1 4 -3 15 -1 -5 7 9 16 11 19 -2 13 -12 -14 -4 -8 -13 -9 -10
right_child=6 2 3 5 -6 -7 8 18 10 -11 12 17 14 -15 -16 -17 -18 -19 -20 -21
leaf_value=-0.0050358994945951842 0.025975239903654281 0.033105734209902073 -0.09876445857206502 -0.047971416533434647 0.079464491902238837 0.033683768613354335 0.012216545874727511 0.063295989583553675 0.0093025050200379669 -0.085168727593448748 0.0076467932014235556 -0.078260031741779298 -0.0032996075130032362 0.074452900582072976 0.041675137158439866 -0.041979492552810249 0.090674896218139497 -0.0059633798471931797 0.002635207679031464 0.070788667972150984
leaf_weight=6.5155590847134572 4.9381852820515659 6.7947695180773726 9.2710653468966537 5.4749672934412938 7.2763036787509918 6.2592589370906353 4.6613913923501951 5.7991186454892159 5.7314493507146835 8.9737701117992383 115.90085699409246 5.9457135722041112 416.19999923557043 5.5261528491973868 8.6601300686597806 10.465433441102503 5.7228647544980049 5.0847709476947784 7.9916965514421445 6.600142799317835
leaf_count=34 27 33 47 27 38 33 29 28 29 49 637 38 2168 29 43 54 31 31 40 38
internal_value=2.644e-06 -0.0122259 -0.0308854 -0.0447016 0.0395448 -0.00441499 0.00105012 -0.0191961 0.00242832 -0.0453704 0.00144259 -0.0230053 0.000522296 0.0106871 -0.00238287 -0.0686538 0.0554557 -0.0449331 0.0281434 0.0422113
internal_weight=659.794 52.0574 38.2655 31.4707 13.7919 11.7342 607.736 38.7333 569.003 24.9424 558.619 15.9687 546.287 121.427 424.86 19.7365 10.3843 11.0305 13.7908 12.3316
internal_count=3483 266 194 161 72 60 3217 213 3004 145 2944 96 2877 666 2211 101 60 69 68 67
is_linear=0
shrinkage=0.08


Tree=100
num_leaves=10
num_cat=0
split_feature=46 45 15 24 8 45 46 45 46
split_gain=1.30662 1.85346 5.43809 2.48993 4.05957 2.31635 2.20421 4.22217 2.54957
threshold=0.54762040358821518 0.53761531693299036 -0.00164551729915365 0.0011295603499174003 0.00095304196109445008 0.53616727145519161 0.51410336771880927 0.53181436044290098 0.50753553026517995
decision_type=2 2 2 2 2 2 2 2 2
left_child=1 5 -3 4 -4 6 7 8 -1
right_child=-2 2 3 -5 -6 -7 -8 -9 -10
leaf_value=0.00078115151313052993 0.037130657444188662 0.040129235344825237 0.024600521316315488 -0.073775119913793166 -0.064936860802954285 0.050869117730600863 0.04513232688309203 -0.065697044409203653 -0.052769038288058734
leaf_weight=599.12868931517005 6.0107089318335047 7.1725859381258514 6.7782411873340624 8.5644187703728658 6.2098033651709557 5.8061154931783667 6.87966264784336 6.273491207510232 5.7447287812829009
leaf_count=3143 35 39 39 51 46 30 35 35 30
internal_value=1.87963e-06 -0.000340114 -0.0202091 -0.0402895 -0.0182088 0.000574776 0.00010228 -0.000404622 0.000272564
internal_weight=658.568 652.558 28.725 21.5525 12.988 623.833 618.027 611.147 604.873
internal_count=3483 3448 175 136 85 3273 3243 3208 3173
is_linear=0
shrinkage=0.08


Tree=101
num_leaves=10
num_cat=0
split_feature=42 42 33 55 26 6 7 32 7
split_gain=1.2999 2.27678 6.9241 4.13522 1.41531 2.62777 2.15209 5.85265 4.11906
threshold=2811.4161232622141 2775.3301472695825 0.0022362773041698001 0.38796420574360596 8.9057470691923763e-05 0.0026585394460928503 0.0021572131505845004 0.0035640553217792504 0.0016384569933020003
decision_type=2 2 2 2 2 2 2 2 2
left_child=1 4 -3 -4 5 6 8 -8 -1
right_child=-2 2 3 -5 -6 -7 7 -9 -10
leaf_value=-0.00030436091329697054 -0.030010212096405767 0.099032350588203283 -0.060424950043306856 0.030472456395786357 0.034108593551082277 -0.054626907414573093 0.03689262674700982 -0.0065540117295503917 -0.02856515723409685
leaf_weight=499.37832593545318 9.1097918637096864 5.9792519062757519 5.1885073557496062 8.3710136711597425 7.5094945132732382 5.7574122846126548 34.351879477500916 46.98453713953495 35.343315731734037
leaf_count=2624 48 31 29 48 44 29 195 247 188
internal_value=-3.54801e-07 0.000420972 0.0273154 -0.00430915 -0.000414025 -0.000830945 -0.000328191 0.0117954 -0.00217231
internal_weight=657.974 648.864 19.5388 13.5595 629.325 621.815 616.058 81.3364 534.722
internal_count=3483 3435 108 77 3327 3283 3254 442 2812
is_linear=0
shrinkage=0.08


Tree=102
num_leaves=14
num_cat=0
split_feature=21 26 26 24 20 44 42 42 41 21 45 28 15
split_gain=1.27982 3.59507 3.34606 2.18015 3.03278 2.29296 1.57991 2.61642 4.17593 4.20966 4.1085 2.62629 1.53352
threshold=0.0022785186116687003 5.9903439750390608e-05 8.1436254337349437e-05 0.0012588608531186004 -1.0000000180025095e-35 0.65662398816351686 2811.4161232622141 2734.9721085274145 4981.0355257660567 0.0017505744485618502 0.5155037636577765 -0.5163613495269298 0.0024474664458776006
decision_type=2 2 2 2 2 2 2 2 2 2 2 2 2
left_child=1 6 -2 5 -5 12 7 8 9 -1 11 -9 -3
right_child=2 3 -4 4 -6 -7 -8 10 -10 -11 -12 -13 -14
leaf_value=0.0001141004984232036 -0.05530124401782021 0.097890033390089809 0.010733589584856542 -0.038966514372014011 0.036627713791552691 0.0062864605145608529 -0.040237641052205307 0.083279882167067623 -0.053646475687729352 -0.049919923767415886 -0.027585395948221337 0.021799353455127873 0.038529473848044879
leaf_weight=533.96287135779858 9.2033296078443545 5.4846233651042038 10.529703646898268 6.0345429331064224 7.7700383365154249 5.9648667871952048 6.4110382013022891 5.209290005266662 9.7763185016810876 10.983458705246447 9.8486863598227483 30.380128242075447 5.6593581438064575
leaf_count=2819 47 32 57 29 43 31 36 33 57 56 52 161 30
internal_value=8.79089e-07 0.000621994 -0.0200645 0.0272339 0.00358241 0.0463176 -0.000734261 -0.000312278 -0.00182403 -0.000894341 0.0181437 0.0307984 0.0677444
internal_weight=657.218 637.485 19.733 30.9134 13.8046 17.1088 606.572 600.161 554.723 544.946 45.4381 35.5894 11.144
internal_count=3483 3379 104 165 72 93 3214 3178 2932 2875 246 194 62
is_linear=0
shrinkage=0.08


Tree=103
num_leaves=10
num_cat=0
split_feature=15 6 21 42 8 26 16 7 30
split_gain=1.26945 2.10739 1.95975 3.5299 3.96799 2.62166 1.74246 3.14714 2.75376
threshold=-0.0050926787724998495 -0.0024957088437397995 -0.0021277285876340492 2555.4745406341358 0.0017110523842813004 -6.9916584601297316e-05 -0.005323071939601849 -0.0041386698178923495 -1.6434274825320172
decision_type=2 2 2 2 2 2 2 2 2
left_child=-1 -2 3 -3 -5 -4 8 -8 -7
right_child=1 2 5 4 -6 6 7 -9 -10
leaf_value=0.032213818509006481 -0.037295824354113861 0.075431157175400068 -0.041919458549897731 0.040919056416839336 -0.043535340805723285 -0.0030457964224568984 0.061603440619788702 0.00020716071334071326 -0.071119510828818622
leaf_weight=7.7377849891781798 9.7493160590529424 6.1151224896311787 9.6856907494366151 7.9029045999050123 6.4797404855489731 11.858691666275265 5.3925452977418891 585.55029371753335 5.5987515188753596
leaf_count=42 54 33 53 38 32 70 33 3096 32
internal_value=2.12034e-06 -0.000382323 0.000181239 0.0245174 0.00287024 -0.000625829 3.15627e-05 0.000767422 -0.0248776
internal_weight=656.071 648.333 638.584 20.4978 14.3826 618.086 608.4 590.943 17.4574
internal_count=3483 3441 3387 103 70 3284 3231 3129 102
is_linear=0
shrinkage=0.08


Tree=104
num_leaves=13
num_cat=0
split_feature=26 14 12 6 21 26 8 21 27 14 14 48
split_gain=1.22317 2.78755 2.80343 2.45442 2.58407 1.99306 5.87715 3.52984 1.9602 1.89931 1.66237 1.1058
threshold=-8.3857298682565965e-05 -0.0030729900043653994 0.0014682374014967504 -0.0020239901447266996 -0.0019882438888061496 -4.9882204840963854e-05 -0.0025701081188960998 -0.0009408066333414499 0.0027384171540768003 -0.0024923888945965994 -0.0020105347471063993 0.058333333333236058
decision_type=2 2 2 2 2 2 2 2 2 2 2 2
left_child=8 2 -2 9 10 6 -6 -7 -1 -3 -5 -4
right_child=1 3 11 4 5 7 -8 -9 -10 -11 -12 -13
leaf_value=0.0002807211255930119 -0.0081397103845674088 -0.067790470902276079 0.033365390720224125 0.00567510423947277 0.068672302351454273 0.019545150293198185 -0.031634578064763177 -0.0013497007288866966 -0.056916864217574484 -0.0077494335765464955 0.062963713178519787 0.085176158582296241
leaf_weight=9.9767279960215109 6.7301624417305019 5.952268548309803 5.565199136734007 6.1825103983283043 4.2723378762602797 57.670939736068249 29.912660596892238 503.44366269931197 6.2287145853042594 7.7783589810132963 6.8150098100304586 5.0097064971923828
leaf_count=54 38 36 31 31 23 312 175 2646 30 43 35 29
internal_value=1.67548e-06 0.000551851 0.0322224 -0.000329237 0.000425763 -0.000344691 -0.0190985 0.000797856 -0.0217037 -0.0337774 0.0357133 0.05791
internal_weight=655.538 639.333 17.3051 622.028 608.297 595.3 34.185 561.115 16.2054 13.7306 12.9975 10.5749
internal_count=3483 3399 98 3301 3222 3156 198 2958 84 79 66 60
is_linear=0
shrinkage=0.08


Tree=105
num_leaves=31
num_cat=0
split_feature=1 53 53 30 27 29 0 28 27 45 10 54 24 9 9 53 52 8 15 54 21 21 16 9 4 1 41 19 16 16
split_gain=1.21019 3.81388 6.81514 5.4684 5.98418 5.37249 4.88985 4.23816 4.04083 3.89205 3.70852 3.69928 3.64749 3.57328 3.33136 3.00432 3.53614 6.94037 6.741 6.59282 6.64208 6.32997 5.2254 4.64951 4.69751 3.97734 3.9132 3.56076 3.15093 2.75156
threshold=9.7013798368789157 -0.68469262103448958 -0.15466313762660808 0.57727396808829246 0.0027422458825689003 0.37832543820426273 53.479701062882491 -0.4246695942726873 0.0027296341579618505 0.49510069329456824 -0.00021865851788899999 0.16390012123791683 0.0010896859234173003 0.0013953231525946502 0.0014806143797713 -0.90034176163102553 -0.082404016409123731 -0.0026227439351711496 -0.00076981602433779989 0.10661712102420746 -0.00073344101948499992 0.00070508495005625006 -0.0032731003195884492 0.0012327813586607503 1.0000000180025095e-35 -43.421059743872313 4795.9789029481808 1.0000000180025095e-35 -0.00031787317579784995 0.0027149951893939007
decision_type=2 2 2 2 2 2 2 2 2 2 2 2 2 2 2 2 2 2 2 2 2 2 2 2 2 2 2 2 2 2
left_child=15 8 5 6 12 7 9 11 13 -4 -6 -3 -5 -2 -15 -1 17 18 22 21 -21 -19 -17 26 25 -25 -18 -26 -20 -9
right_child=1 2 3 4 10 -7 -8 29 -10 -11 -12 -13 -14 14 -16 16 23 19 28 20 -22 -23 -24 24 27 -27 -28 -29 -30 -31
leaf_value=0.040476579476538987 -0.0011006260610552665 0.025160116652441399 0.038351317591521161 -0.045867133226477563 0.074396549510796564 0.074076947302578577 0.059321859356728457 0.014608654154172165 0.02045259909164537 -0.038957956513529672 0.00049346332267476514 -0.039406179555451483 -0.0091350310890384433 -0.11596634041133289 -0.030784666057330046 -0.00020998402192109558 0.076495415462997166 -0.080176793029622995 -0.010239991156767476 0.059442321082526936 -0.025234214286733642 -0.0013577224343016697 0.062208553874153583 -0.014140446035392334 -0.0098745039542545224 0.0089712702866075727 -0.0065649825799436179 -0.086465503969159682 -0.082198416604147381 -0.062212987501656186
leaf_weight=9.9658836647868139 7.4559328854084077 90.563818722963333 7.3932735174894395 34.263980366289616 5.9764808192849186 11.041571687906979 13.488954976201056 5.2560776323080045 9.0274362340569478 9.5526418201625329 15.925532497465609 6.0591320171952239 34.948630098253489 5.6781820952892286 6.089765265583992 19.3938382640481 9.3346440568566305 23.286494061350822 12.438528038561346 7.3260132223367682 31.08304513245821 9.0575015768408758 15.399390775710343 69.665105309337378 8.8417764622718078 150.83458469808102 5.9402427151799193 6.9292961806058875 5.6697514057159415 6.9027444198727608
leaf_count=50 41 498 41 187 29 63 75 31 49 57 85 34 178 29 35 107 50 122 66 37 161 45 82 376 50 770 30 37 31 37
internal_value=1.74711e-06 0.00411239 0.00736752 -0.00597928 -0.0157863 0.0209066 0.0233804 0.0155097 -0.0236988 -0.00522897 0.0206597 0.0211112 -0.0273194 -0.044432 -0.0718859 -0.00287578 -0.00402729 -0.0151044 0.00681429 -0.0314928 -0.0090833 -0.0581046 0.0274163 0.00141799 -0.00134748 0.00166931 0.0441941 -0.0435261 -0.0327704 -0.0290041
internal_weight=654.79 269.624 241.373 121.549 91.1146 119.823 30.4349 108.782 28.2513 16.9459 21.902 96.623 69.2126 19.2239 11.7679 385.166 375.2 123.655 52.9015 70.7531 38.4091 32.344 34.7932 251.546 236.271 220.5 15.2749 15.7711 18.1083 12.1588
internal_count=3483 1469 1315 652 479 663 173 600 154 98 114 532 365 105 64 2014 1964 651 286 365 198 167 189 1313 1233 1146 80 87 97 68
is_linear=0
shrinkage=0.08


Tree=106
num_leaves=20
num_cat=0
split_feature=3 3 0 24 12 12 53 21 24 54 27 28 12 24 26 3 1 54 24
split_gain=1.3185 4.44307 3.79938 4.08383 4.31202 5.8253 3.89536 3.75031 3.60973 3.57643 3.91461 3.18695 4.37064 2.54852 5.10133 4.11267 2.47948 5.73304 4.22958
threshold=0.0061107042344233009 0.0064286248820618506 30.223670760247952 0.0014613259034814002 0.00094629832830965012 0.00098794144971410037 -0.48331537698212806 -0.0021277285876340492 0.00063546418278735012 0.11405710459956112 0.0026960960473026005 -0.54110767782974023 0.00081480741092540012 0.0008922246257667501 3.7705917904013444e-05 0.007261325944406251 71.279765470309954 0.038961439057807655 0.0010258931714664501
decision_type=2 2 2 2 2 2 2 2 2 2 2 2 2 2 2 2 2 2 2
left_child=2 9 -1 4 11 -6 -5 -7 -3 10 -2 -4 -13 14 15 -10 18 -18 -15
right_child=1 8 3 6 5 7 -8 -9 13 -11 -12 12 -14 16 -16 -17 17 -19 -20
leaf_value=0.053647953151397101 -0.025031909746870484 0.063228121611255295 0.071725718786546752 -0.097809791603583621 -0.073577900827267242 0.06348679622521268 -0.0059165429584654974 -0.0070522117228602171 -0.069283709533539697 0.074170986520136581 0.048121440964931948 -0.019956193789557847 0.036025165312070173 0.032909253785930091 0.041015604692871896 -0.013141842526548047 0.056449180412829376 -0.033169026412303355 0.0013274544637860175
leaf_weight=7.1104113087058058 8.8649116754531914 5.7952436469495288 6.4299435429275027 5.8718867376446724 8.3394345790147764 4.9374935254454604 5.9376799240708333 209.45992830581963 11.286572106182573 9.3414104133844358 9.9210966229438764 16.362538311630487 19.637873940169811 30.989291325211525 8.2122531533241254 32.105238143354654 5.4876703172922126 27.274648174643517 218.46813595667481
leaf_count=38 46 42 34 33 46 25 33 1107 57 54 54 86 110 166 43 181 29 151 1148
internal_value=-7.68729e-07 0.00316161 -0.00409442 -0.00557675 -0.00352673 -0.00797932 -0.0516072 -0.00542772 0.000630993 0.033717 0.0136012 0.019847 0.0105811 -0.000455705 -0.0168023 -0.0277448 0.00253328 -0.018158 0.00525076
internal_weight=651.834 367.746 284.087 276.977 265.167 222.737 11.8096 214.397 339.619 28.1274 18.786 42.4304 36.0004 333.824 51.6041 43.3918 282.22 32.7623 249.457
internal_count=3483 1971 1512 1474 1408 1178 66 1132 1817 154 100 230 196 1775 281 238 1494 180 1314
is_linear=0
shrinkage=0.08


Tree=107
num_leaves=18
num_cat=0
split_feature=53 41 47 27 27 12 31 40 14 27 12 26 24 44 53 21 26
split_gain=1.25357 2.74666 1.38953 3.77319 6.67009 3.84364 2.20765 4.43606 4.25215 4.05335 3.84408 3.1233 2.43476 3.40113 4.38143 3.2813 4.27218
threshold=0.87049386431484821 4707.9108729806148 0.083333333333333315 0.0026649872492755006 0.0027122124798064002 0.0012106929575246503 0.041087381439465706 0.50000000000000011 0.0010010414899737001 0.0027101494818584002 0.0017668031122673501 -2.3519484622582e-05 0.0012861281955363001 0.49518996733130122 -0.24779612012531976 0.0023460283341341505 5.4399981079390706e-05
decision_type=2 2 2 2 2 2 2 2 2 2 2 2 2 2 2 2 2
left_child=2 -2 6 -4 5 -5 7 8 9 -1 11 -9 15 -14 -15 16 -8
right_child=1 -3 3 4 -6 -7 12 10 -10 -11 -12 -13 13 14 -16 -17 -18
leaf_value=0.10772818598403655 0.017110401984467446 -0.060440458110637273 -0.075360269300657742 0.080089779492296509 -0.057422762734131071 -0.0061191655150636326 -0.0055897584526703658 -0.055918195480975895 -0.012118863326927439 0.026359131112469014 0.045318637970699564 0.0010511461891644291 0.050479757681581597 -0.0069695052839830705 0.018829568070685917 -0.063496387105913599 0.030592271809765252
leaf_weight=7.7624599635601061 5.2815777808427793 6.5449321232736111 5.6542248874902752 6.092740513384344 8.4994559064507467 7.2468124553561211 330.33681230060756 7.6880454421043387 6.0888850763440123 7.9113463163375854 10.022556602954863 30.967902652919292 10.861391507089136 96.323236662894487 74.880820285528898 5.8926890790462485 22.295041352510452
leaf_count=45 27 38 31 32 44 39 1767 45 31 42 50 166 56 518 397 30 125
internal_value=6.21738e-07 -0.0258072 0.000478624 -0.0171149 -0.00203491 0.0332561 0.00127024 0.0145915 0.0446168 0.0666572 0.00116805 -0.0102791 -0.000465571 0.00706849 0.00431443 -0.00429151 -0.00330216
internal_weight=650.351 11.8265 638.524 27.4932 21.839 13.3396 611.031 70.4412 21.7627 15.6738 48.6785 38.6559 540.59 182.065 171.204 358.525 352.632
internal_count=3483 65 3418 146 115 71 3272 379 118 87 261 211 2893 971 915 1922 1892
is_linear=0
shrinkage=0.08


Tree=108
num_leaves=11
num_cat=0
split_feature=10 10 10 54 10 8 19 45 6 6
split_gain=1.24057 1.63013 1.59117 5.52754 2.15569 4.11052 3.71544 3.03634 2.45585 1.70337
threshold=-0.0021538100744346996 -0.0019227670892622499 -0.0016440094062591998 0.093212638498958514 -0.00069119092917824991 0.0010694996938565504 1.0000000180025095e-35 0.49474668751051248 -0.0019821308464006994 -0.0016803708430971997
decision_type=2 2 2 2 2 2 2 2 2 2
left_child=-1 -2 3 -3 5 7 -7 -4 -6 -10
right_child=1 2 4 -5 8 6 -8 -9 9 -11
leaf_value=-0.026947704287363317 0.03707477382756226 -0.064951746360019255 0.015884664543899515 0.030715179623444531 -0.049581916372366697 0.049718512547957672 -0.015520437086579065 -0.012762339457751236 0.030808087077152033 -0.0017917165469166017
leaf_weight=10.750330083072184 7.6867465749382964 9.2520120739936811 47.525480607524514 6.63902524113655 6.7758771479129782 24.537547208368782 7.2341137193143359 47.193690396845341 10.486235328018664 471.0590979680419
leaf_count=56 42 47 254 37 39 138 40 254 64 2512
internal_value=2.59704e-06 0.000456434 1.01445e-05 -0.0249836 0.000656158 0.00996371 0.0348642 0.00161134 -0.0017548 -0.00108182
internal_weight=649.14 638.39 630.703 15.891 614.812 126.491 31.7717 94.7192 488.321 481.545
internal_count=3483 3427 3385 84 3301 686 178 508 2615 2576
is_linear=0
shrinkage=0.08


Tree=109
num_leaves=22
num_cat=0
split_feature=26 30 24 36 4 3 29 1 33 24 30 54 14 52 8 14 0 6 54 9 0
split_gain=1.22059 4.37828 3.66167 4.53739 6.60701 3.42606 5.95333 4.11528 3.65638 3.22258 3.01165 4.1141 4.00186 4.09819 6.50537 5.3068 3.51586 4.39471 4.10238 2.64122 2.27886
threshold=-1.6053367517312868e-05 -1.9786009748552569 0.00078188517568455009 1.0000000180025095e-35 1.0000000180025095e-35 0.013955222313910302 0.074016108870022204 -69.973252566025607 -0.0043616141468007996 0.0012884478353998002 -1.7146802074651961 0.072444366873164259 -0.00054043884899539988 -0.038264402755779449 -0.0026227439351711496 -0.0013921525558970498 51.251525639532908 0.00056105544088505012 0.022024539866770252 0.0014614989814499501 25.314371391527455
decision_type=2 2 2 2 2 2 2 2 2 2 2 2 2 2 2 2 2 2 2 2 2
left_child=2 -2 3 4 -1 6 9 -8 -9 20 11 -3 13 14 -12 -15 18 -18 -14 -11 -4
right_child=1 10 5 -5 -6 -7 7 8 -10 19 12 -13 16 15 -16 -17 17 -19 -20 -21 -22
leaf_value=0.05049841474474203 0.063873131349820617 0.01672158250975906 -0.022941176581428434 -0.090948837789650169 -0.071305183046021028 0.049872086419689973 0.075874112471873881 -0.064895454519103252 0.0015631396114967131 0.034473755094703393 0.043525055931617845 -0.074804120988838152 0.054373267598847023 -0.010070962260210026 -0.037745156076071193 0.057798414491025948 0.03134096607656886 0.00054855622873237263 -0.012926438925061028 -0.045243463672295085 -0.089907314788090303
leaf_weight=5.8981754034757632 7.3165111094713202 5.3981946036219579 5.1007443144917515 6.7902359813451758 5.5151969566941261 7.9166508316993704 4.6275873482227317 5.4761722162365905 163.02740513533354 5.0714645683765394 10.994318794459106 7.5243098363280296 6.0475286841392508 10.275960527360438 14.774686820805071 26.103439517319202 36.419056564569473 159.91683217138052 139.8308567032218 5.5941170863807201 8.9745062626898271
leaf_count=31 43 28 31 43 34 43 27 29 878 28 58 38 31 50 77 140 199 856 731 32 56
internal_value=2.38477e-06 0.00252305 -0.00477581 -0.0391668 -0.00835981 -0.00173365 -0.00379834 0.00144728 -0.000596688 -0.0405061 0.00144736 -0.0365705 0.00266232 0.0213377 -0.00307131 0.0386276 -0.000729249 0.00626035 -0.0101365 -0.00733807 -0.0656394
internal_weight=648.594 424.602 223.992 18.2036 11.4134 205.789 197.872 173.131 168.504 24.7408 417.285 12.9225 404.363 62.1484 25.769 36.3794 342.214 196.336 145.878 10.6656 14.0753
internal_count=3483 2251 1232 108 65 1124 1081 934 907 147 2208 66 2142 325 135 190 1817 1055 762 60 87
is_linear=0
shrinkage=0.08


Tree=110
num_leaves=10
num_cat=0
split_feature=26 15 16 42 1 22 16 16 52
split_gain=1.15755 1.83317 1.47504 3.95696 2.70217 2.2584 1.84434 1.83871 1.18757
threshold=-8.9770886790404932e-05 -0.0049270569119649497 -0.005323071939601849 2493.3342962387073 -92.6638509459044 -0.00042589824673239994 -0.0060408832887861993 -0.0039661891150585488 -0.0094300005133982987
decision_type=2 2 2 2 2 2 2 2 2
left_child=-1 -2 3 8 -4 -6 -5 -7 -3
right_child=1 2 4 6 5 7 -8 -9 -10
leaf_value=-0.026142397254214335 0.040677006436558819 -0.029163129024414435 0.059120325839961609 0.03447631588801147 -0.041634630170054365 0.02070823589586809 -0.024867623479705916 -0.00016516121471966256 -0.083633240527644315
leaf_weight=10.66118363663554 7.1643591225147238 5.0004337951540947 5.0335930883884421 7.718531109392643 8.1234229281544668 28.368462935090065 5.9243170544505102 563.58955306559801 5.2524363473057765
leaf_count=56 41 32 31 43 52 146 33 3016 33
internal_value=2.19048e-07 0.000438324 -1.99903e-05 -0.0195149 0.000749857 0.000260235 0.0087066 0.000835157 -0.0570676
internal_weight=646.836 636.175 629.011 23.8957 605.115 600.081 13.6428 591.958 10.2529
internal_count=3483 3427 3386 141 3245 3214 76 3162 65
is_linear=0
shrinkage=0.08


Tree=111
num_leaves=13
num_cat=0
split_feature=46 45 8 53 45 46 41 55 45 42 28 52
split_gain=1.15656 1.56358 4.3179 3.97986 1.87096 1.93135 8.4601 5.74362 3.49216 6.39414 2.26715 1.66941
threshold=0.54762040358821518 0.53761531693299036 0.00095304196109445008 0.11747472922884515 0.53616727145519161 0.50546514847757684 4910.8781909162581 0.31015652997748638 0.52640926196246463 2570.0152281470987 -0.48941727358333553 0.25544261391035733
decision_type=2 2 2 2 2 2 2 2 2 2 2 2
left_child=1 4 3 -3 5 8 7 -7 10 -10 -1 -4
right_child=-2 2 11 -5 -6 6 -8 -9 9 -11 -12 -13
leaf_value=0.0075919534458943599 0.03518550454904059 -0.024933056698019377 -0.084572198560118383 0.054299342858879829 0.046365136882091165 0.04177324909365792 0.10213626333801924 -0.060993786027500281 0.011656259214187392 -0.073632922938305131 -0.0031322205721597335 -0.019873774999664768
leaf_weight=190.36167054250836 5.9238249175250521 10.370279267430311 6.421825770288704 6.6650167703628531 5.6432234644889823 6.8861372061073798 6.2061429992318144 7.0380481332540512 11.079673036932947 11.428404873237012 374.09712459146976 4.236167848110199
leaf_count=1037 35 58 47 39 30 36 30 39 58 67 1976 31
internal_value=-8.00499e-07 -0.000326264 -0.0189199 0.00606642 0.000514089 8.78843e-05 0.0244532 -0.0101709 -0.000747737 -0.0316491 0.000484468 -0.0588569
internal_weight=646.358 640.434 27.6933 17.0353 612.74 607.097 20.1303 13.9242 586.967 22.5081 564.459 10.658
internal_count=3483 3448 175 97 3273 3243 105 75 3138 125 3013 78
is_linear=0
shrinkage=0.08


Tree=112
num_leaves=17
num_cat=0
split_feature=3 3 28 53 54 9 54 54 30 24 24 24 36 26 1 54
split_gain=1.2217 5.84233 3.62873 3.26993 3.06847 2.9401 4.53995 2.85066 5.28639 3.34053 2.25085 2.68912 2.20092 4.22372 3.73812 0.862093
threshold=0.0061919125478436506 0.0064286248820618506 -0.40273638784696991 0.87049386431484821 0.088146470540612573 0.0015513933522957003 0.099341398515369564 0.14885524959902402 1.4605776675247084 0.0010054146654177002 0.00064952897923490011 0.00069488467157995018 1.0000000180025095e-35 -8.3857298682565965e-05 71.279765470309954 0.11218317368513582
decision_type=2 2 2 2 2 2 2 2 2 2 2 2 2 2 2 2
left_child=2 4 3 5 -2 7 -7 9 -9 -1 -3 -12 14 -14 -13 -6
right_child=1 10 -4 -5 15 6 -8 8 -10 -11 11 12 13 -15 -16 -17
leaf_value=0.0019849765510636963 0.010215144064943411 0.043301494674589484 -0.061653087129044402 -0.057634584151273476 0.051635681796362499 0.070535987340180836 -0.015031192163275559 0.031737810819155506 -0.051799585575538674 -0.017724280579065891 -0.054845600013999692 -0.0015593472005695334 -0.059505858219321292 0.011624396629802627 -0.042594631784670794 0.096296161772941175
leaf_weight=127.74152598157525 8.9147487282753008 7.7310803122818461 6.7912507355213156 6.7149684838950625 5.7102601230144483 8.8361593596637267 7.20363014191389 29.42107461579144 5.8046916499733916 96.700006395578384 5.6987568363547316 176.35801570862532 5.5807503312826148 125.28658718243241 15.452373843640087 5.3653738871216774
leaf_count=678 49 55 43 39 29 48 38 172 29 507 31 933 32 676 90 34
internal_value=-3.28668e-06 0.00313369 -0.00386574 -0.00247615 0.0451509 -0.00113275 0.0321069 -0.00318598 0.0179721 -0.0065067 0.000634671 -0.000369849 0.000592238 0.00859109 -0.00486518 0.0732706
internal_weight=645.311 356.098 289.213 282.422 19.9904 275.707 16.0398 259.667 35.2258 224.442 336.108 328.376 322.678 130.867 191.81 11.0756
internal_count=3483 1929 1554 1511 112 1472 86 1386 201 1185 1817 1762 1731 708 1023 63
is_linear=0
shrinkage=0.08


Tree=113
num_leaves=23
num_cat=0
split_feature=16 44 54 10 24 24 52 3 28 26 1 53 3 1 24 53 55 9 44 29 27 8
split_gain=1.11406 4.31759 5.42763 3.37547 3.04706 5.081 5.39283 5.01973 7.48097 2.95053 2.82299 3.19602 7.71673 6.64745 6.1043 4.53538 3.00126 5.31628 4.82883 4.17708 3.46845 2.62444
threshold=0.0043893673477723508 0.52299286633183151 0.041374638520381105 0.00029070230351430006 0.0011751115071897001 0.0014287748764993003 0.057220684514070454 0.007983478866588253 -0.47832705616621624 8.1436254337349437e-05 9.7013798368789157 -0.15466313762660808 0.0052587845159875008 70.161946436717713 0.00096351053806455016 -0.69621367052093397 0.11231495453616443 0.0012388734281227002 0.85367281995354527 0.31606797973518824 0.0026649872492755006 0.0032372787061503007
decision_type=2 2 2 2 2 2 2 2 2 2 2 2 2 2 2 2 2 2 2 2 2 2
left_child=9 3 -3 -2 7 -6 -7 -4 -9 10 16 12 21 14 -13 -14 17 -1 20 -19 -18 -12
right_child=1 2 4 -5 5 6 -8 8 -10 -11 11 13 15 -15 -16 -17 18 19 -20 -21 -22 -23
leaf_value=0.068861412810165543 -0.097577586913811062 0.068063281817669671 0.075210118441034868 -0.014541426527656791 -0.080254167571572971 -0.059347107799308775 0.042212293135785332 -0.080872957752968558 0.032639948534097268 0.053066750832814827 0.075762066841792527 -0.025440164370695812 -0.032714922742553956 -0.088569829031195813 0.018078434104482677 0.01524590643129326 -0.020484908512935576 -0.0062930890120218635 0.062643664611933658 -0.051470115372033075 0.001761352319792836 0.013264696008452787
leaf_weight=3.9507765173912039 5.6916448697447759 6.5926749259233466 5.7969558611512211 6.9699715450406075 8.2768325358629244 5.8111527785658819 7.8888906389474869 6.1237214915454379 9.4495765194296819 6.9065330624580374 16.463053259998564 32.022368285804987 15.41471256315708 5.427790939807891 57.975643254816532 69.573129009455442 54.513664335012436 28.089478135108948 7.5345080792903891 24.543000865727663 253.13247789442539 5.8206224367022505
leaf_count=21 29 38 29 37 44 34 39 36 52 38 101 180 85 32 314 388 290 143 40 127 1352 34
internal_value=-2.53828e-06 -0.0101427 0.000436161 -0.0518678 -0.00984926 -0.0307649 -0.000866198 0.0116601 -0.0119955 0.00108935 0.000464447 0.00805938 0.017534 -0.00259137 0.002594 0.00654699 -0.00367655 -0.0206412 -0.000630948 -0.0273595 -0.0021806 0.0594374
internal_weight=643.969 62.6014 49.9398 12.6616 43.3471 21.9769 13.7 21.3703 15.5733 581.368 574.461 202.697 107.272 95.4258 89.998 84.9878 371.764 56.5833 315.181 52.6325 307.646 22.2837
internal_count=3483 338 272 66 234 117 73 117 88 3145 3107 1134 608 526 494 473 1973 291 1682 270 1642 135
is_linear=0
shrinkage=0.08


Tree=114
num_leaves=20
num_cat=0
split_feature=41 8 53 44 16 55 15 54 45 44 3 27 8 1 1 44 48 26 44
split_gain=1.11048 6.11885 5.46168 3.08504 2.95835 3.4445 3.26433 2.81963 4.05815 2.70398 3.25438 2.97466 2.77169 4.86839 3.83655 2.62044 2.591 2.20402 1.4443
threshold=4482.4559157199992 0.0033696601148760007 0.23101544928409659 0.33984559180066315 0.00058015627363160009 0.11231495453616443 -0.0023188506262127994 0.14248227025587656 0.5091780210881206 0.41061858469176843 0.0045839630834310511 0.0027067406703697003 0.0065746027394161513 69.228441265458983 62.07722248739811 0.61771183413921216 0.091666666666513866 2.8822621035191168e-05 0.7084918056537951
decision_type=2 2 2 2 2 2 2 2 2 2 2 2 2 2 2 2 2 2 2
left_child=1 2 4 -2 5 -1 -7 8 -3 10 -5 -12 13 14 -11 -14 -15 -6 -17
right_child=3 7 -4 9 17 6 -8 -9 -10 12 11 -13 15 16 -16 18 -18 -19 -20
leaf_value=-0.032119685270521371 0.047196110488237929 -0.071775216428502694 -0.040512843655558947 0.030317502444564041 0.091716714083394879 0.00012020334396085898 0.057463648538722045 0.025281821587744051 0.0086218518599913609 -0.0017362275981691888 -0.080317508200995549 -0.01338041055899359 -0.007931964599775302 -0.094154710776650566 0.044316652433331945 0.070554431269686829 -0.024027110697769753 0.025609649453564944 0.018243057316354658
leaf_weight=6.3039634227752677 8.2997519671916944 10.733553372323518 7.2839409932494155 4.5587092936038998 8.1490992680191976 10.834196530282496 15.362004365772011 5.2583757266402236 6.4224367141723624 486.19753813743591 8.2384923249483126 8.7742815166711789 8.6114354170858878 4.8934012390673152 11.859687339514492 7.9374859407544118 10.844161596149204 5.3447355180978766 5.8803019821643829
leaf_count=32 50 59 43 28 44 68 90 31 34 2589 46 48 55 26 61 48 67 33 31
internal_value=-2.1146e-06 0.00909844 0.0238517 -0.00121894 0.0340449 0.0209715 0.0337476 -0.0259694 -0.0416781 -0.00193934 -0.0297101 -0.0457949 -0.000822165 -0.00202388 -0.000639621 0.026706 -0.0458324 0.0655326 0.0482928
internal_weight=641.788 75.6923 53.2779 566.095 45.994 32.5002 26.1962 22.4144 17.156 557.795 21.5715 17.0128 536.224 513.795 498.057 22.4292 15.7376 13.4938 13.8178
internal_count=3483 434 310 3049 267 190 158 124 93 2999 122 94 2877 2743 2650 134 93 77 79
is_linear=0
shrinkage=0.08


Tree=115
num_leaves=31
num_cat=0
split_feature=12 12 45 41 8 26 26 21 52 37 21 27 44 15 49 15 14 41 42 33 9 27 42 27 22 52 26 45 27 21
split_gain=1.12762 8.21979 6.81045 2.80308 3.14719 4.62615 3.11636 7.16892 5.79586 4.33915 3.79489 3.81422 3.52806 2.77866 7.83115 3.85301 3.28036 4.95244 5.91875 4.70116 3.40353 3.33737 2.88985 2.66635 2.54643 2.28396 2.20655 2.08621 1.7229 1.60754
threshold=0.0013912366522395503 0.0013016730956568001 0.494307331317481 4511.1521583188105 0.00089173702245895015 -4.301380885927693e-05 4.6514013843448898e-05 0.0018569751641768003 -0.42472313180093535 1.0000000180025095e-35 0.0011581141554013502 0.0026900875357094003 0.56348140532027802 -0.0020682425494093497 0.021666666666666654 -0.0027426806256429497 0.00013605512813845002 4570.5437506880144 2513.2679925767738 0.0029626909973429006 0.0013583030903613002 0.0027087876323850005 2450.2954524358215 0.0026481306137291507 -0.00018835898932314997 0.070507558988894173 -2.4428772812410407e-05 0.49585505812314407 0.0027045844954072004 0.0013019608520118502
decision_type=2 2 2 2 2 2 2 2 2 2 2 2 2 2 2 2 2 2 2 2 2 2 2 2 2 2 2 2 2 2
left_child=1 13 26 4 5 -2 8 29 -5 12 23 -12 -9 14 15 22 19 20 -19 21 -18 -15 -1 -10 -17 -7 -3 -6 -16 -8
right_child=3 2 -4 6 27 25 7 9 10 -11 11 -13 -14 16 28 24 17 18 -20 -21 -22 -23 -24 -25 -26 -27 -28 -29 -30 -31
leaf_value=-0.068360956722574709 -0.012972248208431725 -0.044107893251076481 -0.06637526500662283 0.072958322575800316 -0.027930493794202094 0.035150140449946722 0.088700185834238207 -0.079807710801188453 -0.040171662980927197 0.032134218045276046 -0.092391238293774741 -0.01144576892638473 -0.0016567242014991223 0.020291867214418068 0.0026950390578182634 -0.022454780505932699 0.062670293745357736 -0.098507659904781344 -0.0074959851609196718 0.070191471890200599 0.0045668094565364569 -0.0079094490897723795 0.0038900955949676321 -0.00044296782579296098 -0.089415092695413936 0.096320243745385239 0.018365854120204372 0.022993149151650804 0.0628456715800145 0.039626874231356711
leaf_weight=4.5618301331996909 6.5503058433532741 5.1052077338099506 22.450155708938837 6.0968723632395259 9.3254445455968398 7.480144388973712 5.9491186439991024 6.7667625844478616 11.551355607807634 9.4682500064373016 6.2706780582666388 9.1795348450541479 8.1493138670921308 71.765121400356293 5.1735860705375654 5.7245439067482939 10.376395195722582 4.7802819013595572 105.54464560747147 8.8695064447820169 17.06073372066021 42.916688792407513 15.863207830116151 168.8188428580761 9.9567862153053301 8.1769632883369905 12.422633767127989 11.495599858462809 7.4164002686738968 15.156094081699846
leaf_count=29 38 30 125 33 55 45 34 34 59 53 33 49 40 393 30 30 56 28 575 49 91 229 89 905 55 45 69 59 40 83
internal_value=-9.42018e-07 -0.00305893 -0.0371995 0.00368408 0.0225297 0.0434793 0.000406484 0.0193229 -0.00385516 -0.0102232 -0.00624675 -0.0442986 -0.0371104 0.00134374 -0.0162012 -0.0351454 0.00461329 -0.00387516 -0.0114394 0.0140781 0.0265409 0.00973826 -0.0122468 -0.00298729 -0.0649709 0.0670964 0.000169577 0.000185186 0.0381281 0.0534596
internal_weight=640.423 349.988 39.978 290.435 43.0285 22.2074 247.407 45.4895 201.917 24.3843 195.82 15.4502 14.9161 310.01 48.6964 36.1064 261.313 137.762 110.325 123.551 27.4371 114.682 20.425 180.37 15.6813 15.6571 17.5278 20.821 12.59 21.1052
internal_count=3483 1918 224 1565 242 128 1323 244 1079 127 1046 82 74 1694 273 203 1421 750 603 671 147 622 118 964 85 90 99 114 70 117
is_linear=0
shrinkage=0.08


Tree=116
num_leaves=23
num_cat=0
split_feature=6 6 44 27 52 6 15 8 13 52 44 12 29 1 35 16 9 14 26 27 12 27
split_gain=1.0647 1.65847 4.38346 3.46168 3.93069 2.85878 4.54695 3.73961 2.83405 2.93378 2.57494 3.96222 4.18829 6.17776 4.07534 3.60308 3.58935 2.96984 2.78749 2.35338 2.02334 1.83629
threshold=0.0029072752643256004 0.0012705872613951502 0.52299286633183151 0.0027332849631835003 -0.097851799965487041 0.0016540651073358003 0.0023988183719642004 0.0034502409990574004 0.00036843977177465008 -0.16455771647992257 0.49948484780151781 0.0015949917025225501 0.31606797973518824 6.923229415580864 1.0000000180025095e-35 0.0029321834521207507 0.0017005614839771502 -0.00049000786967099991 -2.3098874878545109e-05 0.0027710161706333007 0.0016648853588754002 0.0026895444312121006
decision_type=2 2 2 2 2 2 2 2 2 2 2 2 2 2 2 2 2 2 2 2 2 2
left_child=1 10 3 4 -3 8 -7 -8 -4 -10 11 12 15 -14 21 -1 17 19 -19 -12 -6 -13
right_child=-2 2 5 -5 20 6 7 -9 9 -11 16 14 13 -15 -16 -17 -18 18 -20 -21 -22 -23
leaf_value=0.024893036071795011 -0.030485311892964887 0.017187093963562432 0.075371457717547413 0.031125913629523452 -0.096517412012753351 0.070113564478214999 -0.03697276096865585 0.016026784350012278 0.065932253487788195 5.8650977638172324e-05 0.00072344804889955662 0.084731666192658969 -0.050715988212170757 0.031468986018394297 -0.0092980464848374748 -0.039273192614620075 -0.067684321252099264 -0.031944868174426162 -0.0059514408135805386 0.027326792417621055 -0.031815539213083548 0.034105619668413405
leaf_weight=38.117997195571661 7.2489641532301894 5.8603432103991553 9.4683871679008025 6.5095519647002211 5.8500031530857086 6.2115053832530966 13.679891653358935 22.591358378529549 6.4900002926588103 12.982757557183501 175.0527012348175 8.5477786734700221 18.33281479775906 8.5994351841509324 8.5308970063924807 6.5653176605701438 5.5963981747627249 30.396669253706932 201.00538969784975 24.226630382239819 6.5640881210565567 9.8915580697357637
leaf_count=209 39 33 52 38 31 35 69 124 39 72 960 45 103 51 48 35 36 171 1072 128 34 59
internal_value=-3.58741e-07 0.000349814 0.0100197 -0.0189691 -0.0368134 0.0200787 0.00686853 -0.00396227 0.03947 0.0220134 -0.00138954 0.0102873 0.00044516 -0.0244744 0.0364218 0.0154651 -0.00402817 -0.003201 -0.0093659 0.00395765 -0.0623056 0.0575739
internal_weight=638.32 631.071 96.2079 24.784 18.2744 71.4239 42.4828 36.2713 28.9411 19.4728 534.864 98.5858 71.6156 26.9322 26.9702 44.6833 436.278 430.681 231.402 199.279 12.4141 18.4393
internal_count=3483 3444 527 136 98 391 228 193 163 111 2917 550 398 154 152 244 2367 2331 1243 1088 65 104
is_linear=0
shrinkage=0.08


Tree=117
num_leaves=21
num_cat=0
split_feature=26 21 46 44 28 9 21 16 21 2 15 21 8 0 42 8 44 21 21 52
split_gain=1.05735 3.67048 2.90382 3.66258 3.1725 5.32715 2.46193 6.34134 6.16961 4.55514 3.97044 3.79782 3.30254 2.7791 3.88738 2.71368 2.60321 3.47708 2.56502 1.87552
threshold=3.1715194760804263e-05 0.00060635772531655006 0.51710538252312255 0.81244560511485553 -0.40844440327842413 0.0015929401261867003 0.00015104690195010003 -0.0012766088453835499 8.3996684310379372e-05 0.30741200186606238 0.00061804006704400006 4.1780854767188226e-05 -0.0020493811202345496 79.757029986373865 2680.6131750502504 -0.0010909643790104997 0.67462717909054448 0.00042690224796255002 0.00043662197239155003 -0.0058467511068301488
decision_type=2 2 2 2 2 2 2 2 2 2 2 2 2 2 2 2 2 2 2 2
left_child=6 -2 3 4 5 -3 8 10 11 -9 16 13 -11 14 -1 -14 17 -8 -18 -10
right_child=1 2 -4 -5 -6 -7 7 9 19 12 -12 -13 15 -15 -16 -17 18 -19 -20 -21
leaf_value=0.0034632337498194388 0.058911126142958306 0.004239295068183397 0.05388671303801558 -0.053681672651716847 0.054284089451498242 -0.073711290961309656 -0.083208788161149516 0.066974896966456671 0.024262399833050091 -0.05388315360878055 -0.099258496158190254 -0.048357866335188571 0.043457151871879728 0.051626872267507853 -0.023506822501010719 -0.0052423287607452265 0.042988713198208954 -0.0041370938878022906 -0.033466326412921403 0.082327069556918001
leaf_weight=272.1089126970619 7.9077475592494002 114.93825773335993 6.8120956756174555 7.5780607983469954 7.4324487745761862 5.8989127129316321 8.5770948901772517 5.8783749863505355 7.0887260809540749 8.2804211452603322 6.2211792543530455 10.222305592149494 7.9754532650113097 6.8391720801591864 39.121251355856657 89.518073666840792 5.0670197904109937 6.0837619081139556 6.3004058301448822 7.1524968780577165
leaf_count=1492 50 605 39 42 38 29 43 28 41 45 35 56 45 38 233 486 27 34 36 41
internal_value=-2.62658e-07 0.00585808 0.00291731 0.000361445 0.00355427 0.000433978 -0.00181361 -0.0105944 0.0018753 -0.00156884 -0.0418423 -0.000360909 -0.00537815 0.00118165 7.31306e-05 -0.00125847 -0.0281189 -0.0503967 0.000613439 0.0534247
internal_weight=637.002 150.568 142.66 135.848 128.27 120.837 486.435 143.902 342.533 111.652 32.2495 328.292 105.774 318.069 311.23 97.4935 26.0283 14.6609 11.3674 14.2412
internal_count=3483 803 753 714 672 634 2680 779 1901 604 175 1819 576 1763 1725 531 140 77 63 82
is_linear=0
shrinkage=0.08


Tree=118
num_leaves=24
num_cat=0
split_feature=16 27 53 24 54 22 27 37 26 1 45 21 53 29 24 15 26 45 26 47 30 26 21
split_gain=1.11373 3.30636 3.69878 3.62168 3.85575 3.8545 3.55688 2.98294 2.55595 2.22465 3.13007 4.17128 3.13722 5.18537 3.93193 2.47765 4.96125 4.25931 3.6034 5.67102 5.17168 2.27871 2.00112
threshold=0.0043893673477723508 0.0027513034629045004 -1.0000000180025095e-35 0.0011490660486884502 0.084507205934575017 0.00039980702408515007 0.0027909195127080004 1.0000000180025095e-35 8.1436254337349437e-05 9.7013798368789157 0.46391574959856502 0.00061708939934910004 -0.15466313762660808 0.40886110838415241 0.00078188517568455009 0.00061804006704400006 1.7376624609963826e-05 0.50440004279797135 -2.9327107690813494e-06 1.0000000180025095e-35 -0.30354904353338402 -5.4401524373829443e-05 0.00066924153665040011
decision_type=2 2 2 2 2 2 2 2 2 2 2 2 2 2 2 2 2 2 2 2 2 2 2
left_child=8 2 3 5 -5 -2 -3 -7 9 15 11 21 13 -12 -14 18 22 -18 20 -20 -1 -11 -17
right_child=1 6 -4 4 -6 7 -8 -9 -10 10 12 -13 14 -15 -16 16 17 -19 19 -21 -22 -23 -24
leaf_value=-0.0032843724543403213 0.061648423330327752 0.050682059582074536 -0.065574627501791161 0.020319717988387248 -0.065509271443808262 0.027594138839577696 -0.021828772621437377 -0.053790737011732828 0.050167397774761195 0.018049350725837091 0.0078536939625949709 -0.024883422198080912 -0.053155718611525467 0.072161675106690776 -0.0008248589401497246 -0.035334041620639967 0.0084754476210415399 -0.033078686854234325 -0.018837380241627691 0.021430243302430201 -0.059176516955452327 0.07928305760128275 -0.09416507590946753
leaf_weight=148.83452866598964 6.8989196456968811 9.9108694046735781 9.7213715426623803 4.9146824851632109 10.520559601485727 5.646952807903288 7.6880783289670935 5.8872027173638344 6.712789073586463 6.2937276437878653 83.040947757661343 5.4436148628592482 10.460570298135279 8.8831573948264104 75.596266478300095 13.039941880851986 47.816496022045612 23.567512422800064 30.041807871311903 87.806624084711075 11.407277874648569 10.181464806199074 5.1663955375552169
leaf_count=815 37 56 54 27 57 31 41 35 38 33 466 33 60 54 408 71 245 124 162 461 62 80 33
internal_value=-8.91993e-07 -0.0102612 -0.0220775 -0.00959232 -0.0381808 0.0143467 0.0190058 -0.0139459 0.0010923 0.000511891 0.00730449 0.0358304 0.00379145 0.0140681 -0.00718589 -0.00318109 -0.0147512 -0.0052437 0.00054636 0.0111653 -0.00726322 0.055891 -0.0520285
internal_weight=635.482 61.1886 43.5897 33.8683 15.4352 18.4331 17.5989 11.5342 574.293 567.58 199.9 21.9188 177.981 91.9241 86.0568 367.681 89.5903 71.384 278.09 117.848 160.242 16.4752 18.2063
internal_count=3483 338 241 187 84 103 97 66 3145 3107 1134 146 988 520 468 1973 473 369 1500 623 877 113 104
is_linear=0
shrinkage=0.08


Tree=119
num_leaves=18
num_cat=0
split_feature=10 10 1 54 12 54 42 55 41 2 29 6 14 14 6 21 42
split_gain=1.02288 1.32896 2.51921 3.33019 2.77624 4.96549 2.76752 4.72238 2.72852 3.26792 2.25357 2.02901 3.24888 1.92005 5.67542 2.01394 1.33158
threshold=-0.0022663959068515995 -0.00069119092917824991 29.611877892279157 0.053667605973092759 0.0012880397169310002 0.094359705890370016 2624.8560496484429 0.15817255480321138 4470.6393384612957 -0.070117316647858086 0.30826295548016569 -0.0019821308464006994 -0.0025302923457911995 -0.0014241773321656997 -0.00042000900175774998 -0.00034381298755009994 2649.3284265970437
decision_type=2 2 2 2 2 2 2 2 2 2 2 2 2 2 2 2 2
left_child=-1 2 6 -4 -5 -6 8 -8 10 -10 -2 -3 -13 14 -14 -15 -9
right_child=1 11 3 4 5 -7 7 16 9 -11 -12 12 13 15 -16 -17 -18
leaf_value=-0.029147161895951554 0.060249767946338628 -0.046043460557305675 0.086271169757380764 0.058766540184689145 -0.065920123535133837 0.025007851562663778 -0.031440022843064838 0.084309549645318019 0.047886208976075109 -0.013255710925490343 -0.0071365371722317593 0.047746547828040858 -0.003019833015887543 0.01065869724778455 -0.076959892409046007 -0.0031798147759549908 0.033408220499495517
leaf_weight=7.6132166385650626 7.1982453614473325 6.5162713751196852 5.0980051383376148 6.9953906498849419 5.3087568283081081 13.927665818482636 5.7164900861680534 5.7920858263969404 6.0165274385362855 79.789034955203533 5.684433750808239 8.5579112321138364 30.966608015820384 84.054588425904512 8.4586046747863275 337.76128710061312 7.6117311269044876
leaf_count=42 46 39 26 42 31 77 34 31 33 436 30 48 168 473 44 1843 40
internal_value=-3.08438e-07 0.000354476 0.00694471 0.0271069 0.0156086 -8.59259e-05 0.00158282 0.0294397 -0.0038143 -0.00896855 0.0305158 -0.00170898 -0.00109405 -0.00200024 -0.0188835 -0.000422236 0.0554038
internal_weight=633.067 625.454 149.138 31.3298 26.2318 19.2364 117.809 19.1203 98.6882 85.8056 12.8827 476.315 469.799 461.241 39.4252 421.816 13.4038
internal_count=3483 3441 826 176 150 108 650 105 545 469 76 2615 2576 2528 212 2316 71
is_linear=0
shrinkage=0.08


end of trees

feature_importances:
Column_26=232
Column_21=216
Column_53=123
Column_24=122
Column_3=105
Column_45=102
Column_54=97
Column_41=89
Column_27=86
Column_44=85
Column_52=76
Column_14=75
Column_42=73
Column_28=71
Column_1=66
Column_16=61
Column_8=58
Column_9=55
Column_10=53
Column_12=53
Column_29=47
Column_15=44
Column_0=42
Column_6=38
Column_2=37
Column_22=35
Column_30=30
Column_55=30
Column_48=29
Column_46=27
Column_7=26
Column_33=21
Column_31=19
Column_20=15
Column_32=14
Column_47=13
Column_37=11
Column_36=10
Column_4=7
Column_13=7
Column_19=7
Column_40=6
Column_35=5
Column_39=4
Column_5=2
Column_49=2
Column_38=1

parameters:
[boosting: gbdt]
[objective: binary]
[metric: binary_logloss]
[tree_learner: serial]
[device_type: cpu]
[data_sample_strategy: bagging]
[data: ]
[valid: ]
[num_iterations: 120]
[learning_rate: 0.08]
[num_leaves: 31]
[num_threads: 1]
[seed: 42]
[deterministic: 0]
[force_col_wise: 0]
[force_row_wise: 0]
[histogram_pool_size: -1]
[max_depth: 6]
[min_data_in_leaf: 30]
[min_sum_hessian_in_leaf: 0.001]
[bagging_fraction: 0.8]
[pos_bagging_fraction: 1]
[neg_bagging_fraction: 1]
[bagging_freq: 0]
[bagging_seed: 400]
[bagging_by_query: 0]
[feature_fraction: 0.8]
[feature_fraction_bynode: 1]
[feature_fraction_seed: 30056]
[extra_trees: 0]
[extra_seed: 12879]
[early_stopping_round: 0]
[early_stopping_min_delta: 0]
[first_metric_only: 0]
[max_delta_step: 0]
[lambda_l1: 0]
[lambda_l2: 0]
[linear_lambda: 0]
[min_gain_to_split: 0]
[drop_rate: 0.1]
[max_drop: 50]
[skip_drop: 0.5]
[xgboost_dart_mode: 0]
[uniform_drop: 0]
[drop_seed: 17869]
[top_rate: 0.2]
[other_rate: 0.1]
[min_data_per_group: 100]
[max_cat_threshold: 32]
[cat_l2: 10]
[cat_smooth: 10]
[max_cat_to_onehot: 4]
[top_k: 20]
[monotone_constraints: ]
[monotone_constraints_method: basic]
[monotone_penalty: 0]
[feature_contri: ]
[forcedsplits_filename: ]
[refit_decay_rate: 0.9]
[cegb_tradeoff: 1]
[cegb_penalty_split: 0]
[cegb_penalty_feature_lazy: ]
[cegb_penalty_feature_coupled: ]
[path_smooth: 0]
[interaction_constraints: ]
[verbosity: -1]
[saved_feature_importance_type: 0]
[use_quantized_grad: 0]
[num_grad_quant_bins: 4]
[quant_train_renew_leaf: 0]
[stochastic_rounding: 1]
[linear_tree: 0]
[max_bin: 255]
[max_bin_by_feature: ]
[min_data_in_bin: 3]
[bin_construct_sample_cnt: 200000]
[data_random_seed: 175]
[is_enable_sparse: 1]
[enable_bundle: 1]
[use_missing: 1]
[zero_as_missing: 0]
[feature_pre_filter: 1]
[pre_partition: 0]
[two_round: 0]
[header: 0]
[label_column: ]
[weight_column: ]
[group_column: ]
[ignore_column: ]
[categorical_feature: ]
[forcedbins_filename: ]
[precise_float_parser: 0]
[parser_config_file: ]
[objective_seed: 16083]
[num_class: 1]
[is_unbalance: 0]
[scale_pos_weight: 1]
[sigmoid: 1]
[boost_from_average: 1]
[reg_sqrt: 0]
[alpha: 0.9]
[fair_c: 1]
[poisson_max_delta_step: 0.7]
[tweedie_variance_power: 1.5]
[lambdarank_truncation_level: 30]
[lambdarank_norm: 1]
[label_gain: ]
[lambdarank_position_bias_regularization: 0]
[eval_at: ]
[multi_error_top_k: 1]
[auc_mu_weights: ]
[num_machines: 1]
[local_listen_port: 12400]
[time_out: 120]
[machine_list_filename: ]
[machines: ]
[gpu_platform_id: -1]
[gpu_device_id: -1]
[gpu_use_dp: 0]
[num_gpu: 1]

end of parameters

pandas_categorical:null
